Calling target program-options parser
[02:39:07.326] [bmv2] [D] [thread 10347] Set default default entry for table 'tbl_qos198': qos198 - 
[02:39:07.345] [bmv2] [D] [thread 10347] Set default default entry for table 'tbl_qos200': qos200 - 
[02:39:07.345] [bmv2] [D] [thread 10347] Set default default entry for table 'tbl_qos202': qos202 - 
[02:39:07.345] [bmv2] [D] [thread 10347] Set default default entry for table 'tbl_qos208': qos208 - 
[02:39:07.345] [bmv2] [D] [thread 10347] Set default default entry for table 'MyIngress.ipv4_lpm': NoAction - 
[02:39:07.350] [bmv2] [D] [thread 10347] Set default default entry for table 'tbl_qos229': qos229 - 
[02:39:07.350] [bmv2] [D] [thread 10347] Set default default entry for table 'tbl_qos231': qos231 - 
[02:39:07.350] [bmv2] [D] [thread 10347] Set default default entry for table 'tbl_qos233': qos233 - 
Adding interface s3-eth1 as port 1
[02:39:07.351] [bmv2] [D] [thread 10347] Adding interface s3-eth1 as port 1
Adding interface s3-eth2 as port 2
[02:39:07.364] [bmv2] [D] [thread 10347] Adding interface s3-eth2 as port 2
Adding interface s3-eth3 as port 3
[02:39:07.369] [bmv2] [D] [thread 10347] Adding interface s3-eth3 as port 3
Server listening on 0.0.0.0:50053
[02:39:07.376] [bmv2] [I] [thread 10347] Starting Thrift server on port 9092
[02:39:07.384] [bmv2] [I] [thread 10347] Thrift server was started
[02:39:09.356] [bmv2] [W] [thread 10403] [P4Runtime] p4::tmp::P4DeviceConfig is deprecated
[02:39:09.368] [bmv2] [D] [thread 10403] Set default default entry for table 'tbl_qos198': qos198 - 
[02:39:09.369] [bmv2] [D] [thread 10403] Set default default entry for table 'tbl_qos200': qos200 - 
[02:39:09.369] [bmv2] [D] [thread 10403] Set default default entry for table 'tbl_qos202': qos202 - 
[02:39:09.369] [bmv2] [D] [thread 10403] Set default default entry for table 'tbl_qos208': qos208 - 
[02:39:09.369] [bmv2] [D] [thread 10403] Set default default entry for table 'MyIngress.ipv4_lpm': NoAction - 
[02:39:09.377] [bmv2] [D] [thread 10403] Set default default entry for table 'tbl_qos229': qos229 - 
[02:39:09.377] [bmv2] [D] [thread 10403] Set default default entry for table 'tbl_qos231': qos231 - 
[02:39:09.377] [bmv2] [D] [thread 10403] Set default default entry for table 'tbl_qos233': qos233 - 
[02:39:09.383] [bmv2] [D] [thread 10403] simple_switch target has been notified of a config swap
[02:39:09.391] [bmv2] [D] [thread 10404] Entry 0 added to table 'MyIngress.ipv4_lpm'
[02:39:09.392] [bmv2] [D] [thread 10404] Dumping entry 0
Match key:
* hdr.ipv4.dstAddr    : LPM       0a000303/32
Action entry: MyIngress.ipv4_forward - 80000000303,1,

[02:39:09.398] [bmv2] [D] [thread 10403] Entry 1 added to table 'MyIngress.ipv4_lpm'
[02:39:09.399] [bmv2] [D] [thread 10403] Dumping entry 1
Match key:
* hdr.ipv4.dstAddr    : LPM       0a000100/24
Action entry: MyIngress.ipv4_forward - 80000000100,2,

[02:39:09.404] [bmv2] [D] [thread 10404] Entry 2 added to table 'MyIngress.ipv4_lpm'
[02:39:09.404] [bmv2] [D] [thread 10404] Dumping entry 2
Match key:
* hdr.ipv4.dstAddr    : LPM       0a000200/24
Action entry: MyIngress.ipv4_forward - 80000000200,3,

[02:39:09.805] [bmv2] [D] [thread 10357] [0.0] [cxt 0] Processing packet received on port 1
[02:39:09.805] [bmv2] [D] [thread 10357] [0.0] [cxt 0] Parser 'parser': start
[02:39:09.806] [bmv2] [D] [thread 10357] [0.0] [cxt 0] Parser 'parser' entering state 'start'
[02:39:09.806] [bmv2] [D] [thread 10357] [0.0] [cxt 0] Extracting header 'ethernet'
[02:39:09.810] [bmv2] [D] [thread 10357] [0.0] [cxt 0] Parser state 'start': key is 86dd
[02:39:09.810] [bmv2] [T] [thread 10357] [0.0] [cxt 0] Bytes parsed: 14
[02:39:09.811] [bmv2] [D] [thread 10357] [0.0] [cxt 0] Parser 'parser': end
[02:39:09.811] [bmv2] [D] [thread 10357] [0.0] [cxt 0] Pipeline 'ingress': start
[02:39:09.811] [bmv2] [T] [thread 10357] [0.0] [cxt 0] qos.p4(197) Condition "hdr.vlan.pcp == 7" (node_2) is false
[02:39:09.811] [bmv2] [T] [thread 10357] [0.0] [cxt 0] qos.p4(199) Condition "hdr.vlan.pcp >= 4" (node_4) is false
[02:39:09.811] [bmv2] [T] [thread 10357] [0.0] [cxt 0] Applying table 'tbl_qos202'
[02:39:09.811] [bmv2] [D] [thread 10357] [0.0] [cxt 0] Looking up key:

[02:39:09.812] [bmv2] [D] [thread 10357] [0.0] [cxt 0] Table 'tbl_qos202': miss
[02:39:09.812] [bmv2] [D] [thread 10357] [0.0] [cxt 0] Action entry is qos202 - 
[02:39:09.812] [bmv2] [T] [thread 10357] [0.0] [cxt 0] Action qos202
[02:39:09.812] [bmv2] [T] [thread 10357] [0.0] [cxt 0] qos.p4(202) Primitive meta.qos_priority = 1
[02:39:09.812] [bmv2] [T] [thread 10357] [0.0] [cxt 0] qos.p4(205) Condition "hdr.ipv4.isValid()" (node_7) is false
[02:39:09.812] [bmv2] [D] [thread 10357] [0.0] [cxt 0] Pipeline 'ingress': end
[02:39:09.812] [bmv2] [D] [thread 10357] [0.0] [cxt 0] Egress port is 0
[02:39:09.819] [bmv2] [D] [thread 10358] [0.0] [cxt 0] Pipeline 'egress': start
[02:39:09.820] [bmv2] [T] [thread 10358] [0.0] [cxt 0] qos.p4(228) Condition "meta.qos_priority == 3" (node_14) is false
[02:39:09.820] [bmv2] [T] [thread 10358] [0.0] [cxt 0] qos.p4(230) Condition "meta.qos_priority == 2" (node_16) is false
[02:39:09.820] [bmv2] [T] [thread 10358] [0.0] [cxt 0] Applying table 'tbl_qos233'
[02:39:09.820] [bmv2] [D] [thread 10358] [0.0] [cxt 0] Looking up key:

[02:39:09.820] [bmv2] [D] [thread 10358] [0.0] [cxt 0] Table 'tbl_qos233': miss
[02:39:09.820] [bmv2] [D] [thread 10358] [0.0] [cxt 0] Action entry is qos233 - 
[02:39:09.820] [bmv2] [T] [thread 10358] [0.0] [cxt 0] Action qos233
[02:39:09.820] [bmv2] [T] [thread 10358] [0.0] [cxt 0] qos.p4(233) Primitive standard_metadata.egress_spec = 2
[02:39:09.820] [bmv2] [D] [thread 10358] [0.0] [cxt 0] Pipeline 'egress': end
[02:39:09.820] [bmv2] [D] [thread 10358] [0.0] [cxt 0] Deparser 'deparser': start
[02:39:09.820] [bmv2] [T] [thread 10358] [0.0] [cxt 0] Skipping checksum 'cksum' update because condition not met
[02:39:09.820] [bmv2] [D] [thread 10358] [0.0] [cxt 0] Deparsing header 'ethernet'
[02:39:09.820] [bmv2] [D] [thread 10358] [0.0] [cxt 0] Deparser 'deparser': end
[02:39:09.820] [bmv2] [D] [thread 10362] [0.0] [cxt 0] Transmitting packet of size 70 out of port 0
[02:39:09.821] [bmv2] [D] [thread 10357] [1.0] [cxt 0] Processing packet received on port 3
[02:39:09.821] [bmv2] [D] [thread 10357] [1.0] [cxt 0] Parser 'parser': start
[02:39:09.821] [bmv2] [D] [thread 10357] [1.0] [cxt 0] Parser 'parser' entering state 'start'
[02:39:09.821] [bmv2] [D] [thread 10357] [1.0] [cxt 0] Extracting header 'ethernet'
[02:39:09.821] [bmv2] [D] [thread 10357] [1.0] [cxt 0] Parser state 'start': key is 86dd
[02:39:09.821] [bmv2] [T] [thread 10357] [1.0] [cxt 0] Bytes parsed: 14
[02:39:09.821] [bmv2] [D] [thread 10357] [1.0] [cxt 0] Parser 'parser': end
[02:39:09.821] [bmv2] [D] [thread 10357] [1.0] [cxt 0] Pipeline 'ingress': start
[02:39:09.821] [bmv2] [T] [thread 10357] [1.0] [cxt 0] qos.p4(197) Condition "hdr.vlan.pcp == 7" (node_2) is false
[02:39:09.821] [bmv2] [T] [thread 10357] [1.0] [cxt 0] qos.p4(199) Condition "hdr.vlan.pcp >= 4" (node_4) is false
[02:39:09.821] [bmv2] [T] [thread 10357] [1.0] [cxt 0] Applying table 'tbl_qos202'
[02:39:09.821] [bmv2] [D] [thread 10357] [1.0] [cxt 0] Looking up key:

[02:39:09.821] [bmv2] [D] [thread 10357] [1.0] [cxt 0] Table 'tbl_qos202': miss
[02:39:09.821] [bmv2] [D] [thread 10357] [1.0] [cxt 0] Action entry is qos202 - 
[02:39:09.821] [bmv2] [T] [thread 10357] [1.0] [cxt 0] Action qos202
[02:39:09.821] [bmv2] [T] [thread 10357] [1.0] [cxt 0] qos.p4(202) Primitive meta.qos_priority = 1
[02:39:09.821] [bmv2] [T] [thread 10357] [1.0] [cxt 0] qos.p4(205) Condition "hdr.ipv4.isValid()" (node_7) is false
[02:39:09.822] [bmv2] [D] [thread 10357] [1.0] [cxt 0] Pipeline 'ingress': end
[02:39:09.822] [bmv2] [D] [thread 10357] [1.0] [cxt 0] Egress port is 0
[02:39:09.822] [bmv2] [D] [thread 10358] [1.0] [cxt 0] Pipeline 'egress': start
[02:39:09.822] [bmv2] [T] [thread 10358] [1.0] [cxt 0] qos.p4(228) Condition "meta.qos_priority == 3" (node_14) is false
[02:39:09.822] [bmv2] [T] [thread 10358] [1.0] [cxt 0] qos.p4(230) Condition "meta.qos_priority == 2" (node_16) is false
[02:39:09.822] [bmv2] [T] [thread 10358] [1.0] [cxt 0] Applying table 'tbl_qos233'
[02:39:09.822] [bmv2] [D] [thread 10358] [1.0] [cxt 0] Looking up key:

[02:39:09.822] [bmv2] [D] [thread 10358] [1.0] [cxt 0] Table 'tbl_qos233': miss
[02:39:09.822] [bmv2] [D] [thread 10358] [1.0] [cxt 0] Action entry is qos233 - 
[02:39:09.822] [bmv2] [T] [thread 10358] [1.0] [cxt 0] Action qos233
[02:39:09.822] [bmv2] [T] [thread 10358] [1.0] [cxt 0] qos.p4(233) Primitive standard_metadata.egress_spec = 2
[02:39:09.822] [bmv2] [D] [thread 10358] [1.0] [cxt 0] Pipeline 'egress': end
[02:39:09.822] [bmv2] [D] [thread 10358] [1.0] [cxt 0] Deparser 'deparser': start
[02:39:09.822] [bmv2] [T] [thread 10358] [1.0] [cxt 0] Skipping checksum 'cksum' update because condition not met
[02:39:09.822] [bmv2] [D] [thread 10358] [1.0] [cxt 0] Deparsing header 'ethernet'
[02:39:09.822] [bmv2] [D] [thread 10358] [1.0] [cxt 0] Deparser 'deparser': end
[02:39:09.822] [bmv2] [D] [thread 10362] [1.0] [cxt 0] Transmitting packet of size 70 out of port 0
[02:39:10.069] [bmv2] [D] [thread 10357] [2.0] [cxt 0] Processing packet received on port 2
[02:39:10.069] [bmv2] [D] [thread 10357] [2.0] [cxt 0] Parser 'parser': start
[02:39:10.069] [bmv2] [D] [thread 10357] [2.0] [cxt 0] Parser 'parser' entering state 'start'
[02:39:10.069] [bmv2] [D] [thread 10357] [2.0] [cxt 0] Extracting header 'ethernet'
[02:39:10.069] [bmv2] [D] [thread 10357] [2.0] [cxt 0] Parser state 'start': key is 86dd
[02:39:10.069] [bmv2] [T] [thread 10357] [2.0] [cxt 0] Bytes parsed: 14
[02:39:10.069] [bmv2] [D] [thread 10357] [2.0] [cxt 0] Parser 'parser': end
[02:39:10.069] [bmv2] [D] [thread 10357] [2.0] [cxt 0] Pipeline 'ingress': start
[02:39:10.069] [bmv2] [T] [thread 10357] [2.0] [cxt 0] qos.p4(197) Condition "hdr.vlan.pcp == 7" (node_2) is false
[02:39:10.069] [bmv2] [T] [thread 10357] [2.0] [cxt 0] qos.p4(199) Condition "hdr.vlan.pcp >= 4" (node_4) is false
[02:39:10.069] [bmv2] [T] [thread 10357] [2.0] [cxt 0] Applying table 'tbl_qos202'
[02:39:10.070] [bmv2] [D] [thread 10357] [2.0] [cxt 0] Looking up key:

[02:39:10.072] [bmv2] [D] [thread 10357] [2.0] [cxt 0] Table 'tbl_qos202': miss
[02:39:10.072] [bmv2] [D] [thread 10357] [2.0] [cxt 0] Action entry is qos202 - 
[02:39:10.072] [bmv2] [T] [thread 10357] [2.0] [cxt 0] Action qos202
[02:39:10.072] [bmv2] [T] [thread 10357] [2.0] [cxt 0] qos.p4(202) Primitive meta.qos_priority = 1
[02:39:10.072] [bmv2] [T] [thread 10357] [2.0] [cxt 0] qos.p4(205) Condition "hdr.ipv4.isValid()" (node_7) is false
[02:39:10.072] [bmv2] [D] [thread 10357] [2.0] [cxt 0] Pipeline 'ingress': end
[02:39:10.072] [bmv2] [D] [thread 10357] [2.0] [cxt 0] Egress port is 0
[02:39:10.075] [bmv2] [D] [thread 10358] [2.0] [cxt 0] Pipeline 'egress': start
[02:39:10.075] [bmv2] [T] [thread 10358] [2.0] [cxt 0] qos.p4(228) Condition "meta.qos_priority == 3" (node_14) is false
[02:39:10.075] [bmv2] [T] [thread 10358] [2.0] [cxt 0] qos.p4(230) Condition "meta.qos_priority == 2" (node_16) is false
[02:39:10.075] [bmv2] [T] [thread 10358] [2.0] [cxt 0] Applying table 'tbl_qos233'
[02:39:10.075] [bmv2] [D] [thread 10358] [2.0] [cxt 0] Looking up key:

[02:39:10.075] [bmv2] [D] [thread 10358] [2.0] [cxt 0] Table 'tbl_qos233': miss
[02:39:10.075] [bmv2] [D] [thread 10358] [2.0] [cxt 0] Action entry is qos233 - 
[02:39:10.075] [bmv2] [T] [thread 10358] [2.0] [cxt 0] Action qos233
[02:39:10.075] [bmv2] [T] [thread 10358] [2.0] [cxt 0] qos.p4(233) Primitive standard_metadata.egress_spec = 2
[02:39:10.075] [bmv2] [D] [thread 10358] [2.0] [cxt 0] Pipeline 'egress': end
[02:39:10.075] [bmv2] [D] [thread 10358] [2.0] [cxt 0] Deparser 'deparser': start
[02:39:10.075] [bmv2] [T] [thread 10358] [2.0] [cxt 0] Skipping checksum 'cksum' update because condition not met
[02:39:10.075] [bmv2] [D] [thread 10358] [2.0] [cxt 0] Deparsing header 'ethernet'
[02:39:10.075] [bmv2] [D] [thread 10358] [2.0] [cxt 0] Deparser 'deparser': end
[02:39:10.075] [bmv2] [D] [thread 10362] [2.0] [cxt 0] Transmitting packet of size 70 out of port 0
[02:39:10.076] [bmv2] [D] [thread 10357] [3.0] [cxt 0] Processing packet received on port 3
[02:39:10.076] [bmv2] [D] [thread 10357] [3.0] [cxt 0] Parser 'parser': start
[02:39:10.076] [bmv2] [D] [thread 10357] [3.0] [cxt 0] Parser 'parser' entering state 'start'
[02:39:10.076] [bmv2] [D] [thread 10357] [3.0] [cxt 0] Extracting header 'ethernet'
[02:39:10.076] [bmv2] [D] [thread 10357] [3.0] [cxt 0] Parser state 'start': key is 86dd
[02:39:10.076] [bmv2] [T] [thread 10357] [3.0] [cxt 0] Bytes parsed: 14
[02:39:10.076] [bmv2] [D] [thread 10357] [3.0] [cxt 0] Parser 'parser': end
[02:39:10.076] [bmv2] [D] [thread 10357] [3.0] [cxt 0] Pipeline 'ingress': start
[02:39:10.076] [bmv2] [T] [thread 10357] [3.0] [cxt 0] qos.p4(197) Condition "hdr.vlan.pcp == 7" (node_2) is false
[02:39:10.076] [bmv2] [T] [thread 10357] [3.0] [cxt 0] qos.p4(199) Condition "hdr.vlan.pcp >= 4" (node_4) is false
[02:39:10.076] [bmv2] [T] [thread 10357] [3.0] [cxt 0] Applying table 'tbl_qos202'
[02:39:10.076] [bmv2] [D] [thread 10357] [3.0] [cxt 0] Looking up key:

[02:39:10.076] [bmv2] [D] [thread 10357] [3.0] [cxt 0] Table 'tbl_qos202': miss
[02:39:10.076] [bmv2] [D] [thread 10357] [3.0] [cxt 0] Action entry is qos202 - 
[02:39:10.076] [bmv2] [T] [thread 10357] [3.0] [cxt 0] Action qos202
[02:39:10.076] [bmv2] [T] [thread 10357] [3.0] [cxt 0] qos.p4(202) Primitive meta.qos_priority = 1
[02:39:10.077] [bmv2] [T] [thread 10357] [3.0] [cxt 0] qos.p4(205) Condition "hdr.ipv4.isValid()" (node_7) is false
[02:39:10.077] [bmv2] [D] [thread 10357] [3.0] [cxt 0] Pipeline 'ingress': end
[02:39:10.077] [bmv2] [D] [thread 10357] [3.0] [cxt 0] Egress port is 0
[02:39:10.077] [bmv2] [D] [thread 10358] [3.0] [cxt 0] Pipeline 'egress': start
[02:39:10.077] [bmv2] [T] [thread 10358] [3.0] [cxt 0] qos.p4(228) Condition "meta.qos_priority == 3" (node_14) is false
[02:39:10.077] [bmv2] [T] [thread 10358] [3.0] [cxt 0] qos.p4(230) Condition "meta.qos_priority == 2" (node_16) is false
[02:39:10.077] [bmv2] [T] [thread 10358] [3.0] [cxt 0] Applying table 'tbl_qos233'
[02:39:10.077] [bmv2] [D] [thread 10358] [3.0] [cxt 0] Looking up key:

[02:39:10.077] [bmv2] [D] [thread 10358] [3.0] [cxt 0] Table 'tbl_qos233': miss
[02:39:10.077] [bmv2] [D] [thread 10358] [3.0] [cxt 0] Action entry is qos233 - 
[02:39:10.077] [bmv2] [T] [thread 10358] [3.0] [cxt 0] Action qos233
[02:39:10.077] [bmv2] [T] [thread 10358] [3.0] [cxt 0] qos.p4(233) Primitive standard_metadata.egress_spec = 2
[02:39:10.077] [bmv2] [D] [thread 10358] [3.0] [cxt 0] Pipeline 'egress': end
[02:39:10.077] [bmv2] [D] [thread 10358] [3.0] [cxt 0] Deparser 'deparser': start
[02:39:10.077] [bmv2] [T] [thread 10358] [3.0] [cxt 0] Skipping checksum 'cksum' update because condition not met
[02:39:10.077] [bmv2] [D] [thread 10358] [3.0] [cxt 0] Deparsing header 'ethernet'
[02:39:10.077] [bmv2] [D] [thread 10358] [3.0] [cxt 0] Deparser 'deparser': end
[02:39:10.078] [bmv2] [D] [thread 10362] [3.0] [cxt 0] Transmitting packet of size 70 out of port 0
[02:39:10.328] [bmv2] [D] [thread 10357] [4.0] [cxt 0] Processing packet received on port 2
[02:39:10.328] [bmv2] [D] [thread 10357] [4.0] [cxt 0] Parser 'parser': start
[02:39:10.328] [bmv2] [D] [thread 10357] [4.0] [cxt 0] Parser 'parser' entering state 'start'
[02:39:10.328] [bmv2] [D] [thread 10357] [4.0] [cxt 0] Extracting header 'ethernet'
[02:39:10.328] [bmv2] [D] [thread 10357] [4.0] [cxt 0] Parser state 'start': key is 86dd
[02:39:10.328] [bmv2] [T] [thread 10357] [4.0] [cxt 0] Bytes parsed: 14
[02:39:10.328] [bmv2] [D] [thread 10357] [4.0] [cxt 0] Parser 'parser': end
[02:39:10.329] [bmv2] [D] [thread 10357] [4.0] [cxt 0] Pipeline 'ingress': start
[02:39:10.329] [bmv2] [T] [thread 10357] [4.0] [cxt 0] qos.p4(197) Condition "hdr.vlan.pcp == 7" (node_2) is false
[02:39:10.329] [bmv2] [T] [thread 10357] [4.0] [cxt 0] qos.p4(199) Condition "hdr.vlan.pcp >= 4" (node_4) is false
[02:39:10.329] [bmv2] [T] [thread 10357] [4.0] [cxt 0] Applying table 'tbl_qos202'
[02:39:10.329] [bmv2] [D] [thread 10357] [4.0] [cxt 0] Looking up key:

[02:39:10.329] [bmv2] [D] [thread 10357] [4.0] [cxt 0] Table 'tbl_qos202': miss
[02:39:10.329] [bmv2] [D] [thread 10357] [4.0] [cxt 0] Action entry is qos202 - 
[02:39:10.329] [bmv2] [T] [thread 10357] [4.0] [cxt 0] Action qos202
[02:39:10.329] [bmv2] [T] [thread 10357] [4.0] [cxt 0] qos.p4(202) Primitive meta.qos_priority = 1
[02:39:10.329] [bmv2] [T] [thread 10357] [4.0] [cxt 0] qos.p4(205) Condition "hdr.ipv4.isValid()" (node_7) is false
[02:39:10.329] [bmv2] [D] [thread 10357] [4.0] [cxt 0] Pipeline 'ingress': end
[02:39:10.329] [bmv2] [D] [thread 10357] [4.0] [cxt 0] Egress port is 0
[02:39:10.332] [bmv2] [D] [thread 10358] [4.0] [cxt 0] Pipeline 'egress': start
[02:39:10.332] [bmv2] [T] [thread 10358] [4.0] [cxt 0] qos.p4(228) Condition "meta.qos_priority == 3" (node_14) is false
[02:39:10.332] [bmv2] [T] [thread 10358] [4.0] [cxt 0] qos.p4(230) Condition "meta.qos_priority == 2" (node_16) is false
[02:39:10.332] [bmv2] [T] [thread 10358] [4.0] [cxt 0] Applying table 'tbl_qos233'
[02:39:10.332] [bmv2] [D] [thread 10358] [4.0] [cxt 0] Looking up key:

[02:39:10.332] [bmv2] [D] [thread 10358] [4.0] [cxt 0] Table 'tbl_qos233': miss
[02:39:10.332] [bmv2] [D] [thread 10358] [4.0] [cxt 0] Action entry is qos233 - 
[02:39:10.332] [bmv2] [T] [thread 10358] [4.0] [cxt 0] Action qos233
[02:39:10.332] [bmv2] [T] [thread 10358] [4.0] [cxt 0] qos.p4(233) Primitive standard_metadata.egress_spec = 2
[02:39:10.332] [bmv2] [D] [thread 10358] [4.0] [cxt 0] Pipeline 'egress': end
[02:39:10.332] [bmv2] [D] [thread 10358] [4.0] [cxt 0] Deparser 'deparser': start
[02:39:10.332] [bmv2] [T] [thread 10358] [4.0] [cxt 0] Skipping checksum 'cksum' update because condition not met
[02:39:10.332] [bmv2] [D] [thread 10358] [4.0] [cxt 0] Deparsing header 'ethernet'
[02:39:10.332] [bmv2] [D] [thread 10358] [4.0] [cxt 0] Deparser 'deparser': end
[02:39:10.332] [bmv2] [D] [thread 10362] [4.0] [cxt 0] Transmitting packet of size 70 out of port 0
[02:39:17.743] [bmv2] [D] [thread 10357] [5.0] [cxt 0] Processing packet received on port 3
[02:39:17.744] [bmv2] [D] [thread 10357] [5.0] [cxt 0] Parser 'parser': start
[02:39:17.744] [bmv2] [D] [thread 10357] [5.0] [cxt 0] Parser 'parser' entering state 'start'
[02:39:17.744] [bmv2] [D] [thread 10357] [5.0] [cxt 0] Extracting header 'ethernet'
[02:39:17.744] [bmv2] [D] [thread 10357] [5.0] [cxt 0] Parser state 'start': key is 86dd
[02:39:17.745] [bmv2] [T] [thread 10357] [5.0] [cxt 0] Bytes parsed: 14
[02:39:17.745] [bmv2] [D] [thread 10357] [5.0] [cxt 0] Parser 'parser': end
[02:39:17.745] [bmv2] [D] [thread 10357] [5.0] [cxt 0] Pipeline 'ingress': start
[02:39:17.745] [bmv2] [T] [thread 10357] [5.0] [cxt 0] qos.p4(197) Condition "hdr.vlan.pcp == 7" (node_2) is false
[02:39:17.745] [bmv2] [T] [thread 10357] [5.0] [cxt 0] qos.p4(199) Condition "hdr.vlan.pcp >= 4" (node_4) is false
[02:39:17.745] [bmv2] [T] [thread 10357] [5.0] [cxt 0] Applying table 'tbl_qos202'
[02:39:17.746] [bmv2] [D] [thread 10357] [5.0] [cxt 0] Looking up key:

[02:39:17.746] [bmv2] [D] [thread 10357] [5.0] [cxt 0] Table 'tbl_qos202': miss
[02:39:17.758] [bmv2] [D] [thread 10357] [5.0] [cxt 0] Action entry is qos202 - 
[02:39:17.758] [bmv2] [T] [thread 10357] [5.0] [cxt 0] Action qos202
[02:39:17.758] [bmv2] [T] [thread 10357] [5.0] [cxt 0] qos.p4(202) Primitive meta.qos_priority = 1
[02:39:17.758] [bmv2] [T] [thread 10357] [5.0] [cxt 0] qos.p4(205) Condition "hdr.ipv4.isValid()" (node_7) is false
[02:39:17.758] [bmv2] [D] [thread 10357] [5.0] [cxt 0] Pipeline 'ingress': end
[02:39:17.759] [bmv2] [D] [thread 10357] [5.0] [cxt 0] Egress port is 0
[02:39:17.767] [bmv2] [D] [thread 10358] [5.0] [cxt 0] Pipeline 'egress': start
[02:39:17.767] [bmv2] [T] [thread 10358] [5.0] [cxt 0] qos.p4(228) Condition "meta.qos_priority == 3" (node_14) is false
[02:39:17.767] [bmv2] [T] [thread 10358] [5.0] [cxt 0] qos.p4(230) Condition "meta.qos_priority == 2" (node_16) is false
[02:39:17.767] [bmv2] [T] [thread 10358] [5.0] [cxt 0] Applying table 'tbl_qos233'
[02:39:17.767] [bmv2] [D] [thread 10358] [5.0] [cxt 0] Looking up key:

[02:39:17.767] [bmv2] [D] [thread 10358] [5.0] [cxt 0] Table 'tbl_qos233': miss
[02:39:17.767] [bmv2] [D] [thread 10358] [5.0] [cxt 0] Action entry is qos233 - 
[02:39:17.767] [bmv2] [T] [thread 10358] [5.0] [cxt 0] Action qos233
[02:39:17.768] [bmv2] [T] [thread 10358] [5.0] [cxt 0] qos.p4(233) Primitive standard_metadata.egress_spec = 2
[02:39:17.768] [bmv2] [D] [thread 10358] [5.0] [cxt 0] Pipeline 'egress': end
[02:39:17.768] [bmv2] [D] [thread 10358] [5.0] [cxt 0] Deparser 'deparser': start
[02:39:17.768] [bmv2] [T] [thread 10358] [5.0] [cxt 0] Skipping checksum 'cksum' update because condition not met
[02:39:17.768] [bmv2] [D] [thread 10358] [5.0] [cxt 0] Deparsing header 'ethernet'
[02:39:17.768] [bmv2] [D] [thread 10358] [5.0] [cxt 0] Deparser 'deparser': end
[02:39:17.768] [bmv2] [D] [thread 10362] [5.0] [cxt 0] Transmitting packet of size 70 out of port 0
[02:39:17.768] [bmv2] [D] [thread 10357] [6.0] [cxt 0] Processing packet received on port 3
[02:39:17.768] [bmv2] [D] [thread 10357] [6.0] [cxt 0] Parser 'parser': start
[02:39:17.768] [bmv2] [D] [thread 10357] [6.0] [cxt 0] Parser 'parser' entering state 'start'
[02:39:17.768] [bmv2] [D] [thread 10357] [6.0] [cxt 0] Extracting header 'ethernet'
[02:39:17.768] [bmv2] [D] [thread 10357] [6.0] [cxt 0] Parser state 'start': key is 86dd
[02:39:17.769] [bmv2] [T] [thread 10357] [6.0] [cxt 0] Bytes parsed: 14
[02:39:17.769] [bmv2] [D] [thread 10357] [6.0] [cxt 0] Parser 'parser': end
[02:39:17.769] [bmv2] [D] [thread 10357] [6.0] [cxt 0] Pipeline 'ingress': start
[02:39:17.769] [bmv2] [T] [thread 10357] [6.0] [cxt 0] qos.p4(197) Condition "hdr.vlan.pcp == 7" (node_2) is false
[02:39:17.771] [bmv2] [T] [thread 10357] [6.0] [cxt 0] qos.p4(199) Condition "hdr.vlan.pcp >= 4" (node_4) is false
[02:39:17.772] [bmv2] [T] [thread 10357] [6.0] [cxt 0] Applying table 'tbl_qos202'
[02:39:17.772] [bmv2] [D] [thread 10357] [6.0] [cxt 0] Looking up key:

[02:39:17.772] [bmv2] [D] [thread 10357] [6.0] [cxt 0] Table 'tbl_qos202': miss
[02:39:17.772] [bmv2] [D] [thread 10357] [6.0] [cxt 0] Action entry is qos202 - 
[02:39:17.772] [bmv2] [T] [thread 10357] [6.0] [cxt 0] Action qos202
[02:39:17.772] [bmv2] [T] [thread 10357] [6.0] [cxt 0] qos.p4(202) Primitive meta.qos_priority = 1
[02:39:17.772] [bmv2] [T] [thread 10357] [6.0] [cxt 0] qos.p4(205) Condition "hdr.ipv4.isValid()" (node_7) is false
[02:39:17.772] [bmv2] [D] [thread 10357] [6.0] [cxt 0] Pipeline 'ingress': end
[02:39:17.772] [bmv2] [D] [thread 10357] [6.0] [cxt 0] Egress port is 0
[02:39:17.773] [bmv2] [D] [thread 10358] [6.0] [cxt 0] Pipeline 'egress': start
[02:39:17.773] [bmv2] [T] [thread 10358] [6.0] [cxt 0] qos.p4(228) Condition "meta.qos_priority == 3" (node_14) is false
[02:39:17.773] [bmv2] [T] [thread 10358] [6.0] [cxt 0] qos.p4(230) Condition "meta.qos_priority == 2" (node_16) is false
[02:39:17.773] [bmv2] [T] [thread 10358] [6.0] [cxt 0] Applying table 'tbl_qos233'
[02:39:17.773] [bmv2] [D] [thread 10358] [6.0] [cxt 0] Looking up key:

[02:39:17.773] [bmv2] [D] [thread 10358] [6.0] [cxt 0] Table 'tbl_qos233': miss
[02:39:17.773] [bmv2] [D] [thread 10358] [6.0] [cxt 0] Action entry is qos233 - 
[02:39:17.773] [bmv2] [T] [thread 10358] [6.0] [cxt 0] Action qos233
[02:39:17.773] [bmv2] [T] [thread 10358] [6.0] [cxt 0] qos.p4(233) Primitive standard_metadata.egress_spec = 2
[02:39:17.773] [bmv2] [D] [thread 10358] [6.0] [cxt 0] Pipeline 'egress': end
[02:39:17.773] [bmv2] [D] [thread 10358] [6.0] [cxt 0] Deparser 'deparser': start
[02:39:17.773] [bmv2] [T] [thread 10358] [6.0] [cxt 0] Skipping checksum 'cksum' update because condition not met
[02:39:17.773] [bmv2] [D] [thread 10358] [6.0] [cxt 0] Deparsing header 'ethernet'
[02:39:17.773] [bmv2] [D] [thread 10358] [6.0] [cxt 0] Deparser 'deparser': end
[02:39:17.773] [bmv2] [D] [thread 10362] [6.0] [cxt 0] Transmitting packet of size 70 out of port 0
[02:39:18.006] [bmv2] [D] [thread 10357] [7.0] [cxt 0] Processing packet received on port 2
[02:39:18.007] [bmv2] [D] [thread 10357] [7.0] [cxt 0] Parser 'parser': start
[02:39:18.007] [bmv2] [D] [thread 10357] [7.0] [cxt 0] Parser 'parser' entering state 'start'
[02:39:18.007] [bmv2] [D] [thread 10357] [7.0] [cxt 0] Extracting header 'ethernet'
[02:39:18.007] [bmv2] [D] [thread 10357] [7.0] [cxt 0] Parser state 'start': key is 86dd
[02:39:18.007] [bmv2] [T] [thread 10357] [7.0] [cxt 0] Bytes parsed: 14
[02:39:18.007] [bmv2] [D] [thread 10357] [7.0] [cxt 0] Parser 'parser': end
[02:39:18.008] [bmv2] [D] [thread 10357] [7.0] [cxt 0] Pipeline 'ingress': start
[02:39:18.008] [bmv2] [T] [thread 10357] [7.0] [cxt 0] qos.p4(197) Condition "hdr.vlan.pcp == 7" (node_2) is false
[02:39:18.008] [bmv2] [T] [thread 10357] [7.0] [cxt 0] qos.p4(199) Condition "hdr.vlan.pcp >= 4" (node_4) is false
[02:39:18.008] [bmv2] [T] [thread 10357] [7.0] [cxt 0] Applying table 'tbl_qos202'
[02:39:18.008] [bmv2] [D] [thread 10357] [7.0] [cxt 0] Looking up key:

[02:39:18.008] [bmv2] [D] [thread 10357] [7.0] [cxt 0] Table 'tbl_qos202': miss
[02:39:18.008] [bmv2] [D] [thread 10357] [7.0] [cxt 0] Action entry is qos202 - 
[02:39:18.008] [bmv2] [T] [thread 10357] [7.0] [cxt 0] Action qos202
[02:39:18.008] [bmv2] [T] [thread 10357] [7.0] [cxt 0] qos.p4(202) Primitive meta.qos_priority = 1
[02:39:18.008] [bmv2] [T] [thread 10357] [7.0] [cxt 0] qos.p4(205) Condition "hdr.ipv4.isValid()" (node_7) is false
[02:39:18.009] [bmv2] [D] [thread 10357] [7.0] [cxt 0] Pipeline 'ingress': end
[02:39:18.009] [bmv2] [D] [thread 10357] [7.0] [cxt 0] Egress port is 0
[02:39:18.009] [bmv2] [D] [thread 10358] [7.0] [cxt 0] Pipeline 'egress': start
[02:39:18.009] [bmv2] [T] [thread 10358] [7.0] [cxt 0] qos.p4(228) Condition "meta.qos_priority == 3" (node_14) is false
[02:39:18.009] [bmv2] [T] [thread 10358] [7.0] [cxt 0] qos.p4(230) Condition "meta.qos_priority == 2" (node_16) is false
[02:39:18.009] [bmv2] [T] [thread 10358] [7.0] [cxt 0] Applying table 'tbl_qos233'
[02:39:18.009] [bmv2] [D] [thread 10358] [7.0] [cxt 0] Looking up key:

[02:39:18.009] [bmv2] [D] [thread 10358] [7.0] [cxt 0] Table 'tbl_qos233': miss
[02:39:18.010] [bmv2] [D] [thread 10358] [7.0] [cxt 0] Action entry is qos233 - 
[02:39:18.010] [bmv2] [T] [thread 10358] [7.0] [cxt 0] Action qos233
[02:39:18.010] [bmv2] [T] [thread 10358] [7.0] [cxt 0] qos.p4(233) Primitive standard_metadata.egress_spec = 2
[02:39:18.010] [bmv2] [D] [thread 10358] [7.0] [cxt 0] Pipeline 'egress': end
[02:39:18.010] [bmv2] [D] [thread 10358] [7.0] [cxt 0] Deparser 'deparser': start
[02:39:18.010] [bmv2] [T] [thread 10358] [7.0] [cxt 0] Skipping checksum 'cksum' update because condition not met
[02:39:18.010] [bmv2] [D] [thread 10358] [7.0] [cxt 0] Deparsing header 'ethernet'
[02:39:18.010] [bmv2] [D] [thread 10358] [7.0] [cxt 0] Deparser 'deparser': end
[02:39:18.011] [bmv2] [D] [thread 10362] [7.0] [cxt 0] Transmitting packet of size 70 out of port 0
[02:39:18.011] [bmv2] [D] [thread 10357] [8.0] [cxt 0] Processing packet received on port 2
[02:39:18.011] [bmv2] [D] [thread 10357] [8.0] [cxt 0] Parser 'parser': start
[02:39:18.011] [bmv2] [D] [thread 10357] [8.0] [cxt 0] Parser 'parser' entering state 'start'
[02:39:18.011] [bmv2] [D] [thread 10357] [8.0] [cxt 0] Extracting header 'ethernet'
[02:39:18.011] [bmv2] [D] [thread 10357] [8.0] [cxt 0] Parser state 'start': key is 86dd
[02:39:18.011] [bmv2] [T] [thread 10357] [8.0] [cxt 0] Bytes parsed: 14
[02:39:18.011] [bmv2] [D] [thread 10357] [8.0] [cxt 0] Parser 'parser': end
[02:39:18.011] [bmv2] [D] [thread 10357] [8.0] [cxt 0] Pipeline 'ingress': start
[02:39:18.012] [bmv2] [T] [thread 10357] [8.0] [cxt 0] qos.p4(197) Condition "hdr.vlan.pcp == 7" (node_2) is false
[02:39:18.012] [bmv2] [T] [thread 10357] [8.0] [cxt 0] qos.p4(199) Condition "hdr.vlan.pcp >= 4" (node_4) is false
[02:39:18.012] [bmv2] [T] [thread 10357] [8.0] [cxt 0] Applying table 'tbl_qos202'
[02:39:18.012] [bmv2] [D] [thread 10357] [8.0] [cxt 0] Looking up key:

[02:39:18.012] [bmv2] [D] [thread 10357] [8.0] [cxt 0] Table 'tbl_qos202': miss
[02:39:18.012] [bmv2] [D] [thread 10357] [8.0] [cxt 0] Action entry is qos202 - 
[02:39:18.012] [bmv2] [T] [thread 10357] [8.0] [cxt 0] Action qos202
[02:39:18.012] [bmv2] [T] [thread 10357] [8.0] [cxt 0] qos.p4(202) Primitive meta.qos_priority = 1
[02:39:18.012] [bmv2] [T] [thread 10357] [8.0] [cxt 0] qos.p4(205) Condition "hdr.ipv4.isValid()" (node_7) is false
[02:39:18.012] [bmv2] [D] [thread 10357] [8.0] [cxt 0] Pipeline 'ingress': end
[02:39:18.012] [bmv2] [D] [thread 10357] [8.0] [cxt 0] Egress port is 0
[02:39:18.019] [bmv2] [D] [thread 10358] [8.0] [cxt 0] Pipeline 'egress': start
[02:39:18.019] [bmv2] [T] [thread 10358] [8.0] [cxt 0] qos.p4(228) Condition "meta.qos_priority == 3" (node_14) is false
[02:39:18.019] [bmv2] [T] [thread 10358] [8.0] [cxt 0] qos.p4(230) Condition "meta.qos_priority == 2" (node_16) is false
[02:39:18.019] [bmv2] [T] [thread 10358] [8.0] [cxt 0] Applying table 'tbl_qos233'
[02:39:18.019] [bmv2] [D] [thread 10358] [8.0] [cxt 0] Looking up key:

[02:39:18.020] [bmv2] [D] [thread 10358] [8.0] [cxt 0] Table 'tbl_qos233': miss
[02:39:18.020] [bmv2] [D] [thread 10358] [8.0] [cxt 0] Action entry is qos233 - 
[02:39:18.020] [bmv2] [T] [thread 10358] [8.0] [cxt 0] Action qos233
[02:39:18.020] [bmv2] [T] [thread 10358] [8.0] [cxt 0] qos.p4(233) Primitive standard_metadata.egress_spec = 2
[02:39:18.020] [bmv2] [D] [thread 10358] [8.0] [cxt 0] Pipeline 'egress': end
[02:39:18.020] [bmv2] [D] [thread 10358] [8.0] [cxt 0] Deparser 'deparser': start
[02:39:18.020] [bmv2] [T] [thread 10358] [8.0] [cxt 0] Skipping checksum 'cksum' update because condition not met
[02:39:18.020] [bmv2] [D] [thread 10358] [8.0] [cxt 0] Deparsing header 'ethernet'
[02:39:18.020] [bmv2] [D] [thread 10358] [8.0] [cxt 0] Deparser 'deparser': end
[02:39:18.020] [bmv2] [D] [thread 10362] [8.0] [cxt 0] Transmitting packet of size 70 out of port 0
[02:39:18.764] [bmv2] [D] [thread 10357] [9.0] [cxt 0] Processing packet received on port 1
[02:39:18.764] [bmv2] [D] [thread 10357] [9.0] [cxt 0] Parser 'parser': start
[02:39:18.764] [bmv2] [D] [thread 10357] [9.0] [cxt 0] Parser 'parser' entering state 'start'
[02:39:18.764] [bmv2] [D] [thread 10357] [9.0] [cxt 0] Extracting header 'ethernet'
[02:39:18.764] [bmv2] [D] [thread 10357] [9.0] [cxt 0] Parser state 'start': key is 86dd
[02:39:18.764] [bmv2] [T] [thread 10357] [9.0] [cxt 0] Bytes parsed: 14
[02:39:18.764] [bmv2] [D] [thread 10357] [9.0] [cxt 0] Parser 'parser': end
[02:39:18.765] [bmv2] [D] [thread 10357] [9.0] [cxt 0] Pipeline 'ingress': start
[02:39:18.765] [bmv2] [T] [thread 10357] [9.0] [cxt 0] qos.p4(197) Condition "hdr.vlan.pcp == 7" (node_2) is false
[02:39:18.765] [bmv2] [T] [thread 10357] [9.0] [cxt 0] qos.p4(199) Condition "hdr.vlan.pcp >= 4" (node_4) is false
[02:39:18.765] [bmv2] [T] [thread 10357] [9.0] [cxt 0] Applying table 'tbl_qos202'
[02:39:18.765] [bmv2] [D] [thread 10357] [9.0] [cxt 0] Looking up key:

[02:39:18.765] [bmv2] [D] [thread 10357] [9.0] [cxt 0] Table 'tbl_qos202': miss
[02:39:18.765] [bmv2] [D] [thread 10357] [9.0] [cxt 0] Action entry is qos202 - 
[02:39:18.765] [bmv2] [T] [thread 10357] [9.0] [cxt 0] Action qos202
[02:39:18.765] [bmv2] [T] [thread 10357] [9.0] [cxt 0] qos.p4(202) Primitive meta.qos_priority = 1
[02:39:18.766] [bmv2] [T] [thread 10357] [9.0] [cxt 0] qos.p4(205) Condition "hdr.ipv4.isValid()" (node_7) is false
[02:39:18.766] [bmv2] [D] [thread 10357] [9.0] [cxt 0] Pipeline 'ingress': end
[02:39:18.766] [bmv2] [D] [thread 10357] [9.0] [cxt 0] Egress port is 0
[02:39:18.766] [bmv2] [D] [thread 10358] [9.0] [cxt 0] Pipeline 'egress': start
[02:39:18.767] [bmv2] [T] [thread 10358] [9.0] [cxt 0] qos.p4(228) Condition "meta.qos_priority == 3" (node_14) is false
[02:39:18.767] [bmv2] [T] [thread 10358] [9.0] [cxt 0] qos.p4(230) Condition "meta.qos_priority == 2" (node_16) is false
[02:39:18.767] [bmv2] [T] [thread 10358] [9.0] [cxt 0] Applying table 'tbl_qos233'
[02:39:18.767] [bmv2] [D] [thread 10358] [9.0] [cxt 0] Looking up key:

[02:39:18.767] [bmv2] [D] [thread 10358] [9.0] [cxt 0] Table 'tbl_qos233': miss
[02:39:18.767] [bmv2] [D] [thread 10358] [9.0] [cxt 0] Action entry is qos233 - 
[02:39:18.768] [bmv2] [T] [thread 10358] [9.0] [cxt 0] Action qos233
[02:39:18.768] [bmv2] [T] [thread 10358] [9.0] [cxt 0] qos.p4(233) Primitive standard_metadata.egress_spec = 2
[02:39:18.768] [bmv2] [D] [thread 10358] [9.0] [cxt 0] Pipeline 'egress': end
[02:39:18.768] [bmv2] [D] [thread 10358] [9.0] [cxt 0] Deparser 'deparser': start
[02:39:18.768] [bmv2] [T] [thread 10358] [9.0] [cxt 0] Skipping checksum 'cksum' update because condition not met
[02:39:18.769] [bmv2] [D] [thread 10358] [9.0] [cxt 0] Deparsing header 'ethernet'
[02:39:18.769] [bmv2] [D] [thread 10358] [9.0] [cxt 0] Deparser 'deparser': end
[02:39:18.769] [bmv2] [D] [thread 10362] [9.0] [cxt 0] Transmitting packet of size 70 out of port 0
[02:39:32.853] [bmv2] [D] [thread 10357] [10.0] [cxt 0] Processing packet received on port 2
[02:39:32.853] [bmv2] [D] [thread 10357] [10.0] [cxt 0] Parser 'parser': start
[02:39:32.853] [bmv2] [D] [thread 10357] [10.0] [cxt 0] Parser 'parser' entering state 'start'
[02:39:32.853] [bmv2] [D] [thread 10357] [10.0] [cxt 0] Extracting header 'ethernet'
[02:39:32.853] [bmv2] [D] [thread 10357] [10.0] [cxt 0] Parser state 'start': key is 86dd
[02:39:32.853] [bmv2] [T] [thread 10357] [10.0] [cxt 0] Bytes parsed: 14
[02:39:32.853] [bmv2] [D] [thread 10357] [10.0] [cxt 0] Parser 'parser': end
[02:39:32.853] [bmv2] [D] [thread 10357] [10.0] [cxt 0] Pipeline 'ingress': start
[02:39:32.854] [bmv2] [T] [thread 10357] [10.0] [cxt 0] qos.p4(197) Condition "hdr.vlan.pcp == 7" (node_2) is false
[02:39:32.854] [bmv2] [T] [thread 10357] [10.0] [cxt 0] qos.p4(199) Condition "hdr.vlan.pcp >= 4" (node_4) is false
[02:39:32.854] [bmv2] [T] [thread 10357] [10.0] [cxt 0] Applying table 'tbl_qos202'
[02:39:32.854] [bmv2] [D] [thread 10357] [10.0] [cxt 0] Looking up key:

[02:39:32.854] [bmv2] [D] [thread 10357] [10.0] [cxt 0] Table 'tbl_qos202': miss
[02:39:32.854] [bmv2] [D] [thread 10357] [10.0] [cxt 0] Action entry is qos202 - 
[02:39:32.855] [bmv2] [T] [thread 10357] [10.0] [cxt 0] Action qos202
[02:39:32.855] [bmv2] [T] [thread 10357] [10.0] [cxt 0] qos.p4(202) Primitive meta.qos_priority = 1
[02:39:32.855] [bmv2] [T] [thread 10357] [10.0] [cxt 0] qos.p4(205) Condition "hdr.ipv4.isValid()" (node_7) is false
[02:39:32.855] [bmv2] [D] [thread 10357] [10.0] [cxt 0] Pipeline 'ingress': end
[02:39:32.855] [bmv2] [D] [thread 10357] [10.0] [cxt 0] Egress port is 0
[02:39:32.856] [bmv2] [D] [thread 10358] [10.0] [cxt 0] Pipeline 'egress': start
[02:39:32.856] [bmv2] [T] [thread 10358] [10.0] [cxt 0] qos.p4(228) Condition "meta.qos_priority == 3" (node_14) is false
[02:39:32.856] [bmv2] [T] [thread 10358] [10.0] [cxt 0] qos.p4(230) Condition "meta.qos_priority == 2" (node_16) is false
[02:39:32.856] [bmv2] [T] [thread 10358] [10.0] [cxt 0] Applying table 'tbl_qos233'
[02:39:32.856] [bmv2] [D] [thread 10358] [10.0] [cxt 0] Looking up key:

[02:39:32.856] [bmv2] [D] [thread 10358] [10.0] [cxt 0] Table 'tbl_qos233': miss
[02:39:32.856] [bmv2] [D] [thread 10358] [10.0] [cxt 0] Action entry is qos233 - 
[02:39:32.856] [bmv2] [T] [thread 10358] [10.0] [cxt 0] Action qos233
[02:39:32.856] [bmv2] [T] [thread 10358] [10.0] [cxt 0] qos.p4(233) Primitive standard_metadata.egress_spec = 2
[02:39:32.856] [bmv2] [D] [thread 10358] [10.0] [cxt 0] Pipeline 'egress': end
[02:39:32.856] [bmv2] [D] [thread 10358] [10.0] [cxt 0] Deparser 'deparser': start
[02:39:32.856] [bmv2] [T] [thread 10358] [10.0] [cxt 0] Skipping checksum 'cksum' update because condition not met
[02:39:32.857] [bmv2] [D] [thread 10358] [10.0] [cxt 0] Deparsing header 'ethernet'
[02:39:32.857] [bmv2] [D] [thread 10358] [10.0] [cxt 0] Deparser 'deparser': end
[02:39:32.857] [bmv2] [D] [thread 10362] [10.0] [cxt 0] Transmitting packet of size 70 out of port 0
[02:39:32.858] [bmv2] [D] [thread 10357] [11.0] [cxt 0] Processing packet received on port 3
[02:39:32.858] [bmv2] [D] [thread 10357] [11.0] [cxt 0] Parser 'parser': start
[02:39:32.858] [bmv2] [D] [thread 10357] [11.0] [cxt 0] Parser 'parser' entering state 'start'
[02:39:32.858] [bmv2] [D] [thread 10357] [11.0] [cxt 0] Extracting header 'ethernet'
[02:39:32.858] [bmv2] [D] [thread 10357] [11.0] [cxt 0] Parser state 'start': key is 86dd
[02:39:32.858] [bmv2] [T] [thread 10357] [11.0] [cxt 0] Bytes parsed: 14
[02:39:32.858] [bmv2] [D] [thread 10357] [11.0] [cxt 0] Parser 'parser': end
[02:39:32.858] [bmv2] [D] [thread 10357] [11.0] [cxt 0] Pipeline 'ingress': start
[02:39:32.859] [bmv2] [T] [thread 10357] [11.0] [cxt 0] qos.p4(197) Condition "hdr.vlan.pcp == 7" (node_2) is false
[02:39:32.859] [bmv2] [T] [thread 10357] [11.0] [cxt 0] qos.p4(199) Condition "hdr.vlan.pcp >= 4" (node_4) is false
[02:39:32.859] [bmv2] [T] [thread 10357] [11.0] [cxt 0] Applying table 'tbl_qos202'
[02:39:32.859] [bmv2] [D] [thread 10357] [11.0] [cxt 0] Looking up key:

[02:39:32.859] [bmv2] [D] [thread 10357] [11.0] [cxt 0] Table 'tbl_qos202': miss
[02:39:32.859] [bmv2] [D] [thread 10357] [11.0] [cxt 0] Action entry is qos202 - 
[02:39:32.859] [bmv2] [T] [thread 10357] [11.0] [cxt 0] Action qos202
[02:39:32.859] [bmv2] [T] [thread 10357] [11.0] [cxt 0] qos.p4(202) Primitive meta.qos_priority = 1
[02:39:32.859] [bmv2] [T] [thread 10357] [11.0] [cxt 0] qos.p4(205) Condition "hdr.ipv4.isValid()" (node_7) is false
[02:39:32.859] [bmv2] [D] [thread 10357] [11.0] [cxt 0] Pipeline 'ingress': end
[02:39:32.859] [bmv2] [D] [thread 10357] [11.0] [cxt 0] Egress port is 0
[02:39:32.868] [bmv2] [D] [thread 10358] [11.0] [cxt 0] Pipeline 'egress': start
[02:39:32.868] [bmv2] [T] [thread 10358] [11.0] [cxt 0] qos.p4(228) Condition "meta.qos_priority == 3" (node_14) is false
[02:39:32.868] [bmv2] [T] [thread 10358] [11.0] [cxt 0] qos.p4(230) Condition "meta.qos_priority == 2" (node_16) is false
[02:39:32.868] [bmv2] [T] [thread 10358] [11.0] [cxt 0] Applying table 'tbl_qos233'
[02:39:32.868] [bmv2] [D] [thread 10358] [11.0] [cxt 0] Looking up key:

[02:39:32.868] [bmv2] [D] [thread 10358] [11.0] [cxt 0] Table 'tbl_qos233': miss
[02:39:32.868] [bmv2] [D] [thread 10358] [11.0] [cxt 0] Action entry is qos233 - 
[02:39:32.869] [bmv2] [T] [thread 10358] [11.0] [cxt 0] Action qos233
[02:39:32.869] [bmv2] [T] [thread 10358] [11.0] [cxt 0] qos.p4(233) Primitive standard_metadata.egress_spec = 2
[02:39:32.869] [bmv2] [D] [thread 10358] [11.0] [cxt 0] Pipeline 'egress': end
[02:39:32.869] [bmv2] [D] [thread 10358] [11.0] [cxt 0] Deparser 'deparser': start
[02:39:32.869] [bmv2] [T] [thread 10358] [11.0] [cxt 0] Skipping checksum 'cksum' update because condition not met
[02:39:32.869] [bmv2] [D] [thread 10358] [11.0] [cxt 0] Deparsing header 'ethernet'
[02:39:32.869] [bmv2] [D] [thread 10358] [11.0] [cxt 0] Deparser 'deparser': end
[02:39:32.869] [bmv2] [D] [thread 10362] [11.0] [cxt 0] Transmitting packet of size 70 out of port 0
[02:39:33.358] [bmv2] [D] [thread 10357] [12.0] [cxt 0] Processing packet received on port 3
[02:39:33.358] [bmv2] [D] [thread 10357] [12.0] [cxt 0] Parser 'parser': start
[02:39:33.358] [bmv2] [D] [thread 10357] [12.0] [cxt 0] Parser 'parser' entering state 'start'
[02:39:33.359] [bmv2] [D] [thread 10357] [12.0] [cxt 0] Extracting header 'ethernet'
[02:39:33.359] [bmv2] [D] [thread 10357] [12.0] [cxt 0] Parser state 'start': key is 86dd
[02:39:33.359] [bmv2] [T] [thread 10357] [12.0] [cxt 0] Bytes parsed: 14
[02:39:33.360] [bmv2] [D] [thread 10357] [12.0] [cxt 0] Parser 'parser': end
[02:39:33.360] [bmv2] [D] [thread 10357] [12.0] [cxt 0] Pipeline 'ingress': start
[02:39:33.360] [bmv2] [T] [thread 10357] [12.0] [cxt 0] qos.p4(197) Condition "hdr.vlan.pcp == 7" (node_2) is false
[02:39:33.360] [bmv2] [T] [thread 10357] [12.0] [cxt 0] qos.p4(199) Condition "hdr.vlan.pcp >= 4" (node_4) is false
[02:39:33.360] [bmv2] [T] [thread 10357] [12.0] [cxt 0] Applying table 'tbl_qos202'
[02:39:33.360] [bmv2] [D] [thread 10357] [12.0] [cxt 0] Looking up key:

[02:39:33.361] [bmv2] [D] [thread 10357] [12.0] [cxt 0] Table 'tbl_qos202': miss
[02:39:33.361] [bmv2] [D] [thread 10357] [12.0] [cxt 0] Action entry is qos202 - 
[02:39:33.361] [bmv2] [T] [thread 10357] [12.0] [cxt 0] Action qos202
[02:39:33.361] [bmv2] [T] [thread 10357] [12.0] [cxt 0] qos.p4(202) Primitive meta.qos_priority = 1
[02:39:33.361] [bmv2] [T] [thread 10357] [12.0] [cxt 0] qos.p4(205) Condition "hdr.ipv4.isValid()" (node_7) is false
[02:39:33.361] [bmv2] [D] [thread 10357] [12.0] [cxt 0] Pipeline 'ingress': end
[02:39:33.361] [bmv2] [D] [thread 10357] [12.0] [cxt 0] Egress port is 0
[02:39:33.366] [bmv2] [D] [thread 10358] [12.0] [cxt 0] Pipeline 'egress': start
[02:39:33.366] [bmv2] [T] [thread 10358] [12.0] [cxt 0] qos.p4(228) Condition "meta.qos_priority == 3" (node_14) is false
[02:39:33.366] [bmv2] [T] [thread 10358] [12.0] [cxt 0] qos.p4(230) Condition "meta.qos_priority == 2" (node_16) is false
[02:39:33.366] [bmv2] [T] [thread 10358] [12.0] [cxt 0] Applying table 'tbl_qos233'
[02:39:33.366] [bmv2] [D] [thread 10358] [12.0] [cxt 0] Looking up key:

[02:39:33.367] [bmv2] [D] [thread 10358] [12.0] [cxt 0] Table 'tbl_qos233': miss
[02:39:33.367] [bmv2] [D] [thread 10358] [12.0] [cxt 0] Action entry is qos233 - 
[02:39:33.367] [bmv2] [T] [thread 10358] [12.0] [cxt 0] Action qos233
[02:39:33.367] [bmv2] [T] [thread 10358] [12.0] [cxt 0] qos.p4(233) Primitive standard_metadata.egress_spec = 2
[02:39:33.367] [bmv2] [D] [thread 10358] [12.0] [cxt 0] Pipeline 'egress': end
[02:39:33.367] [bmv2] [D] [thread 10358] [12.0] [cxt 0] Deparser 'deparser': start
[02:39:33.367] [bmv2] [T] [thread 10358] [12.0] [cxt 0] Skipping checksum 'cksum' update because condition not met
[02:39:33.367] [bmv2] [D] [thread 10358] [12.0] [cxt 0] Deparsing header 'ethernet'
[02:39:33.367] [bmv2] [D] [thread 10358] [12.0] [cxt 0] Deparser 'deparser': end
[02:39:33.367] [bmv2] [D] [thread 10362] [12.0] [cxt 0] Transmitting packet of size 70 out of port 0
[02:39:34.127] [bmv2] [D] [thread 10357] [13.0] [cxt 0] Processing packet received on port 2
[02:39:34.128] [bmv2] [D] [thread 10357] [13.0] [cxt 0] Parser 'parser': start
[02:39:34.128] [bmv2] [D] [thread 10357] [13.0] [cxt 0] Parser 'parser' entering state 'start'
[02:39:34.128] [bmv2] [D] [thread 10357] [13.0] [cxt 0] Extracting header 'ethernet'
[02:39:34.128] [bmv2] [D] [thread 10357] [13.0] [cxt 0] Parser state 'start': key is 86dd
[02:39:34.129] [bmv2] [T] [thread 10357] [13.0] [cxt 0] Bytes parsed: 14
[02:39:34.129] [bmv2] [D] [thread 10357] [13.0] [cxt 0] Parser 'parser': end
[02:39:34.129] [bmv2] [D] [thread 10357] [13.0] [cxt 0] Pipeline 'ingress': start
[02:39:34.129] [bmv2] [T] [thread 10357] [13.0] [cxt 0] qos.p4(197) Condition "hdr.vlan.pcp == 7" (node_2) is false
[02:39:34.130] [bmv2] [T] [thread 10357] [13.0] [cxt 0] qos.p4(199) Condition "hdr.vlan.pcp >= 4" (node_4) is false
[02:39:34.130] [bmv2] [T] [thread 10357] [13.0] [cxt 0] Applying table 'tbl_qos202'
[02:39:34.130] [bmv2] [D] [thread 10357] [13.0] [cxt 0] Looking up key:

[02:39:34.136] [bmv2] [D] [thread 10357] [13.0] [cxt 0] Table 'tbl_qos202': miss
[02:39:34.136] [bmv2] [D] [thread 10357] [13.0] [cxt 0] Action entry is qos202 - 
[02:39:34.136] [bmv2] [T] [thread 10357] [13.0] [cxt 0] Action qos202
[02:39:34.136] [bmv2] [T] [thread 10357] [13.0] [cxt 0] qos.p4(202) Primitive meta.qos_priority = 1
[02:39:34.137] [bmv2] [T] [thread 10357] [13.0] [cxt 0] qos.p4(205) Condition "hdr.ipv4.isValid()" (node_7) is false
[02:39:34.137] [bmv2] [D] [thread 10357] [13.0] [cxt 0] Pipeline 'ingress': end
[02:39:34.137] [bmv2] [D] [thread 10357] [13.0] [cxt 0] Egress port is 0
[02:39:34.141] [bmv2] [D] [thread 10358] [13.0] [cxt 0] Pipeline 'egress': start
[02:39:34.142] [bmv2] [T] [thread 10358] [13.0] [cxt 0] qos.p4(228) Condition "meta.qos_priority == 3" (node_14) is false
[02:39:34.142] [bmv2] [T] [thread 10358] [13.0] [cxt 0] qos.p4(230) Condition "meta.qos_priority == 2" (node_16) is false
[02:39:34.142] [bmv2] [T] [thread 10358] [13.0] [cxt 0] Applying table 'tbl_qos233'
[02:39:34.142] [bmv2] [D] [thread 10358] [13.0] [cxt 0] Looking up key:

[02:39:34.142] [bmv2] [D] [thread 10358] [13.0] [cxt 0] Table 'tbl_qos233': miss
[02:39:34.142] [bmv2] [D] [thread 10358] [13.0] [cxt 0] Action entry is qos233 - 
[02:39:34.143] [bmv2] [T] [thread 10358] [13.0] [cxt 0] Action qos233
[02:39:34.143] [bmv2] [T] [thread 10358] [13.0] [cxt 0] qos.p4(233) Primitive standard_metadata.egress_spec = 2
[02:39:34.143] [bmv2] [D] [thread 10358] [13.0] [cxt 0] Pipeline 'egress': end
[02:39:34.143] [bmv2] [D] [thread 10358] [13.0] [cxt 0] Deparser 'deparser': start
[02:39:34.143] [bmv2] [T] [thread 10358] [13.0] [cxt 0] Skipping checksum 'cksum' update because condition not met
[02:39:34.143] [bmv2] [D] [thread 10358] [13.0] [cxt 0] Deparsing header 'ethernet'
[02:39:34.144] [bmv2] [D] [thread 10358] [13.0] [cxt 0] Deparser 'deparser': end
[02:39:34.144] [bmv2] [D] [thread 10362] [13.0] [cxt 0] Transmitting packet of size 70 out of port 0
[02:39:37.211] [bmv2] [D] [thread 10357] [14.0] [cxt 0] Processing packet received on port 1
[02:39:37.211] [bmv2] [D] [thread 10357] [14.0] [cxt 0] Parser 'parser': start
[02:39:37.211] [bmv2] [D] [thread 10357] [14.0] [cxt 0] Parser 'parser' entering state 'start'
[02:39:37.211] [bmv2] [D] [thread 10357] [14.0] [cxt 0] Extracting header 'ethernet'
[02:39:37.212] [bmv2] [D] [thread 10357] [14.0] [cxt 0] Parser state 'start': key is 86dd
[02:39:37.212] [bmv2] [T] [thread 10357] [14.0] [cxt 0] Bytes parsed: 14
[02:39:37.212] [bmv2] [D] [thread 10357] [14.0] [cxt 0] Parser 'parser': end
[02:39:37.212] [bmv2] [D] [thread 10357] [14.0] [cxt 0] Pipeline 'ingress': start
[02:39:37.212] [bmv2] [T] [thread 10357] [14.0] [cxt 0] qos.p4(197) Condition "hdr.vlan.pcp == 7" (node_2) is false
[02:39:37.212] [bmv2] [T] [thread 10357] [14.0] [cxt 0] qos.p4(199) Condition "hdr.vlan.pcp >= 4" (node_4) is false
[02:39:37.213] [bmv2] [T] [thread 10357] [14.0] [cxt 0] Applying table 'tbl_qos202'
[02:39:37.213] [bmv2] [D] [thread 10357] [14.0] [cxt 0] Looking up key:

[02:39:37.213] [bmv2] [D] [thread 10357] [14.0] [cxt 0] Table 'tbl_qos202': miss
[02:39:37.213] [bmv2] [D] [thread 10357] [14.0] [cxt 0] Action entry is qos202 - 
[02:39:37.213] [bmv2] [T] [thread 10357] [14.0] [cxt 0] Action qos202
[02:39:37.213] [bmv2] [T] [thread 10357] [14.0] [cxt 0] qos.p4(202) Primitive meta.qos_priority = 1
[02:39:37.214] [bmv2] [T] [thread 10357] [14.0] [cxt 0] qos.p4(205) Condition "hdr.ipv4.isValid()" (node_7) is false
[02:39:37.215] [bmv2] [D] [thread 10357] [14.0] [cxt 0] Pipeline 'ingress': end
[02:39:37.215] [bmv2] [D] [thread 10357] [14.0] [cxt 0] Egress port is 0
[02:39:37.217] [bmv2] [D] [thread 10358] [14.0] [cxt 0] Pipeline 'egress': start
[02:39:37.217] [bmv2] [T] [thread 10358] [14.0] [cxt 0] qos.p4(228) Condition "meta.qos_priority == 3" (node_14) is false
[02:39:37.217] [bmv2] [T] [thread 10358] [14.0] [cxt 0] qos.p4(230) Condition "meta.qos_priority == 2" (node_16) is false
[02:39:37.217] [bmv2] [T] [thread 10358] [14.0] [cxt 0] Applying table 'tbl_qos233'
[02:39:37.217] [bmv2] [D] [thread 10358] [14.0] [cxt 0] Looking up key:

[02:39:37.217] [bmv2] [D] [thread 10358] [14.0] [cxt 0] Table 'tbl_qos233': miss
[02:39:37.218] [bmv2] [D] [thread 10358] [14.0] [cxt 0] Action entry is qos233 - 
[02:39:37.218] [bmv2] [T] [thread 10358] [14.0] [cxt 0] Action qos233
[02:39:37.218] [bmv2] [T] [thread 10358] [14.0] [cxt 0] qos.p4(233) Primitive standard_metadata.egress_spec = 2
[02:39:37.218] [bmv2] [D] [thread 10358] [14.0] [cxt 0] Pipeline 'egress': end
[02:39:37.218] [bmv2] [D] [thread 10358] [14.0] [cxt 0] Deparser 'deparser': start
[02:39:37.218] [bmv2] [T] [thread 10358] [14.0] [cxt 0] Skipping checksum 'cksum' update because condition not met
[02:39:37.218] [bmv2] [D] [thread 10358] [14.0] [cxt 0] Deparsing header 'ethernet'
[02:39:37.218] [bmv2] [D] [thread 10358] [14.0] [cxt 0] Deparser 'deparser': end
[02:39:37.219] [bmv2] [D] [thread 10362] [14.0] [cxt 0] Transmitting packet of size 70 out of port 0
[02:40:01.786] [bmv2] [D] [thread 10357] [15.0] [cxt 0] Processing packet received on port 2
[02:40:01.786] [bmv2] [D] [thread 10357] [15.0] [cxt 0] Parser 'parser': start
[02:40:01.786] [bmv2] [D] [thread 10357] [15.0] [cxt 0] Parser 'parser' entering state 'start'
[02:40:01.787] [bmv2] [D] [thread 10357] [15.0] [cxt 0] Extracting header 'ethernet'
[02:40:01.787] [bmv2] [D] [thread 10357] [15.0] [cxt 0] Parser state 'start': key is 86dd
[02:40:01.787] [bmv2] [T] [thread 10357] [15.0] [cxt 0] Bytes parsed: 14
[02:40:01.787] [bmv2] [D] [thread 10357] [15.0] [cxt 0] Parser 'parser': end
[02:40:01.787] [bmv2] [D] [thread 10357] [15.0] [cxt 0] Pipeline 'ingress': start
[02:40:01.787] [bmv2] [T] [thread 10357] [15.0] [cxt 0] qos.p4(197) Condition "hdr.vlan.pcp == 7" (node_2) is false
[02:40:01.787] [bmv2] [T] [thread 10357] [15.0] [cxt 0] qos.p4(199) Condition "hdr.vlan.pcp >= 4" (node_4) is false
[02:40:01.787] [bmv2] [T] [thread 10357] [15.0] [cxt 0] Applying table 'tbl_qos202'
[02:40:01.787] [bmv2] [D] [thread 10357] [15.0] [cxt 0] Looking up key:

[02:40:01.787] [bmv2] [D] [thread 10357] [15.0] [cxt 0] Table 'tbl_qos202': miss
[02:40:01.787] [bmv2] [D] [thread 10357] [15.0] [cxt 0] Action entry is qos202 - 
[02:40:01.788] [bmv2] [T] [thread 10357] [15.0] [cxt 0] Action qos202
[02:40:01.788] [bmv2] [T] [thread 10357] [15.0] [cxt 0] qos.p4(202) Primitive meta.qos_priority = 1
[02:40:01.788] [bmv2] [T] [thread 10357] [15.0] [cxt 0] qos.p4(205) Condition "hdr.ipv4.isValid()" (node_7) is false
[02:40:01.788] [bmv2] [D] [thread 10357] [15.0] [cxt 0] Pipeline 'ingress': end
[02:40:01.788] [bmv2] [D] [thread 10357] [15.0] [cxt 0] Egress port is 0
[02:40:01.788] [bmv2] [D] [thread 10358] [15.0] [cxt 0] Pipeline 'egress': start
[02:40:01.788] [bmv2] [T] [thread 10358] [15.0] [cxt 0] qos.p4(228) Condition "meta.qos_priority == 3" (node_14) is false
[02:40:01.788] [bmv2] [T] [thread 10358] [15.0] [cxt 0] qos.p4(230) Condition "meta.qos_priority == 2" (node_16) is false
[02:40:01.788] [bmv2] [T] [thread 10358] [15.0] [cxt 0] Applying table 'tbl_qos233'
[02:40:01.788] [bmv2] [D] [thread 10358] [15.0] [cxt 0] Looking up key:

[02:40:01.789] [bmv2] [D] [thread 10358] [15.0] [cxt 0] Table 'tbl_qos233': miss
[02:40:01.789] [bmv2] [D] [thread 10358] [15.0] [cxt 0] Action entry is qos233 - 
[02:40:01.789] [bmv2] [T] [thread 10358] [15.0] [cxt 0] Action qos233
[02:40:01.789] [bmv2] [T] [thread 10358] [15.0] [cxt 0] qos.p4(233) Primitive standard_metadata.egress_spec = 2
[02:40:01.789] [bmv2] [D] [thread 10358] [15.0] [cxt 0] Pipeline 'egress': end
[02:40:01.789] [bmv2] [D] [thread 10358] [15.0] [cxt 0] Deparser 'deparser': start
[02:40:01.789] [bmv2] [T] [thread 10358] [15.0] [cxt 0] Skipping checksum 'cksum' update because condition not met
[02:40:01.789] [bmv2] [D] [thread 10358] [15.0] [cxt 0] Deparsing header 'ethernet'
[02:40:01.789] [bmv2] [D] [thread 10358] [15.0] [cxt 0] Deparser 'deparser': end
[02:40:01.789] [bmv2] [D] [thread 10362] [15.0] [cxt 0] Transmitting packet of size 70 out of port 0
[02:40:01.790] [bmv2] [D] [thread 10357] [16.0] [cxt 0] Processing packet received on port 3
[02:40:01.790] [bmv2] [D] [thread 10357] [16.0] [cxt 0] Parser 'parser': start
[02:40:01.790] [bmv2] [D] [thread 10357] [16.0] [cxt 0] Parser 'parser' entering state 'start'
[02:40:01.790] [bmv2] [D] [thread 10357] [16.0] [cxt 0] Extracting header 'ethernet'
[02:40:01.790] [bmv2] [D] [thread 10357] [16.0] [cxt 0] Parser state 'start': key is 86dd
[02:40:01.790] [bmv2] [T] [thread 10357] [16.0] [cxt 0] Bytes parsed: 14
[02:40:01.790] [bmv2] [D] [thread 10357] [16.0] [cxt 0] Parser 'parser': end
[02:40:01.790] [bmv2] [D] [thread 10357] [16.0] [cxt 0] Pipeline 'ingress': start
[02:40:01.790] [bmv2] [T] [thread 10357] [16.0] [cxt 0] qos.p4(197) Condition "hdr.vlan.pcp == 7" (node_2) is false
[02:40:01.791] [bmv2] [T] [thread 10357] [16.0] [cxt 0] qos.p4(199) Condition "hdr.vlan.pcp >= 4" (node_4) is false
[02:40:01.791] [bmv2] [T] [thread 10357] [16.0] [cxt 0] Applying table 'tbl_qos202'
[02:40:01.791] [bmv2] [D] [thread 10357] [16.0] [cxt 0] Looking up key:

[02:40:01.791] [bmv2] [D] [thread 10357] [16.0] [cxt 0] Table 'tbl_qos202': miss
[02:40:01.791] [bmv2] [D] [thread 10357] [16.0] [cxt 0] Action entry is qos202 - 
[02:40:01.791] [bmv2] [T] [thread 10357] [16.0] [cxt 0] Action qos202
[02:40:01.791] [bmv2] [T] [thread 10357] [16.0] [cxt 0] qos.p4(202) Primitive meta.qos_priority = 1
[02:40:01.791] [bmv2] [T] [thread 10357] [16.0] [cxt 0] qos.p4(205) Condition "hdr.ipv4.isValid()" (node_7) is false
[02:40:01.791] [bmv2] [D] [thread 10357] [16.0] [cxt 0] Pipeline 'ingress': end
[02:40:01.791] [bmv2] [D] [thread 10357] [16.0] [cxt 0] Egress port is 0
[02:40:01.791] [bmv2] [D] [thread 10358] [16.0] [cxt 0] Pipeline 'egress': start
[02:40:01.792] [bmv2] [T] [thread 10358] [16.0] [cxt 0] qos.p4(228) Condition "meta.qos_priority == 3" (node_14) is false
[02:40:01.792] [bmv2] [T] [thread 10358] [16.0] [cxt 0] qos.p4(230) Condition "meta.qos_priority == 2" (node_16) is false
[02:40:01.792] [bmv2] [T] [thread 10358] [16.0] [cxt 0] Applying table 'tbl_qos233'
[02:40:01.792] [bmv2] [D] [thread 10358] [16.0] [cxt 0] Looking up key:

[02:40:01.792] [bmv2] [D] [thread 10358] [16.0] [cxt 0] Table 'tbl_qos233': miss
[02:40:01.792] [bmv2] [D] [thread 10358] [16.0] [cxt 0] Action entry is qos233 - 
[02:40:01.792] [bmv2] [T] [thread 10358] [16.0] [cxt 0] Action qos233
[02:40:01.792] [bmv2] [T] [thread 10358] [16.0] [cxt 0] qos.p4(233) Primitive standard_metadata.egress_spec = 2
[02:40:01.792] [bmv2] [D] [thread 10358] [16.0] [cxt 0] Pipeline 'egress': end
[02:40:01.792] [bmv2] [D] [thread 10358] [16.0] [cxt 0] Deparser 'deparser': start
[02:40:01.792] [bmv2] [T] [thread 10358] [16.0] [cxt 0] Skipping checksum 'cksum' update because condition not met
[02:40:01.792] [bmv2] [D] [thread 10358] [16.0] [cxt 0] Deparsing header 'ethernet'
[02:40:01.792] [bmv2] [D] [thread 10358] [16.0] [cxt 0] Deparser 'deparser': end
[02:40:01.792] [bmv2] [D] [thread 10362] [16.0] [cxt 0] Transmitting packet of size 70 out of port 0
[02:40:05.870] [bmv2] [D] [thread 10357] [17.0] [cxt 0] Processing packet received on port 2
[02:40:05.871] [bmv2] [D] [thread 10357] [17.0] [cxt 0] Parser 'parser': start
[02:40:05.871] [bmv2] [D] [thread 10357] [17.0] [cxt 0] Parser 'parser' entering state 'start'
[02:40:05.871] [bmv2] [D] [thread 10357] [17.0] [cxt 0] Extracting header 'ethernet'
[02:40:05.871] [bmv2] [D] [thread 10357] [17.0] [cxt 0] Parser state 'start': key is 86dd
[02:40:05.871] [bmv2] [T] [thread 10357] [17.0] [cxt 0] Bytes parsed: 14
[02:40:05.872] [bmv2] [D] [thread 10357] [17.0] [cxt 0] Parser 'parser': end
[02:40:05.872] [bmv2] [D] [thread 10357] [17.0] [cxt 0] Pipeline 'ingress': start
[02:40:05.872] [bmv2] [T] [thread 10357] [17.0] [cxt 0] qos.p4(197) Condition "hdr.vlan.pcp == 7" (node_2) is false
[02:40:05.872] [bmv2] [T] [thread 10357] [17.0] [cxt 0] qos.p4(199) Condition "hdr.vlan.pcp >= 4" (node_4) is false
[02:40:05.872] [bmv2] [T] [thread 10357] [17.0] [cxt 0] Applying table 'tbl_qos202'
[02:40:05.872] [bmv2] [D] [thread 10357] [17.0] [cxt 0] Looking up key:

[02:40:05.872] [bmv2] [D] [thread 10357] [17.0] [cxt 0] Table 'tbl_qos202': miss
[02:40:05.873] [bmv2] [D] [thread 10357] [17.0] [cxt 0] Action entry is qos202 - 
[02:40:05.873] [bmv2] [T] [thread 10357] [17.0] [cxt 0] Action qos202
[02:40:05.873] [bmv2] [T] [thread 10357] [17.0] [cxt 0] qos.p4(202) Primitive meta.qos_priority = 1
[02:40:05.873] [bmv2] [T] [thread 10357] [17.0] [cxt 0] qos.p4(205) Condition "hdr.ipv4.isValid()" (node_7) is false
[02:40:05.873] [bmv2] [D] [thread 10357] [17.0] [cxt 0] Pipeline 'ingress': end
[02:40:05.873] [bmv2] [D] [thread 10357] [17.0] [cxt 0] Egress port is 0
[02:40:05.890] [bmv2] [D] [thread 10358] [17.0] [cxt 0] Pipeline 'egress': start
[02:40:05.891] [bmv2] [T] [thread 10358] [17.0] [cxt 0] qos.p4(228) Condition "meta.qos_priority == 3" (node_14) is false
[02:40:05.891] [bmv2] [T] [thread 10358] [17.0] [cxt 0] qos.p4(230) Condition "meta.qos_priority == 2" (node_16) is false
[02:40:05.891] [bmv2] [T] [thread 10358] [17.0] [cxt 0] Applying table 'tbl_qos233'
[02:40:05.891] [bmv2] [D] [thread 10358] [17.0] [cxt 0] Looking up key:

[02:40:05.891] [bmv2] [D] [thread 10358] [17.0] [cxt 0] Table 'tbl_qos233': miss
[02:40:05.891] [bmv2] [D] [thread 10358] [17.0] [cxt 0] Action entry is qos233 - 
[02:40:05.891] [bmv2] [T] [thread 10358] [17.0] [cxt 0] Action qos233
[02:40:05.891] [bmv2] [T] [thread 10358] [17.0] [cxt 0] qos.p4(233) Primitive standard_metadata.egress_spec = 2
[02:40:05.891] [bmv2] [D] [thread 10358] [17.0] [cxt 0] Pipeline 'egress': end
[02:40:05.891] [bmv2] [D] [thread 10358] [17.0] [cxt 0] Deparser 'deparser': start
[02:40:05.891] [bmv2] [T] [thread 10358] [17.0] [cxt 0] Skipping checksum 'cksum' update because condition not met
[02:40:05.891] [bmv2] [D] [thread 10358] [17.0] [cxt 0] Deparsing header 'ethernet'
[02:40:05.891] [bmv2] [D] [thread 10358] [17.0] [cxt 0] Deparser 'deparser': end
[02:40:05.892] [bmv2] [D] [thread 10362] [17.0] [cxt 0] Transmitting packet of size 70 out of port 0
[02:40:05.893] [bmv2] [D] [thread 10357] [18.0] [cxt 0] Processing packet received on port 3
[02:40:05.893] [bmv2] [D] [thread 10357] [18.0] [cxt 0] Parser 'parser': start
[02:40:05.893] [bmv2] [D] [thread 10357] [18.0] [cxt 0] Parser 'parser' entering state 'start'
[02:40:05.893] [bmv2] [D] [thread 10357] [18.0] [cxt 0] Extracting header 'ethernet'
[02:40:05.897] [bmv2] [D] [thread 10357] [18.0] [cxt 0] Parser state 'start': key is 86dd
[02:40:05.898] [bmv2] [T] [thread 10357] [18.0] [cxt 0] Bytes parsed: 14
[02:40:05.898] [bmv2] [D] [thread 10357] [18.0] [cxt 0] Parser 'parser': end
[02:40:05.898] [bmv2] [D] [thread 10357] [18.0] [cxt 0] Pipeline 'ingress': start
[02:40:05.898] [bmv2] [T] [thread 10357] [18.0] [cxt 0] qos.p4(197) Condition "hdr.vlan.pcp == 7" (node_2) is false
[02:40:05.898] [bmv2] [T] [thread 10357] [18.0] [cxt 0] qos.p4(199) Condition "hdr.vlan.pcp >= 4" (node_4) is false
[02:40:05.898] [bmv2] [T] [thread 10357] [18.0] [cxt 0] Applying table 'tbl_qos202'
[02:40:05.898] [bmv2] [D] [thread 10357] [18.0] [cxt 0] Looking up key:

[02:40:05.898] [bmv2] [D] [thread 10357] [18.0] [cxt 0] Table 'tbl_qos202': miss
[02:40:05.898] [bmv2] [D] [thread 10357] [18.0] [cxt 0] Action entry is qos202 - 
[02:40:05.898] [bmv2] [T] [thread 10357] [18.0] [cxt 0] Action qos202
[02:40:05.898] [bmv2] [T] [thread 10357] [18.0] [cxt 0] qos.p4(202) Primitive meta.qos_priority = 1
[02:40:05.898] [bmv2] [T] [thread 10357] [18.0] [cxt 0] qos.p4(205) Condition "hdr.ipv4.isValid()" (node_7) is false
[02:40:05.898] [bmv2] [D] [thread 10357] [18.0] [cxt 0] Pipeline 'ingress': end
[02:40:05.898] [bmv2] [D] [thread 10357] [18.0] [cxt 0] Egress port is 0
[02:40:05.901] [bmv2] [D] [thread 10358] [18.0] [cxt 0] Pipeline 'egress': start
[02:40:05.901] [bmv2] [T] [thread 10358] [18.0] [cxt 0] qos.p4(228) Condition "meta.qos_priority == 3" (node_14) is false
[02:40:05.901] [bmv2] [T] [thread 10358] [18.0] [cxt 0] qos.p4(230) Condition "meta.qos_priority == 2" (node_16) is false
[02:40:05.901] [bmv2] [T] [thread 10358] [18.0] [cxt 0] Applying table 'tbl_qos233'
[02:40:05.901] [bmv2] [D] [thread 10358] [18.0] [cxt 0] Looking up key:

[02:40:05.901] [bmv2] [D] [thread 10358] [18.0] [cxt 0] Table 'tbl_qos233': miss
[02:40:05.901] [bmv2] [D] [thread 10358] [18.0] [cxt 0] Action entry is qos233 - 
[02:40:05.901] [bmv2] [T] [thread 10358] [18.0] [cxt 0] Action qos233
[02:40:05.901] [bmv2] [T] [thread 10358] [18.0] [cxt 0] qos.p4(233) Primitive standard_metadata.egress_spec = 2
[02:40:05.901] [bmv2] [D] [thread 10358] [18.0] [cxt 0] Pipeline 'egress': end
[02:40:05.901] [bmv2] [D] [thread 10358] [18.0] [cxt 0] Deparser 'deparser': start
[02:40:05.902] [bmv2] [T] [thread 10358] [18.0] [cxt 0] Skipping checksum 'cksum' update because condition not met
[02:40:05.902] [bmv2] [D] [thread 10358] [18.0] [cxt 0] Deparsing header 'ethernet'
[02:40:05.902] [bmv2] [D] [thread 10358] [18.0] [cxt 0] Deparser 'deparser': end
[02:40:05.902] [bmv2] [D] [thread 10362] [18.0] [cxt 0] Transmitting packet of size 70 out of port 0
[02:40:14.060] [bmv2] [D] [thread 10357] [19.0] [cxt 0] Processing packet received on port 1
[02:40:14.061] [bmv2] [D] [thread 10357] [19.0] [cxt 0] Parser 'parser': start
[02:40:14.061] [bmv2] [D] [thread 10357] [19.0] [cxt 0] Parser 'parser' entering state 'start'
[02:40:14.061] [bmv2] [D] [thread 10357] [19.0] [cxt 0] Extracting header 'ethernet'
[02:40:14.062] [bmv2] [D] [thread 10357] [19.0] [cxt 0] Parser state 'start': key is 86dd
[02:40:14.062] [bmv2] [T] [thread 10357] [19.0] [cxt 0] Bytes parsed: 14
[02:40:14.063] [bmv2] [D] [thread 10357] [19.0] [cxt 0] Parser 'parser': end
[02:40:14.063] [bmv2] [D] [thread 10357] [19.0] [cxt 0] Pipeline 'ingress': start
[02:40:14.063] [bmv2] [T] [thread 10357] [19.0] [cxt 0] qos.p4(197) Condition "hdr.vlan.pcp == 7" (node_2) is false
[02:40:14.063] [bmv2] [T] [thread 10357] [19.0] [cxt 0] qos.p4(199) Condition "hdr.vlan.pcp >= 4" (node_4) is false
[02:40:14.063] [bmv2] [T] [thread 10357] [19.0] [cxt 0] Applying table 'tbl_qos202'
[02:40:14.063] [bmv2] [D] [thread 10357] [19.0] [cxt 0] Looking up key:

[02:40:14.063] [bmv2] [D] [thread 10357] [19.0] [cxt 0] Table 'tbl_qos202': miss
[02:40:14.064] [bmv2] [D] [thread 10357] [19.0] [cxt 0] Action entry is qos202 - 
[02:40:14.064] [bmv2] [T] [thread 10357] [19.0] [cxt 0] Action qos202
[02:40:14.064] [bmv2] [T] [thread 10357] [19.0] [cxt 0] qos.p4(202) Primitive meta.qos_priority = 1
[02:40:14.064] [bmv2] [T] [thread 10357] [19.0] [cxt 0] qos.p4(205) Condition "hdr.ipv4.isValid()" (node_7) is false
[02:40:14.064] [bmv2] [D] [thread 10357] [19.0] [cxt 0] Pipeline 'ingress': end
[02:40:14.064] [bmv2] [D] [thread 10357] [19.0] [cxt 0] Egress port is 0
[02:40:14.065] [bmv2] [D] [thread 10358] [19.0] [cxt 0] Pipeline 'egress': start
[02:40:14.065] [bmv2] [T] [thread 10358] [19.0] [cxt 0] qos.p4(228) Condition "meta.qos_priority == 3" (node_14) is false
[02:40:14.065] [bmv2] [T] [thread 10358] [19.0] [cxt 0] qos.p4(230) Condition "meta.qos_priority == 2" (node_16) is false
[02:40:14.065] [bmv2] [T] [thread 10358] [19.0] [cxt 0] Applying table 'tbl_qos233'
[02:40:14.066] [bmv2] [D] [thread 10358] [19.0] [cxt 0] Looking up key:

[02:40:14.066] [bmv2] [D] [thread 10358] [19.0] [cxt 0] Table 'tbl_qos233': miss
[02:40:14.066] [bmv2] [D] [thread 10358] [19.0] [cxt 0] Action entry is qos233 - 
[02:40:14.066] [bmv2] [T] [thread 10358] [19.0] [cxt 0] Action qos233
[02:40:14.066] [bmv2] [T] [thread 10358] [19.0] [cxt 0] qos.p4(233) Primitive standard_metadata.egress_spec = 2
[02:40:14.066] [bmv2] [D] [thread 10358] [19.0] [cxt 0] Pipeline 'egress': end
[02:40:14.066] [bmv2] [D] [thread 10358] [19.0] [cxt 0] Deparser 'deparser': start
[02:40:14.066] [bmv2] [T] [thread 10358] [19.0] [cxt 0] Skipping checksum 'cksum' update because condition not met
[02:40:14.066] [bmv2] [D] [thread 10358] [19.0] [cxt 0] Deparsing header 'ethernet'
[02:40:14.067] [bmv2] [D] [thread 10358] [19.0] [cxt 0] Deparser 'deparser': end
[02:40:14.067] [bmv2] [D] [thread 10362] [19.0] [cxt 0] Transmitting packet of size 70 out of port 0
[02:40:59.119] [bmv2] [D] [thread 10357] [20.0] [cxt 0] Processing packet received on port 3
[02:40:59.120] [bmv2] [D] [thread 10357] [20.0] [cxt 0] Parser 'parser': start
[02:40:59.120] [bmv2] [D] [thread 10357] [20.0] [cxt 0] Parser 'parser' entering state 'start'
[02:40:59.120] [bmv2] [D] [thread 10357] [20.0] [cxt 0] Extracting header 'ethernet'
[02:40:59.120] [bmv2] [D] [thread 10357] [20.0] [cxt 0] Parser state 'start': key is 86dd
[02:40:59.121] [bmv2] [T] [thread 10357] [20.0] [cxt 0] Bytes parsed: 14
[02:40:59.121] [bmv2] [D] [thread 10357] [20.0] [cxt 0] Parser 'parser': end
[02:40:59.121] [bmv2] [D] [thread 10357] [20.0] [cxt 0] Pipeline 'ingress': start
[02:40:59.121] [bmv2] [T] [thread 10357] [20.0] [cxt 0] qos.p4(197) Condition "hdr.vlan.pcp == 7" (node_2) is false
[02:40:59.121] [bmv2] [T] [thread 10357] [20.0] [cxt 0] qos.p4(199) Condition "hdr.vlan.pcp >= 4" (node_4) is false
[02:40:59.121] [bmv2] [T] [thread 10357] [20.0] [cxt 0] Applying table 'tbl_qos202'
[02:40:59.126] [bmv2] [D] [thread 10357] [20.0] [cxt 0] Looking up key:

[02:40:59.126] [bmv2] [D] [thread 10357] [20.0] [cxt 0] Table 'tbl_qos202': miss
[02:40:59.126] [bmv2] [D] [thread 10357] [20.0] [cxt 0] Action entry is qos202 - 
[02:40:59.126] [bmv2] [T] [thread 10357] [20.0] [cxt 0] Action qos202
[02:40:59.126] [bmv2] [T] [thread 10357] [20.0] [cxt 0] qos.p4(202) Primitive meta.qos_priority = 1
[02:40:59.127] [bmv2] [T] [thread 10357] [20.0] [cxt 0] qos.p4(205) Condition "hdr.ipv4.isValid()" (node_7) is false
[02:40:59.127] [bmv2] [D] [thread 10357] [20.0] [cxt 0] Pipeline 'ingress': end
[02:40:59.127] [bmv2] [D] [thread 10357] [20.0] [cxt 0] Egress port is 0
[02:40:59.137] [bmv2] [D] [thread 10358] [20.0] [cxt 0] Pipeline 'egress': start
[02:40:59.137] [bmv2] [T] [thread 10358] [20.0] [cxt 0] qos.p4(228) Condition "meta.qos_priority == 3" (node_14) is false
[02:40:59.137] [bmv2] [T] [thread 10358] [20.0] [cxt 0] qos.p4(230) Condition "meta.qos_priority == 2" (node_16) is false
[02:40:59.137] [bmv2] [T] [thread 10358] [20.0] [cxt 0] Applying table 'tbl_qos233'
[02:40:59.137] [bmv2] [D] [thread 10358] [20.0] [cxt 0] Looking up key:

[02:40:59.138] [bmv2] [D] [thread 10358] [20.0] [cxt 0] Table 'tbl_qos233': miss
[02:40:59.138] [bmv2] [D] [thread 10358] [20.0] [cxt 0] Action entry is qos233 - 
[02:40:59.138] [bmv2] [T] [thread 10358] [20.0] [cxt 0] Action qos233
[02:40:59.138] [bmv2] [T] [thread 10358] [20.0] [cxt 0] qos.p4(233) Primitive standard_metadata.egress_spec = 2
[02:40:59.138] [bmv2] [D] [thread 10358] [20.0] [cxt 0] Pipeline 'egress': end
[02:40:59.138] [bmv2] [D] [thread 10358] [20.0] [cxt 0] Deparser 'deparser': start
[02:40:59.138] [bmv2] [T] [thread 10358] [20.0] [cxt 0] Skipping checksum 'cksum' update because condition not met
[02:40:59.138] [bmv2] [D] [thread 10358] [20.0] [cxt 0] Deparsing header 'ethernet'
[02:40:59.138] [bmv2] [D] [thread 10358] [20.0] [cxt 0] Deparser 'deparser': end
[02:40:59.139] [bmv2] [D] [thread 10362] [20.0] [cxt 0] Transmitting packet of size 70 out of port 0
[02:41:03.219] [bmv2] [D] [thread 10357] [21.0] [cxt 0] Processing packet received on port 2
[02:41:03.219] [bmv2] [D] [thread 10357] [21.0] [cxt 0] Parser 'parser': start
[02:41:03.219] [bmv2] [D] [thread 10357] [21.0] [cxt 0] Parser 'parser' entering state 'start'
[02:41:03.219] [bmv2] [D] [thread 10357] [21.0] [cxt 0] Extracting header 'ethernet'
[02:41:03.220] [bmv2] [D] [thread 10357] [21.0] [cxt 0] Parser state 'start': key is 86dd
[02:41:03.220] [bmv2] [T] [thread 10357] [21.0] [cxt 0] Bytes parsed: 14
[02:41:03.220] [bmv2] [D] [thread 10357] [21.0] [cxt 0] Parser 'parser': end
[02:41:03.220] [bmv2] [D] [thread 10357] [21.0] [cxt 0] Pipeline 'ingress': start
[02:41:03.220] [bmv2] [T] [thread 10357] [21.0] [cxt 0] qos.p4(197) Condition "hdr.vlan.pcp == 7" (node_2) is false
[02:41:03.220] [bmv2] [T] [thread 10357] [21.0] [cxt 0] qos.p4(199) Condition "hdr.vlan.pcp >= 4" (node_4) is false
[02:41:03.221] [bmv2] [T] [thread 10357] [21.0] [cxt 0] Applying table 'tbl_qos202'
[02:41:03.221] [bmv2] [D] [thread 10357] [21.0] [cxt 0] Looking up key:

[02:41:03.221] [bmv2] [D] [thread 10357] [21.0] [cxt 0] Table 'tbl_qos202': miss
[02:41:03.221] [bmv2] [D] [thread 10357] [21.0] [cxt 0] Action entry is qos202 - 
[02:41:03.221] [bmv2] [T] [thread 10357] [21.0] [cxt 0] Action qos202
[02:41:03.221] [bmv2] [T] [thread 10357] [21.0] [cxt 0] qos.p4(202) Primitive meta.qos_priority = 1
[02:41:03.225] [bmv2] [T] [thread 10357] [21.0] [cxt 0] qos.p4(205) Condition "hdr.ipv4.isValid()" (node_7) is false
[02:41:03.225] [bmv2] [D] [thread 10357] [21.0] [cxt 0] Pipeline 'ingress': end
[02:41:03.225] [bmv2] [D] [thread 10357] [21.0] [cxt 0] Egress port is 0
[02:41:03.225] [bmv2] [D] [thread 10358] [21.0] [cxt 0] Pipeline 'egress': start
[02:41:03.225] [bmv2] [T] [thread 10358] [21.0] [cxt 0] qos.p4(228) Condition "meta.qos_priority == 3" (node_14) is false
[02:41:03.226] [bmv2] [T] [thread 10358] [21.0] [cxt 0] qos.p4(230) Condition "meta.qos_priority == 2" (node_16) is false
[02:41:03.226] [bmv2] [T] [thread 10358] [21.0] [cxt 0] Applying table 'tbl_qos233'
[02:41:03.226] [bmv2] [D] [thread 10358] [21.0] [cxt 0] Looking up key:

[02:41:03.226] [bmv2] [D] [thread 10358] [21.0] [cxt 0] Table 'tbl_qos233': miss
[02:41:03.226] [bmv2] [D] [thread 10358] [21.0] [cxt 0] Action entry is qos233 - 
[02:41:03.226] [bmv2] [T] [thread 10358] [21.0] [cxt 0] Action qos233
[02:41:03.227] [bmv2] [T] [thread 10358] [21.0] [cxt 0] qos.p4(233) Primitive standard_metadata.egress_spec = 2
[02:41:03.227] [bmv2] [D] [thread 10358] [21.0] [cxt 0] Pipeline 'egress': end
[02:41:03.227] [bmv2] [D] [thread 10358] [21.0] [cxt 0] Deparser 'deparser': start
[02:41:03.227] [bmv2] [T] [thread 10358] [21.0] [cxt 0] Skipping checksum 'cksum' update because condition not met
[02:41:03.227] [bmv2] [D] [thread 10358] [21.0] [cxt 0] Deparsing header 'ethernet'
[02:41:03.227] [bmv2] [D] [thread 10358] [21.0] [cxt 0] Deparser 'deparser': end
[02:41:03.227] [bmv2] [D] [thread 10362] [21.0] [cxt 0] Transmitting packet of size 70 out of port 0
[02:41:07.309] [bmv2] [D] [thread 10357] [22.0] [cxt 0] Processing packet received on port 3
[02:41:07.315] [bmv2] [D] [thread 10357] [22.0] [cxt 0] Parser 'parser': start
[02:41:07.315] [bmv2] [D] [thread 10357] [22.0] [cxt 0] Parser 'parser' entering state 'start'
[02:41:07.315] [bmv2] [D] [thread 10357] [22.0] [cxt 0] Extracting header 'ethernet'
[02:41:07.315] [bmv2] [D] [thread 10357] [22.0] [cxt 0] Parser state 'start': key is 86dd
[02:41:07.315] [bmv2] [T] [thread 10357] [22.0] [cxt 0] Bytes parsed: 14
[02:41:07.315] [bmv2] [D] [thread 10357] [22.0] [cxt 0] Parser 'parser': end
[02:41:07.316] [bmv2] [D] [thread 10357] [22.0] [cxt 0] Pipeline 'ingress': start
[02:41:07.316] [bmv2] [T] [thread 10357] [22.0] [cxt 0] qos.p4(197) Condition "hdr.vlan.pcp == 7" (node_2) is false
[02:41:07.316] [bmv2] [T] [thread 10357] [22.0] [cxt 0] qos.p4(199) Condition "hdr.vlan.pcp >= 4" (node_4) is false
[02:41:07.316] [bmv2] [T] [thread 10357] [22.0] [cxt 0] Applying table 'tbl_qos202'
[02:41:07.316] [bmv2] [D] [thread 10357] [22.0] [cxt 0] Looking up key:

[02:41:07.316] [bmv2] [D] [thread 10357] [22.0] [cxt 0] Table 'tbl_qos202': miss
[02:41:07.316] [bmv2] [D] [thread 10357] [22.0] [cxt 0] Action entry is qos202 - 
[02:41:07.316] [bmv2] [T] [thread 10357] [22.0] [cxt 0] Action qos202
[02:41:07.316] [bmv2] [T] [thread 10357] [22.0] [cxt 0] qos.p4(202) Primitive meta.qos_priority = 1
[02:41:07.316] [bmv2] [T] [thread 10357] [22.0] [cxt 0] qos.p4(205) Condition "hdr.ipv4.isValid()" (node_7) is false
[02:41:07.317] [bmv2] [D] [thread 10357] [22.0] [cxt 0] Pipeline 'ingress': end
[02:41:07.317] [bmv2] [D] [thread 10357] [22.0] [cxt 0] Egress port is 0
[02:41:07.320] [bmv2] [D] [thread 10358] [22.0] [cxt 0] Pipeline 'egress': start
[02:41:07.321] [bmv2] [T] [thread 10358] [22.0] [cxt 0] qos.p4(228) Condition "meta.qos_priority == 3" (node_14) is false
[02:41:07.321] [bmv2] [T] [thread 10358] [22.0] [cxt 0] qos.p4(230) Condition "meta.qos_priority == 2" (node_16) is false
[02:41:07.321] [bmv2] [T] [thread 10358] [22.0] [cxt 0] Applying table 'tbl_qos233'
[02:41:07.321] [bmv2] [D] [thread 10358] [22.0] [cxt 0] Looking up key:

[02:41:07.321] [bmv2] [D] [thread 10358] [22.0] [cxt 0] Table 'tbl_qos233': miss
[02:41:07.321] [bmv2] [D] [thread 10358] [22.0] [cxt 0] Action entry is qos233 - 
[02:41:07.321] [bmv2] [T] [thread 10358] [22.0] [cxt 0] Action qos233
[02:41:07.321] [bmv2] [T] [thread 10358] [22.0] [cxt 0] qos.p4(233) Primitive standard_metadata.egress_spec = 2
[02:41:07.322] [bmv2] [D] [thread 10358] [22.0] [cxt 0] Pipeline 'egress': end
[02:41:07.322] [bmv2] [D] [thread 10358] [22.0] [cxt 0] Deparser 'deparser': start
[02:41:07.322] [bmv2] [T] [thread 10358] [22.0] [cxt 0] Skipping checksum 'cksum' update because condition not met
[02:41:07.322] [bmv2] [D] [thread 10358] [22.0] [cxt 0] Deparsing header 'ethernet'
[02:41:07.322] [bmv2] [D] [thread 10358] [22.0] [cxt 0] Deparser 'deparser': end
[02:41:07.323] [bmv2] [D] [thread 10362] [22.0] [cxt 0] Transmitting packet of size 70 out of port 0
[02:41:09.357] [bmv2] [D] [thread 10357] [23.0] [cxt 0] Processing packet received on port 2
[02:41:09.358] [bmv2] [D] [thread 10357] [23.0] [cxt 0] Parser 'parser': start
[02:41:09.358] [bmv2] [D] [thread 10357] [23.0] [cxt 0] Parser 'parser' entering state 'start'
[02:41:09.358] [bmv2] [D] [thread 10357] [23.0] [cxt 0] Extracting header 'ethernet'
[02:41:09.359] [bmv2] [D] [thread 10357] [23.0] [cxt 0] Parser state 'start': key is 86dd
[02:41:09.359] [bmv2] [T] [thread 10357] [23.0] [cxt 0] Bytes parsed: 14
[02:41:09.359] [bmv2] [D] [thread 10357] [23.0] [cxt 0] Parser 'parser': end
[02:41:09.359] [bmv2] [D] [thread 10357] [23.0] [cxt 0] Pipeline 'ingress': start
[02:41:09.359] [bmv2] [T] [thread 10357] [23.0] [cxt 0] qos.p4(197) Condition "hdr.vlan.pcp == 7" (node_2) is false
[02:41:09.360] [bmv2] [T] [thread 10357] [23.0] [cxt 0] qos.p4(199) Condition "hdr.vlan.pcp >= 4" (node_4) is false
[02:41:09.360] [bmv2] [T] [thread 10357] [23.0] [cxt 0] Applying table 'tbl_qos202'
[02:41:09.360] [bmv2] [D] [thread 10357] [23.0] [cxt 0] Looking up key:

[02:41:09.360] [bmv2] [D] [thread 10357] [23.0] [cxt 0] Table 'tbl_qos202': miss
[02:41:09.361] [bmv2] [D] [thread 10357] [23.0] [cxt 0] Action entry is qos202 - 
[02:41:09.361] [bmv2] [T] [thread 10357] [23.0] [cxt 0] Action qos202
[02:41:09.361] [bmv2] [T] [thread 10357] [23.0] [cxt 0] qos.p4(202) Primitive meta.qos_priority = 1
[02:41:09.361] [bmv2] [T] [thread 10357] [23.0] [cxt 0] qos.p4(205) Condition "hdr.ipv4.isValid()" (node_7) is false
[02:41:09.361] [bmv2] [D] [thread 10357] [23.0] [cxt 0] Pipeline 'ingress': end
[02:41:09.361] [bmv2] [D] [thread 10357] [23.0] [cxt 0] Egress port is 0
[02:41:09.372] [bmv2] [D] [thread 10358] [23.0] [cxt 0] Pipeline 'egress': start
[02:41:09.372] [bmv2] [T] [thread 10358] [23.0] [cxt 0] qos.p4(228) Condition "meta.qos_priority == 3" (node_14) is false
[02:41:09.372] [bmv2] [T] [thread 10358] [23.0] [cxt 0] qos.p4(230) Condition "meta.qos_priority == 2" (node_16) is false
[02:41:09.372] [bmv2] [T] [thread 10358] [23.0] [cxt 0] Applying table 'tbl_qos233'
[02:41:09.373] [bmv2] [D] [thread 10358] [23.0] [cxt 0] Looking up key:

[02:41:09.373] [bmv2] [D] [thread 10358] [23.0] [cxt 0] Table 'tbl_qos233': miss
[02:41:09.373] [bmv2] [D] [thread 10358] [23.0] [cxt 0] Action entry is qos233 - 
[02:41:09.373] [bmv2] [T] [thread 10358] [23.0] [cxt 0] Action qos233
[02:41:09.373] [bmv2] [T] [thread 10358] [23.0] [cxt 0] qos.p4(233) Primitive standard_metadata.egress_spec = 2
[02:41:09.373] [bmv2] [D] [thread 10358] [23.0] [cxt 0] Pipeline 'egress': end
[02:41:09.373] [bmv2] [D] [thread 10358] [23.0] [cxt 0] Deparser 'deparser': start
[02:41:09.373] [bmv2] [T] [thread 10358] [23.0] [cxt 0] Skipping checksum 'cksum' update because condition not met
[02:41:09.373] [bmv2] [D] [thread 10358] [23.0] [cxt 0] Deparsing header 'ethernet'
[02:41:09.373] [bmv2] [D] [thread 10358] [23.0] [cxt 0] Deparser 'deparser': end
[02:41:09.374] [bmv2] [D] [thread 10362] [23.0] [cxt 0] Transmitting packet of size 70 out of port 0
[02:41:23.695] [bmv2] [D] [thread 10357] [24.0] [cxt 0] Processing packet received on port 1
[02:41:23.696] [bmv2] [D] [thread 10357] [24.0] [cxt 0] Parser 'parser': start
[02:41:23.696] [bmv2] [D] [thread 10357] [24.0] [cxt 0] Parser 'parser' entering state 'start'
[02:41:23.696] [bmv2] [D] [thread 10357] [24.0] [cxt 0] Extracting header 'ethernet'
[02:41:23.697] [bmv2] [D] [thread 10357] [24.0] [cxt 0] Parser state 'start': key is 86dd
[02:41:23.698] [bmv2] [T] [thread 10357] [24.0] [cxt 0] Bytes parsed: 14
[02:41:23.698] [bmv2] [D] [thread 10357] [24.0] [cxt 0] Parser 'parser': end
[02:41:23.698] [bmv2] [D] [thread 10357] [24.0] [cxt 0] Pipeline 'ingress': start
[02:41:23.699] [bmv2] [T] [thread 10357] [24.0] [cxt 0] qos.p4(197) Condition "hdr.vlan.pcp == 7" (node_2) is false
[02:41:23.699] [bmv2] [T] [thread 10357] [24.0] [cxt 0] qos.p4(199) Condition "hdr.vlan.pcp >= 4" (node_4) is false
[02:41:23.699] [bmv2] [T] [thread 10357] [24.0] [cxt 0] Applying table 'tbl_qos202'
[02:41:23.699] [bmv2] [D] [thread 10357] [24.0] [cxt 0] Looking up key:

[02:41:23.700] [bmv2] [D] [thread 10357] [24.0] [cxt 0] Table 'tbl_qos202': miss
[02:41:23.700] [bmv2] [D] [thread 10357] [24.0] [cxt 0] Action entry is qos202 - 
[02:41:23.700] [bmv2] [T] [thread 10357] [24.0] [cxt 0] Action qos202
[02:41:23.700] [bmv2] [T] [thread 10357] [24.0] [cxt 0] qos.p4(202) Primitive meta.qos_priority = 1
[02:41:23.700] [bmv2] [T] [thread 10357] [24.0] [cxt 0] qos.p4(205) Condition "hdr.ipv4.isValid()" (node_7) is false
[02:41:23.701] [bmv2] [D] [thread 10357] [24.0] [cxt 0] Pipeline 'ingress': end
[02:41:23.701] [bmv2] [D] [thread 10357] [24.0] [cxt 0] Egress port is 0
[02:41:23.702] [bmv2] [D] [thread 10358] [24.0] [cxt 0] Pipeline 'egress': start
[02:41:23.702] [bmv2] [T] [thread 10358] [24.0] [cxt 0] qos.p4(228) Condition "meta.qos_priority == 3" (node_14) is false
[02:41:23.702] [bmv2] [T] [thread 10358] [24.0] [cxt 0] qos.p4(230) Condition "meta.qos_priority == 2" (node_16) is false
[02:41:23.703] [bmv2] [T] [thread 10358] [24.0] [cxt 0] Applying table 'tbl_qos233'
[02:41:23.703] [bmv2] [D] [thread 10358] [24.0] [cxt 0] Looking up key:

[02:41:23.703] [bmv2] [D] [thread 10358] [24.0] [cxt 0] Table 'tbl_qos233': miss
[02:41:23.704] [bmv2] [D] [thread 10358] [24.0] [cxt 0] Action entry is qos233 - 
[02:41:23.704] [bmv2] [T] [thread 10358] [24.0] [cxt 0] Action qos233
[02:41:23.704] [bmv2] [T] [thread 10358] [24.0] [cxt 0] qos.p4(233) Primitive standard_metadata.egress_spec = 2
[02:41:23.704] [bmv2] [D] [thread 10358] [24.0] [cxt 0] Pipeline 'egress': end
[02:41:23.704] [bmv2] [D] [thread 10358] [24.0] [cxt 0] Deparser 'deparser': start
[02:41:23.705] [bmv2] [T] [thread 10358] [24.0] [cxt 0] Skipping checksum 'cksum' update because condition not met
[02:41:23.705] [bmv2] [D] [thread 10358] [24.0] [cxt 0] Deparsing header 'ethernet'
[02:41:23.705] [bmv2] [D] [thread 10358] [24.0] [cxt 0] Deparser 'deparser': end
[02:41:23.705] [bmv2] [D] [thread 10362] [24.0] [cxt 0] Transmitting packet of size 70 out of port 0
[02:42:57.911] [bmv2] [D] [thread 10357] [25.0] [cxt 0] Processing packet received on port 3
[02:42:57.911] [bmv2] [D] [thread 10357] [25.0] [cxt 0] Parser 'parser': start
[02:42:57.911] [bmv2] [D] [thread 10357] [25.0] [cxt 0] Parser 'parser' entering state 'start'
[02:42:57.912] [bmv2] [D] [thread 10357] [25.0] [cxt 0] Extracting header 'ethernet'
[02:42:57.912] [bmv2] [D] [thread 10357] [25.0] [cxt 0] Parser state 'start': key is 86dd
[02:42:57.912] [bmv2] [T] [thread 10357] [25.0] [cxt 0] Bytes parsed: 14
[02:42:57.912] [bmv2] [D] [thread 10357] [25.0] [cxt 0] Parser 'parser': end
[02:42:57.912] [bmv2] [D] [thread 10357] [25.0] [cxt 0] Pipeline 'ingress': start
[02:42:57.912] [bmv2] [T] [thread 10357] [25.0] [cxt 0] qos.p4(197) Condition "hdr.vlan.pcp == 7" (node_2) is false
[02:42:57.912] [bmv2] [T] [thread 10357] [25.0] [cxt 0] qos.p4(199) Condition "hdr.vlan.pcp >= 4" (node_4) is false
[02:42:57.912] [bmv2] [T] [thread 10357] [25.0] [cxt 0] Applying table 'tbl_qos202'
[02:42:57.913] [bmv2] [D] [thread 10357] [25.0] [cxt 0] Looking up key:

[02:42:57.913] [bmv2] [D] [thread 10357] [25.0] [cxt 0] Table 'tbl_qos202': miss
[02:42:57.913] [bmv2] [D] [thread 10357] [25.0] [cxt 0] Action entry is qos202 - 
[02:42:57.913] [bmv2] [T] [thread 10357] [25.0] [cxt 0] Action qos202
[02:42:57.913] [bmv2] [T] [thread 10357] [25.0] [cxt 0] qos.p4(202) Primitive meta.qos_priority = 1
[02:42:57.913] [bmv2] [T] [thread 10357] [25.0] [cxt 0] qos.p4(205) Condition "hdr.ipv4.isValid()" (node_7) is false
[02:42:57.913] [bmv2] [D] [thread 10357] [25.0] [cxt 0] Pipeline 'ingress': end
[02:42:57.913] [bmv2] [D] [thread 10357] [25.0] [cxt 0] Egress port is 0
[02:42:57.914] [bmv2] [D] [thread 10358] [25.0] [cxt 0] Pipeline 'egress': start
[02:42:57.915] [bmv2] [T] [thread 10358] [25.0] [cxt 0] qos.p4(228) Condition "meta.qos_priority == 3" (node_14) is false
[02:42:57.915] [bmv2] [T] [thread 10358] [25.0] [cxt 0] qos.p4(230) Condition "meta.qos_priority == 2" (node_16) is false
[02:42:57.915] [bmv2] [T] [thread 10358] [25.0] [cxt 0] Applying table 'tbl_qos233'
[02:42:57.915] [bmv2] [D] [thread 10358] [25.0] [cxt 0] Looking up key:

[02:42:57.915] [bmv2] [D] [thread 10358] [25.0] [cxt 0] Table 'tbl_qos233': miss
[02:42:57.915] [bmv2] [D] [thread 10358] [25.0] [cxt 0] Action entry is qos233 - 
[02:42:57.915] [bmv2] [T] [thread 10358] [25.0] [cxt 0] Action qos233
[02:42:57.916] [bmv2] [T] [thread 10358] [25.0] [cxt 0] qos.p4(233) Primitive standard_metadata.egress_spec = 2
[02:42:57.916] [bmv2] [D] [thread 10358] [25.0] [cxt 0] Pipeline 'egress': end
[02:42:57.916] [bmv2] [D] [thread 10358] [25.0] [cxt 0] Deparser 'deparser': start
[02:42:57.916] [bmv2] [T] [thread 10358] [25.0] [cxt 0] Skipping checksum 'cksum' update because condition not met
[02:42:57.916] [bmv2] [D] [thread 10358] [25.0] [cxt 0] Deparsing header 'ethernet'
[02:42:57.916] [bmv2] [D] [thread 10358] [25.0] [cxt 0] Deparser 'deparser': end
[02:42:57.917] [bmv2] [D] [thread 10362] [25.0] [cxt 0] Transmitting packet of size 70 out of port 0
[02:43:02.003] [bmv2] [D] [thread 10357] [26.0] [cxt 0] Processing packet received on port 2
[02:43:02.004] [bmv2] [D] [thread 10357] [26.0] [cxt 0] Parser 'parser': start
[02:43:02.004] [bmv2] [D] [thread 10357] [26.0] [cxt 0] Parser 'parser' entering state 'start'
[02:43:02.004] [bmv2] [D] [thread 10357] [26.0] [cxt 0] Extracting header 'ethernet'
[02:43:02.004] [bmv2] [D] [thread 10357] [26.0] [cxt 0] Parser state 'start': key is 86dd
[02:43:02.005] [bmv2] [T] [thread 10357] [26.0] [cxt 0] Bytes parsed: 14
[02:43:02.005] [bmv2] [D] [thread 10357] [26.0] [cxt 0] Parser 'parser': end
[02:43:02.005] [bmv2] [D] [thread 10357] [26.0] [cxt 0] Pipeline 'ingress': start
[02:43:02.005] [bmv2] [T] [thread 10357] [26.0] [cxt 0] qos.p4(197) Condition "hdr.vlan.pcp == 7" (node_2) is false
[02:43:02.005] [bmv2] [T] [thread 10357] [26.0] [cxt 0] qos.p4(199) Condition "hdr.vlan.pcp >= 4" (node_4) is false
[02:43:02.005] [bmv2] [T] [thread 10357] [26.0] [cxt 0] Applying table 'tbl_qos202'
[02:43:02.005] [bmv2] [D] [thread 10357] [26.0] [cxt 0] Looking up key:

[02:43:02.005] [bmv2] [D] [thread 10357] [26.0] [cxt 0] Table 'tbl_qos202': miss
[02:43:02.005] [bmv2] [D] [thread 10357] [26.0] [cxt 0] Action entry is qos202 - 
[02:43:02.005] [bmv2] [T] [thread 10357] [26.0] [cxt 0] Action qos202
[02:43:02.011] [bmv2] [T] [thread 10357] [26.0] [cxt 0] qos.p4(202) Primitive meta.qos_priority = 1
[02:43:02.012] [bmv2] [T] [thread 10357] [26.0] [cxt 0] qos.p4(205) Condition "hdr.ipv4.isValid()" (node_7) is false
[02:43:02.012] [bmv2] [D] [thread 10357] [26.0] [cxt 0] Pipeline 'ingress': end
[02:43:02.012] [bmv2] [D] [thread 10357] [26.0] [cxt 0] Egress port is 0
[02:43:02.016] [bmv2] [D] [thread 10358] [26.0] [cxt 0] Pipeline 'egress': start
[02:43:02.016] [bmv2] [T] [thread 10358] [26.0] [cxt 0] qos.p4(228) Condition "meta.qos_priority == 3" (node_14) is false
[02:43:02.016] [bmv2] [T] [thread 10358] [26.0] [cxt 0] qos.p4(230) Condition "meta.qos_priority == 2" (node_16) is false
[02:43:02.016] [bmv2] [T] [thread 10358] [26.0] [cxt 0] Applying table 'tbl_qos233'
[02:43:02.016] [bmv2] [D] [thread 10358] [26.0] [cxt 0] Looking up key:

[02:43:02.017] [bmv2] [D] [thread 10358] [26.0] [cxt 0] Table 'tbl_qos233': miss
[02:43:02.017] [bmv2] [D] [thread 10358] [26.0] [cxt 0] Action entry is qos233 - 
[02:43:02.017] [bmv2] [T] [thread 10358] [26.0] [cxt 0] Action qos233
[02:43:02.017] [bmv2] [T] [thread 10358] [26.0] [cxt 0] qos.p4(233) Primitive standard_metadata.egress_spec = 2
[02:43:02.017] [bmv2] [D] [thread 10358] [26.0] [cxt 0] Pipeline 'egress': end
[02:43:02.017] [bmv2] [D] [thread 10358] [26.0] [cxt 0] Deparser 'deparser': start
[02:43:02.017] [bmv2] [T] [thread 10358] [26.0] [cxt 0] Skipping checksum 'cksum' update because condition not met
[02:43:02.017] [bmv2] [D] [thread 10358] [26.0] [cxt 0] Deparsing header 'ethernet'
[02:43:02.017] [bmv2] [D] [thread 10358] [26.0] [cxt 0] Deparser 'deparser': end
[02:43:02.017] [bmv2] [D] [thread 10362] [26.0] [cxt 0] Transmitting packet of size 70 out of port 0
[02:43:02.018] [bmv2] [D] [thread 10357] [27.0] [cxt 0] Processing packet received on port 3
[02:43:02.018] [bmv2] [D] [thread 10357] [27.0] [cxt 0] Parser 'parser': start
[02:43:02.018] [bmv2] [D] [thread 10357] [27.0] [cxt 0] Parser 'parser' entering state 'start'
[02:43:02.018] [bmv2] [D] [thread 10357] [27.0] [cxt 0] Extracting header 'ethernet'
[02:43:02.019] [bmv2] [D] [thread 10357] [27.0] [cxt 0] Parser state 'start': key is 86dd
[02:43:02.019] [bmv2] [T] [thread 10357] [27.0] [cxt 0] Bytes parsed: 14
[02:43:02.019] [bmv2] [D] [thread 10357] [27.0] [cxt 0] Parser 'parser': end
[02:43:02.019] [bmv2] [D] [thread 10357] [27.0] [cxt 0] Pipeline 'ingress': start
[02:43:02.019] [bmv2] [T] [thread 10357] [27.0] [cxt 0] qos.p4(197) Condition "hdr.vlan.pcp == 7" (node_2) is false
[02:43:02.019] [bmv2] [T] [thread 10357] [27.0] [cxt 0] qos.p4(199) Condition "hdr.vlan.pcp >= 4" (node_4) is false
[02:43:02.019] [bmv2] [T] [thread 10357] [27.0] [cxt 0] Applying table 'tbl_qos202'
[02:43:02.019] [bmv2] [D] [thread 10357] [27.0] [cxt 0] Looking up key:

[02:43:02.020] [bmv2] [D] [thread 10357] [27.0] [cxt 0] Table 'tbl_qos202': miss
[02:43:02.020] [bmv2] [D] [thread 10357] [27.0] [cxt 0] Action entry is qos202 - 
[02:43:02.020] [bmv2] [T] [thread 10357] [27.0] [cxt 0] Action qos202
[02:43:02.020] [bmv2] [T] [thread 10357] [27.0] [cxt 0] qos.p4(202) Primitive meta.qos_priority = 1
[02:43:02.020] [bmv2] [T] [thread 10357] [27.0] [cxt 0] qos.p4(205) Condition "hdr.ipv4.isValid()" (node_7) is false
[02:43:02.020] [bmv2] [D] [thread 10357] [27.0] [cxt 0] Pipeline 'ingress': end
[02:43:02.020] [bmv2] [D] [thread 10357] [27.0] [cxt 0] Egress port is 0
[02:43:02.025] [bmv2] [D] [thread 10358] [27.0] [cxt 0] Pipeline 'egress': start
[02:43:02.025] [bmv2] [T] [thread 10358] [27.0] [cxt 0] qos.p4(228) Condition "meta.qos_priority == 3" (node_14) is false
[02:43:02.025] [bmv2] [T] [thread 10358] [27.0] [cxt 0] qos.p4(230) Condition "meta.qos_priority == 2" (node_16) is false
[02:43:02.026] [bmv2] [T] [thread 10358] [27.0] [cxt 0] Applying table 'tbl_qos233'
[02:43:02.026] [bmv2] [D] [thread 10358] [27.0] [cxt 0] Looking up key:

[02:43:02.026] [bmv2] [D] [thread 10358] [27.0] [cxt 0] Table 'tbl_qos233': miss
[02:43:02.026] [bmv2] [D] [thread 10358] [27.0] [cxt 0] Action entry is qos233 - 
[02:43:02.026] [bmv2] [T] [thread 10358] [27.0] [cxt 0] Action qos233
[02:43:02.026] [bmv2] [T] [thread 10358] [27.0] [cxt 0] qos.p4(233) Primitive standard_metadata.egress_spec = 2
[02:43:02.026] [bmv2] [D] [thread 10358] [27.0] [cxt 0] Pipeline 'egress': end
[02:43:02.026] [bmv2] [D] [thread 10358] [27.0] [cxt 0] Deparser 'deparser': start
[02:43:02.026] [bmv2] [T] [thread 10358] [27.0] [cxt 0] Skipping checksum 'cksum' update because condition not met
[02:43:02.026] [bmv2] [D] [thread 10358] [27.0] [cxt 0] Deparsing header 'ethernet'
[02:43:02.026] [bmv2] [D] [thread 10358] [27.0] [cxt 0] Deparser 'deparser': end
[02:43:02.026] [bmv2] [D] [thread 10362] [27.0] [cxt 0] Transmitting packet of size 70 out of port 0
[02:43:10.190] [bmv2] [D] [thread 10357] [28.0] [cxt 0] Processing packet received on port 2
[02:43:10.191] [bmv2] [D] [thread 10357] [28.0] [cxt 0] Parser 'parser': start
[02:43:10.191] [bmv2] [D] [thread 10357] [28.0] [cxt 0] Parser 'parser' entering state 'start'
[02:43:10.191] [bmv2] [D] [thread 10357] [28.0] [cxt 0] Extracting header 'ethernet'
[02:43:10.191] [bmv2] [D] [thread 10357] [28.0] [cxt 0] Parser state 'start': key is 86dd
[02:43:10.191] [bmv2] [T] [thread 10357] [28.0] [cxt 0] Bytes parsed: 14
[02:43:10.191] [bmv2] [D] [thread 10357] [28.0] [cxt 0] Parser 'parser': end
[02:43:10.192] [bmv2] [D] [thread 10357] [28.0] [cxt 0] Pipeline 'ingress': start
[02:43:10.192] [bmv2] [T] [thread 10357] [28.0] [cxt 0] qos.p4(197) Condition "hdr.vlan.pcp == 7" (node_2) is false
[02:43:10.192] [bmv2] [T] [thread 10357] [28.0] [cxt 0] qos.p4(199) Condition "hdr.vlan.pcp >= 4" (node_4) is false
[02:43:10.192] [bmv2] [T] [thread 10357] [28.0] [cxt 0] Applying table 'tbl_qos202'
[02:43:10.193] [bmv2] [D] [thread 10357] [28.0] [cxt 0] Looking up key:

[02:43:10.193] [bmv2] [D] [thread 10357] [28.0] [cxt 0] Table 'tbl_qos202': miss
[02:43:10.193] [bmv2] [D] [thread 10357] [28.0] [cxt 0] Action entry is qos202 - 
[02:43:10.193] [bmv2] [T] [thread 10357] [28.0] [cxt 0] Action qos202
[02:43:10.194] [bmv2] [T] [thread 10357] [28.0] [cxt 0] qos.p4(202) Primitive meta.qos_priority = 1
[02:43:10.200] [bmv2] [T] [thread 10357] [28.0] [cxt 0] qos.p4(205) Condition "hdr.ipv4.isValid()" (node_7) is false
[02:43:10.200] [bmv2] [D] [thread 10357] [28.0] [cxt 0] Pipeline 'ingress': end
[02:43:10.200] [bmv2] [D] [thread 10357] [28.0] [cxt 0] Egress port is 0
[02:43:10.205] [bmv2] [D] [thread 10358] [28.0] [cxt 0] Pipeline 'egress': start
[02:43:10.206] [bmv2] [T] [thread 10358] [28.0] [cxt 0] qos.p4(228) Condition "meta.qos_priority == 3" (node_14) is false
[02:43:10.206] [bmv2] [T] [thread 10358] [28.0] [cxt 0] qos.p4(230) Condition "meta.qos_priority == 2" (node_16) is false
[02:43:10.206] [bmv2] [T] [thread 10358] [28.0] [cxt 0] Applying table 'tbl_qos233'
[02:43:10.206] [bmv2] [D] [thread 10358] [28.0] [cxt 0] Looking up key:

[02:43:10.206] [bmv2] [D] [thread 10358] [28.0] [cxt 0] Table 'tbl_qos233': miss
[02:43:10.206] [bmv2] [D] [thread 10358] [28.0] [cxt 0] Action entry is qos233 - 
[02:43:10.207] [bmv2] [T] [thread 10358] [28.0] [cxt 0] Action qos233
[02:43:10.207] [bmv2] [T] [thread 10358] [28.0] [cxt 0] qos.p4(233) Primitive standard_metadata.egress_spec = 2
[02:43:10.207] [bmv2] [D] [thread 10358] [28.0] [cxt 0] Pipeline 'egress': end
[02:43:10.207] [bmv2] [D] [thread 10358] [28.0] [cxt 0] Deparser 'deparser': start
[02:43:10.207] [bmv2] [T] [thread 10358] [28.0] [cxt 0] Skipping checksum 'cksum' update because condition not met
[02:43:10.207] [bmv2] [D] [thread 10358] [28.0] [cxt 0] Deparsing header 'ethernet'
[02:43:10.207] [bmv2] [D] [thread 10358] [28.0] [cxt 0] Deparser 'deparser': end
[02:43:10.208] [bmv2] [D] [thread 10362] [28.0] [cxt 0] Transmitting packet of size 70 out of port 0
[02:43:42.959] [bmv2] [D] [thread 10357] [29.0] [cxt 0] Processing packet received on port 1
[02:43:42.959] [bmv2] [D] [thread 10357] [29.0] [cxt 0] Parser 'parser': start
[02:43:42.959] [bmv2] [D] [thread 10357] [29.0] [cxt 0] Parser 'parser' entering state 'start'
[02:43:42.959] [bmv2] [D] [thread 10357] [29.0] [cxt 0] Extracting header 'ethernet'
[02:43:42.960] [bmv2] [D] [thread 10357] [29.0] [cxt 0] Parser state 'start': key is 86dd
[02:43:42.960] [bmv2] [T] [thread 10357] [29.0] [cxt 0] Bytes parsed: 14
[02:43:42.960] [bmv2] [D] [thread 10357] [29.0] [cxt 0] Parser 'parser': end
[02:43:42.960] [bmv2] [D] [thread 10357] [29.0] [cxt 0] Pipeline 'ingress': start
[02:43:42.961] [bmv2] [T] [thread 10357] [29.0] [cxt 0] qos.p4(197) Condition "hdr.vlan.pcp == 7" (node_2) is false
[02:43:42.961] [bmv2] [T] [thread 10357] [29.0] [cxt 0] qos.p4(199) Condition "hdr.vlan.pcp >= 4" (node_4) is false
[02:43:42.961] [bmv2] [T] [thread 10357] [29.0] [cxt 0] Applying table 'tbl_qos202'
[02:43:42.961] [bmv2] [D] [thread 10357] [29.0] [cxt 0] Looking up key:

[02:43:42.962] [bmv2] [D] [thread 10357] [29.0] [cxt 0] Table 'tbl_qos202': miss
[02:43:42.962] [bmv2] [D] [thread 10357] [29.0] [cxt 0] Action entry is qos202 - 
[02:43:42.963] [bmv2] [T] [thread 10357] [29.0] [cxt 0] Action qos202
[02:43:42.964] [bmv2] [T] [thread 10357] [29.0] [cxt 0] qos.p4(202) Primitive meta.qos_priority = 1
[02:43:42.964] [bmv2] [T] [thread 10357] [29.0] [cxt 0] qos.p4(205) Condition "hdr.ipv4.isValid()" (node_7) is false
[02:43:42.964] [bmv2] [D] [thread 10357] [29.0] [cxt 0] Pipeline 'ingress': end
[02:43:42.964] [bmv2] [D] [thread 10357] [29.0] [cxt 0] Egress port is 0
[02:43:42.965] [bmv2] [D] [thread 10358] [29.0] [cxt 0] Pipeline 'egress': start
[02:43:42.966] [bmv2] [T] [thread 10358] [29.0] [cxt 0] qos.p4(228) Condition "meta.qos_priority == 3" (node_14) is false
[02:43:42.966] [bmv2] [T] [thread 10358] [29.0] [cxt 0] qos.p4(230) Condition "meta.qos_priority == 2" (node_16) is false
[02:43:42.966] [bmv2] [T] [thread 10358] [29.0] [cxt 0] Applying table 'tbl_qos233'
[02:43:42.967] [bmv2] [D] [thread 10358] [29.0] [cxt 0] Looking up key:

[02:43:42.967] [bmv2] [D] [thread 10358] [29.0] [cxt 0] Table 'tbl_qos233': miss
[02:43:42.967] [bmv2] [D] [thread 10358] [29.0] [cxt 0] Action entry is qos233 - 
[02:43:42.967] [bmv2] [T] [thread 10358] [29.0] [cxt 0] Action qos233
[02:43:42.967] [bmv2] [T] [thread 10358] [29.0] [cxt 0] qos.p4(233) Primitive standard_metadata.egress_spec = 2
[02:43:42.967] [bmv2] [D] [thread 10358] [29.0] [cxt 0] Pipeline 'egress': end
[02:43:42.967] [bmv2] [D] [thread 10358] [29.0] [cxt 0] Deparser 'deparser': start
[02:43:42.967] [bmv2] [T] [thread 10358] [29.0] [cxt 0] Skipping checksum 'cksum' update because condition not met
[02:43:42.968] [bmv2] [D] [thread 10358] [29.0] [cxt 0] Deparsing header 'ethernet'
[02:43:42.968] [bmv2] [D] [thread 10358] [29.0] [cxt 0] Deparser 'deparser': end
[02:43:42.968] [bmv2] [D] [thread 10362] [29.0] [cxt 0] Transmitting packet of size 70 out of port 0
[02:46:59.566] [bmv2] [D] [thread 10357] [30.0] [cxt 0] Processing packet received on port 2
[02:46:59.566] [bmv2] [D] [thread 10357] [30.0] [cxt 0] Parser 'parser': start
[02:46:59.566] [bmv2] [D] [thread 10357] [30.0] [cxt 0] Parser 'parser' entering state 'start'
[02:46:59.566] [bmv2] [D] [thread 10357] [30.0] [cxt 0] Extracting header 'ethernet'
[02:46:59.567] [bmv2] [D] [thread 10357] [30.0] [cxt 0] Parser state 'start': key is 86dd
[02:46:59.567] [bmv2] [T] [thread 10357] [30.0] [cxt 0] Bytes parsed: 14
[02:46:59.567] [bmv2] [D] [thread 10357] [30.0] [cxt 0] Parser 'parser': end
[02:46:59.567] [bmv2] [D] [thread 10357] [30.0] [cxt 0] Pipeline 'ingress': start
[02:46:59.567] [bmv2] [T] [thread 10357] [30.0] [cxt 0] qos.p4(197) Condition "hdr.vlan.pcp == 7" (node_2) is false
[02:46:59.567] [bmv2] [T] [thread 10357] [30.0] [cxt 0] qos.p4(199) Condition "hdr.vlan.pcp >= 4" (node_4) is false
[02:46:59.567] [bmv2] [T] [thread 10357] [30.0] [cxt 0] Applying table 'tbl_qos202'
[02:46:59.567] [bmv2] [D] [thread 10357] [30.0] [cxt 0] Looking up key:

[02:46:59.567] [bmv2] [D] [thread 10357] [30.0] [cxt 0] Table 'tbl_qos202': miss
[02:46:59.567] [bmv2] [D] [thread 10357] [30.0] [cxt 0] Action entry is qos202 - 
[02:46:59.567] [bmv2] [T] [thread 10357] [30.0] [cxt 0] Action qos202
[02:46:59.567] [bmv2] [T] [thread 10357] [30.0] [cxt 0] qos.p4(202) Primitive meta.qos_priority = 1
[02:46:59.567] [bmv2] [T] [thread 10357] [30.0] [cxt 0] qos.p4(205) Condition "hdr.ipv4.isValid()" (node_7) is false
[02:46:59.567] [bmv2] [D] [thread 10357] [30.0] [cxt 0] Pipeline 'ingress': end
[02:46:59.567] [bmv2] [D] [thread 10357] [30.0] [cxt 0] Egress port is 0
[02:46:59.573] [bmv2] [D] [thread 10358] [30.0] [cxt 0] Pipeline 'egress': start
[02:46:59.573] [bmv2] [T] [thread 10358] [30.0] [cxt 0] qos.p4(228) Condition "meta.qos_priority == 3" (node_14) is false
[02:46:59.573] [bmv2] [T] [thread 10358] [30.0] [cxt 0] qos.p4(230) Condition "meta.qos_priority == 2" (node_16) is false
[02:46:59.573] [bmv2] [T] [thread 10358] [30.0] [cxt 0] Applying table 'tbl_qos233'
[02:46:59.573] [bmv2] [D] [thread 10358] [30.0] [cxt 0] Looking up key:

[02:46:59.573] [bmv2] [D] [thread 10358] [30.0] [cxt 0] Table 'tbl_qos233': miss
[02:46:59.573] [bmv2] [D] [thread 10358] [30.0] [cxt 0] Action entry is qos233 - 
[02:46:59.573] [bmv2] [T] [thread 10358] [30.0] [cxt 0] Action qos233
[02:46:59.573] [bmv2] [T] [thread 10358] [30.0] [cxt 0] qos.p4(233) Primitive standard_metadata.egress_spec = 2
[02:46:59.573] [bmv2] [D] [thread 10358] [30.0] [cxt 0] Pipeline 'egress': end
[02:46:59.573] [bmv2] [D] [thread 10358] [30.0] [cxt 0] Deparser 'deparser': start
[02:46:59.573] [bmv2] [T] [thread 10358] [30.0] [cxt 0] Skipping checksum 'cksum' update because condition not met
[02:46:59.573] [bmv2] [D] [thread 10358] [30.0] [cxt 0] Deparsing header 'ethernet'
[02:46:59.573] [bmv2] [D] [thread 10358] [30.0] [cxt 0] Deparser 'deparser': end
[02:46:59.573] [bmv2] [D] [thread 10362] [30.0] [cxt 0] Transmitting packet of size 70 out of port 0
[02:46:59.573] [bmv2] [D] [thread 10357] [31.0] [cxt 0] Processing packet received on port 3
[02:46:59.573] [bmv2] [D] [thread 10357] [31.0] [cxt 0] Parser 'parser': start
[02:46:59.573] [bmv2] [D] [thread 10357] [31.0] [cxt 0] Parser 'parser' entering state 'start'
[02:46:59.573] [bmv2] [D] [thread 10357] [31.0] [cxt 0] Extracting header 'ethernet'
[02:46:59.573] [bmv2] [D] [thread 10357] [31.0] [cxt 0] Parser state 'start': key is 86dd
[02:46:59.573] [bmv2] [T] [thread 10357] [31.0] [cxt 0] Bytes parsed: 14
[02:46:59.573] [bmv2] [D] [thread 10357] [31.0] [cxt 0] Parser 'parser': end
[02:46:59.574] [bmv2] [D] [thread 10357] [31.0] [cxt 0] Pipeline 'ingress': start
[02:46:59.574] [bmv2] [T] [thread 10357] [31.0] [cxt 0] qos.p4(197) Condition "hdr.vlan.pcp == 7" (node_2) is false
[02:46:59.574] [bmv2] [T] [thread 10357] [31.0] [cxt 0] qos.p4(199) Condition "hdr.vlan.pcp >= 4" (node_4) is false
[02:46:59.574] [bmv2] [T] [thread 10357] [31.0] [cxt 0] Applying table 'tbl_qos202'
[02:46:59.574] [bmv2] [D] [thread 10357] [31.0] [cxt 0] Looking up key:

[02:46:59.574] [bmv2] [D] [thread 10357] [31.0] [cxt 0] Table 'tbl_qos202': miss
[02:46:59.582] [bmv2] [D] [thread 10357] [31.0] [cxt 0] Action entry is qos202 - 
[02:46:59.582] [bmv2] [T] [thread 10357] [31.0] [cxt 0] Action qos202
[02:46:59.582] [bmv2] [T] [thread 10357] [31.0] [cxt 0] qos.p4(202) Primitive meta.qos_priority = 1
[02:46:59.582] [bmv2] [T] [thread 10357] [31.0] [cxt 0] qos.p4(205) Condition "hdr.ipv4.isValid()" (node_7) is false
[02:46:59.582] [bmv2] [D] [thread 10357] [31.0] [cxt 0] Pipeline 'ingress': end
[02:46:59.582] [bmv2] [D] [thread 10357] [31.0] [cxt 0] Egress port is 0
[02:46:59.582] [bmv2] [D] [thread 10358] [31.0] [cxt 0] Pipeline 'egress': start
[02:46:59.582] [bmv2] [T] [thread 10358] [31.0] [cxt 0] qos.p4(228) Condition "meta.qos_priority == 3" (node_14) is false
[02:46:59.582] [bmv2] [T] [thread 10358] [31.0] [cxt 0] qos.p4(230) Condition "meta.qos_priority == 2" (node_16) is false
[02:46:59.582] [bmv2] [T] [thread 10358] [31.0] [cxt 0] Applying table 'tbl_qos233'
[02:46:59.582] [bmv2] [D] [thread 10358] [31.0] [cxt 0] Looking up key:

[02:46:59.582] [bmv2] [D] [thread 10358] [31.0] [cxt 0] Table 'tbl_qos233': miss
[02:46:59.582] [bmv2] [D] [thread 10358] [31.0] [cxt 0] Action entry is qos233 - 
[02:46:59.583] [bmv2] [T] [thread 10358] [31.0] [cxt 0] Action qos233
[02:46:59.583] [bmv2] [T] [thread 10358] [31.0] [cxt 0] qos.p4(233) Primitive standard_metadata.egress_spec = 2
[02:46:59.583] [bmv2] [D] [thread 10358] [31.0] [cxt 0] Pipeline 'egress': end
[02:46:59.583] [bmv2] [D] [thread 10358] [31.0] [cxt 0] Deparser 'deparser': start
[02:46:59.583] [bmv2] [T] [thread 10358] [31.0] [cxt 0] Skipping checksum 'cksum' update because condition not met
[02:46:59.583] [bmv2] [D] [thread 10358] [31.0] [cxt 0] Deparsing header 'ethernet'
[02:46:59.583] [bmv2] [D] [thread 10358] [31.0] [cxt 0] Deparser 'deparser': end
[02:46:59.583] [bmv2] [D] [thread 10362] [31.0] [cxt 0] Transmitting packet of size 70 out of port 0
[02:46:59.583] [bmv2] [D] [thread 10357] [32.0] [cxt 0] Processing packet received on port 3
[02:46:59.583] [bmv2] [D] [thread 10357] [32.0] [cxt 0] Parser 'parser': start
[02:46:59.583] [bmv2] [D] [thread 10357] [32.0] [cxt 0] Parser 'parser' entering state 'start'
[02:46:59.583] [bmv2] [D] [thread 10357] [32.0] [cxt 0] Extracting header 'ethernet'
[02:46:59.583] [bmv2] [D] [thread 10357] [32.0] [cxt 0] Parser state 'start': key is 86dd
[02:46:59.583] [bmv2] [T] [thread 10357] [32.0] [cxt 0] Bytes parsed: 14
[02:46:59.583] [bmv2] [D] [thread 10357] [32.0] [cxt 0] Parser 'parser': end
[02:46:59.583] [bmv2] [D] [thread 10357] [32.0] [cxt 0] Pipeline 'ingress': start
[02:46:59.583] [bmv2] [T] [thread 10357] [32.0] [cxt 0] qos.p4(197) Condition "hdr.vlan.pcp == 7" (node_2) is false
[02:46:59.583] [bmv2] [T] [thread 10357] [32.0] [cxt 0] qos.p4(199) Condition "hdr.vlan.pcp >= 4" (node_4) is false
[02:46:59.584] [bmv2] [T] [thread 10357] [32.0] [cxt 0] Applying table 'tbl_qos202'
[02:46:59.584] [bmv2] [D] [thread 10357] [32.0] [cxt 0] Looking up key:

[02:46:59.584] [bmv2] [D] [thread 10357] [32.0] [cxt 0] Table 'tbl_qos202': miss
[02:46:59.584] [bmv2] [D] [thread 10357] [32.0] [cxt 0] Action entry is qos202 - 
[02:46:59.584] [bmv2] [T] [thread 10357] [32.0] [cxt 0] Action qos202
[02:46:59.584] [bmv2] [T] [thread 10357] [32.0] [cxt 0] qos.p4(202) Primitive meta.qos_priority = 1
[02:46:59.584] [bmv2] [T] [thread 10357] [32.0] [cxt 0] qos.p4(205) Condition "hdr.ipv4.isValid()" (node_7) is false
[02:46:59.584] [bmv2] [D] [thread 10357] [32.0] [cxt 0] Pipeline 'ingress': end
[02:46:59.584] [bmv2] [D] [thread 10357] [32.0] [cxt 0] Egress port is 0
[02:46:59.587] [bmv2] [D] [thread 10358] [32.0] [cxt 0] Pipeline 'egress': start
[02:46:59.587] [bmv2] [T] [thread 10358] [32.0] [cxt 0] qos.p4(228) Condition "meta.qos_priority == 3" (node_14) is false
[02:46:59.587] [bmv2] [T] [thread 10358] [32.0] [cxt 0] qos.p4(230) Condition "meta.qos_priority == 2" (node_16) is false
[02:46:59.587] [bmv2] [T] [thread 10358] [32.0] [cxt 0] Applying table 'tbl_qos233'
[02:46:59.587] [bmv2] [D] [thread 10358] [32.0] [cxt 0] Looking up key:

[02:46:59.587] [bmv2] [D] [thread 10358] [32.0] [cxt 0] Table 'tbl_qos233': miss
[02:46:59.587] [bmv2] [D] [thread 10358] [32.0] [cxt 0] Action entry is qos233 - 
[02:46:59.587] [bmv2] [T] [thread 10358] [32.0] [cxt 0] Action qos233
[02:46:59.588] [bmv2] [T] [thread 10358] [32.0] [cxt 0] qos.p4(233) Primitive standard_metadata.egress_spec = 2
[02:46:59.588] [bmv2] [D] [thread 10358] [32.0] [cxt 0] Pipeline 'egress': end
[02:46:59.588] [bmv2] [D] [thread 10358] [32.0] [cxt 0] Deparser 'deparser': start
[02:46:59.588] [bmv2] [T] [thread 10358] [32.0] [cxt 0] Skipping checksum 'cksum' update because condition not met
[02:46:59.588] [bmv2] [D] [thread 10358] [32.0] [cxt 0] Deparsing header 'ethernet'
[02:46:59.588] [bmv2] [D] [thread 10358] [32.0] [cxt 0] Deparser 'deparser': end
[02:46:59.588] [bmv2] [D] [thread 10362] [32.0] [cxt 0] Transmitting packet of size 70 out of port 0
[02:47:15.949] [bmv2] [D] [thread 10357] [33.0] [cxt 0] Processing packet received on port 2
[02:47:15.949] [bmv2] [D] [thread 10357] [33.0] [cxt 0] Parser 'parser': start
[02:47:15.949] [bmv2] [D] [thread 10357] [33.0] [cxt 0] Parser 'parser' entering state 'start'
[02:47:15.949] [bmv2] [D] [thread 10357] [33.0] [cxt 0] Extracting header 'ethernet'
[02:47:15.949] [bmv2] [D] [thread 10357] [33.0] [cxt 0] Parser state 'start': key is 86dd
[02:47:15.949] [bmv2] [T] [thread 10357] [33.0] [cxt 0] Bytes parsed: 14
[02:47:15.949] [bmv2] [D] [thread 10357] [33.0] [cxt 0] Parser 'parser': end
[02:47:15.949] [bmv2] [D] [thread 10357] [33.0] [cxt 0] Pipeline 'ingress': start
[02:47:15.949] [bmv2] [T] [thread 10357] [33.0] [cxt 0] qos.p4(197) Condition "hdr.vlan.pcp == 7" (node_2) is false
[02:47:15.949] [bmv2] [T] [thread 10357] [33.0] [cxt 0] qos.p4(199) Condition "hdr.vlan.pcp >= 4" (node_4) is false
[02:47:15.949] [bmv2] [T] [thread 10357] [33.0] [cxt 0] Applying table 'tbl_qos202'
[02:47:15.949] [bmv2] [D] [thread 10357] [33.0] [cxt 0] Looking up key:

[02:47:15.949] [bmv2] [D] [thread 10357] [33.0] [cxt 0] Table 'tbl_qos202': miss
[02:47:15.949] [bmv2] [D] [thread 10357] [33.0] [cxt 0] Action entry is qos202 - 
[02:47:15.949] [bmv2] [T] [thread 10357] [33.0] [cxt 0] Action qos202
[02:47:15.949] [bmv2] [T] [thread 10357] [33.0] [cxt 0] qos.p4(202) Primitive meta.qos_priority = 1
[02:47:15.949] [bmv2] [T] [thread 10357] [33.0] [cxt 0] qos.p4(205) Condition "hdr.ipv4.isValid()" (node_7) is false
[02:47:15.949] [bmv2] [D] [thread 10357] [33.0] [cxt 0] Pipeline 'ingress': end
[02:47:15.949] [bmv2] [D] [thread 10357] [33.0] [cxt 0] Egress port is 0
[02:47:15.949] [bmv2] [D] [thread 10358] [33.0] [cxt 0] Pipeline 'egress': start
[02:47:15.949] [bmv2] [T] [thread 10358] [33.0] [cxt 0] qos.p4(228) Condition "meta.qos_priority == 3" (node_14) is false
[02:47:15.949] [bmv2] [T] [thread 10358] [33.0] [cxt 0] qos.p4(230) Condition "meta.qos_priority == 2" (node_16) is false
[02:47:15.949] [bmv2] [T] [thread 10358] [33.0] [cxt 0] Applying table 'tbl_qos233'
[02:47:15.949] [bmv2] [D] [thread 10358] [33.0] [cxt 0] Looking up key:

[02:47:15.949] [bmv2] [D] [thread 10358] [33.0] [cxt 0] Table 'tbl_qos233': miss
[02:47:15.950] [bmv2] [D] [thread 10358] [33.0] [cxt 0] Action entry is qos233 - 
[02:47:15.950] [bmv2] [T] [thread 10358] [33.0] [cxt 0] Action qos233
[02:47:15.950] [bmv2] [T] [thread 10358] [33.0] [cxt 0] qos.p4(233) Primitive standard_metadata.egress_spec = 2
[02:47:15.950] [bmv2] [D] [thread 10358] [33.0] [cxt 0] Pipeline 'egress': end
[02:47:15.950] [bmv2] [D] [thread 10358] [33.0] [cxt 0] Deparser 'deparser': start
[02:47:15.951] [bmv2] [T] [thread 10358] [33.0] [cxt 0] Skipping checksum 'cksum' update because condition not met
[02:47:15.951] [bmv2] [D] [thread 10358] [33.0] [cxt 0] Deparsing header 'ethernet'
[02:47:15.951] [bmv2] [D] [thread 10358] [33.0] [cxt 0] Deparser 'deparser': end
[02:47:15.951] [bmv2] [D] [thread 10362] [33.0] [cxt 0] Transmitting packet of size 70 out of port 0
open: No such file or directory
open: No such file or directory
open: No such file or directory
open: No such file or directory
open: No such file or directory
open: No such file or directory
