Calling target program-options parser
[20:16:46.949] [bmv2] [D] [thread 2195] Set default default entry for table 'tbl_qos199': qos199 - 
[20:16:46.950] [bmv2] [D] [thread 2195] Set default default entry for table 'MyIngress.ipv4_lpm': NoAction - 
Adding interface s1-eth1 as port 1
[20:16:46.962] [bmv2] [D] [thread 2195] Adding interface s1-eth1 as port 1
Adding interface s1-eth2 as port 2
[20:16:46.997] [bmv2] [D] [thread 2195] Adding interface s1-eth2 as port 2
Adding interface s1-eth3 as port 3
[20:16:47.012] [bmv2] [D] [thread 2195] Adding interface s1-eth3 as port 3
Adding interface s1-eth4 as port 4
[20:16:47.050] [bmv2] [D] [thread 2195] Adding interface s1-eth4 as port 4
Server listening on 0.0.0.0:50051
[20:16:47.133] [bmv2] [I] [thread 2195] Starting Thrift server on port 9090
[20:16:47.144] [bmv2] [I] [thread 2195] Thrift server was started
[20:16:47.320] [bmv2] [D] [thread 2213] [0.0] [cxt 0] Processing packet received on port 1
[20:16:47.320] [bmv2] [D] [thread 2213] [0.0] [cxt 0] Parser 'parser': start
[20:16:47.320] [bmv2] [D] [thread 2213] [0.0] [cxt 0] Parser 'parser' entering state 'start'
[20:16:47.320] [bmv2] [D] [thread 2213] [0.0] [cxt 0] Extracting header 'ethernet'
[20:16:47.321] [bmv2] [D] [thread 2213] [0.0] [cxt 0] Parser state 'start': key is 86dd
[20:16:47.321] [bmv2] [T] [thread 2213] [0.0] [cxt 0] Bytes parsed: 14
[20:16:47.321] [bmv2] [D] [thread 2213] [0.0] [cxt 0] Parser 'parser': end
[20:16:47.322] [bmv2] [D] [thread 2213] [0.0] [cxt 0] Pipeline 'ingress': start
[20:16:47.322] [bmv2] [T] [thread 2213] [0.0] [cxt 0] qos.p4(197) Condition "hdr.ipv4.isValid()" (node_2) is false
[20:16:47.323] [bmv2] [D] [thread 2213] [0.0] [cxt 0] Pipeline 'ingress': end
[20:16:47.323] [bmv2] [D] [thread 2213] [0.0] [cxt 0] Egress port is 0
[20:16:47.336] [bmv2] [D] [thread 2214] [0.0] [cxt 0] Pipeline 'egress': start
[20:16:47.336] [bmv2] [D] [thread 2214] [0.0] [cxt 0] Pipeline 'egress': end
[20:16:47.336] [bmv2] [D] [thread 2214] [0.0] [cxt 0] Deparser 'deparser': start
[20:16:47.337] [bmv2] [T] [thread 2214] [0.0] [cxt 0] Skipping checksum 'cksum' update because condition not met
[20:16:47.337] [bmv2] [D] [thread 2214] [0.0] [cxt 0] Deparsing header 'ethernet'
[20:16:47.338] [bmv2] [D] [thread 2214] [0.0] [cxt 0] Deparser 'deparser': end
[20:16:47.341] [bmv2] [D] [thread 2218] [0.0] [cxt 0] Transmitting packet of size 90 out of port 0
[20:16:47.352] [bmv2] [D] [thread 2213] [1.0] [cxt 0] Processing packet received on port 1
[20:16:47.352] [bmv2] [D] [thread 2213] [1.0] [cxt 0] Parser 'parser': start
[20:16:47.352] [bmv2] [D] [thread 2213] [1.0] [cxt 0] Parser 'parser' entering state 'start'
[20:16:47.352] [bmv2] [D] [thread 2213] [1.0] [cxt 0] Extracting header 'ethernet'
[20:16:47.352] [bmv2] [D] [thread 2213] [1.0] [cxt 0] Parser state 'start': key is 86dd
[20:16:47.352] [bmv2] [T] [thread 2213] [1.0] [cxt 0] Bytes parsed: 14
[20:16:47.352] [bmv2] [D] [thread 2213] [1.0] [cxt 0] Parser 'parser': end
[20:16:47.352] [bmv2] [D] [thread 2213] [1.0] [cxt 0] Pipeline 'ingress': start
[20:16:47.352] [bmv2] [T] [thread 2213] [1.0] [cxt 0] qos.p4(197) Condition "hdr.ipv4.isValid()" (node_2) is false
[20:16:47.352] [bmv2] [D] [thread 2213] [1.0] [cxt 0] Pipeline 'ingress': end
[20:16:47.352] [bmv2] [D] [thread 2213] [1.0] [cxt 0] Egress port is 0
[20:16:47.352] [bmv2] [D] [thread 2214] [1.0] [cxt 0] Pipeline 'egress': start
[20:16:47.352] [bmv2] [D] [thread 2214] [1.0] [cxt 0] Pipeline 'egress': end
[20:16:47.352] [bmv2] [D] [thread 2214] [1.0] [cxt 0] Deparser 'deparser': start
[20:16:47.352] [bmv2] [T] [thread 2214] [1.0] [cxt 0] Skipping checksum 'cksum' update because condition not met
[20:16:47.352] [bmv2] [D] [thread 2214] [1.0] [cxt 0] Deparsing header 'ethernet'
[20:16:47.352] [bmv2] [D] [thread 2214] [1.0] [cxt 0] Deparser 'deparser': end
[20:16:47.352] [bmv2] [D] [thread 2218] [1.0] [cxt 0] Transmitting packet of size 110 out of port 0
[20:16:47.380] [bmv2] [D] [thread 2213] [2.0] [cxt 0] Processing packet received on port 3
[20:16:47.381] [bmv2] [D] [thread 2213] [2.0] [cxt 0] Parser 'parser': start
[20:16:47.381] [bmv2] [D] [thread 2213] [2.0] [cxt 0] Parser 'parser' entering state 'start'
[20:16:47.381] [bmv2] [D] [thread 2213] [2.0] [cxt 0] Extracting header 'ethernet'
[20:16:47.381] [bmv2] [D] [thread 2213] [2.0] [cxt 0] Parser state 'start': key is 86dd
[20:16:47.381] [bmv2] [T] [thread 2213] [2.0] [cxt 0] Bytes parsed: 14
[20:16:47.381] [bmv2] [D] [thread 2213] [2.0] [cxt 0] Parser 'parser': end
[20:16:47.381] [bmv2] [D] [thread 2213] [2.0] [cxt 0] Pipeline 'ingress': start
[20:16:47.381] [bmv2] [T] [thread 2213] [2.0] [cxt 0] qos.p4(197) Condition "hdr.ipv4.isValid()" (node_2) is false
[20:16:47.381] [bmv2] [D] [thread 2213] [2.0] [cxt 0] Pipeline 'ingress': end
[20:16:47.381] [bmv2] [D] [thread 2213] [2.0] [cxt 0] Egress port is 0
[20:16:47.381] [bmv2] [D] [thread 2214] [2.0] [cxt 0] Pipeline 'egress': start
[20:16:47.381] [bmv2] [D] [thread 2214] [2.0] [cxt 0] Pipeline 'egress': end
[20:16:47.381] [bmv2] [D] [thread 2214] [2.0] [cxt 0] Deparser 'deparser': start
[20:16:47.381] [bmv2] [T] [thread 2214] [2.0] [cxt 0] Skipping checksum 'cksum' update because condition not met
[20:16:47.381] [bmv2] [D] [thread 2214] [2.0] [cxt 0] Deparsing header 'ethernet'
[20:16:47.381] [bmv2] [D] [thread 2214] [2.0] [cxt 0] Deparser 'deparser': end
[20:16:47.382] [bmv2] [D] [thread 2218] [2.0] [cxt 0] Transmitting packet of size 90 out of port 0
[20:16:47.436] [bmv2] [D] [thread 2213] [3.0] [cxt 0] Processing packet received on port 4
[20:16:47.436] [bmv2] [D] [thread 2213] [3.0] [cxt 0] Parser 'parser': start
[20:16:47.436] [bmv2] [D] [thread 2213] [3.0] [cxt 0] Parser 'parser' entering state 'start'
[20:16:47.436] [bmv2] [D] [thread 2213] [3.0] [cxt 0] Extracting header 'ethernet'
[20:16:47.436] [bmv2] [D] [thread 2213] [3.0] [cxt 0] Parser state 'start': key is 86dd
[20:16:47.436] [bmv2] [T] [thread 2213] [3.0] [cxt 0] Bytes parsed: 14
[20:16:47.436] [bmv2] [D] [thread 2213] [3.0] [cxt 0] Parser 'parser': end
[20:16:47.436] [bmv2] [D] [thread 2213] [3.0] [cxt 0] Pipeline 'ingress': start
[20:16:47.436] [bmv2] [T] [thread 2213] [3.0] [cxt 0] qos.p4(197) Condition "hdr.ipv4.isValid()" (node_2) is false
[20:16:47.436] [bmv2] [D] [thread 2213] [3.0] [cxt 0] Pipeline 'ingress': end
[20:16:47.436] [bmv2] [D] [thread 2213] [3.0] [cxt 0] Egress port is 0
[20:16:47.436] [bmv2] [D] [thread 2214] [3.0] [cxt 0] Pipeline 'egress': start
[20:16:47.436] [bmv2] [D] [thread 2214] [3.0] [cxt 0] Pipeline 'egress': end
[20:16:47.436] [bmv2] [D] [thread 2214] [3.0] [cxt 0] Deparser 'deparser': start
[20:16:47.436] [bmv2] [T] [thread 2214] [3.0] [cxt 0] Skipping checksum 'cksum' update because condition not met
[20:16:47.436] [bmv2] [D] [thread 2214] [3.0] [cxt 0] Deparsing header 'ethernet'
[20:16:47.436] [bmv2] [D] [thread 2214] [3.0] [cxt 0] Deparser 'deparser': end
[20:16:47.436] [bmv2] [D] [thread 2218] [3.0] [cxt 0] Transmitting packet of size 90 out of port 0
[20:16:47.639] [bmv2] [D] [thread 2213] [4.0] [cxt 0] Processing packet received on port 3
[20:16:47.639] [bmv2] [D] [thread 2213] [4.0] [cxt 0] Parser 'parser': start
[20:16:47.639] [bmv2] [D] [thread 2213] [4.0] [cxt 0] Parser 'parser' entering state 'start'
[20:16:47.639] [bmv2] [D] [thread 2213] [4.0] [cxt 0] Extracting header 'ethernet'
[20:16:47.639] [bmv2] [D] [thread 2213] [4.0] [cxt 0] Parser state 'start': key is 86dd
[20:16:47.639] [bmv2] [T] [thread 2213] [4.0] [cxt 0] Bytes parsed: 14
[20:16:47.639] [bmv2] [D] [thread 2213] [4.0] [cxt 0] Parser 'parser': end
[20:16:47.640] [bmv2] [D] [thread 2213] [4.0] [cxt 0] Pipeline 'ingress': start
[20:16:47.640] [bmv2] [T] [thread 2213] [4.0] [cxt 0] qos.p4(197) Condition "hdr.ipv4.isValid()" (node_2) is false
[20:16:47.640] [bmv2] [D] [thread 2213] [4.0] [cxt 0] Pipeline 'ingress': end
[20:16:47.640] [bmv2] [D] [thread 2213] [4.0] [cxt 0] Egress port is 0
[20:16:47.640] [bmv2] [D] [thread 2214] [4.0] [cxt 0] Pipeline 'egress': start
[20:16:47.640] [bmv2] [D] [thread 2214] [4.0] [cxt 0] Pipeline 'egress': end
[20:16:47.640] [bmv2] [D] [thread 2214] [4.0] [cxt 0] Deparser 'deparser': start
[20:16:47.640] [bmv2] [T] [thread 2214] [4.0] [cxt 0] Skipping checksum 'cksum' update because condition not met
[20:16:47.640] [bmv2] [D] [thread 2214] [4.0] [cxt 0] Deparsing header 'ethernet'
[20:16:47.640] [bmv2] [D] [thread 2214] [4.0] [cxt 0] Deparser 'deparser': end
[20:16:47.640] [bmv2] [D] [thread 2218] [4.0] [cxt 0] Transmitting packet of size 90 out of port 0
[20:16:47.739] [bmv2] [D] [thread 2213] [5.0] [cxt 0] Processing packet received on port 2
[20:16:47.739] [bmv2] [D] [thread 2213] [5.0] [cxt 0] Parser 'parser': start
[20:16:47.739] [bmv2] [D] [thread 2213] [5.0] [cxt 0] Parser 'parser' entering state 'start'
[20:16:47.739] [bmv2] [D] [thread 2213] [5.0] [cxt 0] Extracting header 'ethernet'
[20:16:47.739] [bmv2] [D] [thread 2213] [5.0] [cxt 0] Parser state 'start': key is 86dd
[20:16:47.739] [bmv2] [T] [thread 2213] [5.0] [cxt 0] Bytes parsed: 14
[20:16:47.739] [bmv2] [D] [thread 2213] [5.0] [cxt 0] Parser 'parser': end
[20:16:47.739] [bmv2] [D] [thread 2213] [5.0] [cxt 0] Pipeline 'ingress': start
[20:16:47.739] [bmv2] [T] [thread 2213] [5.0] [cxt 0] qos.p4(197) Condition "hdr.ipv4.isValid()" (node_2) is false
[20:16:47.739] [bmv2] [D] [thread 2213] [5.0] [cxt 0] Pipeline 'ingress': end
[20:16:47.739] [bmv2] [D] [thread 2213] [5.0] [cxt 0] Egress port is 0
[20:16:47.740] [bmv2] [D] [thread 2214] [5.0] [cxt 0] Pipeline 'egress': start
[20:16:47.740] [bmv2] [D] [thread 2214] [5.0] [cxt 0] Pipeline 'egress': end
[20:16:47.740] [bmv2] [D] [thread 2214] [5.0] [cxt 0] Deparser 'deparser': start
[20:16:47.740] [bmv2] [T] [thread 2214] [5.0] [cxt 0] Skipping checksum 'cksum' update because condition not met
[20:16:47.740] [bmv2] [D] [thread 2214] [5.0] [cxt 0] Deparsing header 'ethernet'
[20:16:47.740] [bmv2] [D] [thread 2214] [5.0] [cxt 0] Deparser 'deparser': end
[20:16:47.740] [bmv2] [D] [thread 2218] [5.0] [cxt 0] Transmitting packet of size 90 out of port 0
[20:16:47.830] [bmv2] [D] [thread 2213] [6.0] [cxt 0] Processing packet received on port 1
[20:16:47.830] [bmv2] [D] [thread 2213] [6.0] [cxt 0] Parser 'parser': start
[20:16:47.830] [bmv2] [D] [thread 2213] [6.0] [cxt 0] Parser 'parser' entering state 'start'
[20:16:47.830] [bmv2] [D] [thread 2213] [6.0] [cxt 0] Extracting header 'ethernet'
[20:16:47.831] [bmv2] [D] [thread 2213] [6.0] [cxt 0] Parser state 'start': key is 86dd
[20:16:47.831] [bmv2] [T] [thread 2213] [6.0] [cxt 0] Bytes parsed: 14
[20:16:47.831] [bmv2] [D] [thread 2213] [6.0] [cxt 0] Parser 'parser': end
[20:16:47.831] [bmv2] [D] [thread 2213] [6.0] [cxt 0] Pipeline 'ingress': start
[20:16:47.831] [bmv2] [T] [thread 2213] [6.0] [cxt 0] qos.p4(197) Condition "hdr.ipv4.isValid()" (node_2) is false
[20:16:47.831] [bmv2] [D] [thread 2213] [6.0] [cxt 0] Pipeline 'ingress': end
[20:16:47.831] [bmv2] [D] [thread 2213] [6.0] [cxt 0] Egress port is 0
[20:16:47.831] [bmv2] [D] [thread 2213] [7.0] [cxt 0] Processing packet received on port 1
[20:16:47.831] [bmv2] [D] [thread 2213] [7.0] [cxt 0] Parser 'parser': start
[20:16:47.831] [bmv2] [D] [thread 2213] [7.0] [cxt 0] Parser 'parser' entering state 'start'
[20:16:47.831] [bmv2] [D] [thread 2213] [7.0] [cxt 0] Extracting header 'ethernet'
[20:16:47.831] [bmv2] [D] [thread 2213] [7.0] [cxt 0] Parser state 'start': key is 86dd
[20:16:47.831] [bmv2] [T] [thread 2213] [7.0] [cxt 0] Bytes parsed: 14
[20:16:47.831] [bmv2] [D] [thread 2213] [7.0] [cxt 0] Parser 'parser': end
[20:16:47.831] [bmv2] [D] [thread 2213] [7.0] [cxt 0] Pipeline 'ingress': start
[20:16:47.831] [bmv2] [T] [thread 2213] [7.0] [cxt 0] qos.p4(197) Condition "hdr.ipv4.isValid()" (node_2) is false
[20:16:47.831] [bmv2] [D] [thread 2213] [7.0] [cxt 0] Pipeline 'ingress': end
[20:16:47.831] [bmv2] [D] [thread 2213] [7.0] [cxt 0] Egress port is 0
[20:16:47.835] [bmv2] [D] [thread 2214] [6.0] [cxt 0] Pipeline 'egress': start
[20:16:47.835] [bmv2] [D] [thread 2214] [6.0] [cxt 0] Pipeline 'egress': end
[20:16:47.835] [bmv2] [D] [thread 2214] [6.0] [cxt 0] Deparser 'deparser': start
[20:16:47.835] [bmv2] [T] [thread 2214] [6.0] [cxt 0] Skipping checksum 'cksum' update because condition not met
[20:16:47.835] [bmv2] [D] [thread 2214] [6.0] [cxt 0] Deparsing header 'ethernet'
[20:16:47.835] [bmv2] [D] [thread 2214] [6.0] [cxt 0] Deparser 'deparser': end
[20:16:47.836] [bmv2] [D] [thread 2214] [7.0] [cxt 0] Pipeline 'egress': start
[20:16:47.836] [bmv2] [D] [thread 2214] [7.0] [cxt 0] Pipeline 'egress': end
[20:16:47.836] [bmv2] [D] [thread 2214] [7.0] [cxt 0] Deparser 'deparser': start
[20:16:47.836] [bmv2] [T] [thread 2214] [7.0] [cxt 0] Skipping checksum 'cksum' update because condition not met
[20:16:47.836] [bmv2] [D] [thread 2214] [7.0] [cxt 0] Deparsing header 'ethernet'
[20:16:47.836] [bmv2] [D] [thread 2214] [7.0] [cxt 0] Deparser 'deparser': end
[20:16:47.836] [bmv2] [D] [thread 2218] [6.0] [cxt 0] Transmitting packet of size 90 out of port 0
[20:16:47.836] [bmv2] [D] [thread 2218] [7.0] [cxt 0] Transmitting packet of size 70 out of port 0
[20:16:47.861] [bmv2] [D] [thread 2213] [8.0] [cxt 0] Processing packet received on port 2
[20:16:47.861] [bmv2] [D] [thread 2213] [8.0] [cxt 0] Parser 'parser': start
[20:16:47.861] [bmv2] [D] [thread 2213] [8.0] [cxt 0] Parser 'parser' entering state 'start'
[20:16:47.861] [bmv2] [D] [thread 2213] [8.0] [cxt 0] Extracting header 'ethernet'
[20:16:47.861] [bmv2] [D] [thread 2213] [8.0] [cxt 0] Parser state 'start': key is 86dd
[20:16:47.861] [bmv2] [T] [thread 2213] [8.0] [cxt 0] Bytes parsed: 14
[20:16:47.861] [bmv2] [D] [thread 2213] [8.0] [cxt 0] Parser 'parser': end
[20:16:47.861] [bmv2] [D] [thread 2213] [8.0] [cxt 0] Pipeline 'ingress': start
[20:16:47.861] [bmv2] [T] [thread 2213] [8.0] [cxt 0] qos.p4(197) Condition "hdr.ipv4.isValid()" (node_2) is false
[20:16:47.861] [bmv2] [D] [thread 2213] [8.0] [cxt 0] Pipeline 'ingress': end
[20:16:47.861] [bmv2] [D] [thread 2213] [8.0] [cxt 0] Egress port is 0
[20:16:47.861] [bmv2] [D] [thread 2214] [8.0] [cxt 0] Pipeline 'egress': start
[20:16:47.861] [bmv2] [D] [thread 2214] [8.0] [cxt 0] Pipeline 'egress': end
[20:16:47.861] [bmv2] [D] [thread 2214] [8.0] [cxt 0] Deparser 'deparser': start
[20:16:47.861] [bmv2] [T] [thread 2214] [8.0] [cxt 0] Skipping checksum 'cksum' update because condition not met
[20:16:47.861] [bmv2] [D] [thread 2214] [8.0] [cxt 0] Deparsing header 'ethernet'
[20:16:47.861] [bmv2] [D] [thread 2214] [8.0] [cxt 0] Deparser 'deparser': end
[20:16:47.861] [bmv2] [D] [thread 2218] [8.0] [cxt 0] Transmitting packet of size 90 out of port 0
[20:16:47.938] [bmv2] [D] [thread 2213] [9.0] [cxt 0] Processing packet received on port 1
[20:16:47.938] [bmv2] [D] [thread 2213] [9.0] [cxt 0] Parser 'parser': start
[20:16:47.938] [bmv2] [D] [thread 2213] [9.0] [cxt 0] Parser 'parser' entering state 'start'
[20:16:47.938] [bmv2] [D] [thread 2213] [9.0] [cxt 0] Extracting header 'ethernet'
[20:16:47.938] [bmv2] [D] [thread 2213] [9.0] [cxt 0] Parser state 'start': key is 86dd
[20:16:47.938] [bmv2] [T] [thread 2213] [9.0] [cxt 0] Bytes parsed: 14
[20:16:47.938] [bmv2] [D] [thread 2213] [9.0] [cxt 0] Parser 'parser': end
[20:16:47.938] [bmv2] [D] [thread 2213] [9.0] [cxt 0] Pipeline 'ingress': start
[20:16:47.938] [bmv2] [T] [thread 2213] [9.0] [cxt 0] qos.p4(197) Condition "hdr.ipv4.isValid()" (node_2) is false
[20:16:47.938] [bmv2] [D] [thread 2213] [9.0] [cxt 0] Pipeline 'ingress': end
[20:16:47.938] [bmv2] [D] [thread 2213] [9.0] [cxt 0] Egress port is 0
[20:16:47.938] [bmv2] [D] [thread 2214] [9.0] [cxt 0] Pipeline 'egress': start
[20:16:47.938] [bmv2] [D] [thread 2214] [9.0] [cxt 0] Pipeline 'egress': end
[20:16:47.938] [bmv2] [D] [thread 2214] [9.0] [cxt 0] Deparser 'deparser': start
[20:16:47.938] [bmv2] [T] [thread 2214] [9.0] [cxt 0] Skipping checksum 'cksum' update because condition not met
[20:16:47.938] [bmv2] [D] [thread 2214] [9.0] [cxt 0] Deparsing header 'ethernet'
[20:16:47.938] [bmv2] [D] [thread 2214] [9.0] [cxt 0] Deparser 'deparser': end
[20:16:47.939] [bmv2] [D] [thread 2218] [9.0] [cxt 0] Transmitting packet of size 90 out of port 0
[20:16:48.054] [bmv2] [D] [thread 2213] [10.0] [cxt 0] Processing packet received on port 1
[20:16:48.054] [bmv2] [D] [thread 2213] [10.0] [cxt 0] Parser 'parser': start
[20:16:48.054] [bmv2] [D] [thread 2213] [10.0] [cxt 0] Parser 'parser' entering state 'start'
[20:16:48.054] [bmv2] [D] [thread 2213] [10.0] [cxt 0] Extracting header 'ethernet'
[20:16:48.054] [bmv2] [D] [thread 2213] [10.0] [cxt 0] Parser state 'start': key is 86dd
[20:16:48.054] [bmv2] [T] [thread 2213] [10.0] [cxt 0] Bytes parsed: 14
[20:16:48.054] [bmv2] [D] [thread 2213] [10.0] [cxt 0] Parser 'parser': end
[20:16:48.054] [bmv2] [D] [thread 2213] [10.0] [cxt 0] Pipeline 'ingress': start
[20:16:48.054] [bmv2] [T] [thread 2213] [10.0] [cxt 0] qos.p4(197) Condition "hdr.ipv4.isValid()" (node_2) is false
[20:16:48.054] [bmv2] [D] [thread 2213] [10.0] [cxt 0] Pipeline 'ingress': end
[20:16:48.054] [bmv2] [D] [thread 2213] [10.0] [cxt 0] Egress port is 0
[20:16:48.054] [bmv2] [D] [thread 2214] [10.0] [cxt 0] Pipeline 'egress': start
[20:16:48.054] [bmv2] [D] [thread 2214] [10.0] [cxt 0] Pipeline 'egress': end
[20:16:48.055] [bmv2] [D] [thread 2214] [10.0] [cxt 0] Deparser 'deparser': start
[20:16:48.055] [bmv2] [T] [thread 2214] [10.0] [cxt 0] Skipping checksum 'cksum' update because condition not met
[20:16:48.055] [bmv2] [D] [thread 2214] [10.0] [cxt 0] Deparsing header 'ethernet'
[20:16:48.055] [bmv2] [D] [thread 2214] [10.0] [cxt 0] Deparser 'deparser': end
[20:16:48.055] [bmv2] [D] [thread 2218] [10.0] [cxt 0] Transmitting packet of size 90 out of port 0
[20:16:50.543] [bmv2] [D] [thread 2213] [11.0] [cxt 0] Processing packet received on port 4
[20:16:50.543] [bmv2] [D] [thread 2213] [11.0] [cxt 0] Parser 'parser': start
[20:16:50.543] [bmv2] [D] [thread 2213] [11.0] [cxt 0] Parser 'parser' entering state 'start'
[20:16:50.543] [bmv2] [D] [thread 2213] [11.0] [cxt 0] Extracting header 'ethernet'
[20:16:50.543] [bmv2] [D] [thread 2213] [11.0] [cxt 0] Parser state 'start': key is 86dd
[20:16:50.543] [bmv2] [T] [thread 2213] [11.0] [cxt 0] Bytes parsed: 14
[20:16:50.543] [bmv2] [D] [thread 2213] [11.0] [cxt 0] Parser 'parser': end
[20:16:50.543] [bmv2] [D] [thread 2213] [11.0] [cxt 0] Pipeline 'ingress': start
[20:16:50.543] [bmv2] [T] [thread 2213] [11.0] [cxt 0] qos.p4(197) Condition "hdr.ipv4.isValid()" (node_2) is false
[20:16:50.543] [bmv2] [D] [thread 2213] [11.0] [cxt 0] Pipeline 'ingress': end
[20:16:50.543] [bmv2] [D] [thread 2213] [11.0] [cxt 0] Egress port is 0
[20:16:50.544] [bmv2] [D] [thread 2214] [11.0] [cxt 0] Pipeline 'egress': start
[20:16:50.544] [bmv2] [D] [thread 2214] [11.0] [cxt 0] Pipeline 'egress': end
[20:16:50.544] [bmv2] [D] [thread 2214] [11.0] [cxt 0] Deparser 'deparser': start
[20:16:50.544] [bmv2] [T] [thread 2214] [11.0] [cxt 0] Skipping checksum 'cksum' update because condition not met
[20:16:50.544] [bmv2] [D] [thread 2214] [11.0] [cxt 0] Deparsing header 'ethernet'
[20:16:50.544] [bmv2] [D] [thread 2214] [11.0] [cxt 0] Deparser 'deparser': end
[20:16:50.544] [bmv2] [D] [thread 2218] [11.0] [cxt 0] Transmitting packet of size 70 out of port 0
[20:16:50.640] [bmv2] [W] [thread 2281] [P4Runtime] p4::tmp::P4DeviceConfig is deprecated
[20:16:50.646] [bmv2] [D] [thread 2281] Set default default entry for table 'tbl_qos199': qos199 - 
[20:16:50.646] [bmv2] [D] [thread 2281] Set default default entry for table 'MyIngress.ipv4_lpm': NoAction - 
[20:16:50.657] [bmv2] [D] [thread 2281] simple_switch target has been notified of a config swap
[20:16:50.700] [bmv2] [D] [thread 2282] Entry 0 added to table 'MyIngress.ipv4_lpm'
[20:16:50.702] [bmv2] [D] [thread 2282] Dumping entry 0
Match key:
* hdr.ipv4.dstAddr    : LPM       0a000101/32
Action entry: MyIngress.ipv4_forward - 80000000101,2,

[20:16:50.715] [bmv2] [D] [thread 2281] Entry 1 added to table 'MyIngress.ipv4_lpm'
[20:16:50.715] [bmv2] [D] [thread 2281] Dumping entry 1
Match key:
* hdr.ipv4.dstAddr    : LPM       0a00010b/32
Action entry: MyIngress.ipv4_forward - 80000000111,1,

[20:16:50.725] [bmv2] [D] [thread 2281] Entry 2 added to table 'MyIngress.ipv4_lpm'
[20:16:50.725] [bmv2] [D] [thread 2281] Dumping entry 2
Match key:
* hdr.ipv4.dstAddr    : LPM       0a000200/24
Action entry: MyIngress.ipv4_forward - 80000000200,3,

[20:16:50.731] [bmv2] [D] [thread 2288] Entry 3 added to table 'MyIngress.ipv4_lpm'
[20:16:50.731] [bmv2] [D] [thread 2288] Dumping entry 3
Match key:
* hdr.ipv4.dstAddr    : LPM       0a000300/24
Action entry: MyIngress.ipv4_forward - 80000000300,4,

[20:16:50.898] [bmv2] [D] [thread 2213] [12.0] [cxt 0] Processing packet received on port 3
[20:16:50.898] [bmv2] [D] [thread 2213] [12.0] [cxt 0] Parser 'parser': start
[20:16:50.898] [bmv2] [D] [thread 2213] [12.0] [cxt 0] Parser 'parser' entering state 'start'
[20:16:50.898] [bmv2] [D] [thread 2213] [12.0] [cxt 0] Extracting header 'ethernet'
[20:16:50.898] [bmv2] [D] [thread 2213] [12.0] [cxt 0] Parser state 'start': key is 86dd
[20:16:50.898] [bmv2] [T] [thread 2213] [12.0] [cxt 0] Bytes parsed: 14
[20:16:50.898] [bmv2] [D] [thread 2213] [12.0] [cxt 0] Parser 'parser': end
[20:16:50.899] [bmv2] [D] [thread 2213] [12.0] [cxt 0] Pipeline 'ingress': start
[20:16:50.899] [bmv2] [T] [thread 2213] [12.0] [cxt 0] qos.p4(197) Condition "hdr.ipv4.isValid()" (node_2) is false
[20:16:50.899] [bmv2] [D] [thread 2213] [12.0] [cxt 0] Pipeline 'ingress': end
[20:16:50.899] [bmv2] [D] [thread 2213] [12.0] [cxt 0] Egress port is 0
[20:16:50.899] [bmv2] [D] [thread 2214] [12.0] [cxt 0] Pipeline 'egress': start
[20:16:50.899] [bmv2] [D] [thread 2214] [12.0] [cxt 0] Pipeline 'egress': end
[20:16:50.899] [bmv2] [D] [thread 2214] [12.0] [cxt 0] Deparser 'deparser': start
[20:16:50.899] [bmv2] [T] [thread 2214] [12.0] [cxt 0] Skipping checksum 'cksum' update because condition not met
[20:16:50.899] [bmv2] [D] [thread 2214] [12.0] [cxt 0] Deparsing header 'ethernet'
[20:16:50.899] [bmv2] [D] [thread 2214] [12.0] [cxt 0] Deparser 'deparser': end
[20:16:50.899] [bmv2] [D] [thread 2218] [12.0] [cxt 0] Transmitting packet of size 70 out of port 0
[20:16:51.030] [bmv2] [D] [thread 2213] [13.0] [cxt 0] Processing packet received on port 2
[20:16:51.031] [bmv2] [D] [thread 2213] [13.0] [cxt 0] Parser 'parser': start
[20:16:51.031] [bmv2] [D] [thread 2213] [13.0] [cxt 0] Parser 'parser' entering state 'start'
[20:16:51.031] [bmv2] [D] [thread 2213] [13.0] [cxt 0] Extracting header 'ethernet'
[20:16:51.031] [bmv2] [D] [thread 2213] [13.0] [cxt 0] Parser state 'start': key is 86dd
[20:16:51.031] [bmv2] [T] [thread 2213] [13.0] [cxt 0] Bytes parsed: 14
[20:16:51.031] [bmv2] [D] [thread 2213] [13.0] [cxt 0] Parser 'parser': end
[20:16:51.031] [bmv2] [D] [thread 2213] [13.0] [cxt 0] Pipeline 'ingress': start
[20:16:51.031] [bmv2] [T] [thread 2213] [13.0] [cxt 0] qos.p4(197) Condition "hdr.ipv4.isValid()" (node_2) is false
[20:16:51.031] [bmv2] [D] [thread 2213] [13.0] [cxt 0] Pipeline 'ingress': end
[20:16:51.031] [bmv2] [D] [thread 2213] [13.0] [cxt 0] Egress port is 0
[20:16:51.031] [bmv2] [D] [thread 2214] [13.0] [cxt 0] Pipeline 'egress': start
[20:16:51.031] [bmv2] [D] [thread 2214] [13.0] [cxt 0] Pipeline 'egress': end
[20:16:51.031] [bmv2] [D] [thread 2214] [13.0] [cxt 0] Deparser 'deparser': start
[20:16:51.031] [bmv2] [T] [thread 2214] [13.0] [cxt 0] Skipping checksum 'cksum' update because condition not met
[20:16:51.031] [bmv2] [D] [thread 2214] [13.0] [cxt 0] Deparsing header 'ethernet'
[20:16:51.031] [bmv2] [D] [thread 2214] [13.0] [cxt 0] Deparser 'deparser': end
[20:16:51.032] [bmv2] [D] [thread 2218] [13.0] [cxt 0] Transmitting packet of size 70 out of port 0
[20:16:51.053] [bmv2] [D] [thread 2213] [14.0] [cxt 0] Processing packet received on port 4
[20:16:51.053] [bmv2] [D] [thread 2213] [14.0] [cxt 0] Parser 'parser': start
[20:16:51.053] [bmv2] [D] [thread 2213] [14.0] [cxt 0] Parser 'parser' entering state 'start'
[20:16:51.053] [bmv2] [D] [thread 2213] [14.0] [cxt 0] Extracting header 'ethernet'
[20:16:51.053] [bmv2] [D] [thread 2213] [14.0] [cxt 0] Parser state 'start': key is 86dd
[20:16:51.053] [bmv2] [T] [thread 2213] [14.0] [cxt 0] Bytes parsed: 14
[20:16:51.053] [bmv2] [D] [thread 2213] [14.0] [cxt 0] Parser 'parser': end
[20:16:51.053] [bmv2] [D] [thread 2213] [14.0] [cxt 0] Pipeline 'ingress': start
[20:16:51.053] [bmv2] [T] [thread 2213] [14.0] [cxt 0] qos.p4(197) Condition "hdr.ipv4.isValid()" (node_2) is false
[20:16:51.053] [bmv2] [D] [thread 2213] [14.0] [cxt 0] Pipeline 'ingress': end
[20:16:51.053] [bmv2] [D] [thread 2213] [14.0] [cxt 0] Egress port is 0
[20:16:51.054] [bmv2] [D] [thread 2214] [14.0] [cxt 0] Pipeline 'egress': start
[20:16:51.054] [bmv2] [D] [thread 2214] [14.0] [cxt 0] Pipeline 'egress': end
[20:16:51.054] [bmv2] [D] [thread 2214] [14.0] [cxt 0] Deparser 'deparser': start
[20:16:51.054] [bmv2] [T] [thread 2214] [14.0] [cxt 0] Skipping checksum 'cksum' update because condition not met
[20:16:51.054] [bmv2] [D] [thread 2214] [14.0] [cxt 0] Deparsing header 'ethernet'
[20:16:51.054] [bmv2] [D] [thread 2214] [14.0] [cxt 0] Deparser 'deparser': end
[20:16:51.054] [bmv2] [D] [thread 2218] [14.0] [cxt 0] Transmitting packet of size 70 out of port 0
[20:16:51.156] [bmv2] [D] [thread 2213] [15.0] [cxt 0] Processing packet received on port 3
[20:16:51.156] [bmv2] [D] [thread 2213] [15.0] [cxt 0] Parser 'parser': start
[20:16:51.156] [bmv2] [D] [thread 2213] [15.0] [cxt 0] Parser 'parser' entering state 'start'
[20:16:51.156] [bmv2] [D] [thread 2213] [15.0] [cxt 0] Extracting header 'ethernet'
[20:16:51.156] [bmv2] [D] [thread 2213] [15.0] [cxt 0] Parser state 'start': key is 86dd
[20:16:51.156] [bmv2] [T] [thread 2213] [15.0] [cxt 0] Bytes parsed: 14
[20:16:51.156] [bmv2] [D] [thread 2213] [15.0] [cxt 0] Parser 'parser': end
[20:16:51.156] [bmv2] [D] [thread 2213] [15.0] [cxt 0] Pipeline 'ingress': start
[20:16:51.156] [bmv2] [T] [thread 2213] [15.0] [cxt 0] qos.p4(197) Condition "hdr.ipv4.isValid()" (node_2) is false
[20:16:51.156] [bmv2] [D] [thread 2213] [15.0] [cxt 0] Pipeline 'ingress': end
[20:16:51.156] [bmv2] [D] [thread 2213] [15.0] [cxt 0] Egress port is 0
[20:16:51.156] [bmv2] [D] [thread 2214] [15.0] [cxt 0] Pipeline 'egress': start
[20:16:51.156] [bmv2] [D] [thread 2214] [15.0] [cxt 0] Pipeline 'egress': end
[20:16:51.156] [bmv2] [D] [thread 2214] [15.0] [cxt 0] Deparser 'deparser': start
[20:16:51.156] [bmv2] [T] [thread 2214] [15.0] [cxt 0] Skipping checksum 'cksum' update because condition not met
[20:16:51.156] [bmv2] [D] [thread 2214] [15.0] [cxt 0] Deparsing header 'ethernet'
[20:16:51.156] [bmv2] [D] [thread 2214] [15.0] [cxt 0] Deparser 'deparser': end
[20:16:51.157] [bmv2] [D] [thread 2218] [15.0] [cxt 0] Transmitting packet of size 70 out of port 0
[20:16:52.310] [bmv2] [D] [thread 2213] [16.0] [cxt 0] Processing packet received on port 1
[20:16:52.311] [bmv2] [D] [thread 2213] [16.0] [cxt 0] Parser 'parser': start
[20:16:52.311] [bmv2] [D] [thread 2213] [16.0] [cxt 0] Parser 'parser' entering state 'start'
[20:16:52.311] [bmv2] [D] [thread 2213] [16.0] [cxt 0] Extracting header 'ethernet'
[20:16:52.311] [bmv2] [D] [thread 2213] [16.0] [cxt 0] Parser state 'start': key is 86dd
[20:16:52.311] [bmv2] [T] [thread 2213] [16.0] [cxt 0] Bytes parsed: 14
[20:16:52.311] [bmv2] [D] [thread 2213] [16.0] [cxt 0] Parser 'parser': end
[20:16:52.311] [bmv2] [D] [thread 2213] [16.0] [cxt 0] Pipeline 'ingress': start
[20:16:52.311] [bmv2] [T] [thread 2213] [16.0] [cxt 0] qos.p4(197) Condition "hdr.ipv4.isValid()" (node_2) is false
[20:16:52.311] [bmv2] [D] [thread 2213] [16.0] [cxt 0] Pipeline 'ingress': end
[20:16:52.311] [bmv2] [D] [thread 2213] [16.0] [cxt 0] Egress port is 0
[20:16:52.312] [bmv2] [D] [thread 2214] [16.0] [cxt 0] Pipeline 'egress': start
[20:16:52.312] [bmv2] [D] [thread 2214] [16.0] [cxt 0] Pipeline 'egress': end
[20:16:52.312] [bmv2] [D] [thread 2214] [16.0] [cxt 0] Deparser 'deparser': start
[20:16:52.312] [bmv2] [T] [thread 2214] [16.0] [cxt 0] Skipping checksum 'cksum' update because condition not met
[20:16:52.312] [bmv2] [D] [thread 2214] [16.0] [cxt 0] Deparsing header 'ethernet'
[20:16:52.312] [bmv2] [D] [thread 2214] [16.0] [cxt 0] Deparser 'deparser': end
[20:16:52.312] [bmv2] [D] [thread 2218] [16.0] [cxt 0] Transmitting packet of size 70 out of port 0
[20:16:57.709] [bmv2] [D] [thread 2213] [17.0] [cxt 0] Processing packet received on port 4
[20:16:57.710] [bmv2] [D] [thread 2213] [17.0] [cxt 0] Parser 'parser': start
[20:16:57.712] [bmv2] [D] [thread 2213] [17.0] [cxt 0] Parser 'parser' entering state 'start'
[20:16:57.712] [bmv2] [D] [thread 2213] [17.0] [cxt 0] Extracting header 'ethernet'
[20:16:57.712] [bmv2] [D] [thread 2213] [17.0] [cxt 0] Parser state 'start': key is 86dd
[20:16:57.713] [bmv2] [T] [thread 2213] [17.0] [cxt 0] Bytes parsed: 14
[20:16:57.713] [bmv2] [D] [thread 2213] [17.0] [cxt 0] Parser 'parser': end
[20:16:57.713] [bmv2] [D] [thread 2213] [17.0] [cxt 0] Pipeline 'ingress': start
[20:16:57.713] [bmv2] [T] [thread 2213] [17.0] [cxt 0] qos.p4(197) Condition "hdr.ipv4.isValid()" (node_2) is false
[20:16:57.713] [bmv2] [D] [thread 2213] [17.0] [cxt 0] Pipeline 'ingress': end
[20:16:57.713] [bmv2] [D] [thread 2213] [17.0] [cxt 0] Egress port is 0
[20:16:57.716] [bmv2] [D] [thread 2214] [17.0] [cxt 0] Pipeline 'egress': start
[20:16:57.716] [bmv2] [D] [thread 2214] [17.0] [cxt 0] Pipeline 'egress': end
[20:16:57.716] [bmv2] [D] [thread 2214] [17.0] [cxt 0] Deparser 'deparser': start
[20:16:57.716] [bmv2] [T] [thread 2214] [17.0] [cxt 0] Skipping checksum 'cksum' update because condition not met
[20:16:57.716] [bmv2] [D] [thread 2214] [17.0] [cxt 0] Deparsing header 'ethernet'
[20:16:57.716] [bmv2] [D] [thread 2214] [17.0] [cxt 0] Deparser 'deparser': end
[20:16:57.716] [bmv2] [D] [thread 2218] [17.0] [cxt 0] Transmitting packet of size 70 out of port 0
[20:16:58.581] [bmv2] [D] [thread 2213] [18.0] [cxt 0] Processing packet received on port 3
[20:16:58.581] [bmv2] [D] [thread 2213] [18.0] [cxt 0] Parser 'parser': start
[20:16:58.581] [bmv2] [D] [thread 2213] [18.0] [cxt 0] Parser 'parser' entering state 'start'
[20:16:58.582] [bmv2] [D] [thread 2213] [18.0] [cxt 0] Extracting header 'ethernet'
[20:16:58.582] [bmv2] [D] [thread 2213] [18.0] [cxt 0] Parser state 'start': key is 86dd
[20:16:58.582] [bmv2] [T] [thread 2213] [18.0] [cxt 0] Bytes parsed: 14
[20:16:58.582] [bmv2] [D] [thread 2213] [18.0] [cxt 0] Parser 'parser': end
[20:16:58.582] [bmv2] [D] [thread 2213] [18.0] [cxt 0] Pipeline 'ingress': start
[20:16:58.582] [bmv2] [T] [thread 2213] [18.0] [cxt 0] qos.p4(197) Condition "hdr.ipv4.isValid()" (node_2) is false
[20:16:58.583] [bmv2] [D] [thread 2213] [18.0] [cxt 0] Pipeline 'ingress': end
[20:16:58.583] [bmv2] [D] [thread 2213] [18.0] [cxt 0] Egress port is 0
[20:16:58.583] [bmv2] [D] [thread 2214] [18.0] [cxt 0] Pipeline 'egress': start
[20:16:58.584] [bmv2] [D] [thread 2214] [18.0] [cxt 0] Pipeline 'egress': end
[20:16:58.584] [bmv2] [D] [thread 2214] [18.0] [cxt 0] Deparser 'deparser': start
[20:16:58.584] [bmv2] [T] [thread 2214] [18.0] [cxt 0] Skipping checksum 'cksum' update because condition not met
[20:16:58.584] [bmv2] [D] [thread 2214] [18.0] [cxt 0] Deparsing header 'ethernet'
[20:16:58.584] [bmv2] [D] [thread 2214] [18.0] [cxt 0] Deparser 'deparser': end
[20:16:58.584] [bmv2] [D] [thread 2218] [18.0] [cxt 0] Transmitting packet of size 70 out of port 0
[20:16:58.966] [bmv2] [D] [thread 2213] [19.0] [cxt 0] Processing packet received on port 2
[20:16:58.966] [bmv2] [D] [thread 2213] [19.0] [cxt 0] Parser 'parser': start
[20:16:58.967] [bmv2] [D] [thread 2213] [19.0] [cxt 0] Parser 'parser' entering state 'start'
[20:16:58.967] [bmv2] [D] [thread 2213] [19.0] [cxt 0] Extracting header 'ethernet'
[20:16:58.967] [bmv2] [D] [thread 2213] [19.0] [cxt 0] Parser state 'start': key is 86dd
[20:16:58.967] [bmv2] [T] [thread 2213] [19.0] [cxt 0] Bytes parsed: 14
[20:16:58.967] [bmv2] [D] [thread 2213] [19.0] [cxt 0] Parser 'parser': end
[20:16:58.969] [bmv2] [D] [thread 2213] [19.0] [cxt 0] Pipeline 'ingress': start
[20:16:58.970] [bmv2] [T] [thread 2213] [19.0] [cxt 0] qos.p4(197) Condition "hdr.ipv4.isValid()" (node_2) is false
[20:16:58.970] [bmv2] [D] [thread 2213] [19.0] [cxt 0] Pipeline 'ingress': end
[20:16:58.970] [bmv2] [D] [thread 2213] [19.0] [cxt 0] Egress port is 0
[20:16:58.970] [bmv2] [D] [thread 2214] [19.0] [cxt 0] Pipeline 'egress': start
[20:16:58.970] [bmv2] [D] [thread 2214] [19.0] [cxt 0] Pipeline 'egress': end
[20:16:58.970] [bmv2] [D] [thread 2214] [19.0] [cxt 0] Deparser 'deparser': start
[20:16:58.970] [bmv2] [T] [thread 2214] [19.0] [cxt 0] Skipping checksum 'cksum' update because condition not met
[20:16:58.971] [bmv2] [D] [thread 2214] [19.0] [cxt 0] Deparsing header 'ethernet'
[20:16:58.971] [bmv2] [D] [thread 2214] [19.0] [cxt 0] Deparser 'deparser': end
[20:16:58.971] [bmv2] [D] [thread 2218] [19.0] [cxt 0] Transmitting packet of size 70 out of port 0
[20:16:59.503] [bmv2] [D] [thread 2213] [20.0] [cxt 0] Processing packet received on port 4
[20:16:59.503] [bmv2] [D] [thread 2213] [20.0] [cxt 0] Parser 'parser': start
[20:16:59.504] [bmv2] [D] [thread 2213] [20.0] [cxt 0] Parser 'parser' entering state 'start'
[20:16:59.504] [bmv2] [D] [thread 2213] [20.0] [cxt 0] Extracting header 'ethernet'
[20:16:59.508] [bmv2] [D] [thread 2213] [20.0] [cxt 0] Parser state 'start': key is 86dd
[20:16:59.508] [bmv2] [T] [thread 2213] [20.0] [cxt 0] Bytes parsed: 14
[20:16:59.509] [bmv2] [D] [thread 2213] [20.0] [cxt 0] Parser 'parser': end
[20:16:59.509] [bmv2] [D] [thread 2213] [20.0] [cxt 0] Pipeline 'ingress': start
[20:16:59.509] [bmv2] [T] [thread 2213] [20.0] [cxt 0] qos.p4(197) Condition "hdr.ipv4.isValid()" (node_2) is false
[20:16:59.509] [bmv2] [D] [thread 2213] [20.0] [cxt 0] Pipeline 'ingress': end
[20:16:59.509] [bmv2] [D] [thread 2213] [20.0] [cxt 0] Egress port is 0
[20:16:59.512] [bmv2] [D] [thread 2214] [20.0] [cxt 0] Pipeline 'egress': start
[20:16:59.512] [bmv2] [D] [thread 2214] [20.0] [cxt 0] Pipeline 'egress': end
[20:16:59.512] [bmv2] [D] [thread 2214] [20.0] [cxt 0] Deparser 'deparser': start
[20:16:59.512] [bmv2] [T] [thread 2214] [20.0] [cxt 0] Skipping checksum 'cksum' update because condition not met
[20:16:59.512] [bmv2] [D] [thread 2214] [20.0] [cxt 0] Deparsing header 'ethernet'
[20:16:59.512] [bmv2] [D] [thread 2214] [20.0] [cxt 0] Deparser 'deparser': end
[20:16:59.513] [bmv2] [D] [thread 2218] [20.0] [cxt 0] Transmitting packet of size 70 out of port 0
[20:17:00.117] [bmv2] [D] [thread 2213] [21.0] [cxt 0] Processing packet received on port 3
[20:17:00.117] [bmv2] [D] [thread 2213] [21.0] [cxt 0] Parser 'parser': start
[20:17:00.117] [bmv2] [D] [thread 2213] [21.0] [cxt 0] Parser 'parser' entering state 'start'
[20:17:00.117] [bmv2] [D] [thread 2213] [21.0] [cxt 0] Extracting header 'ethernet'
[20:17:00.117] [bmv2] [D] [thread 2213] [21.0] [cxt 0] Parser state 'start': key is 86dd
[20:17:00.118] [bmv2] [T] [thread 2213] [21.0] [cxt 0] Bytes parsed: 14
[20:17:00.118] [bmv2] [D] [thread 2213] [21.0] [cxt 0] Parser 'parser': end
[20:17:00.118] [bmv2] [D] [thread 2213] [21.0] [cxt 0] Pipeline 'ingress': start
[20:17:00.118] [bmv2] [T] [thread 2213] [21.0] [cxt 0] qos.p4(197) Condition "hdr.ipv4.isValid()" (node_2) is false
[20:17:00.118] [bmv2] [D] [thread 2213] [21.0] [cxt 0] Pipeline 'ingress': end
[20:17:00.118] [bmv2] [D] [thread 2213] [21.0] [cxt 0] Egress port is 0
[20:17:00.125] [bmv2] [D] [thread 2214] [21.0] [cxt 0] Pipeline 'egress': start
[20:17:00.125] [bmv2] [D] [thread 2214] [21.0] [cxt 0] Pipeline 'egress': end
[20:17:00.125] [bmv2] [D] [thread 2214] [21.0] [cxt 0] Deparser 'deparser': start
[20:17:00.125] [bmv2] [T] [thread 2214] [21.0] [cxt 0] Skipping checksum 'cksum' update because condition not met
[20:17:00.125] [bmv2] [D] [thread 2214] [21.0] [cxt 0] Deparsing header 'ethernet'
[20:17:00.125] [bmv2] [D] [thread 2214] [21.0] [cxt 0] Deparser 'deparser': end
[20:17:00.126] [bmv2] [D] [thread 2218] [21.0] [cxt 0] Transmitting packet of size 70 out of port 0
[20:17:01.271] [bmv2] [D] [thread 2213] [22.0] [cxt 0] Processing packet received on port 1
[20:17:01.271] [bmv2] [D] [thread 2213] [22.0] [cxt 0] Parser 'parser': start
[20:17:01.271] [bmv2] [D] [thread 2213] [22.0] [cxt 0] Parser 'parser' entering state 'start'
[20:17:01.271] [bmv2] [D] [thread 2213] [22.0] [cxt 0] Extracting header 'ethernet'
[20:17:01.271] [bmv2] [D] [thread 2213] [22.0] [cxt 0] Parser state 'start': key is 86dd
[20:17:01.271] [bmv2] [T] [thread 2213] [22.0] [cxt 0] Bytes parsed: 14
[20:17:01.271] [bmv2] [D] [thread 2213] [22.0] [cxt 0] Parser 'parser': end
[20:17:01.271] [bmv2] [D] [thread 2213] [22.0] [cxt 0] Pipeline 'ingress': start
[20:17:01.271] [bmv2] [T] [thread 2213] [22.0] [cxt 0] qos.p4(197) Condition "hdr.ipv4.isValid()" (node_2) is false
[20:17:01.272] [bmv2] [D] [thread 2213] [22.0] [cxt 0] Pipeline 'ingress': end
[20:17:01.272] [bmv2] [D] [thread 2213] [22.0] [cxt 0] Egress port is 0
[20:17:01.272] [bmv2] [D] [thread 2214] [22.0] [cxt 0] Pipeline 'egress': start
[20:17:01.272] [bmv2] [D] [thread 2214] [22.0] [cxt 0] Pipeline 'egress': end
[20:17:01.272] [bmv2] [D] [thread 2214] [22.0] [cxt 0] Deparser 'deparser': start
[20:17:01.272] [bmv2] [T] [thread 2214] [22.0] [cxt 0] Skipping checksum 'cksum' update because condition not met
[20:17:01.272] [bmv2] [D] [thread 2214] [22.0] [cxt 0] Deparsing header 'ethernet'
[20:17:01.272] [bmv2] [D] [thread 2214] [22.0] [cxt 0] Deparser 'deparser': end
[20:17:01.272] [bmv2] [D] [thread 2218] [22.0] [cxt 0] Transmitting packet of size 70 out of port 0
[20:17:11.790] [bmv2] [D] [thread 2213] [23.0] [cxt 0] Processing packet received on port 4
[20:17:11.791] [bmv2] [D] [thread 2213] [23.0] [cxt 0] Parser 'parser': start
[20:17:11.791] [bmv2] [D] [thread 2213] [23.0] [cxt 0] Parser 'parser' entering state 'start'
[20:17:11.791] [bmv2] [D] [thread 2213] [23.0] [cxt 0] Extracting header 'ethernet'
[20:17:11.791] [bmv2] [D] [thread 2213] [23.0] [cxt 0] Parser state 'start': key is 86dd
[20:17:11.791] [bmv2] [T] [thread 2213] [23.0] [cxt 0] Bytes parsed: 14
[20:17:11.791] [bmv2] [D] [thread 2213] [23.0] [cxt 0] Parser 'parser': end
[20:17:11.791] [bmv2] [D] [thread 2213] [23.0] [cxt 0] Pipeline 'ingress': start
[20:17:11.791] [bmv2] [T] [thread 2213] [23.0] [cxt 0] qos.p4(197) Condition "hdr.ipv4.isValid()" (node_2) is false
[20:17:11.791] [bmv2] [D] [thread 2213] [23.0] [cxt 0] Pipeline 'ingress': end
[20:17:11.791] [bmv2] [D] [thread 2213] [23.0] [cxt 0] Egress port is 0
[20:17:11.792] [bmv2] [D] [thread 2214] [23.0] [cxt 0] Pipeline 'egress': start
[20:17:11.792] [bmv2] [D] [thread 2214] [23.0] [cxt 0] Pipeline 'egress': end
[20:17:11.792] [bmv2] [D] [thread 2214] [23.0] [cxt 0] Deparser 'deparser': start
[20:17:11.792] [bmv2] [T] [thread 2214] [23.0] [cxt 0] Skipping checksum 'cksum' update because condition not met
[20:17:11.792] [bmv2] [D] [thread 2214] [23.0] [cxt 0] Deparsing header 'ethernet'
[20:17:11.792] [bmv2] [D] [thread 2214] [23.0] [cxt 0] Deparser 'deparser': end
[20:17:11.792] [bmv2] [D] [thread 2218] [23.0] [cxt 0] Transmitting packet of size 70 out of port 0
[20:17:14.456] [bmv2] [D] [thread 2213] [24.0] [cxt 0] Processing packet received on port 3
[20:17:14.456] [bmv2] [D] [thread 2213] [24.0] [cxt 0] Parser 'parser': start
[20:17:14.456] [bmv2] [D] [thread 2213] [24.0] [cxt 0] Parser 'parser' entering state 'start'
[20:17:14.456] [bmv2] [D] [thread 2213] [24.0] [cxt 0] Extracting header 'ethernet'
[20:17:14.457] [bmv2] [D] [thread 2213] [24.0] [cxt 0] Parser state 'start': key is 86dd
[20:17:14.457] [bmv2] [T] [thread 2213] [24.0] [cxt 0] Bytes parsed: 14
[20:17:14.457] [bmv2] [D] [thread 2213] [24.0] [cxt 0] Parser 'parser': end
[20:17:14.457] [bmv2] [D] [thread 2213] [24.0] [cxt 0] Pipeline 'ingress': start
[20:17:14.457] [bmv2] [T] [thread 2213] [24.0] [cxt 0] qos.p4(197) Condition "hdr.ipv4.isValid()" (node_2) is false
[20:17:14.457] [bmv2] [D] [thread 2213] [24.0] [cxt 0] Pipeline 'ingress': end
[20:17:14.458] [bmv2] [D] [thread 2213] [24.0] [cxt 0] Egress port is 0
[20:17:14.458] [bmv2] [D] [thread 2214] [24.0] [cxt 0] Pipeline 'egress': start
[20:17:14.458] [bmv2] [D] [thread 2214] [24.0] [cxt 0] Pipeline 'egress': end
[20:17:14.458] [bmv2] [D] [thread 2214] [24.0] [cxt 0] Deparser 'deparser': start
[20:17:14.458] [bmv2] [T] [thread 2214] [24.0] [cxt 0] Skipping checksum 'cksum' update because condition not met
[20:17:14.458] [bmv2] [D] [thread 2214] [24.0] [cxt 0] Deparsing header 'ethernet'
[20:17:14.459] [bmv2] [D] [thread 2214] [24.0] [cxt 0] Deparser 'deparser': end
[20:17:14.459] [bmv2] [D] [thread 2218] [24.0] [cxt 0] Transmitting packet of size 70 out of port 0
[20:17:14.585] [bmv2] [D] [thread 2213] [25.0] [cxt 0] Processing packet received on port 2
[20:17:14.585] [bmv2] [D] [thread 2213] [25.0] [cxt 0] Parser 'parser': start
[20:17:14.585] [bmv2] [D] [thread 2213] [25.0] [cxt 0] Parser 'parser' entering state 'start'
[20:17:14.585] [bmv2] [D] [thread 2213] [25.0] [cxt 0] Extracting header 'ethernet'
[20:17:14.586] [bmv2] [D] [thread 2213] [25.0] [cxt 0] Parser state 'start': key is 86dd
[20:17:14.586] [bmv2] [T] [thread 2213] [25.0] [cxt 0] Bytes parsed: 14
[20:17:14.586] [bmv2] [D] [thread 2213] [25.0] [cxt 0] Parser 'parser': end
[20:17:14.586] [bmv2] [D] [thread 2213] [25.0] [cxt 0] Pipeline 'ingress': start
[20:17:14.586] [bmv2] [T] [thread 2213] [25.0] [cxt 0] qos.p4(197) Condition "hdr.ipv4.isValid()" (node_2) is false
[20:17:14.586] [bmv2] [D] [thread 2213] [25.0] [cxt 0] Pipeline 'ingress': end
[20:17:14.586] [bmv2] [D] [thread 2213] [25.0] [cxt 0] Egress port is 0
[20:17:14.587] [bmv2] [D] [thread 2214] [25.0] [cxt 0] Pipeline 'egress': start
[20:17:14.587] [bmv2] [D] [thread 2214] [25.0] [cxt 0] Pipeline 'egress': end
[20:17:14.587] [bmv2] [D] [thread 2214] [25.0] [cxt 0] Deparser 'deparser': start
[20:17:14.587] [bmv2] [T] [thread 2214] [25.0] [cxt 0] Skipping checksum 'cksum' update because condition not met
[20:17:14.587] [bmv2] [D] [thread 2214] [25.0] [cxt 0] Deparsing header 'ethernet'
[20:17:14.587] [bmv2] [D] [thread 2214] [25.0] [cxt 0] Deparser 'deparser': end
[20:17:14.587] [bmv2] [D] [thread 2218] [25.0] [cxt 0] Transmitting packet of size 70 out of port 0
[20:17:15.633] [bmv2] [D] [thread 2213] [26.0] [cxt 0] Processing packet received on port 4
[20:17:15.633] [bmv2] [D] [thread 2213] [26.0] [cxt 0] Parser 'parser': start
[20:17:15.633] [bmv2] [D] [thread 2213] [26.0] [cxt 0] Parser 'parser' entering state 'start'
[20:17:15.633] [bmv2] [D] [thread 2213] [26.0] [cxt 0] Extracting header 'ethernet'
[20:17:15.633] [bmv2] [D] [thread 2213] [26.0] [cxt 0] Parser state 'start': key is 86dd
[20:17:15.634] [bmv2] [T] [thread 2213] [26.0] [cxt 0] Bytes parsed: 14
[20:17:15.634] [bmv2] [D] [thread 2213] [26.0] [cxt 0] Parser 'parser': end
[20:17:15.634] [bmv2] [D] [thread 2213] [26.0] [cxt 0] Pipeline 'ingress': start
[20:17:15.634] [bmv2] [T] [thread 2213] [26.0] [cxt 0] qos.p4(197) Condition "hdr.ipv4.isValid()" (node_2) is false
[20:17:15.634] [bmv2] [D] [thread 2213] [26.0] [cxt 0] Pipeline 'ingress': end
[20:17:15.634] [bmv2] [D] [thread 2213] [26.0] [cxt 0] Egress port is 0
[20:17:15.635] [bmv2] [D] [thread 2214] [26.0] [cxt 0] Pipeline 'egress': start
[20:17:15.635] [bmv2] [D] [thread 2214] [26.0] [cxt 0] Pipeline 'egress': end
[20:17:15.635] [bmv2] [D] [thread 2214] [26.0] [cxt 0] Deparser 'deparser': start
[20:17:15.635] [bmv2] [T] [thread 2214] [26.0] [cxt 0] Skipping checksum 'cksum' update because condition not met
[20:17:15.635] [bmv2] [D] [thread 2214] [26.0] [cxt 0] Deparsing header 'ethernet'
[20:17:15.635] [bmv2] [D] [thread 2214] [26.0] [cxt 0] Deparser 'deparser': end
[20:17:15.635] [bmv2] [D] [thread 2218] [26.0] [cxt 0] Transmitting packet of size 70 out of port 0
[20:17:17.012] [bmv2] [D] [thread 2213] [27.0] [cxt 0] Processing packet received on port 3
[20:17:17.012] [bmv2] [D] [thread 2213] [27.0] [cxt 0] Parser 'parser': start
[20:17:17.012] [bmv2] [D] [thread 2213] [27.0] [cxt 0] Parser 'parser' entering state 'start'
[20:17:17.012] [bmv2] [D] [thread 2213] [27.0] [cxt 0] Extracting header 'ethernet'
[20:17:17.013] [bmv2] [D] [thread 2213] [27.0] [cxt 0] Parser state 'start': key is 86dd
[20:17:17.013] [bmv2] [T] [thread 2213] [27.0] [cxt 0] Bytes parsed: 14
[20:17:17.013] [bmv2] [D] [thread 2213] [27.0] [cxt 0] Parser 'parser': end
[20:17:17.013] [bmv2] [D] [thread 2213] [27.0] [cxt 0] Pipeline 'ingress': start
[20:17:17.013] [bmv2] [T] [thread 2213] [27.0] [cxt 0] qos.p4(197) Condition "hdr.ipv4.isValid()" (node_2) is false
[20:17:17.013] [bmv2] [D] [thread 2213] [27.0] [cxt 0] Pipeline 'ingress': end
[20:17:17.013] [bmv2] [D] [thread 2213] [27.0] [cxt 0] Egress port is 0
[20:17:17.013] [bmv2] [D] [thread 2214] [27.0] [cxt 0] Pipeline 'egress': start
[20:17:17.013] [bmv2] [D] [thread 2214] [27.0] [cxt 0] Pipeline 'egress': end
[20:17:17.013] [bmv2] [D] [thread 2214] [27.0] [cxt 0] Deparser 'deparser': start
[20:17:17.013] [bmv2] [T] [thread 2214] [27.0] [cxt 0] Skipping checksum 'cksum' update because condition not met
[20:17:17.013] [bmv2] [D] [thread 2214] [27.0] [cxt 0] Deparsing header 'ethernet'
[20:17:17.013] [bmv2] [D] [thread 2214] [27.0] [cxt 0] Deparser 'deparser': end
[20:17:17.014] [bmv2] [D] [thread 2218] [27.0] [cxt 0] Transmitting packet of size 70 out of port 0
[20:17:19.959] [bmv2] [D] [thread 2213] [28.0] [cxt 0] Processing packet received on port 1
[20:17:19.959] [bmv2] [D] [thread 2213] [28.0] [cxt 0] Parser 'parser': start
[20:17:19.959] [bmv2] [D] [thread 2213] [28.0] [cxt 0] Parser 'parser' entering state 'start'
[20:17:19.959] [bmv2] [D] [thread 2213] [28.0] [cxt 0] Extracting header 'ethernet'
[20:17:19.960] [bmv2] [D] [thread 2213] [28.0] [cxt 0] Parser state 'start': key is 86dd
[20:17:19.960] [bmv2] [T] [thread 2213] [28.0] [cxt 0] Bytes parsed: 14
[20:17:19.960] [bmv2] [D] [thread 2213] [28.0] [cxt 0] Parser 'parser': end
[20:17:19.960] [bmv2] [D] [thread 2213] [28.0] [cxt 0] Pipeline 'ingress': start
[20:17:19.961] [bmv2] [T] [thread 2213] [28.0] [cxt 0] qos.p4(197) Condition "hdr.ipv4.isValid()" (node_2) is false
[20:17:19.961] [bmv2] [D] [thread 2213] [28.0] [cxt 0] Pipeline 'ingress': end
[20:17:19.961] [bmv2] [D] [thread 2213] [28.0] [cxt 0] Egress port is 0
[20:17:19.961] [bmv2] [D] [thread 2214] [28.0] [cxt 0] Pipeline 'egress': start
[20:17:19.961] [bmv2] [D] [thread 2214] [28.0] [cxt 0] Pipeline 'egress': end
[20:17:19.961] [bmv2] [D] [thread 2214] [28.0] [cxt 0] Deparser 'deparser': start
[20:17:19.962] [bmv2] [T] [thread 2214] [28.0] [cxt 0] Skipping checksum 'cksum' update because condition not met
[20:17:19.962] [bmv2] [D] [thread 2214] [28.0] [cxt 0] Deparsing header 'ethernet'
[20:17:19.962] [bmv2] [D] [thread 2214] [28.0] [cxt 0] Deparser 'deparser': end
[20:17:19.962] [bmv2] [D] [thread 2218] [28.0] [cxt 0] Transmitting packet of size 70 out of port 0
[20:17:38.744] [bmv2] [D] [thread 2213] [29.0] [cxt 0] Processing packet received on port 2
[20:17:38.744] [bmv2] [D] [thread 2213] [29.0] [cxt 0] Parser 'parser': start
[20:17:38.744] [bmv2] [D] [thread 2213] [29.0] [cxt 0] Parser 'parser' entering state 'start'
[20:17:38.744] [bmv2] [D] [thread 2213] [29.0] [cxt 0] Extracting header 'ethernet'
[20:17:38.745] [bmv2] [D] [thread 2213] [29.0] [cxt 0] Parser state 'start': key is 8100
[20:17:38.745] [bmv2] [T] [thread 2213] [29.0] [cxt 0] Bytes parsed: 14
[20:17:38.745] [bmv2] [D] [thread 2213] [29.0] [cxt 0] Parser 'parser' entering state 'parse_vlan'
[20:17:38.745] [bmv2] [D] [thread 2213] [29.0] [cxt 0] Extracting header 'vlan'
[20:17:38.745] [bmv2] [D] [thread 2213] [29.0] [cxt 0] Parser state 'parse_vlan': key is 0800
[20:17:38.745] [bmv2] [T] [thread 2213] [29.0] [cxt 0] Bytes parsed: 18
[20:17:38.745] [bmv2] [D] [thread 2213] [29.0] [cxt 0] Parser 'parser' entering state 'parse_ipv4'
[20:17:38.745] [bmv2] [D] [thread 2213] [29.0] [cxt 0] Extracting header 'ipv4'
[20:17:38.747] [bmv2] [D] [thread 2213] [29.0] [cxt 0] Parser set: setting field 'scalars.tmp' from expression, new value is 1
[20:17:38.747] [bmv2] [D] [thread 2213] [29.0] [cxt 0] Parser state 'parse_ipv4': key is 06
[20:17:38.748] [bmv2] [T] [thread 2213] [29.0] [cxt 0] Bytes parsed: 38
[20:17:38.753] [bmv2] [D] [thread 2213] [29.0] [cxt 0] Parser 'parser' entering state 'parse_ipv4_option'
[20:17:38.753] [bmv2] [D] [thread 2213] [29.0] [cxt 0] Extracting header 'ipv4_option'
[20:17:38.753] [bmv2] [D] [thread 2213] [29.0] [cxt 0] Parser state 'parse_ipv4_option': key is 1f
[20:17:38.753] [bmv2] [T] [thread 2213] [29.0] [cxt 0] Bytes parsed: 40
[20:17:38.753] [bmv2] [D] [thread 2213] [29.0] [cxt 0] Parser 'parser' entering state 'parse_link_qos'
[20:17:38.753] [bmv2] [D] [thread 2213] [29.0] [cxt 0] Extracting header 'link_qos'
[20:17:38.753] [bmv2] [D] [thread 2213] [29.0] [cxt 0] Parser state 'parse_link_qos' has no switch, going to default next state
[20:17:38.754] [bmv2] [T] [thread 2213] [29.0] [cxt 0] Bytes parsed: 42
[20:17:38.754] [bmv2] [D] [thread 2213] [29.0] [cxt 0] Parser 'parser': end
[20:17:38.754] [bmv2] [D] [thread 2213] [29.0] [cxt 0] Pipeline 'ingress': start
[20:17:38.754] [bmv2] [T] [thread 2213] [29.0] [cxt 0] qos.p4(197) Condition "hdr.ipv4.isValid()" (node_2) is true
[20:17:38.754] [bmv2] [T] [thread 2213] [29.0] [cxt 0] qos.p4(198) Condition "hdr.link_qos.link_qos == TARGET_LINK_QOS" (node_3) is true
[20:17:38.755] [bmv2] [T] [thread 2213] [29.0] [cxt 0] Applying table 'tbl_qos199'
[20:17:38.759] [bmv2] [D] [thread 2213] [29.0] [cxt 0] Looking up key:

[20:17:38.760] [bmv2] [D] [thread 2213] [29.0] [cxt 0] Table 'tbl_qos199': miss
[20:17:38.760] [bmv2] [D] [thread 2213] [29.0] [cxt 0] Action entry is qos199 - 
[20:17:38.761] [bmv2] [T] [thread 2213] [29.0] [cxt 0] Action qos199
[20:17:38.761] [bmv2] [T] [thread 2213] [29.0] [cxt 0] qos.p4(199) Primitive hdr.ipv4.diffserv = (TARGET_DSCP << 2
[20:17:38.762] [bmv2] [T] [thread 2213] [29.0] [cxt 0] qos.p4(28) Primitive 7; ...
[20:17:38.762] [bmv2] [T] [thread 2213] [29.0] [cxt 0] Applying table 'MyIngress.ipv4_lpm'
[20:17:38.763] [bmv2] [D] [thread 2213] [29.0] [cxt 0] Looking up key:
* hdr.ipv4.dstAddr    : 0a000202

[20:17:38.763] [bmv2] [D] [thread 2213] [29.0] [cxt 0] Table 'MyIngress.ipv4_lpm': hit with handle 2
[20:17:38.763] [bmv2] [D] [thread 2213] [29.0] [cxt 0] Dumping entry 2
Match key:
* hdr.ipv4.dstAddr    : LPM       0a000200/24
Action entry: MyIngress.ipv4_forward - 80000000200,3,

[20:17:38.763] [bmv2] [D] [thread 2213] [29.0] [cxt 0] Action entry is MyIngress.ipv4_forward - 80000000200,3,
[20:17:38.764] [bmv2] [T] [thread 2213] [29.0] [cxt 0] Action MyIngress.ipv4_forward
[20:17:38.764] [bmv2] [T] [thread 2213] [29.0] [cxt 0] qos.p4(175) Primitive standard_metadata.egress_spec = port
[20:17:38.764] [bmv2] [T] [thread 2213] [29.0] [cxt 0] qos.p4(176) Primitive hdr.ethernet.srcAddr = hdr.ethernet.dstAddr
[20:17:38.764] [bmv2] [T] [thread 2213] [29.0] [cxt 0] qos.p4(177) Primitive hdr.ethernet.dstAddr = dstAddr
[20:17:38.764] [bmv2] [T] [thread 2213] [29.0] [cxt 0] qos.p4(178) Primitive hdr.ipv4.ttl = hdr.ipv4.ttl - 1
[20:17:38.765] [bmv2] [D] [thread 2213] [29.0] [cxt 0] Pipeline 'ingress': end
[20:17:38.766] [bmv2] [D] [thread 2213] [29.0] [cxt 0] Egress port is 3
[20:17:38.766] [bmv2] [D] [thread 2217] [29.0] [cxt 0] Pipeline 'egress': start
[20:17:38.766] [bmv2] [D] [thread 2217] [29.0] [cxt 0] Pipeline 'egress': end
[20:17:38.766] [bmv2] [D] [thread 2217] [29.0] [cxt 0] Deparser 'deparser': start
[20:17:38.766] [bmv2] [D] [thread 2217] [29.0] [cxt 0] Updating checksum 'cksum'
[20:17:38.767] [bmv2] [D] [thread 2217] [29.0] [cxt 0] Deparsing header 'ethernet'
[20:17:38.767] [bmv2] [D] [thread 2217] [29.0] [cxt 0] Deparsing header 'vlan'
[20:17:38.767] [bmv2] [D] [thread 2217] [29.0] [cxt 0] Deparsing header 'ipv4'
[20:17:38.767] [bmv2] [D] [thread 2217] [29.0] [cxt 0] Deparsing header 'ipv4_option'
[20:17:38.767] [bmv2] [D] [thread 2217] [29.0] [cxt 0] Deparsing header 'link_qos'
[20:17:38.767] [bmv2] [D] [thread 2217] [29.0] [cxt 0] Deparser 'deparser': end
[20:17:38.767] [bmv2] [D] [thread 2218] [29.0] [cxt 0] Transmitting packet of size 50 out of port 3
[20:17:39.569] [bmv2] [D] [thread 2213] [30.0] [cxt 0] Processing packet received on port 1
[20:17:39.569] [bmv2] [D] [thread 2213] [30.0] [cxt 0] Parser 'parser': start
[20:17:39.569] [bmv2] [D] [thread 2213] [30.0] [cxt 0] Parser 'parser' entering state 'start'
[20:17:39.569] [bmv2] [D] [thread 2213] [30.0] [cxt 0] Extracting header 'ethernet'
[20:17:39.569] [bmv2] [D] [thread 2213] [30.0] [cxt 0] Parser state 'start': key is 8100
[20:17:39.570] [bmv2] [T] [thread 2213] [30.0] [cxt 0] Bytes parsed: 14
[20:17:39.570] [bmv2] [D] [thread 2213] [30.0] [cxt 0] Parser 'parser' entering state 'parse_vlan'
[20:17:39.570] [bmv2] [D] [thread 2213] [30.0] [cxt 0] Extracting header 'vlan'
[20:17:39.570] [bmv2] [D] [thread 2213] [30.0] [cxt 0] Parser state 'parse_vlan': key is 0800
[20:17:39.570] [bmv2] [T] [thread 2213] [30.0] [cxt 0] Bytes parsed: 18
[20:17:39.570] [bmv2] [D] [thread 2213] [30.0] [cxt 0] Parser 'parser' entering state 'parse_ipv4'
[20:17:39.570] [bmv2] [D] [thread 2213] [30.0] [cxt 0] Extracting header 'ipv4'
[20:17:39.570] [bmv2] [D] [thread 2213] [30.0] [cxt 0] Parser set: setting field 'scalars.tmp' from expression, new value is 1
[20:17:39.570] [bmv2] [D] [thread 2213] [30.0] [cxt 0] Parser state 'parse_ipv4': key is 05
[20:17:39.570] [bmv2] [T] [thread 2213] [30.0] [cxt 0] Bytes parsed: 38
[20:17:39.570] [bmv2] [D] [thread 2213] [30.0] [cxt 0] Parser 'parser': end
[20:17:39.571] [bmv2] [D] [thread 2213] [30.0] [cxt 0] Pipeline 'ingress': start
[20:17:39.571] [bmv2] [T] [thread 2213] [30.0] [cxt 0] qos.p4(197) Condition "hdr.ipv4.isValid()" (node_2) is true
[20:17:39.571] [bmv2] [T] [thread 2213] [30.0] [cxt 0] qos.p4(198) Condition "hdr.link_qos.link_qos == TARGET_LINK_QOS" (node_3) is true
[20:17:39.571] [bmv2] [T] [thread 2213] [30.0] [cxt 0] Applying table 'tbl_qos199'
[20:17:39.571] [bmv2] [D] [thread 2213] [30.0] [cxt 0] Looking up key:

[20:17:39.571] [bmv2] [D] [thread 2213] [30.0] [cxt 0] Table 'tbl_qos199': miss
[20:17:39.571] [bmv2] [D] [thread 2213] [30.0] [cxt 0] Action entry is qos199 - 
[20:17:39.571] [bmv2] [T] [thread 2213] [30.0] [cxt 0] Action qos199
[20:17:39.571] [bmv2] [T] [thread 2213] [30.0] [cxt 0] qos.p4(199) Primitive hdr.ipv4.diffserv = (TARGET_DSCP << 2
[20:17:39.574] [bmv2] [T] [thread 2213] [30.0] [cxt 0] qos.p4(28) Primitive 7; ...
[20:17:39.574] [bmv2] [T] [thread 2213] [30.0] [cxt 0] Applying table 'MyIngress.ipv4_lpm'
[20:17:39.574] [bmv2] [D] [thread 2213] [30.0] [cxt 0] Looking up key:
* hdr.ipv4.dstAddr    : 0a000202

[20:17:39.574] [bmv2] [D] [thread 2213] [30.0] [cxt 0] Table 'MyIngress.ipv4_lpm': hit with handle 2
[20:17:39.574] [bmv2] [D] [thread 2213] [30.0] [cxt 0] Dumping entry 2
Match key:
* hdr.ipv4.dstAddr    : LPM       0a000200/24
Action entry: MyIngress.ipv4_forward - 80000000200,3,

[20:17:39.574] [bmv2] [D] [thread 2213] [30.0] [cxt 0] Action entry is MyIngress.ipv4_forward - 80000000200,3,
[20:17:39.575] [bmv2] [T] [thread 2213] [30.0] [cxt 0] Action MyIngress.ipv4_forward
[20:17:39.575] [bmv2] [T] [thread 2213] [30.0] [cxt 0] qos.p4(175) Primitive standard_metadata.egress_spec = port
[20:17:39.575] [bmv2] [T] [thread 2213] [30.0] [cxt 0] qos.p4(176) Primitive hdr.ethernet.srcAddr = hdr.ethernet.dstAddr
[20:17:39.575] [bmv2] [T] [thread 2213] [30.0] [cxt 0] qos.p4(177) Primitive hdr.ethernet.dstAddr = dstAddr
[20:17:39.575] [bmv2] [T] [thread 2213] [30.0] [cxt 0] qos.p4(178) Primitive hdr.ipv4.ttl = hdr.ipv4.ttl - 1
[20:17:39.575] [bmv2] [D] [thread 2213] [30.0] [cxt 0] Pipeline 'ingress': end
[20:17:39.575] [bmv2] [D] [thread 2213] [30.0] [cxt 0] Egress port is 3
[20:17:39.575] [bmv2] [D] [thread 2217] [30.0] [cxt 0] Pipeline 'egress': start
[20:17:39.575] [bmv2] [D] [thread 2217] [30.0] [cxt 0] Pipeline 'egress': end
[20:17:39.575] [bmv2] [D] [thread 2217] [30.0] [cxt 0] Deparser 'deparser': start
[20:17:39.575] [bmv2] [D] [thread 2217] [30.0] [cxt 0] Updating checksum 'cksum'
[20:17:39.575] [bmv2] [D] [thread 2217] [30.0] [cxt 0] Deparsing header 'ethernet'
[20:17:39.576] [bmv2] [D] [thread 2217] [30.0] [cxt 0] Deparsing header 'vlan'
[20:17:39.576] [bmv2] [D] [thread 2217] [30.0] [cxt 0] Deparsing header 'ipv4'
[20:17:39.576] [bmv2] [D] [thread 2217] [30.0] [cxt 0] Deparser 'deparser': end
[20:17:39.576] [bmv2] [D] [thread 2218] [30.0] [cxt 0] Transmitting packet of size 46 out of port 3
[20:17:39.761] [bmv2] [D] [thread 2213] [31.0] [cxt 0] Processing packet received on port 2
[20:17:39.761] [bmv2] [D] [thread 2213] [31.0] [cxt 0] Parser 'parser': start
[20:17:39.761] [bmv2] [D] [thread 2213] [31.0] [cxt 0] Parser 'parser' entering state 'start'
[20:17:39.761] [bmv2] [D] [thread 2213] [31.0] [cxt 0] Extracting header 'ethernet'
[20:17:39.761] [bmv2] [D] [thread 2213] [31.0] [cxt 0] Parser state 'start': key is 8100
[20:17:39.761] [bmv2] [T] [thread 2213] [31.0] [cxt 0] Bytes parsed: 14
[20:17:39.761] [bmv2] [D] [thread 2213] [31.0] [cxt 0] Parser 'parser' entering state 'parse_vlan'
[20:17:39.761] [bmv2] [D] [thread 2213] [31.0] [cxt 0] Extracting header 'vlan'
[20:17:39.761] [bmv2] [D] [thread 2213] [31.0] [cxt 0] Parser state 'parse_vlan': key is 0800
[20:17:39.762] [bmv2] [T] [thread 2213] [31.0] [cxt 0] Bytes parsed: 18
[20:17:39.762] [bmv2] [D] [thread 2213] [31.0] [cxt 0] Parser 'parser' entering state 'parse_ipv4'
[20:17:39.762] [bmv2] [D] [thread 2213] [31.0] [cxt 0] Extracting header 'ipv4'
[20:17:39.762] [bmv2] [D] [thread 2213] [31.0] [cxt 0] Parser set: setting field 'scalars.tmp' from expression, new value is 1
[20:17:39.762] [bmv2] [D] [thread 2213] [31.0] [cxt 0] Parser state 'parse_ipv4': key is 06
[20:17:39.762] [bmv2] [T] [thread 2213] [31.0] [cxt 0] Bytes parsed: 38
[20:17:39.762] [bmv2] [D] [thread 2213] [31.0] [cxt 0] Parser 'parser' entering state 'parse_ipv4_option'
[20:17:39.762] [bmv2] [D] [thread 2213] [31.0] [cxt 0] Extracting header 'ipv4_option'
[20:17:39.762] [bmv2] [D] [thread 2213] [31.0] [cxt 0] Parser state 'parse_ipv4_option': key is 1f
[20:17:39.762] [bmv2] [T] [thread 2213] [31.0] [cxt 0] Bytes parsed: 40
[20:17:39.762] [bmv2] [D] [thread 2213] [31.0] [cxt 0] Parser 'parser' entering state 'parse_link_qos'
[20:17:39.762] [bmv2] [D] [thread 2213] [31.0] [cxt 0] Extracting header 'link_qos'
[20:17:39.762] [bmv2] [D] [thread 2213] [31.0] [cxt 0] Parser state 'parse_link_qos' has no switch, going to default next state
[20:17:39.762] [bmv2] [T] [thread 2213] [31.0] [cxt 0] Bytes parsed: 42
[20:17:39.762] [bmv2] [D] [thread 2213] [31.0] [cxt 0] Parser 'parser': end
[20:17:39.762] [bmv2] [D] [thread 2213] [31.0] [cxt 0] Pipeline 'ingress': start
[20:17:39.762] [bmv2] [T] [thread 2213] [31.0] [cxt 0] qos.p4(197) Condition "hdr.ipv4.isValid()" (node_2) is true
[20:17:39.762] [bmv2] [T] [thread 2213] [31.0] [cxt 0] qos.p4(198) Condition "hdr.link_qos.link_qos == TARGET_LINK_QOS" (node_3) is true
[20:17:39.762] [bmv2] [T] [thread 2213] [31.0] [cxt 0] Applying table 'tbl_qos199'
[20:17:39.762] [bmv2] [D] [thread 2213] [31.0] [cxt 0] Looking up key:

[20:17:39.762] [bmv2] [D] [thread 2213] [31.0] [cxt 0] Table 'tbl_qos199': miss
[20:17:39.763] [bmv2] [D] [thread 2213] [31.0] [cxt 0] Action entry is qos199 - 
[20:17:39.763] [bmv2] [T] [thread 2213] [31.0] [cxt 0] Action qos199
[20:17:39.763] [bmv2] [T] [thread 2213] [31.0] [cxt 0] qos.p4(199) Primitive hdr.ipv4.diffserv = (TARGET_DSCP << 2
[20:17:39.763] [bmv2] [T] [thread 2213] [31.0] [cxt 0] qos.p4(28) Primitive 7; ...
[20:17:39.763] [bmv2] [T] [thread 2213] [31.0] [cxt 0] Applying table 'MyIngress.ipv4_lpm'
[20:17:39.763] [bmv2] [D] [thread 2213] [31.0] [cxt 0] Looking up key:
* hdr.ipv4.dstAddr    : 0a000202

[20:17:39.763] [bmv2] [D] [thread 2213] [31.0] [cxt 0] Table 'MyIngress.ipv4_lpm': hit with handle 2
[20:17:39.763] [bmv2] [D] [thread 2213] [31.0] [cxt 0] Dumping entry 2
Match key:
* hdr.ipv4.dstAddr    : LPM       0a000200/24
Action entry: MyIngress.ipv4_forward - 80000000200,3,

[20:17:39.763] [bmv2] [D] [thread 2213] [31.0] [cxt 0] Action entry is MyIngress.ipv4_forward - 80000000200,3,
[20:17:39.763] [bmv2] [T] [thread 2213] [31.0] [cxt 0] Action MyIngress.ipv4_forward
[20:17:39.763] [bmv2] [T] [thread 2213] [31.0] [cxt 0] qos.p4(175) Primitive standard_metadata.egress_spec = port
[20:17:39.763] [bmv2] [T] [thread 2213] [31.0] [cxt 0] qos.p4(176) Primitive hdr.ethernet.srcAddr = hdr.ethernet.dstAddr
[20:17:39.763] [bmv2] [T] [thread 2213] [31.0] [cxt 0] qos.p4(177) Primitive hdr.ethernet.dstAddr = dstAddr
[20:17:39.763] [bmv2] [T] [thread 2213] [31.0] [cxt 0] qos.p4(178) Primitive hdr.ipv4.ttl = hdr.ipv4.ttl - 1
[20:17:39.763] [bmv2] [D] [thread 2213] [31.0] [cxt 0] Pipeline 'ingress': end
[20:17:39.763] [bmv2] [D] [thread 2213] [31.0] [cxt 0] Egress port is 3
[20:17:39.764] [bmv2] [D] [thread 2217] [31.0] [cxt 0] Pipeline 'egress': start
[20:17:39.764] [bmv2] [D] [thread 2217] [31.0] [cxt 0] Pipeline 'egress': end
[20:17:39.764] [bmv2] [D] [thread 2217] [31.0] [cxt 0] Deparser 'deparser': start
[20:17:39.764] [bmv2] [D] [thread 2217] [31.0] [cxt 0] Updating checksum 'cksum'
[20:17:39.764] [bmv2] [D] [thread 2217] [31.0] [cxt 0] Deparsing header 'ethernet'
[20:17:39.764] [bmv2] [D] [thread 2217] [31.0] [cxt 0] Deparsing header 'vlan'
[20:17:39.764] [bmv2] [D] [thread 2217] [31.0] [cxt 0] Deparsing header 'ipv4'
[20:17:39.764] [bmv2] [D] [thread 2217] [31.0] [cxt 0] Deparsing header 'ipv4_option'
[20:17:39.764] [bmv2] [D] [thread 2217] [31.0] [cxt 0] Deparsing header 'link_qos'
[20:17:39.764] [bmv2] [D] [thread 2217] [31.0] [cxt 0] Deparser 'deparser': end
[20:17:39.764] [bmv2] [D] [thread 2218] [31.0] [cxt 0] Transmitting packet of size 50 out of port 3
[20:17:40.587] [bmv2] [D] [thread 2213] [32.0] [cxt 0] Processing packet received on port 1
[20:17:40.588] [bmv2] [D] [thread 2213] [32.0] [cxt 0] Parser 'parser': start
[20:17:40.588] [bmv2] [D] [thread 2213] [32.0] [cxt 0] Parser 'parser' entering state 'start'
[20:17:40.588] [bmv2] [D] [thread 2213] [32.0] [cxt 0] Extracting header 'ethernet'
[20:17:40.588] [bmv2] [D] [thread 2213] [32.0] [cxt 0] Parser state 'start': key is 8100
[20:17:40.589] [bmv2] [T] [thread 2213] [32.0] [cxt 0] Bytes parsed: 14
[20:17:40.589] [bmv2] [D] [thread 2213] [32.0] [cxt 0] Parser 'parser' entering state 'parse_vlan'
[20:17:40.589] [bmv2] [D] [thread 2213] [32.0] [cxt 0] Extracting header 'vlan'
[20:17:40.589] [bmv2] [D] [thread 2213] [32.0] [cxt 0] Parser state 'parse_vlan': key is 0800
[20:17:40.589] [bmv2] [T] [thread 2213] [32.0] [cxt 0] Bytes parsed: 18
[20:17:40.589] [bmv2] [D] [thread 2213] [32.0] [cxt 0] Parser 'parser' entering state 'parse_ipv4'
[20:17:40.589] [bmv2] [D] [thread 2213] [32.0] [cxt 0] Extracting header 'ipv4'
[20:17:40.589] [bmv2] [D] [thread 2213] [32.0] [cxt 0] Parser set: setting field 'scalars.tmp' from expression, new value is 1
[20:17:40.590] [bmv2] [D] [thread 2213] [32.0] [cxt 0] Parser state 'parse_ipv4': key is 05
[20:17:40.590] [bmv2] [T] [thread 2213] [32.0] [cxt 0] Bytes parsed: 38
[20:17:40.590] [bmv2] [D] [thread 2213] [32.0] [cxt 0] Parser 'parser': end
[20:17:40.590] [bmv2] [D] [thread 2213] [32.0] [cxt 0] Pipeline 'ingress': start
[20:17:40.590] [bmv2] [T] [thread 2213] [32.0] [cxt 0] qos.p4(197) Condition "hdr.ipv4.isValid()" (node_2) is true
[20:17:40.590] [bmv2] [T] [thread 2213] [32.0] [cxt 0] qos.p4(198) Condition "hdr.link_qos.link_qos == TARGET_LINK_QOS" (node_3) is true
[20:17:40.590] [bmv2] [T] [thread 2213] [32.0] [cxt 0] Applying table 'tbl_qos199'
[20:17:40.590] [bmv2] [D] [thread 2213] [32.0] [cxt 0] Looking up key:

[20:17:40.590] [bmv2] [D] [thread 2213] [32.0] [cxt 0] Table 'tbl_qos199': miss
[20:17:40.591] [bmv2] [D] [thread 2213] [32.0] [cxt 0] Action entry is qos199 - 
[20:17:40.591] [bmv2] [T] [thread 2213] [32.0] [cxt 0] Action qos199
[20:17:40.591] [bmv2] [T] [thread 2213] [32.0] [cxt 0] qos.p4(199) Primitive hdr.ipv4.diffserv = (TARGET_DSCP << 2
[20:17:40.591] [bmv2] [T] [thread 2213] [32.0] [cxt 0] qos.p4(28) Primitive 7; ...
[20:17:40.591] [bmv2] [T] [thread 2213] [32.0] [cxt 0] Applying table 'MyIngress.ipv4_lpm'
[20:17:40.603] [bmv2] [D] [thread 2213] [32.0] [cxt 0] Looking up key:
* hdr.ipv4.dstAddr    : 0a000202

[20:17:40.603] [bmv2] [D] [thread 2213] [32.0] [cxt 0] Table 'MyIngress.ipv4_lpm': hit with handle 2
[20:17:40.604] [bmv2] [D] [thread 2213] [32.0] [cxt 0] Dumping entry 2
Match key:
* hdr.ipv4.dstAddr    : LPM       0a000200/24
Action entry: MyIngress.ipv4_forward - 80000000200,3,

[20:17:40.604] [bmv2] [D] [thread 2213] [32.0] [cxt 0] Action entry is MyIngress.ipv4_forward - 80000000200,3,
[20:17:40.604] [bmv2] [T] [thread 2213] [32.0] [cxt 0] Action MyIngress.ipv4_forward
[20:17:40.604] [bmv2] [T] [thread 2213] [32.0] [cxt 0] qos.p4(175) Primitive standard_metadata.egress_spec = port
[20:17:40.604] [bmv2] [T] [thread 2213] [32.0] [cxt 0] qos.p4(176) Primitive hdr.ethernet.srcAddr = hdr.ethernet.dstAddr
[20:17:40.604] [bmv2] [T] [thread 2213] [32.0] [cxt 0] qos.p4(177) Primitive hdr.ethernet.dstAddr = dstAddr
[20:17:40.604] [bmv2] [T] [thread 2213] [32.0] [cxt 0] qos.p4(178) Primitive hdr.ipv4.ttl = hdr.ipv4.ttl - 1
[20:17:40.604] [bmv2] [D] [thread 2213] [32.0] [cxt 0] Pipeline 'ingress': end
[20:17:40.604] [bmv2] [D] [thread 2213] [32.0] [cxt 0] Egress port is 3
[20:17:40.605] [bmv2] [D] [thread 2217] [32.0] [cxt 0] Pipeline 'egress': start
[20:17:40.605] [bmv2] [D] [thread 2217] [32.0] [cxt 0] Pipeline 'egress': end
[20:17:40.605] [bmv2] [D] [thread 2217] [32.0] [cxt 0] Deparser 'deparser': start
[20:17:40.605] [bmv2] [D] [thread 2217] [32.0] [cxt 0] Updating checksum 'cksum'
[20:17:40.605] [bmv2] [D] [thread 2217] [32.0] [cxt 0] Deparsing header 'ethernet'
[20:17:40.605] [bmv2] [D] [thread 2217] [32.0] [cxt 0] Deparsing header 'vlan'
[20:17:40.605] [bmv2] [D] [thread 2217] [32.0] [cxt 0] Deparsing header 'ipv4'
[20:17:40.605] [bmv2] [D] [thread 2217] [32.0] [cxt 0] Deparser 'deparser': end
[20:17:40.606] [bmv2] [D] [thread 2218] [32.0] [cxt 0] Transmitting packet of size 46 out of port 3
[20:17:40.786] [bmv2] [D] [thread 2213] [33.0] [cxt 0] Processing packet received on port 2
[20:17:40.786] [bmv2] [D] [thread 2213] [33.0] [cxt 0] Parser 'parser': start
[20:17:40.786] [bmv2] [D] [thread 2213] [33.0] [cxt 0] Parser 'parser' entering state 'start'
[20:17:40.786] [bmv2] [D] [thread 2213] [33.0] [cxt 0] Extracting header 'ethernet'
[20:17:40.786] [bmv2] [D] [thread 2213] [33.0] [cxt 0] Parser state 'start': key is 8100
[20:17:40.786] [bmv2] [T] [thread 2213] [33.0] [cxt 0] Bytes parsed: 14
[20:17:40.786] [bmv2] [D] [thread 2213] [33.0] [cxt 0] Parser 'parser' entering state 'parse_vlan'
[20:17:40.786] [bmv2] [D] [thread 2213] [33.0] [cxt 0] Extracting header 'vlan'
[20:17:40.786] [bmv2] [D] [thread 2213] [33.0] [cxt 0] Parser state 'parse_vlan': key is 0800
[20:17:40.786] [bmv2] [T] [thread 2213] [33.0] [cxt 0] Bytes parsed: 18
[20:17:40.786] [bmv2] [D] [thread 2213] [33.0] [cxt 0] Parser 'parser' entering state 'parse_ipv4'
[20:17:40.787] [bmv2] [D] [thread 2213] [33.0] [cxt 0] Extracting header 'ipv4'
[20:17:40.787] [bmv2] [D] [thread 2213] [33.0] [cxt 0] Parser set: setting field 'scalars.tmp' from expression, new value is 1
[20:17:40.787] [bmv2] [D] [thread 2213] [33.0] [cxt 0] Parser state 'parse_ipv4': key is 06
[20:17:40.787] [bmv2] [T] [thread 2213] [33.0] [cxt 0] Bytes parsed: 38
[20:17:40.787] [bmv2] [D] [thread 2213] [33.0] [cxt 0] Parser 'parser' entering state 'parse_ipv4_option'
[20:17:40.787] [bmv2] [D] [thread 2213] [33.0] [cxt 0] Extracting header 'ipv4_option'
[20:17:40.787] [bmv2] [D] [thread 2213] [33.0] [cxt 0] Parser state 'parse_ipv4_option': key is 1f
[20:17:40.787] [bmv2] [T] [thread 2213] [33.0] [cxt 0] Bytes parsed: 40
[20:17:40.787] [bmv2] [D] [thread 2213] [33.0] [cxt 0] Parser 'parser' entering state 'parse_link_qos'
[20:17:40.787] [bmv2] [D] [thread 2213] [33.0] [cxt 0] Extracting header 'link_qos'
[20:17:40.787] [bmv2] [D] [thread 2213] [33.0] [cxt 0] Parser state 'parse_link_qos' has no switch, going to default next state
[20:17:40.787] [bmv2] [T] [thread 2213] [33.0] [cxt 0] Bytes parsed: 42
[20:17:40.787] [bmv2] [D] [thread 2213] [33.0] [cxt 0] Parser 'parser': end
[20:17:40.787] [bmv2] [D] [thread 2213] [33.0] [cxt 0] Pipeline 'ingress': start
[20:17:40.787] [bmv2] [T] [thread 2213] [33.0] [cxt 0] qos.p4(197) Condition "hdr.ipv4.isValid()" (node_2) is true
[20:17:40.787] [bmv2] [T] [thread 2213] [33.0] [cxt 0] qos.p4(198) Condition "hdr.link_qos.link_qos == TARGET_LINK_QOS" (node_3) is true
[20:17:40.787] [bmv2] [T] [thread 2213] [33.0] [cxt 0] Applying table 'tbl_qos199'
[20:17:40.787] [bmv2] [D] [thread 2213] [33.0] [cxt 0] Looking up key:

[20:17:40.787] [bmv2] [D] [thread 2213] [33.0] [cxt 0] Table 'tbl_qos199': miss
[20:17:40.788] [bmv2] [D] [thread 2213] [33.0] [cxt 0] Action entry is qos199 - 
[20:17:40.788] [bmv2] [T] [thread 2213] [33.0] [cxt 0] Action qos199
[20:17:40.788] [bmv2] [T] [thread 2213] [33.0] [cxt 0] qos.p4(199) Primitive hdr.ipv4.diffserv = (TARGET_DSCP << 2
[20:17:40.788] [bmv2] [T] [thread 2213] [33.0] [cxt 0] qos.p4(28) Primitive 7; ...
[20:17:40.788] [bmv2] [T] [thread 2213] [33.0] [cxt 0] Applying table 'MyIngress.ipv4_lpm'
[20:17:40.788] [bmv2] [D] [thread 2213] [33.0] [cxt 0] Looking up key:
* hdr.ipv4.dstAddr    : 0a000202

[20:17:40.788] [bmv2] [D] [thread 2213] [33.0] [cxt 0] Table 'MyIngress.ipv4_lpm': hit with handle 2
[20:17:40.788] [bmv2] [D] [thread 2213] [33.0] [cxt 0] Dumping entry 2
Match key:
* hdr.ipv4.dstAddr    : LPM       0a000200/24
Action entry: MyIngress.ipv4_forward - 80000000200,3,

[20:17:40.788] [bmv2] [D] [thread 2213] [33.0] [cxt 0] Action entry is MyIngress.ipv4_forward - 80000000200,3,
[20:17:40.788] [bmv2] [T] [thread 2213] [33.0] [cxt 0] Action MyIngress.ipv4_forward
[20:17:40.788] [bmv2] [T] [thread 2213] [33.0] [cxt 0] qos.p4(175) Primitive standard_metadata.egress_spec = port
[20:17:40.788] [bmv2] [T] [thread 2213] [33.0] [cxt 0] qos.p4(176) Primitive hdr.ethernet.srcAddr = hdr.ethernet.dstAddr
[20:17:40.788] [bmv2] [T] [thread 2213] [33.0] [cxt 0] qos.p4(177) Primitive hdr.ethernet.dstAddr = dstAddr
[20:17:40.788] [bmv2] [T] [thread 2213] [33.0] [cxt 0] qos.p4(178) Primitive hdr.ipv4.ttl = hdr.ipv4.ttl - 1
[20:17:40.788] [bmv2] [D] [thread 2213] [33.0] [cxt 0] Pipeline 'ingress': end
[20:17:40.788] [bmv2] [D] [thread 2213] [33.0] [cxt 0] Egress port is 3
[20:17:40.789] [bmv2] [D] [thread 2217] [33.0] [cxt 0] Pipeline 'egress': start
[20:17:40.789] [bmv2] [D] [thread 2217] [33.0] [cxt 0] Pipeline 'egress': end
[20:17:40.789] [bmv2] [D] [thread 2217] [33.0] [cxt 0] Deparser 'deparser': start
[20:17:40.789] [bmv2] [D] [thread 2217] [33.0] [cxt 0] Updating checksum 'cksum'
[20:17:40.789] [bmv2] [D] [thread 2217] [33.0] [cxt 0] Deparsing header 'ethernet'
[20:17:40.789] [bmv2] [D] [thread 2217] [33.0] [cxt 0] Deparsing header 'vlan'
[20:17:40.789] [bmv2] [D] [thread 2217] [33.0] [cxt 0] Deparsing header 'ipv4'
[20:17:40.789] [bmv2] [D] [thread 2217] [33.0] [cxt 0] Deparsing header 'ipv4_option'
[20:17:40.789] [bmv2] [D] [thread 2217] [33.0] [cxt 0] Deparsing header 'link_qos'
[20:17:40.789] [bmv2] [D] [thread 2217] [33.0] [cxt 0] Deparser 'deparser': end
[20:17:40.789] [bmv2] [D] [thread 2218] [33.0] [cxt 0] Transmitting packet of size 50 out of port 3
[20:17:41.486] [bmv2] [D] [thread 2213] [34.0] [cxt 0] Processing packet received on port 4
[20:17:41.487] [bmv2] [D] [thread 2213] [34.0] [cxt 0] Parser 'parser': start
[20:17:41.487] [bmv2] [D] [thread 2213] [34.0] [cxt 0] Parser 'parser' entering state 'start'
[20:17:41.487] [bmv2] [D] [thread 2213] [34.0] [cxt 0] Extracting header 'ethernet'
[20:17:41.487] [bmv2] [D] [thread 2213] [34.0] [cxt 0] Parser state 'start': key is 86dd
[20:17:41.488] [bmv2] [T] [thread 2213] [34.0] [cxt 0] Bytes parsed: 14
[20:17:41.488] [bmv2] [D] [thread 2213] [34.0] [cxt 0] Parser 'parser': end
[20:17:41.488] [bmv2] [D] [thread 2213] [34.0] [cxt 0] Pipeline 'ingress': start
[20:17:41.493] [bmv2] [T] [thread 2213] [34.0] [cxt 0] qos.p4(197) Condition "hdr.ipv4.isValid()" (node_2) is false
[20:17:41.494] [bmv2] [D] [thread 2213] [34.0] [cxt 0] Pipeline 'ingress': end
[20:17:41.494] [bmv2] [D] [thread 2213] [34.0] [cxt 0] Egress port is 0
[20:17:41.495] [bmv2] [D] [thread 2214] [34.0] [cxt 0] Pipeline 'egress': start
[20:17:41.495] [bmv2] [D] [thread 2214] [34.0] [cxt 0] Pipeline 'egress': end
[20:17:41.495] [bmv2] [D] [thread 2214] [34.0] [cxt 0] Deparser 'deparser': start
[20:17:41.495] [bmv2] [T] [thread 2214] [34.0] [cxt 0] Skipping checksum 'cksum' update because condition not met
[20:17:41.495] [bmv2] [D] [thread 2214] [34.0] [cxt 0] Deparsing header 'ethernet'
[20:17:41.495] [bmv2] [D] [thread 2214] [34.0] [cxt 0] Deparser 'deparser': end
[20:17:41.495] [bmv2] [D] [thread 2218] [34.0] [cxt 0] Transmitting packet of size 70 out of port 0
[20:17:41.622] [bmv2] [D] [thread 2213] [35.0] [cxt 0] Processing packet received on port 1
[20:17:41.622] [bmv2] [D] [thread 2213] [35.0] [cxt 0] Parser 'parser': start
[20:17:41.622] [bmv2] [D] [thread 2213] [35.0] [cxt 0] Parser 'parser' entering state 'start'
[20:17:41.622] [bmv2] [D] [thread 2213] [35.0] [cxt 0] Extracting header 'ethernet'
[20:17:41.622] [bmv2] [D] [thread 2213] [35.0] [cxt 0] Parser state 'start': key is 8100
[20:17:41.622] [bmv2] [T] [thread 2213] [35.0] [cxt 0] Bytes parsed: 14
[20:17:41.622] [bmv2] [D] [thread 2213] [35.0] [cxt 0] Parser 'parser' entering state 'parse_vlan'
[20:17:41.622] [bmv2] [D] [thread 2213] [35.0] [cxt 0] Extracting header 'vlan'
[20:17:41.623] [bmv2] [D] [thread 2213] [35.0] [cxt 0] Parser state 'parse_vlan': key is 0800
[20:17:41.623] [bmv2] [T] [thread 2213] [35.0] [cxt 0] Bytes parsed: 18
[20:17:41.623] [bmv2] [D] [thread 2213] [35.0] [cxt 0] Parser 'parser' entering state 'parse_ipv4'
[20:17:41.623] [bmv2] [D] [thread 2213] [35.0] [cxt 0] Extracting header 'ipv4'
[20:17:41.623] [bmv2] [D] [thread 2213] [35.0] [cxt 0] Parser set: setting field 'scalars.tmp' from expression, new value is 1
[20:17:41.623] [bmv2] [D] [thread 2213] [35.0] [cxt 0] Parser state 'parse_ipv4': key is 05
[20:17:41.623] [bmv2] [T] [thread 2213] [35.0] [cxt 0] Bytes parsed: 38
[20:17:41.623] [bmv2] [D] [thread 2213] [35.0] [cxt 0] Parser 'parser': end
[20:17:41.623] [bmv2] [D] [thread 2213] [35.0] [cxt 0] Pipeline 'ingress': start
[20:17:41.624] [bmv2] [T] [thread 2213] [35.0] [cxt 0] qos.p4(197) Condition "hdr.ipv4.isValid()" (node_2) is true
[20:17:41.631] [bmv2] [T] [thread 2213] [35.0] [cxt 0] qos.p4(198) Condition "hdr.link_qos.link_qos == TARGET_LINK_QOS" (node_3) is true
[20:17:41.631] [bmv2] [T] [thread 2213] [35.0] [cxt 0] Applying table 'tbl_qos199'
[20:17:41.631] [bmv2] [D] [thread 2213] [35.0] [cxt 0] Looking up key:

[20:17:41.631] [bmv2] [D] [thread 2213] [35.0] [cxt 0] Table 'tbl_qos199': miss
[20:17:41.631] [bmv2] [D] [thread 2213] [35.0] [cxt 0] Action entry is qos199 - 
[20:17:41.632] [bmv2] [T] [thread 2213] [35.0] [cxt 0] Action qos199
[20:17:41.632] [bmv2] [T] [thread 2213] [35.0] [cxt 0] qos.p4(199) Primitive hdr.ipv4.diffserv = (TARGET_DSCP << 2
[20:17:41.632] [bmv2] [T] [thread 2213] [35.0] [cxt 0] qos.p4(28) Primitive 7; ...
[20:17:41.632] [bmv2] [T] [thread 2213] [35.0] [cxt 0] Applying table 'MyIngress.ipv4_lpm'
[20:17:41.632] [bmv2] [D] [thread 2213] [35.0] [cxt 0] Looking up key:
* hdr.ipv4.dstAddr    : 0a000202

[20:17:41.632] [bmv2] [D] [thread 2213] [35.0] [cxt 0] Table 'MyIngress.ipv4_lpm': hit with handle 2
[20:17:41.632] [bmv2] [D] [thread 2213] [35.0] [cxt 0] Dumping entry 2
Match key:
* hdr.ipv4.dstAddr    : LPM       0a000200/24
Action entry: MyIngress.ipv4_forward - 80000000200,3,

[20:17:41.632] [bmv2] [D] [thread 2213] [35.0] [cxt 0] Action entry is MyIngress.ipv4_forward - 80000000200,3,
[20:17:41.632] [bmv2] [T] [thread 2213] [35.0] [cxt 0] Action MyIngress.ipv4_forward
[20:17:41.632] [bmv2] [T] [thread 2213] [35.0] [cxt 0] qos.p4(175) Primitive standard_metadata.egress_spec = port
[20:17:41.632] [bmv2] [T] [thread 2213] [35.0] [cxt 0] qos.p4(176) Primitive hdr.ethernet.srcAddr = hdr.ethernet.dstAddr
[20:17:41.632] [bmv2] [T] [thread 2213] [35.0] [cxt 0] qos.p4(177) Primitive hdr.ethernet.dstAddr = dstAddr
[20:17:41.632] [bmv2] [T] [thread 2213] [35.0] [cxt 0] qos.p4(178) Primitive hdr.ipv4.ttl = hdr.ipv4.ttl - 1
[20:17:41.632] [bmv2] [D] [thread 2213] [35.0] [cxt 0] Pipeline 'ingress': end
[20:17:41.632] [bmv2] [D] [thread 2213] [35.0] [cxt 0] Egress port is 3
[20:17:41.633] [bmv2] [D] [thread 2217] [35.0] [cxt 0] Pipeline 'egress': start
[20:17:41.633] [bmv2] [D] [thread 2217] [35.0] [cxt 0] Pipeline 'egress': end
[20:17:41.633] [bmv2] [D] [thread 2217] [35.0] [cxt 0] Deparser 'deparser': start
[20:17:41.633] [bmv2] [D] [thread 2217] [35.0] [cxt 0] Updating checksum 'cksum'
[20:17:41.633] [bmv2] [D] [thread 2217] [35.0] [cxt 0] Deparsing header 'ethernet'
[20:17:41.633] [bmv2] [D] [thread 2217] [35.0] [cxt 0] Deparsing header 'vlan'
[20:17:41.633] [bmv2] [D] [thread 2217] [35.0] [cxt 0] Deparsing header 'ipv4'
[20:17:41.633] [bmv2] [D] [thread 2217] [35.0] [cxt 0] Deparser 'deparser': end
[20:17:41.633] [bmv2] [D] [thread 2218] [35.0] [cxt 0] Transmitting packet of size 46 out of port 3
[20:17:41.794] [bmv2] [D] [thread 2213] [36.0] [cxt 0] Processing packet received on port 2
[20:17:41.794] [bmv2] [D] [thread 2213] [36.0] [cxt 0] Parser 'parser': start
[20:17:41.794] [bmv2] [D] [thread 2213] [36.0] [cxt 0] Parser 'parser' entering state 'start'
[20:17:41.794] [bmv2] [D] [thread 2213] [36.0] [cxt 0] Extracting header 'ethernet'
[20:17:41.794] [bmv2] [D] [thread 2213] [36.0] [cxt 0] Parser state 'start': key is 8100
[20:17:41.794] [bmv2] [T] [thread 2213] [36.0] [cxt 0] Bytes parsed: 14
[20:17:41.795] [bmv2] [D] [thread 2213] [36.0] [cxt 0] Parser 'parser' entering state 'parse_vlan'
[20:17:41.795] [bmv2] [D] [thread 2213] [36.0] [cxt 0] Extracting header 'vlan'
[20:17:41.795] [bmv2] [D] [thread 2213] [36.0] [cxt 0] Parser state 'parse_vlan': key is 0800
[20:17:41.795] [bmv2] [T] [thread 2213] [36.0] [cxt 0] Bytes parsed: 18
[20:17:41.795] [bmv2] [D] [thread 2213] [36.0] [cxt 0] Parser 'parser' entering state 'parse_ipv4'
[20:17:41.795] [bmv2] [D] [thread 2213] [36.0] [cxt 0] Extracting header 'ipv4'
[20:17:41.795] [bmv2] [D] [thread 2213] [36.0] [cxt 0] Parser set: setting field 'scalars.tmp' from expression, new value is 1
[20:17:41.795] [bmv2] [D] [thread 2213] [36.0] [cxt 0] Parser state 'parse_ipv4': key is 06
[20:17:41.795] [bmv2] [T] [thread 2213] [36.0] [cxt 0] Bytes parsed: 38
[20:17:41.795] [bmv2] [D] [thread 2213] [36.0] [cxt 0] Parser 'parser' entering state 'parse_ipv4_option'
[20:17:41.795] [bmv2] [D] [thread 2213] [36.0] [cxt 0] Extracting header 'ipv4_option'
[20:17:41.795] [bmv2] [D] [thread 2213] [36.0] [cxt 0] Parser state 'parse_ipv4_option': key is 1f
[20:17:41.795] [bmv2] [T] [thread 2213] [36.0] [cxt 0] Bytes parsed: 40
[20:17:41.795] [bmv2] [D] [thread 2213] [36.0] [cxt 0] Parser 'parser' entering state 'parse_link_qos'
[20:17:41.795] [bmv2] [D] [thread 2213] [36.0] [cxt 0] Extracting header 'link_qos'
[20:17:41.795] [bmv2] [D] [thread 2213] [36.0] [cxt 0] Parser state 'parse_link_qos' has no switch, going to default next state
[20:17:41.795] [bmv2] [T] [thread 2213] [36.0] [cxt 0] Bytes parsed: 42
[20:17:41.795] [bmv2] [D] [thread 2213] [36.0] [cxt 0] Parser 'parser': end
[20:17:41.795] [bmv2] [D] [thread 2213] [36.0] [cxt 0] Pipeline 'ingress': start
[20:17:41.795] [bmv2] [T] [thread 2213] [36.0] [cxt 0] qos.p4(197) Condition "hdr.ipv4.isValid()" (node_2) is true
[20:17:41.795] [bmv2] [T] [thread 2213] [36.0] [cxt 0] qos.p4(198) Condition "hdr.link_qos.link_qos == TARGET_LINK_QOS" (node_3) is true
[20:17:41.795] [bmv2] [T] [thread 2213] [36.0] [cxt 0] Applying table 'tbl_qos199'
[20:17:41.801] [bmv2] [D] [thread 2213] [36.0] [cxt 0] Looking up key:

[20:17:41.802] [bmv2] [D] [thread 2213] [36.0] [cxt 0] Table 'tbl_qos199': miss
[20:17:41.802] [bmv2] [D] [thread 2213] [36.0] [cxt 0] Action entry is qos199 - 
[20:17:41.802] [bmv2] [T] [thread 2213] [36.0] [cxt 0] Action qos199
[20:17:41.802] [bmv2] [T] [thread 2213] [36.0] [cxt 0] qos.p4(199) Primitive hdr.ipv4.diffserv = (TARGET_DSCP << 2
[20:17:41.802] [bmv2] [T] [thread 2213] [36.0] [cxt 0] qos.p4(28) Primitive 7; ...
[20:17:41.802] [bmv2] [T] [thread 2213] [36.0] [cxt 0] Applying table 'MyIngress.ipv4_lpm'
[20:17:41.802] [bmv2] [D] [thread 2213] [36.0] [cxt 0] Looking up key:
* hdr.ipv4.dstAddr    : 0a000202

[20:17:41.802] [bmv2] [D] [thread 2213] [36.0] [cxt 0] Table 'MyIngress.ipv4_lpm': hit with handle 2
[20:17:41.802] [bmv2] [D] [thread 2213] [36.0] [cxt 0] Dumping entry 2
Match key:
* hdr.ipv4.dstAddr    : LPM       0a000200/24
Action entry: MyIngress.ipv4_forward - 80000000200,3,

[20:17:41.802] [bmv2] [D] [thread 2213] [36.0] [cxt 0] Action entry is MyIngress.ipv4_forward - 80000000200,3,
[20:17:41.802] [bmv2] [T] [thread 2213] [36.0] [cxt 0] Action MyIngress.ipv4_forward
[20:17:41.802] [bmv2] [T] [thread 2213] [36.0] [cxt 0] qos.p4(175) Primitive standard_metadata.egress_spec = port
[20:17:41.802] [bmv2] [T] [thread 2213] [36.0] [cxt 0] qos.p4(176) Primitive hdr.ethernet.srcAddr = hdr.ethernet.dstAddr
[20:17:41.802] [bmv2] [T] [thread 2213] [36.0] [cxt 0] qos.p4(177) Primitive hdr.ethernet.dstAddr = dstAddr
[20:17:41.802] [bmv2] [T] [thread 2213] [36.0] [cxt 0] qos.p4(178) Primitive hdr.ipv4.ttl = hdr.ipv4.ttl - 1
[20:17:41.802] [bmv2] [D] [thread 2213] [36.0] [cxt 0] Pipeline 'ingress': end
[20:17:41.802] [bmv2] [D] [thread 2213] [36.0] [cxt 0] Egress port is 3
[20:17:41.803] [bmv2] [D] [thread 2217] [36.0] [cxt 0] Pipeline 'egress': start
[20:17:41.803] [bmv2] [D] [thread 2217] [36.0] [cxt 0] Pipeline 'egress': end
[20:17:41.803] [bmv2] [D] [thread 2217] [36.0] [cxt 0] Deparser 'deparser': start
[20:17:41.803] [bmv2] [D] [thread 2217] [36.0] [cxt 0] Updating checksum 'cksum'
[20:17:41.803] [bmv2] [D] [thread 2217] [36.0] [cxt 0] Deparsing header 'ethernet'
[20:17:41.803] [bmv2] [D] [thread 2217] [36.0] [cxt 0] Deparsing header 'vlan'
[20:17:41.803] [bmv2] [D] [thread 2217] [36.0] [cxt 0] Deparsing header 'ipv4'
[20:17:41.803] [bmv2] [D] [thread 2217] [36.0] [cxt 0] Deparsing header 'ipv4_option'
[20:17:41.803] [bmv2] [D] [thread 2217] [36.0] [cxt 0] Deparsing header 'link_qos'
[20:17:41.803] [bmv2] [D] [thread 2217] [36.0] [cxt 0] Deparser 'deparser': end
[20:17:41.804] [bmv2] [D] [thread 2218] [36.0] [cxt 0] Transmitting packet of size 50 out of port 3
[20:17:42.649] [bmv2] [D] [thread 2213] [37.0] [cxt 0] Processing packet received on port 1
[20:17:42.650] [bmv2] [D] [thread 2213] [37.0] [cxt 0] Parser 'parser': start
[20:17:42.650] [bmv2] [D] [thread 2213] [37.0] [cxt 0] Parser 'parser' entering state 'start'
[20:17:42.650] [bmv2] [D] [thread 2213] [37.0] [cxt 0] Extracting header 'ethernet'
[20:17:42.651] [bmv2] [D] [thread 2213] [37.0] [cxt 0] Parser state 'start': key is 8100
[20:17:42.651] [bmv2] [T] [thread 2213] [37.0] [cxt 0] Bytes parsed: 14
[20:17:42.652] [bmv2] [D] [thread 2213] [37.0] [cxt 0] Parser 'parser' entering state 'parse_vlan'
[20:17:42.652] [bmv2] [D] [thread 2213] [37.0] [cxt 0] Extracting header 'vlan'
[20:17:42.652] [bmv2] [D] [thread 2213] [37.0] [cxt 0] Parser state 'parse_vlan': key is 0800
[20:17:42.652] [bmv2] [T] [thread 2213] [37.0] [cxt 0] Bytes parsed: 18
[20:17:42.652] [bmv2] [D] [thread 2213] [37.0] [cxt 0] Parser 'parser' entering state 'parse_ipv4'
[20:17:42.652] [bmv2] [D] [thread 2213] [37.0] [cxt 0] Extracting header 'ipv4'
[20:17:42.653] [bmv2] [D] [thread 2213] [37.0] [cxt 0] Parser set: setting field 'scalars.tmp' from expression, new value is 1
[20:17:42.653] [bmv2] [D] [thread 2213] [37.0] [cxt 0] Parser state 'parse_ipv4': key is 05
[20:17:42.653] [bmv2] [T] [thread 2213] [37.0] [cxt 0] Bytes parsed: 38
[20:17:42.653] [bmv2] [D] [thread 2213] [37.0] [cxt 0] Parser 'parser': end
[20:17:42.653] [bmv2] [D] [thread 2213] [37.0] [cxt 0] Pipeline 'ingress': start
[20:17:42.653] [bmv2] [T] [thread 2213] [37.0] [cxt 0] qos.p4(197) Condition "hdr.ipv4.isValid()" (node_2) is true
[20:17:42.653] [bmv2] [T] [thread 2213] [37.0] [cxt 0] qos.p4(198) Condition "hdr.link_qos.link_qos == TARGET_LINK_QOS" (node_3) is true
[20:17:42.653] [bmv2] [T] [thread 2213] [37.0] [cxt 0] Applying table 'tbl_qos199'
[20:17:42.654] [bmv2] [D] [thread 2213] [37.0] [cxt 0] Looking up key:

[20:17:42.654] [bmv2] [D] [thread 2213] [37.0] [cxt 0] Table 'tbl_qos199': miss
[20:17:42.654] [bmv2] [D] [thread 2213] [37.0] [cxt 0] Action entry is qos199 - 
[20:17:42.654] [bmv2] [T] [thread 2213] [37.0] [cxt 0] Action qos199
[20:17:42.654] [bmv2] [T] [thread 2213] [37.0] [cxt 0] qos.p4(199) Primitive hdr.ipv4.diffserv = (TARGET_DSCP << 2
[20:17:42.654] [bmv2] [T] [thread 2213] [37.0] [cxt 0] qos.p4(28) Primitive 7; ...
[20:17:42.654] [bmv2] [T] [thread 2213] [37.0] [cxt 0] Applying table 'MyIngress.ipv4_lpm'
[20:17:42.654] [bmv2] [D] [thread 2213] [37.0] [cxt 0] Looking up key:
* hdr.ipv4.dstAddr    : 0a000202

[20:17:42.654] [bmv2] [D] [thread 2213] [37.0] [cxt 0] Table 'MyIngress.ipv4_lpm': hit with handle 2
[20:17:42.655] [bmv2] [D] [thread 2213] [37.0] [cxt 0] Dumping entry 2
Match key:
* hdr.ipv4.dstAddr    : LPM       0a000200/24
Action entry: MyIngress.ipv4_forward - 80000000200,3,

[20:17:42.655] [bmv2] [D] [thread 2213] [37.0] [cxt 0] Action entry is MyIngress.ipv4_forward - 80000000200,3,
[20:17:42.655] [bmv2] [T] [thread 2213] [37.0] [cxt 0] Action MyIngress.ipv4_forward
[20:17:42.655] [bmv2] [T] [thread 2213] [37.0] [cxt 0] qos.p4(175) Primitive standard_metadata.egress_spec = port
[20:17:42.655] [bmv2] [T] [thread 2213] [37.0] [cxt 0] qos.p4(176) Primitive hdr.ethernet.srcAddr = hdr.ethernet.dstAddr
[20:17:42.655] [bmv2] [T] [thread 2213] [37.0] [cxt 0] qos.p4(177) Primitive hdr.ethernet.dstAddr = dstAddr
[20:17:42.655] [bmv2] [T] [thread 2213] [37.0] [cxt 0] qos.p4(178) Primitive hdr.ipv4.ttl = hdr.ipv4.ttl - 1
[20:17:42.663] [bmv2] [D] [thread 2213] [37.0] [cxt 0] Pipeline 'ingress': end
[20:17:42.663] [bmv2] [D] [thread 2213] [37.0] [cxt 0] Egress port is 3
[20:17:42.663] [bmv2] [D] [thread 2217] [37.0] [cxt 0] Pipeline 'egress': start
[20:17:42.663] [bmv2] [D] [thread 2217] [37.0] [cxt 0] Pipeline 'egress': end
[20:17:42.663] [bmv2] [D] [thread 2217] [37.0] [cxt 0] Deparser 'deparser': start
[20:17:42.663] [bmv2] [D] [thread 2217] [37.0] [cxt 0] Updating checksum 'cksum'
[20:17:42.663] [bmv2] [D] [thread 2217] [37.0] [cxt 0] Deparsing header 'ethernet'
[20:17:42.663] [bmv2] [D] [thread 2217] [37.0] [cxt 0] Deparsing header 'vlan'
[20:17:42.663] [bmv2] [D] [thread 2217] [37.0] [cxt 0] Deparsing header 'ipv4'
[20:17:42.664] [bmv2] [D] [thread 2217] [37.0] [cxt 0] Deparser 'deparser': end
[20:17:42.664] [bmv2] [D] [thread 2218] [37.0] [cxt 0] Transmitting packet of size 46 out of port 3
[20:17:42.809] [bmv2] [D] [thread 2213] [38.0] [cxt 0] Processing packet received on port 2
[20:17:42.810] [bmv2] [D] [thread 2213] [38.0] [cxt 0] Parser 'parser': start
[20:17:42.810] [bmv2] [D] [thread 2213] [38.0] [cxt 0] Parser 'parser' entering state 'start'
[20:17:42.810] [bmv2] [D] [thread 2213] [38.0] [cxt 0] Extracting header 'ethernet'
[20:17:42.810] [bmv2] [D] [thread 2213] [38.0] [cxt 0] Parser state 'start': key is 8100
[20:17:42.810] [bmv2] [T] [thread 2213] [38.0] [cxt 0] Bytes parsed: 14
[20:17:42.810] [bmv2] [D] [thread 2213] [38.0] [cxt 0] Parser 'parser' entering state 'parse_vlan'
[20:17:42.810] [bmv2] [D] [thread 2213] [38.0] [cxt 0] Extracting header 'vlan'
[20:17:42.810] [bmv2] [D] [thread 2213] [38.0] [cxt 0] Parser state 'parse_vlan': key is 0800
[20:17:42.810] [bmv2] [T] [thread 2213] [38.0] [cxt 0] Bytes parsed: 18
[20:17:42.810] [bmv2] [D] [thread 2213] [38.0] [cxt 0] Parser 'parser' entering state 'parse_ipv4'
[20:17:42.810] [bmv2] [D] [thread 2213] [38.0] [cxt 0] Extracting header 'ipv4'
[20:17:42.810] [bmv2] [D] [thread 2213] [38.0] [cxt 0] Parser set: setting field 'scalars.tmp' from expression, new value is 1
[20:17:42.810] [bmv2] [D] [thread 2213] [38.0] [cxt 0] Parser state 'parse_ipv4': key is 06
[20:17:42.810] [bmv2] [T] [thread 2213] [38.0] [cxt 0] Bytes parsed: 38
[20:17:42.810] [bmv2] [D] [thread 2213] [38.0] [cxt 0] Parser 'parser' entering state 'parse_ipv4_option'
[20:17:42.810] [bmv2] [D] [thread 2213] [38.0] [cxt 0] Extracting header 'ipv4_option'
[20:17:42.810] [bmv2] [D] [thread 2213] [38.0] [cxt 0] Parser state 'parse_ipv4_option': key is 1f
[20:17:42.810] [bmv2] [T] [thread 2213] [38.0] [cxt 0] Bytes parsed: 40
[20:17:42.810] [bmv2] [D] [thread 2213] [38.0] [cxt 0] Parser 'parser' entering state 'parse_link_qos'
[20:17:42.810] [bmv2] [D] [thread 2213] [38.0] [cxt 0] Extracting header 'link_qos'
[20:17:42.810] [bmv2] [D] [thread 2213] [38.0] [cxt 0] Parser state 'parse_link_qos' has no switch, going to default next state
[20:17:42.810] [bmv2] [T] [thread 2213] [38.0] [cxt 0] Bytes parsed: 42
[20:17:42.810] [bmv2] [D] [thread 2213] [38.0] [cxt 0] Parser 'parser': end
[20:17:42.810] [bmv2] [D] [thread 2213] [38.0] [cxt 0] Pipeline 'ingress': start
[20:17:42.810] [bmv2] [T] [thread 2213] [38.0] [cxt 0] qos.p4(197) Condition "hdr.ipv4.isValid()" (node_2) is true
[20:17:42.811] [bmv2] [T] [thread 2213] [38.0] [cxt 0] qos.p4(198) Condition "hdr.link_qos.link_qos == TARGET_LINK_QOS" (node_3) is true
[20:17:42.811] [bmv2] [T] [thread 2213] [38.0] [cxt 0] Applying table 'tbl_qos199'
[20:17:42.811] [bmv2] [D] [thread 2213] [38.0] [cxt 0] Looking up key:

[20:17:42.811] [bmv2] [D] [thread 2213] [38.0] [cxt 0] Table 'tbl_qos199': miss
[20:17:42.811] [bmv2] [D] [thread 2213] [38.0] [cxt 0] Action entry is qos199 - 
[20:17:42.811] [bmv2] [T] [thread 2213] [38.0] [cxt 0] Action qos199
[20:17:42.811] [bmv2] [T] [thread 2213] [38.0] [cxt 0] qos.p4(199) Primitive hdr.ipv4.diffserv = (TARGET_DSCP << 2
[20:17:42.811] [bmv2] [T] [thread 2213] [38.0] [cxt 0] qos.p4(28) Primitive 7; ...
[20:17:42.811] [bmv2] [T] [thread 2213] [38.0] [cxt 0] Applying table 'MyIngress.ipv4_lpm'
[20:17:42.811] [bmv2] [D] [thread 2213] [38.0] [cxt 0] Looking up key:
* hdr.ipv4.dstAddr    : 0a000202

[20:17:42.811] [bmv2] [D] [thread 2213] [38.0] [cxt 0] Table 'MyIngress.ipv4_lpm': hit with handle 2
[20:17:42.818] [bmv2] [D] [thread 2213] [38.0] [cxt 0] Dumping entry 2
Match key:
* hdr.ipv4.dstAddr    : LPM       0a000200/24
Action entry: MyIngress.ipv4_forward - 80000000200,3,

[20:17:42.818] [bmv2] [D] [thread 2213] [38.0] [cxt 0] Action entry is MyIngress.ipv4_forward - 80000000200,3,
[20:17:42.818] [bmv2] [T] [thread 2213] [38.0] [cxt 0] Action MyIngress.ipv4_forward
[20:17:42.818] [bmv2] [T] [thread 2213] [38.0] [cxt 0] qos.p4(175) Primitive standard_metadata.egress_spec = port
[20:17:42.818] [bmv2] [T] [thread 2213] [38.0] [cxt 0] qos.p4(176) Primitive hdr.ethernet.srcAddr = hdr.ethernet.dstAddr
[20:17:42.818] [bmv2] [T] [thread 2213] [38.0] [cxt 0] qos.p4(177) Primitive hdr.ethernet.dstAddr = dstAddr
[20:17:42.818] [bmv2] [T] [thread 2213] [38.0] [cxt 0] qos.p4(178) Primitive hdr.ipv4.ttl = hdr.ipv4.ttl - 1
[20:17:42.818] [bmv2] [D] [thread 2213] [38.0] [cxt 0] Pipeline 'ingress': end
[20:17:42.819] [bmv2] [D] [thread 2213] [38.0] [cxt 0] Egress port is 3
[20:17:42.819] [bmv2] [D] [thread 2217] [38.0] [cxt 0] Pipeline 'egress': start
[20:17:42.819] [bmv2] [D] [thread 2217] [38.0] [cxt 0] Pipeline 'egress': end
[20:17:42.819] [bmv2] [D] [thread 2217] [38.0] [cxt 0] Deparser 'deparser': start
[20:17:42.819] [bmv2] [D] [thread 2217] [38.0] [cxt 0] Updating checksum 'cksum'
[20:17:42.819] [bmv2] [D] [thread 2217] [38.0] [cxt 0] Deparsing header 'ethernet'
[20:17:42.819] [bmv2] [D] [thread 2217] [38.0] [cxt 0] Deparsing header 'vlan'
[20:17:42.819] [bmv2] [D] [thread 2217] [38.0] [cxt 0] Deparsing header 'ipv4'
[20:17:42.819] [bmv2] [D] [thread 2217] [38.0] [cxt 0] Deparsing header 'ipv4_option'
[20:17:42.819] [bmv2] [D] [thread 2217] [38.0] [cxt 0] Deparsing header 'link_qos'
[20:17:42.819] [bmv2] [D] [thread 2217] [38.0] [cxt 0] Deparser 'deparser': end
[20:17:42.819] [bmv2] [D] [thread 2218] [38.0] [cxt 0] Transmitting packet of size 50 out of port 3
[20:17:43.685] [bmv2] [D] [thread 2213] [39.0] [cxt 0] Processing packet received on port 1
[20:17:43.685] [bmv2] [D] [thread 2213] [39.0] [cxt 0] Parser 'parser': start
[20:17:43.685] [bmv2] [D] [thread 2213] [39.0] [cxt 0] Parser 'parser' entering state 'start'
[20:17:43.685] [bmv2] [D] [thread 2213] [39.0] [cxt 0] Extracting header 'ethernet'
[20:17:43.685] [bmv2] [D] [thread 2213] [39.0] [cxt 0] Parser state 'start': key is 8100
[20:17:43.685] [bmv2] [T] [thread 2213] [39.0] [cxt 0] Bytes parsed: 14
[20:17:43.685] [bmv2] [D] [thread 2213] [39.0] [cxt 0] Parser 'parser' entering state 'parse_vlan'
[20:17:43.685] [bmv2] [D] [thread 2213] [39.0] [cxt 0] Extracting header 'vlan'
[20:17:43.685] [bmv2] [D] [thread 2213] [39.0] [cxt 0] Parser state 'parse_vlan': key is 0800
[20:17:43.686] [bmv2] [T] [thread 2213] [39.0] [cxt 0] Bytes parsed: 18
[20:17:43.686] [bmv2] [D] [thread 2213] [39.0] [cxt 0] Parser 'parser' entering state 'parse_ipv4'
[20:17:43.686] [bmv2] [D] [thread 2213] [39.0] [cxt 0] Extracting header 'ipv4'
[20:17:43.686] [bmv2] [D] [thread 2213] [39.0] [cxt 0] Parser set: setting field 'scalars.tmp' from expression, new value is 1
[20:17:43.686] [bmv2] [D] [thread 2213] [39.0] [cxt 0] Parser state 'parse_ipv4': key is 05
[20:17:43.686] [bmv2] [T] [thread 2213] [39.0] [cxt 0] Bytes parsed: 38
[20:17:43.686] [bmv2] [D] [thread 2213] [39.0] [cxt 0] Parser 'parser': end
[20:17:43.686] [bmv2] [D] [thread 2213] [39.0] [cxt 0] Pipeline 'ingress': start
[20:17:43.686] [bmv2] [T] [thread 2213] [39.0] [cxt 0] qos.p4(197) Condition "hdr.ipv4.isValid()" (node_2) is true
[20:17:43.686] [bmv2] [T] [thread 2213] [39.0] [cxt 0] qos.p4(198) Condition "hdr.link_qos.link_qos == TARGET_LINK_QOS" (node_3) is true
[20:17:43.686] [bmv2] [T] [thread 2213] [39.0] [cxt 0] Applying table 'tbl_qos199'
[20:17:43.686] [bmv2] [D] [thread 2213] [39.0] [cxt 0] Looking up key:

[20:17:43.686] [bmv2] [D] [thread 2213] [39.0] [cxt 0] Table 'tbl_qos199': miss
[20:17:43.686] [bmv2] [D] [thread 2213] [39.0] [cxt 0] Action entry is qos199 - 
[20:17:43.687] [bmv2] [T] [thread 2213] [39.0] [cxt 0] Action qos199
[20:17:43.687] [bmv2] [T] [thread 2213] [39.0] [cxt 0] qos.p4(199) Primitive hdr.ipv4.diffserv = (TARGET_DSCP << 2
[20:17:43.687] [bmv2] [T] [thread 2213] [39.0] [cxt 0] qos.p4(28) Primitive 7; ...
[20:17:43.687] [bmv2] [T] [thread 2213] [39.0] [cxt 0] Applying table 'MyIngress.ipv4_lpm'
[20:17:43.687] [bmv2] [D] [thread 2213] [39.0] [cxt 0] Looking up key:
* hdr.ipv4.dstAddr    : 0a000202

[20:17:43.687] [bmv2] [D] [thread 2213] [39.0] [cxt 0] Table 'MyIngress.ipv4_lpm': hit with handle 2
[20:17:43.687] [bmv2] [D] [thread 2213] [39.0] [cxt 0] Dumping entry 2
Match key:
* hdr.ipv4.dstAddr    : LPM       0a000200/24
Action entry: MyIngress.ipv4_forward - 80000000200,3,

[20:17:43.687] [bmv2] [D] [thread 2213] [39.0] [cxt 0] Action entry is MyIngress.ipv4_forward - 80000000200,3,
[20:17:43.687] [bmv2] [T] [thread 2213] [39.0] [cxt 0] Action MyIngress.ipv4_forward
[20:17:43.689] [bmv2] [T] [thread 2213] [39.0] [cxt 0] qos.p4(175) Primitive standard_metadata.egress_spec = port
[20:17:43.689] [bmv2] [T] [thread 2213] [39.0] [cxt 0] qos.p4(176) Primitive hdr.ethernet.srcAddr = hdr.ethernet.dstAddr
[20:17:43.689] [bmv2] [T] [thread 2213] [39.0] [cxt 0] qos.p4(177) Primitive hdr.ethernet.dstAddr = dstAddr
[20:17:43.689] [bmv2] [T] [thread 2213] [39.0] [cxt 0] qos.p4(178) Primitive hdr.ipv4.ttl = hdr.ipv4.ttl - 1
[20:17:43.689] [bmv2] [D] [thread 2213] [39.0] [cxt 0] Pipeline 'ingress': end
[20:17:43.689] [bmv2] [D] [thread 2213] [39.0] [cxt 0] Egress port is 3
[20:17:43.690] [bmv2] [D] [thread 2217] [39.0] [cxt 0] Pipeline 'egress': start
[20:17:43.690] [bmv2] [D] [thread 2217] [39.0] [cxt 0] Pipeline 'egress': end
[20:17:43.690] [bmv2] [D] [thread 2217] [39.0] [cxt 0] Deparser 'deparser': start
[20:17:43.690] [bmv2] [D] [thread 2217] [39.0] [cxt 0] Updating checksum 'cksum'
[20:17:43.690] [bmv2] [D] [thread 2217] [39.0] [cxt 0] Deparsing header 'ethernet'
[20:17:43.690] [bmv2] [D] [thread 2217] [39.0] [cxt 0] Deparsing header 'vlan'
[20:17:43.690] [bmv2] [D] [thread 2217] [39.0] [cxt 0] Deparsing header 'ipv4'
[20:17:43.690] [bmv2] [D] [thread 2217] [39.0] [cxt 0] Deparser 'deparser': end
[20:17:43.690] [bmv2] [D] [thread 2218] [39.0] [cxt 0] Transmitting packet of size 46 out of port 3
[20:17:43.829] [bmv2] [D] [thread 2213] [40.0] [cxt 0] Processing packet received on port 2
[20:17:43.829] [bmv2] [D] [thread 2213] [40.0] [cxt 0] Parser 'parser': start
[20:17:43.829] [bmv2] [D] [thread 2213] [40.0] [cxt 0] Parser 'parser' entering state 'start'
[20:17:43.829] [bmv2] [D] [thread 2213] [40.0] [cxt 0] Extracting header 'ethernet'
[20:17:43.829] [bmv2] [D] [thread 2213] [40.0] [cxt 0] Parser state 'start': key is 8100
[20:17:43.829] [bmv2] [T] [thread 2213] [40.0] [cxt 0] Bytes parsed: 14
[20:17:43.829] [bmv2] [D] [thread 2213] [40.0] [cxt 0] Parser 'parser' entering state 'parse_vlan'
[20:17:43.829] [bmv2] [D] [thread 2213] [40.0] [cxt 0] Extracting header 'vlan'
[20:17:43.829] [bmv2] [D] [thread 2213] [40.0] [cxt 0] Parser state 'parse_vlan': key is 0800
[20:17:43.829] [bmv2] [T] [thread 2213] [40.0] [cxt 0] Bytes parsed: 18
[20:17:43.829] [bmv2] [D] [thread 2213] [40.0] [cxt 0] Parser 'parser' entering state 'parse_ipv4'
[20:17:43.829] [bmv2] [D] [thread 2213] [40.0] [cxt 0] Extracting header 'ipv4'
[20:17:43.829] [bmv2] [D] [thread 2213] [40.0] [cxt 0] Parser set: setting field 'scalars.tmp' from expression, new value is 1
[20:17:43.829] [bmv2] [D] [thread 2213] [40.0] [cxt 0] Parser state 'parse_ipv4': key is 06
[20:17:43.829] [bmv2] [T] [thread 2213] [40.0] [cxt 0] Bytes parsed: 38
[20:17:43.829] [bmv2] [D] [thread 2213] [40.0] [cxt 0] Parser 'parser' entering state 'parse_ipv4_option'
[20:17:43.829] [bmv2] [D] [thread 2213] [40.0] [cxt 0] Extracting header 'ipv4_option'
[20:17:43.829] [bmv2] [D] [thread 2213] [40.0] [cxt 0] Parser state 'parse_ipv4_option': key is 1f
[20:17:43.830] [bmv2] [T] [thread 2213] [40.0] [cxt 0] Bytes parsed: 40
[20:17:43.830] [bmv2] [D] [thread 2213] [40.0] [cxt 0] Parser 'parser' entering state 'parse_link_qos'
[20:17:43.830] [bmv2] [D] [thread 2213] [40.0] [cxt 0] Extracting header 'link_qos'
[20:17:43.830] [bmv2] [D] [thread 2213] [40.0] [cxt 0] Parser state 'parse_link_qos' has no switch, going to default next state
[20:17:43.830] [bmv2] [T] [thread 2213] [40.0] [cxt 0] Bytes parsed: 42
[20:17:43.830] [bmv2] [D] [thread 2213] [40.0] [cxt 0] Parser 'parser': end
[20:17:43.830] [bmv2] [D] [thread 2213] [40.0] [cxt 0] Pipeline 'ingress': start
[20:17:43.830] [bmv2] [T] [thread 2213] [40.0] [cxt 0] qos.p4(197) Condition "hdr.ipv4.isValid()" (node_2) is true
[20:17:43.830] [bmv2] [T] [thread 2213] [40.0] [cxt 0] qos.p4(198) Condition "hdr.link_qos.link_qos == TARGET_LINK_QOS" (node_3) is true
[20:17:43.830] [bmv2] [T] [thread 2213] [40.0] [cxt 0] Applying table 'tbl_qos199'
[20:17:43.830] [bmv2] [D] [thread 2213] [40.0] [cxt 0] Looking up key:

[20:17:43.830] [bmv2] [D] [thread 2213] [40.0] [cxt 0] Table 'tbl_qos199': miss
[20:17:43.830] [bmv2] [D] [thread 2213] [40.0] [cxt 0] Action entry is qos199 - 
[20:17:43.830] [bmv2] [T] [thread 2213] [40.0] [cxt 0] Action qos199
[20:17:43.830] [bmv2] [T] [thread 2213] [40.0] [cxt 0] qos.p4(199) Primitive hdr.ipv4.diffserv = (TARGET_DSCP << 2
[20:17:43.830] [bmv2] [T] [thread 2213] [40.0] [cxt 0] qos.p4(28) Primitive 7; ...
[20:17:43.830] [bmv2] [T] [thread 2213] [40.0] [cxt 0] Applying table 'MyIngress.ipv4_lpm'
[20:17:43.830] [bmv2] [D] [thread 2213] [40.0] [cxt 0] Looking up key:
* hdr.ipv4.dstAddr    : 0a000202

[20:17:43.830] [bmv2] [D] [thread 2213] [40.0] [cxt 0] Table 'MyIngress.ipv4_lpm': hit with handle 2
[20:17:43.831] [bmv2] [D] [thread 2213] [40.0] [cxt 0] Dumping entry 2
Match key:
* hdr.ipv4.dstAddr    : LPM       0a000200/24
Action entry: MyIngress.ipv4_forward - 80000000200,3,

[20:17:43.831] [bmv2] [D] [thread 2213] [40.0] [cxt 0] Action entry is MyIngress.ipv4_forward - 80000000200,3,
[20:17:43.831] [bmv2] [T] [thread 2213] [40.0] [cxt 0] Action MyIngress.ipv4_forward
[20:17:43.831] [bmv2] [T] [thread 2213] [40.0] [cxt 0] qos.p4(175) Primitive standard_metadata.egress_spec = port
[20:17:43.831] [bmv2] [T] [thread 2213] [40.0] [cxt 0] qos.p4(176) Primitive hdr.ethernet.srcAddr = hdr.ethernet.dstAddr
[20:17:43.831] [bmv2] [T] [thread 2213] [40.0] [cxt 0] qos.p4(177) Primitive hdr.ethernet.dstAddr = dstAddr
[20:17:43.831] [bmv2] [T] [thread 2213] [40.0] [cxt 0] qos.p4(178) Primitive hdr.ipv4.ttl = hdr.ipv4.ttl - 1
[20:17:43.831] [bmv2] [D] [thread 2213] [40.0] [cxt 0] Pipeline 'ingress': end
[20:17:43.831] [bmv2] [D] [thread 2213] [40.0] [cxt 0] Egress port is 3
[20:17:43.831] [bmv2] [D] [thread 2217] [40.0] [cxt 0] Pipeline 'egress': start
[20:17:43.831] [bmv2] [D] [thread 2217] [40.0] [cxt 0] Pipeline 'egress': end
[20:17:43.831] [bmv2] [D] [thread 2217] [40.0] [cxt 0] Deparser 'deparser': start
[20:17:43.831] [bmv2] [D] [thread 2217] [40.0] [cxt 0] Updating checksum 'cksum'
[20:17:43.831] [bmv2] [D] [thread 2217] [40.0] [cxt 0] Deparsing header 'ethernet'
[20:17:43.831] [bmv2] [D] [thread 2217] [40.0] [cxt 0] Deparsing header 'vlan'
[20:17:43.831] [bmv2] [D] [thread 2217] [40.0] [cxt 0] Deparsing header 'ipv4'
[20:17:43.831] [bmv2] [D] [thread 2217] [40.0] [cxt 0] Deparsing header 'ipv4_option'
[20:17:43.831] [bmv2] [D] [thread 2217] [40.0] [cxt 0] Deparsing header 'link_qos'
[20:17:43.832] [bmv2] [D] [thread 2217] [40.0] [cxt 0] Deparser 'deparser': end
[20:17:43.838] [bmv2] [D] [thread 2218] [40.0] [cxt 0] Transmitting packet of size 50 out of port 3
[20:17:44.535] [bmv2] [D] [thread 2213] [41.0] [cxt 0] Processing packet received on port 2
[20:17:44.536] [bmv2] [D] [thread 2213] [41.0] [cxt 0] Parser 'parser': start
[20:17:44.536] [bmv2] [D] [thread 2213] [41.0] [cxt 0] Parser 'parser' entering state 'start'
[20:17:44.536] [bmv2] [D] [thread 2213] [41.0] [cxt 0] Extracting header 'ethernet'
[20:17:44.537] [bmv2] [D] [thread 2213] [41.0] [cxt 0] Parser state 'start': key is 86dd
[20:17:44.537] [bmv2] [T] [thread 2213] [41.0] [cxt 0] Bytes parsed: 14
[20:17:44.537] [bmv2] [D] [thread 2213] [41.0] [cxt 0] Parser 'parser': end
[20:17:44.537] [bmv2] [D] [thread 2213] [41.0] [cxt 0] Pipeline 'ingress': start
[20:17:44.538] [bmv2] [T] [thread 2213] [41.0] [cxt 0] qos.p4(197) Condition "hdr.ipv4.isValid()" (node_2) is false
[20:17:44.538] [bmv2] [D] [thread 2213] [41.0] [cxt 0] Pipeline 'ingress': end
[20:17:44.538] [bmv2] [D] [thread 2213] [41.0] [cxt 0] Egress port is 0
[20:17:44.538] [bmv2] [D] [thread 2214] [41.0] [cxt 0] Pipeline 'egress': start
[20:17:44.538] [bmv2] [D] [thread 2214] [41.0] [cxt 0] Pipeline 'egress': end
[20:17:44.539] [bmv2] [D] [thread 2214] [41.0] [cxt 0] Deparser 'deparser': start
[20:17:44.539] [bmv2] [T] [thread 2214] [41.0] [cxt 0] Skipping checksum 'cksum' update because condition not met
[20:17:44.539] [bmv2] [D] [thread 2214] [41.0] [cxt 0] Deparsing header 'ethernet'
[20:17:44.539] [bmv2] [D] [thread 2214] [41.0] [cxt 0] Deparser 'deparser': end
[20:17:44.540] [bmv2] [D] [thread 2218] [41.0] [cxt 0] Transmitting packet of size 70 out of port 0
[20:17:44.700] [bmv2] [D] [thread 2213] [42.0] [cxt 0] Processing packet received on port 1
[20:17:44.704] [bmv2] [D] [thread 2213] [42.0] [cxt 0] Parser 'parser': start
[20:17:44.704] [bmv2] [D] [thread 2213] [42.0] [cxt 0] Parser 'parser' entering state 'start'
[20:17:44.704] [bmv2] [D] [thread 2213] [42.0] [cxt 0] Extracting header 'ethernet'
[20:17:44.704] [bmv2] [D] [thread 2213] [42.0] [cxt 0] Parser state 'start': key is 8100
[20:17:44.704] [bmv2] [T] [thread 2213] [42.0] [cxt 0] Bytes parsed: 14
[20:17:44.704] [bmv2] [D] [thread 2213] [42.0] [cxt 0] Parser 'parser' entering state 'parse_vlan'
[20:17:44.704] [bmv2] [D] [thread 2213] [42.0] [cxt 0] Extracting header 'vlan'
[20:17:44.705] [bmv2] [D] [thread 2213] [42.0] [cxt 0] Parser state 'parse_vlan': key is 0800
[20:17:44.705] [bmv2] [T] [thread 2213] [42.0] [cxt 0] Bytes parsed: 18
[20:17:44.705] [bmv2] [D] [thread 2213] [42.0] [cxt 0] Parser 'parser' entering state 'parse_ipv4'
[20:17:44.705] [bmv2] [D] [thread 2213] [42.0] [cxt 0] Extracting header 'ipv4'
[20:17:44.705] [bmv2] [D] [thread 2213] [42.0] [cxt 0] Parser set: setting field 'scalars.tmp' from expression, new value is 1
[20:17:44.705] [bmv2] [D] [thread 2213] [42.0] [cxt 0] Parser state 'parse_ipv4': key is 05
[20:17:44.705] [bmv2] [T] [thread 2213] [42.0] [cxt 0] Bytes parsed: 38
[20:17:44.705] [bmv2] [D] [thread 2213] [42.0] [cxt 0] Parser 'parser': end
[20:17:44.705] [bmv2] [D] [thread 2213] [42.0] [cxt 0] Pipeline 'ingress': start
[20:17:44.706] [bmv2] [T] [thread 2213] [42.0] [cxt 0] qos.p4(197) Condition "hdr.ipv4.isValid()" (node_2) is true
[20:17:44.706] [bmv2] [T] [thread 2213] [42.0] [cxt 0] qos.p4(198) Condition "hdr.link_qos.link_qos == TARGET_LINK_QOS" (node_3) is true
[20:17:44.706] [bmv2] [T] [thread 2213] [42.0] [cxt 0] Applying table 'tbl_qos199'
[20:17:44.706] [bmv2] [D] [thread 2213] [42.0] [cxt 0] Looking up key:

[20:17:44.707] [bmv2] [D] [thread 2213] [42.0] [cxt 0] Table 'tbl_qos199': miss
[20:17:44.707] [bmv2] [D] [thread 2213] [42.0] [cxt 0] Action entry is qos199 - 
[20:17:44.707] [bmv2] [T] [thread 2213] [42.0] [cxt 0] Action qos199
[20:17:44.707] [bmv2] [T] [thread 2213] [42.0] [cxt 0] qos.p4(199) Primitive hdr.ipv4.diffserv = (TARGET_DSCP << 2
[20:17:44.707] [bmv2] [T] [thread 2213] [42.0] [cxt 0] qos.p4(28) Primitive 7; ...
[20:17:44.707] [bmv2] [T] [thread 2213] [42.0] [cxt 0] Applying table 'MyIngress.ipv4_lpm'
[20:17:44.716] [bmv2] [D] [thread 2213] [42.0] [cxt 0] Looking up key:
* hdr.ipv4.dstAddr    : 0a000202

[20:17:44.716] [bmv2] [D] [thread 2213] [42.0] [cxt 0] Table 'MyIngress.ipv4_lpm': hit with handle 2
[20:17:44.717] [bmv2] [D] [thread 2213] [42.0] [cxt 0] Dumping entry 2
Match key:
* hdr.ipv4.dstAddr    : LPM       0a000200/24
Action entry: MyIngress.ipv4_forward - 80000000200,3,

[20:17:44.717] [bmv2] [D] [thread 2213] [42.0] [cxt 0] Action entry is MyIngress.ipv4_forward - 80000000200,3,
[20:17:44.717] [bmv2] [T] [thread 2213] [42.0] [cxt 0] Action MyIngress.ipv4_forward
[20:17:44.717] [bmv2] [T] [thread 2213] [42.0] [cxt 0] qos.p4(175) Primitive standard_metadata.egress_spec = port
[20:17:44.717] [bmv2] [T] [thread 2213] [42.0] [cxt 0] qos.p4(176) Primitive hdr.ethernet.srcAddr = hdr.ethernet.dstAddr
[20:17:44.717] [bmv2] [T] [thread 2213] [42.0] [cxt 0] qos.p4(177) Primitive hdr.ethernet.dstAddr = dstAddr
[20:17:44.717] [bmv2] [T] [thread 2213] [42.0] [cxt 0] qos.p4(178) Primitive hdr.ipv4.ttl = hdr.ipv4.ttl - 1
[20:17:44.717] [bmv2] [D] [thread 2213] [42.0] [cxt 0] Pipeline 'ingress': end
[20:17:44.717] [bmv2] [D] [thread 2213] [42.0] [cxt 0] Egress port is 3
[20:17:44.718] [bmv2] [D] [thread 2217] [42.0] [cxt 0] Pipeline 'egress': start
[20:17:44.718] [bmv2] [D] [thread 2217] [42.0] [cxt 0] Pipeline 'egress': end
[20:17:44.718] [bmv2] [D] [thread 2217] [42.0] [cxt 0] Deparser 'deparser': start
[20:17:44.718] [bmv2] [D] [thread 2217] [42.0] [cxt 0] Updating checksum 'cksum'
[20:17:44.718] [bmv2] [D] [thread 2217] [42.0] [cxt 0] Deparsing header 'ethernet'
[20:17:44.718] [bmv2] [D] [thread 2217] [42.0] [cxt 0] Deparsing header 'vlan'
[20:17:44.718] [bmv2] [D] [thread 2217] [42.0] [cxt 0] Deparsing header 'ipv4'
[20:17:44.718] [bmv2] [D] [thread 2217] [42.0] [cxt 0] Deparser 'deparser': end
[20:17:44.718] [bmv2] [D] [thread 2218] [42.0] [cxt 0] Transmitting packet of size 46 out of port 3
[20:17:44.850] [bmv2] [D] [thread 2213] [43.0] [cxt 0] Processing packet received on port 2
[20:17:44.850] [bmv2] [D] [thread 2213] [43.0] [cxt 0] Parser 'parser': start
[20:17:44.850] [bmv2] [D] [thread 2213] [43.0] [cxt 0] Parser 'parser' entering state 'start'
[20:17:44.850] [bmv2] [D] [thread 2213] [43.0] [cxt 0] Extracting header 'ethernet'
[20:17:44.850] [bmv2] [D] [thread 2213] [43.0] [cxt 0] Parser state 'start': key is 8100
[20:17:44.851] [bmv2] [T] [thread 2213] [43.0] [cxt 0] Bytes parsed: 14
[20:17:44.851] [bmv2] [D] [thread 2213] [43.0] [cxt 0] Parser 'parser' entering state 'parse_vlan'
[20:17:44.851] [bmv2] [D] [thread 2213] [43.0] [cxt 0] Extracting header 'vlan'
[20:17:44.851] [bmv2] [D] [thread 2213] [43.0] [cxt 0] Parser state 'parse_vlan': key is 0800
[20:17:44.851] [bmv2] [T] [thread 2213] [43.0] [cxt 0] Bytes parsed: 18
[20:17:44.851] [bmv2] [D] [thread 2213] [43.0] [cxt 0] Parser 'parser' entering state 'parse_ipv4'
[20:17:44.851] [bmv2] [D] [thread 2213] [43.0] [cxt 0] Extracting header 'ipv4'
[20:17:44.851] [bmv2] [D] [thread 2213] [43.0] [cxt 0] Parser set: setting field 'scalars.tmp' from expression, new value is 1
[20:17:44.851] [bmv2] [D] [thread 2213] [43.0] [cxt 0] Parser state 'parse_ipv4': key is 06
[20:17:44.851] [bmv2] [T] [thread 2213] [43.0] [cxt 0] Bytes parsed: 38
[20:17:44.851] [bmv2] [D] [thread 2213] [43.0] [cxt 0] Parser 'parser' entering state 'parse_ipv4_option'
[20:17:44.851] [bmv2] [D] [thread 2213] [43.0] [cxt 0] Extracting header 'ipv4_option'
[20:17:44.851] [bmv2] [D] [thread 2213] [43.0] [cxt 0] Parser state 'parse_ipv4_option': key is 1f
[20:17:44.851] [bmv2] [T] [thread 2213] [43.0] [cxt 0] Bytes parsed: 40
[20:17:44.851] [bmv2] [D] [thread 2213] [43.0] [cxt 0] Parser 'parser' entering state 'parse_link_qos'
[20:17:44.862] [bmv2] [D] [thread 2213] [43.0] [cxt 0] Extracting header 'link_qos'
[20:17:44.862] [bmv2] [D] [thread 2213] [43.0] [cxt 0] Parser state 'parse_link_qos' has no switch, going to default next state
[20:17:44.862] [bmv2] [T] [thread 2213] [43.0] [cxt 0] Bytes parsed: 42
[20:17:44.862] [bmv2] [D] [thread 2213] [43.0] [cxt 0] Parser 'parser': end
[20:17:44.862] [bmv2] [D] [thread 2213] [43.0] [cxt 0] Pipeline 'ingress': start
[20:17:44.862] [bmv2] [T] [thread 2213] [43.0] [cxt 0] qos.p4(197) Condition "hdr.ipv4.isValid()" (node_2) is true
[20:17:44.862] [bmv2] [T] [thread 2213] [43.0] [cxt 0] qos.p4(198) Condition "hdr.link_qos.link_qos == TARGET_LINK_QOS" (node_3) is true
[20:17:44.862] [bmv2] [T] [thread 2213] [43.0] [cxt 0] Applying table 'tbl_qos199'
[20:17:44.862] [bmv2] [D] [thread 2213] [43.0] [cxt 0] Looking up key:

[20:17:44.863] [bmv2] [D] [thread 2213] [43.0] [cxt 0] Table 'tbl_qos199': miss
[20:17:44.863] [bmv2] [D] [thread 2213] [43.0] [cxt 0] Action entry is qos199 - 
[20:17:44.863] [bmv2] [T] [thread 2213] [43.0] [cxt 0] Action qos199
[20:17:44.863] [bmv2] [T] [thread 2213] [43.0] [cxt 0] qos.p4(199) Primitive hdr.ipv4.diffserv = (TARGET_DSCP << 2
[20:17:44.863] [bmv2] [T] [thread 2213] [43.0] [cxt 0] qos.p4(28) Primitive 7; ...
[20:17:44.863] [bmv2] [T] [thread 2213] [43.0] [cxt 0] Applying table 'MyIngress.ipv4_lpm'
[20:17:44.863] [bmv2] [D] [thread 2213] [43.0] [cxt 0] Looking up key:
* hdr.ipv4.dstAddr    : 0a000202

[20:17:44.873] [bmv2] [D] [thread 2213] [43.0] [cxt 0] Table 'MyIngress.ipv4_lpm': hit with handle 2
[20:17:44.874] [bmv2] [D] [thread 2213] [43.0] [cxt 0] Dumping entry 2
Match key:
* hdr.ipv4.dstAddr    : LPM       0a000200/24
Action entry: MyIngress.ipv4_forward - 80000000200,3,

[20:17:44.874] [bmv2] [D] [thread 2213] [43.0] [cxt 0] Action entry is MyIngress.ipv4_forward - 80000000200,3,
[20:17:44.874] [bmv2] [T] [thread 2213] [43.0] [cxt 0] Action MyIngress.ipv4_forward
[20:17:44.874] [bmv2] [T] [thread 2213] [43.0] [cxt 0] qos.p4(175) Primitive standard_metadata.egress_spec = port
[20:17:44.874] [bmv2] [T] [thread 2213] [43.0] [cxt 0] qos.p4(176) Primitive hdr.ethernet.srcAddr = hdr.ethernet.dstAddr
[20:17:44.874] [bmv2] [T] [thread 2213] [43.0] [cxt 0] qos.p4(177) Primitive hdr.ethernet.dstAddr = dstAddr
[20:17:44.875] [bmv2] [T] [thread 2213] [43.0] [cxt 0] qos.p4(178) Primitive hdr.ipv4.ttl = hdr.ipv4.ttl - 1
[20:17:44.875] [bmv2] [D] [thread 2213] [43.0] [cxt 0] Pipeline 'ingress': end
[20:17:44.875] [bmv2] [D] [thread 2213] [43.0] [cxt 0] Egress port is 3
[20:17:44.876] [bmv2] [D] [thread 2217] [43.0] [cxt 0] Pipeline 'egress': start
[20:17:44.876] [bmv2] [D] [thread 2217] [43.0] [cxt 0] Pipeline 'egress': end
[20:17:44.876] [bmv2] [D] [thread 2217] [43.0] [cxt 0] Deparser 'deparser': start
[20:17:44.876] [bmv2] [D] [thread 2217] [43.0] [cxt 0] Updating checksum 'cksum'
[20:17:44.876] [bmv2] [D] [thread 2217] [43.0] [cxt 0] Deparsing header 'ethernet'
[20:17:44.876] [bmv2] [D] [thread 2217] [43.0] [cxt 0] Deparsing header 'vlan'
[20:17:44.876] [bmv2] [D] [thread 2217] [43.0] [cxt 0] Deparsing header 'ipv4'
[20:17:44.876] [bmv2] [D] [thread 2217] [43.0] [cxt 0] Deparsing header 'ipv4_option'
[20:17:44.876] [bmv2] [D] [thread 2217] [43.0] [cxt 0] Deparsing header 'link_qos'
[20:17:44.876] [bmv2] [D] [thread 2217] [43.0] [cxt 0] Deparser 'deparser': end
[20:17:44.876] [bmv2] [D] [thread 2218] [43.0] [cxt 0] Transmitting packet of size 50 out of port 3
[20:17:45.684] [bmv2] [D] [thread 2213] [44.0] [cxt 0] Processing packet received on port 3
[20:17:45.685] [bmv2] [D] [thread 2213] [44.0] [cxt 0] Parser 'parser': start
[20:17:45.685] [bmv2] [D] [thread 2213] [44.0] [cxt 0] Parser 'parser' entering state 'start'
[20:17:45.685] [bmv2] [D] [thread 2213] [44.0] [cxt 0] Extracting header 'ethernet'
[20:17:45.685] [bmv2] [D] [thread 2213] [44.0] [cxt 0] Parser state 'start': key is 86dd
[20:17:45.685] [bmv2] [T] [thread 2213] [44.0] [cxt 0] Bytes parsed: 14
[20:17:45.685] [bmv2] [D] [thread 2213] [44.0] [cxt 0] Parser 'parser': end
[20:17:45.686] [bmv2] [D] [thread 2213] [44.0] [cxt 0] Pipeline 'ingress': start
[20:17:45.686] [bmv2] [T] [thread 2213] [44.0] [cxt 0] qos.p4(197) Condition "hdr.ipv4.isValid()" (node_2) is false
[20:17:45.686] [bmv2] [D] [thread 2213] [44.0] [cxt 0] Pipeline 'ingress': end
[20:17:45.686] [bmv2] [D] [thread 2213] [44.0] [cxt 0] Egress port is 0
[20:17:45.686] [bmv2] [D] [thread 2214] [44.0] [cxt 0] Pipeline 'egress': start
[20:17:45.686] [bmv2] [D] [thread 2214] [44.0] [cxt 0] Pipeline 'egress': end
[20:17:45.686] [bmv2] [D] [thread 2214] [44.0] [cxt 0] Deparser 'deparser': start
[20:17:45.687] [bmv2] [T] [thread 2214] [44.0] [cxt 0] Skipping checksum 'cksum' update because condition not met
[20:17:45.687] [bmv2] [D] [thread 2214] [44.0] [cxt 0] Deparsing header 'ethernet'
[20:17:45.687] [bmv2] [D] [thread 2214] [44.0] [cxt 0] Deparser 'deparser': end
[20:17:45.687] [bmv2] [D] [thread 2218] [44.0] [cxt 0] Transmitting packet of size 70 out of port 0
[20:17:45.732] [bmv2] [D] [thread 2213] [45.0] [cxt 0] Processing packet received on port 1
[20:17:45.733] [bmv2] [D] [thread 2213] [45.0] [cxt 0] Parser 'parser': start
[20:17:45.733] [bmv2] [D] [thread 2213] [45.0] [cxt 0] Parser 'parser' entering state 'start'
[20:17:45.733] [bmv2] [D] [thread 2213] [45.0] [cxt 0] Extracting header 'ethernet'
[20:17:45.733] [bmv2] [D] [thread 2213] [45.0] [cxt 0] Parser state 'start': key is 8100
[20:17:45.733] [bmv2] [T] [thread 2213] [45.0] [cxt 0] Bytes parsed: 14
[20:17:45.733] [bmv2] [D] [thread 2213] [45.0] [cxt 0] Parser 'parser' entering state 'parse_vlan'
[20:17:45.733] [bmv2] [D] [thread 2213] [45.0] [cxt 0] Extracting header 'vlan'
[20:17:45.734] [bmv2] [D] [thread 2213] [45.0] [cxt 0] Parser state 'parse_vlan': key is 0800
[20:17:45.734] [bmv2] [T] [thread 2213] [45.0] [cxt 0] Bytes parsed: 18
[20:17:45.734] [bmv2] [D] [thread 2213] [45.0] [cxt 0] Parser 'parser' entering state 'parse_ipv4'
[20:17:45.734] [bmv2] [D] [thread 2213] [45.0] [cxt 0] Extracting header 'ipv4'
[20:17:45.734] [bmv2] [D] [thread 2213] [45.0] [cxt 0] Parser set: setting field 'scalars.tmp' from expression, new value is 1
[20:17:45.734] [bmv2] [D] [thread 2213] [45.0] [cxt 0] Parser state 'parse_ipv4': key is 05
[20:17:45.734] [bmv2] [T] [thread 2213] [45.0] [cxt 0] Bytes parsed: 38
[20:17:45.734] [bmv2] [D] [thread 2213] [45.0] [cxt 0] Parser 'parser': end
[20:17:45.735] [bmv2] [D] [thread 2213] [45.0] [cxt 0] Pipeline 'ingress': start
[20:17:45.735] [bmv2] [T] [thread 2213] [45.0] [cxt 0] qos.p4(197) Condition "hdr.ipv4.isValid()" (node_2) is true
[20:17:45.735] [bmv2] [T] [thread 2213] [45.0] [cxt 0] qos.p4(198) Condition "hdr.link_qos.link_qos == TARGET_LINK_QOS" (node_3) is true
[20:17:45.735] [bmv2] [T] [thread 2213] [45.0] [cxt 0] Applying table 'tbl_qos199'
[20:17:45.735] [bmv2] [D] [thread 2213] [45.0] [cxt 0] Looking up key:

[20:17:45.735] [bmv2] [D] [thread 2213] [45.0] [cxt 0] Table 'tbl_qos199': miss
[20:17:45.735] [bmv2] [D] [thread 2213] [45.0] [cxt 0] Action entry is qos199 - 
[20:17:45.736] [bmv2] [T] [thread 2213] [45.0] [cxt 0] Action qos199
[20:17:45.736] [bmv2] [T] [thread 2213] [45.0] [cxt 0] qos.p4(199) Primitive hdr.ipv4.diffserv = (TARGET_DSCP << 2
[20:17:45.736] [bmv2] [T] [thread 2213] [45.0] [cxt 0] qos.p4(28) Primitive 7; ...
[20:17:45.736] [bmv2] [T] [thread 2213] [45.0] [cxt 0] Applying table 'MyIngress.ipv4_lpm'
[20:17:45.742] [bmv2] [D] [thread 2213] [45.0] [cxt 0] Looking up key:
* hdr.ipv4.dstAddr    : 0a000202

[20:17:45.743] [bmv2] [D] [thread 2213] [45.0] [cxt 0] Table 'MyIngress.ipv4_lpm': hit with handle 2
[20:17:45.743] [bmv2] [D] [thread 2213] [45.0] [cxt 0] Dumping entry 2
Match key:
* hdr.ipv4.dstAddr    : LPM       0a000200/24
Action entry: MyIngress.ipv4_forward - 80000000200,3,

[20:17:45.743] [bmv2] [D] [thread 2213] [45.0] [cxt 0] Action entry is MyIngress.ipv4_forward - 80000000200,3,
[20:17:45.743] [bmv2] [T] [thread 2213] [45.0] [cxt 0] Action MyIngress.ipv4_forward
[20:17:45.743] [bmv2] [T] [thread 2213] [45.0] [cxt 0] qos.p4(175) Primitive standard_metadata.egress_spec = port
[20:17:45.743] [bmv2] [T] [thread 2213] [45.0] [cxt 0] qos.p4(176) Primitive hdr.ethernet.srcAddr = hdr.ethernet.dstAddr
[20:17:45.743] [bmv2] [T] [thread 2213] [45.0] [cxt 0] qos.p4(177) Primitive hdr.ethernet.dstAddr = dstAddr
[20:17:45.743] [bmv2] [T] [thread 2213] [45.0] [cxt 0] qos.p4(178) Primitive hdr.ipv4.ttl = hdr.ipv4.ttl - 1
[20:17:45.743] [bmv2] [D] [thread 2213] [45.0] [cxt 0] Pipeline 'ingress': end
[20:17:45.747] [bmv2] [D] [thread 2213] [45.0] [cxt 0] Egress port is 3
[20:17:45.748] [bmv2] [D] [thread 2217] [45.0] [cxt 0] Pipeline 'egress': start
[20:17:45.748] [bmv2] [D] [thread 2217] [45.0] [cxt 0] Pipeline 'egress': end
[20:17:45.748] [bmv2] [D] [thread 2217] [45.0] [cxt 0] Deparser 'deparser': start
[20:17:45.748] [bmv2] [D] [thread 2217] [45.0] [cxt 0] Updating checksum 'cksum'
[20:17:45.748] [bmv2] [D] [thread 2217] [45.0] [cxt 0] Deparsing header 'ethernet'
[20:17:45.748] [bmv2] [D] [thread 2217] [45.0] [cxt 0] Deparsing header 'vlan'
[20:17:45.748] [bmv2] [D] [thread 2217] [45.0] [cxt 0] Deparsing header 'ipv4'
[20:17:45.748] [bmv2] [D] [thread 2217] [45.0] [cxt 0] Deparser 'deparser': end
[20:17:45.748] [bmv2] [D] [thread 2218] [45.0] [cxt 0] Transmitting packet of size 46 out of port 3
[20:17:45.882] [bmv2] [D] [thread 2213] [46.0] [cxt 0] Processing packet received on port 2
[20:17:45.883] [bmv2] [D] [thread 2213] [46.0] [cxt 0] Parser 'parser': start
[20:17:45.883] [bmv2] [D] [thread 2213] [46.0] [cxt 0] Parser 'parser' entering state 'start'
[20:17:45.883] [bmv2] [D] [thread 2213] [46.0] [cxt 0] Extracting header 'ethernet'
[20:17:45.883] [bmv2] [D] [thread 2213] [46.0] [cxt 0] Parser state 'start': key is 8100
[20:17:45.883] [bmv2] [T] [thread 2213] [46.0] [cxt 0] Bytes parsed: 14
[20:17:45.883] [bmv2] [D] [thread 2213] [46.0] [cxt 0] Parser 'parser' entering state 'parse_vlan'
[20:17:45.883] [bmv2] [D] [thread 2213] [46.0] [cxt 0] Extracting header 'vlan'
[20:17:45.883] [bmv2] [D] [thread 2213] [46.0] [cxt 0] Parser state 'parse_vlan': key is 0800
[20:17:45.883] [bmv2] [T] [thread 2213] [46.0] [cxt 0] Bytes parsed: 18
[20:17:45.883] [bmv2] [D] [thread 2213] [46.0] [cxt 0] Parser 'parser' entering state 'parse_ipv4'
[20:17:45.883] [bmv2] [D] [thread 2213] [46.0] [cxt 0] Extracting header 'ipv4'
[20:17:45.892] [bmv2] [D] [thread 2213] [46.0] [cxt 0] Parser set: setting field 'scalars.tmp' from expression, new value is 1
[20:17:45.892] [bmv2] [D] [thread 2213] [46.0] [cxt 0] Parser state 'parse_ipv4': key is 06
[20:17:45.892] [bmv2] [T] [thread 2213] [46.0] [cxt 0] Bytes parsed: 38
[20:17:45.892] [bmv2] [D] [thread 2213] [46.0] [cxt 0] Parser 'parser' entering state 'parse_ipv4_option'
[20:17:45.892] [bmv2] [D] [thread 2213] [46.0] [cxt 0] Extracting header 'ipv4_option'
[20:17:45.892] [bmv2] [D] [thread 2213] [46.0] [cxt 0] Parser state 'parse_ipv4_option': key is 1f
[20:17:45.892] [bmv2] [T] [thread 2213] [46.0] [cxt 0] Bytes parsed: 40
[20:17:45.892] [bmv2] [D] [thread 2213] [46.0] [cxt 0] Parser 'parser' entering state 'parse_link_qos'
[20:17:45.892] [bmv2] [D] [thread 2213] [46.0] [cxt 0] Extracting header 'link_qos'
[20:17:45.892] [bmv2] [D] [thread 2213] [46.0] [cxt 0] Parser state 'parse_link_qos' has no switch, going to default next state
[20:17:45.892] [bmv2] [T] [thread 2213] [46.0] [cxt 0] Bytes parsed: 42
[20:17:45.892] [bmv2] [D] [thread 2213] [46.0] [cxt 0] Parser 'parser': end
[20:17:45.893] [bmv2] [D] [thread 2213] [46.0] [cxt 0] Pipeline 'ingress': start
[20:17:45.893] [bmv2] [T] [thread 2213] [46.0] [cxt 0] qos.p4(197) Condition "hdr.ipv4.isValid()" (node_2) is true
[20:17:45.893] [bmv2] [T] [thread 2213] [46.0] [cxt 0] qos.p4(198) Condition "hdr.link_qos.link_qos == TARGET_LINK_QOS" (node_3) is true
[20:17:45.893] [bmv2] [T] [thread 2213] [46.0] [cxt 0] Applying table 'tbl_qos199'
[20:17:45.893] [bmv2] [D] [thread 2213] [46.0] [cxt 0] Looking up key:

[20:17:45.893] [bmv2] [D] [thread 2213] [46.0] [cxt 0] Table 'tbl_qos199': miss
[20:17:45.893] [bmv2] [D] [thread 2213] [46.0] [cxt 0] Action entry is qos199 - 
[20:17:45.893] [bmv2] [T] [thread 2213] [46.0] [cxt 0] Action qos199
[20:17:45.893] [bmv2] [T] [thread 2213] [46.0] [cxt 0] qos.p4(199) Primitive hdr.ipv4.diffserv = (TARGET_DSCP << 2
[20:17:45.893] [bmv2] [T] [thread 2213] [46.0] [cxt 0] qos.p4(28) Primitive 7; ...
[20:17:45.893] [bmv2] [T] [thread 2213] [46.0] [cxt 0] Applying table 'MyIngress.ipv4_lpm'
[20:17:45.893] [bmv2] [D] [thread 2213] [46.0] [cxt 0] Looking up key:
* hdr.ipv4.dstAddr    : 0a000202

[20:17:45.893] [bmv2] [D] [thread 2213] [46.0] [cxt 0] Table 'MyIngress.ipv4_lpm': hit with handle 2
[20:17:45.893] [bmv2] [D] [thread 2213] [46.0] [cxt 0] Dumping entry 2
Match key:
* hdr.ipv4.dstAddr    : LPM       0a000200/24
Action entry: MyIngress.ipv4_forward - 80000000200,3,

[20:17:45.893] [bmv2] [D] [thread 2213] [46.0] [cxt 0] Action entry is MyIngress.ipv4_forward - 80000000200,3,
[20:17:45.893] [bmv2] [T] [thread 2213] [46.0] [cxt 0] Action MyIngress.ipv4_forward
[20:17:45.893] [bmv2] [T] [thread 2213] [46.0] [cxt 0] qos.p4(175) Primitive standard_metadata.egress_spec = port
[20:17:45.893] [bmv2] [T] [thread 2213] [46.0] [cxt 0] qos.p4(176) Primitive hdr.ethernet.srcAddr = hdr.ethernet.dstAddr
[20:17:45.893] [bmv2] [T] [thread 2213] [46.0] [cxt 0] qos.p4(177) Primitive hdr.ethernet.dstAddr = dstAddr
[20:17:45.894] [bmv2] [T] [thread 2213] [46.0] [cxt 0] qos.p4(178) Primitive hdr.ipv4.ttl = hdr.ipv4.ttl - 1
[20:17:45.894] [bmv2] [D] [thread 2213] [46.0] [cxt 0] Pipeline 'ingress': end
[20:17:45.894] [bmv2] [D] [thread 2213] [46.0] [cxt 0] Egress port is 3
[20:17:45.902] [bmv2] [D] [thread 2217] [46.0] [cxt 0] Pipeline 'egress': start
[20:17:45.902] [bmv2] [D] [thread 2217] [46.0] [cxt 0] Pipeline 'egress': end
[20:17:45.902] [bmv2] [D] [thread 2217] [46.0] [cxt 0] Deparser 'deparser': start
[20:17:45.902] [bmv2] [D] [thread 2217] [46.0] [cxt 0] Updating checksum 'cksum'
[20:17:45.902] [bmv2] [D] [thread 2217] [46.0] [cxt 0] Deparsing header 'ethernet'
[20:17:45.902] [bmv2] [D] [thread 2217] [46.0] [cxt 0] Deparsing header 'vlan'
[20:17:45.902] [bmv2] [D] [thread 2217] [46.0] [cxt 0] Deparsing header 'ipv4'
[20:17:45.902] [bmv2] [D] [thread 2217] [46.0] [cxt 0] Deparsing header 'ipv4_option'
[20:17:45.902] [bmv2] [D] [thread 2217] [46.0] [cxt 0] Deparsing header 'link_qos'
[20:17:45.903] [bmv2] [D] [thread 2217] [46.0] [cxt 0] Deparser 'deparser': end
[20:17:45.903] [bmv2] [D] [thread 2218] [46.0] [cxt 0] Transmitting packet of size 50 out of port 3
[20:17:46.765] [bmv2] [D] [thread 2213] [47.0] [cxt 0] Processing packet received on port 1
[20:17:46.765] [bmv2] [D] [thread 2213] [47.0] [cxt 0] Parser 'parser': start
[20:17:46.765] [bmv2] [D] [thread 2213] [47.0] [cxt 0] Parser 'parser' entering state 'start'
[20:17:46.765] [bmv2] [D] [thread 2213] [47.0] [cxt 0] Extracting header 'ethernet'
[20:17:46.766] [bmv2] [D] [thread 2213] [47.0] [cxt 0] Parser state 'start': key is 8100
[20:17:46.766] [bmv2] [T] [thread 2213] [47.0] [cxt 0] Bytes parsed: 14
[20:17:46.766] [bmv2] [D] [thread 2213] [47.0] [cxt 0] Parser 'parser' entering state 'parse_vlan'
[20:17:46.766] [bmv2] [D] [thread 2213] [47.0] [cxt 0] Extracting header 'vlan'
[20:17:46.766] [bmv2] [D] [thread 2213] [47.0] [cxt 0] Parser state 'parse_vlan': key is 0800
[20:17:46.766] [bmv2] [T] [thread 2213] [47.0] [cxt 0] Bytes parsed: 18
[20:17:46.766] [bmv2] [D] [thread 2213] [47.0] [cxt 0] Parser 'parser' entering state 'parse_ipv4'
[20:17:46.766] [bmv2] [D] [thread 2213] [47.0] [cxt 0] Extracting header 'ipv4'
[20:17:46.766] [bmv2] [D] [thread 2213] [47.0] [cxt 0] Parser set: setting field 'scalars.tmp' from expression, new value is 1
[20:17:46.767] [bmv2] [D] [thread 2213] [47.0] [cxt 0] Parser state 'parse_ipv4': key is 05
[20:17:46.767] [bmv2] [T] [thread 2213] [47.0] [cxt 0] Bytes parsed: 38
[20:17:46.767] [bmv2] [D] [thread 2213] [47.0] [cxt 0] Parser 'parser': end
[20:17:46.767] [bmv2] [D] [thread 2213] [47.0] [cxt 0] Pipeline 'ingress': start
[20:17:46.767] [bmv2] [T] [thread 2213] [47.0] [cxt 0] qos.p4(197) Condition "hdr.ipv4.isValid()" (node_2) is true
[20:17:46.767] [bmv2] [T] [thread 2213] [47.0] [cxt 0] qos.p4(198) Condition "hdr.link_qos.link_qos == TARGET_LINK_QOS" (node_3) is true
[20:17:46.767] [bmv2] [T] [thread 2213] [47.0] [cxt 0] Applying table 'tbl_qos199'
[20:17:46.768] [bmv2] [D] [thread 2213] [47.0] [cxt 0] Looking up key:

[20:17:46.768] [bmv2] [D] [thread 2213] [47.0] [cxt 0] Table 'tbl_qos199': miss
[20:17:46.768] [bmv2] [D] [thread 2213] [47.0] [cxt 0] Action entry is qos199 - 
[20:17:46.768] [bmv2] [T] [thread 2213] [47.0] [cxt 0] Action qos199
[20:17:46.768] [bmv2] [T] [thread 2213] [47.0] [cxt 0] qos.p4(199) Primitive hdr.ipv4.diffserv = (TARGET_DSCP << 2
[20:17:46.768] [bmv2] [T] [thread 2213] [47.0] [cxt 0] qos.p4(28) Primitive 7; ...
[20:17:46.768] [bmv2] [T] [thread 2213] [47.0] [cxt 0] Applying table 'MyIngress.ipv4_lpm'
[20:17:46.768] [bmv2] [D] [thread 2213] [47.0] [cxt 0] Looking up key:
* hdr.ipv4.dstAddr    : 0a000202

[20:17:46.768] [bmv2] [D] [thread 2213] [47.0] [cxt 0] Table 'MyIngress.ipv4_lpm': hit with handle 2
[20:17:46.769] [bmv2] [D] [thread 2213] [47.0] [cxt 0] Dumping entry 2
Match key:
* hdr.ipv4.dstAddr    : LPM       0a000200/24
Action entry: MyIngress.ipv4_forward - 80000000200,3,

[20:17:46.769] [bmv2] [D] [thread 2213] [47.0] [cxt 0] Action entry is MyIngress.ipv4_forward - 80000000200,3,
[20:17:46.769] [bmv2] [T] [thread 2213] [47.0] [cxt 0] Action MyIngress.ipv4_forward
[20:17:46.769] [bmv2] [T] [thread 2213] [47.0] [cxt 0] qos.p4(175) Primitive standard_metadata.egress_spec = port
[20:17:46.769] [bmv2] [T] [thread 2213] [47.0] [cxt 0] qos.p4(176) Primitive hdr.ethernet.srcAddr = hdr.ethernet.dstAddr
[20:17:46.769] [bmv2] [T] [thread 2213] [47.0] [cxt 0] qos.p4(177) Primitive hdr.ethernet.dstAddr = dstAddr
[20:17:46.769] [bmv2] [T] [thread 2213] [47.0] [cxt 0] qos.p4(178) Primitive hdr.ipv4.ttl = hdr.ipv4.ttl - 1
[20:17:46.769] [bmv2] [D] [thread 2213] [47.0] [cxt 0] Pipeline 'ingress': end
[20:17:46.769] [bmv2] [D] [thread 2213] [47.0] [cxt 0] Egress port is 3
[20:17:46.774] [bmv2] [D] [thread 2217] [47.0] [cxt 0] Pipeline 'egress': start
[20:17:46.774] [bmv2] [D] [thread 2217] [47.0] [cxt 0] Pipeline 'egress': end
[20:17:46.774] [bmv2] [D] [thread 2217] [47.0] [cxt 0] Deparser 'deparser': start
[20:17:46.774] [bmv2] [D] [thread 2217] [47.0] [cxt 0] Updating checksum 'cksum'
[20:17:46.774] [bmv2] [D] [thread 2217] [47.0] [cxt 0] Deparsing header 'ethernet'
[20:17:46.775] [bmv2] [D] [thread 2217] [47.0] [cxt 0] Deparsing header 'vlan'
[20:17:46.775] [bmv2] [D] [thread 2217] [47.0] [cxt 0] Deparsing header 'ipv4'
[20:17:46.775] [bmv2] [D] [thread 2217] [47.0] [cxt 0] Deparser 'deparser': end
[20:17:46.775] [bmv2] [D] [thread 2218] [47.0] [cxt 0] Transmitting packet of size 46 out of port 3
[20:17:46.915] [bmv2] [D] [thread 2213] [48.0] [cxt 0] Processing packet received on port 2
[20:17:46.916] [bmv2] [D] [thread 2213] [48.0] [cxt 0] Parser 'parser': start
[20:17:46.916] [bmv2] [D] [thread 2213] [48.0] [cxt 0] Parser 'parser' entering state 'start'
[20:17:46.916] [bmv2] [D] [thread 2213] [48.0] [cxt 0] Extracting header 'ethernet'
[20:17:46.916] [bmv2] [D] [thread 2213] [48.0] [cxt 0] Parser state 'start': key is 8100
[20:17:46.916] [bmv2] [T] [thread 2213] [48.0] [cxt 0] Bytes parsed: 14
[20:17:46.916] [bmv2] [D] [thread 2213] [48.0] [cxt 0] Parser 'parser' entering state 'parse_vlan'
[20:17:46.916] [bmv2] [D] [thread 2213] [48.0] [cxt 0] Extracting header 'vlan'
[20:17:46.916] [bmv2] [D] [thread 2213] [48.0] [cxt 0] Parser state 'parse_vlan': key is 0800
[20:17:46.916] [bmv2] [T] [thread 2213] [48.0] [cxt 0] Bytes parsed: 18
[20:17:46.916] [bmv2] [D] [thread 2213] [48.0] [cxt 0] Parser 'parser' entering state 'parse_ipv4'
[20:17:46.916] [bmv2] [D] [thread 2213] [48.0] [cxt 0] Extracting header 'ipv4'
[20:17:46.916] [bmv2] [D] [thread 2213] [48.0] [cxt 0] Parser set: setting field 'scalars.tmp' from expression, new value is 1
[20:17:46.916] [bmv2] [D] [thread 2213] [48.0] [cxt 0] Parser state 'parse_ipv4': key is 06
[20:17:46.916] [bmv2] [T] [thread 2213] [48.0] [cxt 0] Bytes parsed: 38
[20:17:46.916] [bmv2] [D] [thread 2213] [48.0] [cxt 0] Parser 'parser' entering state 'parse_ipv4_option'
[20:17:46.916] [bmv2] [D] [thread 2213] [48.0] [cxt 0] Extracting header 'ipv4_option'
[20:17:46.916] [bmv2] [D] [thread 2213] [48.0] [cxt 0] Parser state 'parse_ipv4_option': key is 1f
[20:17:46.916] [bmv2] [T] [thread 2213] [48.0] [cxt 0] Bytes parsed: 40
[20:17:46.916] [bmv2] [D] [thread 2213] [48.0] [cxt 0] Parser 'parser' entering state 'parse_link_qos'
[20:17:46.917] [bmv2] [D] [thread 2213] [48.0] [cxt 0] Extracting header 'link_qos'
[20:17:46.917] [bmv2] [D] [thread 2213] [48.0] [cxt 0] Parser state 'parse_link_qos' has no switch, going to default next state
[20:17:46.917] [bmv2] [T] [thread 2213] [48.0] [cxt 0] Bytes parsed: 42
[20:17:46.917] [bmv2] [D] [thread 2213] [48.0] [cxt 0] Parser 'parser': end
[20:17:46.917] [bmv2] [D] [thread 2213] [48.0] [cxt 0] Pipeline 'ingress': start
[20:17:46.917] [bmv2] [T] [thread 2213] [48.0] [cxt 0] qos.p4(197) Condition "hdr.ipv4.isValid()" (node_2) is true
[20:17:46.917] [bmv2] [T] [thread 2213] [48.0] [cxt 0] qos.p4(198) Condition "hdr.link_qos.link_qos == TARGET_LINK_QOS" (node_3) is true
[20:17:46.917] [bmv2] [T] [thread 2213] [48.0] [cxt 0] Applying table 'tbl_qos199'
[20:17:46.917] [bmv2] [D] [thread 2213] [48.0] [cxt 0] Looking up key:

[20:17:46.917] [bmv2] [D] [thread 2213] [48.0] [cxt 0] Table 'tbl_qos199': miss
[20:17:46.917] [bmv2] [D] [thread 2213] [48.0] [cxt 0] Action entry is qos199 - 
[20:17:46.917] [bmv2] [T] [thread 2213] [48.0] [cxt 0] Action qos199
[20:17:46.917] [bmv2] [T] [thread 2213] [48.0] [cxt 0] qos.p4(199) Primitive hdr.ipv4.diffserv = (TARGET_DSCP << 2
[20:17:46.917] [bmv2] [T] [thread 2213] [48.0] [cxt 0] qos.p4(28) Primitive 7; ...
[20:17:46.917] [bmv2] [T] [thread 2213] [48.0] [cxt 0] Applying table 'MyIngress.ipv4_lpm'
[20:17:46.917] [bmv2] [D] [thread 2213] [48.0] [cxt 0] Looking up key:
* hdr.ipv4.dstAddr    : 0a000202

[20:17:46.917] [bmv2] [D] [thread 2213] [48.0] [cxt 0] Table 'MyIngress.ipv4_lpm': hit with handle 2
[20:17:46.918] [bmv2] [D] [thread 2213] [48.0] [cxt 0] Dumping entry 2
Match key:
* hdr.ipv4.dstAddr    : LPM       0a000200/24
Action entry: MyIngress.ipv4_forward - 80000000200,3,

[20:17:46.918] [bmv2] [D] [thread 2213] [48.0] [cxt 0] Action entry is MyIngress.ipv4_forward - 80000000200,3,
[20:17:46.918] [bmv2] [T] [thread 2213] [48.0] [cxt 0] Action MyIngress.ipv4_forward
[20:17:46.918] [bmv2] [T] [thread 2213] [48.0] [cxt 0] qos.p4(175) Primitive standard_metadata.egress_spec = port
[20:17:46.918] [bmv2] [T] [thread 2213] [48.0] [cxt 0] qos.p4(176) Primitive hdr.ethernet.srcAddr = hdr.ethernet.dstAddr
[20:17:46.918] [bmv2] [T] [thread 2213] [48.0] [cxt 0] qos.p4(177) Primitive hdr.ethernet.dstAddr = dstAddr
[20:17:46.918] [bmv2] [T] [thread 2213] [48.0] [cxt 0] qos.p4(178) Primitive hdr.ipv4.ttl = hdr.ipv4.ttl - 1
[20:17:46.918] [bmv2] [D] [thread 2213] [48.0] [cxt 0] Pipeline 'ingress': end
[20:17:46.918] [bmv2] [D] [thread 2213] [48.0] [cxt 0] Egress port is 3
[20:17:46.921] [bmv2] [D] [thread 2217] [48.0] [cxt 0] Pipeline 'egress': start
[20:17:46.922] [bmv2] [D] [thread 2217] [48.0] [cxt 0] Pipeline 'egress': end
[20:17:46.922] [bmv2] [D] [thread 2217] [48.0] [cxt 0] Deparser 'deparser': start
[20:17:46.922] [bmv2] [D] [thread 2217] [48.0] [cxt 0] Updating checksum 'cksum'
[20:17:46.922] [bmv2] [D] [thread 2217] [48.0] [cxt 0] Deparsing header 'ethernet'
[20:17:46.922] [bmv2] [D] [thread 2217] [48.0] [cxt 0] Deparsing header 'vlan'
[20:17:46.922] [bmv2] [D] [thread 2217] [48.0] [cxt 0] Deparsing header 'ipv4'
[20:17:46.922] [bmv2] [D] [thread 2217] [48.0] [cxt 0] Deparsing header 'ipv4_option'
[20:17:46.922] [bmv2] [D] [thread 2217] [48.0] [cxt 0] Deparsing header 'link_qos'
[20:17:46.922] [bmv2] [D] [thread 2217] [48.0] [cxt 0] Deparser 'deparser': end
[20:17:46.922] [bmv2] [D] [thread 2218] [48.0] [cxt 0] Transmitting packet of size 50 out of port 3
[20:17:47.637] [bmv2] [D] [thread 2213] [49.0] [cxt 0] Processing packet received on port 4
[20:17:47.637] [bmv2] [D] [thread 2213] [49.0] [cxt 0] Parser 'parser': start
[20:17:47.637] [bmv2] [D] [thread 2213] [49.0] [cxt 0] Parser 'parser' entering state 'start'
[20:17:47.637] [bmv2] [D] [thread 2213] [49.0] [cxt 0] Extracting header 'ethernet'
[20:17:47.638] [bmv2] [D] [thread 2213] [49.0] [cxt 0] Parser state 'start': key is 86dd
[20:17:47.638] [bmv2] [T] [thread 2213] [49.0] [cxt 0] Bytes parsed: 14
[20:17:47.638] [bmv2] [D] [thread 2213] [49.0] [cxt 0] Parser 'parser': end
[20:17:47.638] [bmv2] [D] [thread 2213] [49.0] [cxt 0] Pipeline 'ingress': start
[20:17:47.638] [bmv2] [T] [thread 2213] [49.0] [cxt 0] qos.p4(197) Condition "hdr.ipv4.isValid()" (node_2) is false
[20:17:47.638] [bmv2] [D] [thread 2213] [49.0] [cxt 0] Pipeline 'ingress': end
[20:17:47.638] [bmv2] [D] [thread 2213] [49.0] [cxt 0] Egress port is 0
[20:17:47.638] [bmv2] [D] [thread 2214] [49.0] [cxt 0] Pipeline 'egress': start
[20:17:47.639] [bmv2] [D] [thread 2214] [49.0] [cxt 0] Pipeline 'egress': end
[20:17:47.639] [bmv2] [D] [thread 2214] [49.0] [cxt 0] Deparser 'deparser': start
[20:17:47.639] [bmv2] [T] [thread 2214] [49.0] [cxt 0] Skipping checksum 'cksum' update because condition not met
[20:17:47.639] [bmv2] [D] [thread 2214] [49.0] [cxt 0] Deparsing header 'ethernet'
[20:17:47.639] [bmv2] [D] [thread 2214] [49.0] [cxt 0] Deparser 'deparser': end
[20:17:47.639] [bmv2] [D] [thread 2218] [49.0] [cxt 0] Transmitting packet of size 70 out of port 0
[20:17:47.786] [bmv2] [D] [thread 2213] [50.0] [cxt 0] Processing packet received on port 1
[20:17:47.787] [bmv2] [D] [thread 2213] [50.0] [cxt 0] Parser 'parser': start
[20:17:47.792] [bmv2] [D] [thread 2213] [50.0] [cxt 0] Parser 'parser' entering state 'start'
[20:17:47.792] [bmv2] [D] [thread 2213] [50.0] [cxt 0] Extracting header 'ethernet'
[20:17:47.793] [bmv2] [D] [thread 2213] [50.0] [cxt 0] Parser state 'start': key is 8100
[20:17:47.793] [bmv2] [T] [thread 2213] [50.0] [cxt 0] Bytes parsed: 14
[20:17:47.793] [bmv2] [D] [thread 2213] [50.0] [cxt 0] Parser 'parser' entering state 'parse_vlan'
[20:17:47.793] [bmv2] [D] [thread 2213] [50.0] [cxt 0] Extracting header 'vlan'
[20:17:47.793] [bmv2] [D] [thread 2213] [50.0] [cxt 0] Parser state 'parse_vlan': key is 0800
[20:17:47.793] [bmv2] [T] [thread 2213] [50.0] [cxt 0] Bytes parsed: 18
[20:17:47.793] [bmv2] [D] [thread 2213] [50.0] [cxt 0] Parser 'parser' entering state 'parse_ipv4'
[20:17:47.793] [bmv2] [D] [thread 2213] [50.0] [cxt 0] Extracting header 'ipv4'
[20:17:47.794] [bmv2] [D] [thread 2213] [50.0] [cxt 0] Parser set: setting field 'scalars.tmp' from expression, new value is 1
[20:17:47.794] [bmv2] [D] [thread 2213] [50.0] [cxt 0] Parser state 'parse_ipv4': key is 05
[20:17:47.794] [bmv2] [T] [thread 2213] [50.0] [cxt 0] Bytes parsed: 38
[20:17:47.794] [bmv2] [D] [thread 2213] [50.0] [cxt 0] Parser 'parser': end
[20:17:47.794] [bmv2] [D] [thread 2213] [50.0] [cxt 0] Pipeline 'ingress': start
[20:17:47.794] [bmv2] [T] [thread 2213] [50.0] [cxt 0] qos.p4(197) Condition "hdr.ipv4.isValid()" (node_2) is true
[20:17:47.794] [bmv2] [T] [thread 2213] [50.0] [cxt 0] qos.p4(198) Condition "hdr.link_qos.link_qos == TARGET_LINK_QOS" (node_3) is true
[20:17:47.794] [bmv2] [T] [thread 2213] [50.0] [cxt 0] Applying table 'tbl_qos199'
[20:17:47.794] [bmv2] [D] [thread 2213] [50.0] [cxt 0] Looking up key:

[20:17:47.794] [bmv2] [D] [thread 2213] [50.0] [cxt 0] Table 'tbl_qos199': miss
[20:17:47.794] [bmv2] [D] [thread 2213] [50.0] [cxt 0] Action entry is qos199 - 
[20:17:47.795] [bmv2] [T] [thread 2213] [50.0] [cxt 0] Action qos199
[20:17:47.803] [bmv2] [T] [thread 2213] [50.0] [cxt 0] qos.p4(199) Primitive hdr.ipv4.diffserv = (TARGET_DSCP << 2
[20:17:47.804] [bmv2] [T] [thread 2213] [50.0] [cxt 0] qos.p4(28) Primitive 7; ...
[20:17:47.804] [bmv2] [T] [thread 2213] [50.0] [cxt 0] Applying table 'MyIngress.ipv4_lpm'
[20:17:47.804] [bmv2] [D] [thread 2213] [50.0] [cxt 0] Looking up key:
* hdr.ipv4.dstAddr    : 0a000202

[20:17:47.804] [bmv2] [D] [thread 2213] [50.0] [cxt 0] Table 'MyIngress.ipv4_lpm': hit with handle 2
[20:17:47.805] [bmv2] [D] [thread 2213] [50.0] [cxt 0] Dumping entry 2
Match key:
* hdr.ipv4.dstAddr    : LPM       0a000200/24
Action entry: MyIngress.ipv4_forward - 80000000200,3,

[20:17:47.805] [bmv2] [D] [thread 2213] [50.0] [cxt 0] Action entry is MyIngress.ipv4_forward - 80000000200,3,
[20:17:47.805] [bmv2] [T] [thread 2213] [50.0] [cxt 0] Action MyIngress.ipv4_forward
[20:17:47.805] [bmv2] [T] [thread 2213] [50.0] [cxt 0] qos.p4(175) Primitive standard_metadata.egress_spec = port
[20:17:47.805] [bmv2] [T] [thread 2213] [50.0] [cxt 0] qos.p4(176) Primitive hdr.ethernet.srcAddr = hdr.ethernet.dstAddr
[20:17:47.805] [bmv2] [T] [thread 2213] [50.0] [cxt 0] qos.p4(177) Primitive hdr.ethernet.dstAddr = dstAddr
[20:17:47.805] [bmv2] [T] [thread 2213] [50.0] [cxt 0] qos.p4(178) Primitive hdr.ipv4.ttl = hdr.ipv4.ttl - 1
[20:17:47.805] [bmv2] [D] [thread 2213] [50.0] [cxt 0] Pipeline 'ingress': end
[20:17:47.805] [bmv2] [D] [thread 2213] [50.0] [cxt 0] Egress port is 3
[20:17:47.808] [bmv2] [D] [thread 2217] [50.0] [cxt 0] Pipeline 'egress': start
[20:17:47.808] [bmv2] [D] [thread 2217] [50.0] [cxt 0] Pipeline 'egress': end
[20:17:47.808] [bmv2] [D] [thread 2217] [50.0] [cxt 0] Deparser 'deparser': start
[20:17:47.808] [bmv2] [D] [thread 2217] [50.0] [cxt 0] Updating checksum 'cksum'
[20:17:47.808] [bmv2] [D] [thread 2217] [50.0] [cxt 0] Deparsing header 'ethernet'
[20:17:47.809] [bmv2] [D] [thread 2217] [50.0] [cxt 0] Deparsing header 'vlan'
[20:17:47.809] [bmv2] [D] [thread 2217] [50.0] [cxt 0] Deparsing header 'ipv4'
[20:17:47.809] [bmv2] [D] [thread 2217] [50.0] [cxt 0] Deparser 'deparser': end
[20:17:47.809] [bmv2] [D] [thread 2218] [50.0] [cxt 0] Transmitting packet of size 46 out of port 3
[20:17:47.933] [bmv2] [D] [thread 2213] [51.0] [cxt 0] Processing packet received on port 2
[20:17:47.933] [bmv2] [D] [thread 2213] [51.0] [cxt 0] Parser 'parser': start
[20:17:47.933] [bmv2] [D] [thread 2213] [51.0] [cxt 0] Parser 'parser' entering state 'start'
[20:17:47.933] [bmv2] [D] [thread 2213] [51.0] [cxt 0] Extracting header 'ethernet'
[20:17:47.933] [bmv2] [D] [thread 2213] [51.0] [cxt 0] Parser state 'start': key is 8100
[20:17:47.933] [bmv2] [T] [thread 2213] [51.0] [cxt 0] Bytes parsed: 14
[20:17:47.933] [bmv2] [D] [thread 2213] [51.0] [cxt 0] Parser 'parser' entering state 'parse_vlan'
[20:17:47.934] [bmv2] [D] [thread 2213] [51.0] [cxt 0] Extracting header 'vlan'
[20:17:47.934] [bmv2] [D] [thread 2213] [51.0] [cxt 0] Parser state 'parse_vlan': key is 0800
[20:17:47.934] [bmv2] [T] [thread 2213] [51.0] [cxt 0] Bytes parsed: 18
[20:17:47.934] [bmv2] [D] [thread 2213] [51.0] [cxt 0] Parser 'parser' entering state 'parse_ipv4'
[20:17:47.934] [bmv2] [D] [thread 2213] [51.0] [cxt 0] Extracting header 'ipv4'
[20:17:47.934] [bmv2] [D] [thread 2213] [51.0] [cxt 0] Parser set: setting field 'scalars.tmp' from expression, new value is 1
[20:17:47.942] [bmv2] [D] [thread 2213] [51.0] [cxt 0] Parser state 'parse_ipv4': key is 06
[20:17:47.942] [bmv2] [T] [thread 2213] [51.0] [cxt 0] Bytes parsed: 38
[20:17:47.942] [bmv2] [D] [thread 2213] [51.0] [cxt 0] Parser 'parser' entering state 'parse_ipv4_option'
[20:17:47.942] [bmv2] [D] [thread 2213] [51.0] [cxt 0] Extracting header 'ipv4_option'
[20:17:47.942] [bmv2] [D] [thread 2213] [51.0] [cxt 0] Parser state 'parse_ipv4_option': key is 1f
[20:17:47.942] [bmv2] [T] [thread 2213] [51.0] [cxt 0] Bytes parsed: 40
[20:17:47.942] [bmv2] [D] [thread 2213] [51.0] [cxt 0] Parser 'parser' entering state 'parse_link_qos'
[20:17:47.942] [bmv2] [D] [thread 2213] [51.0] [cxt 0] Extracting header 'link_qos'
[20:17:47.942] [bmv2] [D] [thread 2213] [51.0] [cxt 0] Parser state 'parse_link_qos' has no switch, going to default next state
[20:17:47.942] [bmv2] [T] [thread 2213] [51.0] [cxt 0] Bytes parsed: 42
[20:17:47.942] [bmv2] [D] [thread 2213] [51.0] [cxt 0] Parser 'parser': end
[20:17:47.942] [bmv2] [D] [thread 2213] [51.0] [cxt 0] Pipeline 'ingress': start
[20:17:47.942] [bmv2] [T] [thread 2213] [51.0] [cxt 0] qos.p4(197) Condition "hdr.ipv4.isValid()" (node_2) is true
[20:17:47.942] [bmv2] [T] [thread 2213] [51.0] [cxt 0] qos.p4(198) Condition "hdr.link_qos.link_qos == TARGET_LINK_QOS" (node_3) is true
[20:17:47.942] [bmv2] [T] [thread 2213] [51.0] [cxt 0] Applying table 'tbl_qos199'
[20:17:47.942] [bmv2] [D] [thread 2213] [51.0] [cxt 0] Looking up key:

[20:17:47.942] [bmv2] [D] [thread 2213] [51.0] [cxt 0] Table 'tbl_qos199': miss
[20:17:47.943] [bmv2] [D] [thread 2213] [51.0] [cxt 0] Action entry is qos199 - 
[20:17:47.943] [bmv2] [T] [thread 2213] [51.0] [cxt 0] Action qos199
[20:17:47.943] [bmv2] [T] [thread 2213] [51.0] [cxt 0] qos.p4(199) Primitive hdr.ipv4.diffserv = (TARGET_DSCP << 2
[20:17:47.943] [bmv2] [T] [thread 2213] [51.0] [cxt 0] qos.p4(28) Primitive 7; ...
[20:17:47.943] [bmv2] [T] [thread 2213] [51.0] [cxt 0] Applying table 'MyIngress.ipv4_lpm'
[20:17:47.943] [bmv2] [D] [thread 2213] [51.0] [cxt 0] Looking up key:
* hdr.ipv4.dstAddr    : 0a000202

[20:17:47.943] [bmv2] [D] [thread 2213] [51.0] [cxt 0] Table 'MyIngress.ipv4_lpm': hit with handle 2
[20:17:47.943] [bmv2] [D] [thread 2213] [51.0] [cxt 0] Dumping entry 2
Match key:
* hdr.ipv4.dstAddr    : LPM       0a000200/24
Action entry: MyIngress.ipv4_forward - 80000000200,3,

[20:17:47.943] [bmv2] [D] [thread 2213] [51.0] [cxt 0] Action entry is MyIngress.ipv4_forward - 80000000200,3,
[20:17:47.943] [bmv2] [T] [thread 2213] [51.0] [cxt 0] Action MyIngress.ipv4_forward
[20:17:47.943] [bmv2] [T] [thread 2213] [51.0] [cxt 0] qos.p4(175) Primitive standard_metadata.egress_spec = port
[20:17:47.943] [bmv2] [T] [thread 2213] [51.0] [cxt 0] qos.p4(176) Primitive hdr.ethernet.srcAddr = hdr.ethernet.dstAddr
[20:17:47.943] [bmv2] [T] [thread 2213] [51.0] [cxt 0] qos.p4(177) Primitive hdr.ethernet.dstAddr = dstAddr
[20:17:47.943] [bmv2] [T] [thread 2213] [51.0] [cxt 0] qos.p4(178) Primitive hdr.ipv4.ttl = hdr.ipv4.ttl - 1
[20:17:47.943] [bmv2] [D] [thread 2213] [51.0] [cxt 0] Pipeline 'ingress': end
[20:17:47.943] [bmv2] [D] [thread 2213] [51.0] [cxt 0] Egress port is 3
[20:17:47.967] [bmv2] [D] [thread 2217] [51.0] [cxt 0] Pipeline 'egress': start
[20:17:47.967] [bmv2] [D] [thread 2217] [51.0] [cxt 0] Pipeline 'egress': end
[20:17:47.967] [bmv2] [D] [thread 2217] [51.0] [cxt 0] Deparser 'deparser': start
[20:17:47.967] [bmv2] [D] [thread 2217] [51.0] [cxt 0] Updating checksum 'cksum'
[20:17:47.967] [bmv2] [D] [thread 2217] [51.0] [cxt 0] Deparsing header 'ethernet'
[20:17:47.967] [bmv2] [D] [thread 2217] [51.0] [cxt 0] Deparsing header 'vlan'
[20:17:47.967] [bmv2] [D] [thread 2217] [51.0] [cxt 0] Deparsing header 'ipv4'
[20:17:47.967] [bmv2] [D] [thread 2217] [51.0] [cxt 0] Deparsing header 'ipv4_option'
[20:17:47.967] [bmv2] [D] [thread 2217] [51.0] [cxt 0] Deparsing header 'link_qos'
[20:17:47.967] [bmv2] [D] [thread 2217] [51.0] [cxt 0] Deparser 'deparser': end
[20:17:47.968] [bmv2] [D] [thread 2218] [51.0] [cxt 0] Transmitting packet of size 50 out of port 3
[20:17:48.825] [bmv2] [D] [thread 2213] [52.0] [cxt 0] Processing packet received on port 1
[20:17:48.825] [bmv2] [D] [thread 2213] [52.0] [cxt 0] Parser 'parser': start
[20:17:48.825] [bmv2] [D] [thread 2213] [52.0] [cxt 0] Parser 'parser' entering state 'start'
[20:17:48.825] [bmv2] [D] [thread 2213] [52.0] [cxt 0] Extracting header 'ethernet'
[20:17:48.826] [bmv2] [D] [thread 2213] [52.0] [cxt 0] Parser state 'start': key is 8100
[20:17:48.826] [bmv2] [T] [thread 2213] [52.0] [cxt 0] Bytes parsed: 14
[20:17:48.826] [bmv2] [D] [thread 2213] [52.0] [cxt 0] Parser 'parser' entering state 'parse_vlan'
[20:17:48.826] [bmv2] [D] [thread 2213] [52.0] [cxt 0] Extracting header 'vlan'
[20:17:48.826] [bmv2] [D] [thread 2213] [52.0] [cxt 0] Parser state 'parse_vlan': key is 0800
[20:17:48.827] [bmv2] [T] [thread 2213] [52.0] [cxt 0] Bytes parsed: 18
[20:17:48.827] [bmv2] [D] [thread 2213] [52.0] [cxt 0] Parser 'parser' entering state 'parse_ipv4'
[20:17:48.827] [bmv2] [D] [thread 2213] [52.0] [cxt 0] Extracting header 'ipv4'
[20:17:48.827] [bmv2] [D] [thread 2213] [52.0] [cxt 0] Parser set: setting field 'scalars.tmp' from expression, new value is 1
[20:17:48.827] [bmv2] [D] [thread 2213] [52.0] [cxt 0] Parser state 'parse_ipv4': key is 05
[20:17:48.827] [bmv2] [T] [thread 2213] [52.0] [cxt 0] Bytes parsed: 38
[20:17:48.827] [bmv2] [D] [thread 2213] [52.0] [cxt 0] Parser 'parser': end
[20:17:48.827] [bmv2] [D] [thread 2213] [52.0] [cxt 0] Pipeline 'ingress': start
[20:17:48.827] [bmv2] [T] [thread 2213] [52.0] [cxt 0] qos.p4(197) Condition "hdr.ipv4.isValid()" (node_2) is true
[20:17:48.828] [bmv2] [T] [thread 2213] [52.0] [cxt 0] qos.p4(198) Condition "hdr.link_qos.link_qos == TARGET_LINK_QOS" (node_3) is true
[20:17:48.828] [bmv2] [T] [thread 2213] [52.0] [cxt 0] Applying table 'tbl_qos199'
[20:17:48.846] [bmv2] [D] [thread 2213] [52.0] [cxt 0] Looking up key:

[20:17:48.847] [bmv2] [D] [thread 2213] [52.0] [cxt 0] Table 'tbl_qos199': miss
[20:17:48.848] [bmv2] [D] [thread 2213] [52.0] [cxt 0] Action entry is qos199 - 
[20:17:48.848] [bmv2] [T] [thread 2213] [52.0] [cxt 0] Action qos199
[20:17:48.848] [bmv2] [T] [thread 2213] [52.0] [cxt 0] qos.p4(199) Primitive hdr.ipv4.diffserv = (TARGET_DSCP << 2
[20:17:48.848] [bmv2] [T] [thread 2213] [52.0] [cxt 0] qos.p4(28) Primitive 7; ...
[20:17:48.848] [bmv2] [T] [thread 2213] [52.0] [cxt 0] Applying table 'MyIngress.ipv4_lpm'
[20:17:48.848] [bmv2] [D] [thread 2213] [52.0] [cxt 0] Looking up key:
* hdr.ipv4.dstAddr    : 0a000202

[20:17:48.848] [bmv2] [D] [thread 2213] [52.0] [cxt 0] Table 'MyIngress.ipv4_lpm': hit with handle 2
[20:17:48.848] [bmv2] [D] [thread 2213] [52.0] [cxt 0] Dumping entry 2
Match key:
* hdr.ipv4.dstAddr    : LPM       0a000200/24
Action entry: MyIngress.ipv4_forward - 80000000200,3,

[20:17:48.848] [bmv2] [D] [thread 2213] [52.0] [cxt 0] Action entry is MyIngress.ipv4_forward - 80000000200,3,
[20:17:48.848] [bmv2] [T] [thread 2213] [52.0] [cxt 0] Action MyIngress.ipv4_forward
[20:17:48.848] [bmv2] [T] [thread 2213] [52.0] [cxt 0] qos.p4(175) Primitive standard_metadata.egress_spec = port
[20:17:48.849] [bmv2] [T] [thread 2213] [52.0] [cxt 0] qos.p4(176) Primitive hdr.ethernet.srcAddr = hdr.ethernet.dstAddr
[20:17:48.849] [bmv2] [T] [thread 2213] [52.0] [cxt 0] qos.p4(177) Primitive hdr.ethernet.dstAddr = dstAddr
[20:17:48.849] [bmv2] [T] [thread 2213] [52.0] [cxt 0] qos.p4(178) Primitive hdr.ipv4.ttl = hdr.ipv4.ttl - 1
[20:17:48.849] [bmv2] [D] [thread 2213] [52.0] [cxt 0] Pipeline 'ingress': end
[20:17:48.849] [bmv2] [D] [thread 2213] [52.0] [cxt 0] Egress port is 3
[20:17:48.856] [bmv2] [D] [thread 2217] [52.0] [cxt 0] Pipeline 'egress': start
[20:17:48.857] [bmv2] [D] [thread 2217] [52.0] [cxt 0] Pipeline 'egress': end
[20:17:48.857] [bmv2] [D] [thread 2217] [52.0] [cxt 0] Deparser 'deparser': start
[20:17:48.857] [bmv2] [D] [thread 2217] [52.0] [cxt 0] Updating checksum 'cksum'
[20:17:48.857] [bmv2] [D] [thread 2217] [52.0] [cxt 0] Deparsing header 'ethernet'
[20:17:48.857] [bmv2] [D] [thread 2217] [52.0] [cxt 0] Deparsing header 'vlan'
[20:17:48.857] [bmv2] [D] [thread 2217] [52.0] [cxt 0] Deparsing header 'ipv4'
[20:17:48.857] [bmv2] [D] [thread 2217] [52.0] [cxt 0] Deparser 'deparser': end
[20:17:48.857] [bmv2] [D] [thread 2218] [52.0] [cxt 0] Transmitting packet of size 46 out of port 3
[20:17:51.832] [bmv2] [D] [thread 2213] [53.0] [cxt 0] Processing packet received on port 3
[20:17:51.832] [bmv2] [D] [thread 2213] [53.0] [cxt 0] Parser 'parser': start
[20:17:51.833] [bmv2] [D] [thread 2213] [53.0] [cxt 0] Parser 'parser' entering state 'start'
[20:17:51.833] [bmv2] [D] [thread 2213] [53.0] [cxt 0] Extracting header 'ethernet'
[20:17:51.833] [bmv2] [D] [thread 2213] [53.0] [cxt 0] Parser state 'start': key is 86dd
[20:17:51.833] [bmv2] [T] [thread 2213] [53.0] [cxt 0] Bytes parsed: 14
[20:17:51.833] [bmv2] [D] [thread 2213] [53.0] [cxt 0] Parser 'parser': end
[20:17:51.833] [bmv2] [D] [thread 2213] [53.0] [cxt 0] Pipeline 'ingress': start
[20:17:51.833] [bmv2] [T] [thread 2213] [53.0] [cxt 0] qos.p4(197) Condition "hdr.ipv4.isValid()" (node_2) is false
[20:17:51.834] [bmv2] [D] [thread 2213] [53.0] [cxt 0] Pipeline 'ingress': end
[20:17:51.834] [bmv2] [D] [thread 2213] [53.0] [cxt 0] Egress port is 0
[20:17:51.835] [bmv2] [D] [thread 2214] [53.0] [cxt 0] Pipeline 'egress': start
[20:17:51.836] [bmv2] [D] [thread 2214] [53.0] [cxt 0] Pipeline 'egress': end
[20:17:51.836] [bmv2] [D] [thread 2214] [53.0] [cxt 0] Deparser 'deparser': start
[20:17:51.836] [bmv2] [T] [thread 2214] [53.0] [cxt 0] Skipping checksum 'cksum' update because condition not met
[20:17:51.836] [bmv2] [D] [thread 2214] [53.0] [cxt 0] Deparsing header 'ethernet'
[20:17:51.836] [bmv2] [D] [thread 2214] [53.0] [cxt 0] Deparser 'deparser': end
[20:17:51.837] [bmv2] [D] [thread 2218] [53.0] [cxt 0] Transmitting packet of size 70 out of port 0
open: No such file or directory
open: No such file or directory
open: No such file or directory
open: No such file or directory
open: No such file or directory
open: No such file or directory
open: No such file or directory
open: No such file or directory
open: No such file or directory
open: No such file or directory
open: No such file or directory
