Calling target program-options parser
[20:16:47.741] [bmv2] [D] [thread 2224] Set default default entry for table 'tbl_qos199': qos199 - 
[20:16:47.741] [bmv2] [D] [thread 2224] Set default default entry for table 'MyIngress.ipv4_lpm': NoAction - 
Adding interface s2-eth1 as port 1
[20:16:47.742] [bmv2] [D] [thread 2224] Adding interface s2-eth1 as port 1
Adding interface s2-eth2 as port 2
[20:16:47.778] [bmv2] [D] [thread 2224] Adding interface s2-eth2 as port 2
Adding interface s2-eth3 as port 3
[20:16:47.786] [bmv2] [D] [thread 2224] Adding interface s2-eth3 as port 3
Adding interface s2-eth4 as port 4
[20:16:47.796] [bmv2] [D] [thread 2224] Adding interface s2-eth4 as port 4
Server listening on 0.0.0.0:50052
[20:16:47.803] [bmv2] [I] [thread 2224] Starting Thrift server on port 9091
[20:16:47.812] [bmv2] [I] [thread 2224] Thrift server was started
[20:16:50.542] [bmv2] [D] [thread 2236] [0.0] [cxt 0] Processing packet received on port 1
[20:16:50.543] [bmv2] [D] [thread 2236] [0.0] [cxt 0] Parser 'parser': start
[20:16:50.543] [bmv2] [D] [thread 2236] [0.0] [cxt 0] Parser 'parser' entering state 'start'
[20:16:50.543] [bmv2] [D] [thread 2236] [0.0] [cxt 0] Extracting header 'ethernet'
[20:16:50.543] [bmv2] [D] [thread 2236] [0.0] [cxt 0] Parser state 'start': key is 86dd
[20:16:50.543] [bmv2] [T] [thread 2236] [0.0] [cxt 0] Bytes parsed: 14
[20:16:50.543] [bmv2] [D] [thread 2236] [0.0] [cxt 0] Parser 'parser': end
[20:16:50.543] [bmv2] [D] [thread 2236] [0.0] [cxt 0] Pipeline 'ingress': start
[20:16:50.543] [bmv2] [T] [thread 2236] [0.0] [cxt 0] qos.p4(197) Condition "hdr.ipv4.isValid()" (node_2) is false
[20:16:50.544] [bmv2] [D] [thread 2236] [0.0] [cxt 0] Pipeline 'ingress': end
[20:16:50.544] [bmv2] [D] [thread 2236] [0.0] [cxt 0] Egress port is 0
[20:16:50.544] [bmv2] [D] [thread 2237] [0.0] [cxt 0] Pipeline 'egress': start
[20:16:50.545] [bmv2] [D] [thread 2237] [0.0] [cxt 0] Pipeline 'egress': end
[20:16:50.545] [bmv2] [D] [thread 2237] [0.0] [cxt 0] Deparser 'deparser': start
[20:16:50.545] [bmv2] [T] [thread 2237] [0.0] [cxt 0] Skipping checksum 'cksum' update because condition not met
[20:16:50.545] [bmv2] [D] [thread 2237] [0.0] [cxt 0] Deparsing header 'ethernet'
[20:16:50.545] [bmv2] [D] [thread 2237] [0.0] [cxt 0] Deparser 'deparser': end
[20:16:50.545] [bmv2] [D] [thread 2241] [0.0] [cxt 0] Transmitting packet of size 70 out of port 0
[20:16:50.797] [bmv2] [D] [thread 2236] [1.0] [cxt 0] Processing packet received on port 2
[20:16:50.797] [bmv2] [D] [thread 2236] [1.0] [cxt 0] Parser 'parser': start
[20:16:50.797] [bmv2] [D] [thread 2236] [1.0] [cxt 0] Parser 'parser' entering state 'start'
[20:16:50.797] [bmv2] [D] [thread 2236] [1.0] [cxt 0] Extracting header 'ethernet'
[20:16:50.797] [bmv2] [D] [thread 2236] [1.0] [cxt 0] Parser state 'start': key is 86dd
[20:16:50.797] [bmv2] [T] [thread 2236] [1.0] [cxt 0] Bytes parsed: 14
[20:16:50.797] [bmv2] [D] [thread 2236] [1.0] [cxt 0] Parser 'parser': end
[20:16:50.797] [bmv2] [D] [thread 2236] [1.0] [cxt 0] Pipeline 'ingress': start
[20:16:50.797] [bmv2] [T] [thread 2236] [1.0] [cxt 0] qos.p4(197) Condition "hdr.ipv4.isValid()" (node_2) is false
[20:16:50.797] [bmv2] [D] [thread 2236] [1.0] [cxt 0] Pipeline 'ingress': end
[20:16:50.797] [bmv2] [D] [thread 2236] [1.0] [cxt 0] Egress port is 0
[20:16:50.797] [bmv2] [D] [thread 2236] [2.0] [cxt 0] Processing packet received on port 4
[20:16:50.797] [bmv2] [D] [thread 2236] [2.0] [cxt 0] Parser 'parser': start
[20:16:50.797] [bmv2] [D] [thread 2236] [2.0] [cxt 0] Parser 'parser' entering state 'start'
[20:16:50.797] [bmv2] [D] [thread 2236] [2.0] [cxt 0] Extracting header 'ethernet'
[20:16:50.797] [bmv2] [D] [thread 2236] [2.0] [cxt 0] Parser state 'start': key is 86dd
[20:16:50.797] [bmv2] [T] [thread 2236] [2.0] [cxt 0] Bytes parsed: 14
[20:16:50.797] [bmv2] [D] [thread 2236] [2.0] [cxt 0] Parser 'parser': end
[20:16:50.797] [bmv2] [D] [thread 2236] [2.0] [cxt 0] Pipeline 'ingress': start
[20:16:50.797] [bmv2] [T] [thread 2236] [2.0] [cxt 0] qos.p4(197) Condition "hdr.ipv4.isValid()" (node_2) is false
[20:16:50.797] [bmv2] [D] [thread 2236] [2.0] [cxt 0] Pipeline 'ingress': end
[20:16:50.797] [bmv2] [D] [thread 2236] [2.0] [cxt 0] Egress port is 0
[20:16:50.798] [bmv2] [D] [thread 2237] [1.0] [cxt 0] Pipeline 'egress': start
[20:16:50.798] [bmv2] [D] [thread 2237] [1.0] [cxt 0] Pipeline 'egress': end
[20:16:50.798] [bmv2] [D] [thread 2237] [1.0] [cxt 0] Deparser 'deparser': start
[20:16:50.798] [bmv2] [T] [thread 2237] [1.0] [cxt 0] Skipping checksum 'cksum' update because condition not met
[20:16:50.798] [bmv2] [D] [thread 2237] [1.0] [cxt 0] Deparsing header 'ethernet'
[20:16:50.798] [bmv2] [D] [thread 2237] [1.0] [cxt 0] Deparser 'deparser': end
[20:16:50.798] [bmv2] [D] [thread 2237] [2.0] [cxt 0] Pipeline 'egress': start
[20:16:50.798] [bmv2] [D] [thread 2237] [2.0] [cxt 0] Pipeline 'egress': end
[20:16:50.798] [bmv2] [D] [thread 2237] [2.0] [cxt 0] Deparser 'deparser': start
[20:16:50.798] [bmv2] [T] [thread 2237] [2.0] [cxt 0] Skipping checksum 'cksum' update because condition not met
[20:16:50.798] [bmv2] [D] [thread 2237] [2.0] [cxt 0] Deparsing header 'ethernet'
[20:16:50.798] [bmv2] [D] [thread 2237] [2.0] [cxt 0] Deparser 'deparser': end
[20:16:50.798] [bmv2] [D] [thread 2241] [1.0] [cxt 0] Transmitting packet of size 70 out of port 0
[20:16:50.798] [bmv2] [D] [thread 2241] [2.0] [cxt 0] Transmitting packet of size 70 out of port 0
[20:16:50.834] [bmv2] [W] [thread 2291] [P4Runtime] p4::tmp::P4DeviceConfig is deprecated
[20:16:50.846] [bmv2] [D] [thread 2291] Set default default entry for table 'tbl_qos199': qos199 - 
[20:16:50.846] [bmv2] [D] [thread 2291] Set default default entry for table 'MyIngress.ipv4_lpm': NoAction - 
[20:16:50.848] [bmv2] [D] [thread 2291] simple_switch target has been notified of a config swap
[20:16:50.858] [bmv2] [D] [thread 2292] Entry 0 added to table 'MyIngress.ipv4_lpm'
[20:16:50.859] [bmv2] [D] [thread 2292] Dumping entry 0
Match key:
* hdr.ipv4.dstAddr    : LPM       0a000202/32
Action entry: MyIngress.ipv4_forward - 80000000202,2,

[20:16:50.867] [bmv2] [D] [thread 2291] Entry 1 added to table 'MyIngress.ipv4_lpm'
[20:16:50.868] [bmv2] [D] [thread 2291] Dumping entry 1
Match key:
* hdr.ipv4.dstAddr    : LPM       0a000216/32
Action entry: MyIngress.ipv4_forward - 80000000222,1,

[20:16:50.874] [bmv2] [D] [thread 2292] Entry 2 added to table 'MyIngress.ipv4_lpm'
[20:16:50.874] [bmv2] [D] [thread 2292] Dumping entry 2
Match key:
* hdr.ipv4.dstAddr    : LPM       0a000100/24
Action entry: MyIngress.ipv4_forward - 80000000100,3,

[20:16:50.881] [bmv2] [D] [thread 2291] Entry 3 added to table 'MyIngress.ipv4_lpm'
[20:16:50.881] [bmv2] [D] [thread 2291] Dumping entry 3
Match key:
* hdr.ipv4.dstAddr    : LPM       0a000300/24
Action entry: MyIngress.ipv4_forward - 80000000300,4,

[20:16:50.896] [bmv2] [D] [thread 2236] [3.0] [cxt 0] Processing packet received on port 3
[20:16:50.896] [bmv2] [D] [thread 2236] [3.0] [cxt 0] Parser 'parser': start
[20:16:50.896] [bmv2] [D] [thread 2236] [3.0] [cxt 0] Parser 'parser' entering state 'start'
[20:16:50.896] [bmv2] [D] [thread 2236] [3.0] [cxt 0] Extracting header 'ethernet'
[20:16:50.897] [bmv2] [D] [thread 2236] [3.0] [cxt 0] Parser state 'start': key is 86dd
[20:16:50.897] [bmv2] [T] [thread 2236] [3.0] [cxt 0] Bytes parsed: 14
[20:16:50.897] [bmv2] [D] [thread 2236] [3.0] [cxt 0] Parser 'parser': end
[20:16:50.897] [bmv2] [D] [thread 2236] [3.0] [cxt 0] Pipeline 'ingress': start
[20:16:50.897] [bmv2] [T] [thread 2236] [3.0] [cxt 0] qos.p4(197) Condition "hdr.ipv4.isValid()" (node_2) is false
[20:16:50.897] [bmv2] [D] [thread 2236] [3.0] [cxt 0] Pipeline 'ingress': end
[20:16:50.897] [bmv2] [D] [thread 2236] [3.0] [cxt 0] Egress port is 0
[20:16:50.898] [bmv2] [D] [thread 2237] [3.0] [cxt 0] Pipeline 'egress': start
[20:16:50.898] [bmv2] [D] [thread 2237] [3.0] [cxt 0] Pipeline 'egress': end
[20:16:50.898] [bmv2] [D] [thread 2237] [3.0] [cxt 0] Deparser 'deparser': start
[20:16:50.898] [bmv2] [T] [thread 2237] [3.0] [cxt 0] Skipping checksum 'cksum' update because condition not met
[20:16:50.898] [bmv2] [D] [thread 2237] [3.0] [cxt 0] Deparsing header 'ethernet'
[20:16:50.898] [bmv2] [D] [thread 2237] [3.0] [cxt 0] Deparser 'deparser': end
[20:16:50.899] [bmv2] [D] [thread 2241] [3.0] [cxt 0] Transmitting packet of size 70 out of port 0
[20:16:51.154] [bmv2] [D] [thread 2236] [4.0] [cxt 0] Processing packet received on port 3
[20:16:51.154] [bmv2] [D] [thread 2236] [4.0] [cxt 0] Parser 'parser': start
[20:16:51.154] [bmv2] [D] [thread 2236] [4.0] [cxt 0] Parser 'parser' entering state 'start'
[20:16:51.154] [bmv2] [D] [thread 2236] [4.0] [cxt 0] Extracting header 'ethernet'
[20:16:51.154] [bmv2] [D] [thread 2236] [4.0] [cxt 0] Parser state 'start': key is 86dd
[20:16:51.154] [bmv2] [T] [thread 2236] [4.0] [cxt 0] Bytes parsed: 14
[20:16:51.154] [bmv2] [D] [thread 2236] [4.0] [cxt 0] Parser 'parser': end
[20:16:51.154] [bmv2] [D] [thread 2236] [4.0] [cxt 0] Pipeline 'ingress': start
[20:16:51.154] [bmv2] [T] [thread 2236] [4.0] [cxt 0] qos.p4(197) Condition "hdr.ipv4.isValid()" (node_2) is false
[20:16:51.154] [bmv2] [D] [thread 2236] [4.0] [cxt 0] Pipeline 'ingress': end
[20:16:51.155] [bmv2] [D] [thread 2236] [4.0] [cxt 0] Egress port is 0
[20:16:51.155] [bmv2] [D] [thread 2237] [4.0] [cxt 0] Pipeline 'egress': start
[20:16:51.155] [bmv2] [D] [thread 2237] [4.0] [cxt 0] Pipeline 'egress': end
[20:16:51.155] [bmv2] [D] [thread 2237] [4.0] [cxt 0] Deparser 'deparser': start
[20:16:51.155] [bmv2] [T] [thread 2237] [4.0] [cxt 0] Skipping checksum 'cksum' update because condition not met
[20:16:51.155] [bmv2] [D] [thread 2237] [4.0] [cxt 0] Deparsing header 'ethernet'
[20:16:51.155] [bmv2] [D] [thread 2237] [4.0] [cxt 0] Deparser 'deparser': end
[20:16:51.155] [bmv2] [D] [thread 2241] [4.0] [cxt 0] Transmitting packet of size 70 out of port 0
[20:16:51.569] [bmv2] [D] [thread 2236] [5.0] [cxt 0] Processing packet received on port 4
[20:16:51.570] [bmv2] [D] [thread 2236] [5.0] [cxt 0] Parser 'parser': start
[20:16:51.570] [bmv2] [D] [thread 2236] [5.0] [cxt 0] Parser 'parser' entering state 'start'
[20:16:51.570] [bmv2] [D] [thread 2236] [5.0] [cxt 0] Extracting header 'ethernet'
[20:16:51.570] [bmv2] [D] [thread 2236] [5.0] [cxt 0] Parser state 'start': key is 86dd
[20:16:51.570] [bmv2] [T] [thread 2236] [5.0] [cxt 0] Bytes parsed: 14
[20:16:51.570] [bmv2] [D] [thread 2236] [5.0] [cxt 0] Parser 'parser': end
[20:16:51.570] [bmv2] [D] [thread 2236] [5.0] [cxt 0] Pipeline 'ingress': start
[20:16:51.570] [bmv2] [T] [thread 2236] [5.0] [cxt 0] qos.p4(197) Condition "hdr.ipv4.isValid()" (node_2) is false
[20:16:51.570] [bmv2] [D] [thread 2236] [5.0] [cxt 0] Pipeline 'ingress': end
[20:16:51.571] [bmv2] [D] [thread 2236] [5.0] [cxt 0] Egress port is 0
[20:16:51.571] [bmv2] [D] [thread 2237] [5.0] [cxt 0] Pipeline 'egress': start
[20:16:51.571] [bmv2] [D] [thread 2237] [5.0] [cxt 0] Pipeline 'egress': end
[20:16:51.571] [bmv2] [D] [thread 2237] [5.0] [cxt 0] Deparser 'deparser': start
[20:16:51.571] [bmv2] [T] [thread 2237] [5.0] [cxt 0] Skipping checksum 'cksum' update because condition not met
[20:16:51.571] [bmv2] [D] [thread 2237] [5.0] [cxt 0] Deparsing header 'ethernet'
[20:16:51.571] [bmv2] [D] [thread 2237] [5.0] [cxt 0] Deparser 'deparser': end
[20:16:51.572] [bmv2] [D] [thread 2241] [5.0] [cxt 0] Transmitting packet of size 70 out of port 0
[20:16:58.222] [bmv2] [D] [thread 2236] [6.0] [cxt 0] Processing packet received on port 4
[20:16:58.222] [bmv2] [D] [thread 2236] [6.0] [cxt 0] Parser 'parser': start
[20:16:58.222] [bmv2] [D] [thread 2236] [6.0] [cxt 0] Parser 'parser' entering state 'start'
[20:16:58.222] [bmv2] [D] [thread 2236] [6.0] [cxt 0] Extracting header 'ethernet'
[20:16:58.222] [bmv2] [D] [thread 2236] [6.0] [cxt 0] Parser state 'start': key is 86dd
[20:16:58.222] [bmv2] [T] [thread 2236] [6.0] [cxt 0] Bytes parsed: 14
[20:16:58.222] [bmv2] [D] [thread 2236] [6.0] [cxt 0] Parser 'parser': end
[20:16:58.223] [bmv2] [D] [thread 2236] [6.0] [cxt 0] Pipeline 'ingress': start
[20:16:58.223] [bmv2] [T] [thread 2236] [6.0] [cxt 0] qos.p4(197) Condition "hdr.ipv4.isValid()" (node_2) is false
[20:16:58.223] [bmv2] [D] [thread 2236] [6.0] [cxt 0] Pipeline 'ingress': end
[20:16:58.223] [bmv2] [D] [thread 2236] [6.0] [cxt 0] Egress port is 0
[20:16:58.224] [bmv2] [D] [thread 2237] [6.0] [cxt 0] Pipeline 'egress': start
[20:16:58.224] [bmv2] [D] [thread 2237] [6.0] [cxt 0] Pipeline 'egress': end
[20:16:58.224] [bmv2] [D] [thread 2237] [6.0] [cxt 0] Deparser 'deparser': start
[20:16:58.224] [bmv2] [T] [thread 2237] [6.0] [cxt 0] Skipping checksum 'cksum' update because condition not met
[20:16:58.224] [bmv2] [D] [thread 2237] [6.0] [cxt 0] Deparsing header 'ethernet'
[20:16:58.224] [bmv2] [D] [thread 2237] [6.0] [cxt 0] Deparser 'deparser': end
[20:16:58.224] [bmv2] [D] [thread 2241] [6.0] [cxt 0] Transmitting packet of size 70 out of port 0
[20:16:58.481] [bmv2] [D] [thread 2236] [7.0] [cxt 0] Processing packet received on port 1
[20:16:58.481] [bmv2] [D] [thread 2236] [7.0] [cxt 0] Parser 'parser': start
[20:16:58.481] [bmv2] [D] [thread 2236] [7.0] [cxt 0] Parser 'parser' entering state 'start'
[20:16:58.481] [bmv2] [D] [thread 2236] [7.0] [cxt 0] Extracting header 'ethernet'
[20:16:58.482] [bmv2] [D] [thread 2236] [7.0] [cxt 0] Parser state 'start': key is 86dd
[20:16:58.482] [bmv2] [T] [thread 2236] [7.0] [cxt 0] Bytes parsed: 14
[20:16:58.482] [bmv2] [D] [thread 2236] [7.0] [cxt 0] Parser 'parser': end
[20:16:58.482] [bmv2] [D] [thread 2236] [7.0] [cxt 0] Pipeline 'ingress': start
[20:16:58.482] [bmv2] [T] [thread 2236] [7.0] [cxt 0] qos.p4(197) Condition "hdr.ipv4.isValid()" (node_2) is false
[20:16:58.482] [bmv2] [D] [thread 2236] [7.0] [cxt 0] Pipeline 'ingress': end
[20:16:58.482] [bmv2] [D] [thread 2236] [7.0] [cxt 0] Egress port is 0
[20:16:58.484] [bmv2] [D] [thread 2237] [7.0] [cxt 0] Pipeline 'egress': start
[20:16:58.484] [bmv2] [D] [thread 2237] [7.0] [cxt 0] Pipeline 'egress': end
[20:16:58.484] [bmv2] [D] [thread 2237] [7.0] [cxt 0] Deparser 'deparser': start
[20:16:58.484] [bmv2] [T] [thread 2237] [7.0] [cxt 0] Skipping checksum 'cksum' update because condition not met
[20:16:58.484] [bmv2] [D] [thread 2237] [7.0] [cxt 0] Deparsing header 'ethernet'
[20:16:58.484] [bmv2] [D] [thread 2237] [7.0] [cxt 0] Deparser 'deparser': end
[20:16:58.485] [bmv2] [D] [thread 2241] [7.0] [cxt 0] Transmitting packet of size 70 out of port 0
[20:16:58.486] [bmv2] [D] [thread 2236] [8.0] [cxt 0] Processing packet received on port 2
[20:16:58.486] [bmv2] [D] [thread 2236] [8.0] [cxt 0] Parser 'parser': start
[20:16:58.486] [bmv2] [D] [thread 2236] [8.0] [cxt 0] Parser 'parser' entering state 'start'
[20:16:58.486] [bmv2] [D] [thread 2236] [8.0] [cxt 0] Extracting header 'ethernet'
[20:16:58.486] [bmv2] [D] [thread 2236] [8.0] [cxt 0] Parser state 'start': key is 86dd
[20:16:58.486] [bmv2] [T] [thread 2236] [8.0] [cxt 0] Bytes parsed: 14
[20:16:58.487] [bmv2] [D] [thread 2236] [8.0] [cxt 0] Parser 'parser': end
[20:16:58.487] [bmv2] [D] [thread 2236] [8.0] [cxt 0] Pipeline 'ingress': start
[20:16:58.487] [bmv2] [T] [thread 2236] [8.0] [cxt 0] qos.p4(197) Condition "hdr.ipv4.isValid()" (node_2) is false
[20:16:58.487] [bmv2] [D] [thread 2236] [8.0] [cxt 0] Pipeline 'ingress': end
[20:16:58.487] [bmv2] [D] [thread 2236] [8.0] [cxt 0] Egress port is 0
[20:16:58.487] [bmv2] [D] [thread 2237] [8.0] [cxt 0] Pipeline 'egress': start
[20:16:58.487] [bmv2] [D] [thread 2237] [8.0] [cxt 0] Pipeline 'egress': end
[20:16:58.487] [bmv2] [D] [thread 2237] [8.0] [cxt 0] Deparser 'deparser': start
[20:16:58.487] [bmv2] [T] [thread 2237] [8.0] [cxt 0] Skipping checksum 'cksum' update because condition not met
[20:16:58.487] [bmv2] [D] [thread 2237] [8.0] [cxt 0] Deparsing header 'ethernet'
[20:16:58.487] [bmv2] [D] [thread 2237] [8.0] [cxt 0] Deparser 'deparser': end
[20:16:58.488] [bmv2] [D] [thread 2241] [8.0] [cxt 0] Transmitting packet of size 70 out of port 0
[20:16:58.585] [bmv2] [D] [thread 2236] [9.0] [cxt 0] Processing packet received on port 3
[20:16:58.586] [bmv2] [D] [thread 2236] [9.0] [cxt 0] Parser 'parser': start
[20:16:58.586] [bmv2] [D] [thread 2236] [9.0] [cxt 0] Parser 'parser' entering state 'start'
[20:16:58.586] [bmv2] [D] [thread 2236] [9.0] [cxt 0] Extracting header 'ethernet'
[20:16:58.586] [bmv2] [D] [thread 2236] [9.0] [cxt 0] Parser state 'start': key is 86dd
[20:16:58.586] [bmv2] [T] [thread 2236] [9.0] [cxt 0] Bytes parsed: 14
[20:16:58.586] [bmv2] [D] [thread 2236] [9.0] [cxt 0] Parser 'parser': end
[20:16:58.586] [bmv2] [D] [thread 2236] [9.0] [cxt 0] Pipeline 'ingress': start
[20:16:58.586] [bmv2] [T] [thread 2236] [9.0] [cxt 0] qos.p4(197) Condition "hdr.ipv4.isValid()" (node_2) is false
[20:16:58.586] [bmv2] [D] [thread 2236] [9.0] [cxt 0] Pipeline 'ingress': end
[20:16:58.586] [bmv2] [D] [thread 2236] [9.0] [cxt 0] Egress port is 0
[20:16:58.587] [bmv2] [D] [thread 2237] [9.0] [cxt 0] Pipeline 'egress': start
[20:16:58.587] [bmv2] [D] [thread 2237] [9.0] [cxt 0] Pipeline 'egress': end
[20:16:58.587] [bmv2] [D] [thread 2237] [9.0] [cxt 0] Deparser 'deparser': start
[20:16:58.587] [bmv2] [T] [thread 2237] [9.0] [cxt 0] Skipping checksum 'cksum' update because condition not met
[20:16:58.587] [bmv2] [D] [thread 2237] [9.0] [cxt 0] Deparsing header 'ethernet'
[20:16:58.587] [bmv2] [D] [thread 2237] [9.0] [cxt 0] Deparser 'deparser': end
[20:16:58.587] [bmv2] [D] [thread 2241] [9.0] [cxt 0] Transmitting packet of size 70 out of port 0
[20:17:00.019] [bmv2] [D] [thread 2236] [10.0] [cxt 0] Processing packet received on port 4
[20:17:00.020] [bmv2] [D] [thread 2236] [10.0] [cxt 0] Parser 'parser': start
[20:17:00.020] [bmv2] [D] [thread 2236] [10.0] [cxt 0] Parser 'parser' entering state 'start'
[20:17:00.020] [bmv2] [D] [thread 2236] [10.0] [cxt 0] Extracting header 'ethernet'
[20:17:00.020] [bmv2] [D] [thread 2236] [10.0] [cxt 0] Parser state 'start': key is 86dd
[20:17:00.020] [bmv2] [T] [thread 2236] [10.0] [cxt 0] Bytes parsed: 14
[20:17:00.021] [bmv2] [D] [thread 2236] [10.0] [cxt 0] Parser 'parser': end
[20:17:00.021] [bmv2] [D] [thread 2236] [10.0] [cxt 0] Pipeline 'ingress': start
[20:17:00.021] [bmv2] [T] [thread 2236] [10.0] [cxt 0] qos.p4(197) Condition "hdr.ipv4.isValid()" (node_2) is false
[20:17:00.021] [bmv2] [D] [thread 2236] [10.0] [cxt 0] Pipeline 'ingress': end
[20:17:00.021] [bmv2] [D] [thread 2236] [10.0] [cxt 0] Egress port is 0
[20:17:00.021] [bmv2] [D] [thread 2237] [10.0] [cxt 0] Pipeline 'egress': start
[20:17:00.021] [bmv2] [D] [thread 2237] [10.0] [cxt 0] Pipeline 'egress': end
[20:17:00.022] [bmv2] [D] [thread 2237] [10.0] [cxt 0] Deparser 'deparser': start
[20:17:00.022] [bmv2] [T] [thread 2237] [10.0] [cxt 0] Skipping checksum 'cksum' update because condition not met
[20:17:00.022] [bmv2] [D] [thread 2237] [10.0] [cxt 0] Deparsing header 'ethernet'
[20:17:00.022] [bmv2] [D] [thread 2237] [10.0] [cxt 0] Deparser 'deparser': end
[20:17:00.022] [bmv2] [D] [thread 2241] [10.0] [cxt 0] Transmitting packet of size 70 out of port 0
[20:17:00.119] [bmv2] [D] [thread 2236] [11.0] [cxt 0] Processing packet received on port 3
[20:17:00.120] [bmv2] [D] [thread 2236] [11.0] [cxt 0] Parser 'parser': start
[20:17:00.120] [bmv2] [D] [thread 2236] [11.0] [cxt 0] Parser 'parser' entering state 'start'
[20:17:00.120] [bmv2] [D] [thread 2236] [11.0] [cxt 0] Extracting header 'ethernet'
[20:17:00.120] [bmv2] [D] [thread 2236] [11.0] [cxt 0] Parser state 'start': key is 86dd
[20:17:00.120] [bmv2] [T] [thread 2236] [11.0] [cxt 0] Bytes parsed: 14
[20:17:00.120] [bmv2] [D] [thread 2236] [11.0] [cxt 0] Parser 'parser': end
[20:17:00.120] [bmv2] [D] [thread 2236] [11.0] [cxt 0] Pipeline 'ingress': start
[20:17:00.121] [bmv2] [T] [thread 2236] [11.0] [cxt 0] qos.p4(197) Condition "hdr.ipv4.isValid()" (node_2) is false
[20:17:00.121] [bmv2] [D] [thread 2236] [11.0] [cxt 0] Pipeline 'ingress': end
[20:17:00.121] [bmv2] [D] [thread 2236] [11.0] [cxt 0] Egress port is 0
[20:17:00.121] [bmv2] [D] [thread 2237] [11.0] [cxt 0] Pipeline 'egress': start
[20:17:00.121] [bmv2] [D] [thread 2237] [11.0] [cxt 0] Pipeline 'egress': end
[20:17:00.122] [bmv2] [D] [thread 2237] [11.0] [cxt 0] Deparser 'deparser': start
[20:17:00.122] [bmv2] [T] [thread 2237] [11.0] [cxt 0] Skipping checksum 'cksum' update because condition not met
[20:17:00.122] [bmv2] [D] [thread 2237] [11.0] [cxt 0] Deparsing header 'ethernet'
[20:17:00.123] [bmv2] [D] [thread 2237] [11.0] [cxt 0] Deparser 'deparser': end
[20:17:00.123] [bmv2] [D] [thread 2241] [11.0] [cxt 0] Transmitting packet of size 70 out of port 0
[20:17:12.814] [bmv2] [D] [thread 2236] [12.0] [cxt 0] Processing packet received on port 4
[20:17:12.815] [bmv2] [D] [thread 2236] [12.0] [cxt 0] Parser 'parser': start
[20:17:12.815] [bmv2] [D] [thread 2236] [12.0] [cxt 0] Parser 'parser' entering state 'start'
[20:17:12.815] [bmv2] [D] [thread 2236] [12.0] [cxt 0] Extracting header 'ethernet'
[20:17:12.815] [bmv2] [D] [thread 2236] [12.0] [cxt 0] Parser state 'start': key is 86dd
[20:17:12.815] [bmv2] [T] [thread 2236] [12.0] [cxt 0] Bytes parsed: 14
[20:17:12.815] [bmv2] [D] [thread 2236] [12.0] [cxt 0] Parser 'parser': end
[20:17:12.815] [bmv2] [D] [thread 2236] [12.0] [cxt 0] Pipeline 'ingress': start
[20:17:12.815] [bmv2] [T] [thread 2236] [12.0] [cxt 0] qos.p4(197) Condition "hdr.ipv4.isValid()" (node_2) is false
[20:17:12.815] [bmv2] [D] [thread 2236] [12.0] [cxt 0] Pipeline 'ingress': end
[20:17:12.815] [bmv2] [D] [thread 2236] [12.0] [cxt 0] Egress port is 0
[20:17:12.818] [bmv2] [D] [thread 2237] [12.0] [cxt 0] Pipeline 'egress': start
[20:17:12.818] [bmv2] [D] [thread 2237] [12.0] [cxt 0] Pipeline 'egress': end
[20:17:12.818] [bmv2] [D] [thread 2237] [12.0] [cxt 0] Deparser 'deparser': start
[20:17:12.818] [bmv2] [T] [thread 2237] [12.0] [cxt 0] Skipping checksum 'cksum' update because condition not met
[20:17:12.818] [bmv2] [D] [thread 2237] [12.0] [cxt 0] Deparsing header 'ethernet'
[20:17:12.818] [bmv2] [D] [thread 2237] [12.0] [cxt 0] Deparser 'deparser': end
[20:17:12.818] [bmv2] [D] [thread 2241] [12.0] [cxt 0] Transmitting packet of size 70 out of port 0
[20:17:13.325] [bmv2] [D] [thread 2236] [13.0] [cxt 0] Processing packet received on port 1
[20:17:13.325] [bmv2] [D] [thread 2236] [13.0] [cxt 0] Parser 'parser': start
[20:17:13.325] [bmv2] [D] [thread 2236] [13.0] [cxt 0] Parser 'parser' entering state 'start'
[20:17:13.325] [bmv2] [D] [thread 2236] [13.0] [cxt 0] Extracting header 'ethernet'
[20:17:13.326] [bmv2] [D] [thread 2236] [13.0] [cxt 0] Parser state 'start': key is 86dd
[20:17:13.326] [bmv2] [T] [thread 2236] [13.0] [cxt 0] Bytes parsed: 14
[20:17:13.326] [bmv2] [D] [thread 2236] [13.0] [cxt 0] Parser 'parser': end
[20:17:13.326] [bmv2] [D] [thread 2236] [13.0] [cxt 0] Pipeline 'ingress': start
[20:17:13.326] [bmv2] [T] [thread 2236] [13.0] [cxt 0] qos.p4(197) Condition "hdr.ipv4.isValid()" (node_2) is false
[20:17:13.326] [bmv2] [D] [thread 2236] [13.0] [cxt 0] Pipeline 'ingress': end
[20:17:13.326] [bmv2] [D] [thread 2236] [13.0] [cxt 0] Egress port is 0
[20:17:13.326] [bmv2] [D] [thread 2237] [13.0] [cxt 0] Pipeline 'egress': start
[20:17:13.326] [bmv2] [D] [thread 2237] [13.0] [cxt 0] Pipeline 'egress': end
[20:17:13.326] [bmv2] [D] [thread 2237] [13.0] [cxt 0] Deparser 'deparser': start
[20:17:13.326] [bmv2] [T] [thread 2237] [13.0] [cxt 0] Skipping checksum 'cksum' update because condition not met
[20:17:13.326] [bmv2] [D] [thread 2237] [13.0] [cxt 0] Deparsing header 'ethernet'
[20:17:13.327] [bmv2] [D] [thread 2237] [13.0] [cxt 0] Deparser 'deparser': end
[20:17:13.327] [bmv2] [D] [thread 2241] [13.0] [cxt 0] Transmitting packet of size 70 out of port 0
[20:17:14.093] [bmv2] [D] [thread 2236] [14.0] [cxt 0] Processing packet received on port 2
[20:17:14.094] [bmv2] [D] [thread 2236] [14.0] [cxt 0] Parser 'parser': start
[20:17:14.094] [bmv2] [D] [thread 2236] [14.0] [cxt 0] Parser 'parser' entering state 'start'
[20:17:14.094] [bmv2] [D] [thread 2236] [14.0] [cxt 0] Extracting header 'ethernet'
[20:17:14.094] [bmv2] [D] [thread 2236] [14.0] [cxt 0] Parser state 'start': key is 86dd
[20:17:14.094] [bmv2] [T] [thread 2236] [14.0] [cxt 0] Bytes parsed: 14
[20:17:14.094] [bmv2] [D] [thread 2236] [14.0] [cxt 0] Parser 'parser': end
[20:17:14.095] [bmv2] [D] [thread 2236] [14.0] [cxt 0] Pipeline 'ingress': start
[20:17:14.095] [bmv2] [T] [thread 2236] [14.0] [cxt 0] qos.p4(197) Condition "hdr.ipv4.isValid()" (node_2) is false
[20:17:14.095] [bmv2] [D] [thread 2236] [14.0] [cxt 0] Pipeline 'ingress': end
[20:17:14.095] [bmv2] [D] [thread 2236] [14.0] [cxt 0] Egress port is 0
[20:17:14.098] [bmv2] [D] [thread 2237] [14.0] [cxt 0] Pipeline 'egress': start
[20:17:14.098] [bmv2] [D] [thread 2237] [14.0] [cxt 0] Pipeline 'egress': end
[20:17:14.098] [bmv2] [D] [thread 2237] [14.0] [cxt 0] Deparser 'deparser': start
[20:17:14.098] [bmv2] [T] [thread 2237] [14.0] [cxt 0] Skipping checksum 'cksum' update because condition not met
[20:17:14.098] [bmv2] [D] [thread 2237] [14.0] [cxt 0] Deparsing header 'ethernet'
[20:17:14.098] [bmv2] [D] [thread 2237] [14.0] [cxt 0] Deparser 'deparser': end
[20:17:14.099] [bmv2] [D] [thread 2241] [14.0] [cxt 0] Transmitting packet of size 70 out of port 0
[20:17:14.453] [bmv2] [D] [thread 2236] [15.0] [cxt 0] Processing packet received on port 3
[20:17:14.454] [bmv2] [D] [thread 2236] [15.0] [cxt 0] Parser 'parser': start
[20:17:14.454] [bmv2] [D] [thread 2236] [15.0] [cxt 0] Parser 'parser' entering state 'start'
[20:17:14.454] [bmv2] [D] [thread 2236] [15.0] [cxt 0] Extracting header 'ethernet'
[20:17:14.454] [bmv2] [D] [thread 2236] [15.0] [cxt 0] Parser state 'start': key is 86dd
[20:17:14.454] [bmv2] [T] [thread 2236] [15.0] [cxt 0] Bytes parsed: 14
[20:17:14.455] [bmv2] [D] [thread 2236] [15.0] [cxt 0] Parser 'parser': end
[20:17:14.455] [bmv2] [D] [thread 2236] [15.0] [cxt 0] Pipeline 'ingress': start
[20:17:14.455] [bmv2] [T] [thread 2236] [15.0] [cxt 0] qos.p4(197) Condition "hdr.ipv4.isValid()" (node_2) is false
[20:17:14.455] [bmv2] [D] [thread 2236] [15.0] [cxt 0] Pipeline 'ingress': end
[20:17:14.455] [bmv2] [D] [thread 2236] [15.0] [cxt 0] Egress port is 0
[20:17:14.460] [bmv2] [D] [thread 2237] [15.0] [cxt 0] Pipeline 'egress': start
[20:17:14.460] [bmv2] [D] [thread 2237] [15.0] [cxt 0] Pipeline 'egress': end
[20:17:14.460] [bmv2] [D] [thread 2237] [15.0] [cxt 0] Deparser 'deparser': start
[20:17:14.460] [bmv2] [T] [thread 2237] [15.0] [cxt 0] Skipping checksum 'cksum' update because condition not met
[20:17:14.460] [bmv2] [D] [thread 2237] [15.0] [cxt 0] Deparsing header 'ethernet'
[20:17:14.460] [bmv2] [D] [thread 2237] [15.0] [cxt 0] Deparser 'deparser': end
[20:17:14.460] [bmv2] [D] [thread 2241] [15.0] [cxt 0] Transmitting packet of size 70 out of port 0
[20:17:16.141] [bmv2] [D] [thread 2236] [16.0] [cxt 0] Processing packet received on port 4
[20:17:16.141] [bmv2] [D] [thread 2236] [16.0] [cxt 0] Parser 'parser': start
[20:17:16.141] [bmv2] [D] [thread 2236] [16.0] [cxt 0] Parser 'parser' entering state 'start'
[20:17:16.141] [bmv2] [D] [thread 2236] [16.0] [cxt 0] Extracting header 'ethernet'
[20:17:16.141] [bmv2] [D] [thread 2236] [16.0] [cxt 0] Parser state 'start': key is 86dd
[20:17:16.141] [bmv2] [T] [thread 2236] [16.0] [cxt 0] Bytes parsed: 14
[20:17:16.141] [bmv2] [D] [thread 2236] [16.0] [cxt 0] Parser 'parser': end
[20:17:16.141] [bmv2] [D] [thread 2236] [16.0] [cxt 0] Pipeline 'ingress': start
[20:17:16.141] [bmv2] [T] [thread 2236] [16.0] [cxt 0] qos.p4(197) Condition "hdr.ipv4.isValid()" (node_2) is false
[20:17:16.141] [bmv2] [D] [thread 2236] [16.0] [cxt 0] Pipeline 'ingress': end
[20:17:16.141] [bmv2] [D] [thread 2236] [16.0] [cxt 0] Egress port is 0
[20:17:16.142] [bmv2] [D] [thread 2237] [16.0] [cxt 0] Pipeline 'egress': start
[20:17:16.142] [bmv2] [D] [thread 2237] [16.0] [cxt 0] Pipeline 'egress': end
[20:17:16.142] [bmv2] [D] [thread 2237] [16.0] [cxt 0] Deparser 'deparser': start
[20:17:16.142] [bmv2] [T] [thread 2237] [16.0] [cxt 0] Skipping checksum 'cksum' update because condition not met
[20:17:16.142] [bmv2] [D] [thread 2237] [16.0] [cxt 0] Deparsing header 'ethernet'
[20:17:16.142] [bmv2] [D] [thread 2237] [16.0] [cxt 0] Deparser 'deparser': end
[20:17:16.143] [bmv2] [D] [thread 2241] [16.0] [cxt 0] Transmitting packet of size 70 out of port 0
[20:17:17.014] [bmv2] [D] [thread 2236] [17.0] [cxt 0] Processing packet received on port 3
[20:17:17.015] [bmv2] [D] [thread 2236] [17.0] [cxt 0] Parser 'parser': start
[20:17:17.015] [bmv2] [D] [thread 2236] [17.0] [cxt 0] Parser 'parser' entering state 'start'
[20:17:17.015] [bmv2] [D] [thread 2236] [17.0] [cxt 0] Extracting header 'ethernet'
[20:17:17.015] [bmv2] [D] [thread 2236] [17.0] [cxt 0] Parser state 'start': key is 86dd
[20:17:17.015] [bmv2] [T] [thread 2236] [17.0] [cxt 0] Bytes parsed: 14
[20:17:17.015] [bmv2] [D] [thread 2236] [17.0] [cxt 0] Parser 'parser': end
[20:17:17.015] [bmv2] [D] [thread 2236] [17.0] [cxt 0] Pipeline 'ingress': start
[20:17:17.015] [bmv2] [T] [thread 2236] [17.0] [cxt 0] qos.p4(197) Condition "hdr.ipv4.isValid()" (node_2) is false
[20:17:17.015] [bmv2] [D] [thread 2236] [17.0] [cxt 0] Pipeline 'ingress': end
[20:17:17.015] [bmv2] [D] [thread 2236] [17.0] [cxt 0] Egress port is 0
[20:17:17.015] [bmv2] [D] [thread 2237] [17.0] [cxt 0] Pipeline 'egress': start
[20:17:17.015] [bmv2] [D] [thread 2237] [17.0] [cxt 0] Pipeline 'egress': end
[20:17:17.015] [bmv2] [D] [thread 2237] [17.0] [cxt 0] Deparser 'deparser': start
[20:17:17.015] [bmv2] [T] [thread 2237] [17.0] [cxt 0] Skipping checksum 'cksum' update because condition not met
[20:17:17.016] [bmv2] [D] [thread 2237] [17.0] [cxt 0] Deparsing header 'ethernet'
[20:17:17.016] [bmv2] [D] [thread 2237] [17.0] [cxt 0] Deparser 'deparser': end
[20:17:17.016] [bmv2] [D] [thread 2241] [17.0] [cxt 0] Transmitting packet of size 70 out of port 0
[20:17:38.872] [bmv2] [D] [thread 2236] [18.0] [cxt 0] Processing packet received on port 3
[20:17:38.872] [bmv2] [D] [thread 2236] [18.0] [cxt 0] Parser 'parser': start
[20:17:38.872] [bmv2] [D] [thread 2236] [18.0] [cxt 0] Parser 'parser' entering state 'start'
[20:17:38.872] [bmv2] [D] [thread 2236] [18.0] [cxt 0] Extracting header 'ethernet'
[20:17:38.873] [bmv2] [D] [thread 2236] [18.0] [cxt 0] Parser state 'start': key is 8100
[20:17:38.873] [bmv2] [T] [thread 2236] [18.0] [cxt 0] Bytes parsed: 14
[20:17:38.873] [bmv2] [D] [thread 2236] [18.0] [cxt 0] Parser 'parser' entering state 'parse_vlan'
[20:17:38.873] [bmv2] [D] [thread 2236] [18.0] [cxt 0] Extracting header 'vlan'
[20:17:38.873] [bmv2] [D] [thread 2236] [18.0] [cxt 0] Parser state 'parse_vlan': key is 0800
[20:17:38.873] [bmv2] [T] [thread 2236] [18.0] [cxt 0] Bytes parsed: 18
[20:17:38.873] [bmv2] [D] [thread 2236] [18.0] [cxt 0] Parser 'parser' entering state 'parse_ipv4'
[20:17:38.873] [bmv2] [D] [thread 2236] [18.0] [cxt 0] Extracting header 'ipv4'
[20:17:38.873] [bmv2] [D] [thread 2236] [18.0] [cxt 0] Parser set: setting field 'scalars.tmp' from expression, new value is 1
[20:17:38.873] [bmv2] [D] [thread 2236] [18.0] [cxt 0] Parser state 'parse_ipv4': key is 06
[20:17:38.873] [bmv2] [T] [thread 2236] [18.0] [cxt 0] Bytes parsed: 38
[20:17:38.873] [bmv2] [D] [thread 2236] [18.0] [cxt 0] Parser 'parser' entering state 'parse_ipv4_option'
[20:17:38.873] [bmv2] [D] [thread 2236] [18.0] [cxt 0] Extracting header 'ipv4_option'
[20:17:38.873] [bmv2] [D] [thread 2236] [18.0] [cxt 0] Parser state 'parse_ipv4_option': key is 1f
[20:17:38.874] [bmv2] [T] [thread 2236] [18.0] [cxt 0] Bytes parsed: 40
[20:17:38.874] [bmv2] [D] [thread 2236] [18.0] [cxt 0] Parser 'parser' entering state 'parse_link_qos'
[20:17:38.874] [bmv2] [D] [thread 2236] [18.0] [cxt 0] Extracting header 'link_qos'
[20:17:38.874] [bmv2] [D] [thread 2236] [18.0] [cxt 0] Parser state 'parse_link_qos' has no switch, going to default next state
[20:17:38.874] [bmv2] [T] [thread 2236] [18.0] [cxt 0] Bytes parsed: 42
[20:17:38.874] [bmv2] [D] [thread 2236] [18.0] [cxt 0] Parser 'parser': end
[20:17:38.874] [bmv2] [D] [thread 2236] [18.0] [cxt 0] Pipeline 'ingress': start
[20:17:38.874] [bmv2] [T] [thread 2236] [18.0] [cxt 0] qos.p4(197) Condition "hdr.ipv4.isValid()" (node_2) is true
[20:17:38.874] [bmv2] [T] [thread 2236] [18.0] [cxt 0] qos.p4(198) Condition "hdr.link_qos.link_qos == TARGET_LINK_QOS" (node_3) is true
[20:17:38.874] [bmv2] [T] [thread 2236] [18.0] [cxt 0] Applying table 'tbl_qos199'
[20:17:38.874] [bmv2] [D] [thread 2236] [18.0] [cxt 0] Looking up key:

[20:17:38.874] [bmv2] [D] [thread 2236] [18.0] [cxt 0] Table 'tbl_qos199': miss
[20:17:38.874] [bmv2] [D] [thread 2236] [18.0] [cxt 0] Action entry is qos199 - 
[20:17:38.874] [bmv2] [T] [thread 2236] [18.0] [cxt 0] Action qos199
[20:17:38.875] [bmv2] [T] [thread 2236] [18.0] [cxt 0] qos.p4(199) Primitive hdr.ipv4.diffserv = (TARGET_DSCP << 2
[20:17:38.875] [bmv2] [T] [thread 2236] [18.0] [cxt 0] qos.p4(28) Primitive 7; ...
[20:17:38.875] [bmv2] [T] [thread 2236] [18.0] [cxt 0] Applying table 'MyIngress.ipv4_lpm'
[20:17:38.875] [bmv2] [D] [thread 2236] [18.0] [cxt 0] Looking up key:
* hdr.ipv4.dstAddr    : 0a000202

[20:17:38.877] [bmv2] [D] [thread 2236] [18.0] [cxt 0] Table 'MyIngress.ipv4_lpm': hit with handle 0
[20:17:38.878] [bmv2] [D] [thread 2236] [18.0] [cxt 0] Dumping entry 0
Match key:
* hdr.ipv4.dstAddr    : LPM       0a000202/32
Action entry: MyIngress.ipv4_forward - 80000000202,2,

[20:17:38.878] [bmv2] [D] [thread 2236] [18.0] [cxt 0] Action entry is MyIngress.ipv4_forward - 80000000202,2,
[20:17:38.878] [bmv2] [T] [thread 2236] [18.0] [cxt 0] Action MyIngress.ipv4_forward
[20:17:38.878] [bmv2] [T] [thread 2236] [18.0] [cxt 0] qos.p4(175) Primitive standard_metadata.egress_spec = port
[20:17:38.878] [bmv2] [T] [thread 2236] [18.0] [cxt 0] qos.p4(176) Primitive hdr.ethernet.srcAddr = hdr.ethernet.dstAddr
[20:17:38.878] [bmv2] [T] [thread 2236] [18.0] [cxt 0] qos.p4(177) Primitive hdr.ethernet.dstAddr = dstAddr
[20:17:38.878] [bmv2] [T] [thread 2236] [18.0] [cxt 0] qos.p4(178) Primitive hdr.ipv4.ttl = hdr.ipv4.ttl - 1
[20:17:38.878] [bmv2] [D] [thread 2236] [18.0] [cxt 0] Pipeline 'ingress': end
[20:17:38.878] [bmv2] [D] [thread 2236] [18.0] [cxt 0] Egress port is 2
[20:17:38.879] [bmv2] [D] [thread 2239] [18.0] [cxt 0] Pipeline 'egress': start
[20:17:38.879] [bmv2] [D] [thread 2239] [18.0] [cxt 0] Pipeline 'egress': end
[20:17:38.879] [bmv2] [D] [thread 2239] [18.0] [cxt 0] Deparser 'deparser': start
[20:17:38.879] [bmv2] [D] [thread 2239] [18.0] [cxt 0] Updating checksum 'cksum'
[20:17:38.879] [bmv2] [D] [thread 2239] [18.0] [cxt 0] Deparsing header 'ethernet'
[20:17:38.879] [bmv2] [D] [thread 2239] [18.0] [cxt 0] Deparsing header 'vlan'
[20:17:38.879] [bmv2] [D] [thread 2239] [18.0] [cxt 0] Deparsing header 'ipv4'
[20:17:38.879] [bmv2] [D] [thread 2239] [18.0] [cxt 0] Deparsing header 'ipv4_option'
[20:17:38.879] [bmv2] [D] [thread 2239] [18.0] [cxt 0] Deparsing header 'link_qos'
[20:17:38.879] [bmv2] [D] [thread 2239] [18.0] [cxt 0] Deparser 'deparser': end
[20:17:38.879] [bmv2] [D] [thread 2241] [18.0] [cxt 0] Transmitting packet of size 50 out of port 2
[20:17:39.678] [bmv2] [D] [thread 2236] [19.0] [cxt 0] Processing packet received on port 3
[20:17:39.678] [bmv2] [D] [thread 2236] [19.0] [cxt 0] Parser 'parser': start
[20:17:39.679] [bmv2] [D] [thread 2236] [19.0] [cxt 0] Parser 'parser' entering state 'start'
[20:17:39.679] [bmv2] [D] [thread 2236] [19.0] [cxt 0] Extracting header 'ethernet'
[20:17:39.679] [bmv2] [D] [thread 2236] [19.0] [cxt 0] Parser state 'start': key is 8100
[20:17:39.679] [bmv2] [T] [thread 2236] [19.0] [cxt 0] Bytes parsed: 14
[20:17:39.679] [bmv2] [D] [thread 2236] [19.0] [cxt 0] Parser 'parser' entering state 'parse_vlan'
[20:17:39.679] [bmv2] [D] [thread 2236] [19.0] [cxt 0] Extracting header 'vlan'
[20:17:39.679] [bmv2] [D] [thread 2236] [19.0] [cxt 0] Parser state 'parse_vlan': key is 0800
[20:17:39.680] [bmv2] [T] [thread 2236] [19.0] [cxt 0] Bytes parsed: 18
[20:17:39.680] [bmv2] [D] [thread 2236] [19.0] [cxt 0] Parser 'parser' entering state 'parse_ipv4'
[20:17:39.680] [bmv2] [D] [thread 2236] [19.0] [cxt 0] Extracting header 'ipv4'
[20:17:39.680] [bmv2] [D] [thread 2236] [19.0] [cxt 0] Parser set: setting field 'scalars.tmp' from expression, new value is 1
[20:17:39.680] [bmv2] [D] [thread 2236] [19.0] [cxt 0] Parser state 'parse_ipv4': key is 05
[20:17:39.680] [bmv2] [T] [thread 2236] [19.0] [cxt 0] Bytes parsed: 38
[20:17:39.680] [bmv2] [D] [thread 2236] [19.0] [cxt 0] Parser 'parser': end
[20:17:39.680] [bmv2] [D] [thread 2236] [19.0] [cxt 0] Pipeline 'ingress': start
[20:17:39.680] [bmv2] [T] [thread 2236] [19.0] [cxt 0] qos.p4(197) Condition "hdr.ipv4.isValid()" (node_2) is true
[20:17:39.680] [bmv2] [T] [thread 2236] [19.0] [cxt 0] qos.p4(198) Condition "hdr.link_qos.link_qos == TARGET_LINK_QOS" (node_3) is true
[20:17:39.681] [bmv2] [T] [thread 2236] [19.0] [cxt 0] Applying table 'tbl_qos199'
[20:17:39.681] [bmv2] [D] [thread 2236] [19.0] [cxt 0] Looking up key:

[20:17:39.681] [bmv2] [D] [thread 2236] [19.0] [cxt 0] Table 'tbl_qos199': miss
[20:17:39.681] [bmv2] [D] [thread 2236] [19.0] [cxt 0] Action entry is qos199 - 
[20:17:39.681] [bmv2] [T] [thread 2236] [19.0] [cxt 0] Action qos199
[20:17:39.681] [bmv2] [T] [thread 2236] [19.0] [cxt 0] qos.p4(199) Primitive hdr.ipv4.diffserv = (TARGET_DSCP << 2
[20:17:39.681] [bmv2] [T] [thread 2236] [19.0] [cxt 0] qos.p4(28) Primitive 7; ...
[20:17:39.682] [bmv2] [T] [thread 2236] [19.0] [cxt 0] Applying table 'MyIngress.ipv4_lpm'
[20:17:39.682] [bmv2] [D] [thread 2236] [19.0] [cxt 0] Looking up key:
* hdr.ipv4.dstAddr    : 0a000202

[20:17:39.682] [bmv2] [D] [thread 2236] [19.0] [cxt 0] Table 'MyIngress.ipv4_lpm': hit with handle 0
[20:17:39.682] [bmv2] [D] [thread 2236] [19.0] [cxt 0] Dumping entry 0
Match key:
* hdr.ipv4.dstAddr    : LPM       0a000202/32
Action entry: MyIngress.ipv4_forward - 80000000202,2,

[20:17:39.682] [bmv2] [D] [thread 2236] [19.0] [cxt 0] Action entry is MyIngress.ipv4_forward - 80000000202,2,
[20:17:39.682] [bmv2] [T] [thread 2236] [19.0] [cxt 0] Action MyIngress.ipv4_forward
[20:17:39.682] [bmv2] [T] [thread 2236] [19.0] [cxt 0] qos.p4(175) Primitive standard_metadata.egress_spec = port
[20:17:39.682] [bmv2] [T] [thread 2236] [19.0] [cxt 0] qos.p4(176) Primitive hdr.ethernet.srcAddr = hdr.ethernet.dstAddr
[20:17:39.682] [bmv2] [T] [thread 2236] [19.0] [cxt 0] qos.p4(177) Primitive hdr.ethernet.dstAddr = dstAddr
[20:17:39.682] [bmv2] [T] [thread 2236] [19.0] [cxt 0] qos.p4(178) Primitive hdr.ipv4.ttl = hdr.ipv4.ttl - 1
[20:17:39.682] [bmv2] [D] [thread 2236] [19.0] [cxt 0] Pipeline 'ingress': end
[20:17:39.682] [bmv2] [D] [thread 2236] [19.0] [cxt 0] Egress port is 2
[20:17:39.683] [bmv2] [D] [thread 2239] [19.0] [cxt 0] Pipeline 'egress': start
[20:17:39.683] [bmv2] [D] [thread 2239] [19.0] [cxt 0] Pipeline 'egress': end
[20:17:39.683] [bmv2] [D] [thread 2239] [19.0] [cxt 0] Deparser 'deparser': start
[20:17:39.683] [bmv2] [D] [thread 2239] [19.0] [cxt 0] Updating checksum 'cksum'
[20:17:39.683] [bmv2] [D] [thread 2239] [19.0] [cxt 0] Deparsing header 'ethernet'
[20:17:39.683] [bmv2] [D] [thread 2239] [19.0] [cxt 0] Deparsing header 'vlan'
[20:17:39.683] [bmv2] [D] [thread 2239] [19.0] [cxt 0] Deparsing header 'ipv4'
[20:17:39.683] [bmv2] [D] [thread 2239] [19.0] [cxt 0] Deparser 'deparser': end
[20:17:39.684] [bmv2] [D] [thread 2241] [19.0] [cxt 0] Transmitting packet of size 46 out of port 2
[20:17:39.867] [bmv2] [D] [thread 2236] [20.0] [cxt 0] Processing packet received on port 3
[20:17:39.867] [bmv2] [D] [thread 2236] [20.0] [cxt 0] Parser 'parser': start
[20:17:39.867] [bmv2] [D] [thread 2236] [20.0] [cxt 0] Parser 'parser' entering state 'start'
[20:17:39.867] [bmv2] [D] [thread 2236] [20.0] [cxt 0] Extracting header 'ethernet'
[20:17:39.868] [bmv2] [D] [thread 2236] [20.0] [cxt 0] Parser state 'start': key is 8100
[20:17:39.868] [bmv2] [T] [thread 2236] [20.0] [cxt 0] Bytes parsed: 14
[20:17:39.868] [bmv2] [D] [thread 2236] [20.0] [cxt 0] Parser 'parser' entering state 'parse_vlan'
[20:17:39.868] [bmv2] [D] [thread 2236] [20.0] [cxt 0] Extracting header 'vlan'
[20:17:39.868] [bmv2] [D] [thread 2236] [20.0] [cxt 0] Parser state 'parse_vlan': key is 0800
[20:17:39.868] [bmv2] [T] [thread 2236] [20.0] [cxt 0] Bytes parsed: 18
[20:17:39.868] [bmv2] [D] [thread 2236] [20.0] [cxt 0] Parser 'parser' entering state 'parse_ipv4'
[20:17:39.868] [bmv2] [D] [thread 2236] [20.0] [cxt 0] Extracting header 'ipv4'
[20:17:39.868] [bmv2] [D] [thread 2236] [20.0] [cxt 0] Parser set: setting field 'scalars.tmp' from expression, new value is 1
[20:17:39.868] [bmv2] [D] [thread 2236] [20.0] [cxt 0] Parser state 'parse_ipv4': key is 06
[20:17:39.868] [bmv2] [T] [thread 2236] [20.0] [cxt 0] Bytes parsed: 38
[20:17:39.868] [bmv2] [D] [thread 2236] [20.0] [cxt 0] Parser 'parser' entering state 'parse_ipv4_option'
[20:17:39.868] [bmv2] [D] [thread 2236] [20.0] [cxt 0] Extracting header 'ipv4_option'
[20:17:39.869] [bmv2] [D] [thread 2236] [20.0] [cxt 0] Parser state 'parse_ipv4_option': key is 1f
[20:17:39.869] [bmv2] [T] [thread 2236] [20.0] [cxt 0] Bytes parsed: 40
[20:17:39.869] [bmv2] [D] [thread 2236] [20.0] [cxt 0] Parser 'parser' entering state 'parse_link_qos'
[20:17:39.869] [bmv2] [D] [thread 2236] [20.0] [cxt 0] Extracting header 'link_qos'
[20:17:39.869] [bmv2] [D] [thread 2236] [20.0] [cxt 0] Parser state 'parse_link_qos' has no switch, going to default next state
[20:17:39.869] [bmv2] [T] [thread 2236] [20.0] [cxt 0] Bytes parsed: 42
[20:17:39.869] [bmv2] [D] [thread 2236] [20.0] [cxt 0] Parser 'parser': end
[20:17:39.869] [bmv2] [D] [thread 2236] [20.0] [cxt 0] Pipeline 'ingress': start
[20:17:39.869] [bmv2] [T] [thread 2236] [20.0] [cxt 0] qos.p4(197) Condition "hdr.ipv4.isValid()" (node_2) is true
[20:17:39.869] [bmv2] [T] [thread 2236] [20.0] [cxt 0] qos.p4(198) Condition "hdr.link_qos.link_qos == TARGET_LINK_QOS" (node_3) is true
[20:17:39.869] [bmv2] [T] [thread 2236] [20.0] [cxt 0] Applying table 'tbl_qos199'
[20:17:39.869] [bmv2] [D] [thread 2236] [20.0] [cxt 0] Looking up key:

[20:17:39.869] [bmv2] [D] [thread 2236] [20.0] [cxt 0] Table 'tbl_qos199': miss
[20:17:39.869] [bmv2] [D] [thread 2236] [20.0] [cxt 0] Action entry is qos199 - 
[20:17:39.869] [bmv2] [T] [thread 2236] [20.0] [cxt 0] Action qos199
[20:17:39.869] [bmv2] [T] [thread 2236] [20.0] [cxt 0] qos.p4(199) Primitive hdr.ipv4.diffserv = (TARGET_DSCP << 2
[20:17:39.869] [bmv2] [T] [thread 2236] [20.0] [cxt 0] qos.p4(28) Primitive 7; ...
[20:17:39.869] [bmv2] [T] [thread 2236] [20.0] [cxt 0] Applying table 'MyIngress.ipv4_lpm'
[20:17:39.870] [bmv2] [D] [thread 2236] [20.0] [cxt 0] Looking up key:
* hdr.ipv4.dstAddr    : 0a000202

[20:17:39.870] [bmv2] [D] [thread 2236] [20.0] [cxt 0] Table 'MyIngress.ipv4_lpm': hit with handle 0
[20:17:39.870] [bmv2] [D] [thread 2236] [20.0] [cxt 0] Dumping entry 0
Match key:
* hdr.ipv4.dstAddr    : LPM       0a000202/32
Action entry: MyIngress.ipv4_forward - 80000000202,2,

[20:17:39.870] [bmv2] [D] [thread 2236] [20.0] [cxt 0] Action entry is MyIngress.ipv4_forward - 80000000202,2,
[20:17:39.870] [bmv2] [T] [thread 2236] [20.0] [cxt 0] Action MyIngress.ipv4_forward
[20:17:39.870] [bmv2] [T] [thread 2236] [20.0] [cxt 0] qos.p4(175) Primitive standard_metadata.egress_spec = port
[20:17:39.870] [bmv2] [T] [thread 2236] [20.0] [cxt 0] qos.p4(176) Primitive hdr.ethernet.srcAddr = hdr.ethernet.dstAddr
[20:17:39.870] [bmv2] [T] [thread 2236] [20.0] [cxt 0] qos.p4(177) Primitive hdr.ethernet.dstAddr = dstAddr
[20:17:39.870] [bmv2] [T] [thread 2236] [20.0] [cxt 0] qos.p4(178) Primitive hdr.ipv4.ttl = hdr.ipv4.ttl - 1
[20:17:39.870] [bmv2] [D] [thread 2236] [20.0] [cxt 0] Pipeline 'ingress': end
[20:17:39.870] [bmv2] [D] [thread 2236] [20.0] [cxt 0] Egress port is 2
[20:17:39.871] [bmv2] [D] [thread 2239] [20.0] [cxt 0] Pipeline 'egress': start
[20:17:39.871] [bmv2] [D] [thread 2239] [20.0] [cxt 0] Pipeline 'egress': end
[20:17:39.871] [bmv2] [D] [thread 2239] [20.0] [cxt 0] Deparser 'deparser': start
[20:17:39.871] [bmv2] [D] [thread 2239] [20.0] [cxt 0] Updating checksum 'cksum'
[20:17:39.871] [bmv2] [D] [thread 2239] [20.0] [cxt 0] Deparsing header 'ethernet'
[20:17:39.871] [bmv2] [D] [thread 2239] [20.0] [cxt 0] Deparsing header 'vlan'
[20:17:39.871] [bmv2] [D] [thread 2239] [20.0] [cxt 0] Deparsing header 'ipv4'
[20:17:39.871] [bmv2] [D] [thread 2239] [20.0] [cxt 0] Deparsing header 'ipv4_option'
[20:17:39.871] [bmv2] [D] [thread 2239] [20.0] [cxt 0] Deparsing header 'link_qos'
[20:17:39.871] [bmv2] [D] [thread 2239] [20.0] [cxt 0] Deparser 'deparser': end
[20:17:39.871] [bmv2] [D] [thread 2241] [20.0] [cxt 0] Transmitting packet of size 50 out of port 2
[20:17:40.708] [bmv2] [D] [thread 2236] [21.0] [cxt 0] Processing packet received on port 3
[20:17:40.709] [bmv2] [D] [thread 2236] [21.0] [cxt 0] Parser 'parser': start
[20:17:40.709] [bmv2] [D] [thread 2236] [21.0] [cxt 0] Parser 'parser' entering state 'start'
[20:17:40.709] [bmv2] [D] [thread 2236] [21.0] [cxt 0] Extracting header 'ethernet'
[20:17:40.710] [bmv2] [D] [thread 2236] [21.0] [cxt 0] Parser state 'start': key is 8100
[20:17:40.710] [bmv2] [T] [thread 2236] [21.0] [cxt 0] Bytes parsed: 14
[20:17:40.710] [bmv2] [D] [thread 2236] [21.0] [cxt 0] Parser 'parser' entering state 'parse_vlan'
[20:17:40.710] [bmv2] [D] [thread 2236] [21.0] [cxt 0] Extracting header 'vlan'
[20:17:40.710] [bmv2] [D] [thread 2236] [21.0] [cxt 0] Parser state 'parse_vlan': key is 0800
[20:17:40.710] [bmv2] [T] [thread 2236] [21.0] [cxt 0] Bytes parsed: 18
[20:17:40.710] [bmv2] [D] [thread 2236] [21.0] [cxt 0] Parser 'parser' entering state 'parse_ipv4'
[20:17:40.710] [bmv2] [D] [thread 2236] [21.0] [cxt 0] Extracting header 'ipv4'
[20:17:40.710] [bmv2] [D] [thread 2236] [21.0] [cxt 0] Parser set: setting field 'scalars.tmp' from expression, new value is 1
[20:17:40.711] [bmv2] [D] [thread 2236] [21.0] [cxt 0] Parser state 'parse_ipv4': key is 05
[20:17:40.711] [bmv2] [T] [thread 2236] [21.0] [cxt 0] Bytes parsed: 38
[20:17:40.711] [bmv2] [D] [thread 2236] [21.0] [cxt 0] Parser 'parser': end
[20:17:40.711] [bmv2] [D] [thread 2236] [21.0] [cxt 0] Pipeline 'ingress': start
[20:17:40.711] [bmv2] [T] [thread 2236] [21.0] [cxt 0] qos.p4(197) Condition "hdr.ipv4.isValid()" (node_2) is true
[20:17:40.711] [bmv2] [T] [thread 2236] [21.0] [cxt 0] qos.p4(198) Condition "hdr.link_qos.link_qos == TARGET_LINK_QOS" (node_3) is true
[20:17:40.711] [bmv2] [T] [thread 2236] [21.0] [cxt 0] Applying table 'tbl_qos199'
[20:17:40.711] [bmv2] [D] [thread 2236] [21.0] [cxt 0] Looking up key:

[20:17:40.711] [bmv2] [D] [thread 2236] [21.0] [cxt 0] Table 'tbl_qos199': miss
[20:17:40.711] [bmv2] [D] [thread 2236] [21.0] [cxt 0] Action entry is qos199 - 
[20:17:40.712] [bmv2] [T] [thread 2236] [21.0] [cxt 0] Action qos199
[20:17:40.712] [bmv2] [T] [thread 2236] [21.0] [cxt 0] qos.p4(199) Primitive hdr.ipv4.diffserv = (TARGET_DSCP << 2
[20:17:40.712] [bmv2] [T] [thread 2236] [21.0] [cxt 0] qos.p4(28) Primitive 7; ...
[20:17:40.712] [bmv2] [T] [thread 2236] [21.0] [cxt 0] Applying table 'MyIngress.ipv4_lpm'
[20:17:40.712] [bmv2] [D] [thread 2236] [21.0] [cxt 0] Looking up key:
* hdr.ipv4.dstAddr    : 0a000202

[20:17:40.713] [bmv2] [D] [thread 2236] [21.0] [cxt 0] Table 'MyIngress.ipv4_lpm': hit with handle 0
[20:17:40.713] [bmv2] [D] [thread 2236] [21.0] [cxt 0] Dumping entry 0
Match key:
* hdr.ipv4.dstAddr    : LPM       0a000202/32
Action entry: MyIngress.ipv4_forward - 80000000202,2,

[20:17:40.713] [bmv2] [D] [thread 2236] [21.0] [cxt 0] Action entry is MyIngress.ipv4_forward - 80000000202,2,
[20:17:40.713] [bmv2] [T] [thread 2236] [21.0] [cxt 0] Action MyIngress.ipv4_forward
[20:17:40.713] [bmv2] [T] [thread 2236] [21.0] [cxt 0] qos.p4(175) Primitive standard_metadata.egress_spec = port
[20:17:40.713] [bmv2] [T] [thread 2236] [21.0] [cxt 0] qos.p4(176) Primitive hdr.ethernet.srcAddr = hdr.ethernet.dstAddr
[20:17:40.713] [bmv2] [T] [thread 2236] [21.0] [cxt 0] qos.p4(177) Primitive hdr.ethernet.dstAddr = dstAddr
[20:17:40.713] [bmv2] [T] [thread 2236] [21.0] [cxt 0] qos.p4(178) Primitive hdr.ipv4.ttl = hdr.ipv4.ttl - 1
[20:17:40.713] [bmv2] [D] [thread 2236] [21.0] [cxt 0] Pipeline 'ingress': end
[20:17:40.713] [bmv2] [D] [thread 2236] [21.0] [cxt 0] Egress port is 2
[20:17:40.714] [bmv2] [D] [thread 2239] [21.0] [cxt 0] Pipeline 'egress': start
[20:17:40.714] [bmv2] [D] [thread 2239] [21.0] [cxt 0] Pipeline 'egress': end
[20:17:40.714] [bmv2] [D] [thread 2239] [21.0] [cxt 0] Deparser 'deparser': start
[20:17:40.714] [bmv2] [D] [thread 2239] [21.0] [cxt 0] Updating checksum 'cksum'
[20:17:40.714] [bmv2] [D] [thread 2239] [21.0] [cxt 0] Deparsing header 'ethernet'
[20:17:40.714] [bmv2] [D] [thread 2239] [21.0] [cxt 0] Deparsing header 'vlan'
[20:17:40.715] [bmv2] [D] [thread 2239] [21.0] [cxt 0] Deparsing header 'ipv4'
[20:17:40.715] [bmv2] [D] [thread 2239] [21.0] [cxt 0] Deparser 'deparser': end
[20:17:40.715] [bmv2] [D] [thread 2241] [21.0] [cxt 0] Transmitting packet of size 46 out of port 2
[20:17:40.892] [bmv2] [D] [thread 2236] [22.0] [cxt 0] Processing packet received on port 3
[20:17:40.892] [bmv2] [D] [thread 2236] [22.0] [cxt 0] Parser 'parser': start
[20:17:40.892] [bmv2] [D] [thread 2236] [22.0] [cxt 0] Parser 'parser' entering state 'start'
[20:17:40.892] [bmv2] [D] [thread 2236] [22.0] [cxt 0] Extracting header 'ethernet'
[20:17:40.893] [bmv2] [D] [thread 2236] [22.0] [cxt 0] Parser state 'start': key is 8100
[20:17:40.893] [bmv2] [T] [thread 2236] [22.0] [cxt 0] Bytes parsed: 14
[20:17:40.893] [bmv2] [D] [thread 2236] [22.0] [cxt 0] Parser 'parser' entering state 'parse_vlan'
[20:17:40.893] [bmv2] [D] [thread 2236] [22.0] [cxt 0] Extracting header 'vlan'
[20:17:40.893] [bmv2] [D] [thread 2236] [22.0] [cxt 0] Parser state 'parse_vlan': key is 0800
[20:17:40.893] [bmv2] [T] [thread 2236] [22.0] [cxt 0] Bytes parsed: 18
[20:17:40.893] [bmv2] [D] [thread 2236] [22.0] [cxt 0] Parser 'parser' entering state 'parse_ipv4'
[20:17:40.893] [bmv2] [D] [thread 2236] [22.0] [cxt 0] Extracting header 'ipv4'
[20:17:40.893] [bmv2] [D] [thread 2236] [22.0] [cxt 0] Parser set: setting field 'scalars.tmp' from expression, new value is 1
[20:17:40.893] [bmv2] [D] [thread 2236] [22.0] [cxt 0] Parser state 'parse_ipv4': key is 06
[20:17:40.893] [bmv2] [T] [thread 2236] [22.0] [cxt 0] Bytes parsed: 38
[20:17:40.893] [bmv2] [D] [thread 2236] [22.0] [cxt 0] Parser 'parser' entering state 'parse_ipv4_option'
[20:17:40.893] [bmv2] [D] [thread 2236] [22.0] [cxt 0] Extracting header 'ipv4_option'
[20:17:40.894] [bmv2] [D] [thread 2236] [22.0] [cxt 0] Parser state 'parse_ipv4_option': key is 1f
[20:17:40.894] [bmv2] [T] [thread 2236] [22.0] [cxt 0] Bytes parsed: 40
[20:17:40.894] [bmv2] [D] [thread 2236] [22.0] [cxt 0] Parser 'parser' entering state 'parse_link_qos'
[20:17:40.894] [bmv2] [D] [thread 2236] [22.0] [cxt 0] Extracting header 'link_qos'
[20:17:40.894] [bmv2] [D] [thread 2236] [22.0] [cxt 0] Parser state 'parse_link_qos' has no switch, going to default next state
[20:17:40.894] [bmv2] [T] [thread 2236] [22.0] [cxt 0] Bytes parsed: 42
[20:17:40.894] [bmv2] [D] [thread 2236] [22.0] [cxt 0] Parser 'parser': end
[20:17:40.894] [bmv2] [D] [thread 2236] [22.0] [cxt 0] Pipeline 'ingress': start
[20:17:40.894] [bmv2] [T] [thread 2236] [22.0] [cxt 0] qos.p4(197) Condition "hdr.ipv4.isValid()" (node_2) is true
[20:17:40.894] [bmv2] [T] [thread 2236] [22.0] [cxt 0] qos.p4(198) Condition "hdr.link_qos.link_qos == TARGET_LINK_QOS" (node_3) is true
[20:17:40.894] [bmv2] [T] [thread 2236] [22.0] [cxt 0] Applying table 'tbl_qos199'
[20:17:40.894] [bmv2] [D] [thread 2236] [22.0] [cxt 0] Looking up key:

[20:17:40.894] [bmv2] [D] [thread 2236] [22.0] [cxt 0] Table 'tbl_qos199': miss
[20:17:40.894] [bmv2] [D] [thread 2236] [22.0] [cxt 0] Action entry is qos199 - 
[20:17:40.894] [bmv2] [T] [thread 2236] [22.0] [cxt 0] Action qos199
[20:17:40.894] [bmv2] [T] [thread 2236] [22.0] [cxt 0] qos.p4(199) Primitive hdr.ipv4.diffserv = (TARGET_DSCP << 2
[20:17:40.894] [bmv2] [T] [thread 2236] [22.0] [cxt 0] qos.p4(28) Primitive 7; ...
[20:17:40.894] [bmv2] [T] [thread 2236] [22.0] [cxt 0] Applying table 'MyIngress.ipv4_lpm'
[20:17:40.895] [bmv2] [D] [thread 2236] [22.0] [cxt 0] Looking up key:
* hdr.ipv4.dstAddr    : 0a000202

[20:17:40.895] [bmv2] [D] [thread 2236] [22.0] [cxt 0] Table 'MyIngress.ipv4_lpm': hit with handle 0
[20:17:40.895] [bmv2] [D] [thread 2236] [22.0] [cxt 0] Dumping entry 0
Match key:
* hdr.ipv4.dstAddr    : LPM       0a000202/32
Action entry: MyIngress.ipv4_forward - 80000000202,2,

[20:17:40.895] [bmv2] [D] [thread 2236] [22.0] [cxt 0] Action entry is MyIngress.ipv4_forward - 80000000202,2,
[20:17:40.895] [bmv2] [T] [thread 2236] [22.0] [cxt 0] Action MyIngress.ipv4_forward
[20:17:40.895] [bmv2] [T] [thread 2236] [22.0] [cxt 0] qos.p4(175) Primitive standard_metadata.egress_spec = port
[20:17:40.895] [bmv2] [T] [thread 2236] [22.0] [cxt 0] qos.p4(176) Primitive hdr.ethernet.srcAddr = hdr.ethernet.dstAddr
[20:17:40.895] [bmv2] [T] [thread 2236] [22.0] [cxt 0] qos.p4(177) Primitive hdr.ethernet.dstAddr = dstAddr
[20:17:40.896] [bmv2] [T] [thread 2236] [22.0] [cxt 0] qos.p4(178) Primitive hdr.ipv4.ttl = hdr.ipv4.ttl - 1
[20:17:40.896] [bmv2] [D] [thread 2236] [22.0] [cxt 0] Pipeline 'ingress': end
[20:17:40.896] [bmv2] [D] [thread 2236] [22.0] [cxt 0] Egress port is 2
[20:17:40.896] [bmv2] [D] [thread 2239] [22.0] [cxt 0] Pipeline 'egress': start
[20:17:40.897] [bmv2] [D] [thread 2239] [22.0] [cxt 0] Pipeline 'egress': end
[20:17:40.897] [bmv2] [D] [thread 2239] [22.0] [cxt 0] Deparser 'deparser': start
[20:17:40.897] [bmv2] [D] [thread 2239] [22.0] [cxt 0] Updating checksum 'cksum'
[20:17:40.897] [bmv2] [D] [thread 2239] [22.0] [cxt 0] Deparsing header 'ethernet'
[20:17:40.897] [bmv2] [D] [thread 2239] [22.0] [cxt 0] Deparsing header 'vlan'
[20:17:40.897] [bmv2] [D] [thread 2239] [22.0] [cxt 0] Deparsing header 'ipv4'
[20:17:40.897] [bmv2] [D] [thread 2239] [22.0] [cxt 0] Deparsing header 'ipv4_option'
[20:17:40.897] [bmv2] [D] [thread 2239] [22.0] [cxt 0] Deparsing header 'link_qos'
[20:17:40.897] [bmv2] [D] [thread 2239] [22.0] [cxt 0] Deparser 'deparser': end
[20:17:40.897] [bmv2] [D] [thread 2241] [22.0] [cxt 0] Transmitting packet of size 50 out of port 2
[20:17:41.736] [bmv2] [D] [thread 2236] [23.0] [cxt 0] Processing packet received on port 3
[20:17:41.737] [bmv2] [D] [thread 2236] [23.0] [cxt 0] Parser 'parser': start
[20:17:41.737] [bmv2] [D] [thread 2236] [23.0] [cxt 0] Parser 'parser' entering state 'start'
[20:17:41.737] [bmv2] [D] [thread 2236] [23.0] [cxt 0] Extracting header 'ethernet'
[20:17:41.737] [bmv2] [D] [thread 2236] [23.0] [cxt 0] Parser state 'start': key is 8100
[20:17:41.737] [bmv2] [T] [thread 2236] [23.0] [cxt 0] Bytes parsed: 14
[20:17:41.737] [bmv2] [D] [thread 2236] [23.0] [cxt 0] Parser 'parser' entering state 'parse_vlan'
[20:17:41.737] [bmv2] [D] [thread 2236] [23.0] [cxt 0] Extracting header 'vlan'
[20:17:41.738] [bmv2] [D] [thread 2236] [23.0] [cxt 0] Parser state 'parse_vlan': key is 0800
[20:17:41.738] [bmv2] [T] [thread 2236] [23.0] [cxt 0] Bytes parsed: 18
[20:17:41.738] [bmv2] [D] [thread 2236] [23.0] [cxt 0] Parser 'parser' entering state 'parse_ipv4'
[20:17:41.738] [bmv2] [D] [thread 2236] [23.0] [cxt 0] Extracting header 'ipv4'
[20:17:41.738] [bmv2] [D] [thread 2236] [23.0] [cxt 0] Parser set: setting field 'scalars.tmp' from expression, new value is 1
[20:17:41.738] [bmv2] [D] [thread 2236] [23.0] [cxt 0] Parser state 'parse_ipv4': key is 05
[20:17:41.738] [bmv2] [T] [thread 2236] [23.0] [cxt 0] Bytes parsed: 38
[20:17:41.738] [bmv2] [D] [thread 2236] [23.0] [cxt 0] Parser 'parser': end
[20:17:41.738] [bmv2] [D] [thread 2236] [23.0] [cxt 0] Pipeline 'ingress': start
[20:17:41.739] [bmv2] [T] [thread 2236] [23.0] [cxt 0] qos.p4(197) Condition "hdr.ipv4.isValid()" (node_2) is true
[20:17:41.739] [bmv2] [T] [thread 2236] [23.0] [cxt 0] qos.p4(198) Condition "hdr.link_qos.link_qos == TARGET_LINK_QOS" (node_3) is true
[20:17:41.739] [bmv2] [T] [thread 2236] [23.0] [cxt 0] Applying table 'tbl_qos199'
[20:17:41.739] [bmv2] [D] [thread 2236] [23.0] [cxt 0] Looking up key:

[20:17:41.739] [bmv2] [D] [thread 2236] [23.0] [cxt 0] Table 'tbl_qos199': miss
[20:17:41.739] [bmv2] [D] [thread 2236] [23.0] [cxt 0] Action entry is qos199 - 
[20:17:41.739] [bmv2] [T] [thread 2236] [23.0] [cxt 0] Action qos199
[20:17:41.739] [bmv2] [T] [thread 2236] [23.0] [cxt 0] qos.p4(199) Primitive hdr.ipv4.diffserv = (TARGET_DSCP << 2
[20:17:41.739] [bmv2] [T] [thread 2236] [23.0] [cxt 0] qos.p4(28) Primitive 7; ...
[20:17:41.739] [bmv2] [T] [thread 2236] [23.0] [cxt 0] Applying table 'MyIngress.ipv4_lpm'
[20:17:41.739] [bmv2] [D] [thread 2236] [23.0] [cxt 0] Looking up key:
* hdr.ipv4.dstAddr    : 0a000202

[20:17:41.740] [bmv2] [D] [thread 2236] [23.0] [cxt 0] Table 'MyIngress.ipv4_lpm': hit with handle 0
[20:17:41.741] [bmv2] [D] [thread 2236] [23.0] [cxt 0] Dumping entry 0
Match key:
* hdr.ipv4.dstAddr    : LPM       0a000202/32
Action entry: MyIngress.ipv4_forward - 80000000202,2,

[20:17:41.741] [bmv2] [D] [thread 2236] [23.0] [cxt 0] Action entry is MyIngress.ipv4_forward - 80000000202,2,
[20:17:41.741] [bmv2] [T] [thread 2236] [23.0] [cxt 0] Action MyIngress.ipv4_forward
[20:17:41.741] [bmv2] [T] [thread 2236] [23.0] [cxt 0] qos.p4(175) Primitive standard_metadata.egress_spec = port
[20:17:41.741] [bmv2] [T] [thread 2236] [23.0] [cxt 0] qos.p4(176) Primitive hdr.ethernet.srcAddr = hdr.ethernet.dstAddr
[20:17:41.741] [bmv2] [T] [thread 2236] [23.0] [cxt 0] qos.p4(177) Primitive hdr.ethernet.dstAddr = dstAddr
[20:17:41.741] [bmv2] [T] [thread 2236] [23.0] [cxt 0] qos.p4(178) Primitive hdr.ipv4.ttl = hdr.ipv4.ttl - 1
[20:17:41.742] [bmv2] [D] [thread 2236] [23.0] [cxt 0] Pipeline 'ingress': end
[20:17:41.742] [bmv2] [D] [thread 2236] [23.0] [cxt 0] Egress port is 2
[20:17:41.742] [bmv2] [D] [thread 2239] [23.0] [cxt 0] Pipeline 'egress': start
[20:17:41.742] [bmv2] [D] [thread 2239] [23.0] [cxt 0] Pipeline 'egress': end
[20:17:41.742] [bmv2] [D] [thread 2239] [23.0] [cxt 0] Deparser 'deparser': start
[20:17:41.742] [bmv2] [D] [thread 2239] [23.0] [cxt 0] Updating checksum 'cksum'
[20:17:41.742] [bmv2] [D] [thread 2239] [23.0] [cxt 0] Deparsing header 'ethernet'
[20:17:41.742] [bmv2] [D] [thread 2239] [23.0] [cxt 0] Deparsing header 'vlan'
[20:17:41.742] [bmv2] [D] [thread 2239] [23.0] [cxt 0] Deparsing header 'ipv4'
[20:17:41.742] [bmv2] [D] [thread 2239] [23.0] [cxt 0] Deparser 'deparser': end
[20:17:41.743] [bmv2] [D] [thread 2241] [23.0] [cxt 0] Transmitting packet of size 46 out of port 2
[20:17:41.907] [bmv2] [D] [thread 2236] [24.0] [cxt 0] Processing packet received on port 3
[20:17:41.908] [bmv2] [D] [thread 2236] [24.0] [cxt 0] Parser 'parser': start
[20:17:41.908] [bmv2] [D] [thread 2236] [24.0] [cxt 0] Parser 'parser' entering state 'start'
[20:17:41.908] [bmv2] [D] [thread 2236] [24.0] [cxt 0] Extracting header 'ethernet'
[20:17:41.908] [bmv2] [D] [thread 2236] [24.0] [cxt 0] Parser state 'start': key is 8100
[20:17:41.908] [bmv2] [T] [thread 2236] [24.0] [cxt 0] Bytes parsed: 14
[20:17:41.908] [bmv2] [D] [thread 2236] [24.0] [cxt 0] Parser 'parser' entering state 'parse_vlan'
[20:17:41.908] [bmv2] [D] [thread 2236] [24.0] [cxt 0] Extracting header 'vlan'
[20:17:41.908] [bmv2] [D] [thread 2236] [24.0] [cxt 0] Parser state 'parse_vlan': key is 0800
[20:17:41.908] [bmv2] [T] [thread 2236] [24.0] [cxt 0] Bytes parsed: 18
[20:17:41.908] [bmv2] [D] [thread 2236] [24.0] [cxt 0] Parser 'parser' entering state 'parse_ipv4'
[20:17:41.908] [bmv2] [D] [thread 2236] [24.0] [cxt 0] Extracting header 'ipv4'
[20:17:41.908] [bmv2] [D] [thread 2236] [24.0] [cxt 0] Parser set: setting field 'scalars.tmp' from expression, new value is 1
[20:17:41.908] [bmv2] [D] [thread 2236] [24.0] [cxt 0] Parser state 'parse_ipv4': key is 06
[20:17:41.908] [bmv2] [T] [thread 2236] [24.0] [cxt 0] Bytes parsed: 38
[20:17:41.908] [bmv2] [D] [thread 2236] [24.0] [cxt 0] Parser 'parser' entering state 'parse_ipv4_option'
[20:17:41.908] [bmv2] [D] [thread 2236] [24.0] [cxt 0] Extracting header 'ipv4_option'
[20:17:41.909] [bmv2] [D] [thread 2236] [24.0] [cxt 0] Parser state 'parse_ipv4_option': key is 1f
[20:17:41.909] [bmv2] [T] [thread 2236] [24.0] [cxt 0] Bytes parsed: 40
[20:17:41.909] [bmv2] [D] [thread 2236] [24.0] [cxt 0] Parser 'parser' entering state 'parse_link_qos'
[20:17:41.909] [bmv2] [D] [thread 2236] [24.0] [cxt 0] Extracting header 'link_qos'
[20:17:41.909] [bmv2] [D] [thread 2236] [24.0] [cxt 0] Parser state 'parse_link_qos' has no switch, going to default next state
[20:17:41.909] [bmv2] [T] [thread 2236] [24.0] [cxt 0] Bytes parsed: 42
[20:17:41.909] [bmv2] [D] [thread 2236] [24.0] [cxt 0] Parser 'parser': end
[20:17:41.909] [bmv2] [D] [thread 2236] [24.0] [cxt 0] Pipeline 'ingress': start
[20:17:41.909] [bmv2] [T] [thread 2236] [24.0] [cxt 0] qos.p4(197) Condition "hdr.ipv4.isValid()" (node_2) is true
[20:17:41.910] [bmv2] [T] [thread 2236] [24.0] [cxt 0] qos.p4(198) Condition "hdr.link_qos.link_qos == TARGET_LINK_QOS" (node_3) is true
[20:17:41.910] [bmv2] [T] [thread 2236] [24.0] [cxt 0] Applying table 'tbl_qos199'
[20:17:41.910] [bmv2] [D] [thread 2236] [24.0] [cxt 0] Looking up key:

[20:17:41.910] [bmv2] [D] [thread 2236] [24.0] [cxt 0] Table 'tbl_qos199': miss
[20:17:41.910] [bmv2] [D] [thread 2236] [24.0] [cxt 0] Action entry is qos199 - 
[20:17:41.910] [bmv2] [T] [thread 2236] [24.0] [cxt 0] Action qos199
[20:17:41.910] [bmv2] [T] [thread 2236] [24.0] [cxt 0] qos.p4(199) Primitive hdr.ipv4.diffserv = (TARGET_DSCP << 2
[20:17:41.910] [bmv2] [T] [thread 2236] [24.0] [cxt 0] qos.p4(28) Primitive 7; ...
[20:17:41.910] [bmv2] [T] [thread 2236] [24.0] [cxt 0] Applying table 'MyIngress.ipv4_lpm'
[20:17:41.911] [bmv2] [D] [thread 2236] [24.0] [cxt 0] Looking up key:
* hdr.ipv4.dstAddr    : 0a000202

[20:17:41.911] [bmv2] [D] [thread 2236] [24.0] [cxt 0] Table 'MyIngress.ipv4_lpm': hit with handle 0
[20:17:41.912] [bmv2] [D] [thread 2236] [24.0] [cxt 0] Dumping entry 0
Match key:
* hdr.ipv4.dstAddr    : LPM       0a000202/32
Action entry: MyIngress.ipv4_forward - 80000000202,2,

[20:17:41.912] [bmv2] [D] [thread 2236] [24.0] [cxt 0] Action entry is MyIngress.ipv4_forward - 80000000202,2,
[20:17:41.912] [bmv2] [T] [thread 2236] [24.0] [cxt 0] Action MyIngress.ipv4_forward
[20:17:41.912] [bmv2] [T] [thread 2236] [24.0] [cxt 0] qos.p4(175) Primitive standard_metadata.egress_spec = port
[20:17:41.912] [bmv2] [T] [thread 2236] [24.0] [cxt 0] qos.p4(176) Primitive hdr.ethernet.srcAddr = hdr.ethernet.dstAddr
[20:17:41.912] [bmv2] [T] [thread 2236] [24.0] [cxt 0] qos.p4(177) Primitive hdr.ethernet.dstAddr = dstAddr
[20:17:41.912] [bmv2] [T] [thread 2236] [24.0] [cxt 0] qos.p4(178) Primitive hdr.ipv4.ttl = hdr.ipv4.ttl - 1
[20:17:41.912] [bmv2] [D] [thread 2236] [24.0] [cxt 0] Pipeline 'ingress': end
[20:17:41.912] [bmv2] [D] [thread 2236] [24.0] [cxt 0] Egress port is 2
[20:17:41.912] [bmv2] [D] [thread 2239] [24.0] [cxt 0] Pipeline 'egress': start
[20:17:41.912] [bmv2] [D] [thread 2239] [24.0] [cxt 0] Pipeline 'egress': end
[20:17:41.912] [bmv2] [D] [thread 2239] [24.0] [cxt 0] Deparser 'deparser': start
[20:17:41.912] [bmv2] [D] [thread 2239] [24.0] [cxt 0] Updating checksum 'cksum'
[20:17:41.912] [bmv2] [D] [thread 2239] [24.0] [cxt 0] Deparsing header 'ethernet'
[20:17:41.912] [bmv2] [D] [thread 2239] [24.0] [cxt 0] Deparsing header 'vlan'
[20:17:41.912] [bmv2] [D] [thread 2239] [24.0] [cxt 0] Deparsing header 'ipv4'
[20:17:41.912] [bmv2] [D] [thread 2239] [24.0] [cxt 0] Deparsing header 'ipv4_option'
[20:17:41.913] [bmv2] [D] [thread 2239] [24.0] [cxt 0] Deparsing header 'link_qos'
[20:17:41.913] [bmv2] [D] [thread 2239] [24.0] [cxt 0] Deparser 'deparser': end
[20:17:41.913] [bmv2] [D] [thread 2241] [24.0] [cxt 0] Transmitting packet of size 50 out of port 2
[20:17:42.769] [bmv2] [D] [thread 2236] [25.0] [cxt 0] Processing packet received on port 3
[20:17:42.769] [bmv2] [D] [thread 2236] [25.0] [cxt 0] Parser 'parser': start
[20:17:42.769] [bmv2] [D] [thread 2236] [25.0] [cxt 0] Parser 'parser' entering state 'start'
[20:17:42.769] [bmv2] [D] [thread 2236] [25.0] [cxt 0] Extracting header 'ethernet'
[20:17:42.770] [bmv2] [D] [thread 2236] [25.0] [cxt 0] Parser state 'start': key is 8100
[20:17:42.770] [bmv2] [T] [thread 2236] [25.0] [cxt 0] Bytes parsed: 14
[20:17:42.770] [bmv2] [D] [thread 2236] [25.0] [cxt 0] Parser 'parser' entering state 'parse_vlan'
[20:17:42.770] [bmv2] [D] [thread 2236] [25.0] [cxt 0] Extracting header 'vlan'
[20:17:42.770] [bmv2] [D] [thread 2236] [25.0] [cxt 0] Parser state 'parse_vlan': key is 0800
[20:17:42.770] [bmv2] [T] [thread 2236] [25.0] [cxt 0] Bytes parsed: 18
[20:17:42.770] [bmv2] [D] [thread 2236] [25.0] [cxt 0] Parser 'parser' entering state 'parse_ipv4'
[20:17:42.770] [bmv2] [D] [thread 2236] [25.0] [cxt 0] Extracting header 'ipv4'
[20:17:42.771] [bmv2] [D] [thread 2236] [25.0] [cxt 0] Parser set: setting field 'scalars.tmp' from expression, new value is 1
[20:17:42.771] [bmv2] [D] [thread 2236] [25.0] [cxt 0] Parser state 'parse_ipv4': key is 05
[20:17:42.771] [bmv2] [T] [thread 2236] [25.0] [cxt 0] Bytes parsed: 38
[20:17:42.772] [bmv2] [D] [thread 2236] [25.0] [cxt 0] Parser 'parser': end
[20:17:42.772] [bmv2] [D] [thread 2236] [25.0] [cxt 0] Pipeline 'ingress': start
[20:17:42.772] [bmv2] [T] [thread 2236] [25.0] [cxt 0] qos.p4(197) Condition "hdr.ipv4.isValid()" (node_2) is true
[20:17:42.772] [bmv2] [T] [thread 2236] [25.0] [cxt 0] qos.p4(198) Condition "hdr.link_qos.link_qos == TARGET_LINK_QOS" (node_3) is true
[20:17:42.772] [bmv2] [T] [thread 2236] [25.0] [cxt 0] Applying table 'tbl_qos199'
[20:17:42.772] [bmv2] [D] [thread 2236] [25.0] [cxt 0] Looking up key:

[20:17:42.772] [bmv2] [D] [thread 2236] [25.0] [cxt 0] Table 'tbl_qos199': miss
[20:17:42.772] [bmv2] [D] [thread 2236] [25.0] [cxt 0] Action entry is qos199 - 
[20:17:42.772] [bmv2] [T] [thread 2236] [25.0] [cxt 0] Action qos199
[20:17:42.772] [bmv2] [T] [thread 2236] [25.0] [cxt 0] qos.p4(199) Primitive hdr.ipv4.diffserv = (TARGET_DSCP << 2
[20:17:42.772] [bmv2] [T] [thread 2236] [25.0] [cxt 0] qos.p4(28) Primitive 7; ...
[20:17:42.773] [bmv2] [T] [thread 2236] [25.0] [cxt 0] Applying table 'MyIngress.ipv4_lpm'
[20:17:42.773] [bmv2] [D] [thread 2236] [25.0] [cxt 0] Looking up key:
* hdr.ipv4.dstAddr    : 0a000202

[20:17:42.773] [bmv2] [D] [thread 2236] [25.0] [cxt 0] Table 'MyIngress.ipv4_lpm': hit with handle 0
[20:17:42.773] [bmv2] [D] [thread 2236] [25.0] [cxt 0] Dumping entry 0
Match key:
* hdr.ipv4.dstAddr    : LPM       0a000202/32
Action entry: MyIngress.ipv4_forward - 80000000202,2,

[20:17:42.773] [bmv2] [D] [thread 2236] [25.0] [cxt 0] Action entry is MyIngress.ipv4_forward - 80000000202,2,
[20:17:42.773] [bmv2] [T] [thread 2236] [25.0] [cxt 0] Action MyIngress.ipv4_forward
[20:17:42.773] [bmv2] [T] [thread 2236] [25.0] [cxt 0] qos.p4(175) Primitive standard_metadata.egress_spec = port
[20:17:42.773] [bmv2] [T] [thread 2236] [25.0] [cxt 0] qos.p4(176) Primitive hdr.ethernet.srcAddr = hdr.ethernet.dstAddr
[20:17:42.773] [bmv2] [T] [thread 2236] [25.0] [cxt 0] qos.p4(177) Primitive hdr.ethernet.dstAddr = dstAddr
[20:17:42.773] [bmv2] [T] [thread 2236] [25.0] [cxt 0] qos.p4(178) Primitive hdr.ipv4.ttl = hdr.ipv4.ttl - 1
[20:17:42.773] [bmv2] [D] [thread 2236] [25.0] [cxt 0] Pipeline 'ingress': end
[20:17:42.773] [bmv2] [D] [thread 2236] [25.0] [cxt 0] Egress port is 2
[20:17:42.774] [bmv2] [D] [thread 2239] [25.0] [cxt 0] Pipeline 'egress': start
[20:17:42.774] [bmv2] [D] [thread 2239] [25.0] [cxt 0] Pipeline 'egress': end
[20:17:42.774] [bmv2] [D] [thread 2239] [25.0] [cxt 0] Deparser 'deparser': start
[20:17:42.774] [bmv2] [D] [thread 2239] [25.0] [cxt 0] Updating checksum 'cksum'
[20:17:42.774] [bmv2] [D] [thread 2239] [25.0] [cxt 0] Deparsing header 'ethernet'
[20:17:42.774] [bmv2] [D] [thread 2239] [25.0] [cxt 0] Deparsing header 'vlan'
[20:17:42.774] [bmv2] [D] [thread 2239] [25.0] [cxt 0] Deparsing header 'ipv4'
[20:17:42.774] [bmv2] [D] [thread 2239] [25.0] [cxt 0] Deparser 'deparser': end
[20:17:42.774] [bmv2] [D] [thread 2241] [25.0] [cxt 0] Transmitting packet of size 46 out of port 2
[20:17:42.922] [bmv2] [D] [thread 2236] [26.0] [cxt 0] Processing packet received on port 3
[20:17:42.923] [bmv2] [D] [thread 2236] [26.0] [cxt 0] Parser 'parser': start
[20:17:42.923] [bmv2] [D] [thread 2236] [26.0] [cxt 0] Parser 'parser' entering state 'start'
[20:17:42.923] [bmv2] [D] [thread 2236] [26.0] [cxt 0] Extracting header 'ethernet'
[20:17:42.923] [bmv2] [D] [thread 2236] [26.0] [cxt 0] Parser state 'start': key is 8100
[20:17:42.923] [bmv2] [T] [thread 2236] [26.0] [cxt 0] Bytes parsed: 14
[20:17:42.923] [bmv2] [D] [thread 2236] [26.0] [cxt 0] Parser 'parser' entering state 'parse_vlan'
[20:17:42.923] [bmv2] [D] [thread 2236] [26.0] [cxt 0] Extracting header 'vlan'
[20:17:42.924] [bmv2] [D] [thread 2236] [26.0] [cxt 0] Parser state 'parse_vlan': key is 0800
[20:17:42.924] [bmv2] [T] [thread 2236] [26.0] [cxt 0] Bytes parsed: 18
[20:17:42.924] [bmv2] [D] [thread 2236] [26.0] [cxt 0] Parser 'parser' entering state 'parse_ipv4'
[20:17:42.924] [bmv2] [D] [thread 2236] [26.0] [cxt 0] Extracting header 'ipv4'
[20:17:42.924] [bmv2] [D] [thread 2236] [26.0] [cxt 0] Parser set: setting field 'scalars.tmp' from expression, new value is 1
[20:17:42.924] [bmv2] [D] [thread 2236] [26.0] [cxt 0] Parser state 'parse_ipv4': key is 06
[20:17:42.924] [bmv2] [T] [thread 2236] [26.0] [cxt 0] Bytes parsed: 38
[20:17:42.925] [bmv2] [D] [thread 2236] [26.0] [cxt 0] Parser 'parser' entering state 'parse_ipv4_option'
[20:17:42.925] [bmv2] [D] [thread 2236] [26.0] [cxt 0] Extracting header 'ipv4_option'
[20:17:42.925] [bmv2] [D] [thread 2236] [26.0] [cxt 0] Parser state 'parse_ipv4_option': key is 1f
[20:17:42.925] [bmv2] [T] [thread 2236] [26.0] [cxt 0] Bytes parsed: 40
[20:17:42.925] [bmv2] [D] [thread 2236] [26.0] [cxt 0] Parser 'parser' entering state 'parse_link_qos'
[20:17:42.925] [bmv2] [D] [thread 2236] [26.0] [cxt 0] Extracting header 'link_qos'
[20:17:42.925] [bmv2] [D] [thread 2236] [26.0] [cxt 0] Parser state 'parse_link_qos' has no switch, going to default next state
[20:17:42.925] [bmv2] [T] [thread 2236] [26.0] [cxt 0] Bytes parsed: 42
[20:17:42.925] [bmv2] [D] [thread 2236] [26.0] [cxt 0] Parser 'parser': end
[20:17:42.925] [bmv2] [D] [thread 2236] [26.0] [cxt 0] Pipeline 'ingress': start
[20:17:42.925] [bmv2] [T] [thread 2236] [26.0] [cxt 0] qos.p4(197) Condition "hdr.ipv4.isValid()" (node_2) is true
[20:17:42.925] [bmv2] [T] [thread 2236] [26.0] [cxt 0] qos.p4(198) Condition "hdr.link_qos.link_qos == TARGET_LINK_QOS" (node_3) is true
[20:17:42.925] [bmv2] [T] [thread 2236] [26.0] [cxt 0] Applying table 'tbl_qos199'
[20:17:42.925] [bmv2] [D] [thread 2236] [26.0] [cxt 0] Looking up key:

[20:17:42.925] [bmv2] [D] [thread 2236] [26.0] [cxt 0] Table 'tbl_qos199': miss
[20:17:42.925] [bmv2] [D] [thread 2236] [26.0] [cxt 0] Action entry is qos199 - 
[20:17:42.925] [bmv2] [T] [thread 2236] [26.0] [cxt 0] Action qos199
[20:17:42.925] [bmv2] [T] [thread 2236] [26.0] [cxt 0] qos.p4(199) Primitive hdr.ipv4.diffserv = (TARGET_DSCP << 2
[20:17:42.925] [bmv2] [T] [thread 2236] [26.0] [cxt 0] qos.p4(28) Primitive 7; ...
[20:17:42.925] [bmv2] [T] [thread 2236] [26.0] [cxt 0] Applying table 'MyIngress.ipv4_lpm'
[20:17:42.926] [bmv2] [D] [thread 2236] [26.0] [cxt 0] Looking up key:
* hdr.ipv4.dstAddr    : 0a000202

[20:17:42.926] [bmv2] [D] [thread 2236] [26.0] [cxt 0] Table 'MyIngress.ipv4_lpm': hit with handle 0
[20:17:42.926] [bmv2] [D] [thread 2236] [26.0] [cxt 0] Dumping entry 0
Match key:
* hdr.ipv4.dstAddr    : LPM       0a000202/32
Action entry: MyIngress.ipv4_forward - 80000000202,2,

[20:17:42.926] [bmv2] [D] [thread 2236] [26.0] [cxt 0] Action entry is MyIngress.ipv4_forward - 80000000202,2,
[20:17:42.926] [bmv2] [T] [thread 2236] [26.0] [cxt 0] Action MyIngress.ipv4_forward
[20:17:42.926] [bmv2] [T] [thread 2236] [26.0] [cxt 0] qos.p4(175) Primitive standard_metadata.egress_spec = port
[20:17:42.926] [bmv2] [T] [thread 2236] [26.0] [cxt 0] qos.p4(176) Primitive hdr.ethernet.srcAddr = hdr.ethernet.dstAddr
[20:17:42.926] [bmv2] [T] [thread 2236] [26.0] [cxt 0] qos.p4(177) Primitive hdr.ethernet.dstAddr = dstAddr
[20:17:42.926] [bmv2] [T] [thread 2236] [26.0] [cxt 0] qos.p4(178) Primitive hdr.ipv4.ttl = hdr.ipv4.ttl - 1
[20:17:42.926] [bmv2] [D] [thread 2236] [26.0] [cxt 0] Pipeline 'ingress': end
[20:17:42.926] [bmv2] [D] [thread 2236] [26.0] [cxt 0] Egress port is 2
[20:17:42.926] [bmv2] [D] [thread 2239] [26.0] [cxt 0] Pipeline 'egress': start
[20:17:42.926] [bmv2] [D] [thread 2239] [26.0] [cxt 0] Pipeline 'egress': end
[20:17:42.926] [bmv2] [D] [thread 2239] [26.0] [cxt 0] Deparser 'deparser': start
[20:17:42.926] [bmv2] [D] [thread 2239] [26.0] [cxt 0] Updating checksum 'cksum'
[20:17:42.927] [bmv2] [D] [thread 2239] [26.0] [cxt 0] Deparsing header 'ethernet'
[20:17:42.927] [bmv2] [D] [thread 2239] [26.0] [cxt 0] Deparsing header 'vlan'
[20:17:42.927] [bmv2] [D] [thread 2239] [26.0] [cxt 0] Deparsing header 'ipv4'
[20:17:42.927] [bmv2] [D] [thread 2239] [26.0] [cxt 0] Deparsing header 'ipv4_option'
[20:17:42.927] [bmv2] [D] [thread 2239] [26.0] [cxt 0] Deparsing header 'link_qos'
[20:17:42.927] [bmv2] [D] [thread 2239] [26.0] [cxt 0] Deparser 'deparser': end
[20:17:42.927] [bmv2] [D] [thread 2241] [26.0] [cxt 0] Transmitting packet of size 50 out of port 2
[20:17:43.534] [bmv2] [D] [thread 2236] [27.0] [cxt 0] Processing packet received on port 1
[20:17:43.535] [bmv2] [D] [thread 2236] [27.0] [cxt 0] Parser 'parser': start
[20:17:43.538] [bmv2] [D] [thread 2236] [27.0] [cxt 0] Parser 'parser' entering state 'start'
[20:17:43.539] [bmv2] [D] [thread 2236] [27.0] [cxt 0] Extracting header 'ethernet'
[20:17:43.539] [bmv2] [D] [thread 2236] [27.0] [cxt 0] Parser state 'start': key is 86dd
[20:17:43.541] [bmv2] [T] [thread 2236] [27.0] [cxt 0] Bytes parsed: 14
[20:17:43.542] [bmv2] [D] [thread 2236] [27.0] [cxt 0] Parser 'parser': end
[20:17:43.542] [bmv2] [D] [thread 2236] [27.0] [cxt 0] Pipeline 'ingress': start
[20:17:43.542] [bmv2] [T] [thread 2236] [27.0] [cxt 0] qos.p4(197) Condition "hdr.ipv4.isValid()" (node_2) is false
[20:17:43.542] [bmv2] [D] [thread 2236] [27.0] [cxt 0] Pipeline 'ingress': end
[20:17:43.542] [bmv2] [D] [thread 2236] [27.0] [cxt 0] Egress port is 0
[20:17:43.543] [bmv2] [D] [thread 2237] [27.0] [cxt 0] Pipeline 'egress': start
[20:17:43.543] [bmv2] [D] [thread 2237] [27.0] [cxt 0] Pipeline 'egress': end
[20:17:43.543] [bmv2] [D] [thread 2237] [27.0] [cxt 0] Deparser 'deparser': start
[20:17:43.543] [bmv2] [T] [thread 2237] [27.0] [cxt 0] Skipping checksum 'cksum' update because condition not met
[20:17:43.544] [bmv2] [D] [thread 2237] [27.0] [cxt 0] Deparsing header 'ethernet'
[20:17:43.544] [bmv2] [D] [thread 2237] [27.0] [cxt 0] Deparser 'deparser': end
[20:17:43.544] [bmv2] [D] [thread 2241] [27.0] [cxt 0] Transmitting packet of size 70 out of port 0
[20:17:43.544] [bmv2] [D] [thread 2236] [28.0] [cxt 0] Processing packet received on port 4
[20:17:43.544] [bmv2] [D] [thread 2236] [28.0] [cxt 0] Parser 'parser': start
[20:17:43.544] [bmv2] [D] [thread 2236] [28.0] [cxt 0] Parser 'parser' entering state 'start'
[20:17:43.545] [bmv2] [D] [thread 2236] [28.0] [cxt 0] Extracting header 'ethernet'
[20:17:43.545] [bmv2] [D] [thread 2236] [28.0] [cxt 0] Parser state 'start': key is 86dd
[20:17:43.545] [bmv2] [T] [thread 2236] [28.0] [cxt 0] Bytes parsed: 14
[20:17:43.545] [bmv2] [D] [thread 2236] [28.0] [cxt 0] Parser 'parser': end
[20:17:43.545] [bmv2] [D] [thread 2236] [28.0] [cxt 0] Pipeline 'ingress': start
[20:17:43.545] [bmv2] [T] [thread 2236] [28.0] [cxt 0] qos.p4(197) Condition "hdr.ipv4.isValid()" (node_2) is false
[20:17:43.545] [bmv2] [D] [thread 2236] [28.0] [cxt 0] Pipeline 'ingress': end
[20:17:43.545] [bmv2] [D] [thread 2236] [28.0] [cxt 0] Egress port is 0
[20:17:43.545] [bmv2] [D] [thread 2237] [28.0] [cxt 0] Pipeline 'egress': start
[20:17:43.545] [bmv2] [D] [thread 2237] [28.0] [cxt 0] Pipeline 'egress': end
[20:17:43.545] [bmv2] [D] [thread 2237] [28.0] [cxt 0] Deparser 'deparser': start
[20:17:43.545] [bmv2] [T] [thread 2237] [28.0] [cxt 0] Skipping checksum 'cksum' update because condition not met
[20:17:43.545] [bmv2] [D] [thread 2237] [28.0] [cxt 0] Deparsing header 'ethernet'
[20:17:43.545] [bmv2] [D] [thread 2237] [28.0] [cxt 0] Deparser 'deparser': end
[20:17:43.546] [bmv2] [D] [thread 2241] [28.0] [cxt 0] Transmitting packet of size 70 out of port 0
[20:17:43.793] [bmv2] [D] [thread 2236] [29.0] [cxt 0] Processing packet received on port 3
[20:17:43.793] [bmv2] [D] [thread 2236] [29.0] [cxt 0] Parser 'parser': start
[20:17:43.793] [bmv2] [D] [thread 2236] [29.0] [cxt 0] Parser 'parser' entering state 'start'
[20:17:43.793] [bmv2] [D] [thread 2236] [29.0] [cxt 0] Extracting header 'ethernet'
[20:17:43.793] [bmv2] [D] [thread 2236] [29.0] [cxt 0] Parser state 'start': key is 8100
[20:17:43.793] [bmv2] [T] [thread 2236] [29.0] [cxt 0] Bytes parsed: 14
[20:17:43.793] [bmv2] [D] [thread 2236] [29.0] [cxt 0] Parser 'parser' entering state 'parse_vlan'
[20:17:43.793] [bmv2] [D] [thread 2236] [29.0] [cxt 0] Extracting header 'vlan'
[20:17:43.793] [bmv2] [D] [thread 2236] [29.0] [cxt 0] Parser state 'parse_vlan': key is 0800
[20:17:43.793] [bmv2] [T] [thread 2236] [29.0] [cxt 0] Bytes parsed: 18
[20:17:43.793] [bmv2] [D] [thread 2236] [29.0] [cxt 0] Parser 'parser' entering state 'parse_ipv4'
[20:17:43.793] [bmv2] [D] [thread 2236] [29.0] [cxt 0] Extracting header 'ipv4'
[20:17:43.794] [bmv2] [D] [thread 2236] [29.0] [cxt 0] Parser set: setting field 'scalars.tmp' from expression, new value is 1
[20:17:43.794] [bmv2] [D] [thread 2236] [29.0] [cxt 0] Parser state 'parse_ipv4': key is 05
[20:17:43.794] [bmv2] [T] [thread 2236] [29.0] [cxt 0] Bytes parsed: 38
[20:17:43.795] [bmv2] [D] [thread 2236] [29.0] [cxt 0] Parser 'parser': end
[20:17:43.795] [bmv2] [D] [thread 2236] [29.0] [cxt 0] Pipeline 'ingress': start
[20:17:43.795] [bmv2] [T] [thread 2236] [29.0] [cxt 0] qos.p4(197) Condition "hdr.ipv4.isValid()" (node_2) is true
[20:17:43.795] [bmv2] [T] [thread 2236] [29.0] [cxt 0] qos.p4(198) Condition "hdr.link_qos.link_qos == TARGET_LINK_QOS" (node_3) is false
[20:17:43.795] [bmv2] [T] [thread 2236] [29.0] [cxt 0] Applying table 'MyIngress.ipv4_lpm'
[20:17:43.796] [bmv2] [D] [thread 2236] [29.0] [cxt 0] Looking up key:
* hdr.ipv4.dstAddr    : 0a000202

[20:17:43.796] [bmv2] [D] [thread 2236] [29.0] [cxt 0] Table 'MyIngress.ipv4_lpm': hit with handle 0
[20:17:43.796] [bmv2] [D] [thread 2236] [29.0] [cxt 0] Dumping entry 0
Match key:
* hdr.ipv4.dstAddr    : LPM       0a000202/32
Action entry: MyIngress.ipv4_forward - 80000000202,2,

[20:17:43.796] [bmv2] [D] [thread 2236] [29.0] [cxt 0] Action entry is MyIngress.ipv4_forward - 80000000202,2,
[20:17:43.797] [bmv2] [T] [thread 2236] [29.0] [cxt 0] Action MyIngress.ipv4_forward
[20:17:43.797] [bmv2] [T] [thread 2236] [29.0] [cxt 0] qos.p4(175) Primitive standard_metadata.egress_spec = port
[20:17:43.797] [bmv2] [T] [thread 2236] [29.0] [cxt 0] qos.p4(176) Primitive hdr.ethernet.srcAddr = hdr.ethernet.dstAddr
[20:17:43.797] [bmv2] [T] [thread 2236] [29.0] [cxt 0] qos.p4(177) Primitive hdr.ethernet.dstAddr = dstAddr
[20:17:43.797] [bmv2] [T] [thread 2236] [29.0] [cxt 0] qos.p4(178) Primitive hdr.ipv4.ttl = hdr.ipv4.ttl - 1
[20:17:43.797] [bmv2] [D] [thread 2236] [29.0] [cxt 0] Pipeline 'ingress': end
[20:17:43.797] [bmv2] [D] [thread 2236] [29.0] [cxt 0] Egress port is 2
[20:17:43.797] [bmv2] [D] [thread 2239] [29.0] [cxt 0] Pipeline 'egress': start
[20:17:43.797] [bmv2] [D] [thread 2239] [29.0] [cxt 0] Pipeline 'egress': end
[20:17:43.797] [bmv2] [D] [thread 2239] [29.0] [cxt 0] Deparser 'deparser': start
[20:17:43.797] [bmv2] [D] [thread 2239] [29.0] [cxt 0] Updating checksum 'cksum'
[20:17:43.798] [bmv2] [D] [thread 2239] [29.0] [cxt 0] Deparsing header 'ethernet'
[20:17:43.798] [bmv2] [D] [thread 2239] [29.0] [cxt 0] Deparsing header 'vlan'
[20:17:43.798] [bmv2] [D] [thread 2239] [29.0] [cxt 0] Deparsing header 'ipv4'
[20:17:43.798] [bmv2] [D] [thread 2239] [29.0] [cxt 0] Deparser 'deparser': end
[20:17:43.798] [bmv2] [D] [thread 2241] [29.0] [cxt 0] Transmitting packet of size 46 out of port 2
[20:17:43.941] [bmv2] [D] [thread 2236] [30.0] [cxt 0] Processing packet received on port 3
[20:17:43.941] [bmv2] [D] [thread 2236] [30.0] [cxt 0] Parser 'parser': start
[20:17:43.941] [bmv2] [D] [thread 2236] [30.0] [cxt 0] Parser 'parser' entering state 'start'
[20:17:43.941] [bmv2] [D] [thread 2236] [30.0] [cxt 0] Extracting header 'ethernet'
[20:17:43.942] [bmv2] [D] [thread 2236] [30.0] [cxt 0] Parser state 'start': key is 8100
[20:17:43.942] [bmv2] [T] [thread 2236] [30.0] [cxt 0] Bytes parsed: 14
[20:17:43.942] [bmv2] [D] [thread 2236] [30.0] [cxt 0] Parser 'parser' entering state 'parse_vlan'
[20:17:43.942] [bmv2] [D] [thread 2236] [30.0] [cxt 0] Extracting header 'vlan'
[20:17:43.942] [bmv2] [D] [thread 2236] [30.0] [cxt 0] Parser state 'parse_vlan': key is 0800
[20:17:43.942] [bmv2] [T] [thread 2236] [30.0] [cxt 0] Bytes parsed: 18
[20:17:43.942] [bmv2] [D] [thread 2236] [30.0] [cxt 0] Parser 'parser' entering state 'parse_ipv4'
[20:17:43.942] [bmv2] [D] [thread 2236] [30.0] [cxt 0] Extracting header 'ipv4'
[20:17:43.943] [bmv2] [D] [thread 2236] [30.0] [cxt 0] Parser set: setting field 'scalars.tmp' from expression, new value is 1
[20:17:43.943] [bmv2] [D] [thread 2236] [30.0] [cxt 0] Parser state 'parse_ipv4': key is 06
[20:17:43.943] [bmv2] [T] [thread 2236] [30.0] [cxt 0] Bytes parsed: 38
[20:17:43.943] [bmv2] [D] [thread 2236] [30.0] [cxt 0] Parser 'parser' entering state 'parse_ipv4_option'
[20:17:43.943] [bmv2] [D] [thread 2236] [30.0] [cxt 0] Extracting header 'ipv4_option'
[20:17:43.943] [bmv2] [D] [thread 2236] [30.0] [cxt 0] Parser state 'parse_ipv4_option': key is 1f
[20:17:43.943] [bmv2] [T] [thread 2236] [30.0] [cxt 0] Bytes parsed: 40
[20:17:43.943] [bmv2] [D] [thread 2236] [30.0] [cxt 0] Parser 'parser' entering state 'parse_link_qos'
[20:17:43.943] [bmv2] [D] [thread 2236] [30.0] [cxt 0] Extracting header 'link_qos'
[20:17:43.943] [bmv2] [D] [thread 2236] [30.0] [cxt 0] Parser state 'parse_link_qos' has no switch, going to default next state
[20:17:43.943] [bmv2] [T] [thread 2236] [30.0] [cxt 0] Bytes parsed: 42
[20:17:43.943] [bmv2] [D] [thread 2236] [30.0] [cxt 0] Parser 'parser': end
[20:17:43.943] [bmv2] [D] [thread 2236] [30.0] [cxt 0] Pipeline 'ingress': start
[20:17:43.943] [bmv2] [T] [thread 2236] [30.0] [cxt 0] qos.p4(197) Condition "hdr.ipv4.isValid()" (node_2) is true
[20:17:43.943] [bmv2] [T] [thread 2236] [30.0] [cxt 0] qos.p4(198) Condition "hdr.link_qos.link_qos == TARGET_LINK_QOS" (node_3) is true
[20:17:43.943] [bmv2] [T] [thread 2236] [30.0] [cxt 0] Applying table 'tbl_qos199'
[20:17:43.943] [bmv2] [D] [thread 2236] [30.0] [cxt 0] Looking up key:

[20:17:43.943] [bmv2] [D] [thread 2236] [30.0] [cxt 0] Table 'tbl_qos199': miss
[20:17:43.944] [bmv2] [D] [thread 2236] [30.0] [cxt 0] Action entry is qos199 - 
[20:17:43.944] [bmv2] [T] [thread 2236] [30.0] [cxt 0] Action qos199
[20:17:43.944] [bmv2] [T] [thread 2236] [30.0] [cxt 0] qos.p4(199) Primitive hdr.ipv4.diffserv = (TARGET_DSCP << 2
[20:17:43.944] [bmv2] [T] [thread 2236] [30.0] [cxt 0] qos.p4(28) Primitive 7; ...
[20:17:43.944] [bmv2] [T] [thread 2236] [30.0] [cxt 0] Applying table 'MyIngress.ipv4_lpm'
[20:17:43.945] [bmv2] [D] [thread 2236] [30.0] [cxt 0] Looking up key:
* hdr.ipv4.dstAddr    : 0a000202

[20:17:43.945] [bmv2] [D] [thread 2236] [30.0] [cxt 0] Table 'MyIngress.ipv4_lpm': hit with handle 0
[20:17:43.945] [bmv2] [D] [thread 2236] [30.0] [cxt 0] Dumping entry 0
Match key:
* hdr.ipv4.dstAddr    : LPM       0a000202/32
Action entry: MyIngress.ipv4_forward - 80000000202,2,

[20:17:43.945] [bmv2] [D] [thread 2236] [30.0] [cxt 0] Action entry is MyIngress.ipv4_forward - 80000000202,2,
[20:17:43.945] [bmv2] [T] [thread 2236] [30.0] [cxt 0] Action MyIngress.ipv4_forward
[20:17:43.945] [bmv2] [T] [thread 2236] [30.0] [cxt 0] qos.p4(175) Primitive standard_metadata.egress_spec = port
[20:17:43.945] [bmv2] [T] [thread 2236] [30.0] [cxt 0] qos.p4(176) Primitive hdr.ethernet.srcAddr = hdr.ethernet.dstAddr
[20:17:43.945] [bmv2] [T] [thread 2236] [30.0] [cxt 0] qos.p4(177) Primitive hdr.ethernet.dstAddr = dstAddr
[20:17:43.945] [bmv2] [T] [thread 2236] [30.0] [cxt 0] qos.p4(178) Primitive hdr.ipv4.ttl = hdr.ipv4.ttl - 1
[20:17:43.945] [bmv2] [D] [thread 2236] [30.0] [cxt 0] Pipeline 'ingress': end
[20:17:43.945] [bmv2] [D] [thread 2236] [30.0] [cxt 0] Egress port is 2
[20:17:43.946] [bmv2] [D] [thread 2239] [30.0] [cxt 0] Pipeline 'egress': start
[20:17:43.946] [bmv2] [D] [thread 2239] [30.0] [cxt 0] Pipeline 'egress': end
[20:17:43.946] [bmv2] [D] [thread 2239] [30.0] [cxt 0] Deparser 'deparser': start
[20:17:43.946] [bmv2] [D] [thread 2239] [30.0] [cxt 0] Updating checksum 'cksum'
[20:17:43.946] [bmv2] [D] [thread 2239] [30.0] [cxt 0] Deparsing header 'ethernet'
[20:17:43.946] [bmv2] [D] [thread 2239] [30.0] [cxt 0] Deparsing header 'vlan'
[20:17:43.946] [bmv2] [D] [thread 2239] [30.0] [cxt 0] Deparsing header 'ipv4'
[20:17:43.946] [bmv2] [D] [thread 2239] [30.0] [cxt 0] Deparsing header 'ipv4_option'
[20:17:43.946] [bmv2] [D] [thread 2239] [30.0] [cxt 0] Deparsing header 'link_qos'
[20:17:43.946] [bmv2] [D] [thread 2239] [30.0] [cxt 0] Deparser 'deparser': end
[20:17:43.946] [bmv2] [D] [thread 2241] [30.0] [cxt 0] Transmitting packet of size 50 out of port 2
[20:17:44.821] [bmv2] [D] [thread 2236] [31.0] [cxt 0] Processing packet received on port 3
[20:17:44.822] [bmv2] [D] [thread 2236] [31.0] [cxt 0] Parser 'parser': start
[20:17:44.822] [bmv2] [D] [thread 2236] [31.0] [cxt 0] Parser 'parser' entering state 'start'
[20:17:44.822] [bmv2] [D] [thread 2236] [31.0] [cxt 0] Extracting header 'ethernet'
[20:17:44.823] [bmv2] [D] [thread 2236] [31.0] [cxt 0] Parser state 'start': key is 8100
[20:17:44.823] [bmv2] [T] [thread 2236] [31.0] [cxt 0] Bytes parsed: 14
[20:17:44.823] [bmv2] [D] [thread 2236] [31.0] [cxt 0] Parser 'parser' entering state 'parse_vlan'
[20:17:44.823] [bmv2] [D] [thread 2236] [31.0] [cxt 0] Extracting header 'vlan'
[20:17:44.823] [bmv2] [D] [thread 2236] [31.0] [cxt 0] Parser state 'parse_vlan': key is 0800
[20:17:44.823] [bmv2] [T] [thread 2236] [31.0] [cxt 0] Bytes parsed: 18
[20:17:44.823] [bmv2] [D] [thread 2236] [31.0] [cxt 0] Parser 'parser' entering state 'parse_ipv4'
[20:17:44.823] [bmv2] [D] [thread 2236] [31.0] [cxt 0] Extracting header 'ipv4'
[20:17:44.823] [bmv2] [D] [thread 2236] [31.0] [cxt 0] Parser set: setting field 'scalars.tmp' from expression, new value is 1
[20:17:44.824] [bmv2] [D] [thread 2236] [31.0] [cxt 0] Parser state 'parse_ipv4': key is 05
[20:17:44.824] [bmv2] [T] [thread 2236] [31.0] [cxt 0] Bytes parsed: 38
[20:17:44.824] [bmv2] [D] [thread 2236] [31.0] [cxt 0] Parser 'parser': end
[20:17:44.824] [bmv2] [D] [thread 2236] [31.0] [cxt 0] Pipeline 'ingress': start
[20:17:44.824] [bmv2] [T] [thread 2236] [31.0] [cxt 0] qos.p4(197) Condition "hdr.ipv4.isValid()" (node_2) is true
[20:17:44.824] [bmv2] [T] [thread 2236] [31.0] [cxt 0] qos.p4(198) Condition "hdr.link_qos.link_qos == TARGET_LINK_QOS" (node_3) is true
[20:17:44.824] [bmv2] [T] [thread 2236] [31.0] [cxt 0] Applying table 'tbl_qos199'
[20:17:44.824] [bmv2] [D] [thread 2236] [31.0] [cxt 0] Looking up key:

[20:17:44.824] [bmv2] [D] [thread 2236] [31.0] [cxt 0] Table 'tbl_qos199': miss
[20:17:44.824] [bmv2] [D] [thread 2236] [31.0] [cxt 0] Action entry is qos199 - 
[20:17:44.825] [bmv2] [T] [thread 2236] [31.0] [cxt 0] Action qos199
[20:17:44.825] [bmv2] [T] [thread 2236] [31.0] [cxt 0] qos.p4(199) Primitive hdr.ipv4.diffserv = (TARGET_DSCP << 2
[20:17:44.825] [bmv2] [T] [thread 2236] [31.0] [cxt 0] qos.p4(28) Primitive 7; ...
[20:17:44.825] [bmv2] [T] [thread 2236] [31.0] [cxt 0] Applying table 'MyIngress.ipv4_lpm'
[20:17:44.825] [bmv2] [D] [thread 2236] [31.0] [cxt 0] Looking up key:
* hdr.ipv4.dstAddr    : 0a000202

[20:17:44.825] [bmv2] [D] [thread 2236] [31.0] [cxt 0] Table 'MyIngress.ipv4_lpm': hit with handle 0
[20:17:44.825] [bmv2] [D] [thread 2236] [31.0] [cxt 0] Dumping entry 0
Match key:
* hdr.ipv4.dstAddr    : LPM       0a000202/32
Action entry: MyIngress.ipv4_forward - 80000000202,2,

[20:17:44.826] [bmv2] [D] [thread 2236] [31.0] [cxt 0] Action entry is MyIngress.ipv4_forward - 80000000202,2,
[20:17:44.826] [bmv2] [T] [thread 2236] [31.0] [cxt 0] Action MyIngress.ipv4_forward
[20:17:44.826] [bmv2] [T] [thread 2236] [31.0] [cxt 0] qos.p4(175) Primitive standard_metadata.egress_spec = port
[20:17:44.826] [bmv2] [T] [thread 2236] [31.0] [cxt 0] qos.p4(176) Primitive hdr.ethernet.srcAddr = hdr.ethernet.dstAddr
[20:17:44.826] [bmv2] [T] [thread 2236] [31.0] [cxt 0] qos.p4(177) Primitive hdr.ethernet.dstAddr = dstAddr
[20:17:44.826] [bmv2] [T] [thread 2236] [31.0] [cxt 0] qos.p4(178) Primitive hdr.ipv4.ttl = hdr.ipv4.ttl - 1
[20:17:44.827] [bmv2] [D] [thread 2236] [31.0] [cxt 0] Pipeline 'ingress': end
[20:17:44.827] [bmv2] [D] [thread 2236] [31.0] [cxt 0] Egress port is 2
[20:17:44.828] [bmv2] [D] [thread 2239] [31.0] [cxt 0] Pipeline 'egress': start
[20:17:44.828] [bmv2] [D] [thread 2239] [31.0] [cxt 0] Pipeline 'egress': end
[20:17:44.828] [bmv2] [D] [thread 2239] [31.0] [cxt 0] Deparser 'deparser': start
[20:17:44.828] [bmv2] [D] [thread 2239] [31.0] [cxt 0] Updating checksum 'cksum'
[20:17:44.828] [bmv2] [D] [thread 2239] [31.0] [cxt 0] Deparsing header 'ethernet'
[20:17:44.828] [bmv2] [D] [thread 2239] [31.0] [cxt 0] Deparsing header 'vlan'
[20:17:44.828] [bmv2] [D] [thread 2239] [31.0] [cxt 0] Deparsing header 'ipv4'
[20:17:44.828] [bmv2] [D] [thread 2239] [31.0] [cxt 0] Deparser 'deparser': end
[20:17:44.828] [bmv2] [D] [thread 2241] [31.0] [cxt 0] Transmitting packet of size 46 out of port 2
[20:17:44.978] [bmv2] [D] [thread 2236] [32.0] [cxt 0] Processing packet received on port 3
[20:17:44.979] [bmv2] [D] [thread 2236] [32.0] [cxt 0] Parser 'parser': start
[20:17:44.979] [bmv2] [D] [thread 2236] [32.0] [cxt 0] Parser 'parser' entering state 'start'
[20:17:44.979] [bmv2] [D] [thread 2236] [32.0] [cxt 0] Extracting header 'ethernet'
[20:17:44.979] [bmv2] [D] [thread 2236] [32.0] [cxt 0] Parser state 'start': key is 8100
[20:17:44.979] [bmv2] [T] [thread 2236] [32.0] [cxt 0] Bytes parsed: 14
[20:17:44.980] [bmv2] [D] [thread 2236] [32.0] [cxt 0] Parser 'parser' entering state 'parse_vlan'
[20:17:44.980] [bmv2] [D] [thread 2236] [32.0] [cxt 0] Extracting header 'vlan'
[20:17:44.980] [bmv2] [D] [thread 2236] [32.0] [cxt 0] Parser state 'parse_vlan': key is 0800
[20:17:44.980] [bmv2] [T] [thread 2236] [32.0] [cxt 0] Bytes parsed: 18
[20:17:44.980] [bmv2] [D] [thread 2236] [32.0] [cxt 0] Parser 'parser' entering state 'parse_ipv4'
[20:17:44.980] [bmv2] [D] [thread 2236] [32.0] [cxt 0] Extracting header 'ipv4'
[20:17:44.980] [bmv2] [D] [thread 2236] [32.0] [cxt 0] Parser set: setting field 'scalars.tmp' from expression, new value is 1
[20:17:44.980] [bmv2] [D] [thread 2236] [32.0] [cxt 0] Parser state 'parse_ipv4': key is 06
[20:17:44.980] [bmv2] [T] [thread 2236] [32.0] [cxt 0] Bytes parsed: 38
[20:17:44.980] [bmv2] [D] [thread 2236] [32.0] [cxt 0] Parser 'parser' entering state 'parse_ipv4_option'
[20:17:44.980] [bmv2] [D] [thread 2236] [32.0] [cxt 0] Extracting header 'ipv4_option'
[20:17:44.980] [bmv2] [D] [thread 2236] [32.0] [cxt 0] Parser state 'parse_ipv4_option': key is 1f
[20:17:44.980] [bmv2] [T] [thread 2236] [32.0] [cxt 0] Bytes parsed: 40
[20:17:44.980] [bmv2] [D] [thread 2236] [32.0] [cxt 0] Parser 'parser' entering state 'parse_link_qos'
[20:17:44.980] [bmv2] [D] [thread 2236] [32.0] [cxt 0] Extracting header 'link_qos'
[20:17:44.980] [bmv2] [D] [thread 2236] [32.0] [cxt 0] Parser state 'parse_link_qos' has no switch, going to default next state
[20:17:44.980] [bmv2] [T] [thread 2236] [32.0] [cxt 0] Bytes parsed: 42
[20:17:44.980] [bmv2] [D] [thread 2236] [32.0] [cxt 0] Parser 'parser': end
[20:17:44.980] [bmv2] [D] [thread 2236] [32.0] [cxt 0] Pipeline 'ingress': start
[20:17:44.980] [bmv2] [T] [thread 2236] [32.0] [cxt 0] qos.p4(197) Condition "hdr.ipv4.isValid()" (node_2) is true
[20:17:44.980] [bmv2] [T] [thread 2236] [32.0] [cxt 0] qos.p4(198) Condition "hdr.link_qos.link_qos == TARGET_LINK_QOS" (node_3) is true
[20:17:44.981] [bmv2] [T] [thread 2236] [32.0] [cxt 0] Applying table 'tbl_qos199'
[20:17:44.981] [bmv2] [D] [thread 2236] [32.0] [cxt 0] Looking up key:

[20:17:44.981] [bmv2] [D] [thread 2236] [32.0] [cxt 0] Table 'tbl_qos199': miss
[20:17:44.981] [bmv2] [D] [thread 2236] [32.0] [cxt 0] Action entry is qos199 - 
[20:17:44.981] [bmv2] [T] [thread 2236] [32.0] [cxt 0] Action qos199
[20:17:44.981] [bmv2] [T] [thread 2236] [32.0] [cxt 0] qos.p4(199) Primitive hdr.ipv4.diffserv = (TARGET_DSCP << 2
[20:17:44.981] [bmv2] [T] [thread 2236] [32.0] [cxt 0] qos.p4(28) Primitive 7; ...
[20:17:44.981] [bmv2] [T] [thread 2236] [32.0] [cxt 0] Applying table 'MyIngress.ipv4_lpm'
[20:17:44.981] [bmv2] [D] [thread 2236] [32.0] [cxt 0] Looking up key:
* hdr.ipv4.dstAddr    : 0a000202

[20:17:44.981] [bmv2] [D] [thread 2236] [32.0] [cxt 0] Table 'MyIngress.ipv4_lpm': hit with handle 0
[20:17:44.981] [bmv2] [D] [thread 2236] [32.0] [cxt 0] Dumping entry 0
Match key:
* hdr.ipv4.dstAddr    : LPM       0a000202/32
Action entry: MyIngress.ipv4_forward - 80000000202,2,

[20:17:44.981] [bmv2] [D] [thread 2236] [32.0] [cxt 0] Action entry is MyIngress.ipv4_forward - 80000000202,2,
[20:17:44.981] [bmv2] [T] [thread 2236] [32.0] [cxt 0] Action MyIngress.ipv4_forward
[20:17:44.981] [bmv2] [T] [thread 2236] [32.0] [cxt 0] qos.p4(175) Primitive standard_metadata.egress_spec = port
[20:17:44.981] [bmv2] [T] [thread 2236] [32.0] [cxt 0] qos.p4(176) Primitive hdr.ethernet.srcAddr = hdr.ethernet.dstAddr
[20:17:44.981] [bmv2] [T] [thread 2236] [32.0] [cxt 0] qos.p4(177) Primitive hdr.ethernet.dstAddr = dstAddr
[20:17:44.982] [bmv2] [T] [thread 2236] [32.0] [cxt 0] qos.p4(178) Primitive hdr.ipv4.ttl = hdr.ipv4.ttl - 1
[20:17:44.982] [bmv2] [D] [thread 2236] [32.0] [cxt 0] Pipeline 'ingress': end
[20:17:44.982] [bmv2] [D] [thread 2236] [32.0] [cxt 0] Egress port is 2
[20:17:44.982] [bmv2] [D] [thread 2239] [32.0] [cxt 0] Pipeline 'egress': start
[20:17:44.982] [bmv2] [D] [thread 2239] [32.0] [cxt 0] Pipeline 'egress': end
[20:17:44.982] [bmv2] [D] [thread 2239] [32.0] [cxt 0] Deparser 'deparser': start
[20:17:44.982] [bmv2] [D] [thread 2239] [32.0] [cxt 0] Updating checksum 'cksum'
[20:17:44.982] [bmv2] [D] [thread 2239] [32.0] [cxt 0] Deparsing header 'ethernet'
[20:17:44.982] [bmv2] [D] [thread 2239] [32.0] [cxt 0] Deparsing header 'vlan'
[20:17:44.982] [bmv2] [D] [thread 2239] [32.0] [cxt 0] Deparsing header 'ipv4'
[20:17:44.982] [bmv2] [D] [thread 2239] [32.0] [cxt 0] Deparsing header 'ipv4_option'
[20:17:44.982] [bmv2] [D] [thread 2239] [32.0] [cxt 0] Deparsing header 'link_qos'
[20:17:44.982] [bmv2] [D] [thread 2239] [32.0] [cxt 0] Deparser 'deparser': end
[20:17:44.983] [bmv2] [D] [thread 2241] [32.0] [cxt 0] Transmitting packet of size 50 out of port 2
[20:17:45.584] [bmv2] [D] [thread 2236] [33.0] [cxt 0] Processing packet received on port 2
[20:17:45.585] [bmv2] [D] [thread 2236] [33.0] [cxt 0] Parser 'parser': start
[20:17:45.585] [bmv2] [D] [thread 2236] [33.0] [cxt 0] Parser 'parser' entering state 'start'
[20:17:45.585] [bmv2] [D] [thread 2236] [33.0] [cxt 0] Extracting header 'ethernet'
[20:17:45.585] [bmv2] [D] [thread 2236] [33.0] [cxt 0] Parser state 'start': key is 86dd
[20:17:45.585] [bmv2] [T] [thread 2236] [33.0] [cxt 0] Bytes parsed: 14
[20:17:45.585] [bmv2] [D] [thread 2236] [33.0] [cxt 0] Parser 'parser': end
[20:17:45.585] [bmv2] [D] [thread 2236] [33.0] [cxt 0] Pipeline 'ingress': start
[20:17:45.586] [bmv2] [T] [thread 2236] [33.0] [cxt 0] qos.p4(197) Condition "hdr.ipv4.isValid()" (node_2) is false
[20:17:45.586] [bmv2] [D] [thread 2236] [33.0] [cxt 0] Pipeline 'ingress': end
[20:17:45.586] [bmv2] [D] [thread 2236] [33.0] [cxt 0] Egress port is 0
[20:17:45.586] [bmv2] [D] [thread 2237] [33.0] [cxt 0] Pipeline 'egress': start
[20:17:45.586] [bmv2] [D] [thread 2237] [33.0] [cxt 0] Pipeline 'egress': end
[20:17:45.586] [bmv2] [D] [thread 2237] [33.0] [cxt 0] Deparser 'deparser': start
[20:17:45.586] [bmv2] [T] [thread 2237] [33.0] [cxt 0] Skipping checksum 'cksum' update because condition not met
[20:17:45.587] [bmv2] [D] [thread 2237] [33.0] [cxt 0] Deparsing header 'ethernet'
[20:17:45.587] [bmv2] [D] [thread 2237] [33.0] [cxt 0] Deparser 'deparser': end
[20:17:45.588] [bmv2] [D] [thread 2241] [33.0] [cxt 0] Transmitting packet of size 70 out of port 0
[20:17:45.688] [bmv2] [D] [thread 2236] [34.0] [cxt 0] Processing packet received on port 3
[20:17:45.688] [bmv2] [D] [thread 2236] [34.0] [cxt 0] Parser 'parser': start
[20:17:45.688] [bmv2] [D] [thread 2236] [34.0] [cxt 0] Parser 'parser' entering state 'start'
[20:17:45.688] [bmv2] [D] [thread 2236] [34.0] [cxt 0] Extracting header 'ethernet'
[20:17:45.688] [bmv2] [D] [thread 2236] [34.0] [cxt 0] Parser state 'start': key is 86dd
[20:17:45.689] [bmv2] [T] [thread 2236] [34.0] [cxt 0] Bytes parsed: 14
[20:17:45.689] [bmv2] [D] [thread 2236] [34.0] [cxt 0] Parser 'parser': end
[20:17:45.689] [bmv2] [D] [thread 2236] [34.0] [cxt 0] Pipeline 'ingress': start
[20:17:45.689] [bmv2] [T] [thread 2236] [34.0] [cxt 0] qos.p4(197) Condition "hdr.ipv4.isValid()" (node_2) is false
[20:17:45.689] [bmv2] [D] [thread 2236] [34.0] [cxt 0] Pipeline 'ingress': end
[20:17:45.689] [bmv2] [D] [thread 2236] [34.0] [cxt 0] Egress port is 0
[20:17:45.690] [bmv2] [D] [thread 2237] [34.0] [cxt 0] Pipeline 'egress': start
[20:17:45.691] [bmv2] [D] [thread 2237] [34.0] [cxt 0] Pipeline 'egress': end
[20:17:45.691] [bmv2] [D] [thread 2237] [34.0] [cxt 0] Deparser 'deparser': start
[20:17:45.691] [bmv2] [T] [thread 2237] [34.0] [cxt 0] Skipping checksum 'cksum' update because condition not met
[20:17:45.691] [bmv2] [D] [thread 2237] [34.0] [cxt 0] Deparsing header 'ethernet'
[20:17:45.691] [bmv2] [D] [thread 2237] [34.0] [cxt 0] Deparser 'deparser': end
[20:17:45.691] [bmv2] [D] [thread 2241] [34.0] [cxt 0] Transmitting packet of size 70 out of port 0
[20:17:45.853] [bmv2] [D] [thread 2236] [35.0] [cxt 0] Processing packet received on port 3
[20:17:45.853] [bmv2] [D] [thread 2236] [35.0] [cxt 0] Parser 'parser': start
[20:17:45.853] [bmv2] [D] [thread 2236] [35.0] [cxt 0] Parser 'parser' entering state 'start'
[20:17:45.854] [bmv2] [D] [thread 2236] [35.0] [cxt 0] Extracting header 'ethernet'
[20:17:45.854] [bmv2] [D] [thread 2236] [35.0] [cxt 0] Parser state 'start': key is 8100
[20:17:45.854] [bmv2] [T] [thread 2236] [35.0] [cxt 0] Bytes parsed: 14
[20:17:45.854] [bmv2] [D] [thread 2236] [35.0] [cxt 0] Parser 'parser' entering state 'parse_vlan'
[20:17:45.855] [bmv2] [D] [thread 2236] [35.0] [cxt 0] Extracting header 'vlan'
[20:17:45.855] [bmv2] [D] [thread 2236] [35.0] [cxt 0] Parser state 'parse_vlan': key is 0800
[20:17:45.855] [bmv2] [T] [thread 2236] [35.0] [cxt 0] Bytes parsed: 18
[20:17:45.855] [bmv2] [D] [thread 2236] [35.0] [cxt 0] Parser 'parser' entering state 'parse_ipv4'
[20:17:45.855] [bmv2] [D] [thread 2236] [35.0] [cxt 0] Extracting header 'ipv4'
[20:17:45.856] [bmv2] [D] [thread 2236] [35.0] [cxt 0] Parser set: setting field 'scalars.tmp' from expression, new value is 1
[20:17:45.856] [bmv2] [D] [thread 2236] [35.0] [cxt 0] Parser state 'parse_ipv4': key is 05
[20:17:45.856] [bmv2] [T] [thread 2236] [35.0] [cxt 0] Bytes parsed: 38
[20:17:45.856] [bmv2] [D] [thread 2236] [35.0] [cxt 0] Parser 'parser': end
[20:17:45.856] [bmv2] [D] [thread 2236] [35.0] [cxt 0] Pipeline 'ingress': start
[20:17:45.856] [bmv2] [T] [thread 2236] [35.0] [cxt 0] qos.p4(197) Condition "hdr.ipv4.isValid()" (node_2) is true
[20:17:45.857] [bmv2] [T] [thread 2236] [35.0] [cxt 0] qos.p4(198) Condition "hdr.link_qos.link_qos == TARGET_LINK_QOS" (node_3) is true
[20:17:45.857] [bmv2] [T] [thread 2236] [35.0] [cxt 0] Applying table 'tbl_qos199'
[20:17:45.857] [bmv2] [D] [thread 2236] [35.0] [cxt 0] Looking up key:

[20:17:45.857] [bmv2] [D] [thread 2236] [35.0] [cxt 0] Table 'tbl_qos199': miss
[20:17:45.857] [bmv2] [D] [thread 2236] [35.0] [cxt 0] Action entry is qos199 - 
[20:17:45.857] [bmv2] [T] [thread 2236] [35.0] [cxt 0] Action qos199
[20:17:45.857] [bmv2] [T] [thread 2236] [35.0] [cxt 0] qos.p4(199) Primitive hdr.ipv4.diffserv = (TARGET_DSCP << 2
[20:17:45.857] [bmv2] [T] [thread 2236] [35.0] [cxt 0] qos.p4(28) Primitive 7; ...
[20:17:45.857] [bmv2] [T] [thread 2236] [35.0] [cxt 0] Applying table 'MyIngress.ipv4_lpm'
[20:17:45.857] [bmv2] [D] [thread 2236] [35.0] [cxt 0] Looking up key:
* hdr.ipv4.dstAddr    : 0a000202

[20:17:45.857] [bmv2] [D] [thread 2236] [35.0] [cxt 0] Table 'MyIngress.ipv4_lpm': hit with handle 0
[20:17:45.858] [bmv2] [D] [thread 2236] [35.0] [cxt 0] Dumping entry 0
Match key:
* hdr.ipv4.dstAddr    : LPM       0a000202/32
Action entry: MyIngress.ipv4_forward - 80000000202,2,

[20:17:45.858] [bmv2] [D] [thread 2236] [35.0] [cxt 0] Action entry is MyIngress.ipv4_forward - 80000000202,2,
[20:17:45.858] [bmv2] [T] [thread 2236] [35.0] [cxt 0] Action MyIngress.ipv4_forward
[20:17:45.858] [bmv2] [T] [thread 2236] [35.0] [cxt 0] qos.p4(175) Primitive standard_metadata.egress_spec = port
[20:17:45.858] [bmv2] [T] [thread 2236] [35.0] [cxt 0] qos.p4(176) Primitive hdr.ethernet.srcAddr = hdr.ethernet.dstAddr
[20:17:45.858] [bmv2] [T] [thread 2236] [35.0] [cxt 0] qos.p4(177) Primitive hdr.ethernet.dstAddr = dstAddr
[20:17:45.858] [bmv2] [T] [thread 2236] [35.0] [cxt 0] qos.p4(178) Primitive hdr.ipv4.ttl = hdr.ipv4.ttl - 1
[20:17:45.858] [bmv2] [D] [thread 2236] [35.0] [cxt 0] Pipeline 'ingress': end
[20:17:45.858] [bmv2] [D] [thread 2236] [35.0] [cxt 0] Egress port is 2
[20:17:45.858] [bmv2] [D] [thread 2239] [35.0] [cxt 0] Pipeline 'egress': start
[20:17:45.858] [bmv2] [D] [thread 2239] [35.0] [cxt 0] Pipeline 'egress': end
[20:17:45.858] [bmv2] [D] [thread 2239] [35.0] [cxt 0] Deparser 'deparser': start
[20:17:45.859] [bmv2] [D] [thread 2239] [35.0] [cxt 0] Updating checksum 'cksum'
[20:17:45.859] [bmv2] [D] [thread 2239] [35.0] [cxt 0] Deparsing header 'ethernet'
[20:17:45.859] [bmv2] [D] [thread 2239] [35.0] [cxt 0] Deparsing header 'vlan'
[20:17:45.859] [bmv2] [D] [thread 2239] [35.0] [cxt 0] Deparsing header 'ipv4'
[20:17:45.860] [bmv2] [D] [thread 2239] [35.0] [cxt 0] Deparser 'deparser': end
[20:17:45.860] [bmv2] [D] [thread 2241] [35.0] [cxt 0] Transmitting packet of size 46 out of port 2
[20:17:46.005] [bmv2] [D] [thread 2236] [36.0] [cxt 0] Processing packet received on port 3
[20:17:46.006] [bmv2] [D] [thread 2236] [36.0] [cxt 0] Parser 'parser': start
[20:17:46.006] [bmv2] [D] [thread 2236] [36.0] [cxt 0] Parser 'parser' entering state 'start'
[20:17:46.006] [bmv2] [D] [thread 2236] [36.0] [cxt 0] Extracting header 'ethernet'
[20:17:46.006] [bmv2] [D] [thread 2236] [36.0] [cxt 0] Parser state 'start': key is 8100
[20:17:46.006] [bmv2] [T] [thread 2236] [36.0] [cxt 0] Bytes parsed: 14
[20:17:46.006] [bmv2] [D] [thread 2236] [36.0] [cxt 0] Parser 'parser' entering state 'parse_vlan'
[20:17:46.006] [bmv2] [D] [thread 2236] [36.0] [cxt 0] Extracting header 'vlan'
[20:17:46.006] [bmv2] [D] [thread 2236] [36.0] [cxt 0] Parser state 'parse_vlan': key is 0800
[20:17:46.006] [bmv2] [T] [thread 2236] [36.0] [cxt 0] Bytes parsed: 18
[20:17:46.006] [bmv2] [D] [thread 2236] [36.0] [cxt 0] Parser 'parser' entering state 'parse_ipv4'
[20:17:46.006] [bmv2] [D] [thread 2236] [36.0] [cxt 0] Extracting header 'ipv4'
[20:17:46.006] [bmv2] [D] [thread 2236] [36.0] [cxt 0] Parser set: setting field 'scalars.tmp' from expression, new value is 1
[20:17:46.006] [bmv2] [D] [thread 2236] [36.0] [cxt 0] Parser state 'parse_ipv4': key is 06
[20:17:46.007] [bmv2] [T] [thread 2236] [36.0] [cxt 0] Bytes parsed: 38
[20:17:46.007] [bmv2] [D] [thread 2236] [36.0] [cxt 0] Parser 'parser' entering state 'parse_ipv4_option'
[20:17:46.007] [bmv2] [D] [thread 2236] [36.0] [cxt 0] Extracting header 'ipv4_option'
[20:17:46.007] [bmv2] [D] [thread 2236] [36.0] [cxt 0] Parser state 'parse_ipv4_option': key is 1f
[20:17:46.007] [bmv2] [T] [thread 2236] [36.0] [cxt 0] Bytes parsed: 40
[20:17:46.007] [bmv2] [D] [thread 2236] [36.0] [cxt 0] Parser 'parser' entering state 'parse_link_qos'
[20:17:46.007] [bmv2] [D] [thread 2236] [36.0] [cxt 0] Extracting header 'link_qos'
[20:17:46.007] [bmv2] [D] [thread 2236] [36.0] [cxt 0] Parser state 'parse_link_qos' has no switch, going to default next state
[20:17:46.007] [bmv2] [T] [thread 2236] [36.0] [cxt 0] Bytes parsed: 42
[20:17:46.007] [bmv2] [D] [thread 2236] [36.0] [cxt 0] Parser 'parser': end
[20:17:46.007] [bmv2] [D] [thread 2236] [36.0] [cxt 0] Pipeline 'ingress': start
[20:17:46.007] [bmv2] [T] [thread 2236] [36.0] [cxt 0] qos.p4(197) Condition "hdr.ipv4.isValid()" (node_2) is true
[20:17:46.007] [bmv2] [T] [thread 2236] [36.0] [cxt 0] qos.p4(198) Condition "hdr.link_qos.link_qos == TARGET_LINK_QOS" (node_3) is true
[20:17:46.007] [bmv2] [T] [thread 2236] [36.0] [cxt 0] Applying table 'tbl_qos199'
[20:17:46.007] [bmv2] [D] [thread 2236] [36.0] [cxt 0] Looking up key:

[20:17:46.007] [bmv2] [D] [thread 2236] [36.0] [cxt 0] Table 'tbl_qos199': miss
[20:17:46.007] [bmv2] [D] [thread 2236] [36.0] [cxt 0] Action entry is qos199 - 
[20:17:46.007] [bmv2] [T] [thread 2236] [36.0] [cxt 0] Action qos199
[20:17:46.007] [bmv2] [T] [thread 2236] [36.0] [cxt 0] qos.p4(199) Primitive hdr.ipv4.diffserv = (TARGET_DSCP << 2
[20:17:46.007] [bmv2] [T] [thread 2236] [36.0] [cxt 0] qos.p4(28) Primitive 7; ...
[20:17:46.007] [bmv2] [T] [thread 2236] [36.0] [cxt 0] Applying table 'MyIngress.ipv4_lpm'
[20:17:46.008] [bmv2] [D] [thread 2236] [36.0] [cxt 0] Looking up key:
* hdr.ipv4.dstAddr    : 0a000202

[20:17:46.008] [bmv2] [D] [thread 2236] [36.0] [cxt 0] Table 'MyIngress.ipv4_lpm': hit with handle 0
[20:17:46.008] [bmv2] [D] [thread 2236] [36.0] [cxt 0] Dumping entry 0
Match key:
* hdr.ipv4.dstAddr    : LPM       0a000202/32
Action entry: MyIngress.ipv4_forward - 80000000202,2,

[20:17:46.008] [bmv2] [D] [thread 2236] [36.0] [cxt 0] Action entry is MyIngress.ipv4_forward - 80000000202,2,
[20:17:46.008] [bmv2] [T] [thread 2236] [36.0] [cxt 0] Action MyIngress.ipv4_forward
[20:17:46.008] [bmv2] [T] [thread 2236] [36.0] [cxt 0] qos.p4(175) Primitive standard_metadata.egress_spec = port
[20:17:46.008] [bmv2] [T] [thread 2236] [36.0] [cxt 0] qos.p4(176) Primitive hdr.ethernet.srcAddr = hdr.ethernet.dstAddr
[20:17:46.008] [bmv2] [T] [thread 2236] [36.0] [cxt 0] qos.p4(177) Primitive hdr.ethernet.dstAddr = dstAddr
[20:17:46.009] [bmv2] [T] [thread 2236] [36.0] [cxt 0] qos.p4(178) Primitive hdr.ipv4.ttl = hdr.ipv4.ttl - 1
[20:17:46.009] [bmv2] [D] [thread 2236] [36.0] [cxt 0] Pipeline 'ingress': end
[20:17:46.009] [bmv2] [D] [thread 2236] [36.0] [cxt 0] Egress port is 2
[20:17:46.009] [bmv2] [D] [thread 2239] [36.0] [cxt 0] Pipeline 'egress': start
[20:17:46.009] [bmv2] [D] [thread 2239] [36.0] [cxt 0] Pipeline 'egress': end
[20:17:46.009] [bmv2] [D] [thread 2239] [36.0] [cxt 0] Deparser 'deparser': start
[20:17:46.009] [bmv2] [D] [thread 2239] [36.0] [cxt 0] Updating checksum 'cksum'
[20:17:46.009] [bmv2] [D] [thread 2239] [36.0] [cxt 0] Deparsing header 'ethernet'
[20:17:46.009] [bmv2] [D] [thread 2239] [36.0] [cxt 0] Deparsing header 'vlan'
[20:17:46.009] [bmv2] [D] [thread 2239] [36.0] [cxt 0] Deparsing header 'ipv4'
[20:17:46.009] [bmv2] [D] [thread 2239] [36.0] [cxt 0] Deparsing header 'ipv4_option'
[20:17:46.009] [bmv2] [D] [thread 2239] [36.0] [cxt 0] Deparsing header 'link_qos'
[20:17:46.009] [bmv2] [D] [thread 2239] [36.0] [cxt 0] Deparser 'deparser': end
[20:17:46.009] [bmv2] [D] [thread 2241] [36.0] [cxt 0] Transmitting packet of size 50 out of port 2
[20:17:46.879] [bmv2] [D] [thread 2236] [37.0] [cxt 0] Processing packet received on port 3
[20:17:46.880] [bmv2] [D] [thread 2236] [37.0] [cxt 0] Parser 'parser': start
[20:17:46.880] [bmv2] [D] [thread 2236] [37.0] [cxt 0] Parser 'parser' entering state 'start'
[20:17:46.880] [bmv2] [D] [thread 2236] [37.0] [cxt 0] Extracting header 'ethernet'
[20:17:46.880] [bmv2] [D] [thread 2236] [37.0] [cxt 0] Parser state 'start': key is 8100
[20:17:46.880] [bmv2] [T] [thread 2236] [37.0] [cxt 0] Bytes parsed: 14
[20:17:46.880] [bmv2] [D] [thread 2236] [37.0] [cxt 0] Parser 'parser' entering state 'parse_vlan'
[20:17:46.880] [bmv2] [D] [thread 2236] [37.0] [cxt 0] Extracting header 'vlan'
[20:17:46.881] [bmv2] [D] [thread 2236] [37.0] [cxt 0] Parser state 'parse_vlan': key is 0800
[20:17:46.881] [bmv2] [T] [thread 2236] [37.0] [cxt 0] Bytes parsed: 18
[20:17:46.881] [bmv2] [D] [thread 2236] [37.0] [cxt 0] Parser 'parser' entering state 'parse_ipv4'
[20:17:46.881] [bmv2] [D] [thread 2236] [37.0] [cxt 0] Extracting header 'ipv4'
[20:17:46.881] [bmv2] [D] [thread 2236] [37.0] [cxt 0] Parser set: setting field 'scalars.tmp' from expression, new value is 1
[20:17:46.881] [bmv2] [D] [thread 2236] [37.0] [cxt 0] Parser state 'parse_ipv4': key is 05
[20:17:46.881] [bmv2] [T] [thread 2236] [37.0] [cxt 0] Bytes parsed: 38
[20:17:46.881] [bmv2] [D] [thread 2236] [37.0] [cxt 0] Parser 'parser': end
[20:17:46.881] [bmv2] [D] [thread 2236] [37.0] [cxt 0] Pipeline 'ingress': start
[20:17:46.881] [bmv2] [T] [thread 2236] [37.0] [cxt 0] qos.p4(197) Condition "hdr.ipv4.isValid()" (node_2) is true
[20:17:46.881] [bmv2] [T] [thread 2236] [37.0] [cxt 0] qos.p4(198) Condition "hdr.link_qos.link_qos == TARGET_LINK_QOS" (node_3) is true
[20:17:46.882] [bmv2] [T] [thread 2236] [37.0] [cxt 0] Applying table 'tbl_qos199'
[20:17:46.882] [bmv2] [D] [thread 2236] [37.0] [cxt 0] Looking up key:

[20:17:46.882] [bmv2] [D] [thread 2236] [37.0] [cxt 0] Table 'tbl_qos199': miss
[20:17:46.882] [bmv2] [D] [thread 2236] [37.0] [cxt 0] Action entry is qos199 - 
[20:17:46.882] [bmv2] [T] [thread 2236] [37.0] [cxt 0] Action qos199
[20:17:46.882] [bmv2] [T] [thread 2236] [37.0] [cxt 0] qos.p4(199) Primitive hdr.ipv4.diffserv = (TARGET_DSCP << 2
[20:17:46.882] [bmv2] [T] [thread 2236] [37.0] [cxt 0] qos.p4(28) Primitive 7; ...
[20:17:46.882] [bmv2] [T] [thread 2236] [37.0] [cxt 0] Applying table 'MyIngress.ipv4_lpm'
[20:17:46.882] [bmv2] [D] [thread 2236] [37.0] [cxt 0] Looking up key:
* hdr.ipv4.dstAddr    : 0a000202

[20:17:46.882] [bmv2] [D] [thread 2236] [37.0] [cxt 0] Table 'MyIngress.ipv4_lpm': hit with handle 0
[20:17:46.883] [bmv2] [D] [thread 2236] [37.0] [cxt 0] Dumping entry 0
Match key:
* hdr.ipv4.dstAddr    : LPM       0a000202/32
Action entry: MyIngress.ipv4_forward - 80000000202,2,

[20:17:46.883] [bmv2] [D] [thread 2236] [37.0] [cxt 0] Action entry is MyIngress.ipv4_forward - 80000000202,2,
[20:17:46.883] [bmv2] [T] [thread 2236] [37.0] [cxt 0] Action MyIngress.ipv4_forward
[20:17:46.883] [bmv2] [T] [thread 2236] [37.0] [cxt 0] qos.p4(175) Primitive standard_metadata.egress_spec = port
[20:17:46.883] [bmv2] [T] [thread 2236] [37.0] [cxt 0] qos.p4(176) Primitive hdr.ethernet.srcAddr = hdr.ethernet.dstAddr
[20:17:46.883] [bmv2] [T] [thread 2236] [37.0] [cxt 0] qos.p4(177) Primitive hdr.ethernet.dstAddr = dstAddr
[20:17:46.883] [bmv2] [T] [thread 2236] [37.0] [cxt 0] qos.p4(178) Primitive hdr.ipv4.ttl = hdr.ipv4.ttl - 1
[20:17:46.883] [bmv2] [D] [thread 2236] [37.0] [cxt 0] Pipeline 'ingress': end
[20:17:46.883] [bmv2] [D] [thread 2236] [37.0] [cxt 0] Egress port is 2
[20:17:46.884] [bmv2] [D] [thread 2239] [37.0] [cxt 0] Pipeline 'egress': start
[20:17:46.884] [bmv2] [D] [thread 2239] [37.0] [cxt 0] Pipeline 'egress': end
[20:17:46.884] [bmv2] [D] [thread 2239] [37.0] [cxt 0] Deparser 'deparser': start
[20:17:46.884] [bmv2] [D] [thread 2239] [37.0] [cxt 0] Updating checksum 'cksum'
[20:17:46.884] [bmv2] [D] [thread 2239] [37.0] [cxt 0] Deparsing header 'ethernet'
[20:17:46.884] [bmv2] [D] [thread 2239] [37.0] [cxt 0] Deparsing header 'vlan'
[20:17:46.884] [bmv2] [D] [thread 2239] [37.0] [cxt 0] Deparsing header 'ipv4'
[20:17:46.884] [bmv2] [D] [thread 2239] [37.0] [cxt 0] Deparser 'deparser': end
[20:17:46.885] [bmv2] [D] [thread 2241] [37.0] [cxt 0] Transmitting packet of size 46 out of port 2
[20:17:47.025] [bmv2] [D] [thread 2236] [38.0] [cxt 0] Processing packet received on port 3
[20:17:47.025] [bmv2] [D] [thread 2236] [38.0] [cxt 0] Parser 'parser': start
[20:17:47.025] [bmv2] [D] [thread 2236] [38.0] [cxt 0] Parser 'parser' entering state 'start'
[20:17:47.025] [bmv2] [D] [thread 2236] [38.0] [cxt 0] Extracting header 'ethernet'
[20:17:47.025] [bmv2] [D] [thread 2236] [38.0] [cxt 0] Parser state 'start': key is 8100
[20:17:47.025] [bmv2] [T] [thread 2236] [38.0] [cxt 0] Bytes parsed: 14
[20:17:47.025] [bmv2] [D] [thread 2236] [38.0] [cxt 0] Parser 'parser' entering state 'parse_vlan'
[20:17:47.026] [bmv2] [D] [thread 2236] [38.0] [cxt 0] Extracting header 'vlan'
[20:17:47.028] [bmv2] [D] [thread 2236] [38.0] [cxt 0] Parser state 'parse_vlan': key is 0800
[20:17:47.028] [bmv2] [T] [thread 2236] [38.0] [cxt 0] Bytes parsed: 18
[20:17:47.028] [bmv2] [D] [thread 2236] [38.0] [cxt 0] Parser 'parser' entering state 'parse_ipv4'
[20:17:47.028] [bmv2] [D] [thread 2236] [38.0] [cxt 0] Extracting header 'ipv4'
[20:17:47.028] [bmv2] [D] [thread 2236] [38.0] [cxt 0] Parser set: setting field 'scalars.tmp' from expression, new value is 1
[20:17:47.028] [bmv2] [D] [thread 2236] [38.0] [cxt 0] Parser state 'parse_ipv4': key is 06
[20:17:47.028] [bmv2] [T] [thread 2236] [38.0] [cxt 0] Bytes parsed: 38
[20:17:47.028] [bmv2] [D] [thread 2236] [38.0] [cxt 0] Parser 'parser' entering state 'parse_ipv4_option'
[20:17:47.028] [bmv2] [D] [thread 2236] [38.0] [cxt 0] Extracting header 'ipv4_option'
[20:17:47.028] [bmv2] [D] [thread 2236] [38.0] [cxt 0] Parser state 'parse_ipv4_option': key is 1f
[20:17:47.028] [bmv2] [T] [thread 2236] [38.0] [cxt 0] Bytes parsed: 40
[20:17:47.028] [bmv2] [D] [thread 2236] [38.0] [cxt 0] Parser 'parser' entering state 'parse_link_qos'
[20:17:47.028] [bmv2] [D] [thread 2236] [38.0] [cxt 0] Extracting header 'link_qos'
[20:17:47.028] [bmv2] [D] [thread 2236] [38.0] [cxt 0] Parser state 'parse_link_qos' has no switch, going to default next state
[20:17:47.029] [bmv2] [T] [thread 2236] [38.0] [cxt 0] Bytes parsed: 42
[20:17:47.029] [bmv2] [D] [thread 2236] [38.0] [cxt 0] Parser 'parser': end
[20:17:47.029] [bmv2] [D] [thread 2236] [38.0] [cxt 0] Pipeline 'ingress': start
[20:17:47.029] [bmv2] [T] [thread 2236] [38.0] [cxt 0] qos.p4(197) Condition "hdr.ipv4.isValid()" (node_2) is true
[20:17:47.029] [bmv2] [T] [thread 2236] [38.0] [cxt 0] qos.p4(198) Condition "hdr.link_qos.link_qos == TARGET_LINK_QOS" (node_3) is true
[20:17:47.029] [bmv2] [T] [thread 2236] [38.0] [cxt 0] Applying table 'tbl_qos199'
[20:17:47.029] [bmv2] [D] [thread 2236] [38.0] [cxt 0] Looking up key:

[20:17:47.029] [bmv2] [D] [thread 2236] [38.0] [cxt 0] Table 'tbl_qos199': miss
[20:17:47.029] [bmv2] [D] [thread 2236] [38.0] [cxt 0] Action entry is qos199 - 
[20:17:47.029] [bmv2] [T] [thread 2236] [38.0] [cxt 0] Action qos199
[20:17:47.029] [bmv2] [T] [thread 2236] [38.0] [cxt 0] qos.p4(199) Primitive hdr.ipv4.diffserv = (TARGET_DSCP << 2
[20:17:47.029] [bmv2] [T] [thread 2236] [38.0] [cxt 0] qos.p4(28) Primitive 7; ...
[20:17:47.029] [bmv2] [T] [thread 2236] [38.0] [cxt 0] Applying table 'MyIngress.ipv4_lpm'
[20:17:47.029] [bmv2] [D] [thread 2236] [38.0] [cxt 0] Looking up key:
* hdr.ipv4.dstAddr    : 0a000202

[20:17:47.029] [bmv2] [D] [thread 2236] [38.0] [cxt 0] Table 'MyIngress.ipv4_lpm': hit with handle 0
[20:17:47.029] [bmv2] [D] [thread 2236] [38.0] [cxt 0] Dumping entry 0
Match key:
* hdr.ipv4.dstAddr    : LPM       0a000202/32
Action entry: MyIngress.ipv4_forward - 80000000202,2,

[20:17:47.030] [bmv2] [D] [thread 2236] [38.0] [cxt 0] Action entry is MyIngress.ipv4_forward - 80000000202,2,
[20:17:47.030] [bmv2] [T] [thread 2236] [38.0] [cxt 0] Action MyIngress.ipv4_forward
[20:17:47.030] [bmv2] [T] [thread 2236] [38.0] [cxt 0] qos.p4(175) Primitive standard_metadata.egress_spec = port
[20:17:47.030] [bmv2] [T] [thread 2236] [38.0] [cxt 0] qos.p4(176) Primitive hdr.ethernet.srcAddr = hdr.ethernet.dstAddr
[20:17:47.030] [bmv2] [T] [thread 2236] [38.0] [cxt 0] qos.p4(177) Primitive hdr.ethernet.dstAddr = dstAddr
[20:17:47.030] [bmv2] [T] [thread 2236] [38.0] [cxt 0] qos.p4(178) Primitive hdr.ipv4.ttl = hdr.ipv4.ttl - 1
[20:17:47.030] [bmv2] [D] [thread 2236] [38.0] [cxt 0] Pipeline 'ingress': end
[20:17:47.030] [bmv2] [D] [thread 2236] [38.0] [cxt 0] Egress port is 2
[20:17:47.030] [bmv2] [D] [thread 2239] [38.0] [cxt 0] Pipeline 'egress': start
[20:17:47.030] [bmv2] [D] [thread 2239] [38.0] [cxt 0] Pipeline 'egress': end
[20:17:47.030] [bmv2] [D] [thread 2239] [38.0] [cxt 0] Deparser 'deparser': start
[20:17:47.030] [bmv2] [D] [thread 2239] [38.0] [cxt 0] Updating checksum 'cksum'
[20:17:47.030] [bmv2] [D] [thread 2239] [38.0] [cxt 0] Deparsing header 'ethernet'
[20:17:47.030] [bmv2] [D] [thread 2239] [38.0] [cxt 0] Deparsing header 'vlan'
[20:17:47.030] [bmv2] [D] [thread 2239] [38.0] [cxt 0] Deparsing header 'ipv4'
[20:17:47.030] [bmv2] [D] [thread 2239] [38.0] [cxt 0] Deparsing header 'ipv4_option'
[20:17:47.030] [bmv2] [D] [thread 2239] [38.0] [cxt 0] Deparsing header 'link_qos'
[20:17:47.030] [bmv2] [D] [thread 2239] [38.0] [cxt 0] Deparser 'deparser': end
[20:17:47.031] [bmv2] [D] [thread 2241] [38.0] [cxt 0] Transmitting packet of size 50 out of port 2
[20:17:47.632] [bmv2] [D] [thread 2236] [39.0] [cxt 0] Processing packet received on port 4
[20:17:47.633] [bmv2] [D] [thread 2236] [39.0] [cxt 0] Parser 'parser': start
[20:17:47.633] [bmv2] [D] [thread 2236] [39.0] [cxt 0] Parser 'parser' entering state 'start'
[20:17:47.633] [bmv2] [D] [thread 2236] [39.0] [cxt 0] Extracting header 'ethernet'
[20:17:47.633] [bmv2] [D] [thread 2236] [39.0] [cxt 0] Parser state 'start': key is 86dd
[20:17:47.633] [bmv2] [T] [thread 2236] [39.0] [cxt 0] Bytes parsed: 14
[20:17:47.634] [bmv2] [D] [thread 2236] [39.0] [cxt 0] Parser 'parser': end
[20:17:47.634] [bmv2] [D] [thread 2236] [39.0] [cxt 0] Pipeline 'ingress': start
[20:17:47.634] [bmv2] [T] [thread 2236] [39.0] [cxt 0] qos.p4(197) Condition "hdr.ipv4.isValid()" (node_2) is false
[20:17:47.645] [bmv2] [D] [thread 2236] [39.0] [cxt 0] Pipeline 'ingress': end
[20:17:47.645] [bmv2] [D] [thread 2236] [39.0] [cxt 0] Egress port is 0
[20:17:47.645] [bmv2] [D] [thread 2237] [39.0] [cxt 0] Pipeline 'egress': start
[20:17:47.645] [bmv2] [D] [thread 2237] [39.0] [cxt 0] Pipeline 'egress': end
[20:17:47.645] [bmv2] [D] [thread 2237] [39.0] [cxt 0] Deparser 'deparser': start
[20:17:47.645] [bmv2] [T] [thread 2237] [39.0] [cxt 0] Skipping checksum 'cksum' update because condition not met
[20:17:47.645] [bmv2] [D] [thread 2237] [39.0] [cxt 0] Deparsing header 'ethernet'
[20:17:47.646] [bmv2] [D] [thread 2237] [39.0] [cxt 0] Deparser 'deparser': end
[20:17:47.646] [bmv2] [D] [thread 2241] [39.0] [cxt 0] Transmitting packet of size 70 out of port 0
[20:17:47.912] [bmv2] [D] [thread 2236] [40.0] [cxt 0] Processing packet received on port 3
[20:17:47.913] [bmv2] [D] [thread 2236] [40.0] [cxt 0] Parser 'parser': start
[20:17:47.913] [bmv2] [D] [thread 2236] [40.0] [cxt 0] Parser 'parser' entering state 'start'
[20:17:47.913] [bmv2] [D] [thread 2236] [40.0] [cxt 0] Extracting header 'ethernet'
[20:17:47.913] [bmv2] [D] [thread 2236] [40.0] [cxt 0] Parser state 'start': key is 8100
[20:17:47.913] [bmv2] [T] [thread 2236] [40.0] [cxt 0] Bytes parsed: 14
[20:17:47.913] [bmv2] [D] [thread 2236] [40.0] [cxt 0] Parser 'parser' entering state 'parse_vlan'
[20:17:47.913] [bmv2] [D] [thread 2236] [40.0] [cxt 0] Extracting header 'vlan'
[20:17:47.914] [bmv2] [D] [thread 2236] [40.0] [cxt 0] Parser state 'parse_vlan': key is 0800
[20:17:47.914] [bmv2] [T] [thread 2236] [40.0] [cxt 0] Bytes parsed: 18
[20:17:47.914] [bmv2] [D] [thread 2236] [40.0] [cxt 0] Parser 'parser' entering state 'parse_ipv4'
[20:17:47.914] [bmv2] [D] [thread 2236] [40.0] [cxt 0] Extracting header 'ipv4'
[20:17:47.914] [bmv2] [D] [thread 2236] [40.0] [cxt 0] Parser set: setting field 'scalars.tmp' from expression, new value is 1
[20:17:47.914] [bmv2] [D] [thread 2236] [40.0] [cxt 0] Parser state 'parse_ipv4': key is 05
[20:17:47.914] [bmv2] [T] [thread 2236] [40.0] [cxt 0] Bytes parsed: 38
[20:17:47.914] [bmv2] [D] [thread 2236] [40.0] [cxt 0] Parser 'parser': end
[20:17:47.914] [bmv2] [D] [thread 2236] [40.0] [cxt 0] Pipeline 'ingress': start
[20:17:47.914] [bmv2] [T] [thread 2236] [40.0] [cxt 0] qos.p4(197) Condition "hdr.ipv4.isValid()" (node_2) is true
[20:17:47.914] [bmv2] [T] [thread 2236] [40.0] [cxt 0] qos.p4(198) Condition "hdr.link_qos.link_qos == TARGET_LINK_QOS" (node_3) is true
[20:17:47.914] [bmv2] [T] [thread 2236] [40.0] [cxt 0] Applying table 'tbl_qos199'
[20:17:47.915] [bmv2] [D] [thread 2236] [40.0] [cxt 0] Looking up key:

[20:17:47.915] [bmv2] [D] [thread 2236] [40.0] [cxt 0] Table 'tbl_qos199': miss
[20:17:47.915] [bmv2] [D] [thread 2236] [40.0] [cxt 0] Action entry is qos199 - 
[20:17:47.915] [bmv2] [T] [thread 2236] [40.0] [cxt 0] Action qos199
[20:17:47.915] [bmv2] [T] [thread 2236] [40.0] [cxt 0] qos.p4(199) Primitive hdr.ipv4.diffserv = (TARGET_DSCP << 2
[20:17:47.915] [bmv2] [T] [thread 2236] [40.0] [cxt 0] qos.p4(28) Primitive 7; ...
[20:17:47.915] [bmv2] [T] [thread 2236] [40.0] [cxt 0] Applying table 'MyIngress.ipv4_lpm'
[20:17:47.915] [bmv2] [D] [thread 2236] [40.0] [cxt 0] Looking up key:
* hdr.ipv4.dstAddr    : 0a000202

[20:17:47.915] [bmv2] [D] [thread 2236] [40.0] [cxt 0] Table 'MyIngress.ipv4_lpm': hit with handle 0
[20:17:47.915] [bmv2] [D] [thread 2236] [40.0] [cxt 0] Dumping entry 0
Match key:
* hdr.ipv4.dstAddr    : LPM       0a000202/32
Action entry: MyIngress.ipv4_forward - 80000000202,2,

[20:17:47.916] [bmv2] [D] [thread 2236] [40.0] [cxt 0] Action entry is MyIngress.ipv4_forward - 80000000202,2,
[20:17:47.916] [bmv2] [T] [thread 2236] [40.0] [cxt 0] Action MyIngress.ipv4_forward
[20:17:47.916] [bmv2] [T] [thread 2236] [40.0] [cxt 0] qos.p4(175) Primitive standard_metadata.egress_spec = port
[20:17:47.916] [bmv2] [T] [thread 2236] [40.0] [cxt 0] qos.p4(176) Primitive hdr.ethernet.srcAddr = hdr.ethernet.dstAddr
[20:17:47.917] [bmv2] [T] [thread 2236] [40.0] [cxt 0] qos.p4(177) Primitive hdr.ethernet.dstAddr = dstAddr
[20:17:47.917] [bmv2] [T] [thread 2236] [40.0] [cxt 0] qos.p4(178) Primitive hdr.ipv4.ttl = hdr.ipv4.ttl - 1
[20:17:47.917] [bmv2] [D] [thread 2236] [40.0] [cxt 0] Pipeline 'ingress': end
[20:17:47.917] [bmv2] [D] [thread 2236] [40.0] [cxt 0] Egress port is 2
[20:17:47.917] [bmv2] [D] [thread 2239] [40.0] [cxt 0] Pipeline 'egress': start
[20:17:47.917] [bmv2] [D] [thread 2239] [40.0] [cxt 0] Pipeline 'egress': end
[20:17:47.917] [bmv2] [D] [thread 2239] [40.0] [cxt 0] Deparser 'deparser': start
[20:17:47.917] [bmv2] [D] [thread 2239] [40.0] [cxt 0] Updating checksum 'cksum'
[20:17:47.918] [bmv2] [D] [thread 2239] [40.0] [cxt 0] Deparsing header 'ethernet'
[20:17:47.918] [bmv2] [D] [thread 2239] [40.0] [cxt 0] Deparsing header 'vlan'
[20:17:47.918] [bmv2] [D] [thread 2239] [40.0] [cxt 0] Deparsing header 'ipv4'
[20:17:47.918] [bmv2] [D] [thread 2239] [40.0] [cxt 0] Deparser 'deparser': end
[20:17:47.918] [bmv2] [D] [thread 2241] [40.0] [cxt 0] Transmitting packet of size 46 out of port 2
[20:17:48.069] [bmv2] [D] [thread 2236] [41.0] [cxt 0] Processing packet received on port 3
[20:17:48.070] [bmv2] [D] [thread 2236] [41.0] [cxt 0] Parser 'parser': start
[20:17:48.070] [bmv2] [D] [thread 2236] [41.0] [cxt 0] Parser 'parser' entering state 'start'
[20:17:48.070] [bmv2] [D] [thread 2236] [41.0] [cxt 0] Extracting header 'ethernet'
[20:17:48.070] [bmv2] [D] [thread 2236] [41.0] [cxt 0] Parser state 'start': key is 8100
[20:17:48.070] [bmv2] [T] [thread 2236] [41.0] [cxt 0] Bytes parsed: 14
[20:17:48.070] [bmv2] [D] [thread 2236] [41.0] [cxt 0] Parser 'parser' entering state 'parse_vlan'
[20:17:48.070] [bmv2] [D] [thread 2236] [41.0] [cxt 0] Extracting header 'vlan'
[20:17:48.070] [bmv2] [D] [thread 2236] [41.0] [cxt 0] Parser state 'parse_vlan': key is 0800
[20:17:48.070] [bmv2] [T] [thread 2236] [41.0] [cxt 0] Bytes parsed: 18
[20:17:48.070] [bmv2] [D] [thread 2236] [41.0] [cxt 0] Parser 'parser' entering state 'parse_ipv4'
[20:17:48.070] [bmv2] [D] [thread 2236] [41.0] [cxt 0] Extracting header 'ipv4'
[20:17:48.070] [bmv2] [D] [thread 2236] [41.0] [cxt 0] Parser set: setting field 'scalars.tmp' from expression, new value is 1
[20:17:48.070] [bmv2] [D] [thread 2236] [41.0] [cxt 0] Parser state 'parse_ipv4': key is 06
[20:17:48.070] [bmv2] [T] [thread 2236] [41.0] [cxt 0] Bytes parsed: 38
[20:17:48.070] [bmv2] [D] [thread 2236] [41.0] [cxt 0] Parser 'parser' entering state 'parse_ipv4_option'
[20:17:48.070] [bmv2] [D] [thread 2236] [41.0] [cxt 0] Extracting header 'ipv4_option'
[20:17:48.070] [bmv2] [D] [thread 2236] [41.0] [cxt 0] Parser state 'parse_ipv4_option': key is 1f
[20:17:48.070] [bmv2] [T] [thread 2236] [41.0] [cxt 0] Bytes parsed: 40
[20:17:48.070] [bmv2] [D] [thread 2236] [41.0] [cxt 0] Parser 'parser' entering state 'parse_link_qos'
[20:17:48.070] [bmv2] [D] [thread 2236] [41.0] [cxt 0] Extracting header 'link_qos'
[20:17:48.070] [bmv2] [D] [thread 2236] [41.0] [cxt 0] Parser state 'parse_link_qos' has no switch, going to default next state
[20:17:48.070] [bmv2] [T] [thread 2236] [41.0] [cxt 0] Bytes parsed: 42
[20:17:48.070] [bmv2] [D] [thread 2236] [41.0] [cxt 0] Parser 'parser': end
[20:17:48.070] [bmv2] [D] [thread 2236] [41.0] [cxt 0] Pipeline 'ingress': start
[20:17:48.070] [bmv2] [T] [thread 2236] [41.0] [cxt 0] qos.p4(197) Condition "hdr.ipv4.isValid()" (node_2) is true
[20:17:48.070] [bmv2] [T] [thread 2236] [41.0] [cxt 0] qos.p4(198) Condition "hdr.link_qos.link_qos == TARGET_LINK_QOS" (node_3) is true
[20:17:48.070] [bmv2] [T] [thread 2236] [41.0] [cxt 0] Applying table 'tbl_qos199'
[20:17:48.070] [bmv2] [D] [thread 2236] [41.0] [cxt 0] Looking up key:

[20:17:48.070] [bmv2] [D] [thread 2236] [41.0] [cxt 0] Table 'tbl_qos199': miss
[20:17:48.070] [bmv2] [D] [thread 2236] [41.0] [cxt 0] Action entry is qos199 - 
[20:17:48.070] [bmv2] [T] [thread 2236] [41.0] [cxt 0] Action qos199
[20:17:48.071] [bmv2] [T] [thread 2236] [41.0] [cxt 0] qos.p4(199) Primitive hdr.ipv4.diffserv = (TARGET_DSCP << 2
[20:17:48.071] [bmv2] [T] [thread 2236] [41.0] [cxt 0] qos.p4(28) Primitive 7; ...
[20:17:48.071] [bmv2] [T] [thread 2236] [41.0] [cxt 0] Applying table 'MyIngress.ipv4_lpm'
[20:17:48.071] [bmv2] [D] [thread 2236] [41.0] [cxt 0] Looking up key:
* hdr.ipv4.dstAddr    : 0a000202

[20:17:48.071] [bmv2] [D] [thread 2236] [41.0] [cxt 0] Table 'MyIngress.ipv4_lpm': hit with handle 0
[20:17:48.071] [bmv2] [D] [thread 2236] [41.0] [cxt 0] Dumping entry 0
Match key:
* hdr.ipv4.dstAddr    : LPM       0a000202/32
Action entry: MyIngress.ipv4_forward - 80000000202,2,

[20:17:48.071] [bmv2] [D] [thread 2236] [41.0] [cxt 0] Action entry is MyIngress.ipv4_forward - 80000000202,2,
[20:17:48.071] [bmv2] [T] [thread 2236] [41.0] [cxt 0] Action MyIngress.ipv4_forward
[20:17:48.071] [bmv2] [T] [thread 2236] [41.0] [cxt 0] qos.p4(175) Primitive standard_metadata.egress_spec = port
[20:17:48.071] [bmv2] [T] [thread 2236] [41.0] [cxt 0] qos.p4(176) Primitive hdr.ethernet.srcAddr = hdr.ethernet.dstAddr
[20:17:48.071] [bmv2] [T] [thread 2236] [41.0] [cxt 0] qos.p4(177) Primitive hdr.ethernet.dstAddr = dstAddr
[20:17:48.071] [bmv2] [T] [thread 2236] [41.0] [cxt 0] qos.p4(178) Primitive hdr.ipv4.ttl = hdr.ipv4.ttl - 1
[20:17:48.071] [bmv2] [D] [thread 2236] [41.0] [cxt 0] Pipeline 'ingress': end
[20:17:48.071] [bmv2] [D] [thread 2236] [41.0] [cxt 0] Egress port is 2
[20:17:48.071] [bmv2] [D] [thread 2239] [41.0] [cxt 0] Pipeline 'egress': start
[20:17:48.071] [bmv2] [D] [thread 2239] [41.0] [cxt 0] Pipeline 'egress': end
[20:17:48.071] [bmv2] [D] [thread 2239] [41.0] [cxt 0] Deparser 'deparser': start
[20:17:48.071] [bmv2] [D] [thread 2239] [41.0] [cxt 0] Updating checksum 'cksum'
[20:17:48.072] [bmv2] [D] [thread 2239] [41.0] [cxt 0] Deparsing header 'ethernet'
[20:17:48.072] [bmv2] [D] [thread 2239] [41.0] [cxt 0] Deparsing header 'vlan'
[20:17:48.072] [bmv2] [D] [thread 2239] [41.0] [cxt 0] Deparsing header 'ipv4'
[20:17:48.072] [bmv2] [D] [thread 2239] [41.0] [cxt 0] Deparsing header 'ipv4_option'
[20:17:48.072] [bmv2] [D] [thread 2239] [41.0] [cxt 0] Deparsing header 'link_qos'
[20:17:48.072] [bmv2] [D] [thread 2239] [41.0] [cxt 0] Deparser 'deparser': end
[20:17:48.072] [bmv2] [D] [thread 2241] [41.0] [cxt 0] Transmitting packet of size 50 out of port 2
[20:17:48.959] [bmv2] [D] [thread 2236] [42.0] [cxt 0] Processing packet received on port 3
[20:17:48.959] [bmv2] [D] [thread 2236] [42.0] [cxt 0] Parser 'parser': start
[20:17:48.959] [bmv2] [D] [thread 2236] [42.0] [cxt 0] Parser 'parser' entering state 'start'
[20:17:48.959] [bmv2] [D] [thread 2236] [42.0] [cxt 0] Extracting header 'ethernet'
[20:17:48.959] [bmv2] [D] [thread 2236] [42.0] [cxt 0] Parser state 'start': key is 8100
[20:17:48.959] [bmv2] [T] [thread 2236] [42.0] [cxt 0] Bytes parsed: 14
[20:17:48.959] [bmv2] [D] [thread 2236] [42.0] [cxt 0] Parser 'parser' entering state 'parse_vlan'
[20:17:48.959] [bmv2] [D] [thread 2236] [42.0] [cxt 0] Extracting header 'vlan'
[20:17:48.959] [bmv2] [D] [thread 2236] [42.0] [cxt 0] Parser state 'parse_vlan': key is 0800
[20:17:48.959] [bmv2] [T] [thread 2236] [42.0] [cxt 0] Bytes parsed: 18
[20:17:48.959] [bmv2] [D] [thread 2236] [42.0] [cxt 0] Parser 'parser' entering state 'parse_ipv4'
[20:17:48.959] [bmv2] [D] [thread 2236] [42.0] [cxt 0] Extracting header 'ipv4'
[20:17:48.959] [bmv2] [D] [thread 2236] [42.0] [cxt 0] Parser set: setting field 'scalars.tmp' from expression, new value is 1
[20:17:48.959] [bmv2] [D] [thread 2236] [42.0] [cxt 0] Parser state 'parse_ipv4': key is 05
[20:17:48.959] [bmv2] [T] [thread 2236] [42.0] [cxt 0] Bytes parsed: 38
[20:17:48.959] [bmv2] [D] [thread 2236] [42.0] [cxt 0] Parser 'parser': end
[20:17:48.959] [bmv2] [D] [thread 2236] [42.0] [cxt 0] Pipeline 'ingress': start
[20:17:48.959] [bmv2] [T] [thread 2236] [42.0] [cxt 0] qos.p4(197) Condition "hdr.ipv4.isValid()" (node_2) is true
[20:17:48.959] [bmv2] [T] [thread 2236] [42.0] [cxt 0] qos.p4(198) Condition "hdr.link_qos.link_qos == TARGET_LINK_QOS" (node_3) is true
[20:17:48.959] [bmv2] [T] [thread 2236] [42.0] [cxt 0] Applying table 'tbl_qos199'
[20:17:48.959] [bmv2] [D] [thread 2236] [42.0] [cxt 0] Looking up key:

[20:17:48.959] [bmv2] [D] [thread 2236] [42.0] [cxt 0] Table 'tbl_qos199': miss
[20:17:48.959] [bmv2] [D] [thread 2236] [42.0] [cxt 0] Action entry is qos199 - 
[20:17:48.960] [bmv2] [T] [thread 2236] [42.0] [cxt 0] Action qos199
[20:17:48.960] [bmv2] [T] [thread 2236] [42.0] [cxt 0] qos.p4(199) Primitive hdr.ipv4.diffserv = (TARGET_DSCP << 2
[20:17:48.960] [bmv2] [T] [thread 2236] [42.0] [cxt 0] qos.p4(28) Primitive 7; ...
[20:17:48.960] [bmv2] [T] [thread 2236] [42.0] [cxt 0] Applying table 'MyIngress.ipv4_lpm'
[20:17:48.960] [bmv2] [D] [thread 2236] [42.0] [cxt 0] Looking up key:
* hdr.ipv4.dstAddr    : 0a000202

[20:17:48.960] [bmv2] [D] [thread 2236] [42.0] [cxt 0] Table 'MyIngress.ipv4_lpm': hit with handle 0
[20:17:48.960] [bmv2] [D] [thread 2236] [42.0] [cxt 0] Dumping entry 0
Match key:
* hdr.ipv4.dstAddr    : LPM       0a000202/32
Action entry: MyIngress.ipv4_forward - 80000000202,2,

[20:17:48.960] [bmv2] [D] [thread 2236] [42.0] [cxt 0] Action entry is MyIngress.ipv4_forward - 80000000202,2,
[20:17:48.960] [bmv2] [T] [thread 2236] [42.0] [cxt 0] Action MyIngress.ipv4_forward
[20:17:48.960] [bmv2] [T] [thread 2236] [42.0] [cxt 0] qos.p4(175) Primitive standard_metadata.egress_spec = port
[20:17:48.960] [bmv2] [T] [thread 2236] [42.0] [cxt 0] qos.p4(176) Primitive hdr.ethernet.srcAddr = hdr.ethernet.dstAddr
[20:17:48.960] [bmv2] [T] [thread 2236] [42.0] [cxt 0] qos.p4(177) Primitive hdr.ethernet.dstAddr = dstAddr
[20:17:48.960] [bmv2] [T] [thread 2236] [42.0] [cxt 0] qos.p4(178) Primitive hdr.ipv4.ttl = hdr.ipv4.ttl - 1
[20:17:48.960] [bmv2] [D] [thread 2236] [42.0] [cxt 0] Pipeline 'ingress': end
[20:17:48.960] [bmv2] [D] [thread 2236] [42.0] [cxt 0] Egress port is 2
[20:17:48.960] [bmv2] [D] [thread 2239] [42.0] [cxt 0] Pipeline 'egress': start
[20:17:48.960] [bmv2] [D] [thread 2239] [42.0] [cxt 0] Pipeline 'egress': end
[20:17:48.960] [bmv2] [D] [thread 2239] [42.0] [cxt 0] Deparser 'deparser': start
[20:17:48.960] [bmv2] [D] [thread 2239] [42.0] [cxt 0] Updating checksum 'cksum'
[20:17:48.960] [bmv2] [D] [thread 2239] [42.0] [cxt 0] Deparsing header 'ethernet'
[20:17:48.960] [bmv2] [D] [thread 2239] [42.0] [cxt 0] Deparsing header 'vlan'
[20:17:48.960] [bmv2] [D] [thread 2239] [42.0] [cxt 0] Deparsing header 'ipv4'
[20:17:48.960] [bmv2] [D] [thread 2239] [42.0] [cxt 0] Deparser 'deparser': end
[20:17:48.960] [bmv2] [D] [thread 2241] [42.0] [cxt 0] Transmitting packet of size 46 out of port 2
[20:17:51.829] [bmv2] [D] [thread 2236] [43.0] [cxt 0] Processing packet received on port 3
[20:17:51.830] [bmv2] [D] [thread 2236] [43.0] [cxt 0] Parser 'parser': start
[20:17:51.830] [bmv2] [D] [thread 2236] [43.0] [cxt 0] Parser 'parser' entering state 'start'
[20:17:51.830] [bmv2] [D] [thread 2236] [43.0] [cxt 0] Extracting header 'ethernet'
[20:17:51.830] [bmv2] [D] [thread 2236] [43.0] [cxt 0] Parser state 'start': key is 86dd
[20:17:51.830] [bmv2] [T] [thread 2236] [43.0] [cxt 0] Bytes parsed: 14
[20:17:51.830] [bmv2] [D] [thread 2236] [43.0] [cxt 0] Parser 'parser': end
[20:17:51.831] [bmv2] [D] [thread 2236] [43.0] [cxt 0] Pipeline 'ingress': start
[20:17:51.831] [bmv2] [T] [thread 2236] [43.0] [cxt 0] qos.p4(197) Condition "hdr.ipv4.isValid()" (node_2) is false
[20:17:51.831] [bmv2] [D] [thread 2236] [43.0] [cxt 0] Pipeline 'ingress': end
[20:17:51.831] [bmv2] [D] [thread 2236] [43.0] [cxt 0] Egress port is 0
[20:17:51.837] [bmv2] [D] [thread 2237] [43.0] [cxt 0] Pipeline 'egress': start
[20:17:51.837] [bmv2] [D] [thread 2237] [43.0] [cxt 0] Pipeline 'egress': end
[20:17:51.837] [bmv2] [D] [thread 2237] [43.0] [cxt 0] Deparser 'deparser': start
[20:17:51.837] [bmv2] [T] [thread 2237] [43.0] [cxt 0] Skipping checksum 'cksum' update because condition not met
[20:17:51.838] [bmv2] [D] [thread 2237] [43.0] [cxt 0] Deparsing header 'ethernet'
[20:17:51.838] [bmv2] [D] [thread 2237] [43.0] [cxt 0] Deparser 'deparser': end
[20:17:51.838] [bmv2] [D] [thread 2241] [43.0] [cxt 0] Transmitting packet of size 70 out of port 0
open: No such file or directory
open: No such file or directory
open: No such file or directory
open: No such file or directory
open: No such file or directory
open: No such file or directory
open: No such file or directory
open: No such file or directory
open: No such file or directory
open: No such file or directory
open: No such file or directory
