Calling target program-options parser
[18:23:08.003] [bmv2] [D] [thread 3765] Set default default entry for table 'tbl_qos199': qos199 - 
[18:23:08.017] [bmv2] [D] [thread 3765] Set default default entry for table 'MyIngress.ipv4_lpm': NoAction - 
Adding interface s1-eth1 as port 1
[18:23:08.027] [bmv2] [D] [thread 3765] Adding interface s1-eth1 as port 1
Adding interface s1-eth2 as port 2
[18:23:08.043] [bmv2] [D] [thread 3765] Adding interface s1-eth2 as port 2
Adding interface s1-eth3 as port 3
[18:23:08.053] [bmv2] [D] [thread 3765] Adding interface s1-eth3 as port 3
Adding interface s1-eth4 as port 4
[18:23:08.055] [bmv2] [D] [thread 3765] Adding interface s1-eth4 as port 4
Server listening on 0.0.0.0:50051
[18:23:08.088] [bmv2] [I] [thread 3765] Starting Thrift server on port 9090
[18:23:08.100] [bmv2] [I] [thread 3765] Thrift server was started
[18:23:08.193] [bmv2] [D] [thread 3781] [0.0] [cxt 0] Processing packet received on port 4
[18:23:08.193] [bmv2] [D] [thread 3781] [0.0] [cxt 0] Parser 'parser': start
[18:23:08.193] [bmv2] [D] [thread 3781] [0.0] [cxt 0] Parser 'parser' entering state 'start'
[18:23:08.193] [bmv2] [D] [thread 3781] [0.0] [cxt 0] Extracting header 'ethernet'
[18:23:08.194] [bmv2] [D] [thread 3781] [0.0] [cxt 0] Parser state 'start': key is 86dd
[18:23:08.194] [bmv2] [T] [thread 3781] [0.0] [cxt 0] Bytes parsed: 14
[18:23:08.194] [bmv2] [D] [thread 3781] [0.0] [cxt 0] Parser 'parser': end
[18:23:08.195] [bmv2] [D] [thread 3781] [0.0] [cxt 0] Pipeline 'ingress': start
[18:23:08.195] [bmv2] [T] [thread 3781] [0.0] [cxt 0] qos.p4(197) Condition "hdr.ipv4.isValid()" (node_2) is false
[18:23:08.195] [bmv2] [D] [thread 3781] [0.0] [cxt 0] Pipeline 'ingress': end
[18:23:08.196] [bmv2] [D] [thread 3781] [0.0] [cxt 0] Egress port is 0
[18:23:08.203] [bmv2] [D] [thread 3782] [0.0] [cxt 0] Pipeline 'egress': start
[18:23:08.203] [bmv2] [D] [thread 3782] [0.0] [cxt 0] Pipeline 'egress': end
[18:23:08.203] [bmv2] [D] [thread 3782] [0.0] [cxt 0] Deparser 'deparser': start
[18:23:08.203] [bmv2] [T] [thread 3782] [0.0] [cxt 0] Skipping checksum 'cksum' update because condition not met
[18:23:08.203] [bmv2] [D] [thread 3782] [0.0] [cxt 0] Deparsing header 'ethernet'
[18:23:08.204] [bmv2] [D] [thread 3782] [0.0] [cxt 0] Deparser 'deparser': end
[18:23:08.208] [bmv2] [D] [thread 3786] [0.0] [cxt 0] Transmitting packet of size 90 out of port 0
[18:23:08.209] [bmv2] [D] [thread 3781] [1.0] [cxt 0] Processing packet received on port 4
[18:23:08.209] [bmv2] [D] [thread 3781] [1.0] [cxt 0] Parser 'parser': start
[18:23:08.209] [bmv2] [D] [thread 3781] [1.0] [cxt 0] Parser 'parser' entering state 'start'
[18:23:08.209] [bmv2] [D] [thread 3781] [1.0] [cxt 0] Extracting header 'ethernet'
[18:23:08.209] [bmv2] [D] [thread 3781] [1.0] [cxt 0] Parser state 'start': key is 86dd
[18:23:08.209] [bmv2] [T] [thread 3781] [1.0] [cxt 0] Bytes parsed: 14
[18:23:08.209] [bmv2] [D] [thread 3781] [1.0] [cxt 0] Parser 'parser': end
[18:23:08.209] [bmv2] [D] [thread 3781] [1.0] [cxt 0] Pipeline 'ingress': start
[18:23:08.209] [bmv2] [T] [thread 3781] [1.0] [cxt 0] qos.p4(197) Condition "hdr.ipv4.isValid()" (node_2) is false
[18:23:08.209] [bmv2] [D] [thread 3781] [1.0] [cxt 0] Pipeline 'ingress': end
[18:23:08.209] [bmv2] [D] [thread 3781] [1.0] [cxt 0] Egress port is 0
[18:23:08.209] [bmv2] [D] [thread 3782] [1.0] [cxt 0] Pipeline 'egress': start
[18:23:08.209] [bmv2] [D] [thread 3782] [1.0] [cxt 0] Pipeline 'egress': end
[18:23:08.209] [bmv2] [D] [thread 3782] [1.0] [cxt 0] Deparser 'deparser': start
[18:23:08.209] [bmv2] [T] [thread 3782] [1.0] [cxt 0] Skipping checksum 'cksum' update because condition not met
[18:23:08.209] [bmv2] [D] [thread 3782] [1.0] [cxt 0] Deparsing header 'ethernet'
[18:23:08.209] [bmv2] [D] [thread 3782] [1.0] [cxt 0] Deparser 'deparser': end
[18:23:08.209] [bmv2] [D] [thread 3786] [1.0] [cxt 0] Transmitting packet of size 70 out of port 0
[18:23:08.442] [bmv2] [D] [thread 3781] [2.0] [cxt 0] Processing packet received on port 1
[18:23:08.442] [bmv2] [D] [thread 3781] [2.0] [cxt 0] Parser 'parser': start
[18:23:08.442] [bmv2] [D] [thread 3781] [2.0] [cxt 0] Parser 'parser' entering state 'start'
[18:23:08.442] [bmv2] [D] [thread 3781] [2.0] [cxt 0] Extracting header 'ethernet'
[18:23:08.442] [bmv2] [D] [thread 3781] [2.0] [cxt 0] Parser state 'start': key is 86dd
[18:23:08.442] [bmv2] [T] [thread 3781] [2.0] [cxt 0] Bytes parsed: 14
[18:23:08.442] [bmv2] [D] [thread 3781] [2.0] [cxt 0] Parser 'parser': end
[18:23:08.442] [bmv2] [D] [thread 3781] [2.0] [cxt 0] Pipeline 'ingress': start
[18:23:08.442] [bmv2] [T] [thread 3781] [2.0] [cxt 0] qos.p4(197) Condition "hdr.ipv4.isValid()" (node_2) is false
[18:23:08.442] [bmv2] [D] [thread 3781] [2.0] [cxt 0] Pipeline 'ingress': end
[18:23:08.442] [bmv2] [D] [thread 3781] [2.0] [cxt 0] Egress port is 0
[18:23:08.442] [bmv2] [D] [thread 3781] [3.0] [cxt 0] Processing packet received on port 4
[18:23:08.442] [bmv2] [D] [thread 3781] [3.0] [cxt 0] Parser 'parser': start
[18:23:08.442] [bmv2] [D] [thread 3781] [3.0] [cxt 0] Parser 'parser' entering state 'start'
[18:23:08.442] [bmv2] [D] [thread 3781] [3.0] [cxt 0] Extracting header 'ethernet'
[18:23:08.442] [bmv2] [D] [thread 3781] [3.0] [cxt 0] Parser state 'start': key is 86dd
[18:23:08.442] [bmv2] [T] [thread 3781] [3.0] [cxt 0] Bytes parsed: 14
[18:23:08.442] [bmv2] [D] [thread 3781] [3.0] [cxt 0] Parser 'parser': end
[18:23:08.442] [bmv2] [D] [thread 3781] [3.0] [cxt 0] Pipeline 'ingress': start
[18:23:08.442] [bmv2] [T] [thread 3781] [3.0] [cxt 0] qos.p4(197) Condition "hdr.ipv4.isValid()" (node_2) is false
[18:23:08.443] [bmv2] [D] [thread 3781] [3.0] [cxt 0] Pipeline 'ingress': end
[18:23:08.443] [bmv2] [D] [thread 3781] [3.0] [cxt 0] Egress port is 0
[18:23:08.443] [bmv2] [D] [thread 3781] [4.0] [cxt 0] Processing packet received on port 4
[18:23:08.443] [bmv2] [D] [thread 3781] [4.0] [cxt 0] Parser 'parser': start
[18:23:08.443] [bmv2] [D] [thread 3781] [4.0] [cxt 0] Parser 'parser' entering state 'start'
[18:23:08.443] [bmv2] [D] [thread 3781] [4.0] [cxt 0] Extracting header 'ethernet'
[18:23:08.443] [bmv2] [D] [thread 3781] [4.0] [cxt 0] Parser state 'start': key is 86dd
[18:23:08.443] [bmv2] [T] [thread 3781] [4.0] [cxt 0] Bytes parsed: 14
[18:23:08.443] [bmv2] [D] [thread 3781] [4.0] [cxt 0] Parser 'parser': end
[18:23:08.443] [bmv2] [D] [thread 3781] [4.0] [cxt 0] Pipeline 'ingress': start
[18:23:08.443] [bmv2] [T] [thread 3781] [4.0] [cxt 0] qos.p4(197) Condition "hdr.ipv4.isValid()" (node_2) is false
[18:23:08.443] [bmv2] [D] [thread 3781] [4.0] [cxt 0] Pipeline 'ingress': end
[18:23:08.443] [bmv2] [D] [thread 3781] [4.0] [cxt 0] Egress port is 0
[18:23:08.443] [bmv2] [D] [thread 3782] [2.0] [cxt 0] Pipeline 'egress': start
[18:23:08.443] [bmv2] [D] [thread 3782] [2.0] [cxt 0] Pipeline 'egress': end
[18:23:08.443] [bmv2] [D] [thread 3782] [2.0] [cxt 0] Deparser 'deparser': start
[18:23:08.443] [bmv2] [T] [thread 3782] [2.0] [cxt 0] Skipping checksum 'cksum' update because condition not met
[18:23:08.443] [bmv2] [D] [thread 3782] [2.0] [cxt 0] Deparsing header 'ethernet'
[18:23:08.443] [bmv2] [D] [thread 3782] [2.0] [cxt 0] Deparser 'deparser': end
[18:23:08.443] [bmv2] [D] [thread 3782] [3.0] [cxt 0] Pipeline 'egress': start
[18:23:08.443] [bmv2] [D] [thread 3782] [3.0] [cxt 0] Pipeline 'egress': end
[18:23:08.443] [bmv2] [D] [thread 3782] [3.0] [cxt 0] Deparser 'deparser': start
[18:23:08.443] [bmv2] [T] [thread 3782] [3.0] [cxt 0] Skipping checksum 'cksum' update because condition not met
[18:23:08.443] [bmv2] [D] [thread 3782] [3.0] [cxt 0] Deparsing header 'ethernet'
[18:23:08.443] [bmv2] [D] [thread 3782] [3.0] [cxt 0] Deparser 'deparser': end
[18:23:08.443] [bmv2] [D] [thread 3782] [4.0] [cxt 0] Pipeline 'egress': start
[18:23:08.443] [bmv2] [D] [thread 3782] [4.0] [cxt 0] Pipeline 'egress': end
[18:23:08.443] [bmv2] [D] [thread 3782] [4.0] [cxt 0] Deparser 'deparser': start
[18:23:08.443] [bmv2] [T] [thread 3782] [4.0] [cxt 0] Skipping checksum 'cksum' update because condition not met
[18:23:08.443] [bmv2] [D] [thread 3782] [4.0] [cxt 0] Deparsing header 'ethernet'
[18:23:08.443] [bmv2] [D] [thread 3782] [4.0] [cxt 0] Deparser 'deparser': end
[18:23:08.447] [bmv2] [D] [thread 3786] [2.0] [cxt 0] Transmitting packet of size 90 out of port 0
[18:23:08.447] [bmv2] [D] [thread 3786] [3.0] [cxt 0] Transmitting packet of size 90 out of port 0
[18:23:08.447] [bmv2] [D] [thread 3786] [4.0] [cxt 0] Transmitting packet of size 70 out of port 0
[18:23:08.450] [bmv2] [D] [thread 3781] [5.0] [cxt 0] Processing packet received on port 2
[18:23:08.450] [bmv2] [D] [thread 3781] [5.0] [cxt 0] Parser 'parser': start
[18:23:08.450] [bmv2] [D] [thread 3781] [5.0] [cxt 0] Parser 'parser' entering state 'start'
[18:23:08.450] [bmv2] [D] [thread 3781] [5.0] [cxt 0] Extracting header 'ethernet'
[18:23:08.450] [bmv2] [D] [thread 3781] [5.0] [cxt 0] Parser state 'start': key is 86dd
[18:23:08.450] [bmv2] [T] [thread 3781] [5.0] [cxt 0] Bytes parsed: 14
[18:23:08.450] [bmv2] [D] [thread 3781] [5.0] [cxt 0] Parser 'parser': end
[18:23:08.450] [bmv2] [D] [thread 3781] [5.0] [cxt 0] Pipeline 'ingress': start
[18:23:08.450] [bmv2] [T] [thread 3781] [5.0] [cxt 0] qos.p4(197) Condition "hdr.ipv4.isValid()" (node_2) is false
[18:23:08.450] [bmv2] [D] [thread 3781] [5.0] [cxt 0] Pipeline 'ingress': end
[18:23:08.450] [bmv2] [D] [thread 3781] [5.0] [cxt 0] Egress port is 0
[18:23:08.451] [bmv2] [D] [thread 3781] [6.0] [cxt 0] Processing packet received on port 2
[18:23:08.451] [bmv2] [D] [thread 3781] [6.0] [cxt 0] Parser 'parser': start
[18:23:08.451] [bmv2] [D] [thread 3781] [6.0] [cxt 0] Parser 'parser' entering state 'start'
[18:23:08.451] [bmv2] [D] [thread 3781] [6.0] [cxt 0] Extracting header 'ethernet'
[18:23:08.451] [bmv2] [D] [thread 3781] [6.0] [cxt 0] Parser state 'start': key is 86dd
[18:23:08.451] [bmv2] [T] [thread 3781] [6.0] [cxt 0] Bytes parsed: 14
[18:23:08.451] [bmv2] [D] [thread 3781] [6.0] [cxt 0] Parser 'parser': end
[18:23:08.451] [bmv2] [D] [thread 3781] [6.0] [cxt 0] Pipeline 'ingress': start
[18:23:08.451] [bmv2] [T] [thread 3781] [6.0] [cxt 0] qos.p4(197) Condition "hdr.ipv4.isValid()" (node_2) is false
[18:23:08.451] [bmv2] [D] [thread 3781] [6.0] [cxt 0] Pipeline 'ingress': end
[18:23:08.451] [bmv2] [D] [thread 3781] [6.0] [cxt 0] Egress port is 0
[18:23:08.451] [bmv2] [D] [thread 3781] [7.0] [cxt 0] Processing packet received on port 2
[18:23:08.451] [bmv2] [D] [thread 3781] [7.0] [cxt 0] Parser 'parser': start
[18:23:08.451] [bmv2] [D] [thread 3781] [7.0] [cxt 0] Parser 'parser' entering state 'start'
[18:23:08.451] [bmv2] [D] [thread 3781] [7.0] [cxt 0] Extracting header 'ethernet'
[18:23:08.451] [bmv2] [D] [thread 3781] [7.0] [cxt 0] Parser state 'start': key is 86dd
[18:23:08.451] [bmv2] [T] [thread 3781] [7.0] [cxt 0] Bytes parsed: 14
[18:23:08.451] [bmv2] [D] [thread 3781] [7.0] [cxt 0] Parser 'parser': end
[18:23:08.451] [bmv2] [D] [thread 3781] [7.0] [cxt 0] Pipeline 'ingress': start
[18:23:08.451] [bmv2] [T] [thread 3781] [7.0] [cxt 0] qos.p4(197) Condition "hdr.ipv4.isValid()" (node_2) is false
[18:23:08.451] [bmv2] [D] [thread 3781] [7.0] [cxt 0] Pipeline 'ingress': end
[18:23:08.451] [bmv2] [D] [thread 3781] [7.0] [cxt 0] Egress port is 0
[18:23:08.451] [bmv2] [D] [thread 3782] [5.0] [cxt 0] Pipeline 'egress': start
[18:23:08.451] [bmv2] [D] [thread 3782] [5.0] [cxt 0] Pipeline 'egress': end
[18:23:08.451] [bmv2] [D] [thread 3782] [5.0] [cxt 0] Deparser 'deparser': start
[18:23:08.451] [bmv2] [T] [thread 3782] [5.0] [cxt 0] Skipping checksum 'cksum' update because condition not met
[18:23:08.451] [bmv2] [D] [thread 3782] [5.0] [cxt 0] Deparsing header 'ethernet'
[18:23:08.451] [bmv2] [D] [thread 3782] [5.0] [cxt 0] Deparser 'deparser': end
[18:23:08.451] [bmv2] [D] [thread 3782] [6.0] [cxt 0] Pipeline 'egress': start
[18:23:08.451] [bmv2] [D] [thread 3782] [6.0] [cxt 0] Pipeline 'egress': end
[18:23:08.451] [bmv2] [D] [thread 3782] [6.0] [cxt 0] Deparser 'deparser': start
[18:23:08.451] [bmv2] [T] [thread 3782] [6.0] [cxt 0] Skipping checksum 'cksum' update because condition not met
[18:23:08.451] [bmv2] [D] [thread 3782] [6.0] [cxt 0] Deparsing header 'ethernet'
[18:23:08.451] [bmv2] [D] [thread 3782] [6.0] [cxt 0] Deparser 'deparser': end
[18:23:08.451] [bmv2] [D] [thread 3782] [7.0] [cxt 0] Pipeline 'egress': start
[18:23:08.451] [bmv2] [D] [thread 3782] [7.0] [cxt 0] Pipeline 'egress': end
[18:23:08.451] [bmv2] [D] [thread 3782] [7.0] [cxt 0] Deparser 'deparser': start
[18:23:08.451] [bmv2] [T] [thread 3782] [7.0] [cxt 0] Skipping checksum 'cksum' update because condition not met
[18:23:08.451] [bmv2] [D] [thread 3782] [7.0] [cxt 0] Deparsing header 'ethernet'
[18:23:08.451] [bmv2] [D] [thread 3782] [7.0] [cxt 0] Deparser 'deparser': end
[18:23:08.451] [bmv2] [D] [thread 3786] [5.0] [cxt 0] Transmitting packet of size 90 out of port 0
[18:23:08.451] [bmv2] [D] [thread 3786] [6.0] [cxt 0] Transmitting packet of size 90 out of port 0
[18:23:08.451] [bmv2] [D] [thread 3786] [7.0] [cxt 0] Transmitting packet of size 70 out of port 0
[18:23:08.482] [bmv2] [D] [thread 3781] [8.0] [cxt 0] Processing packet received on port 2
[18:23:08.482] [bmv2] [D] [thread 3781] [8.0] [cxt 0] Parser 'parser': start
[18:23:08.482] [bmv2] [D] [thread 3781] [8.0] [cxt 0] Parser 'parser' entering state 'start'
[18:23:08.482] [bmv2] [D] [thread 3781] [8.0] [cxt 0] Extracting header 'ethernet'
[18:23:08.482] [bmv2] [D] [thread 3781] [8.0] [cxt 0] Parser state 'start': key is 86dd
[18:23:08.483] [bmv2] [T] [thread 3781] [8.0] [cxt 0] Bytes parsed: 14
[18:23:08.483] [bmv2] [D] [thread 3781] [8.0] [cxt 0] Parser 'parser': end
[18:23:08.483] [bmv2] [D] [thread 3781] [8.0] [cxt 0] Pipeline 'ingress': start
[18:23:08.483] [bmv2] [T] [thread 3781] [8.0] [cxt 0] qos.p4(197) Condition "hdr.ipv4.isValid()" (node_2) is false
[18:23:08.483] [bmv2] [D] [thread 3781] [8.0] [cxt 0] Pipeline 'ingress': end
[18:23:08.483] [bmv2] [D] [thread 3781] [8.0] [cxt 0] Egress port is 0
[18:23:08.483] [bmv2] [D] [thread 3782] [8.0] [cxt 0] Pipeline 'egress': start
[18:23:08.483] [bmv2] [D] [thread 3782] [8.0] [cxt 0] Pipeline 'egress': end
[18:23:08.483] [bmv2] [D] [thread 3782] [8.0] [cxt 0] Deparser 'deparser': start
[18:23:08.483] [bmv2] [T] [thread 3782] [8.0] [cxt 0] Skipping checksum 'cksum' update because condition not met
[18:23:08.483] [bmv2] [D] [thread 3782] [8.0] [cxt 0] Deparsing header 'ethernet'
[18:23:08.483] [bmv2] [D] [thread 3782] [8.0] [cxt 0] Deparser 'deparser': end
[18:23:08.483] [bmv2] [D] [thread 3786] [8.0] [cxt 0] Transmitting packet of size 90 out of port 0
[18:23:08.488] [bmv2] [D] [thread 3781] [9.0] [cxt 0] Processing packet received on port 1
[18:23:08.489] [bmv2] [D] [thread 3781] [9.0] [cxt 0] Parser 'parser': start
[18:23:08.489] [bmv2] [D] [thread 3781] [9.0] [cxt 0] Parser 'parser' entering state 'start'
[18:23:08.489] [bmv2] [D] [thread 3781] [9.0] [cxt 0] Extracting header 'ethernet'
[18:23:08.489] [bmv2] [D] [thread 3781] [9.0] [cxt 0] Parser state 'start': key is 86dd
[18:23:08.489] [bmv2] [T] [thread 3781] [9.0] [cxt 0] Bytes parsed: 14
[18:23:08.489] [bmv2] [D] [thread 3781] [9.0] [cxt 0] Parser 'parser': end
[18:23:08.489] [bmv2] [D] [thread 3781] [9.0] [cxt 0] Pipeline 'ingress': start
[18:23:08.489] [bmv2] [T] [thread 3781] [9.0] [cxt 0] qos.p4(197) Condition "hdr.ipv4.isValid()" (node_2) is false
[18:23:08.489] [bmv2] [D] [thread 3781] [9.0] [cxt 0] Pipeline 'ingress': end
[18:23:08.489] [bmv2] [D] [thread 3781] [9.0] [cxt 0] Egress port is 0
[18:23:08.489] [bmv2] [D] [thread 3781] [10.0] [cxt 0] Processing packet received on port 1
[18:23:08.489] [bmv2] [D] [thread 3781] [10.0] [cxt 0] Parser 'parser': start
[18:23:08.489] [bmv2] [D] [thread 3781] [10.0] [cxt 0] Parser 'parser' entering state 'start'
[18:23:08.489] [bmv2] [D] [thread 3781] [10.0] [cxt 0] Extracting header 'ethernet'
[18:23:08.489] [bmv2] [D] [thread 3781] [10.0] [cxt 0] Parser state 'start': key is 86dd
[18:23:08.489] [bmv2] [T] [thread 3781] [10.0] [cxt 0] Bytes parsed: 14
[18:23:08.489] [bmv2] [D] [thread 3781] [10.0] [cxt 0] Parser 'parser': end
[18:23:08.489] [bmv2] [D] [thread 3782] [9.0] [cxt 0] Pipeline 'egress': start
[18:23:08.489] [bmv2] [D] [thread 3782] [9.0] [cxt 0] Pipeline 'egress': end
[18:23:08.489] [bmv2] [D] [thread 3782] [9.0] [cxt 0] Deparser 'deparser': start
[18:23:08.489] [bmv2] [T] [thread 3782] [9.0] [cxt 0] Skipping checksum 'cksum' update because condition not met
[18:23:08.489] [bmv2] [D] [thread 3782] [9.0] [cxt 0] Deparsing header 'ethernet'
[18:23:08.489] [bmv2] [D] [thread 3782] [9.0] [cxt 0] Deparser 'deparser': end
[18:23:08.489] [bmv2] [D] [thread 3786] [9.0] [cxt 0] Transmitting packet of size 90 out of port 0
[18:23:08.489] [bmv2] [D] [thread 3781] [10.0] [cxt 0] Pipeline 'ingress': start
[18:23:08.489] [bmv2] [T] [thread 3781] [10.0] [cxt 0] qos.p4(197) Condition "hdr.ipv4.isValid()" (node_2) is false
[18:23:08.489] [bmv2] [D] [thread 3781] [10.0] [cxt 0] Pipeline 'ingress': end
[18:23:08.489] [bmv2] [D] [thread 3781] [10.0] [cxt 0] Egress port is 0
[18:23:08.490] [bmv2] [D] [thread 3782] [10.0] [cxt 0] Pipeline 'egress': start
[18:23:08.490] [bmv2] [D] [thread 3782] [10.0] [cxt 0] Pipeline 'egress': end
[18:23:08.490] [bmv2] [D] [thread 3782] [10.0] [cxt 0] Deparser 'deparser': start
[18:23:08.490] [bmv2] [T] [thread 3782] [10.0] [cxt 0] Skipping checksum 'cksum' update because condition not met
[18:23:08.490] [bmv2] [D] [thread 3782] [10.0] [cxt 0] Deparsing header 'ethernet'
[18:23:08.490] [bmv2] [D] [thread 3782] [10.0] [cxt 0] Deparser 'deparser': end
[18:23:08.490] [bmv2] [D] [thread 3786] [10.0] [cxt 0] Transmitting packet of size 110 out of port 0
[18:23:08.505] [bmv2] [D] [thread 3781] [11.0] [cxt 0] Processing packet received on port 1
[18:23:08.505] [bmv2] [D] [thread 3781] [11.0] [cxt 0] Parser 'parser': start
[18:23:08.505] [bmv2] [D] [thread 3781] [11.0] [cxt 0] Parser 'parser' entering state 'start'
[18:23:08.505] [bmv2] [D] [thread 3781] [11.0] [cxt 0] Extracting header 'ethernet'
[18:23:08.505] [bmv2] [D] [thread 3781] [11.0] [cxt 0] Parser state 'start': key is 86dd
[18:23:08.505] [bmv2] [T] [thread 3781] [11.0] [cxt 0] Bytes parsed: 14
[18:23:08.505] [bmv2] [D] [thread 3781] [11.0] [cxt 0] Parser 'parser': end
[18:23:08.505] [bmv2] [D] [thread 3781] [11.0] [cxt 0] Pipeline 'ingress': start
[18:23:08.505] [bmv2] [T] [thread 3781] [11.0] [cxt 0] qos.p4(197) Condition "hdr.ipv4.isValid()" (node_2) is false
[18:23:08.505] [bmv2] [D] [thread 3781] [11.0] [cxt 0] Pipeline 'ingress': end
[18:23:08.505] [bmv2] [D] [thread 3781] [11.0] [cxt 0] Egress port is 0
[18:23:08.506] [bmv2] [D] [thread 3782] [11.0] [cxt 0] Pipeline 'egress': start
[18:23:08.506] [bmv2] [D] [thread 3782] [11.0] [cxt 0] Pipeline 'egress': end
[18:23:08.506] [bmv2] [D] [thread 3782] [11.0] [cxt 0] Deparser 'deparser': start
[18:23:08.506] [bmv2] [T] [thread 3782] [11.0] [cxt 0] Skipping checksum 'cksum' update because condition not met
[18:23:08.506] [bmv2] [D] [thread 3782] [11.0] [cxt 0] Deparsing header 'ethernet'
[18:23:08.506] [bmv2] [D] [thread 3782] [11.0] [cxt 0] Deparser 'deparser': end
[18:23:08.506] [bmv2] [D] [thread 3786] [11.0] [cxt 0] Transmitting packet of size 90 out of port 0
[18:23:08.576] [bmv2] [D] [thread 3781] [12.0] [cxt 0] Processing packet received on port 3
[18:23:08.576] [bmv2] [D] [thread 3781] [12.0] [cxt 0] Parser 'parser': start
[18:23:08.576] [bmv2] [D] [thread 3781] [12.0] [cxt 0] Parser 'parser' entering state 'start'
[18:23:08.576] [bmv2] [D] [thread 3781] [12.0] [cxt 0] Extracting header 'ethernet'
[18:23:08.577] [bmv2] [D] [thread 3781] [12.0] [cxt 0] Parser state 'start': key is 86dd
[18:23:08.577] [bmv2] [T] [thread 3781] [12.0] [cxt 0] Bytes parsed: 14
[18:23:08.577] [bmv2] [D] [thread 3781] [12.0] [cxt 0] Parser 'parser': end
[18:23:08.577] [bmv2] [D] [thread 3781] [12.0] [cxt 0] Pipeline 'ingress': start
[18:23:08.577] [bmv2] [T] [thread 3781] [12.0] [cxt 0] qos.p4(197) Condition "hdr.ipv4.isValid()" (node_2) is false
[18:23:08.577] [bmv2] [D] [thread 3781] [12.0] [cxt 0] Pipeline 'ingress': end
[18:23:08.577] [bmv2] [D] [thread 3781] [12.0] [cxt 0] Egress port is 0
[18:23:08.577] [bmv2] [D] [thread 3782] [12.0] [cxt 0] Pipeline 'egress': start
[18:23:08.577] [bmv2] [D] [thread 3782] [12.0] [cxt 0] Pipeline 'egress': end
[18:23:08.577] [bmv2] [D] [thread 3782] [12.0] [cxt 0] Deparser 'deparser': start
[18:23:08.577] [bmv2] [T] [thread 3782] [12.0] [cxt 0] Skipping checksum 'cksum' update because condition not met
[18:23:08.577] [bmv2] [D] [thread 3782] [12.0] [cxt 0] Deparsing header 'ethernet'
[18:23:08.577] [bmv2] [D] [thread 3782] [12.0] [cxt 0] Deparser 'deparser': end
[18:23:08.577] [bmv2] [D] [thread 3786] [12.0] [cxt 0] Transmitting packet of size 90 out of port 0
[18:23:08.612] [bmv2] [D] [thread 3781] [13.0] [cxt 0] Processing packet received on port 3
[18:23:08.612] [bmv2] [D] [thread 3781] [13.0] [cxt 0] Parser 'parser': start
[18:23:08.612] [bmv2] [D] [thread 3781] [13.0] [cxt 0] Parser 'parser' entering state 'start'
[18:23:08.612] [bmv2] [D] [thread 3781] [13.0] [cxt 0] Extracting header 'ethernet'
[18:23:08.612] [bmv2] [D] [thread 3781] [13.0] [cxt 0] Parser state 'start': key is 86dd
[18:23:08.612] [bmv2] [T] [thread 3781] [13.0] [cxt 0] Bytes parsed: 14
[18:23:08.612] [bmv2] [D] [thread 3781] [13.0] [cxt 0] Parser 'parser': end
[18:23:08.612] [bmv2] [D] [thread 3781] [13.0] [cxt 0] Pipeline 'ingress': start
[18:23:08.612] [bmv2] [T] [thread 3781] [13.0] [cxt 0] qos.p4(197) Condition "hdr.ipv4.isValid()" (node_2) is false
[18:23:08.612] [bmv2] [D] [thread 3781] [13.0] [cxt 0] Pipeline 'ingress': end
[18:23:08.612] [bmv2] [D] [thread 3781] [13.0] [cxt 0] Egress port is 0
[18:23:08.612] [bmv2] [D] [thread 3781] [14.0] [cxt 0] Processing packet received on port 3
[18:23:08.612] [bmv2] [D] [thread 3781] [14.0] [cxt 0] Parser 'parser': start
[18:23:08.612] [bmv2] [D] [thread 3781] [14.0] [cxt 0] Parser 'parser' entering state 'start'
[18:23:08.612] [bmv2] [D] [thread 3781] [14.0] [cxt 0] Extracting header 'ethernet'
[18:23:08.612] [bmv2] [D] [thread 3781] [14.0] [cxt 0] Parser state 'start': key is 86dd
[18:23:08.612] [bmv2] [T] [thread 3781] [14.0] [cxt 0] Bytes parsed: 14
[18:23:08.612] [bmv2] [D] [thread 3781] [14.0] [cxt 0] Parser 'parser': end
[18:23:08.612] [bmv2] [D] [thread 3781] [14.0] [cxt 0] Pipeline 'ingress': start
[18:23:08.612] [bmv2] [T] [thread 3781] [14.0] [cxt 0] qos.p4(197) Condition "hdr.ipv4.isValid()" (node_2) is false
[18:23:08.612] [bmv2] [D] [thread 3781] [14.0] [cxt 0] Pipeline 'ingress': end
[18:23:08.612] [bmv2] [D] [thread 3781] [14.0] [cxt 0] Egress port is 0
[18:23:08.613] [bmv2] [D] [thread 3782] [13.0] [cxt 0] Pipeline 'egress': start
[18:23:08.613] [bmv2] [D] [thread 3782] [13.0] [cxt 0] Pipeline 'egress': end
[18:23:08.614] [bmv2] [D] [thread 3782] [13.0] [cxt 0] Deparser 'deparser': start
[18:23:08.614] [bmv2] [T] [thread 3782] [13.0] [cxt 0] Skipping checksum 'cksum' update because condition not met
[18:23:08.614] [bmv2] [D] [thread 3782] [13.0] [cxt 0] Deparsing header 'ethernet'
[18:23:08.614] [bmv2] [D] [thread 3782] [13.0] [cxt 0] Deparser 'deparser': end
[18:23:08.614] [bmv2] [D] [thread 3782] [14.0] [cxt 0] Pipeline 'egress': start
[18:23:08.614] [bmv2] [D] [thread 3782] [14.0] [cxt 0] Pipeline 'egress': end
[18:23:08.614] [bmv2] [D] [thread 3782] [14.0] [cxt 0] Deparser 'deparser': start
[18:23:08.614] [bmv2] [T] [thread 3782] [14.0] [cxt 0] Skipping checksum 'cksum' update because condition not met
[18:23:08.614] [bmv2] [D] [thread 3782] [14.0] [cxt 0] Deparsing header 'ethernet'
[18:23:08.614] [bmv2] [D] [thread 3782] [14.0] [cxt 0] Deparser 'deparser': end
[18:23:08.614] [bmv2] [D] [thread 3786] [13.0] [cxt 0] Transmitting packet of size 90 out of port 0
[18:23:08.614] [bmv2] [D] [thread 3786] [14.0] [cxt 0] Transmitting packet of size 70 out of port 0
[18:23:08.645] [bmv2] [D] [thread 3781] [15.0] [cxt 0] Processing packet received on port 4
[18:23:08.645] [bmv2] [D] [thread 3781] [15.0] [cxt 0] Parser 'parser': start
[18:23:08.645] [bmv2] [D] [thread 3781] [15.0] [cxt 0] Parser 'parser' entering state 'start'
[18:23:08.645] [bmv2] [D] [thread 3781] [15.0] [cxt 0] Extracting header 'ethernet'
[18:23:08.645] [bmv2] [D] [thread 3781] [15.0] [cxt 0] Parser state 'start': key is 86dd
[18:23:08.645] [bmv2] [T] [thread 3781] [15.0] [cxt 0] Bytes parsed: 14
[18:23:08.645] [bmv2] [D] [thread 3781] [15.0] [cxt 0] Parser 'parser': end
[18:23:08.645] [bmv2] [D] [thread 3781] [15.0] [cxt 0] Pipeline 'ingress': start
[18:23:08.645] [bmv2] [T] [thread 3781] [15.0] [cxt 0] qos.p4(197) Condition "hdr.ipv4.isValid()" (node_2) is false
[18:23:08.645] [bmv2] [D] [thread 3781] [15.0] [cxt 0] Pipeline 'ingress': end
[18:23:08.645] [bmv2] [D] [thread 3781] [15.0] [cxt 0] Egress port is 0
[18:23:08.645] [bmv2] [D] [thread 3782] [15.0] [cxt 0] Pipeline 'egress': start
[18:23:08.645] [bmv2] [D] [thread 3782] [15.0] [cxt 0] Pipeline 'egress': end
[18:23:08.645] [bmv2] [D] [thread 3782] [15.0] [cxt 0] Deparser 'deparser': start
[18:23:08.646] [bmv2] [T] [thread 3782] [15.0] [cxt 0] Skipping checksum 'cksum' update because condition not met
[18:23:08.646] [bmv2] [D] [thread 3782] [15.0] [cxt 0] Deparsing header 'ethernet'
[18:23:08.646] [bmv2] [D] [thread 3782] [15.0] [cxt 0] Deparser 'deparser': end
[18:23:08.646] [bmv2] [D] [thread 3786] [15.0] [cxt 0] Transmitting packet of size 90 out of port 0
[18:23:08.761] [bmv2] [D] [thread 3781] [16.0] [cxt 0] Processing packet received on port 4
[18:23:08.761] [bmv2] [D] [thread 3781] [16.0] [cxt 0] Parser 'parser': start
[18:23:08.761] [bmv2] [D] [thread 3781] [16.0] [cxt 0] Parser 'parser' entering state 'start'
[18:23:08.761] [bmv2] [D] [thread 3781] [16.0] [cxt 0] Extracting header 'ethernet'
[18:23:08.761] [bmv2] [D] [thread 3781] [16.0] [cxt 0] Parser state 'start': key is 86dd
[18:23:08.761] [bmv2] [T] [thread 3781] [16.0] [cxt 0] Bytes parsed: 14
[18:23:08.761] [bmv2] [D] [thread 3781] [16.0] [cxt 0] Parser 'parser': end
[18:23:08.761] [bmv2] [D] [thread 3781] [16.0] [cxt 0] Pipeline 'ingress': start
[18:23:08.761] [bmv2] [T] [thread 3781] [16.0] [cxt 0] qos.p4(197) Condition "hdr.ipv4.isValid()" (node_2) is false
[18:23:08.761] [bmv2] [D] [thread 3781] [16.0] [cxt 0] Pipeline 'ingress': end
[18:23:08.761] [bmv2] [D] [thread 3781] [16.0] [cxt 0] Egress port is 0
[18:23:08.761] [bmv2] [D] [thread 3782] [16.0] [cxt 0] Pipeline 'egress': start
[18:23:08.761] [bmv2] [D] [thread 3782] [16.0] [cxt 0] Pipeline 'egress': end
[18:23:08.761] [bmv2] [D] [thread 3782] [16.0] [cxt 0] Deparser 'deparser': start
[18:23:08.761] [bmv2] [T] [thread 3782] [16.0] [cxt 0] Skipping checksum 'cksum' update because condition not met
[18:23:08.761] [bmv2] [D] [thread 3782] [16.0] [cxt 0] Deparsing header 'ethernet'
[18:23:08.761] [bmv2] [D] [thread 3782] [16.0] [cxt 0] Deparser 'deparser': end
[18:23:08.762] [bmv2] [D] [thread 3786] [16.0] [cxt 0] Transmitting packet of size 90 out of port 0
[18:23:08.898] [bmv2] [D] [thread 3781] [17.0] [cxt 0] Processing packet received on port 1
[18:23:08.898] [bmv2] [D] [thread 3781] [17.0] [cxt 0] Parser 'parser': start
[18:23:08.898] [bmv2] [D] [thread 3781] [17.0] [cxt 0] Parser 'parser' entering state 'start'
[18:23:08.898] [bmv2] [D] [thread 3781] [17.0] [cxt 0] Extracting header 'ethernet'
[18:23:08.898] [bmv2] [D] [thread 3781] [17.0] [cxt 0] Parser state 'start': key is 86dd
[18:23:08.898] [bmv2] [T] [thread 3781] [17.0] [cxt 0] Bytes parsed: 14
[18:23:08.898] [bmv2] [D] [thread 3781] [17.0] [cxt 0] Parser 'parser': end
[18:23:08.898] [bmv2] [D] [thread 3781] [17.0] [cxt 0] Pipeline 'ingress': start
[18:23:08.898] [bmv2] [T] [thread 3781] [17.0] [cxt 0] qos.p4(197) Condition "hdr.ipv4.isValid()" (node_2) is false
[18:23:08.898] [bmv2] [D] [thread 3781] [17.0] [cxt 0] Pipeline 'ingress': end
[18:23:08.898] [bmv2] [D] [thread 3781] [17.0] [cxt 0] Egress port is 0
[18:23:08.899] [bmv2] [D] [thread 3782] [17.0] [cxt 0] Pipeline 'egress': start
[18:23:08.899] [bmv2] [D] [thread 3782] [17.0] [cxt 0] Pipeline 'egress': end
[18:23:08.899] [bmv2] [D] [thread 3782] [17.0] [cxt 0] Deparser 'deparser': start
[18:23:08.899] [bmv2] [T] [thread 3782] [17.0] [cxt 0] Skipping checksum 'cksum' update because condition not met
[18:23:08.899] [bmv2] [D] [thread 3782] [17.0] [cxt 0] Deparsing header 'ethernet'
[18:23:08.899] [bmv2] [D] [thread 3782] [17.0] [cxt 0] Deparser 'deparser': end
[18:23:08.899] [bmv2] [D] [thread 3786] [17.0] [cxt 0] Transmitting packet of size 90 out of port 0
[18:23:09.057] [bmv2] [D] [thread 3781] [18.0] [cxt 0] Processing packet received on port 1
[18:23:09.058] [bmv2] [D] [thread 3781] [18.0] [cxt 0] Parser 'parser': start
[18:23:09.058] [bmv2] [D] [thread 3781] [18.0] [cxt 0] Parser 'parser' entering state 'start'
[18:23:09.058] [bmv2] [D] [thread 3781] [18.0] [cxt 0] Extracting header 'ethernet'
[18:23:09.058] [bmv2] [D] [thread 3781] [18.0] [cxt 0] Parser state 'start': key is 86dd
[18:23:09.058] [bmv2] [T] [thread 3781] [18.0] [cxt 0] Bytes parsed: 14
[18:23:09.058] [bmv2] [D] [thread 3781] [18.0] [cxt 0] Parser 'parser': end
[18:23:09.058] [bmv2] [D] [thread 3781] [18.0] [cxt 0] Pipeline 'ingress': start
[18:23:09.058] [bmv2] [T] [thread 3781] [18.0] [cxt 0] qos.p4(197) Condition "hdr.ipv4.isValid()" (node_2) is false
[18:23:09.058] [bmv2] [D] [thread 3781] [18.0] [cxt 0] Pipeline 'ingress': end
[18:23:09.058] [bmv2] [D] [thread 3781] [18.0] [cxt 0] Egress port is 0
[18:23:09.058] [bmv2] [D] [thread 3781] [19.0] [cxt 0] Processing packet received on port 1
[18:23:09.058] [bmv2] [D] [thread 3781] [19.0] [cxt 0] Parser 'parser': start
[18:23:09.058] [bmv2] [D] [thread 3781] [19.0] [cxt 0] Parser 'parser' entering state 'start'
[18:23:09.058] [bmv2] [D] [thread 3781] [19.0] [cxt 0] Extracting header 'ethernet'
[18:23:09.058] [bmv2] [D] [thread 3781] [19.0] [cxt 0] Parser state 'start': key is 86dd
[18:23:09.058] [bmv2] [T] [thread 3781] [19.0] [cxt 0] Bytes parsed: 14
[18:23:09.058] [bmv2] [D] [thread 3781] [19.0] [cxt 0] Parser 'parser': end
[18:23:09.058] [bmv2] [D] [thread 3781] [19.0] [cxt 0] Pipeline 'ingress': start
[18:23:09.058] [bmv2] [T] [thread 3781] [19.0] [cxt 0] qos.p4(197) Condition "hdr.ipv4.isValid()" (node_2) is false
[18:23:09.058] [bmv2] [D] [thread 3781] [19.0] [cxt 0] Pipeline 'ingress': end
[18:23:09.058] [bmv2] [D] [thread 3781] [19.0] [cxt 0] Egress port is 0
[18:23:09.058] [bmv2] [D] [thread 3782] [18.0] [cxt 0] Pipeline 'egress': start
[18:23:09.058] [bmv2] [D] [thread 3782] [18.0] [cxt 0] Pipeline 'egress': end
[18:23:09.058] [bmv2] [D] [thread 3782] [18.0] [cxt 0] Deparser 'deparser': start
[18:23:09.058] [bmv2] [T] [thread 3782] [18.0] [cxt 0] Skipping checksum 'cksum' update because condition not met
[18:23:09.058] [bmv2] [D] [thread 3782] [18.0] [cxt 0] Deparsing header 'ethernet'
[18:23:09.058] [bmv2] [D] [thread 3782] [18.0] [cxt 0] Deparser 'deparser': end
[18:23:09.058] [bmv2] [D] [thread 3782] [19.0] [cxt 0] Pipeline 'egress': start
[18:23:09.058] [bmv2] [D] [thread 3782] [19.0] [cxt 0] Pipeline 'egress': end
[18:23:09.058] [bmv2] [D] [thread 3782] [19.0] [cxt 0] Deparser 'deparser': start
[18:23:09.058] [bmv2] [T] [thread 3782] [19.0] [cxt 0] Skipping checksum 'cksum' update because condition not met
[18:23:09.058] [bmv2] [D] [thread 3782] [19.0] [cxt 0] Deparsing header 'ethernet'
[18:23:09.059] [bmv2] [D] [thread 3782] [19.0] [cxt 0] Deparser 'deparser': end
[18:23:09.059] [bmv2] [D] [thread 3786] [18.0] [cxt 0] Transmitting packet of size 90 out of port 0
[18:23:09.059] [bmv2] [D] [thread 3786] [19.0] [cxt 0] Transmitting packet of size 70 out of port 0
[18:23:09.087] [bmv2] [D] [thread 3781] [20.0] [cxt 0] Processing packet received on port 3
[18:23:09.087] [bmv2] [D] [thread 3781] [20.0] [cxt 0] Parser 'parser': start
[18:23:09.087] [bmv2] [D] [thread 3781] [20.0] [cxt 0] Parser 'parser' entering state 'start'
[18:23:09.087] [bmv2] [D] [thread 3781] [20.0] [cxt 0] Extracting header 'ethernet'
[18:23:09.087] [bmv2] [D] [thread 3781] [20.0] [cxt 0] Parser state 'start': key is 86dd
[18:23:09.087] [bmv2] [T] [thread 3781] [20.0] [cxt 0] Bytes parsed: 14
[18:23:09.087] [bmv2] [D] [thread 3781] [20.0] [cxt 0] Parser 'parser': end
[18:23:09.087] [bmv2] [D] [thread 3781] [20.0] [cxt 0] Pipeline 'ingress': start
[18:23:09.087] [bmv2] [T] [thread 3781] [20.0] [cxt 0] qos.p4(197) Condition "hdr.ipv4.isValid()" (node_2) is false
[18:23:09.087] [bmv2] [D] [thread 3781] [20.0] [cxt 0] Pipeline 'ingress': end
[18:23:09.087] [bmv2] [D] [thread 3781] [20.0] [cxt 0] Egress port is 0
[18:23:09.087] [bmv2] [D] [thread 3782] [20.0] [cxt 0] Pipeline 'egress': start
[18:23:09.087] [bmv2] [D] [thread 3782] [20.0] [cxt 0] Pipeline 'egress': end
[18:23:09.087] [bmv2] [D] [thread 3782] [20.0] [cxt 0] Deparser 'deparser': start
[18:23:09.087] [bmv2] [T] [thread 3782] [20.0] [cxt 0] Skipping checksum 'cksum' update because condition not met
[18:23:09.087] [bmv2] [D] [thread 3782] [20.0] [cxt 0] Deparsing header 'ethernet'
[18:23:09.087] [bmv2] [D] [thread 3782] [20.0] [cxt 0] Deparser 'deparser': end
[18:23:09.087] [bmv2] [D] [thread 3786] [20.0] [cxt 0] Transmitting packet of size 90 out of port 0
[18:23:09.389] [bmv2] [D] [thread 3781] [21.0] [cxt 0] Processing packet received on port 1
[18:23:09.389] [bmv2] [D] [thread 3781] [21.0] [cxt 0] Parser 'parser': start
[18:23:09.389] [bmv2] [D] [thread 3781] [21.0] [cxt 0] Parser 'parser' entering state 'start'
[18:23:09.389] [bmv2] [D] [thread 3781] [21.0] [cxt 0] Extracting header 'ethernet'
[18:23:09.389] [bmv2] [D] [thread 3781] [21.0] [cxt 0] Parser state 'start': key is 86dd
[18:23:09.389] [bmv2] [T] [thread 3781] [21.0] [cxt 0] Bytes parsed: 14
[18:23:09.389] [bmv2] [D] [thread 3781] [21.0] [cxt 0] Parser 'parser': end
[18:23:09.389] [bmv2] [D] [thread 3781] [21.0] [cxt 0] Pipeline 'ingress': start
[18:23:09.389] [bmv2] [T] [thread 3781] [21.0] [cxt 0] qos.p4(197) Condition "hdr.ipv4.isValid()" (node_2) is false
[18:23:09.389] [bmv2] [D] [thread 3781] [21.0] [cxt 0] Pipeline 'ingress': end
[18:23:09.389] [bmv2] [D] [thread 3781] [21.0] [cxt 0] Egress port is 0
[18:23:09.389] [bmv2] [D] [thread 3782] [21.0] [cxt 0] Pipeline 'egress': start
[18:23:09.389] [bmv2] [D] [thread 3782] [21.0] [cxt 0] Pipeline 'egress': end
[18:23:09.389] [bmv2] [D] [thread 3782] [21.0] [cxt 0] Deparser 'deparser': start
[18:23:09.389] [bmv2] [T] [thread 3782] [21.0] [cxt 0] Skipping checksum 'cksum' update because condition not met
[18:23:09.389] [bmv2] [D] [thread 3782] [21.0] [cxt 0] Deparsing header 'ethernet'
[18:23:09.389] [bmv2] [D] [thread 3782] [21.0] [cxt 0] Deparser 'deparser': end
[18:23:09.389] [bmv2] [D] [thread 3786] [21.0] [cxt 0] Transmitting packet of size 90 out of port 0
[18:23:11.424] [bmv2] [W] [thread 3844] [P4Runtime] p4::tmp::P4DeviceConfig is deprecated
[18:23:11.435] [bmv2] [D] [thread 3844] Set default default entry for table 'tbl_qos199': qos199 - 
[18:23:11.435] [bmv2] [D] [thread 3844] Set default default entry for table 'MyIngress.ipv4_lpm': NoAction - 
[18:23:11.444] [bmv2] [D] [thread 3844] simple_switch target has been notified of a config swap
[18:23:11.477] [bmv2] [D] [thread 3845] Entry 0 added to table 'MyIngress.ipv4_lpm'
[18:23:11.478] [bmv2] [D] [thread 3845] Dumping entry 0
Match key:
* hdr.ipv4.dstAddr    : LPM       0a000101/32
Action entry: MyIngress.ipv4_forward - 80000000101,2,

[18:23:11.492] [bmv2] [D] [thread 3844] Entry 1 added to table 'MyIngress.ipv4_lpm'
[18:23:11.492] [bmv2] [D] [thread 3844] Dumping entry 1
Match key:
* hdr.ipv4.dstAddr    : LPM       0a00010b/32
Action entry: MyIngress.ipv4_forward - 80000000111,1,

[18:23:11.504] [bmv2] [D] [thread 3844] Entry 2 added to table 'MyIngress.ipv4_lpm'
[18:23:11.504] [bmv2] [D] [thread 3844] Dumping entry 2
Match key:
* hdr.ipv4.dstAddr    : LPM       0a000200/24
Action entry: MyIngress.ipv4_forward - 80000000200,3,

[18:23:11.511] [bmv2] [D] [thread 3844] Entry 3 added to table 'MyIngress.ipv4_lpm'
[18:23:11.512] [bmv2] [D] [thread 3844] Dumping entry 3
Match key:
* hdr.ipv4.dstAddr    : LPM       0a000300/24
Action entry: MyIngress.ipv4_forward - 80000000300,4,

[18:23:11.711] [bmv2] [D] [thread 3781] [22.0] [cxt 0] Processing packet received on port 3
[18:23:11.711] [bmv2] [D] [thread 3781] [22.0] [cxt 0] Parser 'parser': start
[18:23:11.711] [bmv2] [D] [thread 3781] [22.0] [cxt 0] Parser 'parser' entering state 'start'
[18:23:11.711] [bmv2] [D] [thread 3781] [22.0] [cxt 0] Extracting header 'ethernet'
[18:23:11.711] [bmv2] [D] [thread 3781] [22.0] [cxt 0] Parser state 'start': key is 86dd
[18:23:11.711] [bmv2] [T] [thread 3781] [22.0] [cxt 0] Bytes parsed: 14
[18:23:11.711] [bmv2] [D] [thread 3781] [22.0] [cxt 0] Parser 'parser': end
[18:23:11.711] [bmv2] [D] [thread 3781] [22.0] [cxt 0] Pipeline 'ingress': start
[18:23:11.711] [bmv2] [T] [thread 3781] [22.0] [cxt 0] qos.p4(197) Condition "hdr.ipv4.isValid()" (node_2) is false
[18:23:11.711] [bmv2] [D] [thread 3781] [22.0] [cxt 0] Pipeline 'ingress': end
[18:23:11.711] [bmv2] [D] [thread 3781] [22.0] [cxt 0] Egress port is 0
[18:23:11.712] [bmv2] [D] [thread 3782] [22.0] [cxt 0] Pipeline 'egress': start
[18:23:11.712] [bmv2] [D] [thread 3782] [22.0] [cxt 0] Pipeline 'egress': end
[18:23:11.712] [bmv2] [D] [thread 3782] [22.0] [cxt 0] Deparser 'deparser': start
[18:23:11.712] [bmv2] [T] [thread 3782] [22.0] [cxt 0] Skipping checksum 'cksum' update because condition not met
[18:23:11.712] [bmv2] [D] [thread 3782] [22.0] [cxt 0] Deparsing header 'ethernet'
[18:23:11.712] [bmv2] [D] [thread 3782] [22.0] [cxt 0] Deparser 'deparser': end
[18:23:11.712] [bmv2] [D] [thread 3786] [22.0] [cxt 0] Transmitting packet of size 70 out of port 0
[18:23:12.635] [bmv2] [D] [thread 3781] [23.0] [cxt 0] Processing packet received on port 4
[18:23:12.636] [bmv2] [D] [thread 3781] [23.0] [cxt 0] Parser 'parser': start
[18:23:12.636] [bmv2] [D] [thread 3781] [23.0] [cxt 0] Parser 'parser' entering state 'start'
[18:23:12.636] [bmv2] [D] [thread 3781] [23.0] [cxt 0] Extracting header 'ethernet'
[18:23:12.636] [bmv2] [D] [thread 3781] [23.0] [cxt 0] Parser state 'start': key is 86dd
[18:23:12.636] [bmv2] [T] [thread 3781] [23.0] [cxt 0] Bytes parsed: 14
[18:23:12.636] [bmv2] [D] [thread 3781] [23.0] [cxt 0] Parser 'parser': end
[18:23:12.636] [bmv2] [D] [thread 3781] [23.0] [cxt 0] Pipeline 'ingress': start
[18:23:12.636] [bmv2] [T] [thread 3781] [23.0] [cxt 0] qos.p4(197) Condition "hdr.ipv4.isValid()" (node_2) is false
[18:23:12.636] [bmv2] [D] [thread 3781] [23.0] [cxt 0] Pipeline 'ingress': end
[18:23:12.636] [bmv2] [D] [thread 3781] [23.0] [cxt 0] Egress port is 0
[18:23:12.636] [bmv2] [D] [thread 3781] [24.0] [cxt 0] Processing packet received on port 4
[18:23:12.636] [bmv2] [D] [thread 3781] [24.0] [cxt 0] Parser 'parser': start
[18:23:12.636] [bmv2] [D] [thread 3781] [24.0] [cxt 0] Parser 'parser' entering state 'start'
[18:23:12.636] [bmv2] [D] [thread 3781] [24.0] [cxt 0] Extracting header 'ethernet'
[18:23:12.636] [bmv2] [D] [thread 3781] [24.0] [cxt 0] Parser state 'start': key is 86dd
[18:23:12.636] [bmv2] [T] [thread 3781] [24.0] [cxt 0] Bytes parsed: 14
[18:23:12.636] [bmv2] [D] [thread 3781] [24.0] [cxt 0] Parser 'parser': end
[18:23:12.636] [bmv2] [D] [thread 3781] [24.0] [cxt 0] Pipeline 'ingress': start
[18:23:12.636] [bmv2] [T] [thread 3781] [24.0] [cxt 0] qos.p4(197) Condition "hdr.ipv4.isValid()" (node_2) is false
[18:23:12.636] [bmv2] [D] [thread 3781] [24.0] [cxt 0] Pipeline 'ingress': end
[18:23:12.636] [bmv2] [D] [thread 3781] [24.0] [cxt 0] Egress port is 0
[18:23:12.636] [bmv2] [D] [thread 3782] [23.0] [cxt 0] Pipeline 'egress': start
[18:23:12.636] [bmv2] [D] [thread 3782] [23.0] [cxt 0] Pipeline 'egress': end
[18:23:12.636] [bmv2] [D] [thread 3782] [23.0] [cxt 0] Deparser 'deparser': start
[18:23:12.636] [bmv2] [T] [thread 3782] [23.0] [cxt 0] Skipping checksum 'cksum' update because condition not met
[18:23:12.636] [bmv2] [D] [thread 3782] [23.0] [cxt 0] Deparsing header 'ethernet'
[18:23:12.636] [bmv2] [D] [thread 3782] [23.0] [cxt 0] Deparser 'deparser': end
[18:23:12.636] [bmv2] [D] [thread 3782] [24.0] [cxt 0] Pipeline 'egress': start
[18:23:12.636] [bmv2] [D] [thread 3782] [24.0] [cxt 0] Pipeline 'egress': end
[18:23:12.636] [bmv2] [D] [thread 3782] [24.0] [cxt 0] Deparser 'deparser': start
[18:23:12.636] [bmv2] [T] [thread 3782] [24.0] [cxt 0] Skipping checksum 'cksum' update because condition not met
[18:23:12.636] [bmv2] [D] [thread 3782] [24.0] [cxt 0] Deparsing header 'ethernet'
[18:23:12.636] [bmv2] [D] [thread 3782] [24.0] [cxt 0] Deparser 'deparser': end
[18:23:12.637] [bmv2] [D] [thread 3786] [23.0] [cxt 0] Transmitting packet of size 70 out of port 0
[18:23:12.637] [bmv2] [D] [thread 3786] [24.0] [cxt 0] Transmitting packet of size 70 out of port 0
[18:23:12.868] [bmv2] [D] [thread 3781] [25.0] [cxt 0] Processing packet received on port 2
[18:23:12.868] [bmv2] [D] [thread 3781] [25.0] [cxt 0] Parser 'parser': start
[18:23:12.868] [bmv2] [D] [thread 3781] [25.0] [cxt 0] Parser 'parser' entering state 'start'
[18:23:12.868] [bmv2] [D] [thread 3781] [25.0] [cxt 0] Extracting header 'ethernet'
[18:23:12.868] [bmv2] [D] [thread 3781] [25.0] [cxt 0] Parser state 'start': key is 86dd
[18:23:12.868] [bmv2] [T] [thread 3781] [25.0] [cxt 0] Bytes parsed: 14
[18:23:12.868] [bmv2] [D] [thread 3781] [25.0] [cxt 0] Parser 'parser': end
[18:23:12.868] [bmv2] [D] [thread 3781] [25.0] [cxt 0] Pipeline 'ingress': start
[18:23:12.868] [bmv2] [T] [thread 3781] [25.0] [cxt 0] qos.p4(197) Condition "hdr.ipv4.isValid()" (node_2) is false
[18:23:12.868] [bmv2] [D] [thread 3781] [25.0] [cxt 0] Pipeline 'ingress': end
[18:23:12.868] [bmv2] [D] [thread 3781] [25.0] [cxt 0] Egress port is 0
[18:23:12.868] [bmv2] [D] [thread 3782] [25.0] [cxt 0] Pipeline 'egress': start
[18:23:12.869] [bmv2] [D] [thread 3782] [25.0] [cxt 0] Pipeline 'egress': end
[18:23:12.869] [bmv2] [D] [thread 3782] [25.0] [cxt 0] Deparser 'deparser': start
[18:23:12.869] [bmv2] [T] [thread 3782] [25.0] [cxt 0] Skipping checksum 'cksum' update because condition not met
[18:23:12.869] [bmv2] [D] [thread 3782] [25.0] [cxt 0] Deparsing header 'ethernet'
[18:23:12.869] [bmv2] [D] [thread 3782] [25.0] [cxt 0] Deparser 'deparser': end
[18:23:12.869] [bmv2] [D] [thread 3786] [25.0] [cxt 0] Transmitting packet of size 70 out of port 0
[18:23:12.993] [bmv2] [D] [thread 3781] [26.0] [cxt 0] Processing packet received on port 3
[18:23:12.993] [bmv2] [D] [thread 3781] [26.0] [cxt 0] Parser 'parser': start
[18:23:12.993] [bmv2] [D] [thread 3781] [26.0] [cxt 0] Parser 'parser' entering state 'start'
[18:23:12.993] [bmv2] [D] [thread 3781] [26.0] [cxt 0] Extracting header 'ethernet'
[18:23:12.994] [bmv2] [D] [thread 3781] [26.0] [cxt 0] Parser state 'start': key is 86dd
[18:23:12.994] [bmv2] [T] [thread 3781] [26.0] [cxt 0] Bytes parsed: 14
[18:23:12.994] [bmv2] [D] [thread 3781] [26.0] [cxt 0] Parser 'parser': end
[18:23:12.994] [bmv2] [D] [thread 3781] [26.0] [cxt 0] Pipeline 'ingress': start
[18:23:12.994] [bmv2] [T] [thread 3781] [26.0] [cxt 0] qos.p4(197) Condition "hdr.ipv4.isValid()" (node_2) is false
[18:23:12.994] [bmv2] [D] [thread 3781] [26.0] [cxt 0] Pipeline 'ingress': end
[18:23:12.994] [bmv2] [D] [thread 3781] [26.0] [cxt 0] Egress port is 0
[18:23:12.995] [bmv2] [D] [thread 3782] [26.0] [cxt 0] Pipeline 'egress': start
[18:23:12.995] [bmv2] [D] [thread 3782] [26.0] [cxt 0] Pipeline 'egress': end
[18:23:12.995] [bmv2] [D] [thread 3782] [26.0] [cxt 0] Deparser 'deparser': start
[18:23:12.995] [bmv2] [T] [thread 3782] [26.0] [cxt 0] Skipping checksum 'cksum' update because condition not met
[18:23:12.995] [bmv2] [D] [thread 3782] [26.0] [cxt 0] Deparsing header 'ethernet'
[18:23:12.995] [bmv2] [D] [thread 3782] [26.0] [cxt 0] Deparser 'deparser': end
[18:23:12.995] [bmv2] [D] [thread 3786] [26.0] [cxt 0] Transmitting packet of size 70 out of port 0
[18:23:13.123] [bmv2] [D] [thread 3781] [27.0] [cxt 0] Processing packet received on port 1
[18:23:13.123] [bmv2] [D] [thread 3781] [27.0] [cxt 0] Parser 'parser': start
[18:23:13.123] [bmv2] [D] [thread 3781] [27.0] [cxt 0] Parser 'parser' entering state 'start'
[18:23:13.124] [bmv2] [D] [thread 3781] [27.0] [cxt 0] Extracting header 'ethernet'
[18:23:13.124] [bmv2] [D] [thread 3781] [27.0] [cxt 0] Parser state 'start': key is 86dd
[18:23:13.124] [bmv2] [T] [thread 3781] [27.0] [cxt 0] Bytes parsed: 14
[18:23:13.124] [bmv2] [D] [thread 3781] [27.0] [cxt 0] Parser 'parser': end
[18:23:13.124] [bmv2] [D] [thread 3781] [27.0] [cxt 0] Pipeline 'ingress': start
[18:23:13.124] [bmv2] [T] [thread 3781] [27.0] [cxt 0] qos.p4(197) Condition "hdr.ipv4.isValid()" (node_2) is false
[18:23:13.124] [bmv2] [D] [thread 3781] [27.0] [cxt 0] Pipeline 'ingress': end
[18:23:13.124] [bmv2] [D] [thread 3781] [27.0] [cxt 0] Egress port is 0
[18:23:13.125] [bmv2] [D] [thread 3782] [27.0] [cxt 0] Pipeline 'egress': start
[18:23:13.126] [bmv2] [D] [thread 3782] [27.0] [cxt 0] Pipeline 'egress': end
[18:23:13.126] [bmv2] [D] [thread 3782] [27.0] [cxt 0] Deparser 'deparser': start
[18:23:13.126] [bmv2] [T] [thread 3782] [27.0] [cxt 0] Skipping checksum 'cksum' update because condition not met
[18:23:13.127] [bmv2] [D] [thread 3782] [27.0] [cxt 0] Deparsing header 'ethernet'
[18:23:13.127] [bmv2] [D] [thread 3782] [27.0] [cxt 0] Deparser 'deparser': end
[18:23:13.127] [bmv2] [D] [thread 3786] [27.0] [cxt 0] Transmitting packet of size 70 out of port 0
[18:23:19.654] [bmv2] [D] [thread 3781] [28.0] [cxt 0] Processing packet received on port 3
[18:23:19.654] [bmv2] [D] [thread 3781] [28.0] [cxt 0] Parser 'parser': start
[18:23:19.654] [bmv2] [D] [thread 3781] [28.0] [cxt 0] Parser 'parser' entering state 'start'
[18:23:19.654] [bmv2] [D] [thread 3781] [28.0] [cxt 0] Extracting header 'ethernet'
[18:23:19.654] [bmv2] [D] [thread 3781] [28.0] [cxt 0] Parser state 'start': key is 86dd
[18:23:19.654] [bmv2] [T] [thread 3781] [28.0] [cxt 0] Bytes parsed: 14
[18:23:19.654] [bmv2] [D] [thread 3781] [28.0] [cxt 0] Parser 'parser': end
[18:23:19.654] [bmv2] [D] [thread 3781] [28.0] [cxt 0] Pipeline 'ingress': start
[18:23:19.655] [bmv2] [T] [thread 3781] [28.0] [cxt 0] qos.p4(197) Condition "hdr.ipv4.isValid()" (node_2) is false
[18:23:19.655] [bmv2] [D] [thread 3781] [28.0] [cxt 0] Pipeline 'ingress': end
[18:23:19.655] [bmv2] [D] [thread 3781] [28.0] [cxt 0] Egress port is 0
[18:23:19.656] [bmv2] [D] [thread 3782] [28.0] [cxt 0] Pipeline 'egress': start
[18:23:19.656] [bmv2] [D] [thread 3782] [28.0] [cxt 0] Pipeline 'egress': end
[18:23:19.657] [bmv2] [D] [thread 3782] [28.0] [cxt 0] Deparser 'deparser': start
[18:23:19.657] [bmv2] [T] [thread 3782] [28.0] [cxt 0] Skipping checksum 'cksum' update because condition not met
[18:23:19.657] [bmv2] [D] [thread 3782] [28.0] [cxt 0] Deparsing header 'ethernet'
[18:23:19.657] [bmv2] [D] [thread 3782] [28.0] [cxt 0] Deparser 'deparser': end
[18:23:19.657] [bmv2] [D] [thread 3786] [28.0] [cxt 0] Transmitting packet of size 70 out of port 0
[18:23:20.831] [bmv2] [D] [thread 3781] [29.0] [cxt 0] Processing packet received on port 4
[18:23:20.831] [bmv2] [D] [thread 3781] [29.0] [cxt 0] Parser 'parser': start
[18:23:20.831] [bmv2] [D] [thread 3781] [29.0] [cxt 0] Parser 'parser' entering state 'start'
[18:23:20.831] [bmv2] [D] [thread 3781] [29.0] [cxt 0] Extracting header 'ethernet'
[18:23:20.831] [bmv2] [D] [thread 3781] [29.0] [cxt 0] Parser state 'start': key is 86dd
[18:23:20.831] [bmv2] [T] [thread 3781] [29.0] [cxt 0] Bytes parsed: 14
[18:23:20.831] [bmv2] [D] [thread 3781] [29.0] [cxt 0] Parser 'parser': end
[18:23:20.831] [bmv2] [D] [thread 3781] [29.0] [cxt 0] Pipeline 'ingress': start
[18:23:20.831] [bmv2] [T] [thread 3781] [29.0] [cxt 0] qos.p4(197) Condition "hdr.ipv4.isValid()" (node_2) is false
[18:23:20.831] [bmv2] [D] [thread 3781] [29.0] [cxt 0] Pipeline 'ingress': end
[18:23:20.831] [bmv2] [D] [thread 3781] [29.0] [cxt 0] Egress port is 0
[18:23:20.832] [bmv2] [D] [thread 3782] [29.0] [cxt 0] Pipeline 'egress': start
[18:23:20.832] [bmv2] [D] [thread 3782] [29.0] [cxt 0] Pipeline 'egress': end
[18:23:20.832] [bmv2] [D] [thread 3782] [29.0] [cxt 0] Deparser 'deparser': start
[18:23:20.832] [bmv2] [T] [thread 3782] [29.0] [cxt 0] Skipping checksum 'cksum' update because condition not met
[18:23:20.832] [bmv2] [D] [thread 3782] [29.0] [cxt 0] Deparsing header 'ethernet'
[18:23:20.832] [bmv2] [D] [thread 3782] [29.0] [cxt 0] Deparser 'deparser': end
[18:23:20.833] [bmv2] [D] [thread 3786] [29.0] [cxt 0] Transmitting packet of size 70 out of port 0
[18:23:21.318] [bmv2] [D] [thread 3781] [30.0] [cxt 0] Processing packet received on port 2
[18:23:21.318] [bmv2] [D] [thread 3781] [30.0] [cxt 0] Parser 'parser': start
[18:23:21.318] [bmv2] [D] [thread 3781] [30.0] [cxt 0] Parser 'parser' entering state 'start'
[18:23:21.318] [bmv2] [D] [thread 3781] [30.0] [cxt 0] Extracting header 'ethernet'
[18:23:21.319] [bmv2] [D] [thread 3781] [30.0] [cxt 0] Parser state 'start': key is 86dd
[18:23:21.319] [bmv2] [T] [thread 3781] [30.0] [cxt 0] Bytes parsed: 14
[18:23:21.319] [bmv2] [D] [thread 3781] [30.0] [cxt 0] Parser 'parser': end
[18:23:21.320] [bmv2] [D] [thread 3781] [30.0] [cxt 0] Pipeline 'ingress': start
[18:23:21.320] [bmv2] [T] [thread 3781] [30.0] [cxt 0] qos.p4(197) Condition "hdr.ipv4.isValid()" (node_2) is false
[18:23:21.320] [bmv2] [D] [thread 3781] [30.0] [cxt 0] Pipeline 'ingress': end
[18:23:21.320] [bmv2] [D] [thread 3781] [30.0] [cxt 0] Egress port is 0
[18:23:21.321] [bmv2] [D] [thread 3782] [30.0] [cxt 0] Pipeline 'egress': start
[18:23:21.321] [bmv2] [D] [thread 3782] [30.0] [cxt 0] Pipeline 'egress': end
[18:23:21.321] [bmv2] [D] [thread 3782] [30.0] [cxt 0] Deparser 'deparser': start
[18:23:21.321] [bmv2] [T] [thread 3782] [30.0] [cxt 0] Skipping checksum 'cksum' update because condition not met
[18:23:21.321] [bmv2] [D] [thread 3782] [30.0] [cxt 0] Deparsing header 'ethernet'
[18:23:21.321] [bmv2] [D] [thread 3782] [30.0] [cxt 0] Deparser 'deparser': end
[18:23:21.322] [bmv2] [D] [thread 3786] [30.0] [cxt 0] Transmitting packet of size 70 out of port 0
[18:23:21.574] [bmv2] [D] [thread 3781] [31.0] [cxt 0] Processing packet received on port 1
[18:23:21.574] [bmv2] [D] [thread 3781] [31.0] [cxt 0] Parser 'parser': start
[18:23:21.574] [bmv2] [D] [thread 3781] [31.0] [cxt 0] Parser 'parser' entering state 'start'
[18:23:21.574] [bmv2] [D] [thread 3781] [31.0] [cxt 0] Extracting header 'ethernet'
[18:23:21.575] [bmv2] [D] [thread 3781] [31.0] [cxt 0] Parser state 'start': key is 86dd
[18:23:21.575] [bmv2] [T] [thread 3781] [31.0] [cxt 0] Bytes parsed: 14
[18:23:21.575] [bmv2] [D] [thread 3781] [31.0] [cxt 0] Parser 'parser': end
[18:23:21.575] [bmv2] [D] [thread 3781] [31.0] [cxt 0] Pipeline 'ingress': start
[18:23:21.575] [bmv2] [T] [thread 3781] [31.0] [cxt 0] qos.p4(197) Condition "hdr.ipv4.isValid()" (node_2) is false
[18:23:21.575] [bmv2] [D] [thread 3781] [31.0] [cxt 0] Pipeline 'ingress': end
[18:23:21.575] [bmv2] [D] [thread 3781] [31.0] [cxt 0] Egress port is 0
[18:23:21.576] [bmv2] [D] [thread 3782] [31.0] [cxt 0] Pipeline 'egress': start
[18:23:21.576] [bmv2] [D] [thread 3782] [31.0] [cxt 0] Pipeline 'egress': end
[18:23:21.576] [bmv2] [D] [thread 3782] [31.0] [cxt 0] Deparser 'deparser': start
[18:23:21.577] [bmv2] [T] [thread 3782] [31.0] [cxt 0] Skipping checksum 'cksum' update because condition not met
[18:23:21.577] [bmv2] [D] [thread 3782] [31.0] [cxt 0] Deparsing header 'ethernet'
[18:23:21.577] [bmv2] [D] [thread 3782] [31.0] [cxt 0] Deparser 'deparser': end
[18:23:21.577] [bmv2] [D] [thread 3786] [31.0] [cxt 0] Transmitting packet of size 70 out of port 0
[18:23:21.698] [bmv2] [D] [thread 3781] [32.0] [cxt 0] Processing packet received on port 3
[18:23:21.698] [bmv2] [D] [thread 3781] [32.0] [cxt 0] Parser 'parser': start
[18:23:21.699] [bmv2] [D] [thread 3781] [32.0] [cxt 0] Parser 'parser' entering state 'start'
[18:23:21.699] [bmv2] [D] [thread 3781] [32.0] [cxt 0] Extracting header 'ethernet'
[18:23:21.699] [bmv2] [D] [thread 3781] [32.0] [cxt 0] Parser state 'start': key is 86dd
[18:23:21.699] [bmv2] [T] [thread 3781] [32.0] [cxt 0] Bytes parsed: 14
[18:23:21.699] [bmv2] [D] [thread 3781] [32.0] [cxt 0] Parser 'parser': end
[18:23:21.699] [bmv2] [D] [thread 3781] [32.0] [cxt 0] Pipeline 'ingress': start
[18:23:21.699] [bmv2] [T] [thread 3781] [32.0] [cxt 0] qos.p4(197) Condition "hdr.ipv4.isValid()" (node_2) is false
[18:23:21.699] [bmv2] [D] [thread 3781] [32.0] [cxt 0] Pipeline 'ingress': end
[18:23:21.699] [bmv2] [D] [thread 3781] [32.0] [cxt 0] Egress port is 0
[18:23:21.705] [bmv2] [D] [thread 3782] [32.0] [cxt 0] Pipeline 'egress': start
[18:23:21.706] [bmv2] [D] [thread 3782] [32.0] [cxt 0] Pipeline 'egress': end
[18:23:21.706] [bmv2] [D] [thread 3782] [32.0] [cxt 0] Deparser 'deparser': start
[18:23:21.706] [bmv2] [T] [thread 3782] [32.0] [cxt 0] Skipping checksum 'cksum' update because condition not met
[18:23:21.706] [bmv2] [D] [thread 3782] [32.0] [cxt 0] Deparsing header 'ethernet'
[18:23:21.706] [bmv2] [D] [thread 3782] [32.0] [cxt 0] Deparser 'deparser': end
[18:23:21.706] [bmv2] [D] [thread 3786] [32.0] [cxt 0] Transmitting packet of size 70 out of port 0
[18:23:21.856] [bmv2] [D] [thread 3781] [33.0] [cxt 0] Processing packet received on port 4
[18:23:21.857] [bmv2] [D] [thread 3781] [33.0] [cxt 0] Parser 'parser': start
[18:23:21.857] [bmv2] [D] [thread 3781] [33.0] [cxt 0] Parser 'parser' entering state 'start'
[18:23:21.857] [bmv2] [D] [thread 3781] [33.0] [cxt 0] Extracting header 'ethernet'
[18:23:21.858] [bmv2] [D] [thread 3781] [33.0] [cxt 0] Parser state 'start': key is 86dd
[18:23:21.858] [bmv2] [T] [thread 3781] [33.0] [cxt 0] Bytes parsed: 14
[18:23:21.858] [bmv2] [D] [thread 3781] [33.0] [cxt 0] Parser 'parser': end
[18:23:21.858] [bmv2] [D] [thread 3781] [33.0] [cxt 0] Pipeline 'ingress': start
[18:23:21.858] [bmv2] [T] [thread 3781] [33.0] [cxt 0] qos.p4(197) Condition "hdr.ipv4.isValid()" (node_2) is false
[18:23:21.858] [bmv2] [D] [thread 3781] [33.0] [cxt 0] Pipeline 'ingress': end
[18:23:21.858] [bmv2] [D] [thread 3781] [33.0] [cxt 0] Egress port is 0
[18:23:21.858] [bmv2] [D] [thread 3782] [33.0] [cxt 0] Pipeline 'egress': start
[18:23:21.859] [bmv2] [D] [thread 3782] [33.0] [cxt 0] Pipeline 'egress': end
[18:23:21.859] [bmv2] [D] [thread 3782] [33.0] [cxt 0] Deparser 'deparser': start
[18:23:21.859] [bmv2] [T] [thread 3782] [33.0] [cxt 0] Skipping checksum 'cksum' update because condition not met
[18:23:21.859] [bmv2] [D] [thread 3782] [33.0] [cxt 0] Deparsing header 'ethernet'
[18:23:21.859] [bmv2] [D] [thread 3782] [33.0] [cxt 0] Deparser 'deparser': end
[18:23:21.859] [bmv2] [D] [thread 3786] [33.0] [cxt 0] Transmitting packet of size 70 out of port 0
[18:23:31.225] [bmv2] [T] [thread 3890] bm_get_config
[18:23:35.266] [bmv2] [D] [thread 3781] [34.0] [cxt 0] Processing packet received on port 3
[18:23:35.267] [bmv2] [D] [thread 3781] [34.0] [cxt 0] Parser 'parser': start
[18:23:35.267] [bmv2] [D] [thread 3781] [34.0] [cxt 0] Parser 'parser' entering state 'start'
[18:23:35.267] [bmv2] [D] [thread 3781] [34.0] [cxt 0] Extracting header 'ethernet'
[18:23:35.267] [bmv2] [D] [thread 3781] [34.0] [cxt 0] Parser state 'start': key is 86dd
[18:23:35.268] [bmv2] [T] [thread 3781] [34.0] [cxt 0] Bytes parsed: 14
[18:23:35.268] [bmv2] [D] [thread 3781] [34.0] [cxt 0] Parser 'parser': end
[18:23:35.268] [bmv2] [D] [thread 3781] [34.0] [cxt 0] Pipeline 'ingress': start
[18:23:35.268] [bmv2] [T] [thread 3781] [34.0] [cxt 0] qos.p4(197) Condition "hdr.ipv4.isValid()" (node_2) is false
[18:23:35.268] [bmv2] [D] [thread 3781] [34.0] [cxt 0] Pipeline 'ingress': end
[18:23:35.268] [bmv2] [D] [thread 3781] [34.0] [cxt 0] Egress port is 0
[18:23:35.268] [bmv2] [D] [thread 3782] [34.0] [cxt 0] Pipeline 'egress': start
[18:23:35.268] [bmv2] [D] [thread 3782] [34.0] [cxt 0] Pipeline 'egress': end
[18:23:35.269] [bmv2] [D] [thread 3782] [34.0] [cxt 0] Deparser 'deparser': start
[18:23:35.269] [bmv2] [T] [thread 3782] [34.0] [cxt 0] Skipping checksum 'cksum' update because condition not met
[18:23:35.269] [bmv2] [D] [thread 3782] [34.0] [cxt 0] Deparsing header 'ethernet'
[18:23:35.270] [bmv2] [D] [thread 3782] [34.0] [cxt 0] Deparser 'deparser': end
[18:23:35.270] [bmv2] [D] [thread 3786] [34.0] [cxt 0] Transmitting packet of size 70 out of port 0
[18:23:37.472] [bmv2] [D] [thread 3781] [35.0] [cxt 0] Processing packet received on port 4
[18:23:37.472] [bmv2] [D] [thread 3781] [35.0] [cxt 0] Parser 'parser': start
[18:23:37.472] [bmv2] [D] [thread 3781] [35.0] [cxt 0] Parser 'parser' entering state 'start'
[18:23:37.472] [bmv2] [D] [thread 3781] [35.0] [cxt 0] Extracting header 'ethernet'
[18:23:37.472] [bmv2] [D] [thread 3781] [35.0] [cxt 0] Parser state 'start': key is 86dd
[18:23:37.472] [bmv2] [T] [thread 3781] [35.0] [cxt 0] Bytes parsed: 14
[18:23:37.472] [bmv2] [D] [thread 3781] [35.0] [cxt 0] Parser 'parser': end
[18:23:37.473] [bmv2] [D] [thread 3781] [35.0] [cxt 0] Pipeline 'ingress': start
[18:23:37.473] [bmv2] [T] [thread 3781] [35.0] [cxt 0] qos.p4(197) Condition "hdr.ipv4.isValid()" (node_2) is false
[18:23:37.473] [bmv2] [D] [thread 3781] [35.0] [cxt 0] Pipeline 'ingress': end
[18:23:37.474] [bmv2] [D] [thread 3781] [35.0] [cxt 0] Egress port is 0
[18:23:37.476] [bmv2] [D] [thread 3782] [35.0] [cxt 0] Pipeline 'egress': start
[18:23:37.476] [bmv2] [D] [thread 3782] [35.0] [cxt 0] Pipeline 'egress': end
[18:23:37.476] [bmv2] [D] [thread 3782] [35.0] [cxt 0] Deparser 'deparser': start
[18:23:37.476] [bmv2] [T] [thread 3782] [35.0] [cxt 0] Skipping checksum 'cksum' update because condition not met
[18:23:37.476] [bmv2] [D] [thread 3782] [35.0] [cxt 0] Deparsing header 'ethernet'
[18:23:37.476] [bmv2] [D] [thread 3782] [35.0] [cxt 0] Deparser 'deparser': end
[18:23:37.476] [bmv2] [D] [thread 3786] [35.0] [cxt 0] Transmitting packet of size 70 out of port 0
[18:23:38.475] [bmv2] [D] [thread 3781] [36.0] [cxt 0] Processing packet received on port 1
[18:23:38.475] [bmv2] [D] [thread 3781] [36.0] [cxt 0] Parser 'parser': start
[18:23:38.475] [bmv2] [D] [thread 3781] [36.0] [cxt 0] Parser 'parser' entering state 'start'
[18:23:38.475] [bmv2] [D] [thread 3781] [36.0] [cxt 0] Extracting header 'ethernet'
[18:23:38.475] [bmv2] [D] [thread 3781] [36.0] [cxt 0] Parser state 'start': key is 86dd
[18:23:38.475] [bmv2] [T] [thread 3781] [36.0] [cxt 0] Bytes parsed: 14
[18:23:38.476] [bmv2] [D] [thread 3781] [36.0] [cxt 0] Parser 'parser': end
[18:23:38.476] [bmv2] [D] [thread 3781] [36.0] [cxt 0] Pipeline 'ingress': start
[18:23:38.476] [bmv2] [T] [thread 3781] [36.0] [cxt 0] qos.p4(197) Condition "hdr.ipv4.isValid()" (node_2) is false
[18:23:38.476] [bmv2] [D] [thread 3781] [36.0] [cxt 0] Pipeline 'ingress': end
[18:23:38.476] [bmv2] [D] [thread 3781] [36.0] [cxt 0] Egress port is 0
[18:23:38.476] [bmv2] [D] [thread 3782] [36.0] [cxt 0] Pipeline 'egress': start
[18:23:38.476] [bmv2] [D] [thread 3782] [36.0] [cxt 0] Pipeline 'egress': end
[18:23:38.476] [bmv2] [D] [thread 3782] [36.0] [cxt 0] Deparser 'deparser': start
[18:23:38.477] [bmv2] [T] [thread 3782] [36.0] [cxt 0] Skipping checksum 'cksum' update because condition not met
[18:23:38.477] [bmv2] [D] [thread 3782] [36.0] [cxt 0] Deparsing header 'ethernet'
[18:23:38.477] [bmv2] [D] [thread 3782] [36.0] [cxt 0] Deparser 'deparser': end
[18:23:38.477] [bmv2] [D] [thread 3786] [36.0] [cxt 0] Transmitting packet of size 70 out of port 0
[18:23:38.478] [bmv2] [D] [thread 3781] [37.0] [cxt 0] Processing packet received on port 2
[18:23:38.478] [bmv2] [D] [thread 3781] [37.0] [cxt 0] Parser 'parser': start
[18:23:38.478] [bmv2] [D] [thread 3781] [37.0] [cxt 0] Parser 'parser' entering state 'start'
[18:23:38.478] [bmv2] [D] [thread 3781] [37.0] [cxt 0] Extracting header 'ethernet'
[18:23:38.478] [bmv2] [D] [thread 3781] [37.0] [cxt 0] Parser state 'start': key is 86dd
[18:23:38.478] [bmv2] [T] [thread 3781] [37.0] [cxt 0] Bytes parsed: 14
[18:23:38.478] [bmv2] [D] [thread 3781] [37.0] [cxt 0] Parser 'parser': end
[18:23:38.478] [bmv2] [D] [thread 3781] [37.0] [cxt 0] Pipeline 'ingress': start
[18:23:38.478] [bmv2] [T] [thread 3781] [37.0] [cxt 0] qos.p4(197) Condition "hdr.ipv4.isValid()" (node_2) is false
[18:23:38.478] [bmv2] [D] [thread 3781] [37.0] [cxt 0] Pipeline 'ingress': end
[18:23:38.478] [bmv2] [D] [thread 3781] [37.0] [cxt 0] Egress port is 0
[18:23:38.478] [bmv2] [D] [thread 3782] [37.0] [cxt 0] Pipeline 'egress': start
[18:23:38.478] [bmv2] [D] [thread 3782] [37.0] [cxt 0] Pipeline 'egress': end
[18:23:38.478] [bmv2] [D] [thread 3782] [37.0] [cxt 0] Deparser 'deparser': start
[18:23:38.479] [bmv2] [T] [thread 3782] [37.0] [cxt 0] Skipping checksum 'cksum' update because condition not met
[18:23:38.479] [bmv2] [D] [thread 3782] [37.0] [cxt 0] Deparsing header 'ethernet'
[18:23:38.479] [bmv2] [D] [thread 3782] [37.0] [cxt 0] Deparser 'deparser': end
[18:23:38.479] [bmv2] [D] [thread 3786] [37.0] [cxt 0] Transmitting packet of size 70 out of port 0
[18:23:39.618] [bmv2] [D] [thread 3781] [38.0] [cxt 0] Processing packet received on port 3
[18:23:39.618] [bmv2] [D] [thread 3781] [38.0] [cxt 0] Parser 'parser': start
[18:23:39.618] [bmv2] [D] [thread 3781] [38.0] [cxt 0] Parser 'parser' entering state 'start'
[18:23:39.618] [bmv2] [D] [thread 3781] [38.0] [cxt 0] Extracting header 'ethernet'
[18:23:39.618] [bmv2] [D] [thread 3781] [38.0] [cxt 0] Parser state 'start': key is 86dd
[18:23:39.619] [bmv2] [T] [thread 3781] [38.0] [cxt 0] Bytes parsed: 14
[18:23:39.619] [bmv2] [D] [thread 3781] [38.0] [cxt 0] Parser 'parser': end
[18:23:39.619] [bmv2] [D] [thread 3781] [38.0] [cxt 0] Pipeline 'ingress': start
[18:23:39.619] [bmv2] [T] [thread 3781] [38.0] [cxt 0] qos.p4(197) Condition "hdr.ipv4.isValid()" (node_2) is false
[18:23:39.619] [bmv2] [D] [thread 3781] [38.0] [cxt 0] Pipeline 'ingress': end
[18:23:39.619] [bmv2] [D] [thread 3781] [38.0] [cxt 0] Egress port is 0
[18:23:39.621] [bmv2] [D] [thread 3782] [38.0] [cxt 0] Pipeline 'egress': start
[18:23:39.621] [bmv2] [D] [thread 3782] [38.0] [cxt 0] Pipeline 'egress': end
[18:23:39.621] [bmv2] [D] [thread 3782] [38.0] [cxt 0] Deparser 'deparser': start
[18:23:39.621] [bmv2] [T] [thread 3782] [38.0] [cxt 0] Skipping checksum 'cksum' update because condition not met
[18:23:39.622] [bmv2] [D] [thread 3782] [38.0] [cxt 0] Deparsing header 'ethernet'
[18:23:39.622] [bmv2] [D] [thread 3782] [38.0] [cxt 0] Deparser 'deparser': end
[18:23:39.622] [bmv2] [D] [thread 3786] [38.0] [cxt 0] Transmitting packet of size 70 out of port 0
[18:23:41.574] [bmv2] [D] [thread 3781] [39.0] [cxt 0] Processing packet received on port 4
[18:23:41.574] [bmv2] [D] [thread 3781] [39.0] [cxt 0] Parser 'parser': start
[18:23:41.574] [bmv2] [D] [thread 3781] [39.0] [cxt 0] Parser 'parser' entering state 'start'
[18:23:41.574] [bmv2] [D] [thread 3781] [39.0] [cxt 0] Extracting header 'ethernet'
[18:23:41.575] [bmv2] [D] [thread 3781] [39.0] [cxt 0] Parser state 'start': key is 86dd
[18:23:41.575] [bmv2] [T] [thread 3781] [39.0] [cxt 0] Bytes parsed: 14
[18:23:41.575] [bmv2] [D] [thread 3781] [39.0] [cxt 0] Parser 'parser': end
[18:23:41.575] [bmv2] [D] [thread 3781] [39.0] [cxt 0] Pipeline 'ingress': start
[18:23:41.575] [bmv2] [T] [thread 3781] [39.0] [cxt 0] qos.p4(197) Condition "hdr.ipv4.isValid()" (node_2) is false
[18:23:41.575] [bmv2] [D] [thread 3781] [39.0] [cxt 0] Pipeline 'ingress': end
[18:23:41.575] [bmv2] [D] [thread 3781] [39.0] [cxt 0] Egress port is 0
[18:23:41.575] [bmv2] [D] [thread 3782] [39.0] [cxt 0] Pipeline 'egress': start
[18:23:41.575] [bmv2] [D] [thread 3782] [39.0] [cxt 0] Pipeline 'egress': end
[18:23:41.575] [bmv2] [D] [thread 3782] [39.0] [cxt 0] Deparser 'deparser': start
[18:23:41.575] [bmv2] [T] [thread 3782] [39.0] [cxt 0] Skipping checksum 'cksum' update because condition not met
[18:23:41.576] [bmv2] [D] [thread 3782] [39.0] [cxt 0] Deparsing header 'ethernet'
[18:23:41.576] [bmv2] [D] [thread 3782] [39.0] [cxt 0] Deparser 'deparser': end
[18:23:41.576] [bmv2] [D] [thread 3786] [39.0] [cxt 0] Transmitting packet of size 70 out of port 0
[18:23:58.178] [bmv2] [T] [thread 3890] set_all_egress_queue_depths
[18:24:08.287] [bmv2] [D] [thread 3781] [40.0] [cxt 0] Processing packet received on port 3
[18:24:08.288] [bmv2] [D] [thread 3781] [40.0] [cxt 0] Parser 'parser': start
[18:24:08.288] [bmv2] [D] [thread 3781] [40.0] [cxt 0] Parser 'parser' entering state 'start'
[18:24:08.288] [bmv2] [D] [thread 3781] [40.0] [cxt 0] Extracting header 'ethernet'
[18:24:08.288] [bmv2] [D] [thread 3781] [40.0] [cxt 0] Parser state 'start': key is 86dd
[18:24:08.288] [bmv2] [T] [thread 3781] [40.0] [cxt 0] Bytes parsed: 14
[18:24:08.288] [bmv2] [D] [thread 3781] [40.0] [cxt 0] Parser 'parser': end
[18:24:08.288] [bmv2] [D] [thread 3781] [40.0] [cxt 0] Pipeline 'ingress': start
[18:24:08.288] [bmv2] [T] [thread 3781] [40.0] [cxt 0] qos.p4(197) Condition "hdr.ipv4.isValid()" (node_2) is false
[18:24:08.288] [bmv2] [D] [thread 3781] [40.0] [cxt 0] Pipeline 'ingress': end
[18:24:08.289] [bmv2] [D] [thread 3781] [40.0] [cxt 0] Egress port is 0
[18:24:08.291] [bmv2] [D] [thread 3782] [40.0] [cxt 0] Pipeline 'egress': start
[18:24:08.291] [bmv2] [D] [thread 3782] [40.0] [cxt 0] Pipeline 'egress': end
[18:24:08.291] [bmv2] [D] [thread 3782] [40.0] [cxt 0] Deparser 'deparser': start
[18:24:08.291] [bmv2] [T] [thread 3782] [40.0] [cxt 0] Skipping checksum 'cksum' update because condition not met
[18:24:08.291] [bmv2] [D] [thread 3782] [40.0] [cxt 0] Deparsing header 'ethernet'
[18:24:08.292] [bmv2] [D] [thread 3782] [40.0] [cxt 0] Deparser 'deparser': end
[18:24:08.292] [bmv2] [D] [thread 3786] [40.0] [cxt 0] Transmitting packet of size 70 out of port 0
[18:24:10.237] [bmv2] [D] [thread 3781] [41.0] [cxt 0] Processing packet received on port 4
[18:24:10.237] [bmv2] [D] [thread 3781] [41.0] [cxt 0] Parser 'parser': start
[18:24:10.237] [bmv2] [D] [thread 3781] [41.0] [cxt 0] Parser 'parser' entering state 'start'
[18:24:10.237] [bmv2] [D] [thread 3781] [41.0] [cxt 0] Extracting header 'ethernet'
[18:24:10.237] [bmv2] [D] [thread 3781] [41.0] [cxt 0] Parser state 'start': key is 86dd
[18:24:10.238] [bmv2] [T] [thread 3781] [41.0] [cxt 0] Bytes parsed: 14
[18:24:10.238] [bmv2] [D] [thread 3781] [41.0] [cxt 0] Parser 'parser': end
[18:24:10.238] [bmv2] [D] [thread 3781] [41.0] [cxt 0] Pipeline 'ingress': start
[18:24:10.238] [bmv2] [T] [thread 3781] [41.0] [cxt 0] qos.p4(197) Condition "hdr.ipv4.isValid()" (node_2) is false
[18:24:10.238] [bmv2] [D] [thread 3781] [41.0] [cxt 0] Pipeline 'ingress': end
[18:24:10.238] [bmv2] [D] [thread 3781] [41.0] [cxt 0] Egress port is 0
[18:24:10.238] [bmv2] [D] [thread 3782] [41.0] [cxt 0] Pipeline 'egress': start
[18:24:10.238] [bmv2] [D] [thread 3782] [41.0] [cxt 0] Pipeline 'egress': end
[18:24:10.238] [bmv2] [D] [thread 3782] [41.0] [cxt 0] Deparser 'deparser': start
[18:24:10.238] [bmv2] [T] [thread 3782] [41.0] [cxt 0] Skipping checksum 'cksum' update because condition not met
[18:24:10.239] [bmv2] [D] [thread 3782] [41.0] [cxt 0] Deparsing header 'ethernet'
[18:24:10.239] [bmv2] [D] [thread 3782] [41.0] [cxt 0] Deparser 'deparser': end
[18:24:10.239] [bmv2] [D] [thread 3786] [41.0] [cxt 0] Transmitting packet of size 70 out of port 0
[18:24:11.238] [bmv2] [D] [thread 3781] [42.0] [cxt 0] Processing packet received on port 1
[18:24:11.238] [bmv2] [D] [thread 3781] [42.0] [cxt 0] Parser 'parser': start
[18:24:11.238] [bmv2] [D] [thread 3781] [42.0] [cxt 0] Parser 'parser' entering state 'start'
[18:24:11.238] [bmv2] [D] [thread 3781] [42.0] [cxt 0] Extracting header 'ethernet'
[18:24:11.239] [bmv2] [D] [thread 3781] [42.0] [cxt 0] Parser state 'start': key is 86dd
[18:24:11.239] [bmv2] [T] [thread 3781] [42.0] [cxt 0] Bytes parsed: 14
[18:24:11.239] [bmv2] [D] [thread 3781] [42.0] [cxt 0] Parser 'parser': end
[18:24:11.239] [bmv2] [D] [thread 3781] [42.0] [cxt 0] Pipeline 'ingress': start
[18:24:11.239] [bmv2] [T] [thread 3781] [42.0] [cxt 0] qos.p4(197) Condition "hdr.ipv4.isValid()" (node_2) is false
[18:24:11.239] [bmv2] [D] [thread 3781] [42.0] [cxt 0] Pipeline 'ingress': end
[18:24:11.240] [bmv2] [D] [thread 3781] [42.0] [cxt 0] Egress port is 0
[18:24:11.240] [bmv2] [D] [thread 3782] [42.0] [cxt 0] Pipeline 'egress': start
[18:24:11.240] [bmv2] [D] [thread 3782] [42.0] [cxt 0] Pipeline 'egress': end
[18:24:11.240] [bmv2] [D] [thread 3782] [42.0] [cxt 0] Deparser 'deparser': start
[18:24:11.240] [bmv2] [T] [thread 3782] [42.0] [cxt 0] Skipping checksum 'cksum' update because condition not met
[18:24:11.240] [bmv2] [D] [thread 3782] [42.0] [cxt 0] Deparsing header 'ethernet'
[18:24:11.241] [bmv2] [D] [thread 3782] [42.0] [cxt 0] Deparser 'deparser': end
[18:24:11.241] [bmv2] [D] [thread 3786] [42.0] [cxt 0] Transmitting packet of size 70 out of port 0
[18:24:13.286] [bmv2] [D] [thread 3781] [43.0] [cxt 0] Processing packet received on port 2
[18:24:13.286] [bmv2] [D] [thread 3781] [43.0] [cxt 0] Parser 'parser': start
[18:24:13.286] [bmv2] [D] [thread 3781] [43.0] [cxt 0] Parser 'parser' entering state 'start'
[18:24:13.287] [bmv2] [D] [thread 3781] [43.0] [cxt 0] Extracting header 'ethernet'
[18:24:13.287] [bmv2] [D] [thread 3781] [43.0] [cxt 0] Parser state 'start': key is 86dd
[18:24:13.287] [bmv2] [T] [thread 3781] [43.0] [cxt 0] Bytes parsed: 14
[18:24:13.287] [bmv2] [D] [thread 3781] [43.0] [cxt 0] Parser 'parser': end
[18:24:13.287] [bmv2] [D] [thread 3781] [43.0] [cxt 0] Pipeline 'ingress': start
[18:24:13.288] [bmv2] [T] [thread 3781] [43.0] [cxt 0] qos.p4(197) Condition "hdr.ipv4.isValid()" (node_2) is false
[18:24:13.288] [bmv2] [D] [thread 3781] [43.0] [cxt 0] Pipeline 'ingress': end
[18:24:13.288] [bmv2] [D] [thread 3781] [43.0] [cxt 0] Egress port is 0
[18:24:13.289] [bmv2] [D] [thread 3782] [43.0] [cxt 0] Pipeline 'egress': start
[18:24:13.289] [bmv2] [D] [thread 3782] [43.0] [cxt 0] Pipeline 'egress': end
[18:24:13.289] [bmv2] [D] [thread 3782] [43.0] [cxt 0] Deparser 'deparser': start
[18:24:13.289] [bmv2] [T] [thread 3782] [43.0] [cxt 0] Skipping checksum 'cksum' update because condition not met
[18:24:13.289] [bmv2] [D] [thread 3782] [43.0] [cxt 0] Deparsing header 'ethernet'
[18:24:13.290] [bmv2] [D] [thread 3782] [43.0] [cxt 0] Deparser 'deparser': end
[18:24:13.290] [bmv2] [D] [thread 3786] [43.0] [cxt 0] Transmitting packet of size 70 out of port 0
[18:24:16.482] [bmv2] [D] [thread 3781] [44.0] [cxt 0] Processing packet received on port 3
[18:24:16.482] [bmv2] [D] [thread 3781] [44.0] [cxt 0] Parser 'parser': start
[18:24:16.482] [bmv2] [D] [thread 3781] [44.0] [cxt 0] Parser 'parser' entering state 'start'
[18:24:16.482] [bmv2] [D] [thread 3781] [44.0] [cxt 0] Extracting header 'ethernet'
[18:24:16.483] [bmv2] [D] [thread 3781] [44.0] [cxt 0] Parser state 'start': key is 86dd
[18:24:16.483] [bmv2] [T] [thread 3781] [44.0] [cxt 0] Bytes parsed: 14
[18:24:16.483] [bmv2] [D] [thread 3781] [44.0] [cxt 0] Parser 'parser': end
[18:24:16.483] [bmv2] [D] [thread 3781] [44.0] [cxt 0] Pipeline 'ingress': start
[18:24:16.483] [bmv2] [T] [thread 3781] [44.0] [cxt 0] qos.p4(197) Condition "hdr.ipv4.isValid()" (node_2) is false
[18:24:16.483] [bmv2] [D] [thread 3781] [44.0] [cxt 0] Pipeline 'ingress': end
[18:24:16.484] [bmv2] [D] [thread 3781] [44.0] [cxt 0] Egress port is 0
[18:24:16.489] [bmv2] [D] [thread 3782] [44.0] [cxt 0] Pipeline 'egress': start
[18:24:16.490] [bmv2] [D] [thread 3782] [44.0] [cxt 0] Pipeline 'egress': end
[18:24:16.490] [bmv2] [D] [thread 3782] [44.0] [cxt 0] Deparser 'deparser': start
[18:24:16.490] [bmv2] [T] [thread 3782] [44.0] [cxt 0] Skipping checksum 'cksum' update because condition not met
[18:24:16.490] [bmv2] [D] [thread 3782] [44.0] [cxt 0] Deparsing header 'ethernet'
[18:24:16.490] [bmv2] [D] [thread 3782] [44.0] [cxt 0] Deparser 'deparser': end
[18:24:16.490] [bmv2] [D] [thread 3786] [44.0] [cxt 0] Transmitting packet of size 70 out of port 0
[18:24:18.426] [bmv2] [D] [thread 3781] [45.0] [cxt 0] Processing packet received on port 4
[18:24:18.426] [bmv2] [D] [thread 3781] [45.0] [cxt 0] Parser 'parser': start
[18:24:18.426] [bmv2] [D] [thread 3781] [45.0] [cxt 0] Parser 'parser' entering state 'start'
[18:24:18.426] [bmv2] [D] [thread 3781] [45.0] [cxt 0] Extracting header 'ethernet'
[18:24:18.426] [bmv2] [D] [thread 3781] [45.0] [cxt 0] Parser state 'start': key is 86dd
[18:24:18.426] [bmv2] [T] [thread 3781] [45.0] [cxt 0] Bytes parsed: 14
[18:24:18.426] [bmv2] [D] [thread 3781] [45.0] [cxt 0] Parser 'parser': end
[18:24:18.426] [bmv2] [D] [thread 3781] [45.0] [cxt 0] Pipeline 'ingress': start
[18:24:18.426] [bmv2] [T] [thread 3781] [45.0] [cxt 0] qos.p4(197) Condition "hdr.ipv4.isValid()" (node_2) is false
[18:24:18.426] [bmv2] [D] [thread 3781] [45.0] [cxt 0] Pipeline 'ingress': end
[18:24:18.426] [bmv2] [D] [thread 3781] [45.0] [cxt 0] Egress port is 0
[18:24:18.427] [bmv2] [D] [thread 3782] [45.0] [cxt 0] Pipeline 'egress': start
[18:24:18.427] [bmv2] [D] [thread 3782] [45.0] [cxt 0] Pipeline 'egress': end
[18:24:18.427] [bmv2] [D] [thread 3782] [45.0] [cxt 0] Deparser 'deparser': start
[18:24:18.427] [bmv2] [T] [thread 3782] [45.0] [cxt 0] Skipping checksum 'cksum' update because condition not met
[18:24:18.427] [bmv2] [D] [thread 3782] [45.0] [cxt 0] Deparsing header 'ethernet'
[18:24:18.427] [bmv2] [D] [thread 3782] [45.0] [cxt 0] Deparser 'deparser': end
[18:24:18.427] [bmv2] [D] [thread 3786] [45.0] [cxt 0] Transmitting packet of size 70 out of port 0
[18:25:13.482] [bmv2] [D] [thread 3781] [46.0] [cxt 0] Processing packet received on port 2
[18:25:13.482] [bmv2] [D] [thread 3781] [46.0] [cxt 0] Parser 'parser': start
[18:25:13.482] [bmv2] [D] [thread 3781] [46.0] [cxt 0] Parser 'parser' entering state 'start'
[18:25:13.483] [bmv2] [D] [thread 3781] [46.0] [cxt 0] Extracting header 'ethernet'
[18:25:13.483] [bmv2] [D] [thread 3781] [46.0] [cxt 0] Parser state 'start': key is 8100
[18:25:13.483] [bmv2] [T] [thread 3781] [46.0] [cxt 0] Bytes parsed: 14
[18:25:13.483] [bmv2] [D] [thread 3781] [46.0] [cxt 0] Parser 'parser' entering state 'parse_vlan'
[18:25:13.483] [bmv2] [D] [thread 3781] [46.0] [cxt 0] Extracting header 'vlan'
[18:25:13.483] [bmv2] [D] [thread 3781] [46.0] [cxt 0] Parser state 'parse_vlan': key is 0800
[18:25:13.483] [bmv2] [T] [thread 3781] [46.0] [cxt 0] Bytes parsed: 18
[18:25:13.483] [bmv2] [D] [thread 3781] [46.0] [cxt 0] Parser 'parser' entering state 'parse_ipv4'
[18:25:13.483] [bmv2] [D] [thread 3781] [46.0] [cxt 0] Extracting header 'ipv4'
[18:25:13.486] [bmv2] [D] [thread 3781] [46.0] [cxt 0] Parser set: setting field 'scalars.tmp' from expression, new value is 1
[18:25:13.487] [bmv2] [D] [thread 3781] [46.0] [cxt 0] Parser state 'parse_ipv4': key is 06
[18:25:13.487] [bmv2] [T] [thread 3781] [46.0] [cxt 0] Bytes parsed: 38
[18:25:13.487] [bmv2] [D] [thread 3781] [46.0] [cxt 0] Parser 'parser' entering state 'parse_ipv4_option'
[18:25:13.487] [bmv2] [D] [thread 3781] [46.0] [cxt 0] Extracting header 'ipv4_option'
[18:25:13.487] [bmv2] [D] [thread 3781] [46.0] [cxt 0] Parser state 'parse_ipv4_option': key is 1f
[18:25:13.487] [bmv2] [T] [thread 3781] [46.0] [cxt 0] Bytes parsed: 40
[18:25:13.487] [bmv2] [D] [thread 3781] [46.0] [cxt 0] Parser 'parser' entering state 'parse_link_qos'
[18:25:13.487] [bmv2] [D] [thread 3781] [46.0] [cxt 0] Extracting header 'link_qos'
[18:25:13.487] [bmv2] [D] [thread 3781] [46.0] [cxt 0] Parser state 'parse_link_qos' has no switch, going to default next state
[18:25:13.487] [bmv2] [T] [thread 3781] [46.0] [cxt 0] Bytes parsed: 42
[18:25:13.487] [bmv2] [D] [thread 3781] [46.0] [cxt 0] Parser 'parser': end
[18:25:13.487] [bmv2] [D] [thread 3781] [46.0] [cxt 0] Pipeline 'ingress': start
[18:25:13.488] [bmv2] [T] [thread 3781] [46.0] [cxt 0] qos.p4(197) Condition "hdr.ipv4.isValid()" (node_2) is true
[18:25:13.488] [bmv2] [T] [thread 3781] [46.0] [cxt 0] qos.p4(198) Condition "hdr.link_qos.link_qos == TARGET_LINK_QOS" (node_3) is true
[18:25:13.488] [bmv2] [T] [thread 3781] [46.0] [cxt 0] Applying table 'tbl_qos199'
[18:25:13.493] [bmv2] [D] [thread 3781] [46.0] [cxt 0] Looking up key:

[18:25:13.493] [bmv2] [D] [thread 3781] [46.0] [cxt 0] Table 'tbl_qos199': miss
[18:25:13.493] [bmv2] [D] [thread 3781] [46.0] [cxt 0] Action entry is qos199 - 
[18:25:13.494] [bmv2] [T] [thread 3781] [46.0] [cxt 0] Action qos199
[18:25:13.494] [bmv2] [T] [thread 3781] [46.0] [cxt 0] qos.p4(199) Primitive hdr.ipv4.diffserv = (TARGET_DSCP << 2
[18:25:13.495] [bmv2] [T] [thread 3781] [46.0] [cxt 0] qos.p4(28) Primitive 7; ...
[18:25:13.495] [bmv2] [T] [thread 3781] [46.0] [cxt 0] Applying table 'MyIngress.ipv4_lpm'
[18:25:13.496] [bmv2] [D] [thread 3781] [46.0] [cxt 0] Looking up key:
* hdr.ipv4.dstAddr    : 0a000202

[18:25:13.496] [bmv2] [D] [thread 3781] [46.0] [cxt 0] Table 'MyIngress.ipv4_lpm': hit with handle 2
[18:25:13.496] [bmv2] [D] [thread 3781] [46.0] [cxt 0] Dumping entry 2
Match key:
* hdr.ipv4.dstAddr    : LPM       0a000200/24
Action entry: MyIngress.ipv4_forward - 80000000200,3,

[18:25:13.497] [bmv2] [D] [thread 3781] [46.0] [cxt 0] Action entry is MyIngress.ipv4_forward - 80000000200,3,
[18:25:13.497] [bmv2] [T] [thread 3781] [46.0] [cxt 0] Action MyIngress.ipv4_forward
[18:25:13.497] [bmv2] [T] [thread 3781] [46.0] [cxt 0] qos.p4(175) Primitive standard_metadata.egress_spec = port
[18:25:13.497] [bmv2] [T] [thread 3781] [46.0] [cxt 0] qos.p4(176) Primitive hdr.ethernet.srcAddr = hdr.ethernet.dstAddr
[18:25:13.500] [bmv2] [T] [thread 3781] [46.0] [cxt 0] qos.p4(177) Primitive hdr.ethernet.dstAddr = dstAddr
[18:25:13.501] [bmv2] [T] [thread 3781] [46.0] [cxt 0] qos.p4(178) Primitive hdr.ipv4.ttl = hdr.ipv4.ttl - 1
[18:25:13.501] [bmv2] [D] [thread 3781] [46.0] [cxt 0] Pipeline 'ingress': end
[18:25:13.501] [bmv2] [D] [thread 3781] [46.0] [cxt 0] Egress port is 3
[18:25:13.502] [bmv2] [D] [thread 3785] [46.0] [cxt 0] Pipeline 'egress': start
[18:25:13.502] [bmv2] [D] [thread 3785] [46.0] [cxt 0] Pipeline 'egress': end
[18:25:13.502] [bmv2] [D] [thread 3785] [46.0] [cxt 0] Deparser 'deparser': start
[18:25:13.502] [bmv2] [D] [thread 3785] [46.0] [cxt 0] Updating checksum 'cksum'
[18:25:13.503] [bmv2] [D] [thread 3785] [46.0] [cxt 0] Deparsing header 'ethernet'
[18:25:13.503] [bmv2] [D] [thread 3785] [46.0] [cxt 0] Deparsing header 'vlan'
[18:25:13.503] [bmv2] [D] [thread 3785] [46.0] [cxt 0] Deparsing header 'ipv4'
[18:25:13.503] [bmv2] [D] [thread 3785] [46.0] [cxt 0] Deparsing header 'ipv4_option'
[18:25:13.503] [bmv2] [D] [thread 3785] [46.0] [cxt 0] Deparsing header 'link_qos'
[18:25:13.503] [bmv2] [D] [thread 3785] [46.0] [cxt 0] Deparser 'deparser': end
[18:25:13.503] [bmv2] [D] [thread 3786] [46.0] [cxt 0] Transmitting packet of size 50 out of port 3
[18:25:13.824] [bmv2] [D] [thread 3781] [47.0] [cxt 0] Processing packet received on port 3
[18:25:13.825] [bmv2] [D] [thread 3781] [47.0] [cxt 0] Parser 'parser': start
[18:25:13.825] [bmv2] [D] [thread 3781] [47.0] [cxt 0] Parser 'parser' entering state 'start'
[18:25:13.825] [bmv2] [D] [thread 3781] [47.0] [cxt 0] Extracting header 'ethernet'
[18:25:13.825] [bmv2] [D] [thread 3781] [47.0] [cxt 0] Parser state 'start': key is 86dd
[18:25:13.825] [bmv2] [T] [thread 3781] [47.0] [cxt 0] Bytes parsed: 14
[18:25:13.825] [bmv2] [D] [thread 3781] [47.0] [cxt 0] Parser 'parser': end
[18:25:13.825] [bmv2] [D] [thread 3781] [47.0] [cxt 0] Pipeline 'ingress': start
[18:25:13.825] [bmv2] [T] [thread 3781] [47.0] [cxt 0] qos.p4(197) Condition "hdr.ipv4.isValid()" (node_2) is false
[18:25:13.825] [bmv2] [D] [thread 3781] [47.0] [cxt 0] Pipeline 'ingress': end
[18:25:13.825] [bmv2] [D] [thread 3781] [47.0] [cxt 0] Egress port is 0
[18:25:13.828] [bmv2] [D] [thread 3782] [47.0] [cxt 0] Pipeline 'egress': start
[18:25:13.828] [bmv2] [D] [thread 3782] [47.0] [cxt 0] Pipeline 'egress': end
[18:25:13.829] [bmv2] [D] [thread 3782] [47.0] [cxt 0] Deparser 'deparser': start
[18:25:13.829] [bmv2] [T] [thread 3782] [47.0] [cxt 0] Skipping checksum 'cksum' update because condition not met
[18:25:13.829] [bmv2] [D] [thread 3782] [47.0] [cxt 0] Deparsing header 'ethernet'
[18:25:13.829] [bmv2] [D] [thread 3782] [47.0] [cxt 0] Deparser 'deparser': end
[18:25:13.829] [bmv2] [D] [thread 3786] [47.0] [cxt 0] Transmitting packet of size 70 out of port 0
[18:25:14.506] [bmv2] [D] [thread 3781] [48.0] [cxt 0] Processing packet received on port 2
[18:25:14.507] [bmv2] [D] [thread 3781] [48.0] [cxt 0] Parser 'parser': start
[18:25:14.507] [bmv2] [D] [thread 3781] [48.0] [cxt 0] Parser 'parser' entering state 'start'
[18:25:14.507] [bmv2] [D] [thread 3781] [48.0] [cxt 0] Extracting header 'ethernet'
[18:25:14.507] [bmv2] [D] [thread 3781] [48.0] [cxt 0] Parser state 'start': key is 8100
[18:25:14.507] [bmv2] [T] [thread 3781] [48.0] [cxt 0] Bytes parsed: 14
[18:25:14.507] [bmv2] [D] [thread 3781] [48.0] [cxt 0] Parser 'parser' entering state 'parse_vlan'
[18:25:14.507] [bmv2] [D] [thread 3781] [48.0] [cxt 0] Extracting header 'vlan'
[18:25:14.507] [bmv2] [D] [thread 3781] [48.0] [cxt 0] Parser state 'parse_vlan': key is 0800
[18:25:14.507] [bmv2] [T] [thread 3781] [48.0] [cxt 0] Bytes parsed: 18
[18:25:14.507] [bmv2] [D] [thread 3781] [48.0] [cxt 0] Parser 'parser' entering state 'parse_ipv4'
[18:25:14.507] [bmv2] [D] [thread 3781] [48.0] [cxt 0] Extracting header 'ipv4'
[18:25:14.507] [bmv2] [D] [thread 3781] [48.0] [cxt 0] Parser set: setting field 'scalars.tmp' from expression, new value is 1
[18:25:14.507] [bmv2] [D] [thread 3781] [48.0] [cxt 0] Parser state 'parse_ipv4': key is 06
[18:25:14.507] [bmv2] [T] [thread 3781] [48.0] [cxt 0] Bytes parsed: 38
[18:25:14.507] [bmv2] [D] [thread 3781] [48.0] [cxt 0] Parser 'parser' entering state 'parse_ipv4_option'
[18:25:14.507] [bmv2] [D] [thread 3781] [48.0] [cxt 0] Extracting header 'ipv4_option'
[18:25:14.507] [bmv2] [D] [thread 3781] [48.0] [cxt 0] Parser state 'parse_ipv4_option': key is 1f
[18:25:14.507] [bmv2] [T] [thread 3781] [48.0] [cxt 0] Bytes parsed: 40
[18:25:14.507] [bmv2] [D] [thread 3781] [48.0] [cxt 0] Parser 'parser' entering state 'parse_link_qos'
[18:25:14.507] [bmv2] [D] [thread 3781] [48.0] [cxt 0] Extracting header 'link_qos'
[18:25:14.507] [bmv2] [D] [thread 3781] [48.0] [cxt 0] Parser state 'parse_link_qos' has no switch, going to default next state
[18:25:14.507] [bmv2] [T] [thread 3781] [48.0] [cxt 0] Bytes parsed: 42
[18:25:14.507] [bmv2] [D] [thread 3781] [48.0] [cxt 0] Parser 'parser': end
[18:25:14.507] [bmv2] [D] [thread 3781] [48.0] [cxt 0] Pipeline 'ingress': start
[18:25:14.507] [bmv2] [T] [thread 3781] [48.0] [cxt 0] qos.p4(197) Condition "hdr.ipv4.isValid()" (node_2) is true
[18:25:14.507] [bmv2] [T] [thread 3781] [48.0] [cxt 0] qos.p4(198) Condition "hdr.link_qos.link_qos == TARGET_LINK_QOS" (node_3) is true
[18:25:14.507] [bmv2] [T] [thread 3781] [48.0] [cxt 0] Applying table 'tbl_qos199'
[18:25:14.507] [bmv2] [D] [thread 3781] [48.0] [cxt 0] Looking up key:

[18:25:14.507] [bmv2] [D] [thread 3781] [48.0] [cxt 0] Table 'tbl_qos199': miss
[18:25:14.507] [bmv2] [D] [thread 3781] [48.0] [cxt 0] Action entry is qos199 - 
[18:25:14.507] [bmv2] [T] [thread 3781] [48.0] [cxt 0] Action qos199
[18:25:14.508] [bmv2] [T] [thread 3781] [48.0] [cxt 0] qos.p4(199) Primitive hdr.ipv4.diffserv = (TARGET_DSCP << 2
[18:25:14.508] [bmv2] [T] [thread 3781] [48.0] [cxt 0] qos.p4(28) Primitive 7; ...
[18:25:14.508] [bmv2] [T] [thread 3781] [48.0] [cxt 0] Applying table 'MyIngress.ipv4_lpm'
[18:25:14.508] [bmv2] [D] [thread 3781] [48.0] [cxt 0] Looking up key:
* hdr.ipv4.dstAddr    : 0a000202

[18:25:14.508] [bmv2] [D] [thread 3781] [48.0] [cxt 0] Table 'MyIngress.ipv4_lpm': hit with handle 2
[18:25:14.508] [bmv2] [D] [thread 3781] [48.0] [cxt 0] Dumping entry 2
Match key:
* hdr.ipv4.dstAddr    : LPM       0a000200/24
Action entry: MyIngress.ipv4_forward - 80000000200,3,

[18:25:14.508] [bmv2] [D] [thread 3781] [48.0] [cxt 0] Action entry is MyIngress.ipv4_forward - 80000000200,3,
[18:25:14.508] [bmv2] [T] [thread 3781] [48.0] [cxt 0] Action MyIngress.ipv4_forward
[18:25:14.508] [bmv2] [T] [thread 3781] [48.0] [cxt 0] qos.p4(175) Primitive standard_metadata.egress_spec = port
[18:25:14.508] [bmv2] [T] [thread 3781] [48.0] [cxt 0] qos.p4(176) Primitive hdr.ethernet.srcAddr = hdr.ethernet.dstAddr
[18:25:14.508] [bmv2] [T] [thread 3781] [48.0] [cxt 0] qos.p4(177) Primitive hdr.ethernet.dstAddr = dstAddr
[18:25:14.508] [bmv2] [T] [thread 3781] [48.0] [cxt 0] qos.p4(178) Primitive hdr.ipv4.ttl = hdr.ipv4.ttl - 1
[18:25:14.508] [bmv2] [D] [thread 3781] [48.0] [cxt 0] Pipeline 'ingress': end
[18:25:14.508] [bmv2] [D] [thread 3781] [48.0] [cxt 0] Egress port is 3
[18:25:14.513] [bmv2] [D] [thread 3785] [48.0] [cxt 0] Pipeline 'egress': start
[18:25:14.513] [bmv2] [D] [thread 3785] [48.0] [cxt 0] Pipeline 'egress': end
[18:25:14.513] [bmv2] [D] [thread 3785] [48.0] [cxt 0] Deparser 'deparser': start
[18:25:14.513] [bmv2] [D] [thread 3785] [48.0] [cxt 0] Updating checksum 'cksum'
[18:25:14.513] [bmv2] [D] [thread 3785] [48.0] [cxt 0] Deparsing header 'ethernet'
[18:25:14.513] [bmv2] [D] [thread 3785] [48.0] [cxt 0] Deparsing header 'vlan'
[18:25:14.513] [bmv2] [D] [thread 3785] [48.0] [cxt 0] Deparsing header 'ipv4'
[18:25:14.513] [bmv2] [D] [thread 3785] [48.0] [cxt 0] Deparsing header 'ipv4_option'
[18:25:14.513] [bmv2] [D] [thread 3785] [48.0] [cxt 0] Deparsing header 'link_qos'
[18:25:14.513] [bmv2] [D] [thread 3785] [48.0] [cxt 0] Deparser 'deparser': end
[18:25:14.513] [bmv2] [D] [thread 3786] [48.0] [cxt 0] Transmitting packet of size 50 out of port 3
[18:25:15.522] [bmv2] [D] [thread 3781] [49.0] [cxt 0] Processing packet received on port 2
[18:25:15.522] [bmv2] [D] [thread 3781] [49.0] [cxt 0] Parser 'parser': start
[18:25:15.522] [bmv2] [D] [thread 3781] [49.0] [cxt 0] Parser 'parser' entering state 'start'
[18:25:15.522] [bmv2] [D] [thread 3781] [49.0] [cxt 0] Extracting header 'ethernet'
[18:25:15.522] [bmv2] [D] [thread 3781] [49.0] [cxt 0] Parser state 'start': key is 8100
[18:25:15.522] [bmv2] [T] [thread 3781] [49.0] [cxt 0] Bytes parsed: 14
[18:25:15.522] [bmv2] [D] [thread 3781] [49.0] [cxt 0] Parser 'parser' entering state 'parse_vlan'
[18:25:15.522] [bmv2] [D] [thread 3781] [49.0] [cxt 0] Extracting header 'vlan'
[18:25:15.522] [bmv2] [D] [thread 3781] [49.0] [cxt 0] Parser state 'parse_vlan': key is 0800
[18:25:15.522] [bmv2] [T] [thread 3781] [49.0] [cxt 0] Bytes parsed: 18
[18:25:15.522] [bmv2] [D] [thread 3781] [49.0] [cxt 0] Parser 'parser' entering state 'parse_ipv4'
[18:25:15.522] [bmv2] [D] [thread 3781] [49.0] [cxt 0] Extracting header 'ipv4'
[18:25:15.522] [bmv2] [D] [thread 3781] [49.0] [cxt 0] Parser set: setting field 'scalars.tmp' from expression, new value is 1
[18:25:15.522] [bmv2] [D] [thread 3781] [49.0] [cxt 0] Parser state 'parse_ipv4': key is 06
[18:25:15.522] [bmv2] [T] [thread 3781] [49.0] [cxt 0] Bytes parsed: 38
[18:25:15.522] [bmv2] [D] [thread 3781] [49.0] [cxt 0] Parser 'parser' entering state 'parse_ipv4_option'
[18:25:15.522] [bmv2] [D] [thread 3781] [49.0] [cxt 0] Extracting header 'ipv4_option'
[18:25:15.522] [bmv2] [D] [thread 3781] [49.0] [cxt 0] Parser state 'parse_ipv4_option': key is 1f
[18:25:15.522] [bmv2] [T] [thread 3781] [49.0] [cxt 0] Bytes parsed: 40
[18:25:15.522] [bmv2] [D] [thread 3781] [49.0] [cxt 0] Parser 'parser' entering state 'parse_link_qos'
[18:25:15.522] [bmv2] [D] [thread 3781] [49.0] [cxt 0] Extracting header 'link_qos'
[18:25:15.522] [bmv2] [D] [thread 3781] [49.0] [cxt 0] Parser state 'parse_link_qos' has no switch, going to default next state
[18:25:15.522] [bmv2] [T] [thread 3781] [49.0] [cxt 0] Bytes parsed: 42
[18:25:15.522] [bmv2] [D] [thread 3781] [49.0] [cxt 0] Parser 'parser': end
[18:25:15.522] [bmv2] [D] [thread 3781] [49.0] [cxt 0] Pipeline 'ingress': start
[18:25:15.523] [bmv2] [T] [thread 3781] [49.0] [cxt 0] qos.p4(197) Condition "hdr.ipv4.isValid()" (node_2) is true
[18:25:15.523] [bmv2] [T] [thread 3781] [49.0] [cxt 0] qos.p4(198) Condition "hdr.link_qos.link_qos == TARGET_LINK_QOS" (node_3) is true
[18:25:15.523] [bmv2] [T] [thread 3781] [49.0] [cxt 0] Applying table 'tbl_qos199'
[18:25:15.523] [bmv2] [D] [thread 3781] [49.0] [cxt 0] Looking up key:

[18:25:15.523] [bmv2] [D] [thread 3781] [49.0] [cxt 0] Table 'tbl_qos199': miss
[18:25:15.523] [bmv2] [D] [thread 3781] [49.0] [cxt 0] Action entry is qos199 - 
[18:25:15.523] [bmv2] [T] [thread 3781] [49.0] [cxt 0] Action qos199
[18:25:15.523] [bmv2] [T] [thread 3781] [49.0] [cxt 0] qos.p4(199) Primitive hdr.ipv4.diffserv = (TARGET_DSCP << 2
[18:25:15.523] [bmv2] [T] [thread 3781] [49.0] [cxt 0] qos.p4(28) Primitive 7; ...
[18:25:15.523] [bmv2] [T] [thread 3781] [49.0] [cxt 0] Applying table 'MyIngress.ipv4_lpm'
[18:25:15.523] [bmv2] [D] [thread 3781] [49.0] [cxt 0] Looking up key:
* hdr.ipv4.dstAddr    : 0a000202

[18:25:15.523] [bmv2] [D] [thread 3781] [49.0] [cxt 0] Table 'MyIngress.ipv4_lpm': hit with handle 2
[18:25:15.523] [bmv2] [D] [thread 3781] [49.0] [cxt 0] Dumping entry 2
Match key:
* hdr.ipv4.dstAddr    : LPM       0a000200/24
Action entry: MyIngress.ipv4_forward - 80000000200,3,

[18:25:15.523] [bmv2] [D] [thread 3781] [49.0] [cxt 0] Action entry is MyIngress.ipv4_forward - 80000000200,3,
[18:25:15.523] [bmv2] [T] [thread 3781] [49.0] [cxt 0] Action MyIngress.ipv4_forward
[18:25:15.523] [bmv2] [T] [thread 3781] [49.0] [cxt 0] qos.p4(175) Primitive standard_metadata.egress_spec = port
[18:25:15.523] [bmv2] [T] [thread 3781] [49.0] [cxt 0] qos.p4(176) Primitive hdr.ethernet.srcAddr = hdr.ethernet.dstAddr
[18:25:15.523] [bmv2] [T] [thread 3781] [49.0] [cxt 0] qos.p4(177) Primitive hdr.ethernet.dstAddr = dstAddr
[18:25:15.523] [bmv2] [T] [thread 3781] [49.0] [cxt 0] qos.p4(178) Primitive hdr.ipv4.ttl = hdr.ipv4.ttl - 1
[18:25:15.523] [bmv2] [D] [thread 3781] [49.0] [cxt 0] Pipeline 'ingress': end
[18:25:15.523] [bmv2] [D] [thread 3781] [49.0] [cxt 0] Egress port is 3
[18:25:15.523] [bmv2] [D] [thread 3785] [49.0] [cxt 0] Pipeline 'egress': start
[18:25:15.523] [bmv2] [D] [thread 3785] [49.0] [cxt 0] Pipeline 'egress': end
[18:25:15.523] [bmv2] [D] [thread 3785] [49.0] [cxt 0] Deparser 'deparser': start
[18:25:15.523] [bmv2] [D] [thread 3785] [49.0] [cxt 0] Updating checksum 'cksum'
[18:25:15.523] [bmv2] [D] [thread 3785] [49.0] [cxt 0] Deparsing header 'ethernet'
[18:25:15.524] [bmv2] [D] [thread 3785] [49.0] [cxt 0] Deparsing header 'vlan'
[18:25:15.524] [bmv2] [D] [thread 3785] [49.0] [cxt 0] Deparsing header 'ipv4'
[18:25:15.524] [bmv2] [D] [thread 3785] [49.0] [cxt 0] Deparsing header 'ipv4_option'
[18:25:15.524] [bmv2] [D] [thread 3785] [49.0] [cxt 0] Deparsing header 'link_qos'
[18:25:15.524] [bmv2] [D] [thread 3785] [49.0] [cxt 0] Deparser 'deparser': end
[18:25:15.524] [bmv2] [D] [thread 3786] [49.0] [cxt 0] Transmitting packet of size 50 out of port 3
[18:25:15.770] [bmv2] [D] [thread 3781] [50.0] [cxt 0] Processing packet received on port 4
[18:25:15.770] [bmv2] [D] [thread 3781] [50.0] [cxt 0] Parser 'parser': start
[18:25:15.770] [bmv2] [D] [thread 3781] [50.0] [cxt 0] Parser 'parser' entering state 'start'
[18:25:15.770] [bmv2] [D] [thread 3781] [50.0] [cxt 0] Extracting header 'ethernet'
[18:25:15.771] [bmv2] [D] [thread 3781] [50.0] [cxt 0] Parser state 'start': key is 86dd
[18:25:15.771] [bmv2] [T] [thread 3781] [50.0] [cxt 0] Bytes parsed: 14
[18:25:15.771] [bmv2] [D] [thread 3781] [50.0] [cxt 0] Parser 'parser': end
[18:25:15.771] [bmv2] [D] [thread 3781] [50.0] [cxt 0] Pipeline 'ingress': start
[18:25:15.771] [bmv2] [T] [thread 3781] [50.0] [cxt 0] qos.p4(197) Condition "hdr.ipv4.isValid()" (node_2) is false
[18:25:15.771] [bmv2] [D] [thread 3781] [50.0] [cxt 0] Pipeline 'ingress': end
[18:25:15.771] [bmv2] [D] [thread 3781] [50.0] [cxt 0] Egress port is 0
[18:25:15.771] [bmv2] [D] [thread 3782] [50.0] [cxt 0] Pipeline 'egress': start
[18:25:15.771] [bmv2] [D] [thread 3782] [50.0] [cxt 0] Pipeline 'egress': end
[18:25:15.771] [bmv2] [D] [thread 3782] [50.0] [cxt 0] Deparser 'deparser': start
[18:25:15.771] [bmv2] [T] [thread 3782] [50.0] [cxt 0] Skipping checksum 'cksum' update because condition not met
[18:25:15.771] [bmv2] [D] [thread 3782] [50.0] [cxt 0] Deparsing header 'ethernet'
[18:25:15.771] [bmv2] [D] [thread 3782] [50.0] [cxt 0] Deparser 'deparser': end
[18:25:15.771] [bmv2] [D] [thread 3786] [50.0] [cxt 0] Transmitting packet of size 70 out of port 0
[18:25:16.534] [bmv2] [D] [thread 3781] [51.0] [cxt 0] Processing packet received on port 2
[18:25:16.534] [bmv2] [D] [thread 3781] [51.0] [cxt 0] Parser 'parser': start
[18:25:16.534] [bmv2] [D] [thread 3781] [51.0] [cxt 0] Parser 'parser' entering state 'start'
[18:25:16.534] [bmv2] [D] [thread 3781] [51.0] [cxt 0] Extracting header 'ethernet'
[18:25:16.534] [bmv2] [D] [thread 3781] [51.0] [cxt 0] Parser state 'start': key is 8100
[18:25:16.534] [bmv2] [T] [thread 3781] [51.0] [cxt 0] Bytes parsed: 14
[18:25:16.534] [bmv2] [D] [thread 3781] [51.0] [cxt 0] Parser 'parser' entering state 'parse_vlan'
[18:25:16.534] [bmv2] [D] [thread 3781] [51.0] [cxt 0] Extracting header 'vlan'
[18:25:16.534] [bmv2] [D] [thread 3781] [51.0] [cxt 0] Parser state 'parse_vlan': key is 0800
[18:25:16.534] [bmv2] [T] [thread 3781] [51.0] [cxt 0] Bytes parsed: 18
[18:25:16.535] [bmv2] [D] [thread 3781] [51.0] [cxt 0] Parser 'parser' entering state 'parse_ipv4'
[18:25:16.535] [bmv2] [D] [thread 3781] [51.0] [cxt 0] Extracting header 'ipv4'
[18:25:16.535] [bmv2] [D] [thread 3781] [51.0] [cxt 0] Parser set: setting field 'scalars.tmp' from expression, new value is 1
[18:25:16.535] [bmv2] [D] [thread 3781] [51.0] [cxt 0] Parser state 'parse_ipv4': key is 06
[18:25:16.535] [bmv2] [T] [thread 3781] [51.0] [cxt 0] Bytes parsed: 38
[18:25:16.535] [bmv2] [D] [thread 3781] [51.0] [cxt 0] Parser 'parser' entering state 'parse_ipv4_option'
[18:25:16.535] [bmv2] [D] [thread 3781] [51.0] [cxt 0] Extracting header 'ipv4_option'
[18:25:16.535] [bmv2] [D] [thread 3781] [51.0] [cxt 0] Parser state 'parse_ipv4_option': key is 1f
[18:25:16.535] [bmv2] [T] [thread 3781] [51.0] [cxt 0] Bytes parsed: 40
[18:25:16.535] [bmv2] [D] [thread 3781] [51.0] [cxt 0] Parser 'parser' entering state 'parse_link_qos'
[18:25:16.535] [bmv2] [D] [thread 3781] [51.0] [cxt 0] Extracting header 'link_qos'
[18:25:16.535] [bmv2] [D] [thread 3781] [51.0] [cxt 0] Parser state 'parse_link_qos' has no switch, going to default next state
[18:25:16.535] [bmv2] [T] [thread 3781] [51.0] [cxt 0] Bytes parsed: 42
[18:25:16.535] [bmv2] [D] [thread 3781] [51.0] [cxt 0] Parser 'parser': end
[18:25:16.535] [bmv2] [D] [thread 3781] [51.0] [cxt 0] Pipeline 'ingress': start
[18:25:16.535] [bmv2] [T] [thread 3781] [51.0] [cxt 0] qos.p4(197) Condition "hdr.ipv4.isValid()" (node_2) is true
[18:25:16.535] [bmv2] [T] [thread 3781] [51.0] [cxt 0] qos.p4(198) Condition "hdr.link_qos.link_qos == TARGET_LINK_QOS" (node_3) is true
[18:25:16.535] [bmv2] [T] [thread 3781] [51.0] [cxt 0] Applying table 'tbl_qos199'
[18:25:16.536] [bmv2] [D] [thread 3781] [51.0] [cxt 0] Looking up key:

[18:25:16.536] [bmv2] [D] [thread 3781] [51.0] [cxt 0] Table 'tbl_qos199': miss
[18:25:16.536] [bmv2] [D] [thread 3781] [51.0] [cxt 0] Action entry is qos199 - 
[18:25:16.536] [bmv2] [T] [thread 3781] [51.0] [cxt 0] Action qos199
[18:25:16.536] [bmv2] [T] [thread 3781] [51.0] [cxt 0] qos.p4(199) Primitive hdr.ipv4.diffserv = (TARGET_DSCP << 2
[18:25:16.536] [bmv2] [T] [thread 3781] [51.0] [cxt 0] qos.p4(28) Primitive 7; ...
[18:25:16.536] [bmv2] [T] [thread 3781] [51.0] [cxt 0] Applying table 'MyIngress.ipv4_lpm'
[18:25:16.536] [bmv2] [D] [thread 3781] [51.0] [cxt 0] Looking up key:
* hdr.ipv4.dstAddr    : 0a000202

[18:25:16.536] [bmv2] [D] [thread 3781] [51.0] [cxt 0] Table 'MyIngress.ipv4_lpm': hit with handle 2
[18:25:16.536] [bmv2] [D] [thread 3781] [51.0] [cxt 0] Dumping entry 2
Match key:
* hdr.ipv4.dstAddr    : LPM       0a000200/24
Action entry: MyIngress.ipv4_forward - 80000000200,3,

[18:25:16.536] [bmv2] [D] [thread 3781] [51.0] [cxt 0] Action entry is MyIngress.ipv4_forward - 80000000200,3,
[18:25:16.536] [bmv2] [T] [thread 3781] [51.0] [cxt 0] Action MyIngress.ipv4_forward
[18:25:16.536] [bmv2] [T] [thread 3781] [51.0] [cxt 0] qos.p4(175) Primitive standard_metadata.egress_spec = port
[18:25:16.536] [bmv2] [T] [thread 3781] [51.0] [cxt 0] qos.p4(176) Primitive hdr.ethernet.srcAddr = hdr.ethernet.dstAddr
[18:25:16.536] [bmv2] [T] [thread 3781] [51.0] [cxt 0] qos.p4(177) Primitive hdr.ethernet.dstAddr = dstAddr
[18:25:16.536] [bmv2] [T] [thread 3781] [51.0] [cxt 0] qos.p4(178) Primitive hdr.ipv4.ttl = hdr.ipv4.ttl - 1
[18:25:16.536] [bmv2] [D] [thread 3781] [51.0] [cxt 0] Pipeline 'ingress': end
[18:25:16.536] [bmv2] [D] [thread 3781] [51.0] [cxt 0] Egress port is 3
[18:25:16.540] [bmv2] [D] [thread 3785] [51.0] [cxt 0] Pipeline 'egress': start
[18:25:16.541] [bmv2] [D] [thread 3785] [51.0] [cxt 0] Pipeline 'egress': end
[18:25:16.541] [bmv2] [D] [thread 3785] [51.0] [cxt 0] Deparser 'deparser': start
[18:25:16.541] [bmv2] [D] [thread 3785] [51.0] [cxt 0] Updating checksum 'cksum'
[18:25:16.541] [bmv2] [D] [thread 3785] [51.0] [cxt 0] Deparsing header 'ethernet'
[18:25:16.541] [bmv2] [D] [thread 3785] [51.0] [cxt 0] Deparsing header 'vlan'
[18:25:16.541] [bmv2] [D] [thread 3785] [51.0] [cxt 0] Deparsing header 'ipv4'
[18:25:16.541] [bmv2] [D] [thread 3785] [51.0] [cxt 0] Deparsing header 'ipv4_option'
[18:25:16.541] [bmv2] [D] [thread 3785] [51.0] [cxt 0] Deparsing header 'link_qos'
[18:25:16.541] [bmv2] [D] [thread 3785] [51.0] [cxt 0] Deparser 'deparser': end
[18:25:16.541] [bmv2] [D] [thread 3786] [51.0] [cxt 0] Transmitting packet of size 50 out of port 3
[18:25:17.428] [bmv2] [D] [thread 3781] [52.0] [cxt 0] Processing packet received on port 1
[18:25:17.428] [bmv2] [D] [thread 3781] [52.0] [cxt 0] Parser 'parser': start
[18:25:17.428] [bmv2] [D] [thread 3781] [52.0] [cxt 0] Parser 'parser' entering state 'start'
[18:25:17.428] [bmv2] [D] [thread 3781] [52.0] [cxt 0] Extracting header 'ethernet'
[18:25:17.429] [bmv2] [D] [thread 3781] [52.0] [cxt 0] Parser state 'start': key is 8100
[18:25:17.429] [bmv2] [T] [thread 3781] [52.0] [cxt 0] Bytes parsed: 14
[18:25:17.429] [bmv2] [D] [thread 3781] [52.0] [cxt 0] Parser 'parser' entering state 'parse_vlan'
[18:25:17.429] [bmv2] [D] [thread 3781] [52.0] [cxt 0] Extracting header 'vlan'
[18:25:17.429] [bmv2] [D] [thread 3781] [52.0] [cxt 0] Parser state 'parse_vlan': key is 0800
[18:25:17.430] [bmv2] [T] [thread 3781] [52.0] [cxt 0] Bytes parsed: 18
[18:25:17.430] [bmv2] [D] [thread 3781] [52.0] [cxt 0] Parser 'parser' entering state 'parse_ipv4'
[18:25:17.430] [bmv2] [D] [thread 3781] [52.0] [cxt 0] Extracting header 'ipv4'
[18:25:17.430] [bmv2] [D] [thread 3781] [52.0] [cxt 0] Parser set: setting field 'scalars.tmp' from expression, new value is 1
[18:25:17.431] [bmv2] [D] [thread 3781] [52.0] [cxt 0] Parser state 'parse_ipv4': key is 05
[18:25:17.431] [bmv2] [T] [thread 3781] [52.0] [cxt 0] Bytes parsed: 38
[18:25:17.431] [bmv2] [D] [thread 3781] [52.0] [cxt 0] Parser 'parser': end
[18:25:17.431] [bmv2] [D] [thread 3781] [52.0] [cxt 0] Pipeline 'ingress': start
[18:25:17.431] [bmv2] [T] [thread 3781] [52.0] [cxt 0] qos.p4(197) Condition "hdr.ipv4.isValid()" (node_2) is true
[18:25:17.431] [bmv2] [T] [thread 3781] [52.0] [cxt 0] qos.p4(198) Condition "hdr.link_qos.link_qos == TARGET_LINK_QOS" (node_3) is true
[18:25:17.431] [bmv2] [T] [thread 3781] [52.0] [cxt 0] Applying table 'tbl_qos199'
[18:25:17.431] [bmv2] [D] [thread 3781] [52.0] [cxt 0] Looking up key:

[18:25:17.431] [bmv2] [D] [thread 3781] [52.0] [cxt 0] Table 'tbl_qos199': miss
[18:25:17.432] [bmv2] [D] [thread 3781] [52.0] [cxt 0] Action entry is qos199 - 
[18:25:17.432] [bmv2] [T] [thread 3781] [52.0] [cxt 0] Action qos199
[18:25:17.432] [bmv2] [T] [thread 3781] [52.0] [cxt 0] qos.p4(199) Primitive hdr.ipv4.diffserv = (TARGET_DSCP << 2
[18:25:17.432] [bmv2] [T] [thread 3781] [52.0] [cxt 0] qos.p4(28) Primitive 7; ...
[18:25:17.432] [bmv2] [T] [thread 3781] [52.0] [cxt 0] Applying table 'MyIngress.ipv4_lpm'
[18:25:17.432] [bmv2] [D] [thread 3781] [52.0] [cxt 0] Looking up key:
* hdr.ipv4.dstAddr    : 0a000202

[18:25:17.432] [bmv2] [D] [thread 3781] [52.0] [cxt 0] Table 'MyIngress.ipv4_lpm': hit with handle 2
[18:25:17.445] [bmv2] [D] [thread 3781] [52.0] [cxt 0] Dumping entry 2
Match key:
* hdr.ipv4.dstAddr    : LPM       0a000200/24
Action entry: MyIngress.ipv4_forward - 80000000200,3,

[18:25:17.445] [bmv2] [D] [thread 3781] [52.0] [cxt 0] Action entry is MyIngress.ipv4_forward - 80000000200,3,
[18:25:17.445] [bmv2] [T] [thread 3781] [52.0] [cxt 0] Action MyIngress.ipv4_forward
[18:25:17.446] [bmv2] [T] [thread 3781] [52.0] [cxt 0] qos.p4(175) Primitive standard_metadata.egress_spec = port
[18:25:17.446] [bmv2] [T] [thread 3781] [52.0] [cxt 0] qos.p4(176) Primitive hdr.ethernet.srcAddr = hdr.ethernet.dstAddr
[18:25:17.446] [bmv2] [T] [thread 3781] [52.0] [cxt 0] qos.p4(177) Primitive hdr.ethernet.dstAddr = dstAddr
[18:25:17.446] [bmv2] [T] [thread 3781] [52.0] [cxt 0] qos.p4(178) Primitive hdr.ipv4.ttl = hdr.ipv4.ttl - 1
[18:25:17.446] [bmv2] [D] [thread 3781] [52.0] [cxt 0] Pipeline 'ingress': end
[18:25:17.446] [bmv2] [D] [thread 3781] [52.0] [cxt 0] Egress port is 3
[18:25:17.446] [bmv2] [D] [thread 3785] [52.0] [cxt 0] Pipeline 'egress': start
[18:25:17.446] [bmv2] [D] [thread 3785] [52.0] [cxt 0] Pipeline 'egress': end
[18:25:17.446] [bmv2] [D] [thread 3785] [52.0] [cxt 0] Deparser 'deparser': start
[18:25:17.446] [bmv2] [D] [thread 3785] [52.0] [cxt 0] Updating checksum 'cksum'
[18:25:17.446] [bmv2] [D] [thread 3785] [52.0] [cxt 0] Deparsing header 'ethernet'
[18:25:17.446] [bmv2] [D] [thread 3785] [52.0] [cxt 0] Deparsing header 'vlan'
[18:25:17.447] [bmv2] [D] [thread 3785] [52.0] [cxt 0] Deparsing header 'ipv4'
[18:25:17.447] [bmv2] [D] [thread 3785] [52.0] [cxt 0] Deparser 'deparser': end
[18:25:17.447] [bmv2] [D] [thread 3786] [52.0] [cxt 0] Transmitting packet of size 46 out of port 3
[18:25:17.553] [bmv2] [D] [thread 3781] [53.0] [cxt 0] Processing packet received on port 2
[18:25:17.554] [bmv2] [D] [thread 3781] [53.0] [cxt 0] Parser 'parser': start
[18:25:17.554] [bmv2] [D] [thread 3781] [53.0] [cxt 0] Parser 'parser' entering state 'start'
[18:25:17.554] [bmv2] [D] [thread 3781] [53.0] [cxt 0] Extracting header 'ethernet'
[18:25:17.554] [bmv2] [D] [thread 3781] [53.0] [cxt 0] Parser state 'start': key is 8100
[18:25:17.554] [bmv2] [T] [thread 3781] [53.0] [cxt 0] Bytes parsed: 14
[18:25:17.554] [bmv2] [D] [thread 3781] [53.0] [cxt 0] Parser 'parser' entering state 'parse_vlan'
[18:25:17.554] [bmv2] [D] [thread 3781] [53.0] [cxt 0] Extracting header 'vlan'
[18:25:17.554] [bmv2] [D] [thread 3781] [53.0] [cxt 0] Parser state 'parse_vlan': key is 0800
[18:25:17.554] [bmv2] [T] [thread 3781] [53.0] [cxt 0] Bytes parsed: 18
[18:25:17.554] [bmv2] [D] [thread 3781] [53.0] [cxt 0] Parser 'parser' entering state 'parse_ipv4'
[18:25:17.554] [bmv2] [D] [thread 3781] [53.0] [cxt 0] Extracting header 'ipv4'
[18:25:17.554] [bmv2] [D] [thread 3781] [53.0] [cxt 0] Parser set: setting field 'scalars.tmp' from expression, new value is 1
[18:25:17.554] [bmv2] [D] [thread 3781] [53.0] [cxt 0] Parser state 'parse_ipv4': key is 06
[18:25:17.554] [bmv2] [T] [thread 3781] [53.0] [cxt 0] Bytes parsed: 38
[18:25:17.555] [bmv2] [D] [thread 3781] [53.0] [cxt 0] Parser 'parser' entering state 'parse_ipv4_option'
[18:25:17.555] [bmv2] [D] [thread 3781] [53.0] [cxt 0] Extracting header 'ipv4_option'
[18:25:17.555] [bmv2] [D] [thread 3781] [53.0] [cxt 0] Parser state 'parse_ipv4_option': key is 1f
[18:25:17.555] [bmv2] [T] [thread 3781] [53.0] [cxt 0] Bytes parsed: 40
[18:25:17.555] [bmv2] [D] [thread 3781] [53.0] [cxt 0] Parser 'parser' entering state 'parse_link_qos'
[18:25:17.555] [bmv2] [D] [thread 3781] [53.0] [cxt 0] Extracting header 'link_qos'
[18:25:17.555] [bmv2] [D] [thread 3781] [53.0] [cxt 0] Parser state 'parse_link_qos' has no switch, going to default next state
[18:25:17.555] [bmv2] [T] [thread 3781] [53.0] [cxt 0] Bytes parsed: 42
[18:25:17.555] [bmv2] [D] [thread 3781] [53.0] [cxt 0] Parser 'parser': end
[18:25:17.555] [bmv2] [D] [thread 3781] [53.0] [cxt 0] Pipeline 'ingress': start
[18:25:17.555] [bmv2] [T] [thread 3781] [53.0] [cxt 0] qos.p4(197) Condition "hdr.ipv4.isValid()" (node_2) is true
[18:25:17.555] [bmv2] [T] [thread 3781] [53.0] [cxt 0] qos.p4(198) Condition "hdr.link_qos.link_qos == TARGET_LINK_QOS" (node_3) is true
[18:25:17.555] [bmv2] [T] [thread 3781] [53.0] [cxt 0] Applying table 'tbl_qos199'
[18:25:17.555] [bmv2] [D] [thread 3781] [53.0] [cxt 0] Looking up key:

[18:25:17.555] [bmv2] [D] [thread 3781] [53.0] [cxt 0] Table 'tbl_qos199': miss
[18:25:17.555] [bmv2] [D] [thread 3781] [53.0] [cxt 0] Action entry is qos199 - 
[18:25:17.555] [bmv2] [T] [thread 3781] [53.0] [cxt 0] Action qos199
[18:25:17.555] [bmv2] [T] [thread 3781] [53.0] [cxt 0] qos.p4(199) Primitive hdr.ipv4.diffserv = (TARGET_DSCP << 2
[18:25:17.555] [bmv2] [T] [thread 3781] [53.0] [cxt 0] qos.p4(28) Primitive 7; ...
[18:25:17.555] [bmv2] [T] [thread 3781] [53.0] [cxt 0] Applying table 'MyIngress.ipv4_lpm'
[18:25:17.556] [bmv2] [D] [thread 3781] [53.0] [cxt 0] Looking up key:
* hdr.ipv4.dstAddr    : 0a000202

[18:25:17.556] [bmv2] [D] [thread 3781] [53.0] [cxt 0] Table 'MyIngress.ipv4_lpm': hit with handle 2
[18:25:17.556] [bmv2] [D] [thread 3781] [53.0] [cxt 0] Dumping entry 2
Match key:
* hdr.ipv4.dstAddr    : LPM       0a000200/24
Action entry: MyIngress.ipv4_forward - 80000000200,3,

[18:25:17.556] [bmv2] [D] [thread 3781] [53.0] [cxt 0] Action entry is MyIngress.ipv4_forward - 80000000200,3,
[18:25:17.556] [bmv2] [T] [thread 3781] [53.0] [cxt 0] Action MyIngress.ipv4_forward
[18:25:17.556] [bmv2] [T] [thread 3781] [53.0] [cxt 0] qos.p4(175) Primitive standard_metadata.egress_spec = port
[18:25:17.556] [bmv2] [T] [thread 3781] [53.0] [cxt 0] qos.p4(176) Primitive hdr.ethernet.srcAddr = hdr.ethernet.dstAddr
[18:25:17.556] [bmv2] [T] [thread 3781] [53.0] [cxt 0] qos.p4(177) Primitive hdr.ethernet.dstAddr = dstAddr
[18:25:17.556] [bmv2] [T] [thread 3781] [53.0] [cxt 0] qos.p4(178) Primitive hdr.ipv4.ttl = hdr.ipv4.ttl - 1
[18:25:17.556] [bmv2] [D] [thread 3781] [53.0] [cxt 0] Pipeline 'ingress': end
[18:25:17.556] [bmv2] [D] [thread 3781] [53.0] [cxt 0] Egress port is 3
[18:25:17.569] [bmv2] [D] [thread 3785] [53.0] [cxt 0] Pipeline 'egress': start
[18:25:17.569] [bmv2] [D] [thread 3785] [53.0] [cxt 0] Pipeline 'egress': end
[18:25:17.569] [bmv2] [D] [thread 3785] [53.0] [cxt 0] Deparser 'deparser': start
[18:25:17.570] [bmv2] [D] [thread 3785] [53.0] [cxt 0] Updating checksum 'cksum'
[18:25:17.570] [bmv2] [D] [thread 3785] [53.0] [cxt 0] Deparsing header 'ethernet'
[18:25:17.570] [bmv2] [D] [thread 3785] [53.0] [cxt 0] Deparsing header 'vlan'
[18:25:17.570] [bmv2] [D] [thread 3785] [53.0] [cxt 0] Deparsing header 'ipv4'
[18:25:17.570] [bmv2] [D] [thread 3785] [53.0] [cxt 0] Deparsing header 'ipv4_option'
[18:25:17.570] [bmv2] [D] [thread 3785] [53.0] [cxt 0] Deparsing header 'link_qos'
[18:25:17.570] [bmv2] [D] [thread 3785] [53.0] [cxt 0] Deparser 'deparser': end
[18:25:17.570] [bmv2] [D] [thread 3786] [53.0] [cxt 0] Transmitting packet of size 50 out of port 3
[18:25:18.459] [bmv2] [D] [thread 3781] [54.0] [cxt 0] Processing packet received on port 1
[18:25:18.459] [bmv2] [D] [thread 3781] [54.0] [cxt 0] Parser 'parser': start
[18:25:18.459] [bmv2] [D] [thread 3781] [54.0] [cxt 0] Parser 'parser' entering state 'start'
[18:25:18.459] [bmv2] [D] [thread 3781] [54.0] [cxt 0] Extracting header 'ethernet'
[18:25:18.459] [bmv2] [D] [thread 3781] [54.0] [cxt 0] Parser state 'start': key is 8100
[18:25:18.460] [bmv2] [T] [thread 3781] [54.0] [cxt 0] Bytes parsed: 14
[18:25:18.460] [bmv2] [D] [thread 3781] [54.0] [cxt 0] Parser 'parser' entering state 'parse_vlan'
[18:25:18.460] [bmv2] [D] [thread 3781] [54.0] [cxt 0] Extracting header 'vlan'
[18:25:18.460] [bmv2] [D] [thread 3781] [54.0] [cxt 0] Parser state 'parse_vlan': key is 0800
[18:25:18.460] [bmv2] [T] [thread 3781] [54.0] [cxt 0] Bytes parsed: 18
[18:25:18.460] [bmv2] [D] [thread 3781] [54.0] [cxt 0] Parser 'parser' entering state 'parse_ipv4'
[18:25:18.460] [bmv2] [D] [thread 3781] [54.0] [cxt 0] Extracting header 'ipv4'
[18:25:18.461] [bmv2] [D] [thread 3781] [54.0] [cxt 0] Parser set: setting field 'scalars.tmp' from expression, new value is 1
[18:25:18.461] [bmv2] [D] [thread 3781] [54.0] [cxt 0] Parser state 'parse_ipv4': key is 05
[18:25:18.461] [bmv2] [T] [thread 3781] [54.0] [cxt 0] Bytes parsed: 38
[18:25:18.461] [bmv2] [D] [thread 3781] [54.0] [cxt 0] Parser 'parser': end
[18:25:18.461] [bmv2] [D] [thread 3781] [54.0] [cxt 0] Pipeline 'ingress': start
[18:25:18.462] [bmv2] [T] [thread 3781] [54.0] [cxt 0] qos.p4(197) Condition "hdr.ipv4.isValid()" (node_2) is true
[18:25:18.462] [bmv2] [T] [thread 3781] [54.0] [cxt 0] qos.p4(198) Condition "hdr.link_qos.link_qos == TARGET_LINK_QOS" (node_3) is true
[18:25:18.462] [bmv2] [T] [thread 3781] [54.0] [cxt 0] Applying table 'tbl_qos199'
[18:25:18.462] [bmv2] [D] [thread 3781] [54.0] [cxt 0] Looking up key:

[18:25:18.462] [bmv2] [D] [thread 3781] [54.0] [cxt 0] Table 'tbl_qos199': miss
[18:25:18.462] [bmv2] [D] [thread 3781] [54.0] [cxt 0] Action entry is qos199 - 
[18:25:18.462] [bmv2] [T] [thread 3781] [54.0] [cxt 0] Action qos199
[18:25:18.462] [bmv2] [T] [thread 3781] [54.0] [cxt 0] qos.p4(199) Primitive hdr.ipv4.diffserv = (TARGET_DSCP << 2
[18:25:18.462] [bmv2] [T] [thread 3781] [54.0] [cxt 0] qos.p4(28) Primitive 7; ...
[18:25:18.463] [bmv2] [T] [thread 3781] [54.0] [cxt 0] Applying table 'MyIngress.ipv4_lpm'
[18:25:18.463] [bmv2] [D] [thread 3781] [54.0] [cxt 0] Looking up key:
* hdr.ipv4.dstAddr    : 0a000202

[18:25:18.463] [bmv2] [D] [thread 3781] [54.0] [cxt 0] Table 'MyIngress.ipv4_lpm': hit with handle 2
[18:25:18.463] [bmv2] [D] [thread 3781] [54.0] [cxt 0] Dumping entry 2
Match key:
* hdr.ipv4.dstAddr    : LPM       0a000200/24
Action entry: MyIngress.ipv4_forward - 80000000200,3,

[18:25:18.463] [bmv2] [D] [thread 3781] [54.0] [cxt 0] Action entry is MyIngress.ipv4_forward - 80000000200,3,
[18:25:18.463] [bmv2] [T] [thread 3781] [54.0] [cxt 0] Action MyIngress.ipv4_forward
[18:25:18.463] [bmv2] [T] [thread 3781] [54.0] [cxt 0] qos.p4(175) Primitive standard_metadata.egress_spec = port
[18:25:18.463] [bmv2] [T] [thread 3781] [54.0] [cxt 0] qos.p4(176) Primitive hdr.ethernet.srcAddr = hdr.ethernet.dstAddr
[18:25:18.463] [bmv2] [T] [thread 3781] [54.0] [cxt 0] qos.p4(177) Primitive hdr.ethernet.dstAddr = dstAddr
[18:25:18.463] [bmv2] [T] [thread 3781] [54.0] [cxt 0] qos.p4(178) Primitive hdr.ipv4.ttl = hdr.ipv4.ttl - 1
[18:25:18.463] [bmv2] [D] [thread 3781] [54.0] [cxt 0] Pipeline 'ingress': end
[18:25:18.464] [bmv2] [D] [thread 3781] [54.0] [cxt 0] Egress port is 3
[18:25:18.471] [bmv2] [D] [thread 3785] [54.0] [cxt 0] Pipeline 'egress': start
[18:25:18.471] [bmv2] [D] [thread 3785] [54.0] [cxt 0] Pipeline 'egress': end
[18:25:18.471] [bmv2] [D] [thread 3785] [54.0] [cxt 0] Deparser 'deparser': start
[18:25:18.471] [bmv2] [D] [thread 3785] [54.0] [cxt 0] Updating checksum 'cksum'
[18:25:18.471] [bmv2] [D] [thread 3785] [54.0] [cxt 0] Deparsing header 'ethernet'
[18:25:18.472] [bmv2] [D] [thread 3785] [54.0] [cxt 0] Deparsing header 'vlan'
[18:25:18.472] [bmv2] [D] [thread 3785] [54.0] [cxt 0] Deparsing header 'ipv4'
[18:25:18.472] [bmv2] [D] [thread 3785] [54.0] [cxt 0] Deparser 'deparser': end
[18:25:18.472] [bmv2] [D] [thread 3786] [54.0] [cxt 0] Transmitting packet of size 46 out of port 3
[18:25:18.598] [bmv2] [D] [thread 3781] [55.0] [cxt 0] Processing packet received on port 2
[18:25:18.599] [bmv2] [D] [thread 3781] [55.0] [cxt 0] Parser 'parser': start
[18:25:18.599] [bmv2] [D] [thread 3781] [55.0] [cxt 0] Parser 'parser' entering state 'start'
[18:25:18.599] [bmv2] [D] [thread 3781] [55.0] [cxt 0] Extracting header 'ethernet'
[18:25:18.599] [bmv2] [D] [thread 3781] [55.0] [cxt 0] Parser state 'start': key is 8100
[18:25:18.599] [bmv2] [T] [thread 3781] [55.0] [cxt 0] Bytes parsed: 14
[18:25:18.599] [bmv2] [D] [thread 3781] [55.0] [cxt 0] Parser 'parser' entering state 'parse_vlan'
[18:25:18.599] [bmv2] [D] [thread 3781] [55.0] [cxt 0] Extracting header 'vlan'
[18:25:18.599] [bmv2] [D] [thread 3781] [55.0] [cxt 0] Parser state 'parse_vlan': key is 0800
[18:25:18.599] [bmv2] [T] [thread 3781] [55.0] [cxt 0] Bytes parsed: 18
[18:25:18.599] [bmv2] [D] [thread 3781] [55.0] [cxt 0] Parser 'parser' entering state 'parse_ipv4'
[18:25:18.599] [bmv2] [D] [thread 3781] [55.0] [cxt 0] Extracting header 'ipv4'
[18:25:18.599] [bmv2] [D] [thread 3781] [55.0] [cxt 0] Parser set: setting field 'scalars.tmp' from expression, new value is 1
[18:25:18.599] [bmv2] [D] [thread 3781] [55.0] [cxt 0] Parser state 'parse_ipv4': key is 06
[18:25:18.599] [bmv2] [T] [thread 3781] [55.0] [cxt 0] Bytes parsed: 38
[18:25:18.599] [bmv2] [D] [thread 3781] [55.0] [cxt 0] Parser 'parser' entering state 'parse_ipv4_option'
[18:25:18.599] [bmv2] [D] [thread 3781] [55.0] [cxt 0] Extracting header 'ipv4_option'
[18:25:18.599] [bmv2] [D] [thread 3781] [55.0] [cxt 0] Parser state 'parse_ipv4_option': key is 1f
[18:25:18.600] [bmv2] [T] [thread 3781] [55.0] [cxt 0] Bytes parsed: 40
[18:25:18.600] [bmv2] [D] [thread 3781] [55.0] [cxt 0] Parser 'parser' entering state 'parse_link_qos'
[18:25:18.600] [bmv2] [D] [thread 3781] [55.0] [cxt 0] Extracting header 'link_qos'
[18:25:18.600] [bmv2] [D] [thread 3781] [55.0] [cxt 0] Parser state 'parse_link_qos' has no switch, going to default next state
[18:25:18.600] [bmv2] [T] [thread 3781] [55.0] [cxt 0] Bytes parsed: 42
[18:25:18.600] [bmv2] [D] [thread 3781] [55.0] [cxt 0] Parser 'parser': end
[18:25:18.600] [bmv2] [D] [thread 3781] [55.0] [cxt 0] Pipeline 'ingress': start
[18:25:18.600] [bmv2] [T] [thread 3781] [55.0] [cxt 0] qos.p4(197) Condition "hdr.ipv4.isValid()" (node_2) is true
[18:25:18.600] [bmv2] [T] [thread 3781] [55.0] [cxt 0] qos.p4(198) Condition "hdr.link_qos.link_qos == TARGET_LINK_QOS" (node_3) is true
[18:25:18.600] [bmv2] [T] [thread 3781] [55.0] [cxt 0] Applying table 'tbl_qos199'
[18:25:18.600] [bmv2] [D] [thread 3781] [55.0] [cxt 0] Looking up key:

[18:25:18.600] [bmv2] [D] [thread 3781] [55.0] [cxt 0] Table 'tbl_qos199': miss
[18:25:18.600] [bmv2] [D] [thread 3781] [55.0] [cxt 0] Action entry is qos199 - 
[18:25:18.600] [bmv2] [T] [thread 3781] [55.0] [cxt 0] Action qos199
[18:25:18.600] [bmv2] [T] [thread 3781] [55.0] [cxt 0] qos.p4(199) Primitive hdr.ipv4.diffserv = (TARGET_DSCP << 2
[18:25:18.600] [bmv2] [T] [thread 3781] [55.0] [cxt 0] qos.p4(28) Primitive 7; ...
[18:25:18.600] [bmv2] [T] [thread 3781] [55.0] [cxt 0] Applying table 'MyIngress.ipv4_lpm'
[18:25:18.600] [bmv2] [D] [thread 3781] [55.0] [cxt 0] Looking up key:
* hdr.ipv4.dstAddr    : 0a000202

[18:25:18.601] [bmv2] [D] [thread 3781] [55.0] [cxt 0] Table 'MyIngress.ipv4_lpm': hit with handle 2
[18:25:18.601] [bmv2] [D] [thread 3781] [55.0] [cxt 0] Dumping entry 2
Match key:
* hdr.ipv4.dstAddr    : LPM       0a000200/24
Action entry: MyIngress.ipv4_forward - 80000000200,3,

[18:25:18.601] [bmv2] [D] [thread 3781] [55.0] [cxt 0] Action entry is MyIngress.ipv4_forward - 80000000200,3,
[18:25:18.601] [bmv2] [T] [thread 3781] [55.0] [cxt 0] Action MyIngress.ipv4_forward
[18:25:18.601] [bmv2] [T] [thread 3781] [55.0] [cxt 0] qos.p4(175) Primitive standard_metadata.egress_spec = port
[18:25:18.601] [bmv2] [T] [thread 3781] [55.0] [cxt 0] qos.p4(176) Primitive hdr.ethernet.srcAddr = hdr.ethernet.dstAddr
[18:25:18.601] [bmv2] [T] [thread 3781] [55.0] [cxt 0] qos.p4(177) Primitive hdr.ethernet.dstAddr = dstAddr
[18:25:18.601] [bmv2] [T] [thread 3781] [55.0] [cxt 0] qos.p4(178) Primitive hdr.ipv4.ttl = hdr.ipv4.ttl - 1
[18:25:18.601] [bmv2] [D] [thread 3781] [55.0] [cxt 0] Pipeline 'ingress': end
[18:25:18.601] [bmv2] [D] [thread 3781] [55.0] [cxt 0] Egress port is 3
[18:25:18.601] [bmv2] [D] [thread 3785] [55.0] [cxt 0] Pipeline 'egress': start
[18:25:18.601] [bmv2] [D] [thread 3785] [55.0] [cxt 0] Pipeline 'egress': end
[18:25:18.601] [bmv2] [D] [thread 3785] [55.0] [cxt 0] Deparser 'deparser': start
[18:25:18.602] [bmv2] [D] [thread 3785] [55.0] [cxt 0] Updating checksum 'cksum'
[18:25:18.602] [bmv2] [D] [thread 3785] [55.0] [cxt 0] Deparsing header 'ethernet'
[18:25:18.602] [bmv2] [D] [thread 3785] [55.0] [cxt 0] Deparsing header 'vlan'
[18:25:18.602] [bmv2] [D] [thread 3785] [55.0] [cxt 0] Deparsing header 'ipv4'
[18:25:18.602] [bmv2] [D] [thread 3785] [55.0] [cxt 0] Deparsing header 'ipv4_option'
[18:25:18.602] [bmv2] [D] [thread 3785] [55.0] [cxt 0] Deparsing header 'link_qos'
[18:25:18.602] [bmv2] [D] [thread 3785] [55.0] [cxt 0] Deparser 'deparser': end
[18:25:18.602] [bmv2] [D] [thread 3786] [55.0] [cxt 0] Transmitting packet of size 50 out of port 3
[18:25:18.819] [bmv2] [D] [thread 3781] [56.0] [cxt 0] Processing packet received on port 1
[18:25:18.820] [bmv2] [D] [thread 3781] [56.0] [cxt 0] Parser 'parser': start
[18:25:18.820] [bmv2] [D] [thread 3781] [56.0] [cxt 0] Parser 'parser' entering state 'start'
[18:25:18.820] [bmv2] [D] [thread 3781] [56.0] [cxt 0] Extracting header 'ethernet'
[18:25:18.820] [bmv2] [D] [thread 3781] [56.0] [cxt 0] Parser state 'start': key is 86dd
[18:25:18.820] [bmv2] [T] [thread 3781] [56.0] [cxt 0] Bytes parsed: 14
[18:25:18.820] [bmv2] [D] [thread 3781] [56.0] [cxt 0] Parser 'parser': end
[18:25:18.820] [bmv2] [D] [thread 3781] [56.0] [cxt 0] Pipeline 'ingress': start
[18:25:18.820] [bmv2] [T] [thread 3781] [56.0] [cxt 0] qos.p4(197) Condition "hdr.ipv4.isValid()" (node_2) is false
[18:25:18.820] [bmv2] [D] [thread 3781] [56.0] [cxt 0] Pipeline 'ingress': end
[18:25:18.821] [bmv2] [D] [thread 3781] [56.0] [cxt 0] Egress port is 0
[18:25:18.821] [bmv2] [D] [thread 3782] [56.0] [cxt 0] Pipeline 'egress': start
[18:25:18.821] [bmv2] [D] [thread 3782] [56.0] [cxt 0] Pipeline 'egress': end
[18:25:18.821] [bmv2] [D] [thread 3782] [56.0] [cxt 0] Deparser 'deparser': start
[18:25:18.821] [bmv2] [T] [thread 3782] [56.0] [cxt 0] Skipping checksum 'cksum' update because condition not met
[18:25:18.821] [bmv2] [D] [thread 3782] [56.0] [cxt 0] Deparsing header 'ethernet'
[18:25:18.821] [bmv2] [D] [thread 3782] [56.0] [cxt 0] Deparser 'deparser': end
[18:25:18.821] [bmv2] [D] [thread 3786] [56.0] [cxt 0] Transmitting packet of size 70 out of port 0
[18:25:19.485] [bmv2] [D] [thread 3781] [57.0] [cxt 0] Processing packet received on port 1
[18:25:19.486] [bmv2] [D] [thread 3781] [57.0] [cxt 0] Parser 'parser': start
[18:25:19.486] [bmv2] [D] [thread 3781] [57.0] [cxt 0] Parser 'parser' entering state 'start'
[18:25:19.486] [bmv2] [D] [thread 3781] [57.0] [cxt 0] Extracting header 'ethernet'
[18:25:19.486] [bmv2] [D] [thread 3781] [57.0] [cxt 0] Parser state 'start': key is 8100
[18:25:19.486] [bmv2] [T] [thread 3781] [57.0] [cxt 0] Bytes parsed: 14
[18:25:19.487] [bmv2] [D] [thread 3781] [57.0] [cxt 0] Parser 'parser' entering state 'parse_vlan'
[18:25:19.487] [bmv2] [D] [thread 3781] [57.0] [cxt 0] Extracting header 'vlan'
[18:25:19.487] [bmv2] [D] [thread 3781] [57.0] [cxt 0] Parser state 'parse_vlan': key is 0800
[18:25:19.487] [bmv2] [T] [thread 3781] [57.0] [cxt 0] Bytes parsed: 18
[18:25:19.487] [bmv2] [D] [thread 3781] [57.0] [cxt 0] Parser 'parser' entering state 'parse_ipv4'
[18:25:19.487] [bmv2] [D] [thread 3781] [57.0] [cxt 0] Extracting header 'ipv4'
[18:25:19.487] [bmv2] [D] [thread 3781] [57.0] [cxt 0] Parser set: setting field 'scalars.tmp' from expression, new value is 1
[18:25:19.487] [bmv2] [D] [thread 3781] [57.0] [cxt 0] Parser state 'parse_ipv4': key is 05
[18:25:19.487] [bmv2] [T] [thread 3781] [57.0] [cxt 0] Bytes parsed: 38
[18:25:19.487] [bmv2] [D] [thread 3781] [57.0] [cxt 0] Parser 'parser': end
[18:25:19.487] [bmv2] [D] [thread 3781] [57.0] [cxt 0] Pipeline 'ingress': start
[18:25:19.487] [bmv2] [T] [thread 3781] [57.0] [cxt 0] qos.p4(197) Condition "hdr.ipv4.isValid()" (node_2) is true
[18:25:19.487] [bmv2] [T] [thread 3781] [57.0] [cxt 0] qos.p4(198) Condition "hdr.link_qos.link_qos == TARGET_LINK_QOS" (node_3) is true
[18:25:19.488] [bmv2] [T] [thread 3781] [57.0] [cxt 0] Applying table 'tbl_qos199'
[18:25:19.488] [bmv2] [D] [thread 3781] [57.0] [cxt 0] Looking up key:

[18:25:19.489] [bmv2] [D] [thread 3781] [57.0] [cxt 0] Table 'tbl_qos199': miss
[18:25:19.489] [bmv2] [D] [thread 3781] [57.0] [cxt 0] Action entry is qos199 - 
[18:25:19.489] [bmv2] [T] [thread 3781] [57.0] [cxt 0] Action qos199
[18:25:19.489] [bmv2] [T] [thread 3781] [57.0] [cxt 0] qos.p4(199) Primitive hdr.ipv4.diffserv = (TARGET_DSCP << 2
[18:25:19.489] [bmv2] [T] [thread 3781] [57.0] [cxt 0] qos.p4(28) Primitive 7; ...
[18:25:19.489] [bmv2] [T] [thread 3781] [57.0] [cxt 0] Applying table 'MyIngress.ipv4_lpm'
[18:25:19.490] [bmv2] [D] [thread 3781] [57.0] [cxt 0] Looking up key:
* hdr.ipv4.dstAddr    : 0a000202

[18:25:19.490] [bmv2] [D] [thread 3781] [57.0] [cxt 0] Table 'MyIngress.ipv4_lpm': hit with handle 2
[18:25:19.490] [bmv2] [D] [thread 3781] [57.0] [cxt 0] Dumping entry 2
Match key:
* hdr.ipv4.dstAddr    : LPM       0a000200/24
Action entry: MyIngress.ipv4_forward - 80000000200,3,

[18:25:19.490] [bmv2] [D] [thread 3781] [57.0] [cxt 0] Action entry is MyIngress.ipv4_forward - 80000000200,3,
[18:25:19.490] [bmv2] [T] [thread 3781] [57.0] [cxt 0] Action MyIngress.ipv4_forward
[18:25:19.490] [bmv2] [T] [thread 3781] [57.0] [cxt 0] qos.p4(175) Primitive standard_metadata.egress_spec = port
[18:25:19.490] [bmv2] [T] [thread 3781] [57.0] [cxt 0] qos.p4(176) Primitive hdr.ethernet.srcAddr = hdr.ethernet.dstAddr
[18:25:19.490] [bmv2] [T] [thread 3781] [57.0] [cxt 0] qos.p4(177) Primitive hdr.ethernet.dstAddr = dstAddr
[18:25:19.490] [bmv2] [T] [thread 3781] [57.0] [cxt 0] qos.p4(178) Primitive hdr.ipv4.ttl = hdr.ipv4.ttl - 1
[18:25:19.490] [bmv2] [D] [thread 3781] [57.0] [cxt 0] Pipeline 'ingress': end
[18:25:19.490] [bmv2] [D] [thread 3781] [57.0] [cxt 0] Egress port is 3
[18:25:19.497] [bmv2] [D] [thread 3785] [57.0] [cxt 0] Pipeline 'egress': start
[18:25:19.497] [bmv2] [D] [thread 3785] [57.0] [cxt 0] Pipeline 'egress': end
[18:25:19.497] [bmv2] [D] [thread 3785] [57.0] [cxt 0] Deparser 'deparser': start
[18:25:19.497] [bmv2] [D] [thread 3785] [57.0] [cxt 0] Updating checksum 'cksum'
[18:25:19.497] [bmv2] [D] [thread 3785] [57.0] [cxt 0] Deparsing header 'ethernet'
[18:25:19.497] [bmv2] [D] [thread 3785] [57.0] [cxt 0] Deparsing header 'vlan'
[18:25:19.497] [bmv2] [D] [thread 3785] [57.0] [cxt 0] Deparsing header 'ipv4'
[18:25:19.497] [bmv2] [D] [thread 3785] [57.0] [cxt 0] Deparser 'deparser': end
[18:25:19.498] [bmv2] [D] [thread 3786] [57.0] [cxt 0] Transmitting packet of size 46 out of port 3
[18:25:19.609] [bmv2] [D] [thread 3781] [58.0] [cxt 0] Processing packet received on port 2
[18:25:19.609] [bmv2] [D] [thread 3781] [58.0] [cxt 0] Parser 'parser': start
[18:25:19.609] [bmv2] [D] [thread 3781] [58.0] [cxt 0] Parser 'parser' entering state 'start'
[18:25:19.609] [bmv2] [D] [thread 3781] [58.0] [cxt 0] Extracting header 'ethernet'
[18:25:19.609] [bmv2] [D] [thread 3781] [58.0] [cxt 0] Parser state 'start': key is 8100
[18:25:19.609] [bmv2] [T] [thread 3781] [58.0] [cxt 0] Bytes parsed: 14
[18:25:19.609] [bmv2] [D] [thread 3781] [58.0] [cxt 0] Parser 'parser' entering state 'parse_vlan'
[18:25:19.609] [bmv2] [D] [thread 3781] [58.0] [cxt 0] Extracting header 'vlan'
[18:25:19.609] [bmv2] [D] [thread 3781] [58.0] [cxt 0] Parser state 'parse_vlan': key is 0800
[18:25:19.609] [bmv2] [T] [thread 3781] [58.0] [cxt 0] Bytes parsed: 18
[18:25:19.609] [bmv2] [D] [thread 3781] [58.0] [cxt 0] Parser 'parser' entering state 'parse_ipv4'
[18:25:19.609] [bmv2] [D] [thread 3781] [58.0] [cxt 0] Extracting header 'ipv4'
[18:25:19.610] [bmv2] [D] [thread 3781] [58.0] [cxt 0] Parser set: setting field 'scalars.tmp' from expression, new value is 1
[18:25:19.610] [bmv2] [D] [thread 3781] [58.0] [cxt 0] Parser state 'parse_ipv4': key is 06
[18:25:19.610] [bmv2] [T] [thread 3781] [58.0] [cxt 0] Bytes parsed: 38
[18:25:19.610] [bmv2] [D] [thread 3781] [58.0] [cxt 0] Parser 'parser' entering state 'parse_ipv4_option'
[18:25:19.610] [bmv2] [D] [thread 3781] [58.0] [cxt 0] Extracting header 'ipv4_option'
[18:25:19.610] [bmv2] [D] [thread 3781] [58.0] [cxt 0] Parser state 'parse_ipv4_option': key is 1f
[18:25:19.610] [bmv2] [T] [thread 3781] [58.0] [cxt 0] Bytes parsed: 40
[18:25:19.610] [bmv2] [D] [thread 3781] [58.0] [cxt 0] Parser 'parser' entering state 'parse_link_qos'
[18:25:19.610] [bmv2] [D] [thread 3781] [58.0] [cxt 0] Extracting header 'link_qos'
[18:25:19.610] [bmv2] [D] [thread 3781] [58.0] [cxt 0] Parser state 'parse_link_qos' has no switch, going to default next state
[18:25:19.610] [bmv2] [T] [thread 3781] [58.0] [cxt 0] Bytes parsed: 42
[18:25:19.610] [bmv2] [D] [thread 3781] [58.0] [cxt 0] Parser 'parser': end
[18:25:19.610] [bmv2] [D] [thread 3781] [58.0] [cxt 0] Pipeline 'ingress': start
[18:25:19.610] [bmv2] [T] [thread 3781] [58.0] [cxt 0] qos.p4(197) Condition "hdr.ipv4.isValid()" (node_2) is true
[18:25:19.610] [bmv2] [T] [thread 3781] [58.0] [cxt 0] qos.p4(198) Condition "hdr.link_qos.link_qos == TARGET_LINK_QOS" (node_3) is true
[18:25:19.610] [bmv2] [T] [thread 3781] [58.0] [cxt 0] Applying table 'tbl_qos199'
[18:25:19.610] [bmv2] [D] [thread 3781] [58.0] [cxt 0] Looking up key:

[18:25:19.610] [bmv2] [D] [thread 3781] [58.0] [cxt 0] Table 'tbl_qos199': miss
[18:25:19.610] [bmv2] [D] [thread 3781] [58.0] [cxt 0] Action entry is qos199 - 
[18:25:19.610] [bmv2] [T] [thread 3781] [58.0] [cxt 0] Action qos199
[18:25:19.610] [bmv2] [T] [thread 3781] [58.0] [cxt 0] qos.p4(199) Primitive hdr.ipv4.diffserv = (TARGET_DSCP << 2
[18:25:19.610] [bmv2] [T] [thread 3781] [58.0] [cxt 0] qos.p4(28) Primitive 7; ...
[18:25:19.611] [bmv2] [T] [thread 3781] [58.0] [cxt 0] Applying table 'MyIngress.ipv4_lpm'
[18:25:19.611] [bmv2] [D] [thread 3781] [58.0] [cxt 0] Looking up key:
* hdr.ipv4.dstAddr    : 0a000202

[18:25:19.611] [bmv2] [D] [thread 3781] [58.0] [cxt 0] Table 'MyIngress.ipv4_lpm': hit with handle 2
[18:25:19.611] [bmv2] [D] [thread 3781] [58.0] [cxt 0] Dumping entry 2
Match key:
* hdr.ipv4.dstAddr    : LPM       0a000200/24
Action entry: MyIngress.ipv4_forward - 80000000200,3,

[18:25:19.611] [bmv2] [D] [thread 3781] [58.0] [cxt 0] Action entry is MyIngress.ipv4_forward - 80000000200,3,
[18:25:19.611] [bmv2] [T] [thread 3781] [58.0] [cxt 0] Action MyIngress.ipv4_forward
[18:25:19.611] [bmv2] [T] [thread 3781] [58.0] [cxt 0] qos.p4(175) Primitive standard_metadata.egress_spec = port
[18:25:19.611] [bmv2] [T] [thread 3781] [58.0] [cxt 0] qos.p4(176) Primitive hdr.ethernet.srcAddr = hdr.ethernet.dstAddr
[18:25:19.611] [bmv2] [T] [thread 3781] [58.0] [cxt 0] qos.p4(177) Primitive hdr.ethernet.dstAddr = dstAddr
[18:25:19.611] [bmv2] [T] [thread 3781] [58.0] [cxt 0] qos.p4(178) Primitive hdr.ipv4.ttl = hdr.ipv4.ttl - 1
[18:25:19.611] [bmv2] [D] [thread 3781] [58.0] [cxt 0] Pipeline 'ingress': end
[18:25:19.611] [bmv2] [D] [thread 3781] [58.0] [cxt 0] Egress port is 3
[18:25:19.611] [bmv2] [D] [thread 3785] [58.0] [cxt 0] Pipeline 'egress': start
[18:25:19.611] [bmv2] [D] [thread 3785] [58.0] [cxt 0] Pipeline 'egress': end
[18:25:19.611] [bmv2] [D] [thread 3785] [58.0] [cxt 0] Deparser 'deparser': start
[18:25:19.611] [bmv2] [D] [thread 3785] [58.0] [cxt 0] Updating checksum 'cksum'
[18:25:19.612] [bmv2] [D] [thread 3785] [58.0] [cxt 0] Deparsing header 'ethernet'
[18:25:19.612] [bmv2] [D] [thread 3785] [58.0] [cxt 0] Deparsing header 'vlan'
[18:25:19.612] [bmv2] [D] [thread 3785] [58.0] [cxt 0] Deparsing header 'ipv4'
[18:25:19.612] [bmv2] [D] [thread 3785] [58.0] [cxt 0] Deparsing header 'ipv4_option'
[18:25:19.612] [bmv2] [D] [thread 3785] [58.0] [cxt 0] Deparsing header 'link_qos'
[18:25:19.612] [bmv2] [D] [thread 3785] [58.0] [cxt 0] Deparser 'deparser': end
[18:25:19.612] [bmv2] [D] [thread 3786] [58.0] [cxt 0] Transmitting packet of size 50 out of port 3
[18:25:20.513] [bmv2] [D] [thread 3781] [59.0] [cxt 0] Processing packet received on port 1
[18:25:20.514] [bmv2] [D] [thread 3781] [59.0] [cxt 0] Parser 'parser': start
[18:25:20.514] [bmv2] [D] [thread 3781] [59.0] [cxt 0] Parser 'parser' entering state 'start'
[18:25:20.514] [bmv2] [D] [thread 3781] [59.0] [cxt 0] Extracting header 'ethernet'
[18:25:20.514] [bmv2] [D] [thread 3781] [59.0] [cxt 0] Parser state 'start': key is 8100
[18:25:20.515] [bmv2] [T] [thread 3781] [59.0] [cxt 0] Bytes parsed: 14
[18:25:20.515] [bmv2] [D] [thread 3781] [59.0] [cxt 0] Parser 'parser' entering state 'parse_vlan'
[18:25:20.515] [bmv2] [D] [thread 3781] [59.0] [cxt 0] Extracting header 'vlan'
[18:25:20.515] [bmv2] [D] [thread 3781] [59.0] [cxt 0] Parser state 'parse_vlan': key is 0800
[18:25:20.515] [bmv2] [T] [thread 3781] [59.0] [cxt 0] Bytes parsed: 18
[18:25:20.515] [bmv2] [D] [thread 3781] [59.0] [cxt 0] Parser 'parser' entering state 'parse_ipv4'
[18:25:20.515] [bmv2] [D] [thread 3781] [59.0] [cxt 0] Extracting header 'ipv4'
[18:25:20.515] [bmv2] [D] [thread 3781] [59.0] [cxt 0] Parser set: setting field 'scalars.tmp' from expression, new value is 1
[18:25:20.515] [bmv2] [D] [thread 3781] [59.0] [cxt 0] Parser state 'parse_ipv4': key is 05
[18:25:20.515] [bmv2] [T] [thread 3781] [59.0] [cxt 0] Bytes parsed: 38
[18:25:20.515] [bmv2] [D] [thread 3781] [59.0] [cxt 0] Parser 'parser': end
[18:25:20.516] [bmv2] [D] [thread 3781] [59.0] [cxt 0] Pipeline 'ingress': start
[18:25:20.516] [bmv2] [T] [thread 3781] [59.0] [cxt 0] qos.p4(197) Condition "hdr.ipv4.isValid()" (node_2) is true
[18:25:20.516] [bmv2] [T] [thread 3781] [59.0] [cxt 0] qos.p4(198) Condition "hdr.link_qos.link_qos == TARGET_LINK_QOS" (node_3) is true
[18:25:20.516] [bmv2] [T] [thread 3781] [59.0] [cxt 0] Applying table 'tbl_qos199'
[18:25:20.517] [bmv2] [D] [thread 3781] [59.0] [cxt 0] Looking up key:

[18:25:20.518] [bmv2] [D] [thread 3781] [59.0] [cxt 0] Table 'tbl_qos199': miss
[18:25:20.518] [bmv2] [D] [thread 3781] [59.0] [cxt 0] Action entry is qos199 - 
[18:25:20.518] [bmv2] [T] [thread 3781] [59.0] [cxt 0] Action qos199
[18:25:20.518] [bmv2] [T] [thread 3781] [59.0] [cxt 0] qos.p4(199) Primitive hdr.ipv4.diffserv = (TARGET_DSCP << 2
[18:25:20.518] [bmv2] [T] [thread 3781] [59.0] [cxt 0] qos.p4(28) Primitive 7; ...
[18:25:20.518] [bmv2] [T] [thread 3781] [59.0] [cxt 0] Applying table 'MyIngress.ipv4_lpm'
[18:25:20.518] [bmv2] [D] [thread 3781] [59.0] [cxt 0] Looking up key:
* hdr.ipv4.dstAddr    : 0a000202

[18:25:20.518] [bmv2] [D] [thread 3781] [59.0] [cxt 0] Table 'MyIngress.ipv4_lpm': hit with handle 2
[18:25:20.519] [bmv2] [D] [thread 3781] [59.0] [cxt 0] Dumping entry 2
Match key:
* hdr.ipv4.dstAddr    : LPM       0a000200/24
Action entry: MyIngress.ipv4_forward - 80000000200,3,

[18:25:20.519] [bmv2] [D] [thread 3781] [59.0] [cxt 0] Action entry is MyIngress.ipv4_forward - 80000000200,3,
[18:25:20.519] [bmv2] [T] [thread 3781] [59.0] [cxt 0] Action MyIngress.ipv4_forward
[18:25:20.519] [bmv2] [T] [thread 3781] [59.0] [cxt 0] qos.p4(175) Primitive standard_metadata.egress_spec = port
[18:25:20.519] [bmv2] [T] [thread 3781] [59.0] [cxt 0] qos.p4(176) Primitive hdr.ethernet.srcAddr = hdr.ethernet.dstAddr
[18:25:20.519] [bmv2] [T] [thread 3781] [59.0] [cxt 0] qos.p4(177) Primitive hdr.ethernet.dstAddr = dstAddr
[18:25:20.519] [bmv2] [T] [thread 3781] [59.0] [cxt 0] qos.p4(178) Primitive hdr.ipv4.ttl = hdr.ipv4.ttl - 1
[18:25:20.519] [bmv2] [D] [thread 3781] [59.0] [cxt 0] Pipeline 'ingress': end
[18:25:20.519] [bmv2] [D] [thread 3781] [59.0] [cxt 0] Egress port is 3
[18:25:20.529] [bmv2] [D] [thread 3785] [59.0] [cxt 0] Pipeline 'egress': start
[18:25:20.529] [bmv2] [D] [thread 3785] [59.0] [cxt 0] Pipeline 'egress': end
[18:25:20.529] [bmv2] [D] [thread 3785] [59.0] [cxt 0] Deparser 'deparser': start
[18:25:20.529] [bmv2] [D] [thread 3785] [59.0] [cxt 0] Updating checksum 'cksum'
[18:25:20.529] [bmv2] [D] [thread 3785] [59.0] [cxt 0] Deparsing header 'ethernet'
[18:25:20.529] [bmv2] [D] [thread 3785] [59.0] [cxt 0] Deparsing header 'vlan'
[18:25:20.529] [bmv2] [D] [thread 3785] [59.0] [cxt 0] Deparsing header 'ipv4'
[18:25:20.529] [bmv2] [D] [thread 3785] [59.0] [cxt 0] Deparser 'deparser': end
[18:25:20.530] [bmv2] [D] [thread 3786] [59.0] [cxt 0] Transmitting packet of size 46 out of port 3
[18:25:20.640] [bmv2] [D] [thread 3781] [60.0] [cxt 0] Processing packet received on port 2
[18:25:20.640] [bmv2] [D] [thread 3781] [60.0] [cxt 0] Parser 'parser': start
[18:25:20.640] [bmv2] [D] [thread 3781] [60.0] [cxt 0] Parser 'parser' entering state 'start'
[18:25:20.640] [bmv2] [D] [thread 3781] [60.0] [cxt 0] Extracting header 'ethernet'
[18:25:20.640] [bmv2] [D] [thread 3781] [60.0] [cxt 0] Parser state 'start': key is 8100
[18:25:20.640] [bmv2] [T] [thread 3781] [60.0] [cxt 0] Bytes parsed: 14
[18:25:20.640] [bmv2] [D] [thread 3781] [60.0] [cxt 0] Parser 'parser' entering state 'parse_vlan'
[18:25:20.640] [bmv2] [D] [thread 3781] [60.0] [cxt 0] Extracting header 'vlan'
[18:25:20.640] [bmv2] [D] [thread 3781] [60.0] [cxt 0] Parser state 'parse_vlan': key is 0800
[18:25:20.641] [bmv2] [T] [thread 3781] [60.0] [cxt 0] Bytes parsed: 18
[18:25:20.641] [bmv2] [D] [thread 3781] [60.0] [cxt 0] Parser 'parser' entering state 'parse_ipv4'
[18:25:20.641] [bmv2] [D] [thread 3781] [60.0] [cxt 0] Extracting header 'ipv4'
[18:25:20.641] [bmv2] [D] [thread 3781] [60.0] [cxt 0] Parser set: setting field 'scalars.tmp' from expression, new value is 1
[18:25:20.641] [bmv2] [D] [thread 3781] [60.0] [cxt 0] Parser state 'parse_ipv4': key is 06
[18:25:20.641] [bmv2] [T] [thread 3781] [60.0] [cxt 0] Bytes parsed: 38
[18:25:20.641] [bmv2] [D] [thread 3781] [60.0] [cxt 0] Parser 'parser' entering state 'parse_ipv4_option'
[18:25:20.641] [bmv2] [D] [thread 3781] [60.0] [cxt 0] Extracting header 'ipv4_option'
[18:25:20.641] [bmv2] [D] [thread 3781] [60.0] [cxt 0] Parser state 'parse_ipv4_option': key is 1f
[18:25:20.641] [bmv2] [T] [thread 3781] [60.0] [cxt 0] Bytes parsed: 40
[18:25:20.641] [bmv2] [D] [thread 3781] [60.0] [cxt 0] Parser 'parser' entering state 'parse_link_qos'
[18:25:20.641] [bmv2] [D] [thread 3781] [60.0] [cxt 0] Extracting header 'link_qos'
[18:25:20.641] [bmv2] [D] [thread 3781] [60.0] [cxt 0] Parser state 'parse_link_qos' has no switch, going to default next state
[18:25:20.641] [bmv2] [T] [thread 3781] [60.0] [cxt 0] Bytes parsed: 42
[18:25:20.641] [bmv2] [D] [thread 3781] [60.0] [cxt 0] Parser 'parser': end
[18:25:20.641] [bmv2] [D] [thread 3781] [60.0] [cxt 0] Pipeline 'ingress': start
[18:25:20.641] [bmv2] [T] [thread 3781] [60.0] [cxt 0] qos.p4(197) Condition "hdr.ipv4.isValid()" (node_2) is true
[18:25:20.642] [bmv2] [T] [thread 3781] [60.0] [cxt 0] qos.p4(198) Condition "hdr.link_qos.link_qos == TARGET_LINK_QOS" (node_3) is true
[18:25:20.642] [bmv2] [T] [thread 3781] [60.0] [cxt 0] Applying table 'tbl_qos199'
[18:25:20.642] [bmv2] [D] [thread 3781] [60.0] [cxt 0] Looking up key:

[18:25:20.642] [bmv2] [D] [thread 3781] [60.0] [cxt 0] Table 'tbl_qos199': miss
[18:25:20.642] [bmv2] [D] [thread 3781] [60.0] [cxt 0] Action entry is qos199 - 
[18:25:20.642] [bmv2] [T] [thread 3781] [60.0] [cxt 0] Action qos199
[18:25:20.642] [bmv2] [T] [thread 3781] [60.0] [cxt 0] qos.p4(199) Primitive hdr.ipv4.diffserv = (TARGET_DSCP << 2
[18:25:20.650] [bmv2] [T] [thread 3781] [60.0] [cxt 0] qos.p4(28) Primitive 7; ...
[18:25:20.650] [bmv2] [T] [thread 3781] [60.0] [cxt 0] Applying table 'MyIngress.ipv4_lpm'
[18:25:20.651] [bmv2] [D] [thread 3781] [60.0] [cxt 0] Looking up key:
* hdr.ipv4.dstAddr    : 0a000202

[18:25:20.651] [bmv2] [D] [thread 3781] [60.0] [cxt 0] Table 'MyIngress.ipv4_lpm': hit with handle 2
[18:25:20.651] [bmv2] [D] [thread 3781] [60.0] [cxt 0] Dumping entry 2
Match key:
* hdr.ipv4.dstAddr    : LPM       0a000200/24
Action entry: MyIngress.ipv4_forward - 80000000200,3,

[18:25:20.651] [bmv2] [D] [thread 3781] [60.0] [cxt 0] Action entry is MyIngress.ipv4_forward - 80000000200,3,
[18:25:20.651] [bmv2] [T] [thread 3781] [60.0] [cxt 0] Action MyIngress.ipv4_forward
[18:25:20.651] [bmv2] [T] [thread 3781] [60.0] [cxt 0] qos.p4(175) Primitive standard_metadata.egress_spec = port
[18:25:20.651] [bmv2] [T] [thread 3781] [60.0] [cxt 0] qos.p4(176) Primitive hdr.ethernet.srcAddr = hdr.ethernet.dstAddr
[18:25:20.651] [bmv2] [T] [thread 3781] [60.0] [cxt 0] qos.p4(177) Primitive hdr.ethernet.dstAddr = dstAddr
[18:25:20.651] [bmv2] [T] [thread 3781] [60.0] [cxt 0] qos.p4(178) Primitive hdr.ipv4.ttl = hdr.ipv4.ttl - 1
[18:25:20.651] [bmv2] [D] [thread 3781] [60.0] [cxt 0] Pipeline 'ingress': end
[18:25:20.651] [bmv2] [D] [thread 3781] [60.0] [cxt 0] Egress port is 3
[18:25:20.651] [bmv2] [D] [thread 3785] [60.0] [cxt 0] Pipeline 'egress': start
[18:25:20.651] [bmv2] [D] [thread 3785] [60.0] [cxt 0] Pipeline 'egress': end
[18:25:20.651] [bmv2] [D] [thread 3785] [60.0] [cxt 0] Deparser 'deparser': start
[18:25:20.652] [bmv2] [D] [thread 3785] [60.0] [cxt 0] Updating checksum 'cksum'
[18:25:20.652] [bmv2] [D] [thread 3785] [60.0] [cxt 0] Deparsing header 'ethernet'
[18:25:20.652] [bmv2] [D] [thread 3785] [60.0] [cxt 0] Deparsing header 'vlan'
[18:25:20.652] [bmv2] [D] [thread 3785] [60.0] [cxt 0] Deparsing header 'ipv4'
[18:25:20.652] [bmv2] [D] [thread 3785] [60.0] [cxt 0] Deparsing header 'ipv4_option'
[18:25:20.652] [bmv2] [D] [thread 3785] [60.0] [cxt 0] Deparsing header 'link_qos'
[18:25:20.652] [bmv2] [D] [thread 3785] [60.0] [cxt 0] Deparser 'deparser': end
[18:25:20.652] [bmv2] [D] [thread 3786] [60.0] [cxt 0] Transmitting packet of size 50 out of port 3
[18:25:20.868] [bmv2] [D] [thread 3781] [61.0] [cxt 0] Processing packet received on port 2
[18:25:20.868] [bmv2] [D] [thread 3781] [61.0] [cxt 0] Parser 'parser': start
[18:25:20.868] [bmv2] [D] [thread 3781] [61.0] [cxt 0] Parser 'parser' entering state 'start'
[18:25:20.868] [bmv2] [D] [thread 3781] [61.0] [cxt 0] Extracting header 'ethernet'
[18:25:20.868] [bmv2] [D] [thread 3781] [61.0] [cxt 0] Parser state 'start': key is 86dd
[18:25:20.869] [bmv2] [T] [thread 3781] [61.0] [cxt 0] Bytes parsed: 14
[18:25:20.869] [bmv2] [D] [thread 3781] [61.0] [cxt 0] Parser 'parser': end
[18:25:20.869] [bmv2] [D] [thread 3781] [61.0] [cxt 0] Pipeline 'ingress': start
[18:25:20.869] [bmv2] [T] [thread 3781] [61.0] [cxt 0] qos.p4(197) Condition "hdr.ipv4.isValid()" (node_2) is false
[18:25:20.869] [bmv2] [D] [thread 3781] [61.0] [cxt 0] Pipeline 'ingress': end
[18:25:20.869] [bmv2] [D] [thread 3781] [61.0] [cxt 0] Egress port is 0
[18:25:20.869] [bmv2] [D] [thread 3782] [61.0] [cxt 0] Pipeline 'egress': start
[18:25:20.869] [bmv2] [D] [thread 3782] [61.0] [cxt 0] Pipeline 'egress': end
[18:25:20.869] [bmv2] [D] [thread 3782] [61.0] [cxt 0] Deparser 'deparser': start
[18:25:20.869] [bmv2] [T] [thread 3782] [61.0] [cxt 0] Skipping checksum 'cksum' update because condition not met
[18:25:20.869] [bmv2] [D] [thread 3782] [61.0] [cxt 0] Deparsing header 'ethernet'
[18:25:20.869] [bmv2] [D] [thread 3782] [61.0] [cxt 0] Deparser 'deparser': end
[18:25:20.870] [bmv2] [D] [thread 3786] [61.0] [cxt 0] Transmitting packet of size 70 out of port 0
[18:25:21.549] [bmv2] [D] [thread 3781] [62.0] [cxt 0] Processing packet received on port 1
[18:25:21.549] [bmv2] [D] [thread 3781] [62.0] [cxt 0] Parser 'parser': start
[18:25:21.550] [bmv2] [D] [thread 3781] [62.0] [cxt 0] Parser 'parser' entering state 'start'
[18:25:21.550] [bmv2] [D] [thread 3781] [62.0] [cxt 0] Extracting header 'ethernet'
[18:25:21.550] [bmv2] [D] [thread 3781] [62.0] [cxt 0] Parser state 'start': key is 8100
[18:25:21.550] [bmv2] [T] [thread 3781] [62.0] [cxt 0] Bytes parsed: 14
[18:25:21.550] [bmv2] [D] [thread 3781] [62.0] [cxt 0] Parser 'parser' entering state 'parse_vlan'
[18:25:21.550] [bmv2] [D] [thread 3781] [62.0] [cxt 0] Extracting header 'vlan'
[18:25:21.550] [bmv2] [D] [thread 3781] [62.0] [cxt 0] Parser state 'parse_vlan': key is 0800
[18:25:21.550] [bmv2] [T] [thread 3781] [62.0] [cxt 0] Bytes parsed: 18
[18:25:21.550] [bmv2] [D] [thread 3781] [62.0] [cxt 0] Parser 'parser' entering state 'parse_ipv4'
[18:25:21.550] [bmv2] [D] [thread 3781] [62.0] [cxt 0] Extracting header 'ipv4'
[18:25:21.551] [bmv2] [D] [thread 3781] [62.0] [cxt 0] Parser set: setting field 'scalars.tmp' from expression, new value is 1
[18:25:21.551] [bmv2] [D] [thread 3781] [62.0] [cxt 0] Parser state 'parse_ipv4': key is 05
[18:25:21.551] [bmv2] [T] [thread 3781] [62.0] [cxt 0] Bytes parsed: 38
[18:25:21.551] [bmv2] [D] [thread 3781] [62.0] [cxt 0] Parser 'parser': end
[18:25:21.551] [bmv2] [D] [thread 3781] [62.0] [cxt 0] Pipeline 'ingress': start
[18:25:21.551] [bmv2] [T] [thread 3781] [62.0] [cxt 0] qos.p4(197) Condition "hdr.ipv4.isValid()" (node_2) is true
[18:25:21.551] [bmv2] [T] [thread 3781] [62.0] [cxt 0] qos.p4(198) Condition "hdr.link_qos.link_qos == TARGET_LINK_QOS" (node_3) is true
[18:25:21.551] [bmv2] [T] [thread 3781] [62.0] [cxt 0] Applying table 'tbl_qos199'
[18:25:21.551] [bmv2] [D] [thread 3781] [62.0] [cxt 0] Looking up key:

[18:25:21.551] [bmv2] [D] [thread 3781] [62.0] [cxt 0] Table 'tbl_qos199': miss
[18:25:21.551] [bmv2] [D] [thread 3781] [62.0] [cxt 0] Action entry is qos199 - 
[18:25:21.551] [bmv2] [T] [thread 3781] [62.0] [cxt 0] Action qos199
[18:25:21.552] [bmv2] [T] [thread 3781] [62.0] [cxt 0] qos.p4(199) Primitive hdr.ipv4.diffserv = (TARGET_DSCP << 2
[18:25:21.552] [bmv2] [T] [thread 3781] [62.0] [cxt 0] qos.p4(28) Primitive 7; ...
[18:25:21.552] [bmv2] [T] [thread 3781] [62.0] [cxt 0] Applying table 'MyIngress.ipv4_lpm'
[18:25:21.552] [bmv2] [D] [thread 3781] [62.0] [cxt 0] Looking up key:
* hdr.ipv4.dstAddr    : 0a000202

[18:25:21.552] [bmv2] [D] [thread 3781] [62.0] [cxt 0] Table 'MyIngress.ipv4_lpm': hit with handle 2
[18:25:21.553] [bmv2] [D] [thread 3781] [62.0] [cxt 0] Dumping entry 2
Match key:
* hdr.ipv4.dstAddr    : LPM       0a000200/24
Action entry: MyIngress.ipv4_forward - 80000000200,3,

[18:25:21.554] [bmv2] [D] [thread 3781] [62.0] [cxt 0] Action entry is MyIngress.ipv4_forward - 80000000200,3,
[18:25:21.554] [bmv2] [T] [thread 3781] [62.0] [cxt 0] Action MyIngress.ipv4_forward
[18:25:21.554] [bmv2] [T] [thread 3781] [62.0] [cxt 0] qos.p4(175) Primitive standard_metadata.egress_spec = port
[18:25:21.554] [bmv2] [T] [thread 3781] [62.0] [cxt 0] qos.p4(176) Primitive hdr.ethernet.srcAddr = hdr.ethernet.dstAddr
[18:25:21.554] [bmv2] [T] [thread 3781] [62.0] [cxt 0] qos.p4(177) Primitive hdr.ethernet.dstAddr = dstAddr
[18:25:21.554] [bmv2] [T] [thread 3781] [62.0] [cxt 0] qos.p4(178) Primitive hdr.ipv4.ttl = hdr.ipv4.ttl - 1
[18:25:21.554] [bmv2] [D] [thread 3781] [62.0] [cxt 0] Pipeline 'ingress': end
[18:25:21.554] [bmv2] [D] [thread 3781] [62.0] [cxt 0] Egress port is 3
[18:25:21.554] [bmv2] [D] [thread 3785] [62.0] [cxt 0] Pipeline 'egress': start
[18:25:21.554] [bmv2] [D] [thread 3785] [62.0] [cxt 0] Pipeline 'egress': end
[18:25:21.554] [bmv2] [D] [thread 3785] [62.0] [cxt 0] Deparser 'deparser': start
[18:25:21.554] [bmv2] [D] [thread 3785] [62.0] [cxt 0] Updating checksum 'cksum'
[18:25:21.555] [bmv2] [D] [thread 3785] [62.0] [cxt 0] Deparsing header 'ethernet'
[18:25:21.555] [bmv2] [D] [thread 3785] [62.0] [cxt 0] Deparsing header 'vlan'
[18:25:21.555] [bmv2] [D] [thread 3785] [62.0] [cxt 0] Deparsing header 'ipv4'
[18:25:21.555] [bmv2] [D] [thread 3785] [62.0] [cxt 0] Deparser 'deparser': end
[18:25:21.555] [bmv2] [D] [thread 3786] [62.0] [cxt 0] Transmitting packet of size 46 out of port 3
[18:25:21.670] [bmv2] [D] [thread 3781] [63.0] [cxt 0] Processing packet received on port 2
[18:25:21.670] [bmv2] [D] [thread 3781] [63.0] [cxt 0] Parser 'parser': start
[18:25:21.670] [bmv2] [D] [thread 3781] [63.0] [cxt 0] Parser 'parser' entering state 'start'
[18:25:21.671] [bmv2] [D] [thread 3781] [63.0] [cxt 0] Extracting header 'ethernet'
[18:25:21.671] [bmv2] [D] [thread 3781] [63.0] [cxt 0] Parser state 'start': key is 8100
[18:25:21.671] [bmv2] [T] [thread 3781] [63.0] [cxt 0] Bytes parsed: 14
[18:25:21.671] [bmv2] [D] [thread 3781] [63.0] [cxt 0] Parser 'parser' entering state 'parse_vlan'
[18:25:21.671] [bmv2] [D] [thread 3781] [63.0] [cxt 0] Extracting header 'vlan'
[18:25:21.671] [bmv2] [D] [thread 3781] [63.0] [cxt 0] Parser state 'parse_vlan': key is 0800
[18:25:21.671] [bmv2] [T] [thread 3781] [63.0] [cxt 0] Bytes parsed: 18
[18:25:21.671] [bmv2] [D] [thread 3781] [63.0] [cxt 0] Parser 'parser' entering state 'parse_ipv4'
[18:25:21.671] [bmv2] [D] [thread 3781] [63.0] [cxt 0] Extracting header 'ipv4'
[18:25:21.671] [bmv2] [D] [thread 3781] [63.0] [cxt 0] Parser set: setting field 'scalars.tmp' from expression, new value is 1
[18:25:21.671] [bmv2] [D] [thread 3781] [63.0] [cxt 0] Parser state 'parse_ipv4': key is 06
[18:25:21.671] [bmv2] [T] [thread 3781] [63.0] [cxt 0] Bytes parsed: 38
[18:25:21.671] [bmv2] [D] [thread 3781] [63.0] [cxt 0] Parser 'parser' entering state 'parse_ipv4_option'
[18:25:21.671] [bmv2] [D] [thread 3781] [63.0] [cxt 0] Extracting header 'ipv4_option'
[18:25:21.671] [bmv2] [D] [thread 3781] [63.0] [cxt 0] Parser state 'parse_ipv4_option': key is 1f
[18:25:21.671] [bmv2] [T] [thread 3781] [63.0] [cxt 0] Bytes parsed: 40
[18:25:21.671] [bmv2] [D] [thread 3781] [63.0] [cxt 0] Parser 'parser' entering state 'parse_link_qos'
[18:25:21.672] [bmv2] [D] [thread 3781] [63.0] [cxt 0] Extracting header 'link_qos'
[18:25:21.672] [bmv2] [D] [thread 3781] [63.0] [cxt 0] Parser state 'parse_link_qos' has no switch, going to default next state
[18:25:21.672] [bmv2] [T] [thread 3781] [63.0] [cxt 0] Bytes parsed: 42
[18:25:21.672] [bmv2] [D] [thread 3781] [63.0] [cxt 0] Parser 'parser': end
[18:25:21.672] [bmv2] [D] [thread 3781] [63.0] [cxt 0] Pipeline 'ingress': start
[18:25:21.672] [bmv2] [T] [thread 3781] [63.0] [cxt 0] qos.p4(197) Condition "hdr.ipv4.isValid()" (node_2) is true
[18:25:21.672] [bmv2] [T] [thread 3781] [63.0] [cxt 0] qos.p4(198) Condition "hdr.link_qos.link_qos == TARGET_LINK_QOS" (node_3) is true
[18:25:21.672] [bmv2] [T] [thread 3781] [63.0] [cxt 0] Applying table 'tbl_qos199'
[18:25:21.672] [bmv2] [D] [thread 3781] [63.0] [cxt 0] Looking up key:

[18:25:21.672] [bmv2] [D] [thread 3781] [63.0] [cxt 0] Table 'tbl_qos199': miss
[18:25:21.672] [bmv2] [D] [thread 3781] [63.0] [cxt 0] Action entry is qos199 - 
[18:25:21.672] [bmv2] [T] [thread 3781] [63.0] [cxt 0] Action qos199
[18:25:21.672] [bmv2] [T] [thread 3781] [63.0] [cxt 0] qos.p4(199) Primitive hdr.ipv4.diffserv = (TARGET_DSCP << 2
[18:25:21.672] [bmv2] [T] [thread 3781] [63.0] [cxt 0] qos.p4(28) Primitive 7; ...
[18:25:21.672] [bmv2] [T] [thread 3781] [63.0] [cxt 0] Applying table 'MyIngress.ipv4_lpm'
[18:25:21.672] [bmv2] [D] [thread 3781] [63.0] [cxt 0] Looking up key:
* hdr.ipv4.dstAddr    : 0a000202

[18:25:21.672] [bmv2] [D] [thread 3781] [63.0] [cxt 0] Table 'MyIngress.ipv4_lpm': hit with handle 2
[18:25:21.672] [bmv2] [D] [thread 3781] [63.0] [cxt 0] Dumping entry 2
Match key:
* hdr.ipv4.dstAddr    : LPM       0a000200/24
Action entry: MyIngress.ipv4_forward - 80000000200,3,

[18:25:21.672] [bmv2] [D] [thread 3781] [63.0] [cxt 0] Action entry is MyIngress.ipv4_forward - 80000000200,3,
[18:25:21.673] [bmv2] [T] [thread 3781] [63.0] [cxt 0] Action MyIngress.ipv4_forward
[18:25:21.673] [bmv2] [T] [thread 3781] [63.0] [cxt 0] qos.p4(175) Primitive standard_metadata.egress_spec = port
[18:25:21.673] [bmv2] [T] [thread 3781] [63.0] [cxt 0] qos.p4(176) Primitive hdr.ethernet.srcAddr = hdr.ethernet.dstAddr
[18:25:21.673] [bmv2] [T] [thread 3781] [63.0] [cxt 0] qos.p4(177) Primitive hdr.ethernet.dstAddr = dstAddr
[18:25:21.673] [bmv2] [T] [thread 3781] [63.0] [cxt 0] qos.p4(178) Primitive hdr.ipv4.ttl = hdr.ipv4.ttl - 1
[18:25:21.673] [bmv2] [D] [thread 3781] [63.0] [cxt 0] Pipeline 'ingress': end
[18:25:21.673] [bmv2] [D] [thread 3781] [63.0] [cxt 0] Egress port is 3
[18:25:21.673] [bmv2] [D] [thread 3785] [63.0] [cxt 0] Pipeline 'egress': start
[18:25:21.673] [bmv2] [D] [thread 3785] [63.0] [cxt 0] Pipeline 'egress': end
[18:25:21.673] [bmv2] [D] [thread 3785] [63.0] [cxt 0] Deparser 'deparser': start
[18:25:21.673] [bmv2] [D] [thread 3785] [63.0] [cxt 0] Updating checksum 'cksum'
[18:25:21.673] [bmv2] [D] [thread 3785] [63.0] [cxt 0] Deparsing header 'ethernet'
[18:25:21.673] [bmv2] [D] [thread 3785] [63.0] [cxt 0] Deparsing header 'vlan'
[18:25:21.674] [bmv2] [D] [thread 3785] [63.0] [cxt 0] Deparsing header 'ipv4'
[18:25:21.674] [bmv2] [D] [thread 3785] [63.0] [cxt 0] Deparsing header 'ipv4_option'
[18:25:21.674] [bmv2] [D] [thread 3785] [63.0] [cxt 0] Deparsing header 'link_qos'
[18:25:21.674] [bmv2] [D] [thread 3785] [63.0] [cxt 0] Deparser 'deparser': end
[18:25:21.674] [bmv2] [D] [thread 3786] [63.0] [cxt 0] Transmitting packet of size 50 out of port 3
[18:25:22.577] [bmv2] [D] [thread 3781] [64.0] [cxt 0] Processing packet received on port 1
[18:25:22.577] [bmv2] [D] [thread 3781] [64.0] [cxt 0] Parser 'parser': start
[18:25:22.577] [bmv2] [D] [thread 3781] [64.0] [cxt 0] Parser 'parser' entering state 'start'
[18:25:22.577] [bmv2] [D] [thread 3781] [64.0] [cxt 0] Extracting header 'ethernet'
[18:25:22.578] [bmv2] [D] [thread 3781] [64.0] [cxt 0] Parser state 'start': key is 8100
[18:25:22.578] [bmv2] [T] [thread 3781] [64.0] [cxt 0] Bytes parsed: 14
[18:25:22.578] [bmv2] [D] [thread 3781] [64.0] [cxt 0] Parser 'parser' entering state 'parse_vlan'
[18:25:22.578] [bmv2] [D] [thread 3781] [64.0] [cxt 0] Extracting header 'vlan'
[18:25:22.578] [bmv2] [D] [thread 3781] [64.0] [cxt 0] Parser state 'parse_vlan': key is 0800
[18:25:22.578] [bmv2] [T] [thread 3781] [64.0] [cxt 0] Bytes parsed: 18
[18:25:22.578] [bmv2] [D] [thread 3781] [64.0] [cxt 0] Parser 'parser' entering state 'parse_ipv4'
[18:25:22.578] [bmv2] [D] [thread 3781] [64.0] [cxt 0] Extracting header 'ipv4'
[18:25:22.578] [bmv2] [D] [thread 3781] [64.0] [cxt 0] Parser set: setting field 'scalars.tmp' from expression, new value is 1
[18:25:22.578] [bmv2] [D] [thread 3781] [64.0] [cxt 0] Parser state 'parse_ipv4': key is 05
[18:25:22.578] [bmv2] [T] [thread 3781] [64.0] [cxt 0] Bytes parsed: 38
[18:25:22.578] [bmv2] [D] [thread 3781] [64.0] [cxt 0] Parser 'parser': end
[18:25:22.578] [bmv2] [D] [thread 3781] [64.0] [cxt 0] Pipeline 'ingress': start
[18:25:22.578] [bmv2] [T] [thread 3781] [64.0] [cxt 0] qos.p4(197) Condition "hdr.ipv4.isValid()" (node_2) is true
[18:25:22.579] [bmv2] [T] [thread 3781] [64.0] [cxt 0] qos.p4(198) Condition "hdr.link_qos.link_qos == TARGET_LINK_QOS" (node_3) is true
[18:25:22.579] [bmv2] [T] [thread 3781] [64.0] [cxt 0] Applying table 'tbl_qos199'
[18:25:22.579] [bmv2] [D] [thread 3781] [64.0] [cxt 0] Looking up key:

[18:25:22.579] [bmv2] [D] [thread 3781] [64.0] [cxt 0] Table 'tbl_qos199': miss
[18:25:22.579] [bmv2] [D] [thread 3781] [64.0] [cxt 0] Action entry is qos199 - 
[18:25:22.579] [bmv2] [T] [thread 3781] [64.0] [cxt 0] Action qos199
[18:25:22.579] [bmv2] [T] [thread 3781] [64.0] [cxt 0] qos.p4(199) Primitive hdr.ipv4.diffserv = (TARGET_DSCP << 2
[18:25:22.579] [bmv2] [T] [thread 3781] [64.0] [cxt 0] qos.p4(28) Primitive 7; ...
[18:25:22.579] [bmv2] [T] [thread 3781] [64.0] [cxt 0] Applying table 'MyIngress.ipv4_lpm'
[18:25:22.579] [bmv2] [D] [thread 3781] [64.0] [cxt 0] Looking up key:
* hdr.ipv4.dstAddr    : 0a000202

[18:25:22.579] [bmv2] [D] [thread 3781] [64.0] [cxt 0] Table 'MyIngress.ipv4_lpm': hit with handle 2
[18:25:22.579] [bmv2] [D] [thread 3781] [64.0] [cxt 0] Dumping entry 2
Match key:
* hdr.ipv4.dstAddr    : LPM       0a000200/24
Action entry: MyIngress.ipv4_forward - 80000000200,3,

[18:25:22.580] [bmv2] [D] [thread 3781] [64.0] [cxt 0] Action entry is MyIngress.ipv4_forward - 80000000200,3,
[18:25:22.580] [bmv2] [T] [thread 3781] [64.0] [cxt 0] Action MyIngress.ipv4_forward
[18:25:22.580] [bmv2] [T] [thread 3781] [64.0] [cxt 0] qos.p4(175) Primitive standard_metadata.egress_spec = port
[18:25:22.580] [bmv2] [T] [thread 3781] [64.0] [cxt 0] qos.p4(176) Primitive hdr.ethernet.srcAddr = hdr.ethernet.dstAddr
[18:25:22.580] [bmv2] [T] [thread 3781] [64.0] [cxt 0] qos.p4(177) Primitive hdr.ethernet.dstAddr = dstAddr
[18:25:22.580] [bmv2] [T] [thread 3781] [64.0] [cxt 0] qos.p4(178) Primitive hdr.ipv4.ttl = hdr.ipv4.ttl - 1
[18:25:22.580] [bmv2] [D] [thread 3781] [64.0] [cxt 0] Pipeline 'ingress': end
[18:25:22.580] [bmv2] [D] [thread 3781] [64.0] [cxt 0] Egress port is 3
[18:25:22.589] [bmv2] [D] [thread 3785] [64.0] [cxt 0] Pipeline 'egress': start
[18:25:22.590] [bmv2] [D] [thread 3785] [64.0] [cxt 0] Pipeline 'egress': end
[18:25:22.590] [bmv2] [D] [thread 3785] [64.0] [cxt 0] Deparser 'deparser': start
[18:25:22.590] [bmv2] [D] [thread 3785] [64.0] [cxt 0] Updating checksum 'cksum'
[18:25:22.590] [bmv2] [D] [thread 3785] [64.0] [cxt 0] Deparsing header 'ethernet'
[18:25:22.590] [bmv2] [D] [thread 3785] [64.0] [cxt 0] Deparsing header 'vlan'
[18:25:22.590] [bmv2] [D] [thread 3785] [64.0] [cxt 0] Deparsing header 'ipv4'
[18:25:22.590] [bmv2] [D] [thread 3785] [64.0] [cxt 0] Deparser 'deparser': end
[18:25:22.590] [bmv2] [D] [thread 3786] [64.0] [cxt 0] Transmitting packet of size 46 out of port 3
[18:25:22.691] [bmv2] [D] [thread 3781] [65.0] [cxt 0] Processing packet received on port 2
[18:25:22.691] [bmv2] [D] [thread 3781] [65.0] [cxt 0] Parser 'parser': start
[18:25:22.691] [bmv2] [D] [thread 3781] [65.0] [cxt 0] Parser 'parser' entering state 'start'
[18:25:22.691] [bmv2] [D] [thread 3781] [65.0] [cxt 0] Extracting header 'ethernet'
[18:25:22.692] [bmv2] [D] [thread 3781] [65.0] [cxt 0] Parser state 'start': key is 8100
[18:25:22.692] [bmv2] [T] [thread 3781] [65.0] [cxt 0] Bytes parsed: 14
[18:25:22.692] [bmv2] [D] [thread 3781] [65.0] [cxt 0] Parser 'parser' entering state 'parse_vlan'
[18:25:22.692] [bmv2] [D] [thread 3781] [65.0] [cxt 0] Extracting header 'vlan'
[18:25:22.692] [bmv2] [D] [thread 3781] [65.0] [cxt 0] Parser state 'parse_vlan': key is 0800
[18:25:22.692] [bmv2] [T] [thread 3781] [65.0] [cxt 0] Bytes parsed: 18
[18:25:22.692] [bmv2] [D] [thread 3781] [65.0] [cxt 0] Parser 'parser' entering state 'parse_ipv4'
[18:25:22.692] [bmv2] [D] [thread 3781] [65.0] [cxt 0] Extracting header 'ipv4'
[18:25:22.692] [bmv2] [D] [thread 3781] [65.0] [cxt 0] Parser set: setting field 'scalars.tmp' from expression, new value is 1
[18:25:22.692] [bmv2] [D] [thread 3781] [65.0] [cxt 0] Parser state 'parse_ipv4': key is 06
[18:25:22.693] [bmv2] [T] [thread 3781] [65.0] [cxt 0] Bytes parsed: 38
[18:25:22.693] [bmv2] [D] [thread 3781] [65.0] [cxt 0] Parser 'parser' entering state 'parse_ipv4_option'
[18:25:22.709] [bmv2] [D] [thread 3781] [65.0] [cxt 0] Extracting header 'ipv4_option'
[18:25:22.717] [bmv2] [D] [thread 3781] [65.0] [cxt 0] Parser state 'parse_ipv4_option': key is 1f
[18:25:22.717] [bmv2] [T] [thread 3781] [65.0] [cxt 0] Bytes parsed: 40
[18:25:22.717] [bmv2] [D] [thread 3781] [65.0] [cxt 0] Parser 'parser' entering state 'parse_link_qos'
[18:25:22.717] [bmv2] [D] [thread 3781] [65.0] [cxt 0] Extracting header 'link_qos'
[18:25:22.717] [bmv2] [D] [thread 3781] [65.0] [cxt 0] Parser state 'parse_link_qos' has no switch, going to default next state
[18:25:22.717] [bmv2] [T] [thread 3781] [65.0] [cxt 0] Bytes parsed: 42
[18:25:22.717] [bmv2] [D] [thread 3781] [65.0] [cxt 0] Parser 'parser': end
[18:25:22.717] [bmv2] [D] [thread 3781] [65.0] [cxt 0] Pipeline 'ingress': start
[18:25:22.717] [bmv2] [T] [thread 3781] [65.0] [cxt 0] qos.p4(197) Condition "hdr.ipv4.isValid()" (node_2) is true
[18:25:22.718] [bmv2] [T] [thread 3781] [65.0] [cxt 0] qos.p4(198) Condition "hdr.link_qos.link_qos == TARGET_LINK_QOS" (node_3) is true
[18:25:22.718] [bmv2] [T] [thread 3781] [65.0] [cxt 0] Applying table 'tbl_qos199'
[18:25:22.718] [bmv2] [D] [thread 3781] [65.0] [cxt 0] Looking up key:

[18:25:22.718] [bmv2] [D] [thread 3781] [65.0] [cxt 0] Table 'tbl_qos199': miss
[18:25:22.718] [bmv2] [D] [thread 3781] [65.0] [cxt 0] Action entry is qos199 - 
[18:25:22.718] [bmv2] [T] [thread 3781] [65.0] [cxt 0] Action qos199
[18:25:22.718] [bmv2] [T] [thread 3781] [65.0] [cxt 0] qos.p4(199) Primitive hdr.ipv4.diffserv = (TARGET_DSCP << 2
[18:25:22.718] [bmv2] [T] [thread 3781] [65.0] [cxt 0] qos.p4(28) Primitive 7; ...
[18:25:22.718] [bmv2] [T] [thread 3781] [65.0] [cxt 0] Applying table 'MyIngress.ipv4_lpm'
[18:25:22.718] [bmv2] [D] [thread 3781] [65.0] [cxt 0] Looking up key:
* hdr.ipv4.dstAddr    : 0a000202

[18:25:22.718] [bmv2] [D] [thread 3781] [65.0] [cxt 0] Table 'MyIngress.ipv4_lpm': hit with handle 2
[18:25:22.718] [bmv2] [D] [thread 3781] [65.0] [cxt 0] Dumping entry 2
Match key:
* hdr.ipv4.dstAddr    : LPM       0a000200/24
Action entry: MyIngress.ipv4_forward - 80000000200,3,

[18:25:22.718] [bmv2] [D] [thread 3781] [65.0] [cxt 0] Action entry is MyIngress.ipv4_forward - 80000000200,3,
[18:25:22.718] [bmv2] [T] [thread 3781] [65.0] [cxt 0] Action MyIngress.ipv4_forward
[18:25:22.718] [bmv2] [T] [thread 3781] [65.0] [cxt 0] qos.p4(175) Primitive standard_metadata.egress_spec = port
[18:25:22.718] [bmv2] [T] [thread 3781] [65.0] [cxt 0] qos.p4(176) Primitive hdr.ethernet.srcAddr = hdr.ethernet.dstAddr
[18:25:22.718] [bmv2] [T] [thread 3781] [65.0] [cxt 0] qos.p4(177) Primitive hdr.ethernet.dstAddr = dstAddr
[18:25:22.718] [bmv2] [T] [thread 3781] [65.0] [cxt 0] qos.p4(178) Primitive hdr.ipv4.ttl = hdr.ipv4.ttl - 1
[18:25:22.718] [bmv2] [D] [thread 3781] [65.0] [cxt 0] Pipeline 'ingress': end
[18:25:22.718] [bmv2] [D] [thread 3781] [65.0] [cxt 0] Egress port is 3
[18:25:22.726] [bmv2] [D] [thread 3785] [65.0] [cxt 0] Pipeline 'egress': start
[18:25:22.726] [bmv2] [D] [thread 3785] [65.0] [cxt 0] Pipeline 'egress': end
[18:25:22.726] [bmv2] [D] [thread 3785] [65.0] [cxt 0] Deparser 'deparser': start
[18:25:22.726] [bmv2] [D] [thread 3785] [65.0] [cxt 0] Updating checksum 'cksum'
[18:25:22.726] [bmv2] [D] [thread 3785] [65.0] [cxt 0] Deparsing header 'ethernet'
[18:25:22.726] [bmv2] [D] [thread 3785] [65.0] [cxt 0] Deparsing header 'vlan'
[18:25:22.726] [bmv2] [D] [thread 3785] [65.0] [cxt 0] Deparsing header 'ipv4'
[18:25:22.726] [bmv2] [D] [thread 3785] [65.0] [cxt 0] Deparsing header 'ipv4_option'
[18:25:22.726] [bmv2] [D] [thread 3785] [65.0] [cxt 0] Deparsing header 'link_qos'
[18:25:22.726] [bmv2] [D] [thread 3785] [65.0] [cxt 0] Deparser 'deparser': end
[18:25:22.726] [bmv2] [D] [thread 3786] [65.0] [cxt 0] Transmitting packet of size 50 out of port 3
[18:25:23.609] [bmv2] [D] [thread 3781] [66.0] [cxt 0] Processing packet received on port 1
[18:25:23.610] [bmv2] [D] [thread 3781] [66.0] [cxt 0] Parser 'parser': start
[18:25:23.610] [bmv2] [D] [thread 3781] [66.0] [cxt 0] Parser 'parser' entering state 'start'
[18:25:23.610] [bmv2] [D] [thread 3781] [66.0] [cxt 0] Extracting header 'ethernet'
[18:25:23.610] [bmv2] [D] [thread 3781] [66.0] [cxt 0] Parser state 'start': key is 8100
[18:25:23.610] [bmv2] [T] [thread 3781] [66.0] [cxt 0] Bytes parsed: 14
[18:25:23.610] [bmv2] [D] [thread 3781] [66.0] [cxt 0] Parser 'parser' entering state 'parse_vlan'
[18:25:23.610] [bmv2] [D] [thread 3781] [66.0] [cxt 0] Extracting header 'vlan'
[18:25:23.610] [bmv2] [D] [thread 3781] [66.0] [cxt 0] Parser state 'parse_vlan': key is 0800
[18:25:23.610] [bmv2] [T] [thread 3781] [66.0] [cxt 0] Bytes parsed: 18
[18:25:23.610] [bmv2] [D] [thread 3781] [66.0] [cxt 0] Parser 'parser' entering state 'parse_ipv4'
[18:25:23.610] [bmv2] [D] [thread 3781] [66.0] [cxt 0] Extracting header 'ipv4'
[18:25:23.611] [bmv2] [D] [thread 3781] [66.0] [cxt 0] Parser set: setting field 'scalars.tmp' from expression, new value is 1
[18:25:23.611] [bmv2] [D] [thread 3781] [66.0] [cxt 0] Parser state 'parse_ipv4': key is 05
[18:25:23.611] [bmv2] [T] [thread 3781] [66.0] [cxt 0] Bytes parsed: 38
[18:25:23.611] [bmv2] [D] [thread 3781] [66.0] [cxt 0] Parser 'parser': end
[18:25:23.611] [bmv2] [D] [thread 3781] [66.0] [cxt 0] Pipeline 'ingress': start
[18:25:23.611] [bmv2] [T] [thread 3781] [66.0] [cxt 0] qos.p4(197) Condition "hdr.ipv4.isValid()" (node_2) is true
[18:25:23.611] [bmv2] [T] [thread 3781] [66.0] [cxt 0] qos.p4(198) Condition "hdr.link_qos.link_qos == TARGET_LINK_QOS" (node_3) is true
[18:25:23.611] [bmv2] [T] [thread 3781] [66.0] [cxt 0] Applying table 'tbl_qos199'
[18:25:23.611] [bmv2] [D] [thread 3781] [66.0] [cxt 0] Looking up key:

[18:25:23.612] [bmv2] [D] [thread 3781] [66.0] [cxt 0] Table 'tbl_qos199': miss
[18:25:23.612] [bmv2] [D] [thread 3781] [66.0] [cxt 0] Action entry is qos199 - 
[18:25:23.612] [bmv2] [T] [thread 3781] [66.0] [cxt 0] Action qos199
[18:25:23.612] [bmv2] [T] [thread 3781] [66.0] [cxt 0] qos.p4(199) Primitive hdr.ipv4.diffserv = (TARGET_DSCP << 2
[18:25:23.612] [bmv2] [T] [thread 3781] [66.0] [cxt 0] qos.p4(28) Primitive 7; ...
[18:25:23.612] [bmv2] [T] [thread 3781] [66.0] [cxt 0] Applying table 'MyIngress.ipv4_lpm'
[18:25:23.612] [bmv2] [D] [thread 3781] [66.0] [cxt 0] Looking up key:
* hdr.ipv4.dstAddr    : 0a000202

[18:25:23.612] [bmv2] [D] [thread 3781] [66.0] [cxt 0] Table 'MyIngress.ipv4_lpm': hit with handle 2
[18:25:23.613] [bmv2] [D] [thread 3781] [66.0] [cxt 0] Dumping entry 2
Match key:
* hdr.ipv4.dstAddr    : LPM       0a000200/24
Action entry: MyIngress.ipv4_forward - 80000000200,3,

[18:25:23.613] [bmv2] [D] [thread 3781] [66.0] [cxt 0] Action entry is MyIngress.ipv4_forward - 80000000200,3,
[18:25:23.613] [bmv2] [T] [thread 3781] [66.0] [cxt 0] Action MyIngress.ipv4_forward
[18:25:23.614] [bmv2] [T] [thread 3781] [66.0] [cxt 0] qos.p4(175) Primitive standard_metadata.egress_spec = port
[18:25:23.614] [bmv2] [T] [thread 3781] [66.0] [cxt 0] qos.p4(176) Primitive hdr.ethernet.srcAddr = hdr.ethernet.dstAddr
[18:25:23.614] [bmv2] [T] [thread 3781] [66.0] [cxt 0] qos.p4(177) Primitive hdr.ethernet.dstAddr = dstAddr
[18:25:23.614] [bmv2] [T] [thread 3781] [66.0] [cxt 0] qos.p4(178) Primitive hdr.ipv4.ttl = hdr.ipv4.ttl - 1
[18:25:23.614] [bmv2] [D] [thread 3781] [66.0] [cxt 0] Pipeline 'ingress': end
[18:25:23.614] [bmv2] [D] [thread 3781] [66.0] [cxt 0] Egress port is 3
[18:25:23.614] [bmv2] [D] [thread 3785] [66.0] [cxt 0] Pipeline 'egress': start
[18:25:23.614] [bmv2] [D] [thread 3785] [66.0] [cxt 0] Pipeline 'egress': end
[18:25:23.614] [bmv2] [D] [thread 3785] [66.0] [cxt 0] Deparser 'deparser': start
[18:25:23.614] [bmv2] [D] [thread 3785] [66.0] [cxt 0] Updating checksum 'cksum'
[18:25:23.614] [bmv2] [D] [thread 3785] [66.0] [cxt 0] Deparsing header 'ethernet'
[18:25:23.614] [bmv2] [D] [thread 3785] [66.0] [cxt 0] Deparsing header 'vlan'
[18:25:23.615] [bmv2] [D] [thread 3785] [66.0] [cxt 0] Deparsing header 'ipv4'
[18:25:23.615] [bmv2] [D] [thread 3785] [66.0] [cxt 0] Deparser 'deparser': end
[18:25:23.615] [bmv2] [D] [thread 3786] [66.0] [cxt 0] Transmitting packet of size 46 out of port 3
[18:25:24.627] [bmv2] [D] [thread 3781] [67.0] [cxt 0] Processing packet received on port 1
[18:25:24.627] [bmv2] [D] [thread 3781] [67.0] [cxt 0] Parser 'parser': start
[18:25:24.627] [bmv2] [D] [thread 3781] [67.0] [cxt 0] Parser 'parser' entering state 'start'
[18:25:24.627] [bmv2] [D] [thread 3781] [67.0] [cxt 0] Extracting header 'ethernet'
[18:25:24.638] [bmv2] [D] [thread 3781] [67.0] [cxt 0] Parser state 'start': key is 8100
[18:25:24.639] [bmv2] [T] [thread 3781] [67.0] [cxt 0] Bytes parsed: 14
[18:25:24.639] [bmv2] [D] [thread 3781] [67.0] [cxt 0] Parser 'parser' entering state 'parse_vlan'
[18:25:24.639] [bmv2] [D] [thread 3781] [67.0] [cxt 0] Extracting header 'vlan'
[18:25:24.639] [bmv2] [D] [thread 3781] [67.0] [cxt 0] Parser state 'parse_vlan': key is 0800
[18:25:24.639] [bmv2] [T] [thread 3781] [67.0] [cxt 0] Bytes parsed: 18
[18:25:24.639] [bmv2] [D] [thread 3781] [67.0] [cxt 0] Parser 'parser' entering state 'parse_ipv4'
[18:25:24.639] [bmv2] [D] [thread 3781] [67.0] [cxt 0] Extracting header 'ipv4'
[18:25:24.639] [bmv2] [D] [thread 3781] [67.0] [cxt 0] Parser set: setting field 'scalars.tmp' from expression, new value is 1
[18:25:24.640] [bmv2] [D] [thread 3781] [67.0] [cxt 0] Parser state 'parse_ipv4': key is 05
[18:25:24.640] [bmv2] [T] [thread 3781] [67.0] [cxt 0] Bytes parsed: 38
[18:25:24.640] [bmv2] [D] [thread 3781] [67.0] [cxt 0] Parser 'parser': end
[18:25:24.640] [bmv2] [D] [thread 3781] [67.0] [cxt 0] Pipeline 'ingress': start
[18:25:24.640] [bmv2] [T] [thread 3781] [67.0] [cxt 0] qos.p4(197) Condition "hdr.ipv4.isValid()" (node_2) is true
[18:25:24.640] [bmv2] [T] [thread 3781] [67.0] [cxt 0] qos.p4(198) Condition "hdr.link_qos.link_qos == TARGET_LINK_QOS" (node_3) is true
[18:25:24.640] [bmv2] [T] [thread 3781] [67.0] [cxt 0] Applying table 'tbl_qos199'
[18:25:24.640] [bmv2] [D] [thread 3781] [67.0] [cxt 0] Looking up key:

[18:25:24.640] [bmv2] [D] [thread 3781] [67.0] [cxt 0] Table 'tbl_qos199': miss
[18:25:24.641] [bmv2] [D] [thread 3781] [67.0] [cxt 0] Action entry is qos199 - 
[18:25:24.641] [bmv2] [T] [thread 3781] [67.0] [cxt 0] Action qos199
[18:25:24.641] [bmv2] [T] [thread 3781] [67.0] [cxt 0] qos.p4(199) Primitive hdr.ipv4.diffserv = (TARGET_DSCP << 2
[18:25:24.641] [bmv2] [T] [thread 3781] [67.0] [cxt 0] qos.p4(28) Primitive 7; ...
[18:25:24.642] [bmv2] [T] [thread 3781] [67.0] [cxt 0] Applying table 'MyIngress.ipv4_lpm'
[18:25:24.642] [bmv2] [D] [thread 3781] [67.0] [cxt 0] Looking up key:
* hdr.ipv4.dstAddr    : 0a000202

[18:25:24.642] [bmv2] [D] [thread 3781] [67.0] [cxt 0] Table 'MyIngress.ipv4_lpm': hit with handle 2
[18:25:24.642] [bmv2] [D] [thread 3781] [67.0] [cxt 0] Dumping entry 2
Match key:
* hdr.ipv4.dstAddr    : LPM       0a000200/24
Action entry: MyIngress.ipv4_forward - 80000000200,3,

[18:25:24.642] [bmv2] [D] [thread 3781] [67.0] [cxt 0] Action entry is MyIngress.ipv4_forward - 80000000200,3,
[18:25:24.642] [bmv2] [T] [thread 3781] [67.0] [cxt 0] Action MyIngress.ipv4_forward
[18:25:24.642] [bmv2] [T] [thread 3781] [67.0] [cxt 0] qos.p4(175) Primitive standard_metadata.egress_spec = port
[18:25:24.642] [bmv2] [T] [thread 3781] [67.0] [cxt 0] qos.p4(176) Primitive hdr.ethernet.srcAddr = hdr.ethernet.dstAddr
[18:25:24.642] [bmv2] [T] [thread 3781] [67.0] [cxt 0] qos.p4(177) Primitive hdr.ethernet.dstAddr = dstAddr
[18:25:24.642] [bmv2] [T] [thread 3781] [67.0] [cxt 0] qos.p4(178) Primitive hdr.ipv4.ttl = hdr.ipv4.ttl - 1
[18:25:24.642] [bmv2] [D] [thread 3781] [67.0] [cxt 0] Pipeline 'ingress': end
[18:25:24.642] [bmv2] [D] [thread 3781] [67.0] [cxt 0] Egress port is 3
[18:25:24.645] [bmv2] [D] [thread 3785] [67.0] [cxt 0] Pipeline 'egress': start
[18:25:24.645] [bmv2] [D] [thread 3785] [67.0] [cxt 0] Pipeline 'egress': end
[18:25:24.645] [bmv2] [D] [thread 3785] [67.0] [cxt 0] Deparser 'deparser': start
[18:25:24.645] [bmv2] [D] [thread 3785] [67.0] [cxt 0] Updating checksum 'cksum'
[18:25:24.645] [bmv2] [D] [thread 3785] [67.0] [cxt 0] Deparsing header 'ethernet'
[18:25:24.645] [bmv2] [D] [thread 3785] [67.0] [cxt 0] Deparsing header 'vlan'
[18:25:24.645] [bmv2] [D] [thread 3785] [67.0] [cxt 0] Deparsing header 'ipv4'
[18:25:24.645] [bmv2] [D] [thread 3785] [67.0] [cxt 0] Deparser 'deparser': end
[18:25:24.645] [bmv2] [D] [thread 3786] [67.0] [cxt 0] Transmitting packet of size 46 out of port 3
[18:25:25.663] [bmv2] [D] [thread 3781] [68.0] [cxt 0] Processing packet received on port 1
[18:25:25.663] [bmv2] [D] [thread 3781] [68.0] [cxt 0] Parser 'parser': start
[18:25:25.663] [bmv2] [D] [thread 3781] [68.0] [cxt 0] Parser 'parser' entering state 'start'
[18:25:25.663] [bmv2] [D] [thread 3781] [68.0] [cxt 0] Extracting header 'ethernet'
[18:25:25.663] [bmv2] [D] [thread 3781] [68.0] [cxt 0] Parser state 'start': key is 8100
[18:25:25.663] [bmv2] [T] [thread 3781] [68.0] [cxt 0] Bytes parsed: 14
[18:25:25.663] [bmv2] [D] [thread 3781] [68.0] [cxt 0] Parser 'parser' entering state 'parse_vlan'
[18:25:25.663] [bmv2] [D] [thread 3781] [68.0] [cxt 0] Extracting header 'vlan'
[18:25:25.664] [bmv2] [D] [thread 3781] [68.0] [cxt 0] Parser state 'parse_vlan': key is 0800
[18:25:25.664] [bmv2] [T] [thread 3781] [68.0] [cxt 0] Bytes parsed: 18
[18:25:25.664] [bmv2] [D] [thread 3781] [68.0] [cxt 0] Parser 'parser' entering state 'parse_ipv4'
[18:25:25.664] [bmv2] [D] [thread 3781] [68.0] [cxt 0] Extracting header 'ipv4'
[18:25:25.664] [bmv2] [D] [thread 3781] [68.0] [cxt 0] Parser set: setting field 'scalars.tmp' from expression, new value is 1
[18:25:25.664] [bmv2] [D] [thread 3781] [68.0] [cxt 0] Parser state 'parse_ipv4': key is 05
[18:25:25.664] [bmv2] [T] [thread 3781] [68.0] [cxt 0] Bytes parsed: 38
[18:25:25.664] [bmv2] [D] [thread 3781] [68.0] [cxt 0] Parser 'parser': end
[18:25:25.665] [bmv2] [D] [thread 3781] [68.0] [cxt 0] Pipeline 'ingress': start
[18:25:25.665] [bmv2] [T] [thread 3781] [68.0] [cxt 0] qos.p4(197) Condition "hdr.ipv4.isValid()" (node_2) is true
[18:25:25.665] [bmv2] [T] [thread 3781] [68.0] [cxt 0] qos.p4(198) Condition "hdr.link_qos.link_qos == TARGET_LINK_QOS" (node_3) is true
[18:25:25.665] [bmv2] [T] [thread 3781] [68.0] [cxt 0] Applying table 'tbl_qos199'
[18:25:25.665] [bmv2] [D] [thread 3781] [68.0] [cxt 0] Looking up key:

[18:25:25.665] [bmv2] [D] [thread 3781] [68.0] [cxt 0] Table 'tbl_qos199': miss
[18:25:25.665] [bmv2] [D] [thread 3781] [68.0] [cxt 0] Action entry is qos199 - 
[18:25:25.665] [bmv2] [T] [thread 3781] [68.0] [cxt 0] Action qos199
[18:25:25.665] [bmv2] [T] [thread 3781] [68.0] [cxt 0] qos.p4(199) Primitive hdr.ipv4.diffserv = (TARGET_DSCP << 2
[18:25:25.666] [bmv2] [T] [thread 3781] [68.0] [cxt 0] qos.p4(28) Primitive 7; ...
[18:25:25.666] [bmv2] [T] [thread 3781] [68.0] [cxt 0] Applying table 'MyIngress.ipv4_lpm'
[18:25:25.666] [bmv2] [D] [thread 3781] [68.0] [cxt 0] Looking up key:
* hdr.ipv4.dstAddr    : 0a000202

[18:25:25.666] [bmv2] [D] [thread 3781] [68.0] [cxt 0] Table 'MyIngress.ipv4_lpm': hit with handle 2
[18:25:25.667] [bmv2] [D] [thread 3781] [68.0] [cxt 0] Dumping entry 2
Match key:
* hdr.ipv4.dstAddr    : LPM       0a000200/24
Action entry: MyIngress.ipv4_forward - 80000000200,3,

[18:25:25.667] [bmv2] [D] [thread 3781] [68.0] [cxt 0] Action entry is MyIngress.ipv4_forward - 80000000200,3,
[18:25:25.667] [bmv2] [T] [thread 3781] [68.0] [cxt 0] Action MyIngress.ipv4_forward
[18:25:25.667] [bmv2] [T] [thread 3781] [68.0] [cxt 0] qos.p4(175) Primitive standard_metadata.egress_spec = port
[18:25:25.667] [bmv2] [T] [thread 3781] [68.0] [cxt 0] qos.p4(176) Primitive hdr.ethernet.srcAddr = hdr.ethernet.dstAddr
[18:25:25.667] [bmv2] [T] [thread 3781] [68.0] [cxt 0] qos.p4(177) Primitive hdr.ethernet.dstAddr = dstAddr
[18:25:25.667] [bmv2] [T] [thread 3781] [68.0] [cxt 0] qos.p4(178) Primitive hdr.ipv4.ttl = hdr.ipv4.ttl - 1
[18:25:25.667] [bmv2] [D] [thread 3781] [68.0] [cxt 0] Pipeline 'ingress': end
[18:25:25.667] [bmv2] [D] [thread 3781] [68.0] [cxt 0] Egress port is 3
[18:25:25.667] [bmv2] [D] [thread 3785] [68.0] [cxt 0] Pipeline 'egress': start
[18:25:25.668] [bmv2] [D] [thread 3785] [68.0] [cxt 0] Pipeline 'egress': end
[18:25:25.668] [bmv2] [D] [thread 3785] [68.0] [cxt 0] Deparser 'deparser': start
[18:25:25.668] [bmv2] [D] [thread 3785] [68.0] [cxt 0] Updating checksum 'cksum'
[18:25:25.668] [bmv2] [D] [thread 3785] [68.0] [cxt 0] Deparsing header 'ethernet'
[18:25:25.668] [bmv2] [D] [thread 3785] [68.0] [cxt 0] Deparsing header 'vlan'
[18:25:25.668] [bmv2] [D] [thread 3785] [68.0] [cxt 0] Deparsing header 'ipv4'
[18:25:25.668] [bmv2] [D] [thread 3785] [68.0] [cxt 0] Deparser 'deparser': end
[18:25:25.668] [bmv2] [D] [thread 3786] [68.0] [cxt 0] Transmitting packet of size 46 out of port 3
[18:25:26.115] [bmv2] [D] [thread 3781] [69.0] [cxt 0] Processing packet received on port 3
[18:25:26.115] [bmv2] [D] [thread 3781] [69.0] [cxt 0] Parser 'parser': start
[18:25:26.115] [bmv2] [D] [thread 3781] [69.0] [cxt 0] Parser 'parser' entering state 'start'
[18:25:26.115] [bmv2] [D] [thread 3781] [69.0] [cxt 0] Extracting header 'ethernet'
[18:25:26.116] [bmv2] [D] [thread 3781] [69.0] [cxt 0] Parser state 'start': key is 86dd
[18:25:26.116] [bmv2] [T] [thread 3781] [69.0] [cxt 0] Bytes parsed: 14
[18:25:26.116] [bmv2] [D] [thread 3781] [69.0] [cxt 0] Parser 'parser': end
[18:25:26.116] [bmv2] [D] [thread 3781] [69.0] [cxt 0] Pipeline 'ingress': start
[18:25:26.116] [bmv2] [T] [thread 3781] [69.0] [cxt 0] qos.p4(197) Condition "hdr.ipv4.isValid()" (node_2) is false
[18:25:26.117] [bmv2] [D] [thread 3781] [69.0] [cxt 0] Pipeline 'ingress': end
[18:25:26.117] [bmv2] [D] [thread 3781] [69.0] [cxt 0] Egress port is 0
[18:25:26.122] [bmv2] [D] [thread 3782] [69.0] [cxt 0] Pipeline 'egress': start
[18:25:26.122] [bmv2] [D] [thread 3782] [69.0] [cxt 0] Pipeline 'egress': end
[18:25:26.122] [bmv2] [D] [thread 3782] [69.0] [cxt 0] Deparser 'deparser': start
[18:25:26.122] [bmv2] [T] [thread 3782] [69.0] [cxt 0] Skipping checksum 'cksum' update because condition not met
[18:25:26.122] [bmv2] [D] [thread 3782] [69.0] [cxt 0] Deparsing header 'ethernet'
[18:25:26.122] [bmv2] [D] [thread 3782] [69.0] [cxt 0] Deparser 'deparser': end
[18:25:26.122] [bmv2] [D] [thread 3786] [69.0] [cxt 0] Transmitting packet of size 70 out of port 0
[18:25:26.683] [bmv2] [D] [thread 3781] [70.0] [cxt 0] Processing packet received on port 1
[18:25:26.684] [bmv2] [D] [thread 3781] [70.0] [cxt 0] Parser 'parser': start
[18:25:26.684] [bmv2] [D] [thread 3781] [70.0] [cxt 0] Parser 'parser' entering state 'start'
[18:25:26.698] [bmv2] [D] [thread 3781] [70.0] [cxt 0] Extracting header 'ethernet'
[18:25:26.699] [bmv2] [D] [thread 3781] [70.0] [cxt 0] Parser state 'start': key is 8100
[18:25:26.699] [bmv2] [T] [thread 3781] [70.0] [cxt 0] Bytes parsed: 14
[18:25:26.699] [bmv2] [D] [thread 3781] [70.0] [cxt 0] Parser 'parser' entering state 'parse_vlan'
[18:25:26.699] [bmv2] [D] [thread 3781] [70.0] [cxt 0] Extracting header 'vlan'
[18:25:26.699] [bmv2] [D] [thread 3781] [70.0] [cxt 0] Parser state 'parse_vlan': key is 0800
[18:25:26.699] [bmv2] [T] [thread 3781] [70.0] [cxt 0] Bytes parsed: 18
[18:25:26.699] [bmv2] [D] [thread 3781] [70.0] [cxt 0] Parser 'parser' entering state 'parse_ipv4'
[18:25:26.699] [bmv2] [D] [thread 3781] [70.0] [cxt 0] Extracting header 'ipv4'
[18:25:26.699] [bmv2] [D] [thread 3781] [70.0] [cxt 0] Parser set: setting field 'scalars.tmp' from expression, new value is 1
[18:25:26.699] [bmv2] [D] [thread 3781] [70.0] [cxt 0] Parser state 'parse_ipv4': key is 05
[18:25:26.699] [bmv2] [T] [thread 3781] [70.0] [cxt 0] Bytes parsed: 38
[18:25:26.699] [bmv2] [D] [thread 3781] [70.0] [cxt 0] Parser 'parser': end
[18:25:26.699] [bmv2] [D] [thread 3781] [70.0] [cxt 0] Pipeline 'ingress': start
[18:25:26.699] [bmv2] [T] [thread 3781] [70.0] [cxt 0] qos.p4(197) Condition "hdr.ipv4.isValid()" (node_2) is true
[18:25:26.700] [bmv2] [T] [thread 3781] [70.0] [cxt 0] qos.p4(198) Condition "hdr.link_qos.link_qos == TARGET_LINK_QOS" (node_3) is true
[18:25:26.700] [bmv2] [T] [thread 3781] [70.0] [cxt 0] Applying table 'tbl_qos199'
[18:25:26.700] [bmv2] [D] [thread 3781] [70.0] [cxt 0] Looking up key:

[18:25:26.700] [bmv2] [D] [thread 3781] [70.0] [cxt 0] Table 'tbl_qos199': miss
[18:25:26.700] [bmv2] [D] [thread 3781] [70.0] [cxt 0] Action entry is qos199 - 
[18:25:26.700] [bmv2] [T] [thread 3781] [70.0] [cxt 0] Action qos199
[18:25:26.700] [bmv2] [T] [thread 3781] [70.0] [cxt 0] qos.p4(199) Primitive hdr.ipv4.diffserv = (TARGET_DSCP << 2
[18:25:26.700] [bmv2] [T] [thread 3781] [70.0] [cxt 0] qos.p4(28) Primitive 7; ...
[18:25:26.700] [bmv2] [T] [thread 3781] [70.0] [cxt 0] Applying table 'MyIngress.ipv4_lpm'
[18:25:26.700] [bmv2] [D] [thread 3781] [70.0] [cxt 0] Looking up key:
* hdr.ipv4.dstAddr    : 0a000202

[18:25:26.712] [bmv2] [D] [thread 3781] [70.0] [cxt 0] Table 'MyIngress.ipv4_lpm': hit with handle 2
[18:25:26.712] [bmv2] [D] [thread 3781] [70.0] [cxt 0] Dumping entry 2
Match key:
* hdr.ipv4.dstAddr    : LPM       0a000200/24
Action entry: MyIngress.ipv4_forward - 80000000200,3,

[18:25:26.712] [bmv2] [D] [thread 3781] [70.0] [cxt 0] Action entry is MyIngress.ipv4_forward - 80000000200,3,
[18:25:26.712] [bmv2] [T] [thread 3781] [70.0] [cxt 0] Action MyIngress.ipv4_forward
[18:25:26.712] [bmv2] [T] [thread 3781] [70.0] [cxt 0] qos.p4(175) Primitive standard_metadata.egress_spec = port
[18:25:26.712] [bmv2] [T] [thread 3781] [70.0] [cxt 0] qos.p4(176) Primitive hdr.ethernet.srcAddr = hdr.ethernet.dstAddr
[18:25:26.712] [bmv2] [T] [thread 3781] [70.0] [cxt 0] qos.p4(177) Primitive hdr.ethernet.dstAddr = dstAddr
[18:25:26.713] [bmv2] [T] [thread 3781] [70.0] [cxt 0] qos.p4(178) Primitive hdr.ipv4.ttl = hdr.ipv4.ttl - 1
[18:25:26.713] [bmv2] [D] [thread 3781] [70.0] [cxt 0] Pipeline 'ingress': end
[18:25:26.713] [bmv2] [D] [thread 3781] [70.0] [cxt 0] Egress port is 3
[18:25:26.717] [bmv2] [D] [thread 3785] [70.0] [cxt 0] Pipeline 'egress': start
[18:25:26.717] [bmv2] [D] [thread 3785] [70.0] [cxt 0] Pipeline 'egress': end
[18:25:26.718] [bmv2] [D] [thread 3785] [70.0] [cxt 0] Deparser 'deparser': start
[18:25:26.718] [bmv2] [D] [thread 3785] [70.0] [cxt 0] Updating checksum 'cksum'
[18:25:26.718] [bmv2] [D] [thread 3785] [70.0] [cxt 0] Deparsing header 'ethernet'
[18:25:26.718] [bmv2] [D] [thread 3785] [70.0] [cxt 0] Deparsing header 'vlan'
[18:25:26.718] [bmv2] [D] [thread 3785] [70.0] [cxt 0] Deparsing header 'ipv4'
[18:25:26.718] [bmv2] [D] [thread 3785] [70.0] [cxt 0] Deparser 'deparser': end
[18:25:26.718] [bmv2] [D] [thread 3786] [70.0] [cxt 0] Transmitting packet of size 46 out of port 3
[18:25:28.061] [bmv2] [D] [thread 3781] [71.0] [cxt 0] Processing packet received on port 4
[18:25:28.062] [bmv2] [D] [thread 3781] [71.0] [cxt 0] Parser 'parser': start
[18:25:28.062] [bmv2] [D] [thread 3781] [71.0] [cxt 0] Parser 'parser' entering state 'start'
[18:25:28.062] [bmv2] [D] [thread 3781] [71.0] [cxt 0] Extracting header 'ethernet'
[18:25:28.063] [bmv2] [D] [thread 3781] [71.0] [cxt 0] Parser state 'start': key is 86dd
[18:25:28.063] [bmv2] [T] [thread 3781] [71.0] [cxt 0] Bytes parsed: 14
[18:25:28.063] [bmv2] [D] [thread 3781] [71.0] [cxt 0] Parser 'parser': end
[18:25:28.063] [bmv2] [D] [thread 3781] [71.0] [cxt 0] Pipeline 'ingress': start
[18:25:28.063] [bmv2] [T] [thread 3781] [71.0] [cxt 0] qos.p4(197) Condition "hdr.ipv4.isValid()" (node_2) is false
[18:25:28.063] [bmv2] [D] [thread 3781] [71.0] [cxt 0] Pipeline 'ingress': end
[18:25:28.063] [bmv2] [D] [thread 3781] [71.0] [cxt 0] Egress port is 0
[18:25:28.068] [bmv2] [D] [thread 3782] [71.0] [cxt 0] Pipeline 'egress': start
[18:25:28.068] [bmv2] [D] [thread 3782] [71.0] [cxt 0] Pipeline 'egress': end
[18:25:28.069] [bmv2] [D] [thread 3782] [71.0] [cxt 0] Deparser 'deparser': start
[18:25:28.069] [bmv2] [T] [thread 3782] [71.0] [cxt 0] Skipping checksum 'cksum' update because condition not met
[18:25:28.069] [bmv2] [D] [thread 3782] [71.0] [cxt 0] Deparsing header 'ethernet'
[18:25:28.069] [bmv2] [D] [thread 3782] [71.0] [cxt 0] Deparser 'deparser': end
[18:25:28.069] [bmv2] [D] [thread 3786] [71.0] [cxt 0] Transmitting packet of size 70 out of port 0
open: No such file or directory
open: No such file or directory
open: No such file or directory
open: No such file or directory
open: No such file or directory
open: No such file or directory
