###[ Ethernet ]### 
  dst       = ff:ff:ff:ff:ff:ff
  src       = 08:00:00:00:02:02
  type      = n_802_1Q
###[ 802.1Q ]### 
     prio      = 2
     id        = 0
     vlan      = 1
     type      = IPv4
###[ IP ]### 
        version   = 4
        ihl       = 5
        tos       = 0x28
        len       = 28
        id        = 1
        flags     = 
        frag      = 0
        ttl       = 64
        proto     = udp
        chksum    = 0x62a5
        src       = 10.0.2.2
        dst       = 10.0.2.2
        \options   \
###[ UDP ]### 
           sport     = 1234
           dport     = 4321
           len       = 8
           chksum    = 0xd227

Sending packets to 10.0.2.2 for 50 seconds with DSCP 10, PCP 2...
Packet sent at 0.01 seconds.
Packet sent at 0.02 seconds.
Packet sent at 0.03 seconds.
Packet sent at 0.05 seconds.
Packet sent at 0.08 seconds.
Packet sent at 0.11 seconds.
Packet sent at 0.13 seconds.
Packet sent at 0.15 seconds.
Packet sent at 0.16 seconds.
Packet sent at 0.17 seconds.
Packet sent at 0.18 seconds.
Packet sent at 0.19 seconds.
Packet sent at 0.21 seconds.
Packet sent at 0.22 seconds.
Packet sent at 0.23 seconds.
Packet sent at 0.24 seconds.
Packet sent at 0.26 seconds.
Packet sent at 0.27 seconds.
Packet sent at 0.29 seconds.
Packet sent at 0.30 seconds.
Packet sent at 0.31 seconds.
Packet sent at 0.32 seconds.
Packet sent at 0.34 seconds.
Packet sent at 0.35 seconds.
Packet sent at 0.36 seconds.
Packet sent at 0.37 seconds.
Packet sent at 0.39 seconds.
Packet sent at 0.40 seconds.
Packet sent at 0.41 seconds.
Packet sent at 0.42 seconds.
Packet sent at 0.44 seconds.
Packet sent at 0.45 seconds.
Packet sent at 0.46 seconds.
Packet sent at 0.47 seconds.
Packet sent at 0.49 seconds.
Packet sent at 0.50 seconds.
Packet sent at 0.51 seconds.
Packet sent at 0.52 seconds.
Packet sent at 0.54 seconds.
Packet sent at 0.54 seconds.
Packet sent at 0.56 seconds.
Packet sent at 0.57 seconds.
Packet sent at 0.58 seconds.
Packet sent at 0.59 seconds.
Packet sent at 0.61 seconds.
Packet sent at 0.62 seconds.
Packet sent at 0.63 seconds.
Packet sent at 0.65 seconds.
Packet sent at 0.66 seconds.
Packet sent at 0.67 seconds.
Packet sent at 0.69 seconds.
Packet sent at 0.70 seconds.
Packet sent at 0.71 seconds.
Packet sent at 0.72 seconds.
Packet sent at 0.73 seconds.
Packet sent at 0.74 seconds.
Packet sent at 0.75 seconds.
Packet sent at 0.77 seconds.
Packet sent at 0.78 seconds.
Packet sent at 0.79 seconds.
Packet sent at 0.81 seconds.
Packet sent at 0.82 seconds.
Packet sent at 0.83 seconds.
Packet sent at 0.85 seconds.
Packet sent at 0.86 seconds.
Packet sent at 0.87 seconds.
Packet sent at 0.89 seconds.
Packet sent at 0.91 seconds.
Packet sent at 0.92 seconds.
Packet sent at 0.93 seconds.
Packet sent at 0.95 seconds.
Packet sent at 0.96 seconds.
Packet sent at 0.97 seconds.
Packet sent at 0.98 seconds.
Packet sent at 1.00 seconds.
Packet sent at 1.01 seconds.
Packet sent at 1.02 seconds.
Packet sent at 1.03 seconds.
Packet sent at 1.05 seconds.
Packet sent at 1.06 seconds.
Packet sent at 1.07 seconds.
Packet sent at 1.09 seconds.
Packet sent at 1.10 seconds.
Packet sent at 1.11 seconds.
Packet sent at 1.13 seconds.
Packet sent at 1.14 seconds.
Packet sent at 1.15 seconds.
Packet sent at 1.16 seconds.
Packet sent at 1.18 seconds.
Packet sent at 1.19 seconds.
Packet sent at 1.21 seconds.
Packet sent at 1.22 seconds.
Packet sent at 1.22 seconds.
Packet sent at 1.24 seconds.
Packet sent at 1.25 seconds.
Packet sent at 1.26 seconds.
Packet sent at 1.27 seconds.
Packet sent at 1.29 seconds.
Packet sent at 1.30 seconds.
Packet sent at 1.31 seconds.
Packet sent at 1.33 seconds.
Packet sent at 1.34 seconds.
Packet sent at 1.35 seconds.
Packet sent at 1.37 seconds.
Packet sent at 1.38 seconds.
Packet sent at 1.39 seconds.
Packet sent at 1.41 seconds.
Packet sent at 1.42 seconds.
Packet sent at 1.43 seconds.
Packet sent at 1.44 seconds.
Packet sent at 1.45 seconds.
Packet sent at 1.47 seconds.
Packet sent at 1.48 seconds.
Packet sent at 1.50 seconds.
Packet sent at 1.51 seconds.
Packet sent at 1.52 seconds.
Packet sent at 1.53 seconds.
Packet sent at 1.54 seconds.
Packet sent at 1.55 seconds.
Packet sent at 1.57 seconds.
Packet sent at 1.58 seconds.
Packet sent at 1.59 seconds.
Packet sent at 1.60 seconds.
Packet sent at 1.62 seconds.
Packet sent at 1.63 seconds.
Packet sent at 1.64 seconds.
Packet sent at 1.66 seconds.
Packet sent at 1.67 seconds.
Packet sent at 1.68 seconds.
Packet sent at 1.69 seconds.
Packet sent at 1.71 seconds.
Packet sent at 1.72 seconds.
Packet sent at 1.73 seconds.
Packet sent at 1.74 seconds.
Packet sent at 1.76 seconds.
Packet sent at 1.77 seconds.
Packet sent at 1.78 seconds.
Packet sent at 1.79 seconds.
Packet sent at 1.81 seconds.
Packet sent at 1.81 seconds.
Packet sent at 1.82 seconds.
Packet sent at 1.84 seconds.
Packet sent at 1.85 seconds.
Packet sent at 1.86 seconds.
Packet sent at 1.88 seconds.
Packet sent at 1.89 seconds.
Packet sent at 1.90 seconds.
Packet sent at 1.91 seconds.
Packet sent at 1.93 seconds.
Packet sent at 1.94 seconds.
Packet sent at 1.95 seconds.
Packet sent at 1.96 seconds.
Packet sent at 1.97 seconds.
Packet sent at 1.99 seconds.
Packet sent at 2.01 seconds.
Packet sent at 2.02 seconds.
Packet sent at 2.03 seconds.
Packet sent at 2.04 seconds.
Packet sent at 2.06 seconds.
Packet sent at 2.06 seconds.
Packet sent at 2.08 seconds.
Packet sent at 2.09 seconds.
Packet sent at 2.10 seconds.
Packet sent at 2.12 seconds.
Packet sent at 2.13 seconds.
Packet sent at 2.14 seconds.
Packet sent at 2.16 seconds.
Packet sent at 2.17 seconds.
Packet sent at 2.18 seconds.
Packet sent at 2.19 seconds.
Packet sent at 2.20 seconds.
Packet sent at 2.21 seconds.
Packet sent at 2.23 seconds.
Packet sent at 2.25 seconds.
Packet sent at 2.26 seconds.
Packet sent at 2.26 seconds.
Packet sent at 2.28 seconds.
Packet sent at 2.29 seconds.
Packet sent at 2.30 seconds.
Packet sent at 2.32 seconds.
Packet sent at 2.33 seconds.
Packet sent at 2.34 seconds.
Packet sent at 2.35 seconds.
Packet sent at 2.37 seconds.
Packet sent at 2.38 seconds.
Packet sent at 2.39 seconds.
Packet sent at 2.40 seconds.
Packet sent at 2.42 seconds.
Packet sent at 2.43 seconds.
Packet sent at 2.44 seconds.
Packet sent at 2.46 seconds.
Packet sent at 2.47 seconds.
Packet sent at 2.48 seconds.
Packet sent at 2.50 seconds.
Packet sent at 2.51 seconds.
Packet sent at 2.51 seconds.
Packet sent at 2.53 seconds.
Packet sent at 2.54 seconds.
Packet sent at 2.55 seconds.
Packet sent at 2.57 seconds.
Packet sent at 2.57 seconds.
Packet sent at 2.59 seconds.
Packet sent at 2.60 seconds.
Packet sent at 2.61 seconds.
Packet sent at 2.62 seconds.
Packet sent at 2.64 seconds.
Packet sent at 2.65 seconds.
Packet sent at 2.67 seconds.
Packet sent at 2.68 seconds.
Packet sent at 2.69 seconds.
Packet sent at 2.71 seconds.
Packet sent at 2.72 seconds.
Packet sent at 2.73 seconds.
Packet sent at 2.75 seconds.
Packet sent at 2.75 seconds.
Packet sent at 2.77 seconds.
Packet sent at 2.78 seconds.
Packet sent at 2.79 seconds.
Packet sent at 2.80 seconds.
Packet sent at 2.82 seconds.
Packet sent at 2.84 seconds.
Packet sent at 2.84 seconds.
Packet sent at 2.85 seconds.
Packet sent at 2.86 seconds.
Packet sent at 2.88 seconds.
Packet sent at 2.89 seconds.
Packet sent at 2.90 seconds.
Packet sent at 2.91 seconds.
Packet sent at 2.93 seconds.
Packet sent at 2.94 seconds.
Packet sent at 2.95 seconds.
Packet sent at 2.97 seconds.
Packet sent at 2.97 seconds.
Packet sent at 2.99 seconds.
Packet sent at 3.00 seconds.
Packet sent at 3.01 seconds.
Packet sent at 3.02 seconds.
Packet sent at 3.04 seconds.
Packet sent at 3.05 seconds.
Packet sent at 3.06 seconds.
Packet sent at 3.08 seconds.
Packet sent at 3.09 seconds.
Packet sent at 3.10 seconds.
Packet sent at 3.11 seconds.
Packet sent at 3.13 seconds.
Packet sent at 3.14 seconds.
Packet sent at 3.15 seconds.
Packet sent at 3.16 seconds.
Packet sent at 3.17 seconds.
Packet sent at 3.18 seconds.
Packet sent at 3.19 seconds.
Packet sent at 3.21 seconds.
Packet sent at 3.22 seconds.
Packet sent at 3.23 seconds.
Packet sent at 3.24 seconds.
Packet sent at 3.26 seconds.
Packet sent at 3.26 seconds.
Packet sent at 3.28 seconds.
Packet sent at 3.31 seconds.
Packet sent at 3.34 seconds.
Packet sent at 3.36 seconds.
Packet sent at 3.37 seconds.
Packet sent at 3.38 seconds.
Packet sent at 3.40 seconds.
Packet sent at 3.40 seconds.
Packet sent at 3.42 seconds.
Packet sent at 3.43 seconds.
Packet sent at 3.44 seconds.
Packet sent at 3.46 seconds.
Packet sent at 3.47 seconds.
Packet sent at 3.48 seconds.
Packet sent at 3.50 seconds.
Packet sent at 3.51 seconds.
Packet sent at 3.52 seconds.
Packet sent at 3.53 seconds.
Packet sent at 3.55 seconds.
Packet sent at 3.56 seconds.
Packet sent at 3.57 seconds.
Packet sent at 3.58 seconds.
Packet sent at 3.59 seconds.
Packet sent at 3.61 seconds.
Packet sent at 3.62 seconds.
Packet sent at 3.63 seconds.
Packet sent at 3.64 seconds.
Packet sent at 3.66 seconds.
Packet sent at 3.67 seconds.
Packet sent at 3.68 seconds.
Packet sent at 3.70 seconds.
Packet sent at 3.71 seconds.
Packet sent at 3.72 seconds.
Packet sent at 3.74 seconds.
Packet sent at 3.75 seconds.
Packet sent at 3.76 seconds.
Packet sent at 3.77 seconds.
Packet sent at 3.78 seconds.
Packet sent at 3.79 seconds.
Packet sent at 3.80 seconds.
Packet sent at 3.81 seconds.
Packet sent at 3.83 seconds.
Packet sent at 3.84 seconds.
Packet sent at 3.85 seconds.
Packet sent at 3.86 seconds.
Packet sent at 3.87 seconds.
Packet sent at 3.89 seconds.
Packet sent at 3.90 seconds.
Packet sent at 3.91 seconds.
Packet sent at 3.92 seconds.
Packet sent at 3.94 seconds.
Packet sent at 3.95 seconds.
Packet sent at 3.96 seconds.
Packet sent at 3.97 seconds.
Packet sent at 3.98 seconds.
Packet sent at 4.00 seconds.
Packet sent at 4.01 seconds.
Packet sent at 4.02 seconds.
Packet sent at 4.03 seconds.
Packet sent at 4.04 seconds.
Packet sent at 4.07 seconds.
Packet sent at 4.07 seconds.
Packet sent at 4.09 seconds.
Packet sent at 4.10 seconds.
Packet sent at 4.11 seconds.
Packet sent at 4.12 seconds.
Packet sent at 4.14 seconds.
Packet sent at 4.15 seconds.
Packet sent at 4.16 seconds.
Packet sent at 4.19 seconds.
Packet sent at 4.22 seconds.
Packet sent at 4.24 seconds.
Packet sent at 4.25 seconds.
Packet sent at 4.28 seconds.
Packet sent at 4.29 seconds.
Packet sent at 4.30 seconds.
Packet sent at 4.31 seconds.
Packet sent at 4.33 seconds.
Packet sent at 4.34 seconds.
Packet sent at 4.35 seconds.
Packet sent at 4.36 seconds.
Packet sent at 4.38 seconds.
Packet sent at 4.39 seconds.
Packet sent at 4.40 seconds.
Packet sent at 4.41 seconds.
Packet sent at 4.43 seconds.
Packet sent at 4.44 seconds.
Packet sent at 4.45 seconds.
Packet sent at 4.46 seconds.
Packet sent at 4.47 seconds.
Packet sent at 4.48 seconds.
Packet sent at 4.50 seconds.
Packet sent at 4.51 seconds.
Packet sent at 4.52 seconds.
Packet sent at 4.53 seconds.
Packet sent at 4.55 seconds.
Packet sent at 4.56 seconds.
Packet sent at 4.57 seconds.
Packet sent at 4.58 seconds.
Packet sent at 4.59 seconds.
Packet sent at 4.61 seconds.
Packet sent at 4.62 seconds.
Packet sent at 4.63 seconds.
Packet sent at 4.64 seconds.
Packet sent at 4.66 seconds.
Packet sent at 4.66 seconds.
Packet sent at 4.67 seconds.
Packet sent at 4.69 seconds.
Packet sent at 4.70 seconds.
Packet sent at 4.71 seconds.
Packet sent at 4.73 seconds.
Packet sent at 4.74 seconds.
Packet sent at 4.75 seconds.
Packet sent at 4.76 seconds.
Packet sent at 4.78 seconds.
Packet sent at 4.78 seconds.
Packet sent at 4.80 seconds.
Packet sent at 4.81 seconds.
Packet sent at 4.82 seconds.
Packet sent at 4.84 seconds.
Packet sent at 4.85 seconds.
Packet sent at 4.86 seconds.
Packet sent at 4.87 seconds.
Packet sent at 4.88 seconds.
Packet sent at 4.90 seconds.
Packet sent at 4.91 seconds.
Packet sent at 4.92 seconds.
Packet sent at 4.93 seconds.
Packet sent at 4.95 seconds.
Packet sent at 4.95 seconds.
Packet sent at 4.97 seconds.
Packet sent at 4.98 seconds.
Packet sent at 4.99 seconds.
Packet sent at 5.00 seconds.
Packet sent at 5.02 seconds.
Packet sent at 5.03 seconds.
Packet sent at 5.04 seconds.
Packet sent at 5.05 seconds.
Packet sent at 5.07 seconds.
Packet sent at 5.08 seconds.
Packet sent at 5.10 seconds.
Packet sent at 5.11 seconds.
Packet sent at 5.12 seconds.
Packet sent at 5.13 seconds.
Packet sent at 5.15 seconds.
Packet sent at 5.16 seconds.
Packet sent at 5.17 seconds.
Packet sent at 5.18 seconds.
Packet sent at 5.20 seconds.
Packet sent at 5.21 seconds.
Packet sent at 5.22 seconds.
Packet sent at 5.24 seconds.
Packet sent at 5.25 seconds.
Packet sent at 5.26 seconds.
Packet sent at 5.28 seconds.
Packet sent at 5.29 seconds.
Packet sent at 5.31 seconds.
Packet sent at 5.32 seconds.
Packet sent at 5.34 seconds.
Packet sent at 5.35 seconds.
Packet sent at 5.37 seconds.
Packet sent at 5.39 seconds.
Packet sent at 5.41 seconds.
Packet sent at 5.42 seconds.
Packet sent at 5.43 seconds.
Packet sent at 5.45 seconds.
Packet sent at 5.46 seconds.
Packet sent at 5.48 seconds.
Packet sent at 5.49 seconds.
Packet sent at 5.51 seconds.
Packet sent at 5.52 seconds.
Packet sent at 5.53 seconds.
Packet sent at 5.54 seconds.
Packet sent at 5.55 seconds.
Packet sent at 5.56 seconds.
Packet sent at 5.58 seconds.
Packet sent at 5.59 seconds.
Packet sent at 5.61 seconds.
Packet sent at 5.62 seconds.
Packet sent at 5.64 seconds.
Packet sent at 5.66 seconds.
Packet sent at 5.67 seconds.
Packet sent at 5.69 seconds.
Packet sent at 5.71 seconds.
Packet sent at 5.73 seconds.
Packet sent at 5.75 seconds.
Packet sent at 5.76 seconds.
Packet sent at 5.78 seconds.
Packet sent at 5.80 seconds.
Packet sent at 5.80 seconds.
Packet sent at 5.82 seconds.
Packet sent at 5.83 seconds.
Packet sent at 5.85 seconds.
Packet sent at 5.86 seconds.
Packet sent at 5.87 seconds.
Packet sent at 5.89 seconds.
Packet sent at 5.91 seconds.
Packet sent at 5.92 seconds.
Packet sent at 5.94 seconds.
Packet sent at 5.96 seconds.
Packet sent at 5.97 seconds.
Packet sent at 5.99 seconds.
Packet sent at 6.00 seconds.
Packet sent at 6.01 seconds.
Packet sent at 6.03 seconds.
Packet sent at 6.04 seconds.
Packet sent at 6.06 seconds.
Packet sent at 6.08 seconds.
Packet sent at 6.09 seconds.
Packet sent at 6.10 seconds.
Packet sent at 6.12 seconds.
Packet sent at 6.14 seconds.
Packet sent at 6.15 seconds.
Packet sent at 6.17 seconds.
Packet sent at 6.18 seconds.
Packet sent at 6.20 seconds.
Packet sent at 6.22 seconds.
Packet sent at 6.24 seconds.
Packet sent at 6.26 seconds.
Packet sent at 6.27 seconds.
Packet sent at 6.29 seconds.
Packet sent at 6.30 seconds.
Packet sent at 6.31 seconds.
Packet sent at 6.33 seconds.
Packet sent at 6.35 seconds.
Packet sent at 6.36 seconds.
Packet sent at 6.37 seconds.
Packet sent at 6.39 seconds.
Packet sent at 6.40 seconds.
Packet sent at 6.42 seconds.
Packet sent at 6.44 seconds.
Packet sent at 6.45 seconds.
Packet sent at 6.46 seconds.
Packet sent at 6.48 seconds.
Packet sent at 6.50 seconds.
Packet sent at 6.51 seconds.
Packet sent at 6.52 seconds.
Packet sent at 6.54 seconds.
Packet sent at 6.55 seconds.
Packet sent at 6.56 seconds.
Packet sent at 6.58 seconds.
Packet sent at 6.60 seconds.
Packet sent at 6.62 seconds.
Packet sent at 6.64 seconds.
Packet sent at 6.66 seconds.
Packet sent at 6.67 seconds.
Packet sent at 6.69 seconds.
Packet sent at 6.70 seconds.
Packet sent at 6.72 seconds.
Packet sent at 6.73 seconds.
Packet sent at 6.75 seconds.
Packet sent at 6.76 seconds.
Packet sent at 6.77 seconds.
Packet sent at 6.79 seconds.
Packet sent at 6.80 seconds.
Packet sent at 6.81 seconds.
Packet sent at 6.82 seconds.
Packet sent at 6.84 seconds.
Packet sent at 6.88 seconds.
Packet sent at 6.90 seconds.
Packet sent at 6.90 seconds.
Packet sent at 6.93 seconds.
Packet sent at 6.94 seconds.
Packet sent at 6.95 seconds.
Packet sent at 6.96 seconds.
Packet sent at 6.97 seconds.
Packet sent at 6.98 seconds.
Packet sent at 7.00 seconds.
Packet sent at 7.01 seconds.
Packet sent at 7.03 seconds.
Packet sent at 7.03 seconds.
Packet sent at 7.05 seconds.
Packet sent at 7.06 seconds.
Packet sent at 7.07 seconds.
Packet sent at 7.08 seconds.
Packet sent at 7.09 seconds.
Packet sent at 7.10 seconds.
Packet sent at 7.12 seconds.
Packet sent at 7.13 seconds.
Packet sent at 7.14 seconds.
Packet sent at 7.15 seconds.
Packet sent at 7.16 seconds.
Packet sent at 7.17 seconds.
Packet sent at 7.21 seconds.
Packet sent at 7.24 seconds.
Packet sent at 7.25 seconds.
Packet sent at 7.27 seconds.
Packet sent at 7.28 seconds.
Packet sent at 7.29 seconds.
Packet sent at 7.30 seconds.
Packet sent at 7.31 seconds.
Packet sent at 7.33 seconds.
Packet sent at 7.34 seconds.
Packet sent at 7.35 seconds.
Packet sent at 7.37 seconds.
Packet sent at 7.38 seconds.
Packet sent at 7.39 seconds.
Packet sent at 7.40 seconds.
Packet sent at 7.41 seconds.
Packet sent at 7.43 seconds.
Packet sent at 7.44 seconds.
Packet sent at 7.45 seconds.
Packet sent at 7.46 seconds.
Packet sent at 7.47 seconds.
Packet sent at 7.49 seconds.
Packet sent at 7.50 seconds.
Packet sent at 7.51 seconds.
Packet sent at 7.52 seconds.
Packet sent at 7.53 seconds.
Packet sent at 7.55 seconds.
Packet sent at 7.56 seconds.
Packet sent at 7.57 seconds.
Packet sent at 7.58 seconds.
Packet sent at 7.59 seconds.
Packet sent at 7.61 seconds.
Packet sent at 7.62 seconds.
Packet sent at 7.63 seconds.
Packet sent at 7.64 seconds.
Packet sent at 7.65 seconds.
Packet sent at 7.67 seconds.
Packet sent at 7.69 seconds.
Packet sent at 7.70 seconds.
Packet sent at 7.71 seconds.
Packet sent at 7.73 seconds.
Packet sent at 7.75 seconds.
Packet sent at 7.77 seconds.
Packet sent at 7.78 seconds.
Packet sent at 7.80 seconds.
Packet sent at 7.81 seconds.
Packet sent at 7.83 seconds.
Packet sent at 7.84 seconds.
Packet sent at 7.86 seconds.
Packet sent at 7.87 seconds.
Packet sent at 7.88 seconds.
Packet sent at 7.90 seconds.
Packet sent at 7.91 seconds.
Packet sent at 7.93 seconds.
Packet sent at 7.95 seconds.
Packet sent at 7.97 seconds.
Packet sent at 7.98 seconds.
Packet sent at 7.99 seconds.
Packet sent at 8.01 seconds.
Packet sent at 8.02 seconds.
Packet sent at 8.03 seconds.
Packet sent at 8.04 seconds.
Packet sent at 8.05 seconds.
Packet sent at 8.07 seconds.
Packet sent at 8.08 seconds.
Packet sent at 8.09 seconds.
Packet sent at 8.10 seconds.
Packet sent at 8.11 seconds.
Packet sent at 8.12 seconds.
Packet sent at 8.14 seconds.
Packet sent at 8.15 seconds.
Packet sent at 8.16 seconds.
Packet sent at 8.18 seconds.
Packet sent at 8.19 seconds.
Packet sent at 8.20 seconds.
Packet sent at 8.21 seconds.
Packet sent at 8.23 seconds.
Packet sent at 8.25 seconds.
Packet sent at 8.26 seconds.
Packet sent at 8.27 seconds.
Packet sent at 8.29 seconds.
Packet sent at 8.29 seconds.
Packet sent at 8.30 seconds.
Packet sent at 8.31 seconds.
Packet sent at 8.33 seconds.
Packet sent at 8.35 seconds.
Packet sent at 8.35 seconds.
Packet sent at 8.36 seconds.
Packet sent at 8.38 seconds.
Packet sent at 8.39 seconds.
Packet sent at 8.41 seconds.
Packet sent at 8.42 seconds.
Packet sent at 8.43 seconds.
Packet sent at 8.44 seconds.
Packet sent at 8.45 seconds.
Packet sent at 8.47 seconds.
Packet sent at 8.48 seconds.
Packet sent at 8.49 seconds.
Packet sent at 8.50 seconds.
Packet sent at 8.52 seconds.
Packet sent at 8.53 seconds.
Packet sent at 8.54 seconds.
Packet sent at 8.56 seconds.
Packet sent at 8.57 seconds.
Packet sent at 8.58 seconds.
Packet sent at 8.59 seconds.
Packet sent at 8.60 seconds.
Packet sent at 8.62 seconds.
Packet sent at 8.63 seconds.
Packet sent at 8.64 seconds.
Packet sent at 8.65 seconds.
Packet sent at 8.69 seconds.
Packet sent at 8.71 seconds.
Packet sent at 8.73 seconds.
Packet sent at 8.75 seconds.
Packet sent at 8.76 seconds.
Packet sent at 8.78 seconds.
Packet sent at 8.80 seconds.
Packet sent at 8.82 seconds.
Packet sent at 8.83 seconds.
Packet sent at 8.84 seconds.
Packet sent at 8.86 seconds.
Packet sent at 8.88 seconds.
Packet sent at 8.89 seconds.
Packet sent at 8.91 seconds.
Packet sent at 8.92 seconds.
Packet sent at 8.93 seconds.
Packet sent at 8.95 seconds.
Packet sent at 8.97 seconds.
Packet sent at 8.98 seconds.
Packet sent at 8.99 seconds.
Packet sent at 9.01 seconds.
Packet sent at 9.02 seconds.
Packet sent at 9.03 seconds.
Packet sent at 9.05 seconds.
Packet sent at 9.06 seconds.
Packet sent at 9.07 seconds.
Packet sent at 9.09 seconds.
Packet sent at 9.10 seconds.
Packet sent at 9.11 seconds.
Packet sent at 9.13 seconds.
Packet sent at 9.13 seconds.
Packet sent at 9.15 seconds.
Packet sent at 9.16 seconds.
Packet sent at 9.17 seconds.
Packet sent at 9.18 seconds.
Packet sent at 9.19 seconds.
Packet sent at 9.20 seconds.
Packet sent at 9.22 seconds.
Packet sent at 9.23 seconds.
Packet sent at 9.24 seconds.
Packet sent at 9.25 seconds.
Packet sent at 9.27 seconds.
Packet sent at 9.28 seconds.
Packet sent at 9.29 seconds.
Packet sent at 9.30 seconds.
Packet sent at 9.32 seconds.
Packet sent at 9.33 seconds.
Packet sent at 9.34 seconds.
Packet sent at 9.35 seconds.
Packet sent at 9.36 seconds.
Packet sent at 9.38 seconds.
Packet sent at 9.39 seconds.
Packet sent at 9.40 seconds.
Packet sent at 9.42 seconds.
Packet sent at 9.43 seconds.
Packet sent at 9.44 seconds.
Packet sent at 9.46 seconds.
Packet sent at 9.47 seconds.
Packet sent at 9.48 seconds.
Packet sent at 9.50 seconds.
Packet sent at 9.51 seconds.
Packet sent at 9.52 seconds.
Packet sent at 9.53 seconds.
Packet sent at 9.54 seconds.
Packet sent at 9.55 seconds.
Packet sent at 9.56 seconds.
Packet sent at 9.58 seconds.
Packet sent at 9.59 seconds.
Packet sent at 9.60 seconds.
Packet sent at 9.61 seconds.
Packet sent at 9.62 seconds.
Packet sent at 9.64 seconds.
Packet sent at 9.65 seconds.
Packet sent at 9.66 seconds.
Packet sent at 9.67 seconds.
Packet sent at 9.68 seconds.
Packet sent at 9.69 seconds.
Packet sent at 9.71 seconds.
Packet sent at 9.72 seconds.
Packet sent at 9.73 seconds.
Packet sent at 9.74 seconds.
Packet sent at 9.75 seconds.
Packet sent at 9.76 seconds.
Packet sent at 9.78 seconds.
Packet sent at 9.78 seconds.
Packet sent at 9.80 seconds.
Packet sent at 9.81 seconds.
Packet sent at 9.82 seconds.
Packet sent at 9.84 seconds.
Packet sent at 9.85 seconds.
Packet sent at 9.86 seconds.
Packet sent at 9.87 seconds.
Packet sent at 9.89 seconds.
Packet sent at 9.90 seconds.
Packet sent at 9.91 seconds.
Packet sent at 9.93 seconds.
Packet sent at 9.94 seconds.
Packet sent at 9.95 seconds.
Packet sent at 9.96 seconds.
Packet sent at 9.98 seconds.
Packet sent at 9.99 seconds.
Packet sent at 10.00 seconds.
Packet sent at 10.01 seconds.
Packet sent at 10.03 seconds.
Packet sent at 10.04 seconds.
Packet sent at 10.05 seconds.
Packet sent at 10.06 seconds.
Packet sent at 10.07 seconds.
Packet sent at 10.09 seconds.
Packet sent at 10.10 seconds.
Packet sent at 10.11 seconds.
Packet sent at 10.12 seconds.
Packet sent at 10.13 seconds.
Packet sent at 10.14 seconds.
Packet sent at 10.15 seconds.
Packet sent at 10.17 seconds.
Packet sent at 10.18 seconds.
Packet sent at 10.20 seconds.
Packet sent at 10.21 seconds.
Packet sent at 10.22 seconds.
Packet sent at 10.24 seconds.
Packet sent at 10.25 seconds.
Packet sent at 10.26 seconds.
Packet sent at 10.27 seconds.
Packet sent at 10.29 seconds.
Packet sent at 10.30 seconds.
Packet sent at 10.31 seconds.
Packet sent at 10.32 seconds.
Packet sent at 10.33 seconds.
Packet sent at 10.34 seconds.
Packet sent at 10.36 seconds.
Packet sent at 10.37 seconds.
Packet sent at 10.38 seconds.
Packet sent at 10.39 seconds.
Packet sent at 10.40 seconds.
Packet sent at 10.42 seconds.
Packet sent at 10.43 seconds.
Packet sent at 10.44 seconds.
Packet sent at 10.46 seconds.
Packet sent at 10.46 seconds.
Packet sent at 10.48 seconds.
Packet sent at 10.49 seconds.
Packet sent at 10.51 seconds.
Packet sent at 10.53 seconds.
Packet sent at 10.55 seconds.
Packet sent at 10.56 seconds.
Packet sent at 10.57 seconds.
Packet sent at 10.59 seconds.
Packet sent at 10.61 seconds.
Packet sent at 10.63 seconds.
Packet sent at 10.64 seconds.
Packet sent at 10.66 seconds.
Packet sent at 10.67 seconds.
Packet sent at 10.68 seconds.
Packet sent at 10.70 seconds.
Packet sent at 10.72 seconds.
Packet sent at 10.73 seconds.
Packet sent at 10.74 seconds.
Packet sent at 10.75 seconds.
Packet sent at 10.77 seconds.
Packet sent at 10.78 seconds.
Packet sent at 10.79 seconds.
Packet sent at 10.80 seconds.
Packet sent at 10.81 seconds.
Packet sent at 10.83 seconds.
Packet sent at 10.84 seconds.
Packet sent at 10.85 seconds.
Packet sent at 10.86 seconds.
Packet sent at 10.88 seconds.
Packet sent at 10.90 seconds.
Packet sent at 10.93 seconds.
Packet sent at 10.95 seconds.
Packet sent at 10.97 seconds.
Packet sent at 10.98 seconds.
Packet sent at 10.99 seconds.
Packet sent at 11.00 seconds.
Packet sent at 11.02 seconds.
Packet sent at 11.03 seconds.
Packet sent at 11.05 seconds.
Packet sent at 11.06 seconds.
Packet sent at 11.07 seconds.
Packet sent at 11.08 seconds.
Packet sent at 11.10 seconds.
Packet sent at 11.11 seconds.
Packet sent at 11.12 seconds.
Packet sent at 11.13 seconds.
Packet sent at 11.15 seconds.
Packet sent at 11.16 seconds.
Packet sent at 11.17 seconds.
Packet sent at 11.18 seconds.
Packet sent at 11.20 seconds.
Packet sent at 11.21 seconds.
Packet sent at 11.22 seconds.
Packet sent at 11.23 seconds.
Packet sent at 11.25 seconds.
Packet sent at 11.26 seconds.
Packet sent at 11.27 seconds.
Packet sent at 11.29 seconds.
Packet sent at 11.30 seconds.
Packet sent at 11.31 seconds.
Packet sent at 11.32 seconds.
Packet sent at 11.33 seconds.
Packet sent at 11.34 seconds.
Packet sent at 11.35 seconds.
Packet sent at 11.37 seconds.
Packet sent at 11.38 seconds.
Packet sent at 11.39 seconds.
Packet sent at 11.40 seconds.
Packet sent at 11.41 seconds.
Packet sent at 11.43 seconds.
Packet sent at 11.44 seconds.
Packet sent at 11.45 seconds.
Packet sent at 11.47 seconds.
Packet sent at 11.47 seconds.
Packet sent at 11.49 seconds.
Packet sent at 11.50 seconds.
Packet sent at 11.51 seconds.
Packet sent at 11.53 seconds.
Packet sent at 11.54 seconds.
Packet sent at 11.55 seconds.
Packet sent at 11.56 seconds.
Packet sent at 11.58 seconds.
Packet sent at 11.58 seconds.
Packet sent at 11.60 seconds.
Packet sent at 11.61 seconds.
Packet sent at 11.62 seconds.
Packet sent at 11.64 seconds.
Packet sent at 11.65 seconds.
Packet sent at 11.66 seconds.
Packet sent at 11.67 seconds.
Packet sent at 11.69 seconds.
Packet sent at 11.69 seconds.
Packet sent at 11.71 seconds.
Packet sent at 11.72 seconds.
Packet sent at 11.73 seconds.
Packet sent at 11.74 seconds.
Packet sent at 11.75 seconds.
Packet sent at 11.77 seconds.
Packet sent at 11.78 seconds.
Packet sent at 11.79 seconds.
Packet sent at 11.80 seconds.
Packet sent at 11.82 seconds.
Packet sent at 11.82 seconds.
Packet sent at 11.84 seconds.
Packet sent at 11.85 seconds.
Packet sent at 11.86 seconds.
Packet sent at 11.88 seconds.
Packet sent at 11.89 seconds.
Packet sent at 11.90 seconds.
Packet sent at 11.91 seconds.
Packet sent at 11.92 seconds.
Packet sent at 11.93 seconds.
Packet sent at 11.95 seconds.
Packet sent at 11.96 seconds.
Packet sent at 11.97 seconds.
Packet sent at 11.98 seconds.
Packet sent at 12.00 seconds.
Packet sent at 12.00 seconds.
Packet sent at 12.01 seconds.
Packet sent at 12.03 seconds.
Packet sent at 12.04 seconds.
Packet sent at 12.05 seconds.
Packet sent at 12.06 seconds.
Packet sent at 12.07 seconds.
Packet sent at 12.09 seconds.
Packet sent at 12.10 seconds.
Packet sent at 12.11 seconds.
Packet sent at 12.12 seconds.
Packet sent at 12.13 seconds.
Packet sent at 12.15 seconds.
Packet sent at 12.16 seconds.
Packet sent at 12.17 seconds.
Packet sent at 12.19 seconds.
Packet sent at 12.20 seconds.
Packet sent at 12.22 seconds.
Packet sent at 12.23 seconds.
Packet sent at 12.24 seconds.
Packet sent at 12.25 seconds.
Packet sent at 12.27 seconds.
Packet sent at 12.28 seconds.
Packet sent at 12.29 seconds.
Packet sent at 12.31 seconds.
Packet sent at 12.32 seconds.
Packet sent at 12.33 seconds.
Packet sent at 12.34 seconds.
Packet sent at 12.36 seconds.
Packet sent at 12.37 seconds.
Packet sent at 12.38 seconds.
Packet sent at 12.40 seconds.
Packet sent at 12.41 seconds.
Packet sent at 12.42 seconds.
Packet sent at 12.43 seconds.
Packet sent at 12.44 seconds.
Packet sent at 12.45 seconds.
Packet sent at 12.47 seconds.
Packet sent at 12.48 seconds.
Packet sent at 12.49 seconds.
Packet sent at 12.51 seconds.
Packet sent at 12.52 seconds.
Packet sent at 12.54 seconds.
Packet sent at 12.54 seconds.
Packet sent at 12.55 seconds.
Packet sent at 12.57 seconds.
Packet sent at 12.58 seconds.
Packet sent at 12.59 seconds.
Packet sent at 12.61 seconds.
Packet sent at 12.62 seconds.
Packet sent at 12.63 seconds.
Packet sent at 12.64 seconds.
Packet sent at 12.65 seconds.
Packet sent at 12.66 seconds.
Packet sent at 12.68 seconds.
Packet sent at 12.69 seconds.
Packet sent at 12.71 seconds.
Packet sent at 12.72 seconds.
Packet sent at 12.75 seconds.
Packet sent at 12.78 seconds.
Packet sent at 12.80 seconds.
Packet sent at 12.81 seconds.
Packet sent at 12.82 seconds.
Packet sent at 12.83 seconds.
Packet sent at 12.85 seconds.
Packet sent at 12.86 seconds.
Packet sent at 12.87 seconds.
Packet sent at 12.88 seconds.
Packet sent at 12.90 seconds.
Packet sent at 12.91 seconds.
Packet sent at 12.92 seconds.
Packet sent at 12.93 seconds.
Packet sent at 12.95 seconds.
Packet sent at 12.96 seconds.
Packet sent at 12.97 seconds.
Packet sent at 12.98 seconds.
Packet sent at 13.00 seconds.
Packet sent at 13.01 seconds.
Packet sent at 13.02 seconds.
Packet sent at 13.03 seconds.
Packet sent at 13.04 seconds.
Packet sent at 13.05 seconds.
Packet sent at 13.07 seconds.
Packet sent at 13.08 seconds.
Packet sent at 13.10 seconds.
Packet sent at 13.10 seconds.
Packet sent at 13.11 seconds.
Packet sent at 13.13 seconds.
Packet sent at 13.15 seconds.
Packet sent at 13.16 seconds.
Packet sent at 13.17 seconds.
Packet sent at 13.18 seconds.
Packet sent at 13.19 seconds.
Packet sent at 13.20 seconds.
Packet sent at 13.21 seconds.
Packet sent at 13.23 seconds.
Packet sent at 13.24 seconds.
Packet sent at 13.25 seconds.
Packet sent at 13.26 seconds.
Packet sent at 13.27 seconds.
Packet sent at 13.28 seconds.
Packet sent at 13.29 seconds.
Packet sent at 13.30 seconds.
Packet sent at 13.32 seconds.
Packet sent at 13.33 seconds.
Packet sent at 13.34 seconds.
Packet sent at 13.35 seconds.
Packet sent at 13.37 seconds.
Packet sent at 13.38 seconds.
Packet sent at 13.39 seconds.
Packet sent at 13.40 seconds.
Packet sent at 13.41 seconds.
Packet sent at 13.43 seconds.
Packet sent at 13.44 seconds.
Packet sent at 13.45 seconds.
Packet sent at 13.46 seconds.
Packet sent at 13.47 seconds.
Packet sent at 13.49 seconds.
Packet sent at 13.50 seconds.
Packet sent at 13.51 seconds.
Packet sent at 13.53 seconds.
Packet sent at 13.54 seconds.
Packet sent at 13.55 seconds.
Packet sent at 13.56 seconds.
Packet sent at 13.57 seconds.
Packet sent at 13.58 seconds.
Packet sent at 13.59 seconds.
Packet sent at 13.60 seconds.
Packet sent at 13.61 seconds.
Packet sent at 13.63 seconds.
Packet sent at 13.64 seconds.
Packet sent at 13.65 seconds.
Packet sent at 13.66 seconds.
Packet sent at 13.67 seconds.
Packet sent at 13.69 seconds.
Packet sent at 13.70 seconds.
Packet sent at 13.71 seconds.
Packet sent at 13.72 seconds.
Packet sent at 13.73 seconds.
Packet sent at 13.74 seconds.
Packet sent at 13.76 seconds.
Packet sent at 13.78 seconds.
Packet sent at 13.79 seconds.
Packet sent at 13.79 seconds.
Packet sent at 13.81 seconds.
Packet sent at 13.82 seconds.
Packet sent at 13.83 seconds.
Packet sent at 13.84 seconds.
Packet sent at 13.86 seconds.
Packet sent at 13.87 seconds.
Packet sent at 13.88 seconds.
Packet sent at 13.89 seconds.
Packet sent at 13.91 seconds.
Packet sent at 13.92 seconds.
Packet sent at 13.93 seconds.
Packet sent at 13.94 seconds.
Packet sent at 13.96 seconds.
Packet sent at 13.97 seconds.
Packet sent at 13.98 seconds.
Packet sent at 13.99 seconds.
Packet sent at 14.00 seconds.
Packet sent at 14.02 seconds.
Packet sent at 14.03 seconds.
Packet sent at 14.04 seconds.
Packet sent at 14.06 seconds.
Packet sent at 14.06 seconds.
Packet sent at 14.07 seconds.
Packet sent at 14.09 seconds.
Packet sent at 14.10 seconds.
Packet sent at 14.12 seconds.
Packet sent at 14.13 seconds.
Packet sent at 14.14 seconds.
Packet sent at 14.15 seconds.
Packet sent at 14.16 seconds.
Packet sent at 14.18 seconds.
Packet sent at 14.19 seconds.
Packet sent at 14.20 seconds.
Packet sent at 14.21 seconds.
Packet sent at 14.22 seconds.
Packet sent at 14.24 seconds.
Packet sent at 14.24 seconds.
Packet sent at 14.26 seconds.
Packet sent at 14.27 seconds.
Packet sent at 14.28 seconds.
Packet sent at 14.30 seconds.
Packet sent at 14.33 seconds.
Packet sent at 14.37 seconds.
Packet sent at 14.38 seconds.
Packet sent at 14.39 seconds.
Packet sent at 14.41 seconds.
Packet sent at 14.41 seconds.
Packet sent at 14.43 seconds.
Packet sent at 14.44 seconds.
Packet sent at 14.45 seconds.
Packet sent at 14.46 seconds.
Packet sent at 14.48 seconds.
Packet sent at 14.49 seconds.
Packet sent at 14.50 seconds.
Packet sent at 14.51 seconds.
Packet sent at 14.52 seconds.
Packet sent at 14.54 seconds.
Packet sent at 14.55 seconds.
Packet sent at 14.56 seconds.
Packet sent at 14.57 seconds.
Packet sent at 14.58 seconds.
Packet sent at 14.59 seconds.
Packet sent at 14.61 seconds.
Packet sent at 14.62 seconds.
Packet sent at 14.63 seconds.
Packet sent at 14.64 seconds.
Packet sent at 14.65 seconds.
Packet sent at 14.67 seconds.
Packet sent at 14.68 seconds.
Packet sent at 14.69 seconds.
Packet sent at 14.71 seconds.
Packet sent at 14.72 seconds.
Packet sent at 14.74 seconds.
Packet sent at 14.74 seconds.
Packet sent at 14.75 seconds.
Packet sent at 14.77 seconds.
Packet sent at 14.78 seconds.
Packet sent at 14.79 seconds.
Packet sent at 14.80 seconds.
Packet sent at 14.82 seconds.
Packet sent at 14.83 seconds.
Packet sent at 14.85 seconds.
Packet sent at 14.86 seconds.
Packet sent at 14.87 seconds.
Packet sent at 14.88 seconds.
Packet sent at 14.89 seconds.
Packet sent at 14.91 seconds.
Packet sent at 14.92 seconds.
Packet sent at 14.93 seconds.
Packet sent at 14.95 seconds.
Packet sent at 14.96 seconds.
Packet sent at 14.96 seconds.
Packet sent at 14.98 seconds.
Packet sent at 14.99 seconds.
Packet sent at 15.00 seconds.
Packet sent at 15.01 seconds.
Packet sent at 15.03 seconds.
Packet sent at 15.04 seconds.
Packet sent at 15.05 seconds.
Packet sent at 15.06 seconds.
Packet sent at 15.07 seconds.
Packet sent at 15.08 seconds.
Packet sent at 15.09 seconds.
Packet sent at 15.11 seconds.
Packet sent at 15.12 seconds.
Packet sent at 15.13 seconds.
Packet sent at 15.14 seconds.
Packet sent at 15.15 seconds.
Packet sent at 15.17 seconds.
Packet sent at 15.18 seconds.
Packet sent at 15.19 seconds.
Packet sent at 15.20 seconds.
Packet sent at 15.21 seconds.
Packet sent at 15.23 seconds.
Packet sent at 15.24 seconds.
Packet sent at 15.25 seconds.
Packet sent at 15.26 seconds.
Packet sent at 15.27 seconds.
Packet sent at 15.29 seconds.
Packet sent at 15.30 seconds.
Packet sent at 15.31 seconds.
Packet sent at 15.32 seconds.
Packet sent at 15.33 seconds.
Packet sent at 15.34 seconds.
Packet sent at 15.35 seconds.
Packet sent at 15.37 seconds.
Packet sent at 15.38 seconds.
Packet sent at 15.39 seconds.
Packet sent at 15.40 seconds.
Packet sent at 15.41 seconds.
Packet sent at 15.43 seconds.
Packet sent at 15.44 seconds.
Packet sent at 15.45 seconds.
Packet sent at 15.46 seconds.
Packet sent at 15.47 seconds.
Packet sent at 15.49 seconds.
Packet sent at 15.50 seconds.
Packet sent at 15.51 seconds.
Packet sent at 15.52 seconds.
Packet sent at 15.53 seconds.
Packet sent at 15.55 seconds.
Packet sent at 15.56 seconds.
Packet sent at 15.57 seconds.
Packet sent at 15.58 seconds.
Packet sent at 15.60 seconds.
Packet sent at 15.60 seconds.
Packet sent at 15.62 seconds.
Packet sent at 15.63 seconds.
Packet sent at 15.64 seconds.
Packet sent at 15.65 seconds.
Packet sent at 15.67 seconds.
Packet sent at 15.68 seconds.
Packet sent at 15.69 seconds.
Packet sent at 15.70 seconds.
Packet sent at 15.71 seconds.
Packet sent at 15.72 seconds.
Packet sent at 15.73 seconds.
Packet sent at 15.75 seconds.
Packet sent at 15.76 seconds.
Packet sent at 15.76 seconds.
Packet sent at 15.78 seconds.
Packet sent at 15.79 seconds.
Packet sent at 15.80 seconds.
Packet sent at 15.81 seconds.
Packet sent at 15.83 seconds.
Packet sent at 15.83 seconds.
Packet sent at 15.85 seconds.
Packet sent at 15.86 seconds.
Packet sent at 15.87 seconds.
Packet sent at 15.88 seconds.
Packet sent at 15.90 seconds.
Packet sent at 15.90 seconds.
Packet sent at 15.92 seconds.
Packet sent at 15.93 seconds.
Packet sent at 15.94 seconds.
Packet sent at 15.96 seconds.
Packet sent at 15.96 seconds.
Packet sent at 15.98 seconds.
Packet sent at 15.99 seconds.
Packet sent at 16.00 seconds.
Packet sent at 16.02 seconds.
Packet sent at 16.03 seconds.
Packet sent at 16.04 seconds.
Packet sent at 16.05 seconds.
Packet sent at 16.06 seconds.
Packet sent at 16.08 seconds.
Packet sent at 16.09 seconds.
Packet sent at 16.10 seconds.
Packet sent at 16.11 seconds.
Packet sent at 16.13 seconds.
Packet sent at 16.14 seconds.
Packet sent at 16.15 seconds.
Packet sent at 16.16 seconds.
Packet sent at 16.17 seconds.
Packet sent at 16.19 seconds.
Packet sent at 16.20 seconds.
Packet sent at 16.21 seconds.
Packet sent at 16.22 seconds.
Packet sent at 16.23 seconds.
Packet sent at 16.24 seconds.
Packet sent at 16.26 seconds.
Packet sent at 16.27 seconds.
Packet sent at 16.28 seconds.
Packet sent at 16.30 seconds.
Packet sent at 16.31 seconds.
Packet sent at 16.33 seconds.
Packet sent at 16.33 seconds.
Packet sent at 16.35 seconds.
Packet sent at 16.37 seconds.
Packet sent at 16.38 seconds.
Packet sent at 16.39 seconds.
Packet sent at 16.41 seconds.
Packet sent at 16.41 seconds.
Packet sent at 16.43 seconds.
Packet sent at 16.44 seconds.
Packet sent at 16.46 seconds.
Packet sent at 16.47 seconds.
Packet sent at 16.48 seconds.
Packet sent at 16.49 seconds.
Packet sent at 16.50 seconds.
Packet sent at 16.52 seconds.
Packet sent at 16.53 seconds.
Packet sent at 16.54 seconds.
Packet sent at 16.55 seconds.
Packet sent at 16.57 seconds.
Packet sent at 16.58 seconds.
Packet sent at 16.59 seconds.
Packet sent at 16.60 seconds.
Packet sent at 16.62 seconds.
Packet sent at 16.63 seconds.
Packet sent at 16.64 seconds.
Packet sent at 16.66 seconds.
Packet sent at 16.67 seconds.
Packet sent at 16.68 seconds.
Packet sent at 16.70 seconds.
Packet sent at 16.70 seconds.
Packet sent at 16.74 seconds.
Packet sent at 16.76 seconds.
Packet sent at 16.77 seconds.
Packet sent at 16.78 seconds.
Packet sent at 16.79 seconds.
Packet sent at 16.81 seconds.
Packet sent at 16.82 seconds.
Packet sent at 16.84 seconds.
Packet sent at 16.85 seconds.
Packet sent at 16.86 seconds.
Packet sent at 16.88 seconds.
Packet sent at 16.89 seconds.
Packet sent at 16.90 seconds.
Packet sent at 16.91 seconds.
Packet sent at 16.92 seconds.
Packet sent at 16.94 seconds.
Packet sent at 16.95 seconds.
Packet sent at 16.96 seconds.
Packet sent at 16.97 seconds.
Packet sent at 16.99 seconds.
Packet sent at 16.99 seconds.
Packet sent at 17.01 seconds.
Packet sent at 17.02 seconds.
Packet sent at 17.03 seconds.
Packet sent at 17.04 seconds.
Packet sent at 17.05 seconds.
Packet sent at 17.07 seconds.
Packet sent at 17.08 seconds.
Packet sent at 17.09 seconds.
Packet sent at 17.10 seconds.
Packet sent at 17.11 seconds.
Packet sent at 17.12 seconds.
Packet sent at 17.13 seconds.
Packet sent at 17.14 seconds.
Packet sent at 17.15 seconds.
Packet sent at 17.17 seconds.
Packet sent at 17.18 seconds.
Packet sent at 17.19 seconds.
Packet sent at 17.20 seconds.
Packet sent at 17.21 seconds.
Packet sent at 17.23 seconds.
Packet sent at 17.24 seconds.
Packet sent at 17.25 seconds.
Packet sent at 17.26 seconds.
Packet sent at 17.27 seconds.
Packet sent at 17.28 seconds.
Packet sent at 17.29 seconds.
Packet sent at 17.31 seconds.
Packet sent at 17.32 seconds.
Packet sent at 17.32 seconds.
Packet sent at 17.34 seconds.
Packet sent at 17.35 seconds.
Packet sent at 17.36 seconds.
Packet sent at 17.37 seconds.
Packet sent at 17.39 seconds.
Packet sent at 17.40 seconds.
Packet sent at 17.41 seconds.
Packet sent at 17.43 seconds.
Packet sent at 17.44 seconds.
Packet sent at 17.45 seconds.
Packet sent at 17.46 seconds.
Packet sent at 17.47 seconds.
Packet sent at 17.48 seconds.
Packet sent at 17.50 seconds.
Packet sent at 17.51 seconds.
Packet sent at 17.52 seconds.
Packet sent at 17.54 seconds.
Packet sent at 17.55 seconds.
Packet sent at 17.56 seconds.
Packet sent at 17.57 seconds.
Packet sent at 17.58 seconds.
Packet sent at 17.59 seconds.
Packet sent at 17.61 seconds.
Packet sent at 17.62 seconds.
Packet sent at 17.63 seconds.
Packet sent at 17.64 seconds.
Packet sent at 17.65 seconds.
Packet sent at 17.67 seconds.
Packet sent at 17.71 seconds.
Packet sent at 17.73 seconds.
Packet sent at 17.74 seconds.
Packet sent at 17.75 seconds.
Packet sent at 17.77 seconds.
Packet sent at 17.78 seconds.
Packet sent at 17.79 seconds.
Packet sent at 17.80 seconds.
Packet sent at 17.82 seconds.
Packet sent at 17.83 seconds.
Packet sent at 17.84 seconds.
Packet sent at 17.85 seconds.
Packet sent at 17.86 seconds.
Packet sent at 17.88 seconds.
Packet sent at 17.89 seconds.
Packet sent at 17.90 seconds.
Packet sent at 17.91 seconds.
Packet sent at 17.93 seconds.
Packet sent at 17.94 seconds.
Packet sent at 17.95 seconds.
Packet sent at 17.96 seconds.
Packet sent at 17.97 seconds.
Packet sent at 17.99 seconds.
Packet sent at 18.00 seconds.
Packet sent at 18.01 seconds.
Packet sent at 18.02 seconds.
Packet sent at 18.03 seconds.
Packet sent at 18.05 seconds.
Packet sent at 18.06 seconds.
Packet sent at 18.07 seconds.
Packet sent at 18.08 seconds.
Packet sent at 18.09 seconds.
Packet sent at 18.11 seconds.
Packet sent at 18.12 seconds.
Packet sent at 18.13 seconds.
Packet sent at 18.14 seconds.
Packet sent at 18.15 seconds.
Packet sent at 18.16 seconds.
Packet sent at 18.18 seconds.
Packet sent at 18.19 seconds.
Packet sent at 18.20 seconds.
Packet sent at 18.22 seconds.
Packet sent at 18.22 seconds.
Packet sent at 18.24 seconds.
Packet sent at 18.25 seconds.
Packet sent at 18.26 seconds.
Packet sent at 18.27 seconds.
Packet sent at 18.28 seconds.
Packet sent at 18.30 seconds.
Packet sent at 18.31 seconds.
Packet sent at 18.32 seconds.
Packet sent at 18.33 seconds.
Packet sent at 18.35 seconds.
Packet sent at 18.36 seconds.
Packet sent at 18.37 seconds.
Packet sent at 18.39 seconds.
Packet sent at 18.40 seconds.
Packet sent at 18.41 seconds.
Packet sent at 18.43 seconds.
Packet sent at 18.44 seconds.
Packet sent at 18.45 seconds.
Packet sent at 18.47 seconds.
Packet sent at 18.48 seconds.
Packet sent at 18.48 seconds.
Packet sent at 18.50 seconds.
Packet sent at 18.51 seconds.
Packet sent at 18.52 seconds.
Packet sent at 18.54 seconds.
Packet sent at 18.54 seconds.
Packet sent at 18.56 seconds.
Packet sent at 18.57 seconds.
Packet sent at 18.58 seconds.
Packet sent at 18.59 seconds.
Packet sent at 18.61 seconds.
Packet sent at 18.62 seconds.
Packet sent at 18.63 seconds.
Packet sent at 18.64 seconds.
Packet sent at 18.65 seconds.
Packet sent at 18.67 seconds.
Packet sent at 18.68 seconds.
Packet sent at 18.69 seconds.
Packet sent at 18.70 seconds.
Packet sent at 18.71 seconds.
Packet sent at 18.73 seconds.
Packet sent at 18.74 seconds.
Packet sent at 18.74 seconds.
Packet sent at 18.76 seconds.
Packet sent at 18.77 seconds.
Packet sent at 18.78 seconds.
Packet sent at 18.79 seconds.
Packet sent at 18.80 seconds.
Packet sent at 18.82 seconds.
Packet sent at 18.83 seconds.
Packet sent at 18.84 seconds.
Packet sent at 18.85 seconds.
Packet sent at 18.87 seconds.
Packet sent at 18.87 seconds.
Packet sent at 18.89 seconds.
Packet sent at 18.90 seconds.
Packet sent at 18.91 seconds.
Packet sent at 18.92 seconds.
Packet sent at 18.93 seconds.
Packet sent at 18.95 seconds.
Packet sent at 18.96 seconds.
Packet sent at 18.97 seconds.
Packet sent at 18.98 seconds.
Packet sent at 18.99 seconds.
Packet sent at 19.01 seconds.
Packet sent at 19.02 seconds.
Packet sent at 19.03 seconds.
Packet sent at 19.04 seconds.
Packet sent at 19.05 seconds.
Packet sent at 19.06 seconds.
Packet sent at 19.08 seconds.
Packet sent at 19.09 seconds.
Packet sent at 19.10 seconds.
Packet sent at 19.11 seconds.
Packet sent at 19.12 seconds.
Packet sent at 19.13 seconds.
Packet sent at 19.14 seconds.
Packet sent at 19.16 seconds.
Packet sent at 19.16 seconds.
Packet sent at 19.18 seconds.
Packet sent at 19.19 seconds.
Packet sent at 19.20 seconds.
Packet sent at 19.21 seconds.
Packet sent at 19.23 seconds.
Packet sent at 19.24 seconds.
Packet sent at 19.25 seconds.
Packet sent at 19.26 seconds.
Packet sent at 19.27 seconds.
Packet sent at 19.28 seconds.
Packet sent at 19.29 seconds.
Packet sent at 19.30 seconds.
Packet sent at 19.31 seconds.
Packet sent at 19.32 seconds.
Packet sent at 19.32 seconds.
Packet sent at 19.33 seconds.
Packet sent at 19.34 seconds.
Packet sent at 19.35 seconds.
Packet sent at 19.36 seconds.
Packet sent at 19.37 seconds.
Packet sent at 19.37 seconds.
Packet sent at 19.38 seconds.
Packet sent at 19.39 seconds.
Packet sent at 19.41 seconds.
Packet sent at 19.42 seconds.
Packet sent at 19.43 seconds.
Packet sent at 19.44 seconds.
Packet sent at 19.46 seconds.
Packet sent at 19.47 seconds.
Packet sent at 19.48 seconds.
Packet sent at 19.49 seconds.
Packet sent at 19.50 seconds.
Packet sent at 19.51 seconds.
Packet sent at 19.52 seconds.
Packet sent at 19.54 seconds.
Packet sent at 19.55 seconds.
Packet sent at 19.56 seconds.
Packet sent at 19.57 seconds.
Packet sent at 19.58 seconds.
Packet sent at 19.60 seconds.
Packet sent at 19.61 seconds.
Packet sent at 19.62 seconds.
Packet sent at 19.63 seconds.
Packet sent at 19.64 seconds.
Packet sent at 19.65 seconds.
Packet sent at 19.66 seconds.
Packet sent at 19.67 seconds.
Packet sent at 19.68 seconds.
Packet sent at 19.70 seconds.
Packet sent at 19.71 seconds.
Packet sent at 19.72 seconds.
Packet sent at 19.73 seconds.
Packet sent at 19.74 seconds.
Packet sent at 19.75 seconds.
Packet sent at 19.77 seconds.
Packet sent at 19.78 seconds.
Packet sent at 19.79 seconds.
Packet sent at 19.81 seconds.
Packet sent at 19.82 seconds.
Packet sent at 19.83 seconds.
Packet sent at 19.84 seconds.
Packet sent at 19.86 seconds.
Packet sent at 19.86 seconds.
Packet sent at 19.88 seconds.
Packet sent at 19.90 seconds.
Packet sent at 19.90 seconds.
Packet sent at 19.91 seconds.
Packet sent at 19.92 seconds.
Packet sent at 19.94 seconds.
Packet sent at 19.95 seconds.
Packet sent at 19.96 seconds.
Packet sent at 19.97 seconds.
Packet sent at 19.98 seconds.
Packet sent at 19.99 seconds.
Packet sent at 20.01 seconds.
Packet sent at 20.02 seconds.
Packet sent at 20.03 seconds.
Packet sent at 20.04 seconds.
Packet sent at 20.05 seconds.
Packet sent at 20.07 seconds.
Packet sent at 20.08 seconds.
Packet sent at 20.09 seconds.
Packet sent at 20.10 seconds.
Packet sent at 20.11 seconds.
Packet sent at 20.13 seconds.
Packet sent at 20.14 seconds.
Packet sent at 20.15 seconds.
Packet sent at 20.16 seconds.
Packet sent at 20.17 seconds.
Packet sent at 20.18 seconds.
Packet sent at 20.19 seconds.
Packet sent at 20.21 seconds.
Packet sent at 20.22 seconds.
Packet sent at 20.23 seconds.
Packet sent at 20.24 seconds.
Packet sent at 20.26 seconds.
Packet sent at 20.26 seconds.
Packet sent at 20.28 seconds.
Packet sent at 20.29 seconds.
Packet sent at 20.30 seconds.
Packet sent at 20.31 seconds.
Packet sent at 20.32 seconds.
Packet sent at 20.33 seconds.
Packet sent at 20.34 seconds.
Packet sent at 20.35 seconds.
Packet sent at 20.37 seconds.
Packet sent at 20.38 seconds.
Packet sent at 20.39 seconds.
Packet sent at 20.41 seconds.
Packet sent at 20.42 seconds.
Packet sent at 20.43 seconds.
Packet sent at 20.45 seconds.
Packet sent at 20.46 seconds.
Packet sent at 20.47 seconds.
Packet sent at 20.48 seconds.
Packet sent at 20.49 seconds.
Packet sent at 20.51 seconds.
Packet sent at 20.52 seconds.
Packet sent at 20.53 seconds.
Packet sent at 20.54 seconds.
Packet sent at 20.55 seconds.
Packet sent at 20.56 seconds.
Packet sent at 20.57 seconds.
Packet sent at 20.58 seconds.
Packet sent at 20.59 seconds.
Packet sent at 20.61 seconds.
Packet sent at 20.62 seconds.
Packet sent at 20.64 seconds.
Packet sent at 20.65 seconds.
Packet sent at 20.65 seconds.
Packet sent at 20.67 seconds.
Packet sent at 20.68 seconds.
Packet sent at 20.69 seconds.
Packet sent at 20.71 seconds.
Packet sent at 20.72 seconds.
Packet sent at 20.73 seconds.
Packet sent at 20.74 seconds.
Packet sent at 20.76 seconds.
Packet sent at 20.77 seconds.
Packet sent at 20.78 seconds.
Packet sent at 20.78 seconds.
Packet sent at 20.82 seconds.
Packet sent at 20.84 seconds.
Packet sent at 20.86 seconds.
Packet sent at 20.87 seconds.
Packet sent at 20.88 seconds.
Packet sent at 20.89 seconds.
Packet sent at 20.91 seconds.
Packet sent at 20.92 seconds.
Packet sent at 20.93 seconds.
Packet sent at 20.95 seconds.
Packet sent at 20.99 seconds.
Packet sent at 21.01 seconds.
Packet sent at 21.03 seconds.
Packet sent at 21.04 seconds.
Packet sent at 21.04 seconds.
Packet sent at 21.06 seconds.
Packet sent at 21.07 seconds.
Packet sent at 21.09 seconds.
Packet sent at 21.10 seconds.
Packet sent at 21.11 seconds.
Packet sent at 21.12 seconds.
Packet sent at 21.13 seconds.
Packet sent at 21.14 seconds.
Packet sent at 21.16 seconds.
Packet sent at 21.17 seconds.
Packet sent at 21.18 seconds.
Packet sent at 21.19 seconds.
Packet sent at 21.21 seconds.
Packet sent at 21.22 seconds.
Packet sent at 21.23 seconds.
Packet sent at 21.24 seconds.
Packet sent at 21.25 seconds.
Packet sent at 21.26 seconds.
Packet sent at 21.28 seconds.
Packet sent at 21.29 seconds.
Packet sent at 21.30 seconds.
Packet sent at 21.31 seconds.
Packet sent at 21.32 seconds.
Packet sent at 21.34 seconds.
Packet sent at 21.35 seconds.
Packet sent at 21.36 seconds.
Packet sent at 21.37 seconds.
Packet sent at 21.39 seconds.
Packet sent at 21.40 seconds.
Packet sent at 21.41 seconds.
Packet sent at 21.42 seconds.
Packet sent at 21.43 seconds.
Packet sent at 21.45 seconds.
Packet sent at 21.46 seconds.
Packet sent at 21.47 seconds.
Packet sent at 21.48 seconds.
Packet sent at 21.50 seconds.
Packet sent at 21.51 seconds.
Packet sent at 21.52 seconds.
Packet sent at 21.53 seconds.
Packet sent at 21.55 seconds.
Packet sent at 21.56 seconds.
Packet sent at 21.57 seconds.
Packet sent at 21.58 seconds.
Packet sent at 21.59 seconds.
Packet sent at 21.60 seconds.
Packet sent at 21.62 seconds.
Packet sent at 21.64 seconds.
Packet sent at 21.65 seconds.
Packet sent at 21.66 seconds.
Packet sent at 21.67 seconds.
Packet sent at 21.68 seconds.
Packet sent at 21.70 seconds.
Packet sent at 21.71 seconds.
Packet sent at 21.72 seconds.
Packet sent at 21.73 seconds.
Packet sent at 21.75 seconds.
Packet sent at 21.76 seconds.
Packet sent at 21.77 seconds.
Packet sent at 21.78 seconds.
Packet sent at 21.79 seconds.
Packet sent at 21.81 seconds.
Packet sent at 21.82 seconds.
Packet sent at 21.82 seconds.
Packet sent at 21.84 seconds.
Packet sent at 21.85 seconds.
Packet sent at 21.86 seconds.
Packet sent at 21.88 seconds.
Packet sent at 21.89 seconds.
Packet sent at 21.90 seconds.
Packet sent at 21.91 seconds.
Packet sent at 21.92 seconds.
Packet sent at 21.94 seconds.
Packet sent at 21.95 seconds.
Packet sent at 21.96 seconds.
Packet sent at 21.97 seconds.
Packet sent at 21.99 seconds.
Packet sent at 21.99 seconds.
Packet sent at 22.01 seconds.
Packet sent at 22.02 seconds.
Packet sent at 22.03 seconds.
Packet sent at 22.04 seconds.
Packet sent at 22.05 seconds.
Packet sent at 22.06 seconds.
Packet sent at 22.08 seconds.
Packet sent at 22.09 seconds.
Packet sent at 22.10 seconds.
Packet sent at 22.11 seconds.
Packet sent at 22.12 seconds.
Packet sent at 22.14 seconds.
Packet sent at 22.15 seconds.
Packet sent at 22.16 seconds.
Packet sent at 22.17 seconds.
Packet sent at 22.18 seconds.
Packet sent at 22.20 seconds.
Packet sent at 22.21 seconds.
Packet sent at 22.22 seconds.
Packet sent at 22.23 seconds.
Packet sent at 22.25 seconds.
Packet sent at 22.26 seconds.
Packet sent at 22.27 seconds.
Packet sent at 22.28 seconds.
Packet sent at 22.29 seconds.
Packet sent at 22.31 seconds.
Packet sent at 22.32 seconds.
Packet sent at 22.32 seconds.
Packet sent at 22.34 seconds.
Packet sent at 22.35 seconds.
Packet sent at 22.37 seconds.
Packet sent at 22.37 seconds.
Packet sent at 22.39 seconds.
Packet sent at 22.40 seconds.
Packet sent at 22.41 seconds.
Packet sent at 22.42 seconds.
Packet sent at 22.43 seconds.
Packet sent at 22.58 seconds.
Packet sent at 22.59 seconds.
Packet sent at 22.60 seconds.
Packet sent at 22.61 seconds.
Packet sent at 22.63 seconds.
Packet sent at 22.64 seconds.
Packet sent at 22.65 seconds.
Packet sent at 22.66 seconds.
Packet sent at 22.67 seconds.
Packet sent at 22.68 seconds.
Packet sent at 22.69 seconds.
Packet sent at 22.71 seconds.
Packet sent at 22.72 seconds.
Packet sent at 22.73 seconds.
Packet sent at 22.74 seconds.
Packet sent at 22.75 seconds.
Packet sent at 22.77 seconds.
Packet sent at 22.78 seconds.
Packet sent at 22.79 seconds.
Packet sent at 22.80 seconds.
Packet sent at 22.81 seconds.
Packet sent at 22.83 seconds.
Packet sent at 22.84 seconds.
Packet sent at 22.85 seconds.
Packet sent at 22.86 seconds.
Packet sent at 22.87 seconds.
Packet sent at 22.88 seconds.
Packet sent at 22.90 seconds.
Packet sent at 22.91 seconds.
Packet sent at 22.92 seconds.
Packet sent at 22.93 seconds.
Packet sent at 22.94 seconds.
Packet sent at 22.96 seconds.
Packet sent at 22.97 seconds.
Packet sent at 22.98 seconds.
Packet sent at 22.99 seconds.
Packet sent at 23.01 seconds.
Packet sent at 23.01 seconds.
Packet sent at 23.03 seconds.
Packet sent at 23.04 seconds.
Packet sent at 23.05 seconds.
Packet sent at 23.06 seconds.
Packet sent at 23.08 seconds.
Packet sent at 23.08 seconds.
Packet sent at 23.10 seconds.
Packet sent at 23.11 seconds.
Packet sent at 23.13 seconds.
Packet sent at 23.14 seconds.
Packet sent at 23.16 seconds.
Packet sent at 23.16 seconds.
Packet sent at 23.17 seconds.
Packet sent at 23.19 seconds.
Packet sent at 23.20 seconds.
Packet sent at 23.21 seconds.
Packet sent at 23.23 seconds.
Packet sent at 23.23 seconds.
Packet sent at 23.25 seconds.
Packet sent at 23.26 seconds.
Packet sent at 23.27 seconds.
Packet sent at 23.29 seconds.
Packet sent at 23.29 seconds.
Packet sent at 23.30 seconds.
Packet sent at 23.32 seconds.
Packet sent at 23.33 seconds.
Packet sent at 23.34 seconds.
Packet sent at 23.35 seconds.
Packet sent at 23.37 seconds.
Packet sent at 23.37 seconds.
Packet sent at 23.39 seconds.
Packet sent at 23.40 seconds.
Packet sent at 23.41 seconds.
Packet sent at 23.43 seconds.
Packet sent at 23.44 seconds.
Packet sent at 23.45 seconds.
Packet sent at 23.46 seconds.
Packet sent at 23.47 seconds.
Packet sent at 23.49 seconds.
Packet sent at 23.50 seconds.
Packet sent at 23.51 seconds.
Packet sent at 23.53 seconds.
Packet sent at 23.54 seconds.
Packet sent at 23.55 seconds.
Packet sent at 23.56 seconds.
Packet sent at 23.57 seconds.
Packet sent at 23.58 seconds.
Packet sent at 23.60 seconds.
Packet sent at 23.61 seconds.
Packet sent at 23.62 seconds.
Packet sent at 23.64 seconds.
Packet sent at 23.65 seconds.
Packet sent at 23.66 seconds.
Packet sent at 23.67 seconds.
Packet sent at 23.68 seconds.
Packet sent at 23.69 seconds.
Packet sent at 23.70 seconds.
Packet sent at 23.72 seconds.
Packet sent at 23.73 seconds.
Packet sent at 23.74 seconds.
Packet sent at 23.75 seconds.
Packet sent at 23.76 seconds.
Packet sent at 23.77 seconds.
Packet sent at 23.79 seconds.
Packet sent at 23.80 seconds.
Packet sent at 23.81 seconds.
Packet sent at 23.82 seconds.
Packet sent at 23.83 seconds.
Packet sent at 23.84 seconds.
Packet sent at 23.86 seconds.
Packet sent at 23.87 seconds.
Packet sent at 23.88 seconds.
Packet sent at 23.89 seconds.
Packet sent at 23.90 seconds.
Packet sent at 23.92 seconds.
Packet sent at 23.93 seconds.
Packet sent at 23.94 seconds.
Packet sent at 23.95 seconds.
Packet sent at 23.97 seconds.
Packet sent at 23.98 seconds.
Packet sent at 23.99 seconds.
Packet sent at 24.01 seconds.
Packet sent at 24.02 seconds.
Packet sent at 24.03 seconds.
Packet sent at 24.05 seconds.
Packet sent at 24.05 seconds.
Packet sent at 24.06 seconds.
Packet sent at 24.08 seconds.
Packet sent at 24.09 seconds.
Packet sent at 24.10 seconds.
Packet sent at 24.12 seconds.
Packet sent at 24.13 seconds.
Packet sent at 24.14 seconds.
Packet sent at 24.16 seconds.
Packet sent at 24.17 seconds.
Packet sent at 24.18 seconds.
Packet sent at 24.19 seconds.
Packet sent at 24.20 seconds.
Packet sent at 24.22 seconds.
Packet sent at 24.23 seconds.
Packet sent at 24.24 seconds.
Packet sent at 24.26 seconds.
Packet sent at 24.27 seconds.
Packet sent at 24.28 seconds.
Packet sent at 24.30 seconds.
Packet sent at 24.31 seconds.
Packet sent at 24.32 seconds.
Packet sent at 24.33 seconds.
Packet sent at 24.35 seconds.
Packet sent at 24.36 seconds.
Packet sent at 24.37 seconds.
Packet sent at 24.37 seconds.
Packet sent at 24.39 seconds.
Packet sent at 24.40 seconds.
Packet sent at 24.41 seconds.
Packet sent at 24.46 seconds.
Packet sent at 24.48 seconds.
Packet sent at 24.49 seconds.
Packet sent at 24.50 seconds.
Packet sent at 24.52 seconds.
Packet sent at 24.53 seconds.
Packet sent at 24.54 seconds.
Packet sent at 24.56 seconds.
Packet sent at 24.57 seconds.
Packet sent at 24.58 seconds.
Packet sent at 24.59 seconds.
Packet sent at 24.61 seconds.
Packet sent at 24.62 seconds.
Packet sent at 24.63 seconds.
Packet sent at 24.65 seconds.
Packet sent at 24.66 seconds.
Packet sent at 24.67 seconds.
Packet sent at 24.68 seconds.
Packet sent at 24.69 seconds.
Packet sent at 24.71 seconds.
Packet sent at 24.72 seconds.
Packet sent at 24.76 seconds.
Packet sent at 24.78 seconds.
Packet sent at 24.79 seconds.
Packet sent at 24.81 seconds.
Packet sent at 24.82 seconds.
Packet sent at 24.83 seconds.
Packet sent at 24.85 seconds.
Packet sent at 24.86 seconds.
Packet sent at 24.87 seconds.
Packet sent at 24.88 seconds.
Packet sent at 24.90 seconds.
Packet sent at 24.91 seconds.
Packet sent at 24.93 seconds.
Packet sent at 24.94 seconds.
Packet sent at 24.95 seconds.
Packet sent at 24.96 seconds.
Packet sent at 24.97 seconds.
Packet sent at 24.99 seconds.
Packet sent at 25.01 seconds.
Packet sent at 25.01 seconds.
Packet sent at 25.02 seconds.
Packet sent at 25.04 seconds.
Packet sent at 25.05 seconds.
Packet sent at 25.06 seconds.
Packet sent at 25.08 seconds.
Packet sent at 25.09 seconds.
Packet sent at 25.10 seconds.
Packet sent at 25.11 seconds.
Packet sent at 25.12 seconds.
Packet sent at 25.14 seconds.
Packet sent at 25.15 seconds.
Packet sent at 25.16 seconds.
Packet sent at 25.17 seconds.
Packet sent at 25.18 seconds.
Packet sent at 25.19 seconds.
Packet sent at 25.20 seconds.
Packet sent at 25.22 seconds.
Packet sent at 25.23 seconds.
Packet sent at 25.24 seconds.
Packet sent at 25.25 seconds.
Packet sent at 25.27 seconds.
Packet sent at 25.28 seconds.
Packet sent at 25.29 seconds.
Packet sent at 25.30 seconds.
Packet sent at 25.31 seconds.
Packet sent at 25.33 seconds.
Packet sent at 25.34 seconds.
Packet sent at 25.35 seconds.
Packet sent at 25.36 seconds.
Packet sent at 25.37 seconds.
Packet sent at 25.39 seconds.
Packet sent at 25.40 seconds.
Packet sent at 25.41 seconds.
Packet sent at 25.42 seconds.
Packet sent at 25.43 seconds.
Packet sent at 25.45 seconds.
Packet sent at 25.46 seconds.
Packet sent at 25.47 seconds.
Packet sent at 25.49 seconds.
Packet sent at 25.50 seconds.
Packet sent at 25.51 seconds.
Packet sent at 25.52 seconds.
Packet sent at 25.53 seconds.
Packet sent at 25.54 seconds.
Packet sent at 25.56 seconds.
Packet sent at 25.57 seconds.
Packet sent at 25.58 seconds.
Packet sent at 25.59 seconds.
Packet sent at 25.60 seconds.
Packet sent at 25.61 seconds.
Packet sent at 25.63 seconds.
Packet sent at 25.64 seconds.
Packet sent at 25.66 seconds.
Packet sent at 25.67 seconds.
Packet sent at 25.67 seconds.
Packet sent at 25.69 seconds.
Packet sent at 25.70 seconds.
Packet sent at 25.71 seconds.
Packet sent at 25.72 seconds.
Packet sent at 25.73 seconds.
Packet sent at 25.74 seconds.
Packet sent at 25.75 seconds.
Packet sent at 25.77 seconds.
Packet sent at 25.78 seconds.
Packet sent at 25.79 seconds.
Packet sent at 25.81 seconds.
Packet sent at 25.82 seconds.
Packet sent at 25.83 seconds.
Packet sent at 25.84 seconds.
Packet sent at 25.85 seconds.
Packet sent at 25.86 seconds.
Packet sent at 25.87 seconds.
Packet sent at 25.88 seconds.
Packet sent at 25.90 seconds.
Packet sent at 25.91 seconds.
Packet sent at 25.92 seconds.
Packet sent at 25.93 seconds.
Packet sent at 25.95 seconds.
Packet sent at 25.96 seconds.
Packet sent at 25.97 seconds.
Packet sent at 25.99 seconds.
Packet sent at 26.00 seconds.
Packet sent at 26.02 seconds.
Packet sent at 26.02 seconds.
Packet sent at 26.04 seconds.
Packet sent at 26.05 seconds.
Packet sent at 26.07 seconds.
Packet sent at 26.07 seconds.
Packet sent at 26.09 seconds.
Packet sent at 26.10 seconds.
Packet sent at 26.11 seconds.
Packet sent at 26.12 seconds.
Packet sent at 26.14 seconds.
Packet sent at 26.15 seconds.
Packet sent at 26.16 seconds.
Packet sent at 26.17 seconds.
Packet sent at 26.19 seconds.
Packet sent at 26.20 seconds.
Packet sent at 26.21 seconds.
Packet sent at 26.22 seconds.
Packet sent at 26.23 seconds.
Packet sent at 26.24 seconds.
Packet sent at 26.25 seconds.
Packet sent at 26.27 seconds.
Packet sent at 26.27 seconds.
Packet sent at 26.29 seconds.
Packet sent at 26.30 seconds.
Packet sent at 26.31 seconds.
Packet sent at 26.32 seconds.
Packet sent at 26.33 seconds.
Packet sent at 26.35 seconds.
Packet sent at 26.35 seconds.
Packet sent at 26.37 seconds.
Packet sent at 26.38 seconds.
Packet sent at 26.39 seconds.
Packet sent at 26.40 seconds.
Packet sent at 26.42 seconds.
Packet sent at 26.42 seconds.
Packet sent at 26.44 seconds.
Packet sent at 26.46 seconds.
Packet sent at 26.46 seconds.
Packet sent at 26.47 seconds.
Packet sent at 26.49 seconds.
Packet sent at 26.50 seconds.
Packet sent at 26.51 seconds.
Packet sent at 26.53 seconds.
Packet sent at 26.54 seconds.
Packet sent at 26.55 seconds.
Packet sent at 26.56 seconds.
Packet sent at 26.57 seconds.
Packet sent at 26.59 seconds.
Packet sent at 26.60 seconds.
Packet sent at 26.61 seconds.
Packet sent at 26.62 seconds.
Packet sent at 26.63 seconds.
Packet sent at 26.65 seconds.
Packet sent at 26.66 seconds.
Packet sent at 26.67 seconds.
Packet sent at 26.68 seconds.
Packet sent at 26.69 seconds.
Packet sent at 26.71 seconds.
Packet sent at 26.72 seconds.
Packet sent at 26.73 seconds.
Packet sent at 26.74 seconds.
Packet sent at 26.75 seconds.
Packet sent at 26.76 seconds.
Packet sent at 26.77 seconds.
Packet sent at 26.79 seconds.
Packet sent at 26.80 seconds.
Packet sent at 26.81 seconds.
Packet sent at 26.82 seconds.
Packet sent at 26.83 seconds.
Packet sent at 26.84 seconds.
Packet sent at 26.86 seconds.
Packet sent at 26.88 seconds.
Packet sent at 26.89 seconds.
Packet sent at 26.90 seconds.
Packet sent at 26.92 seconds.
Packet sent at 26.93 seconds.
Packet sent at 26.94 seconds.
Packet sent at 26.95 seconds.
Packet sent at 26.96 seconds.
Packet sent at 26.97 seconds.
Packet sent at 26.99 seconds.
Packet sent at 27.00 seconds.
Packet sent at 27.01 seconds.
Packet sent at 27.02 seconds.
Packet sent at 27.04 seconds.
Packet sent at 27.05 seconds.
Packet sent at 27.06 seconds.
Packet sent at 27.07 seconds.
Packet sent at 27.08 seconds.
Packet sent at 27.09 seconds.
Packet sent at 27.11 seconds.
Packet sent at 27.12 seconds.
Packet sent at 27.14 seconds.
Packet sent at 27.14 seconds.
Packet sent at 27.15 seconds.
Packet sent at 27.16 seconds.
Packet sent at 27.18 seconds.
Packet sent at 27.19 seconds.
Packet sent at 27.20 seconds.
Packet sent at 27.21 seconds.
Packet sent at 27.23 seconds.
Packet sent at 27.24 seconds.
Packet sent at 27.25 seconds.
Packet sent at 27.26 seconds.
Packet sent at 27.28 seconds.
Packet sent at 27.29 seconds.
Packet sent at 27.30 seconds.
Packet sent at 27.31 seconds.
Packet sent at 27.32 seconds.
Packet sent at 27.34 seconds.
Packet sent at 27.35 seconds.
Packet sent at 27.36 seconds.
Packet sent at 27.38 seconds.
Packet sent at 27.39 seconds.
Packet sent at 27.40 seconds.
Packet sent at 27.41 seconds.
Packet sent at 27.42 seconds.
Packet sent at 27.43 seconds.
Packet sent at 27.44 seconds.
Packet sent at 27.46 seconds.
Packet sent at 27.47 seconds.
Packet sent at 27.48 seconds.
Packet sent at 27.49 seconds.
Packet sent at 27.51 seconds.
Packet sent at 27.52 seconds.
Packet sent at 27.53 seconds.
Packet sent at 27.54 seconds.
Packet sent at 27.55 seconds.
Packet sent at 27.57 seconds.
Packet sent at 27.58 seconds.
Packet sent at 27.59 seconds.
Packet sent at 27.60 seconds.
Packet sent at 27.61 seconds.
Packet sent at 27.63 seconds.
Packet sent at 27.64 seconds.
Packet sent at 27.65 seconds.
Packet sent at 27.67 seconds.
Packet sent at 27.67 seconds.
Packet sent at 27.68 seconds.
Packet sent at 27.70 seconds.
Packet sent at 27.71 seconds.
Packet sent at 27.72 seconds.
Packet sent at 27.73 seconds.
Packet sent at 27.74 seconds.
Packet sent at 27.75 seconds.
Packet sent at 27.77 seconds.
Packet sent at 27.78 seconds.
Packet sent at 27.79 seconds.
Packet sent at 27.80 seconds.
Packet sent at 27.84 seconds.
Packet sent at 27.86 seconds.
Packet sent at 27.87 seconds.
Packet sent at 27.89 seconds.
Packet sent at 27.90 seconds.
Packet sent at 27.91 seconds.
Packet sent at 27.92 seconds.
Packet sent at 27.94 seconds.
Packet sent at 27.95 seconds.
Packet sent at 27.97 seconds.
Packet sent at 27.98 seconds.
Packet sent at 27.99 seconds.
Packet sent at 28.00 seconds.
Packet sent at 28.02 seconds.
Packet sent at 28.03 seconds.
Packet sent at 28.04 seconds.
Packet sent at 28.05 seconds.
Packet sent at 28.07 seconds.
Packet sent at 28.08 seconds.
Packet sent at 28.09 seconds.
Packet sent at 28.10 seconds.
Packet sent at 28.11 seconds.
Packet sent at 28.12 seconds.
Packet sent at 28.14 seconds.
Packet sent at 28.15 seconds.
Packet sent at 28.17 seconds.
Packet sent at 28.17 seconds.
Packet sent at 28.19 seconds.
Packet sent at 28.20 seconds.
Packet sent at 28.21 seconds.
Packet sent at 28.22 seconds.
Packet sent at 28.23 seconds.
Packet sent at 28.25 seconds.
Packet sent at 28.26 seconds.
Packet sent at 28.27 seconds.
Packet sent at 28.28 seconds.
Packet sent at 28.30 seconds.
Packet sent at 28.30 seconds.
Packet sent at 28.32 seconds.
Packet sent at 28.33 seconds.
Packet sent at 28.34 seconds.
Packet sent at 28.35 seconds.
Packet sent at 28.36 seconds.
Packet sent at 28.37 seconds.
Packet sent at 28.39 seconds.
Packet sent at 28.40 seconds.
Packet sent at 28.42 seconds.
Packet sent at 28.43 seconds.
Packet sent at 28.44 seconds.
Packet sent at 28.45 seconds.
Packet sent at 28.46 seconds.
Packet sent at 28.48 seconds.
Packet sent at 28.49 seconds.
Packet sent at 28.50 seconds.
Packet sent at 28.51 seconds.
Packet sent at 28.52 seconds.
Packet sent at 28.53 seconds.
Packet sent at 28.55 seconds.
Packet sent at 28.56 seconds.
Packet sent at 28.57 seconds.
Packet sent at 28.58 seconds.
Packet sent at 28.60 seconds.
Packet sent at 28.61 seconds.
Packet sent at 28.62 seconds.
Packet sent at 28.63 seconds.
Packet sent at 28.64 seconds.
Packet sent at 28.65 seconds.
Packet sent at 28.67 seconds.
Packet sent at 28.68 seconds.
Packet sent at 28.69 seconds.
Packet sent at 28.72 seconds.
Packet sent at 28.74 seconds.
Packet sent at 28.77 seconds.
Packet sent at 28.78 seconds.
Packet sent at 28.80 seconds.
Packet sent at 28.81 seconds.
Packet sent at 28.82 seconds.
Packet sent at 28.83 seconds.
Packet sent at 28.85 seconds.
Packet sent at 28.86 seconds.
Packet sent at 28.87 seconds.
Packet sent at 28.88 seconds.
Packet sent at 28.90 seconds.
Packet sent at 28.91 seconds.
Packet sent at 28.92 seconds.
Packet sent at 28.93 seconds.
Packet sent at 28.95 seconds.
Packet sent at 28.96 seconds.
Packet sent at 28.97 seconds.
Packet sent at 28.98 seconds.
Packet sent at 28.99 seconds.
Packet sent at 29.00 seconds.
Packet sent at 29.02 seconds.
Packet sent at 29.03 seconds.
Packet sent at 29.04 seconds.
Packet sent at 29.05 seconds.
Packet sent at 29.06 seconds.
Packet sent at 29.07 seconds.
Packet sent at 29.08 seconds.
Packet sent at 29.09 seconds.
Packet sent at 29.11 seconds.
Packet sent at 29.12 seconds.
Packet sent at 29.13 seconds.
Packet sent at 29.14 seconds.
Packet sent at 29.16 seconds.
Packet sent at 29.16 seconds.
Packet sent at 29.18 seconds.
Packet sent at 29.19 seconds.
Packet sent at 29.21 seconds.
Packet sent at 29.22 seconds.
Packet sent at 29.23 seconds.
Packet sent at 29.24 seconds.
Packet sent at 29.25 seconds.
Packet sent at 29.27 seconds.
Packet sent at 29.28 seconds.
Packet sent at 29.29 seconds.
Packet sent at 29.30 seconds.
Packet sent at 29.32 seconds.
Packet sent at 29.32 seconds.
Packet sent at 29.33 seconds.
Packet sent at 29.34 seconds.
Packet sent at 29.36 seconds.
Packet sent at 29.37 seconds.
Packet sent at 29.39 seconds.
Packet sent at 29.39 seconds.
Packet sent at 29.41 seconds.
Packet sent at 29.41 seconds.
Packet sent at 29.43 seconds.
Packet sent at 29.44 seconds.
Packet sent at 29.46 seconds.
Packet sent at 29.47 seconds.
Packet sent at 29.48 seconds.
Packet sent at 29.49 seconds.
Packet sent at 29.50 seconds.
Packet sent at 29.51 seconds.
Packet sent at 29.53 seconds.
Packet sent at 29.54 seconds.
Packet sent at 29.55 seconds.
Packet sent at 29.57 seconds.
Packet sent at 29.58 seconds.
Packet sent at 29.59 seconds.
Packet sent at 29.60 seconds.
Packet sent at 29.61 seconds.
Packet sent at 29.62 seconds.
Packet sent at 29.64 seconds.
Packet sent at 29.65 seconds.
Packet sent at 29.66 seconds.
Packet sent at 29.68 seconds.
Packet sent at 29.69 seconds.
Packet sent at 29.69 seconds.
Packet sent at 29.71 seconds.
Packet sent at 29.72 seconds.
Packet sent at 29.73 seconds.
Packet sent at 29.74 seconds.
Packet sent at 29.75 seconds.
Packet sent at 29.76 seconds.
Packet sent at 29.78 seconds.
Packet sent at 29.79 seconds.
Packet sent at 29.80 seconds.
Packet sent at 29.81 seconds.
Packet sent at 29.82 seconds.
Packet sent at 29.83 seconds.
Packet sent at 29.85 seconds.
Packet sent at 29.86 seconds.
Packet sent at 29.87 seconds.
Packet sent at 29.88 seconds.
Packet sent at 29.89 seconds.
Packet sent at 29.91 seconds.
Packet sent at 29.92 seconds.
Packet sent at 29.93 seconds.
Packet sent at 29.95 seconds.
Packet sent at 29.96 seconds.
Packet sent at 29.97 seconds.
Packet sent at 29.98 seconds.
Packet sent at 30.00 seconds.
Packet sent at 30.01 seconds.
Packet sent at 30.02 seconds.
Packet sent at 30.03 seconds.
Packet sent at 30.04 seconds.
Packet sent at 30.05 seconds.
Packet sent at 30.07 seconds.
Packet sent at 30.08 seconds.
Packet sent at 30.09 seconds.
Packet sent at 30.10 seconds.
Packet sent at 30.12 seconds.
Packet sent at 30.12 seconds.
Packet sent at 30.14 seconds.
Packet sent at 30.15 seconds.
Packet sent at 30.16 seconds.
Packet sent at 30.17 seconds.
Packet sent at 30.18 seconds.
Packet sent at 30.20 seconds.
Packet sent at 30.21 seconds.
Packet sent at 30.22 seconds.
Packet sent at 30.23 seconds.
Packet sent at 30.24 seconds.
Packet sent at 30.26 seconds.
Packet sent at 30.26 seconds.
Packet sent at 30.28 seconds.
Packet sent at 30.29 seconds.
Packet sent at 30.31 seconds.
Packet sent at 30.32 seconds.
Packet sent at 30.33 seconds.
Packet sent at 30.35 seconds.
Packet sent at 30.35 seconds.
Packet sent at 30.37 seconds.
Packet sent at 30.38 seconds.
Packet sent at 30.39 seconds.
Packet sent at 30.40 seconds.
Packet sent at 30.41 seconds.
Packet sent at 30.42 seconds.
Packet sent at 30.43 seconds.
Packet sent at 30.45 seconds.
Packet sent at 30.46 seconds.
Packet sent at 30.47 seconds.
Packet sent at 30.48 seconds.
Packet sent at 30.49 seconds.
Packet sent at 30.50 seconds.
Packet sent at 30.51 seconds.
Packet sent at 30.53 seconds.
Packet sent at 30.54 seconds.
Packet sent at 30.55 seconds.
Packet sent at 30.56 seconds.
Packet sent at 30.57 seconds.
Packet sent at 30.58 seconds.
Packet sent at 30.59 seconds.
Packet sent at 30.61 seconds.
Packet sent at 30.62 seconds.
Packet sent at 30.63 seconds.
Packet sent at 30.65 seconds.
Packet sent at 30.66 seconds.
Packet sent at 30.68 seconds.
Packet sent at 30.70 seconds.
Packet sent at 30.73 seconds.
Packet sent at 30.76 seconds.
Packet sent at 30.80 seconds.
Packet sent at 30.81 seconds.
Packet sent at 30.82 seconds.
Packet sent at 30.83 seconds.
Packet sent at 30.85 seconds.
Packet sent at 30.86 seconds.
Packet sent at 30.87 seconds.
Packet sent at 30.88 seconds.
Packet sent at 30.90 seconds.
Packet sent at 30.91 seconds.
Packet sent at 30.92 seconds.
Packet sent at 30.93 seconds.
Packet sent at 30.95 seconds.
Packet sent at 30.96 seconds.
Packet sent at 30.97 seconds.
Packet sent at 30.98 seconds.
Packet sent at 30.99 seconds.
Packet sent at 31.00 seconds.
Packet sent at 31.02 seconds.
Packet sent at 31.03 seconds.
Packet sent at 31.04 seconds.
Packet sent at 31.05 seconds.
Packet sent at 31.06 seconds.
Packet sent at 31.08 seconds.
Packet sent at 31.09 seconds.
Packet sent at 31.10 seconds.
Packet sent at 31.11 seconds.
Packet sent at 31.13 seconds.
Packet sent at 31.14 seconds.
Packet sent at 31.15 seconds.
Packet sent at 31.16 seconds.
Packet sent at 31.18 seconds.
Packet sent at 31.18 seconds.
Packet sent at 31.20 seconds.
Packet sent at 31.20 seconds.
Packet sent at 31.22 seconds.
Packet sent at 31.23 seconds.
Packet sent at 31.24 seconds.
Packet sent at 31.28 seconds.
Packet sent at 31.30 seconds.
Packet sent at 31.31 seconds.
Packet sent at 31.33 seconds.
Packet sent at 31.34 seconds.
Packet sent at 31.35 seconds.
Packet sent at 31.37 seconds.
Packet sent at 31.38 seconds.
Packet sent at 31.39 seconds.
Packet sent at 31.40 seconds.
Packet sent at 31.41 seconds.
Packet sent at 31.43 seconds.
Packet sent at 31.44 seconds.
Packet sent at 31.45 seconds.
Packet sent at 31.46 seconds.
Packet sent at 31.47 seconds.
Packet sent at 31.49 seconds.
Packet sent at 31.50 seconds.
Packet sent at 31.51 seconds.
Packet sent at 31.52 seconds.
Packet sent at 31.55 seconds.
Packet sent at 31.55 seconds.
Packet sent at 31.56 seconds.
Packet sent at 31.58 seconds.
Packet sent at 31.59 seconds.
Packet sent at 31.60 seconds.
Packet sent at 31.62 seconds.
Packet sent at 31.62 seconds.
Packet sent at 31.64 seconds.
Packet sent at 31.64 seconds.
Packet sent at 31.66 seconds.
Packet sent at 31.67 seconds.
Packet sent at 31.68 seconds.
Packet sent at 31.70 seconds.
Packet sent at 31.71 seconds.
Packet sent at 31.72 seconds.
Packet sent at 31.73 seconds.
Packet sent at 31.75 seconds.
Packet sent at 31.76 seconds.
Packet sent at 31.77 seconds.
Packet sent at 31.78 seconds.
Packet sent at 31.80 seconds.
Packet sent at 31.81 seconds.
Packet sent at 31.82 seconds.
Packet sent at 31.84 seconds.
Packet sent at 31.85 seconds.
Packet sent at 31.86 seconds.
Packet sent at 31.88 seconds.
Packet sent at 31.89 seconds.
Packet sent at 31.90 seconds.
Packet sent at 31.92 seconds.
Packet sent at 31.93 seconds.
Packet sent at 31.94 seconds.
Packet sent at 31.95 seconds.
Packet sent at 31.96 seconds.
Packet sent at 31.97 seconds.
Packet sent at 31.99 seconds.
Packet sent at 32.00 seconds.
Packet sent at 32.00 seconds.
Packet sent at 32.02 seconds.
Packet sent at 32.03 seconds.
Packet sent at 32.04 seconds.
Packet sent at 32.05 seconds.
Packet sent at 32.07 seconds.
Packet sent at 32.08 seconds.
Packet sent at 32.10 seconds.
Packet sent at 32.11 seconds.
Packet sent at 32.12 seconds.
Packet sent at 32.13 seconds.
Packet sent at 32.14 seconds.
Packet sent at 32.15 seconds.
Packet sent at 32.17 seconds.
Packet sent at 32.17 seconds.
Packet sent at 32.19 seconds.
Packet sent at 32.20 seconds.
Packet sent at 32.21 seconds.
Packet sent at 32.23 seconds.
Packet sent at 32.24 seconds.
Packet sent at 32.25 seconds.
Packet sent at 32.26 seconds.
Packet sent at 32.27 seconds.
Packet sent at 32.28 seconds.
Packet sent at 32.30 seconds.
Packet sent at 32.31 seconds.
Packet sent at 32.32 seconds.
Packet sent at 32.33 seconds.
Packet sent at 32.35 seconds.
Packet sent at 32.36 seconds.
Packet sent at 32.37 seconds.
Packet sent at 32.38 seconds.
Packet sent at 32.39 seconds.
Packet sent at 32.41 seconds.
Packet sent at 32.42 seconds.
Packet sent at 32.43 seconds.
Packet sent at 32.44 seconds.
Packet sent at 32.46 seconds.
Packet sent at 32.47 seconds.
Packet sent at 32.48 seconds.
Packet sent at 32.50 seconds.
Packet sent at 32.51 seconds.
Packet sent at 32.52 seconds.
Packet sent at 32.53 seconds.
Packet sent at 32.54 seconds.
Packet sent at 32.56 seconds.
Packet sent at 32.57 seconds.
Packet sent at 32.58 seconds.
Packet sent at 32.59 seconds.
Packet sent at 32.60 seconds.
Packet sent at 32.62 seconds.
Packet sent at 32.62 seconds.
Packet sent at 32.64 seconds.
Packet sent at 32.65 seconds.
Packet sent at 32.66 seconds.
Packet sent at 32.68 seconds.
Packet sent at 32.69 seconds.
Packet sent at 32.71 seconds.
Packet sent at 32.74 seconds.
Packet sent at 32.76 seconds.
Packet sent at 32.77 seconds.
Packet sent at 32.79 seconds.
Packet sent at 32.80 seconds.
Packet sent at 32.82 seconds.
Packet sent at 32.83 seconds.
Packet sent at 32.84 seconds.
Packet sent at 32.85 seconds.
Packet sent at 32.86 seconds.
Packet sent at 32.87 seconds.
Packet sent at 32.89 seconds.
Packet sent at 32.90 seconds.
Packet sent at 32.91 seconds.
Packet sent at 32.93 seconds.
Packet sent at 32.94 seconds.
Packet sent at 32.95 seconds.
Packet sent at 32.96 seconds.
Packet sent at 32.97 seconds.
Packet sent at 32.98 seconds.
Packet sent at 32.99 seconds.
Packet sent at 33.01 seconds.
Packet sent at 33.02 seconds.
Packet sent at 33.03 seconds.
Packet sent at 33.04 seconds.
Packet sent at 33.06 seconds.
Packet sent at 33.06 seconds.
Packet sent at 33.08 seconds.
Packet sent at 33.09 seconds.
Packet sent at 33.10 seconds.
Packet sent at 33.11 seconds.
Packet sent at 33.13 seconds.
Packet sent at 33.14 seconds.
Packet sent at 33.15 seconds.
Packet sent at 33.16 seconds.
Packet sent at 33.17 seconds.
Packet sent at 33.18 seconds.
Packet sent at 33.20 seconds.
Packet sent at 33.21 seconds.
Packet sent at 33.22 seconds.
Packet sent at 33.23 seconds.
Packet sent at 33.24 seconds.
Packet sent at 33.25 seconds.
Packet sent at 33.26 seconds.
Packet sent at 33.28 seconds.
Packet sent at 33.29 seconds.
Packet sent at 33.30 seconds.
Packet sent at 33.31 seconds.
Packet sent at 33.33 seconds.
Packet sent at 33.33 seconds.
Packet sent at 33.35 seconds.
Packet sent at 33.35 seconds.
Packet sent at 33.37 seconds.
Packet sent at 33.38 seconds.
Packet sent at 33.39 seconds.
Packet sent at 33.41 seconds.
Packet sent at 33.42 seconds.
Packet sent at 33.43 seconds.
Packet sent at 33.45 seconds.
Packet sent at 33.46 seconds.
Packet sent at 33.48 seconds.
Packet sent at 33.49 seconds.
Packet sent at 33.50 seconds.
Packet sent at 33.51 seconds.
Packet sent at 33.53 seconds.
Packet sent at 33.54 seconds.
Packet sent at 33.55 seconds.
Packet sent at 33.56 seconds.
Packet sent at 33.57 seconds.
Packet sent at 33.58 seconds.
Packet sent at 33.60 seconds.
Packet sent at 33.61 seconds.
Packet sent at 33.62 seconds.
Packet sent at 33.63 seconds.
Packet sent at 33.65 seconds.
Packet sent at 33.66 seconds.
Packet sent at 33.67 seconds.
Packet sent at 33.69 seconds.
Packet sent at 33.69 seconds.
Packet sent at 33.71 seconds.
Packet sent at 33.73 seconds.
Packet sent at 33.73 seconds.
Packet sent at 33.74 seconds.
Packet sent at 33.76 seconds.
Packet sent at 33.78 seconds.
Packet sent at 33.78 seconds.
Packet sent at 33.80 seconds.
Packet sent at 33.81 seconds.
Packet sent at 33.83 seconds.
Packet sent at 33.83 seconds.
Packet sent at 33.85 seconds.
Packet sent at 33.86 seconds.
Packet sent at 33.87 seconds.
Packet sent at 33.89 seconds.
Packet sent at 33.90 seconds.
Packet sent at 33.91 seconds.
Packet sent at 33.92 seconds.
Packet sent at 33.93 seconds.
Packet sent at 33.95 seconds.
Packet sent at 33.96 seconds.
Packet sent at 33.97 seconds.
Packet sent at 33.98 seconds.
Packet sent at 34.00 seconds.
Packet sent at 34.00 seconds.
Packet sent at 34.02 seconds.
Packet sent at 34.03 seconds.
Packet sent at 34.04 seconds.
Packet sent at 34.05 seconds.
Packet sent at 34.06 seconds.
Packet sent at 34.08 seconds.
Packet sent at 34.09 seconds.
Packet sent at 34.10 seconds.
Packet sent at 34.11 seconds.
Packet sent at 34.13 seconds.
Packet sent at 34.14 seconds.
Packet sent at 34.15 seconds.
Packet sent at 34.16 seconds.
Packet sent at 34.18 seconds.
Packet sent at 34.19 seconds.
Packet sent at 34.20 seconds.
Packet sent at 34.21 seconds.
Packet sent at 34.23 seconds.
Packet sent at 34.24 seconds.
Packet sent at 34.25 seconds.
Packet sent at 34.26 seconds.
Packet sent at 34.27 seconds.
Packet sent at 34.29 seconds.
Packet sent at 34.30 seconds.
Packet sent at 34.31 seconds.
Packet sent at 34.32 seconds.
Packet sent at 34.34 seconds.
Packet sent at 34.35 seconds.
Packet sent at 34.36 seconds.
Packet sent at 34.38 seconds.
Packet sent at 34.39 seconds.
Packet sent at 34.39 seconds.
Packet sent at 34.41 seconds.
Packet sent at 34.42 seconds.
Packet sent at 34.43 seconds.
Packet sent at 34.45 seconds.
Packet sent at 34.45 seconds.
Packet sent at 34.47 seconds.
Packet sent at 34.48 seconds.
Packet sent at 34.49 seconds.
Packet sent at 34.50 seconds.
Packet sent at 34.51 seconds.
Packet sent at 34.52 seconds.
Packet sent at 34.53 seconds.
Packet sent at 34.55 seconds.
Packet sent at 34.56 seconds.
Packet sent at 34.57 seconds.
Packet sent at 34.58 seconds.
Packet sent at 34.59 seconds.
Packet sent at 34.61 seconds.
Packet sent at 34.62 seconds.
Packet sent at 34.63 seconds.
Packet sent at 34.64 seconds.
Packet sent at 34.68 seconds.
Packet sent at 34.70 seconds.
Packet sent at 34.72 seconds.
Packet sent at 34.74 seconds.
Packet sent at 34.75 seconds.
Packet sent at 34.76 seconds.
Packet sent at 34.78 seconds.
Packet sent at 34.79 seconds.
Packet sent at 34.81 seconds.
Packet sent at 34.82 seconds.
Packet sent at 34.83 seconds.
Packet sent at 34.84 seconds.
Packet sent at 34.85 seconds.
Packet sent at 34.86 seconds.
Packet sent at 34.87 seconds.
Packet sent at 34.89 seconds.
Packet sent at 34.90 seconds.
Packet sent at 34.91 seconds.
Packet sent at 34.92 seconds.
Packet sent at 34.93 seconds.
Packet sent at 34.95 seconds.
Packet sent at 34.96 seconds.
Packet sent at 34.97 seconds.
Packet sent at 34.98 seconds.
Packet sent at 34.99 seconds.
Packet sent at 35.01 seconds.
Packet sent at 35.02 seconds.
Packet sent at 35.03 seconds.
Packet sent at 35.05 seconds.
Packet sent at 35.06 seconds.
Packet sent at 35.07 seconds.
Packet sent at 35.09 seconds.
Packet sent at 35.10 seconds.
Packet sent at 35.11 seconds.
Packet sent at 35.13 seconds.
Packet sent at 35.14 seconds.
Packet sent at 35.15 seconds.
Packet sent at 35.16 seconds.
Packet sent at 35.17 seconds.
Packet sent at 35.19 seconds.
Packet sent at 35.19 seconds.
Packet sent at 35.20 seconds.
Packet sent at 35.22 seconds.
Packet sent at 35.24 seconds.
Packet sent at 35.25 seconds.
Packet sent at 35.25 seconds.
Packet sent at 35.27 seconds.
Packet sent at 35.28 seconds.
Packet sent at 35.29 seconds.
Packet sent at 35.30 seconds.
Packet sent at 35.32 seconds.
Packet sent at 35.33 seconds.
Packet sent at 35.34 seconds.
Packet sent at 35.35 seconds.
Packet sent at 35.37 seconds.
Packet sent at 35.38 seconds.
Packet sent at 35.39 seconds.
Packet sent at 35.40 seconds.
Packet sent at 35.42 seconds.
Packet sent at 35.44 seconds.
Packet sent at 35.45 seconds.
Packet sent at 35.46 seconds.
Packet sent at 35.46 seconds.
Packet sent at 35.48 seconds.
Packet sent at 35.50 seconds.
Packet sent at 35.50 seconds.
Packet sent at 35.52 seconds.
Packet sent at 35.53 seconds.
Packet sent at 35.54 seconds.
Packet sent at 35.56 seconds.
Packet sent at 35.57 seconds.
Packet sent at 35.58 seconds.
Packet sent at 35.58 seconds.
Packet sent at 35.60 seconds.
Packet sent at 35.61 seconds.
Packet sent at 35.63 seconds.
Packet sent at 35.64 seconds.
Packet sent at 35.65 seconds.
Packet sent at 35.66 seconds.
Packet sent at 35.67 seconds.
Packet sent at 35.68 seconds.
Packet sent at 35.69 seconds.
Packet sent at 35.71 seconds.
Packet sent at 35.72 seconds.
Packet sent at 35.73 seconds.
Packet sent at 35.74 seconds.
Packet sent at 35.75 seconds.
Packet sent at 35.77 seconds.
Packet sent at 35.78 seconds.
Packet sent at 35.79 seconds.
Packet sent at 35.80 seconds.
Packet sent at 35.82 seconds.
Packet sent at 35.86 seconds.
Packet sent at 35.87 seconds.
Packet sent at 35.88 seconds.
Packet sent at 35.90 seconds.
Packet sent at 35.91 seconds.
Packet sent at 35.93 seconds.
Packet sent at 35.94 seconds.
Packet sent at 35.95 seconds.
Packet sent at 35.96 seconds.
Packet sent at 35.97 seconds.
Packet sent at 35.98 seconds.
Packet sent at 35.99 seconds.
Packet sent at 36.01 seconds.
Packet sent at 36.02 seconds.
Packet sent at 36.03 seconds.
Packet sent at 36.04 seconds.
Packet sent at 36.05 seconds.
Packet sent at 36.07 seconds.
Packet sent at 36.08 seconds.
Packet sent at 36.09 seconds.
Packet sent at 36.10 seconds.
Packet sent at 36.11 seconds.
Packet sent at 36.13 seconds.
Packet sent at 36.14 seconds.
Packet sent at 36.15 seconds.
Packet sent at 36.16 seconds.
Packet sent at 36.17 seconds.
Packet sent at 36.19 seconds.
Packet sent at 36.20 seconds.
Packet sent at 36.21 seconds.
Packet sent at 36.22 seconds.
Packet sent at 36.24 seconds.
Packet sent at 36.24 seconds.
Packet sent at 36.26 seconds.
Packet sent at 36.27 seconds.
Packet sent at 36.28 seconds.
Packet sent at 36.29 seconds.
Packet sent at 36.31 seconds.
Packet sent at 36.32 seconds.
Packet sent at 36.33 seconds.
Packet sent at 36.34 seconds.
Packet sent at 36.36 seconds.
Packet sent at 36.37 seconds.
Packet sent at 36.38 seconds.
Packet sent at 36.39 seconds.
Packet sent at 36.40 seconds.
Packet sent at 36.42 seconds.
Packet sent at 36.43 seconds.
Packet sent at 36.44 seconds.
Packet sent at 36.45 seconds.
Packet sent at 36.46 seconds.
Packet sent at 36.48 seconds.
Packet sent at 36.49 seconds.
Packet sent at 36.50 seconds.
Packet sent at 36.51 seconds.
Packet sent at 36.53 seconds.
Packet sent at 36.54 seconds.
Packet sent at 36.55 seconds.
Packet sent at 36.56 seconds.
Packet sent at 36.57 seconds.
Packet sent at 36.59 seconds.
Packet sent at 36.60 seconds.
Packet sent at 36.61 seconds.
Packet sent at 36.62 seconds.
Packet sent at 36.63 seconds.
Packet sent at 36.65 seconds.
Packet sent at 36.66 seconds.
Packet sent at 36.67 seconds.
Packet sent at 36.68 seconds.
Packet sent at 36.69 seconds.
Packet sent at 36.71 seconds.
Packet sent at 36.74 seconds.
Packet sent at 36.76 seconds.
Packet sent at 36.78 seconds.
Packet sent at 36.80 seconds.
Packet sent at 36.81 seconds.
Packet sent at 36.82 seconds.
Packet sent at 36.84 seconds.
Packet sent at 36.85 seconds.
Packet sent at 36.86 seconds.
Packet sent at 36.87 seconds.
Packet sent at 36.88 seconds.
Packet sent at 36.89 seconds.
Packet sent at 36.91 seconds.
Packet sent at 36.92 seconds.
Packet sent at 36.93 seconds.
Packet sent at 36.94 seconds.
Packet sent at 36.95 seconds.
Packet sent at 36.96 seconds.
Packet sent at 36.98 seconds.
Packet sent at 37.00 seconds.
Packet sent at 37.01 seconds.
Packet sent at 37.01 seconds.
Packet sent at 37.03 seconds.
Packet sent at 37.04 seconds.
Packet sent at 37.05 seconds.
Packet sent at 37.06 seconds.
Packet sent at 37.08 seconds.
Packet sent at 37.09 seconds.
Packet sent at 37.10 seconds.
Packet sent at 37.11 seconds.
Packet sent at 37.12 seconds.
Packet sent at 37.14 seconds.
Packet sent at 37.15 seconds.
Packet sent at 37.16 seconds.
Packet sent at 37.17 seconds.
Packet sent at 37.18 seconds.
Packet sent at 37.19 seconds.
Packet sent at 37.21 seconds.
Packet sent at 37.22 seconds.
Packet sent at 37.23 seconds.
Packet sent at 37.24 seconds.
Packet sent at 37.25 seconds.
Packet sent at 37.26 seconds.
Packet sent at 37.27 seconds.
Packet sent at 37.28 seconds.
Packet sent at 37.30 seconds.
Packet sent at 37.31 seconds.
Packet sent at 37.32 seconds.
Packet sent at 37.33 seconds.
Packet sent at 37.35 seconds.
Packet sent at 37.36 seconds.
Packet sent at 37.37 seconds.
Packet sent at 37.38 seconds.
Packet sent at 37.39 seconds.
Packet sent at 37.40 seconds.
Packet sent at 37.41 seconds.
Packet sent at 37.43 seconds.
Packet sent at 37.44 seconds.
Packet sent at 37.45 seconds.
Packet sent at 37.46 seconds.
Packet sent at 37.47 seconds.
Packet sent at 37.49 seconds.
Packet sent at 37.50 seconds.
Packet sent at 37.51 seconds.
Packet sent at 37.52 seconds.
Packet sent at 37.53 seconds.
Packet sent at 37.54 seconds.
Packet sent at 37.55 seconds.
Packet sent at 37.56 seconds.
Packet sent at 37.58 seconds.
Packet sent at 37.58 seconds.
Packet sent at 37.60 seconds.
Packet sent at 37.61 seconds.
Packet sent at 37.62 seconds.
Packet sent at 37.63 seconds.
Packet sent at 37.64 seconds.
Packet sent at 37.66 seconds.
Packet sent at 37.67 seconds.
Packet sent at 37.68 seconds.
Packet sent at 37.69 seconds.
Packet sent at 37.71 seconds.
Packet sent at 37.71 seconds.
Packet sent at 37.72 seconds.
Packet sent at 37.74 seconds.
Packet sent at 37.75 seconds.
Packet sent at 37.76 seconds.
Packet sent at 37.77 seconds.
Packet sent at 37.78 seconds.
Packet sent at 37.80 seconds.
Packet sent at 37.81 seconds.
Packet sent at 37.82 seconds.
Packet sent at 37.83 seconds.
Packet sent at 37.85 seconds.
Packet sent at 37.85 seconds.
Packet sent at 37.87 seconds.
Packet sent at 37.88 seconds.
Packet sent at 37.89 seconds.
Packet sent at 37.90 seconds.
Packet sent at 37.91 seconds.
Packet sent at 37.93 seconds.
Packet sent at 37.94 seconds.
Packet sent at 37.95 seconds.
Packet sent at 37.96 seconds.
Packet sent at 37.98 seconds.
Packet sent at 37.99 seconds.
Packet sent at 38.00 seconds.
Packet sent at 38.01 seconds.
Packet sent at 38.02 seconds.
Packet sent at 38.05 seconds.
Packet sent at 38.05 seconds.
Packet sent at 38.09 seconds.
Packet sent at 38.12 seconds.
Packet sent at 38.12 seconds.
Packet sent at 38.14 seconds.
Packet sent at 38.15 seconds.
Packet sent at 38.17 seconds.
Packet sent at 38.18 seconds.
Packet sent at 38.19 seconds.
Packet sent at 38.20 seconds.
Packet sent at 38.21 seconds.
Packet sent at 38.22 seconds.
Packet sent at 38.23 seconds.
Packet sent at 38.25 seconds.
Packet sent at 38.26 seconds.
Packet sent at 38.27 seconds.
Packet sent at 38.28 seconds.
Packet sent at 38.29 seconds.
Packet sent at 38.30 seconds.
Packet sent at 38.32 seconds.
Packet sent at 38.33 seconds.
Packet sent at 38.34 seconds.
Packet sent at 38.35 seconds.
Packet sent at 38.36 seconds.
Packet sent at 38.37 seconds.
Packet sent at 38.38 seconds.
Packet sent at 38.40 seconds.
Packet sent at 38.42 seconds.
Packet sent at 38.43 seconds.
Packet sent at 38.44 seconds.
Packet sent at 38.45 seconds.
Packet sent at 38.46 seconds.
Packet sent at 38.47 seconds.
Packet sent at 38.49 seconds.
Packet sent at 38.50 seconds.
Packet sent at 38.52 seconds.
Packet sent at 38.52 seconds.
Packet sent at 38.54 seconds.
Packet sent at 38.54 seconds.
Packet sent at 38.56 seconds.
Packet sent at 38.57 seconds.
Packet sent at 38.59 seconds.
Packet sent at 38.59 seconds.
Packet sent at 38.61 seconds.
Packet sent at 38.62 seconds.
Packet sent at 38.63 seconds.
Packet sent at 38.64 seconds.
Packet sent at 38.65 seconds.
Packet sent at 38.67 seconds.
Packet sent at 38.68 seconds.
Packet sent at 38.69 seconds.
Packet sent at 38.71 seconds.
Packet sent at 38.72 seconds.
Packet sent at 38.73 seconds.
Packet sent at 38.74 seconds.
Packet sent at 38.75 seconds.
Packet sent at 38.77 seconds.
Packet sent at 38.78 seconds.
Packet sent at 38.79 seconds.
Packet sent at 38.81 seconds.
Packet sent at 38.82 seconds.
Packet sent at 38.83 seconds.
Packet sent at 38.84 seconds.
Packet sent at 38.86 seconds.
Packet sent at 38.87 seconds.
Packet sent at 38.89 seconds.
Packet sent at 38.90 seconds.
Packet sent at 38.91 seconds.
Packet sent at 38.92 seconds.
Packet sent at 38.94 seconds.
Packet sent at 38.95 seconds.
Packet sent at 38.97 seconds.
Packet sent at 38.98 seconds.
Packet sent at 38.99 seconds.
Packet sent at 39.00 seconds.
Packet sent at 39.01 seconds.
Packet sent at 39.03 seconds.
Packet sent at 39.04 seconds.
Packet sent at 39.05 seconds.
Packet sent at 39.06 seconds.
Packet sent at 39.08 seconds.
Packet sent at 39.08 seconds.
Packet sent at 39.10 seconds.
Packet sent at 39.11 seconds.
Packet sent at 39.13 seconds.
Packet sent at 39.13 seconds.
Packet sent at 39.15 seconds.
Packet sent at 39.16 seconds.
Packet sent at 39.17 seconds.
Packet sent at 39.19 seconds.
Packet sent at 39.20 seconds.
Packet sent at 39.21 seconds.
Packet sent at 39.22 seconds.
Packet sent at 39.23 seconds.
Packet sent at 39.24 seconds.
Packet sent at 39.25 seconds.
Packet sent at 39.27 seconds.
Packet sent at 39.28 seconds.
Packet sent at 39.29 seconds.
Packet sent at 39.31 seconds.
Packet sent at 39.32 seconds.
Packet sent at 39.34 seconds.
Packet sent at 39.34 seconds.
Packet sent at 39.36 seconds.
Packet sent at 39.37 seconds.
Packet sent at 39.38 seconds.
Packet sent at 39.39 seconds.
Packet sent at 39.40 seconds.
Packet sent at 39.42 seconds.
Packet sent at 39.43 seconds.
Packet sent at 39.44 seconds.
Packet sent at 39.45 seconds.
Packet sent at 39.46 seconds.
Packet sent at 39.48 seconds.
Packet sent at 39.48 seconds.
Packet sent at 39.50 seconds.
Packet sent at 39.51 seconds.
Packet sent at 39.52 seconds.
Packet sent at 39.53 seconds.
Packet sent at 39.55 seconds.
Packet sent at 39.56 seconds.
Packet sent at 39.57 seconds.
Packet sent at 39.58 seconds.
Packet sent at 39.59 seconds.
Packet sent at 39.60 seconds.
Packet sent at 39.62 seconds.
Packet sent at 39.62 seconds.
Packet sent at 39.64 seconds.
Packet sent at 39.64 seconds.
Packet sent at 39.66 seconds.
Packet sent at 39.67 seconds.
Packet sent at 39.69 seconds.
Packet sent at 39.70 seconds.
Packet sent at 39.71 seconds.
Packet sent at 39.72 seconds.
Packet sent at 39.73 seconds.
Packet sent at 39.75 seconds.
Packet sent at 39.76 seconds.
Packet sent at 39.77 seconds.
Packet sent at 39.78 seconds.
Packet sent at 39.79 seconds.
Packet sent at 39.81 seconds.
Packet sent at 39.82 seconds.
Packet sent at 39.83 seconds.
Packet sent at 39.84 seconds.
Packet sent at 39.86 seconds.
Packet sent at 39.86 seconds.
Packet sent at 39.88 seconds.
Packet sent at 39.89 seconds.
Packet sent at 39.90 seconds.
Packet sent at 39.91 seconds.
Packet sent at 39.92 seconds.
Packet sent at 39.93 seconds.
Packet sent at 39.95 seconds.
Packet sent at 39.96 seconds.
Packet sent at 39.97 seconds.
Packet sent at 39.98 seconds.
Packet sent at 39.99 seconds.
Packet sent at 40.00 seconds.
Packet sent at 40.02 seconds.
Packet sent at 40.03 seconds.
Packet sent at 40.04 seconds.
Packet sent at 40.06 seconds.
Packet sent at 40.07 seconds.
Packet sent at 40.08 seconds.
Packet sent at 40.09 seconds.
Packet sent at 40.10 seconds.
Packet sent at 40.11 seconds.
Packet sent at 40.12 seconds.
Packet sent at 40.13 seconds.
Packet sent at 40.14 seconds.
Packet sent at 40.16 seconds.
Packet sent at 40.17 seconds.
Packet sent at 40.18 seconds.
Packet sent at 40.19 seconds.
Packet sent at 40.20 seconds.
Packet sent at 40.22 seconds.
Packet sent at 40.23 seconds.
Packet sent at 40.24 seconds.
Packet sent at 40.25 seconds.
Packet sent at 40.26 seconds.
Packet sent at 40.27 seconds.
Packet sent at 40.28 seconds.
Packet sent at 40.30 seconds.
Packet sent at 40.31 seconds.
Packet sent at 40.32 seconds.
Packet sent at 40.33 seconds.
Packet sent at 40.34 seconds.
Packet sent at 40.36 seconds.
Packet sent at 40.37 seconds.
Packet sent at 40.38 seconds.
Packet sent at 40.39 seconds.
Packet sent at 40.40 seconds.
Packet sent at 40.41 seconds.
Packet sent at 40.43 seconds.
Packet sent at 40.44 seconds.
Packet sent at 40.44 seconds.
Packet sent at 40.46 seconds.
Packet sent at 40.47 seconds.
Packet sent at 40.49 seconds.
Packet sent at 40.50 seconds.
Packet sent at 40.51 seconds.
Packet sent at 40.52 seconds.
Packet sent at 40.53 seconds.
Packet sent at 40.54 seconds.
Packet sent at 40.55 seconds.
Packet sent at 40.56 seconds.
Packet sent at 40.57 seconds.
Packet sent at 40.58 seconds.
Packet sent at 40.60 seconds.
Packet sent at 40.61 seconds.
Packet sent at 40.62 seconds.
Packet sent at 40.63 seconds.
Packet sent at 40.64 seconds.
Packet sent at 40.65 seconds.
Packet sent at 40.66 seconds.
Packet sent at 40.70 seconds.
Packet sent at 40.72 seconds.
Packet sent at 40.74 seconds.
Packet sent at 40.76 seconds.
Packet sent at 40.77 seconds.
Packet sent at 40.78 seconds.
Packet sent at 40.79 seconds.
Packet sent at 40.81 seconds.
Packet sent at 40.82 seconds.
Packet sent at 40.83 seconds.
Packet sent at 40.85 seconds.
Packet sent at 40.85 seconds.
Packet sent at 40.88 seconds.
Packet sent at 40.88 seconds.
Packet sent at 40.90 seconds.
Packet sent at 40.91 seconds.
Packet sent at 40.93 seconds.
Packet sent at 40.94 seconds.
Packet sent at 40.95 seconds.
Packet sent at 40.96 seconds.
Packet sent at 40.97 seconds.
Packet sent at 40.99 seconds.
Packet sent at 41.00 seconds.
Packet sent at 41.01 seconds.
Packet sent at 41.02 seconds.
Packet sent at 41.03 seconds.
Packet sent at 41.05 seconds.
Packet sent at 41.06 seconds.
Packet sent at 41.07 seconds.
Packet sent at 41.08 seconds.
Packet sent at 41.09 seconds.
Packet sent at 41.10 seconds.
Packet sent at 41.11 seconds.
Packet sent at 41.13 seconds.
Packet sent at 41.14 seconds.
Packet sent at 41.16 seconds.
Packet sent at 41.17 seconds.
Packet sent at 41.17 seconds.
Packet sent at 41.19 seconds.
Packet sent at 41.20 seconds.
Packet sent at 41.21 seconds.
Packet sent at 41.23 seconds.
Packet sent at 41.24 seconds.
Packet sent at 41.25 seconds.
Packet sent at 41.26 seconds.
Packet sent at 41.27 seconds.
Packet sent at 41.29 seconds.
Packet sent at 41.30 seconds.
Packet sent at 41.31 seconds.
Packet sent at 41.32 seconds.
Packet sent at 41.33 seconds.
Packet sent at 41.34 seconds.
Packet sent at 41.36 seconds.
Packet sent at 41.37 seconds.
Packet sent at 41.38 seconds.
Packet sent at 41.39 seconds.
Packet sent at 41.41 seconds.
Packet sent at 41.42 seconds.
Packet sent at 41.45 seconds.
Packet sent at 41.47 seconds.
Packet sent at 41.48 seconds.
Packet sent at 41.50 seconds.
Packet sent at 41.51 seconds.
Packet sent at 41.52 seconds.
Packet sent at 41.53 seconds.
Packet sent at 41.55 seconds.
Packet sent at 41.56 seconds.
Packet sent at 41.57 seconds.
Packet sent at 41.58 seconds.
Packet sent at 41.60 seconds.
Packet sent at 41.61 seconds.
Packet sent at 41.62 seconds.
Packet sent at 41.63 seconds.
Packet sent at 41.64 seconds.
Packet sent at 41.65 seconds.
Packet sent at 41.67 seconds.
Packet sent at 41.68 seconds.
Packet sent at 41.68 seconds.
Packet sent at 41.70 seconds.
Packet sent at 41.71 seconds.
Packet sent at 41.72 seconds.
Packet sent at 41.73 seconds.
Packet sent at 41.74 seconds.
Packet sent at 41.76 seconds.
Packet sent at 41.77 seconds.
Packet sent at 41.78 seconds.
Packet sent at 41.79 seconds.
Packet sent at 41.80 seconds.
Packet sent at 41.81 seconds.
Packet sent at 41.83 seconds.
Packet sent at 41.84 seconds.
Packet sent at 41.86 seconds.
Packet sent at 41.87 seconds.
Packet sent at 41.88 seconds.
Packet sent at 41.89 seconds.
Packet sent at 41.90 seconds.
Packet sent at 41.91 seconds.
Packet sent at 41.93 seconds.
Packet sent at 41.94 seconds.
Packet sent at 41.95 seconds.
Packet sent at 41.96 seconds.
Packet sent at 41.97 seconds.
Packet sent at 41.99 seconds.
Packet sent at 42.00 seconds.
Packet sent at 42.01 seconds.
Packet sent at 42.02 seconds.
Packet sent at 42.03 seconds.
Packet sent at 42.05 seconds.
Packet sent at 42.06 seconds.
Packet sent at 42.07 seconds.
Packet sent at 42.08 seconds.
Packet sent at 42.09 seconds.
Packet sent at 42.10 seconds.
Packet sent at 42.12 seconds.
Packet sent at 42.13 seconds.
Packet sent at 42.14 seconds.
Packet sent at 42.15 seconds.
Packet sent at 42.16 seconds.
Packet sent at 42.18 seconds.
Packet sent at 42.19 seconds.
Packet sent at 42.20 seconds.
Packet sent at 42.21 seconds.
Packet sent at 42.22 seconds.
Packet sent at 42.23 seconds.
Packet sent at 42.24 seconds.
Packet sent at 42.26 seconds.
Packet sent at 42.27 seconds.
Packet sent at 42.28 seconds.
Packet sent at 42.29 seconds.
Packet sent at 42.30 seconds.
Packet sent at 42.32 seconds.
Packet sent at 42.33 seconds.
Packet sent at 42.34 seconds.
Packet sent at 42.35 seconds.
Packet sent at 42.36 seconds.
Packet sent at 42.38 seconds.
Packet sent at 42.39 seconds.
Packet sent at 42.40 seconds.
Packet sent at 42.41 seconds.
Packet sent at 42.43 seconds.
Packet sent at 42.44 seconds.
Packet sent at 42.45 seconds.
Packet sent at 42.46 seconds.
Packet sent at 42.47 seconds.
Packet sent at 42.48 seconds.
Packet sent at 42.50 seconds.
Packet sent at 42.51 seconds.
Packet sent at 42.52 seconds.
Packet sent at 42.53 seconds.
Packet sent at 42.55 seconds.
Packet sent at 42.56 seconds.
Packet sent at 42.57 seconds.
Packet sent at 42.59 seconds.
Packet sent at 42.59 seconds.
Packet sent at 42.60 seconds.
Packet sent at 42.62 seconds.
Packet sent at 42.63 seconds.
Packet sent at 42.65 seconds.
Packet sent at 42.66 seconds.
Packet sent at 42.67 seconds.
Packet sent at 42.68 seconds.
Packet sent at 42.70 seconds.
Packet sent at 42.71 seconds.
Packet sent at 42.72 seconds.
Packet sent at 42.73 seconds.
Packet sent at 42.74 seconds.
Packet sent at 42.75 seconds.
Packet sent at 42.76 seconds.
Packet sent at 42.77 seconds.
Packet sent at 42.79 seconds.
Packet sent at 42.80 seconds.
Packet sent at 42.81 seconds.
Packet sent at 42.82 seconds.
Packet sent at 42.84 seconds.
Packet sent at 42.85 seconds.
Packet sent at 42.86 seconds.
Packet sent at 42.87 seconds.
Packet sent at 42.88 seconds.
Packet sent at 42.90 seconds.
Packet sent at 42.91 seconds.
Packet sent at 42.93 seconds.
Packet sent at 42.94 seconds.
Packet sent at 42.95 seconds.
Packet sent at 42.96 seconds.
Packet sent at 42.98 seconds.
Packet sent at 42.99 seconds.
Packet sent at 43.00 seconds.
Packet sent at 43.01 seconds.
Packet sent at 43.02 seconds.
Packet sent at 43.04 seconds.
Packet sent at 43.05 seconds.
Packet sent at 43.06 seconds.
Packet sent at 43.07 seconds.
Packet sent at 43.09 seconds.
Packet sent at 43.10 seconds.
Packet sent at 43.11 seconds.
Packet sent at 43.12 seconds.
Packet sent at 43.13 seconds.
Packet sent at 43.15 seconds.
Packet sent at 43.16 seconds.
Packet sent at 43.18 seconds.
Packet sent at 43.18 seconds.
Packet sent at 43.20 seconds.
Packet sent at 43.21 seconds.
Packet sent at 43.22 seconds.
Packet sent at 43.23 seconds.
Packet sent at 43.24 seconds.
Packet sent at 43.25 seconds.
Packet sent at 43.27 seconds.
Packet sent at 43.28 seconds.
Packet sent at 43.29 seconds.
Packet sent at 43.30 seconds.
Packet sent at 43.31 seconds.
Packet sent at 43.33 seconds.
Packet sent at 43.34 seconds.
Packet sent at 43.35 seconds.
Packet sent at 43.36 seconds.
Packet sent at 43.37 seconds.
Packet sent at 43.39 seconds.
Packet sent at 43.39 seconds.
Packet sent at 43.41 seconds.
Packet sent at 43.43 seconds.
Packet sent at 43.44 seconds.
Packet sent at 43.45 seconds.
Packet sent at 43.47 seconds.
Packet sent at 43.47 seconds.
Packet sent at 43.49 seconds.
Packet sent at 43.50 seconds.
Packet sent at 43.51 seconds.
Packet sent at 43.52 seconds.
Packet sent at 43.53 seconds.
Packet sent at 43.55 seconds.
Packet sent at 43.56 seconds.
Packet sent at 43.57 seconds.
Packet sent at 43.58 seconds.
Packet sent at 43.60 seconds.
Packet sent at 43.60 seconds.
Packet sent at 43.62 seconds.
Packet sent at 43.63 seconds.
Packet sent at 43.65 seconds.
Packet sent at 43.66 seconds.
Packet sent at 43.67 seconds.
Packet sent at 43.68 seconds.
Packet sent at 43.69 seconds.
Packet sent at 43.70 seconds.
Packet sent at 43.71 seconds.
Packet sent at 43.73 seconds.
Packet sent at 43.74 seconds.
Packet sent at 43.75 seconds.
Packet sent at 43.77 seconds.
Packet sent at 43.78 seconds.
Packet sent at 43.79 seconds.
Packet sent at 43.80 seconds.
Packet sent at 43.82 seconds.
Packet sent at 43.83 seconds.
Packet sent at 43.84 seconds.
Packet sent at 43.86 seconds.
Packet sent at 43.86 seconds.
Packet sent at 43.88 seconds.
Packet sent at 43.89 seconds.
Packet sent at 43.90 seconds.
Packet sent at 43.91 seconds.
Packet sent at 43.93 seconds.
Packet sent at 43.93 seconds.
Packet sent at 43.95 seconds.
Packet sent at 43.96 seconds.
Packet sent at 43.97 seconds.
Packet sent at 43.98 seconds.
Packet sent at 43.99 seconds.
Packet sent at 44.01 seconds.
Packet sent at 44.02 seconds.
Packet sent at 44.03 seconds.
Packet sent at 44.04 seconds.
Packet sent at 44.05 seconds.
Packet sent at 44.06 seconds.
Packet sent at 44.08 seconds.
Packet sent at 44.10 seconds.
Packet sent at 44.11 seconds.
Packet sent at 44.11 seconds.
Packet sent at 44.12 seconds.
Packet sent at 44.14 seconds.
Packet sent at 44.15 seconds.
Packet sent at 44.16 seconds.
Packet sent at 44.18 seconds.
Packet sent at 44.19 seconds.
Packet sent at 44.20 seconds.
Packet sent at 44.21 seconds.
Packet sent at 44.23 seconds.
Packet sent at 44.23 seconds.
Packet sent at 44.25 seconds.
Packet sent at 44.26 seconds.
Packet sent at 44.27 seconds.
Packet sent at 44.28 seconds.
Packet sent at 44.30 seconds.
Packet sent at 44.30 seconds.
Packet sent at 44.32 seconds.
Packet sent at 44.33 seconds.
Packet sent at 44.34 seconds.
Packet sent at 44.35 seconds.
Packet sent at 44.36 seconds.
Packet sent at 44.37 seconds.
Packet sent at 44.39 seconds.
Packet sent at 44.40 seconds.
Packet sent at 44.41 seconds.
Packet sent at 44.42 seconds.
Packet sent at 44.43 seconds.
Packet sent at 44.45 seconds.
Packet sent at 44.46 seconds.
Packet sent at 44.47 seconds.
Packet sent at 44.48 seconds.
Packet sent at 44.49 seconds.
Packet sent at 44.51 seconds.
Packet sent at 44.51 seconds.
Packet sent at 44.53 seconds.
Packet sent at 44.54 seconds.
Packet sent at 44.56 seconds.
Packet sent at 44.57 seconds.
Packet sent at 44.58 seconds.
Packet sent at 44.59 seconds.
Packet sent at 44.60 seconds.
Packet sent at 44.61 seconds.
Packet sent at 44.65 seconds.
Packet sent at 44.67 seconds.
Packet sent at 44.69 seconds.
Packet sent at 44.69 seconds.
Packet sent at 44.71 seconds.
Packet sent at 44.72 seconds.
Packet sent at 44.73 seconds.
Packet sent at 44.74 seconds.
Packet sent at 44.76 seconds.
Packet sent at 44.76 seconds.
Packet sent at 44.80 seconds.
Packet sent at 44.82 seconds.
Packet sent at 44.84 seconds.
Packet sent at 44.84 seconds.
Packet sent at 44.86 seconds.
Packet sent at 44.87 seconds.
Packet sent at 44.88 seconds.
Packet sent at 44.89 seconds.
Packet sent at 44.91 seconds.
Packet sent at 44.93 seconds.
Packet sent at 44.94 seconds.
Packet sent at 44.95 seconds.
Packet sent at 44.96 seconds.
Packet sent at 44.98 seconds.
Packet sent at 44.99 seconds.
Packet sent at 45.01 seconds.
Packet sent at 45.02 seconds.
Packet sent at 45.03 seconds.
Packet sent at 45.04 seconds.
Packet sent at 45.06 seconds.
Packet sent at 45.06 seconds.
Packet sent at 45.08 seconds.
Packet sent at 45.08 seconds.
Packet sent at 45.10 seconds.
Packet sent at 45.11 seconds.
Packet sent at 45.12 seconds.
Packet sent at 45.14 seconds.
Packet sent at 45.15 seconds.
Packet sent at 45.16 seconds.
Packet sent at 45.17 seconds.
Packet sent at 45.18 seconds.
Packet sent at 45.19 seconds.
Packet sent at 45.20 seconds.
Packet sent at 45.22 seconds.
Packet sent at 45.23 seconds.
Packet sent at 45.24 seconds.
Packet sent at 45.25 seconds.
Packet sent at 45.27 seconds.
Packet sent at 45.28 seconds.
Packet sent at 45.29 seconds.
Packet sent at 45.30 seconds.
Packet sent at 45.31 seconds.
Packet sent at 45.32 seconds.
Packet sent at 45.33 seconds.
Packet sent at 45.35 seconds.
Packet sent at 45.36 seconds.
Packet sent at 45.37 seconds.
Packet sent at 45.39 seconds.
Packet sent at 45.40 seconds.
Packet sent at 45.41 seconds.
Packet sent at 45.42 seconds.
Packet sent at 45.43 seconds.
Packet sent at 45.45 seconds.
Packet sent at 45.46 seconds.
Packet sent at 45.47 seconds.
Packet sent at 45.49 seconds.
Packet sent at 45.49 seconds.
Packet sent at 45.51 seconds.
Packet sent at 45.52 seconds.
Packet sent at 45.53 seconds.
Packet sent at 45.54 seconds.
Packet sent at 45.55 seconds.
Packet sent at 45.57 seconds.
Packet sent at 45.58 seconds.
Packet sent at 45.59 seconds.
Packet sent at 45.60 seconds.
Packet sent at 45.61 seconds.
Packet sent at 45.62 seconds.
Packet sent at 45.63 seconds.
Packet sent at 45.65 seconds.
Packet sent at 45.66 seconds.
Packet sent at 45.67 seconds.
Packet sent at 45.69 seconds.
Packet sent at 45.69 seconds.
Packet sent at 45.70 seconds.
Packet sent at 45.71 seconds.
Packet sent at 45.73 seconds.
Packet sent at 45.74 seconds.
Packet sent at 45.76 seconds.
Packet sent at 45.77 seconds.
Packet sent at 45.78 seconds.
Packet sent at 45.79 seconds.
Packet sent at 45.80 seconds.
Packet sent at 45.81 seconds.
Packet sent at 45.82 seconds.
Packet sent at 45.83 seconds.
Packet sent at 45.85 seconds.
Packet sent at 45.86 seconds.
Packet sent at 45.87 seconds.
Packet sent at 45.88 seconds.
Packet sent at 45.90 seconds.
Packet sent at 45.90 seconds.
Packet sent at 45.92 seconds.
Packet sent at 45.93 seconds.
Packet sent at 45.94 seconds.
Packet sent at 45.96 seconds.
Packet sent at 45.96 seconds.
Packet sent at 45.98 seconds.
Packet sent at 45.99 seconds.
Packet sent at 46.01 seconds.
Packet sent at 46.02 seconds.
Packet sent at 46.03 seconds.
Packet sent at 46.04 seconds.
Packet sent at 46.05 seconds.
Packet sent at 46.07 seconds.
Packet sent at 46.07 seconds.
Packet sent at 46.09 seconds.
Packet sent at 46.10 seconds.
Packet sent at 46.11 seconds.
Packet sent at 46.12 seconds.
Packet sent at 46.14 seconds.
Packet sent at 46.14 seconds.
Packet sent at 46.16 seconds.
Packet sent at 46.17 seconds.
Packet sent at 46.18 seconds.
Packet sent at 46.19 seconds.
Packet sent at 46.21 seconds.
Packet sent at 46.22 seconds.
Packet sent at 46.23 seconds.
Packet sent at 46.24 seconds.
Packet sent at 46.25 seconds.
Packet sent at 46.27 seconds.
Packet sent at 46.28 seconds.
Packet sent at 46.29 seconds.
Packet sent at 46.30 seconds.
Packet sent at 46.31 seconds.
Packet sent at 46.33 seconds.
Packet sent at 46.34 seconds.
Packet sent at 46.35 seconds.
Packet sent at 46.36 seconds.
Packet sent at 46.37 seconds.
Packet sent at 46.38 seconds.
Packet sent at 46.39 seconds.
Packet sent at 46.41 seconds.
Packet sent at 46.42 seconds.
Packet sent at 46.43 seconds.
Packet sent at 46.44 seconds.
Packet sent at 46.46 seconds.
Packet sent at 46.47 seconds.
Packet sent at 46.48 seconds.
Packet sent at 46.49 seconds.
Packet sent at 46.50 seconds.
Packet sent at 46.52 seconds.
Packet sent at 46.53 seconds.
Packet sent at 46.54 seconds.
Packet sent at 46.55 seconds.
Packet sent at 46.56 seconds.
Packet sent at 46.58 seconds.
Packet sent at 46.59 seconds.
Packet sent at 46.59 seconds.
Packet sent at 46.61 seconds.
Packet sent at 46.63 seconds.
Packet sent at 46.64 seconds.
Packet sent at 46.65 seconds.
Packet sent at 46.66 seconds.
Packet sent at 46.68 seconds.
Packet sent at 46.68 seconds.
Packet sent at 46.69 seconds.
Packet sent at 46.71 seconds.
Packet sent at 46.72 seconds.
Packet sent at 46.73 seconds.
Packet sent at 46.74 seconds.
Packet sent at 46.76 seconds.
Packet sent at 46.77 seconds.
Packet sent at 46.78 seconds.
Packet sent at 46.79 seconds.
Packet sent at 46.80 seconds.
Packet sent at 46.81 seconds.
Packet sent at 46.83 seconds.
Packet sent at 46.84 seconds.
Packet sent at 46.85 seconds.
Packet sent at 46.86 seconds.
Packet sent at 46.87 seconds.
Packet sent at 46.89 seconds.
Packet sent at 46.90 seconds.
Packet sent at 46.91 seconds.
Packet sent at 46.92 seconds.
Packet sent at 46.94 seconds.
Packet sent at 46.95 seconds.
Packet sent at 46.96 seconds.
Packet sent at 46.97 seconds.
Packet sent at 46.98 seconds.
Packet sent at 47.00 seconds.
Packet sent at 47.01 seconds.
Packet sent at 47.02 seconds.
Packet sent at 47.04 seconds.
Packet sent at 47.05 seconds.
Packet sent at 47.07 seconds.
Packet sent at 47.10 seconds.
Packet sent at 47.10 seconds.
Packet sent at 47.11 seconds.
Packet sent at 47.12 seconds.
Packet sent at 47.13 seconds.
Packet sent at 47.14 seconds.
Packet sent at 47.15 seconds.
Packet sent at 47.15 seconds.
Packet sent at 47.16 seconds.
Packet sent at 47.17 seconds.
Packet sent at 47.18 seconds.
Packet sent at 47.19 seconds.
Packet sent at 47.20 seconds.
Packet sent at 47.21 seconds.
Packet sent at 47.22 seconds.
Packet sent at 47.23 seconds.
Packet sent at 47.23 seconds.
Packet sent at 47.24 seconds.
Packet sent at 47.25 seconds.
Packet sent at 47.26 seconds.
Packet sent at 47.27 seconds.
Packet sent at 47.28 seconds.
Packet sent at 47.29 seconds.
Packet sent at 47.29 seconds.
Packet sent at 47.30 seconds.
Packet sent at 47.31 seconds.
Packet sent at 47.32 seconds.
Packet sent at 47.32 seconds.
Packet sent at 47.34 seconds.
Packet sent at 47.34 seconds.
Packet sent at 47.35 seconds.
Packet sent at 47.36 seconds.
Packet sent at 47.37 seconds.
Packet sent at 47.37 seconds.
Packet sent at 47.38 seconds.
Packet sent at 47.39 seconds.
Packet sent at 47.40 seconds.
Packet sent at 47.41 seconds.
Packet sent at 47.42 seconds.
Packet sent at 47.43 seconds.
Packet sent at 47.43 seconds.
Packet sent at 47.44 seconds.
Packet sent at 47.45 seconds.
Packet sent at 47.46 seconds.
Packet sent at 47.47 seconds.
Packet sent at 47.48 seconds.
Packet sent at 47.49 seconds.
Packet sent at 47.50 seconds.
Packet sent at 47.50 seconds.
Packet sent at 47.51 seconds.
Packet sent at 47.52 seconds.
Packet sent at 47.53 seconds.
Packet sent at 47.54 seconds.
Packet sent at 47.55 seconds.
Packet sent at 47.56 seconds.
Packet sent at 47.56 seconds.
Packet sent at 47.57 seconds.
Packet sent at 47.58 seconds.
Packet sent at 47.59 seconds.
Packet sent at 47.60 seconds.
Packet sent at 47.60 seconds.
Packet sent at 47.61 seconds.
Packet sent at 47.62 seconds.
Packet sent at 47.63 seconds.
Packet sent at 47.64 seconds.
Packet sent at 47.64 seconds.
Packet sent at 47.65 seconds.
Packet sent at 47.66 seconds.
Packet sent at 47.66 seconds.
Packet sent at 47.67 seconds.
Packet sent at 47.67 seconds.
Packet sent at 47.68 seconds.
Packet sent at 47.68 seconds.
Packet sent at 47.69 seconds.
Packet sent at 47.69 seconds.
Packet sent at 47.70 seconds.
Packet sent at 47.70 seconds.
Packet sent at 47.71 seconds.
Packet sent at 47.71 seconds.
Packet sent at 47.72 seconds.
Packet sent at 47.72 seconds.
Packet sent at 47.73 seconds.
Packet sent at 47.73 seconds.
Packet sent at 47.74 seconds.
Packet sent at 47.74 seconds.
Packet sent at 47.77 seconds.
Packet sent at 47.79 seconds.
Packet sent at 47.79 seconds.
Packet sent at 47.80 seconds.
Packet sent at 47.81 seconds.
Packet sent at 47.81 seconds.
Packet sent at 47.82 seconds.
Packet sent at 47.82 seconds.
Packet sent at 47.83 seconds.
Packet sent at 47.83 seconds.
Packet sent at 47.84 seconds.
Packet sent at 47.84 seconds.
Packet sent at 47.85 seconds.
Packet sent at 47.86 seconds.
Packet sent at 47.86 seconds.
Packet sent at 47.87 seconds.
Packet sent at 47.87 seconds.
Packet sent at 47.88 seconds.
Packet sent at 47.88 seconds.
Packet sent at 47.89 seconds.
Packet sent at 47.90 seconds.
Packet sent at 47.90 seconds.
Packet sent at 47.91 seconds.
Packet sent at 47.91 seconds.
Packet sent at 47.92 seconds.
Packet sent at 47.92 seconds.
Packet sent at 47.93 seconds.
Packet sent at 47.93 seconds.
Packet sent at 47.94 seconds.
Packet sent at 47.95 seconds.
Packet sent at 47.95 seconds.
Packet sent at 47.96 seconds.
Packet sent at 47.96 seconds.
Packet sent at 47.97 seconds.
Packet sent at 47.97 seconds.
Packet sent at 47.98 seconds.
Packet sent at 47.98 seconds.
Packet sent at 47.99 seconds.
Packet sent at 47.99 seconds.
Packet sent at 48.00 seconds.
Packet sent at 48.01 seconds.
Packet sent at 48.01 seconds.
Packet sent at 48.02 seconds.
Packet sent at 48.02 seconds.
Packet sent at 48.03 seconds.
Packet sent at 48.03 seconds.
Packet sent at 48.04 seconds.
Packet sent at 48.04 seconds.
Packet sent at 48.05 seconds.
Packet sent at 48.05 seconds.
Packet sent at 48.06 seconds.
Packet sent at 48.07 seconds.
Packet sent at 48.07 seconds.
Packet sent at 48.08 seconds.
Packet sent at 48.08 seconds.
Packet sent at 48.09 seconds.
Packet sent at 48.09 seconds.
Packet sent at 48.10 seconds.
Packet sent at 48.10 seconds.
Packet sent at 48.11 seconds.
Packet sent at 48.11 seconds.
Packet sent at 48.12 seconds.
Packet sent at 48.12 seconds.
Packet sent at 48.13 seconds.
Packet sent at 48.13 seconds.
Packet sent at 48.14 seconds.
Packet sent at 48.15 seconds.
Packet sent at 48.15 seconds.
Packet sent at 48.16 seconds.
Packet sent at 48.16 seconds.
Packet sent at 48.17 seconds.
Packet sent at 48.17 seconds.
Packet sent at 48.18 seconds.
Packet sent at 48.18 seconds.
Packet sent at 48.19 seconds.
Packet sent at 48.19 seconds.
Packet sent at 48.20 seconds.
Packet sent at 48.20 seconds.
Packet sent at 48.21 seconds.
Packet sent at 48.21 seconds.
Packet sent at 48.22 seconds.
Packet sent at 48.23 seconds.
Packet sent at 48.23 seconds.
Packet sent at 48.24 seconds.
Packet sent at 48.24 seconds.
Packet sent at 48.25 seconds.
Packet sent at 48.25 seconds.
Packet sent at 48.26 seconds.
Packet sent at 48.26 seconds.
Packet sent at 48.27 seconds.
Packet sent at 48.28 seconds.
Packet sent at 48.28 seconds.
Packet sent at 48.29 seconds.
Packet sent at 48.29 seconds.
Packet sent at 48.30 seconds.
Packet sent at 48.30 seconds.
Packet sent at 48.31 seconds.
Packet sent at 48.31 seconds.
Packet sent at 48.32 seconds.
Packet sent at 48.32 seconds.
Packet sent at 48.33 seconds.
Packet sent at 48.33 seconds.
Packet sent at 48.34 seconds.
Packet sent at 48.35 seconds.
Packet sent at 48.35 seconds.
Packet sent at 48.36 seconds.
Packet sent at 48.36 seconds.
Packet sent at 48.37 seconds.
Packet sent at 48.37 seconds.
Packet sent at 48.38 seconds.
Packet sent at 48.38 seconds.
Packet sent at 48.39 seconds.
Packet sent at 48.39 seconds.
Packet sent at 48.40 seconds.
Packet sent at 48.40 seconds.
Packet sent at 48.41 seconds.
Packet sent at 48.42 seconds.
Packet sent at 48.42 seconds.
Packet sent at 48.43 seconds.
Packet sent at 48.43 seconds.
Packet sent at 48.44 seconds.
Packet sent at 48.44 seconds.
Packet sent at 48.45 seconds.
Packet sent at 48.46 seconds.
Packet sent at 48.46 seconds.
Packet sent at 48.47 seconds.
Packet sent at 48.47 seconds.
Packet sent at 48.48 seconds.
Packet sent at 48.48 seconds.
Packet sent at 48.49 seconds.
Packet sent at 48.49 seconds.
Packet sent at 48.50 seconds.
Packet sent at 48.50 seconds.
Packet sent at 48.51 seconds.
Packet sent at 48.51 seconds.
Packet sent at 48.52 seconds.
Packet sent at 48.52 seconds.
Packet sent at 48.53 seconds.
Packet sent at 48.53 seconds.
Packet sent at 48.54 seconds.
Packet sent at 48.55 seconds.
Packet sent at 48.55 seconds.
Packet sent at 48.56 seconds.
Packet sent at 48.56 seconds.
Packet sent at 48.57 seconds.
Packet sent at 48.57 seconds.
Packet sent at 48.58 seconds.
Packet sent at 48.58 seconds.
Packet sent at 48.59 seconds.
Packet sent at 48.59 seconds.
Packet sent at 48.60 seconds.
Packet sent at 48.60 seconds.
Packet sent at 48.61 seconds.
Packet sent at 48.61 seconds.
Packet sent at 48.62 seconds.
Packet sent at 48.63 seconds.
Packet sent at 48.63 seconds.
Packet sent at 48.64 seconds.
Packet sent at 48.64 seconds.
Packet sent at 48.65 seconds.
Packet sent at 48.65 seconds.
Packet sent at 48.66 seconds.
Packet sent at 48.66 seconds.
Packet sent at 48.67 seconds.
Packet sent at 48.67 seconds.
Packet sent at 48.68 seconds.
Packet sent at 48.68 seconds.
Packet sent at 48.69 seconds.
Packet sent at 48.69 seconds.
Packet sent at 48.70 seconds.
Packet sent at 48.70 seconds.
Packet sent at 48.71 seconds.
Packet sent at 48.71 seconds.
Packet sent at 48.72 seconds.
Packet sent at 48.73 seconds.
Packet sent at 48.73 seconds.
Packet sent at 48.74 seconds.
Packet sent at 48.74 seconds.
Packet sent at 48.75 seconds.
Packet sent at 48.75 seconds.
Packet sent at 48.76 seconds.
Packet sent at 48.76 seconds.
Packet sent at 48.77 seconds.
Packet sent at 48.77 seconds.
Packet sent at 48.78 seconds.
Packet sent at 48.78 seconds.
Packet sent at 48.79 seconds.
Packet sent at 48.79 seconds.
Packet sent at 48.80 seconds.
Packet sent at 48.80 seconds.
Packet sent at 48.81 seconds.
Packet sent at 48.82 seconds.
Packet sent at 48.82 seconds.
Packet sent at 48.83 seconds.
Packet sent at 48.83 seconds.
Packet sent at 48.84 seconds.
Packet sent at 48.84 seconds.
Packet sent at 48.85 seconds.
Packet sent at 48.85 seconds.
Packet sent at 48.86 seconds.
Packet sent at 48.86 seconds.
Packet sent at 48.87 seconds.
Packet sent at 48.87 seconds.
Packet sent at 48.88 seconds.
Packet sent at 48.88 seconds.
Packet sent at 48.89 seconds.
Packet sent at 48.90 seconds.
Packet sent at 48.90 seconds.
Packet sent at 48.91 seconds.
Packet sent at 48.91 seconds.
Packet sent at 48.92 seconds.
Packet sent at 48.92 seconds.
Packet sent at 48.93 seconds.
Packet sent at 48.93 seconds.
Packet sent at 48.94 seconds.
Packet sent at 48.95 seconds.
Packet sent at 48.95 seconds.
Packet sent at 48.96 seconds.
Packet sent at 48.96 seconds.
Packet sent at 48.97 seconds.
Packet sent at 48.97 seconds.
Packet sent at 48.98 seconds.
Packet sent at 48.98 seconds.
Packet sent at 48.99 seconds.
Packet sent at 48.99 seconds.
Packet sent at 49.00 seconds.
Packet sent at 49.00 seconds.
Packet sent at 49.01 seconds.
Packet sent at 49.02 seconds.
Packet sent at 49.02 seconds.
Packet sent at 49.03 seconds.
Packet sent at 49.03 seconds.
Packet sent at 49.04 seconds.
Packet sent at 49.05 seconds.
Packet sent at 49.05 seconds.
Packet sent at 49.06 seconds.
Packet sent at 49.07 seconds.
Packet sent at 49.07 seconds.
Packet sent at 49.08 seconds.
Packet sent at 49.08 seconds.
Packet sent at 49.09 seconds.
Packet sent at 49.09 seconds.
Packet sent at 49.10 seconds.
Packet sent at 49.10 seconds.
Packet sent at 49.11 seconds.
Packet sent at 49.11 seconds.
Packet sent at 49.12 seconds.
Packet sent at 49.12 seconds.
Packet sent at 49.13 seconds.
Packet sent at 49.13 seconds.
Packet sent at 49.14 seconds.
Packet sent at 49.15 seconds.
Packet sent at 49.15 seconds.
Packet sent at 49.16 seconds.
Packet sent at 49.16 seconds.
Packet sent at 49.17 seconds.
Packet sent at 49.17 seconds.
Packet sent at 49.18 seconds.
Packet sent at 49.18 seconds.
Packet sent at 49.19 seconds.
Packet sent at 49.19 seconds.
Packet sent at 49.20 seconds.
Packet sent at 49.20 seconds.
Packet sent at 49.21 seconds.
Packet sent at 49.21 seconds.
Packet sent at 49.22 seconds.
Packet sent at 49.23 seconds.
Packet sent at 49.23 seconds.
Packet sent at 49.24 seconds.
Packet sent at 49.24 seconds.
Packet sent at 49.25 seconds.
Packet sent at 49.25 seconds.
Packet sent at 49.26 seconds.
Packet sent at 49.29 seconds.
Packet sent at 49.30 seconds.
Packet sent at 49.31 seconds.
Packet sent at 49.32 seconds.
Packet sent at 49.32 seconds.
Packet sent at 49.33 seconds.
Packet sent at 49.33 seconds.
Packet sent at 49.34 seconds.
Packet sent at 49.35 seconds.
Packet sent at 49.35 seconds.
Packet sent at 49.36 seconds.
Packet sent at 49.36 seconds.
Packet sent at 49.37 seconds.
Packet sent at 49.37 seconds.
Packet sent at 49.38 seconds.
Packet sent at 49.39 seconds.
Packet sent at 49.39 seconds.
Packet sent at 49.40 seconds.
Packet sent at 49.40 seconds.
Packet sent at 49.41 seconds.
Packet sent at 49.41 seconds.
Packet sent at 49.42 seconds.
Packet sent at 49.43 seconds.
Packet sent at 49.43 seconds.
Packet sent at 49.44 seconds.
Packet sent at 49.44 seconds.
Packet sent at 49.45 seconds.
Packet sent at 49.45 seconds.
Packet sent at 49.46 seconds.
Packet sent at 49.46 seconds.
Packet sent at 49.47 seconds.
Packet sent at 49.48 seconds.
Packet sent at 49.48 seconds.
Packet sent at 49.49 seconds.
Packet sent at 49.49 seconds.
Packet sent at 49.50 seconds.
Packet sent at 49.50 seconds.
Packet sent at 49.51 seconds.
Packet sent at 49.51 seconds.
Packet sent at 49.52 seconds.
Packet sent at 49.52 seconds.
Packet sent at 49.53 seconds.
Packet sent at 49.54 seconds.
Packet sent at 49.54 seconds.
Packet sent at 49.55 seconds.
Packet sent at 49.55 seconds.
Packet sent at 49.56 seconds.
Packet sent at 49.56 seconds.
Packet sent at 49.57 seconds.
Packet sent at 49.57 seconds.
Packet sent at 49.58 seconds.
Packet sent at 49.58 seconds.
Packet sent at 49.59 seconds.
Packet sent at 49.59 seconds.
Packet sent at 49.60 seconds.
Packet sent at 49.61 seconds.
Packet sent at 49.61 seconds.
Packet sent at 49.62 seconds.
Packet sent at 49.62 seconds.
Packet sent at 49.63 seconds.
Packet sent at 49.63 seconds.
Packet sent at 49.64 seconds.
Packet sent at 49.64 seconds.
Packet sent at 49.65 seconds.
Packet sent at 49.66 seconds.
Packet sent at 49.66 seconds.
Packet sent at 49.67 seconds.
Packet sent at 49.67 seconds.
Packet sent at 49.68 seconds.
Packet sent at 49.68 seconds.
Packet sent at 49.69 seconds.
Packet sent at 49.69 seconds.
Packet sent at 49.70 seconds.
Packet sent at 49.70 seconds.
Packet sent at 49.71 seconds.
Packet sent at 49.71 seconds.
Packet sent at 49.72 seconds.
Packet sent at 49.72 seconds.
Packet sent at 49.73 seconds.
Packet sent at 49.73 seconds.
Packet sent at 49.74 seconds.
Packet sent at 49.75 seconds.
Packet sent at 49.75 seconds.
Packet sent at 49.76 seconds.
Packet sent at 49.76 seconds.
Packet sent at 49.77 seconds.
Packet sent at 49.77 seconds.
Packet sent at 49.78 seconds.
Packet sent at 49.78 seconds.
Packet sent at 49.79 seconds.
Packet sent at 49.79 seconds.
Packet sent at 49.80 seconds.
Packet sent at 49.81 seconds.
Packet sent at 49.81 seconds.
Packet sent at 49.82 seconds.
Packet sent at 49.82 seconds.
Packet sent at 49.83 seconds.
Packet sent at 49.83 seconds.
Packet sent at 49.84 seconds.
Packet sent at 49.84 seconds.
Packet sent at 49.85 seconds.
Packet sent at 49.85 seconds.
Packet sent at 49.86 seconds.
Packet sent at 49.86 seconds.
Packet sent at 49.87 seconds.
Packet sent at 49.87 seconds.
Packet sent at 49.88 seconds.
Packet sent at 49.89 seconds.
Packet sent at 49.89 seconds.
Packet sent at 49.90 seconds.
Packet sent at 49.90 seconds.
Packet sent at 49.91 seconds.
Packet sent at 49.91 seconds.
Packet sent at 49.92 seconds.
Packet sent at 49.92 seconds.
Packet sent at 49.93 seconds.
Packet sent at 49.94 seconds.
Packet sent at 49.94 seconds.
Packet sent at 49.95 seconds.
Packet sent at 49.95 seconds.
Packet sent at 49.96 seconds.
Packet sent at 49.96 seconds.
Packet sent at 49.97 seconds.
Packet sent at 49.97 seconds.
Packet sent at 49.98 seconds.
Packet sent at 49.98 seconds.
Packet sent at 49.99 seconds.
Packet sent at 49.99 seconds.
Packet sent at 50.00 seconds.
Packet sent at 50.00 seconds.
Packet sending completed.
