Calling target program-options parser
[08:11:35.363] [bmv2] [D] [thread 3341] Set default default entry for table 'tbl_qos199': qos199 - 
[08:11:35.364] [bmv2] [D] [thread 3341] Set default default entry for table 'MyIngress.ipv4_lpm': NoAction - 
Adding interface s1-eth1 as port 1
[08:11:35.376] [bmv2] [D] [thread 3341] Adding interface s1-eth1 as port 1
Adding interface s1-eth2 as port 2
[08:11:35.390] [bmv2] [D] [thread 3341] Adding interface s1-eth2 as port 2
Adding interface s1-eth3 as port 3
[08:11:35.392] [bmv2] [D] [thread 3341] Adding interface s1-eth3 as port 3
Adding interface s1-eth4 as port 4
[08:11:35.399] [bmv2] [D] [thread 3341] Adding interface s1-eth4 as port 4
Server listening on 0.0.0.0:50051
[08:11:35.437] [bmv2] [I] [thread 3341] Starting Thrift server on port 9090
[08:11:35.447] [bmv2] [I] [thread 3341] Thrift server was started
[08:11:35.472] [bmv2] [D] [thread 3356] [0.0] [cxt 0] Processing packet received on port 1
[08:11:35.472] [bmv2] [D] [thread 3356] [0.0] [cxt 0] Parser 'parser': start
[08:11:35.473] [bmv2] [D] [thread 3356] [0.0] [cxt 0] Parser 'parser' entering state 'start'
[08:11:35.473] [bmv2] [D] [thread 3356] [0.0] [cxt 0] Extracting header 'ethernet'
[08:11:35.475] [bmv2] [D] [thread 3356] [0.0] [cxt 0] Parser state 'start': key is 86dd
[08:11:35.475] [bmv2] [T] [thread 3356] [0.0] [cxt 0] Bytes parsed: 14
[08:11:35.475] [bmv2] [D] [thread 3356] [0.0] [cxt 0] Parser 'parser': end
[08:11:35.476] [bmv2] [D] [thread 3356] [0.0] [cxt 0] Pipeline 'ingress': start
[08:11:35.476] [bmv2] [T] [thread 3356] [0.0] [cxt 0] qos.p4(197) Condition "hdr.ipv4.isValid()" (node_2) is false
[08:11:35.476] [bmv2] [D] [thread 3356] [0.0] [cxt 0] Pipeline 'ingress': end
[08:11:35.477] [bmv2] [D] [thread 3356] [0.0] [cxt 0] Egress port is 0
[08:11:35.483] [bmv2] [D] [thread 3357] [0.0] [cxt 0] Pipeline 'egress': start
[08:11:35.483] [bmv2] [D] [thread 3357] [0.0] [cxt 0] Pipeline 'egress': end
[08:11:35.483] [bmv2] [D] [thread 3357] [0.0] [cxt 0] Deparser 'deparser': start
[08:11:35.483] [bmv2] [T] [thread 3357] [0.0] [cxt 0] Skipping checksum 'cksum' update because condition not met
[08:11:35.484] [bmv2] [D] [thread 3357] [0.0] [cxt 0] Deparsing header 'ethernet'
[08:11:35.484] [bmv2] [D] [thread 3357] [0.0] [cxt 0] Deparser 'deparser': end
[08:11:35.485] [bmv2] [D] [thread 3361] [0.0] [cxt 0] Transmitting packet of size 90 out of port 0
[08:11:35.488] [bmv2] [D] [thread 3356] [1.0] [cxt 0] Processing packet received on port 2
[08:11:35.488] [bmv2] [D] [thread 3356] [1.0] [cxt 0] Parser 'parser': start
[08:11:35.488] [bmv2] [D] [thread 3356] [1.0] [cxt 0] Parser 'parser' entering state 'start'
[08:11:35.488] [bmv2] [D] [thread 3356] [1.0] [cxt 0] Extracting header 'ethernet'
[08:11:35.488] [bmv2] [D] [thread 3356] [1.0] [cxt 0] Parser state 'start': key is 86dd
[08:11:35.488] [bmv2] [T] [thread 3356] [1.0] [cxt 0] Bytes parsed: 14
[08:11:35.488] [bmv2] [D] [thread 3356] [1.0] [cxt 0] Parser 'parser': end
[08:11:35.488] [bmv2] [D] [thread 3356] [1.0] [cxt 0] Pipeline 'ingress': start
[08:11:35.488] [bmv2] [T] [thread 3356] [1.0] [cxt 0] qos.p4(197) Condition "hdr.ipv4.isValid()" (node_2) is false
[08:11:35.488] [bmv2] [D] [thread 3356] [1.0] [cxt 0] Pipeline 'ingress': end
[08:11:35.488] [bmv2] [D] [thread 3356] [1.0] [cxt 0] Egress port is 0
[08:11:35.488] [bmv2] [D] [thread 3357] [1.0] [cxt 0] Pipeline 'egress': start
[08:11:35.488] [bmv2] [D] [thread 3357] [1.0] [cxt 0] Pipeline 'egress': end
[08:11:35.488] [bmv2] [D] [thread 3357] [1.0] [cxt 0] Deparser 'deparser': start
[08:11:35.488] [bmv2] [T] [thread 3357] [1.0] [cxt 0] Skipping checksum 'cksum' update because condition not met
[08:11:35.488] [bmv2] [D] [thread 3357] [1.0] [cxt 0] Deparsing header 'ethernet'
[08:11:35.488] [bmv2] [D] [thread 3357] [1.0] [cxt 0] Deparser 'deparser': end
[08:11:35.488] [bmv2] [D] [thread 3361] [1.0] [cxt 0] Transmitting packet of size 90 out of port 0
[08:11:35.489] [bmv2] [D] [thread 3356] [2.0] [cxt 0] Processing packet received on port 1
[08:11:35.489] [bmv2] [D] [thread 3356] [2.0] [cxt 0] Parser 'parser': start
[08:11:35.489] [bmv2] [D] [thread 3356] [2.0] [cxt 0] Parser 'parser' entering state 'start'
[08:11:35.489] [bmv2] [D] [thread 3356] [2.0] [cxt 0] Extracting header 'ethernet'
[08:11:35.489] [bmv2] [D] [thread 3356] [2.0] [cxt 0] Parser state 'start': key is 86dd
[08:11:35.489] [bmv2] [T] [thread 3356] [2.0] [cxt 0] Bytes parsed: 14
[08:11:35.489] [bmv2] [D] [thread 3356] [2.0] [cxt 0] Parser 'parser': end
[08:11:35.489] [bmv2] [D] [thread 3356] [2.0] [cxt 0] Pipeline 'ingress': start
[08:11:35.489] [bmv2] [T] [thread 3356] [2.0] [cxt 0] qos.p4(197) Condition "hdr.ipv4.isValid()" (node_2) is false
[08:11:35.489] [bmv2] [D] [thread 3356] [2.0] [cxt 0] Pipeline 'ingress': end
[08:11:35.489] [bmv2] [D] [thread 3356] [2.0] [cxt 0] Egress port is 0
[08:11:35.489] [bmv2] [D] [thread 3357] [2.0] [cxt 0] Pipeline 'egress': start
[08:11:35.489] [bmv2] [D] [thread 3357] [2.0] [cxt 0] Pipeline 'egress': end
[08:11:35.489] [bmv2] [D] [thread 3357] [2.0] [cxt 0] Deparser 'deparser': start
[08:11:35.489] [bmv2] [T] [thread 3357] [2.0] [cxt 0] Skipping checksum 'cksum' update because condition not met
[08:11:35.489] [bmv2] [D] [thread 3357] [2.0] [cxt 0] Deparsing header 'ethernet'
[08:11:35.489] [bmv2] [D] [thread 3357] [2.0] [cxt 0] Deparser 'deparser': end
[08:11:35.489] [bmv2] [D] [thread 3361] [2.0] [cxt 0] Transmitting packet of size 70 out of port 0
[08:11:35.489] [bmv2] [D] [thread 3356] [3.0] [cxt 0] Processing packet received on port 2
[08:11:35.489] [bmv2] [D] [thread 3356] [3.0] [cxt 0] Parser 'parser': start
[08:11:35.489] [bmv2] [D] [thread 3356] [3.0] [cxt 0] Parser 'parser' entering state 'start'
[08:11:35.489] [bmv2] [D] [thread 3356] [3.0] [cxt 0] Extracting header 'ethernet'
[08:11:35.491] [bmv2] [D] [thread 3356] [3.0] [cxt 0] Parser state 'start': key is 86dd
[08:11:35.491] [bmv2] [T] [thread 3356] [3.0] [cxt 0] Bytes parsed: 14
[08:11:35.491] [bmv2] [D] [thread 3356] [3.0] [cxt 0] Parser 'parser': end
[08:11:35.491] [bmv2] [D] [thread 3356] [3.0] [cxt 0] Pipeline 'ingress': start
[08:11:35.491] [bmv2] [T] [thread 3356] [3.0] [cxt 0] qos.p4(197) Condition "hdr.ipv4.isValid()" (node_2) is false
[08:11:35.491] [bmv2] [D] [thread 3356] [3.0] [cxt 0] Pipeline 'ingress': end
[08:11:35.491] [bmv2] [D] [thread 3356] [3.0] [cxt 0] Egress port is 0
[08:11:35.491] [bmv2] [D] [thread 3357] [3.0] [cxt 0] Pipeline 'egress': start
[08:11:35.491] [bmv2] [D] [thread 3357] [3.0] [cxt 0] Pipeline 'egress': end
[08:11:35.491] [bmv2] [D] [thread 3357] [3.0] [cxt 0] Deparser 'deparser': start
[08:11:35.491] [bmv2] [T] [thread 3357] [3.0] [cxt 0] Skipping checksum 'cksum' update because condition not met
[08:11:35.491] [bmv2] [D] [thread 3357] [3.0] [cxt 0] Deparsing header 'ethernet'
[08:11:35.491] [bmv2] [D] [thread 3357] [3.0] [cxt 0] Deparser 'deparser': end
[08:11:35.491] [bmv2] [D] [thread 3361] [3.0] [cxt 0] Transmitting packet of size 70 out of port 0
[08:11:35.506] [bmv2] [D] [thread 3356] [4.0] [cxt 0] Processing packet received on port 1
[08:11:35.506] [bmv2] [D] [thread 3356] [4.0] [cxt 0] Parser 'parser': start
[08:11:35.506] [bmv2] [D] [thread 3356] [4.0] [cxt 0] Parser 'parser' entering state 'start'
[08:11:35.506] [bmv2] [D] [thread 3356] [4.0] [cxt 0] Extracting header 'ethernet'
[08:11:35.506] [bmv2] [D] [thread 3356] [4.0] [cxt 0] Parser state 'start': key is 86dd
[08:11:35.506] [bmv2] [T] [thread 3356] [4.0] [cxt 0] Bytes parsed: 14
[08:11:35.506] [bmv2] [D] [thread 3356] [4.0] [cxt 0] Parser 'parser': end
[08:11:35.506] [bmv2] [D] [thread 3356] [4.0] [cxt 0] Pipeline 'ingress': start
[08:11:35.506] [bmv2] [T] [thread 3356] [4.0] [cxt 0] qos.p4(197) Condition "hdr.ipv4.isValid()" (node_2) is false
[08:11:35.506] [bmv2] [D] [thread 3356] [4.0] [cxt 0] Pipeline 'ingress': end
[08:11:35.506] [bmv2] [D] [thread 3356] [4.0] [cxt 0] Egress port is 0
[08:11:35.506] [bmv2] [D] [thread 3357] [4.0] [cxt 0] Pipeline 'egress': start
[08:11:35.506] [bmv2] [D] [thread 3357] [4.0] [cxt 0] Pipeline 'egress': end
[08:11:35.506] [bmv2] [D] [thread 3357] [4.0] [cxt 0] Deparser 'deparser': start
[08:11:35.506] [bmv2] [T] [thread 3357] [4.0] [cxt 0] Skipping checksum 'cksum' update because condition not met
[08:11:35.506] [bmv2] [D] [thread 3357] [4.0] [cxt 0] Deparsing header 'ethernet'
[08:11:35.506] [bmv2] [D] [thread 3357] [4.0] [cxt 0] Deparser 'deparser': end
[08:11:35.506] [bmv2] [D] [thread 3361] [4.0] [cxt 0] Transmitting packet of size 90 out of port 0
[08:11:35.690] [bmv2] [D] [thread 3356] [5.0] [cxt 0] Processing packet received on port 1
[08:11:35.690] [bmv2] [D] [thread 3356] [5.0] [cxt 0] Parser 'parser': start
[08:11:35.690] [bmv2] [D] [thread 3356] [5.0] [cxt 0] Parser 'parser' entering state 'start'
[08:11:35.690] [bmv2] [D] [thread 3356] [5.0] [cxt 0] Extracting header 'ethernet'
[08:11:35.690] [bmv2] [D] [thread 3356] [5.0] [cxt 0] Parser state 'start': key is 86dd
[08:11:35.690] [bmv2] [T] [thread 3356] [5.0] [cxt 0] Bytes parsed: 14
[08:11:35.690] [bmv2] [D] [thread 3356] [5.0] [cxt 0] Parser 'parser': end
[08:11:35.690] [bmv2] [D] [thread 3356] [5.0] [cxt 0] Pipeline 'ingress': start
[08:11:35.690] [bmv2] [T] [thread 3356] [5.0] [cxt 0] qos.p4(197) Condition "hdr.ipv4.isValid()" (node_2) is false
[08:11:35.690] [bmv2] [D] [thread 3356] [5.0] [cxt 0] Pipeline 'ingress': end
[08:11:35.690] [bmv2] [D] [thread 3356] [5.0] [cxt 0] Egress port is 0
[08:11:35.690] [bmv2] [D] [thread 3357] [5.0] [cxt 0] Pipeline 'egress': start
[08:11:35.690] [bmv2] [D] [thread 3357] [5.0] [cxt 0] Pipeline 'egress': end
[08:11:35.690] [bmv2] [D] [thread 3357] [5.0] [cxt 0] Deparser 'deparser': start
[08:11:35.690] [bmv2] [T] [thread 3357] [5.0] [cxt 0] Skipping checksum 'cksum' update because condition not met
[08:11:35.690] [bmv2] [D] [thread 3357] [5.0] [cxt 0] Deparsing header 'ethernet'
[08:11:35.690] [bmv2] [D] [thread 3357] [5.0] [cxt 0] Deparser 'deparser': end
[08:11:35.690] [bmv2] [D] [thread 3361] [5.0] [cxt 0] Transmitting packet of size 90 out of port 0
[08:11:35.787] [bmv2] [D] [thread 3356] [6.0] [cxt 0] Processing packet received on port 3
[08:11:35.787] [bmv2] [D] [thread 3356] [6.0] [cxt 0] Parser 'parser': start
[08:11:35.787] [bmv2] [D] [thread 3356] [6.0] [cxt 0] Parser 'parser' entering state 'start'
[08:11:35.787] [bmv2] [D] [thread 3356] [6.0] [cxt 0] Extracting header 'ethernet'
[08:11:35.787] [bmv2] [D] [thread 3356] [6.0] [cxt 0] Parser state 'start': key is 86dd
[08:11:35.787] [bmv2] [T] [thread 3356] [6.0] [cxt 0] Bytes parsed: 14
[08:11:35.787] [bmv2] [D] [thread 3356] [6.0] [cxt 0] Parser 'parser': end
[08:11:35.787] [bmv2] [D] [thread 3356] [6.0] [cxt 0] Pipeline 'ingress': start
[08:11:35.787] [bmv2] [T] [thread 3356] [6.0] [cxt 0] qos.p4(197) Condition "hdr.ipv4.isValid()" (node_2) is false
[08:11:35.787] [bmv2] [D] [thread 3356] [6.0] [cxt 0] Pipeline 'ingress': end
[08:11:35.787] [bmv2] [D] [thread 3356] [6.0] [cxt 0] Egress port is 0
[08:11:35.787] [bmv2] [D] [thread 3356] [7.0] [cxt 0] Processing packet received on port 3
[08:11:35.787] [bmv2] [D] [thread 3356] [7.0] [cxt 0] Parser 'parser': start
[08:11:35.787] [bmv2] [D] [thread 3356] [7.0] [cxt 0] Parser 'parser' entering state 'start'
[08:11:35.787] [bmv2] [D] [thread 3356] [7.0] [cxt 0] Extracting header 'ethernet'
[08:11:35.787] [bmv2] [D] [thread 3356] [7.0] [cxt 0] Parser state 'start': key is 86dd
[08:11:35.787] [bmv2] [T] [thread 3356] [7.0] [cxt 0] Bytes parsed: 14
[08:11:35.787] [bmv2] [D] [thread 3356] [7.0] [cxt 0] Parser 'parser': end
[08:11:35.787] [bmv2] [D] [thread 3356] [7.0] [cxt 0] Pipeline 'ingress': start
[08:11:35.787] [bmv2] [T] [thread 3356] [7.0] [cxt 0] qos.p4(197) Condition "hdr.ipv4.isValid()" (node_2) is false
[08:11:35.788] [bmv2] [D] [thread 3356] [7.0] [cxt 0] Pipeline 'ingress': end
[08:11:35.788] [bmv2] [D] [thread 3356] [7.0] [cxt 0] Egress port is 0
[08:11:35.788] [bmv2] [D] [thread 3357] [6.0] [cxt 0] Pipeline 'egress': start
[08:11:35.788] [bmv2] [D] [thread 3357] [6.0] [cxt 0] Pipeline 'egress': end
[08:11:35.788] [bmv2] [D] [thread 3357] [6.0] [cxt 0] Deparser 'deparser': start
[08:11:35.788] [bmv2] [T] [thread 3357] [6.0] [cxt 0] Skipping checksum 'cksum' update because condition not met
[08:11:35.788] [bmv2] [D] [thread 3357] [6.0] [cxt 0] Deparsing header 'ethernet'
[08:11:35.788] [bmv2] [D] [thread 3357] [6.0] [cxt 0] Deparser 'deparser': end
[08:11:35.788] [bmv2] [D] [thread 3357] [7.0] [cxt 0] Pipeline 'egress': start
[08:11:35.788] [bmv2] [D] [thread 3357] [7.0] [cxt 0] Pipeline 'egress': end
[08:11:35.788] [bmv2] [D] [thread 3357] [7.0] [cxt 0] Deparser 'deparser': start
[08:11:35.788] [bmv2] [T] [thread 3357] [7.0] [cxt 0] Skipping checksum 'cksum' update because condition not met
[08:11:35.788] [bmv2] [D] [thread 3357] [7.0] [cxt 0] Deparsing header 'ethernet'
[08:11:35.788] [bmv2] [D] [thread 3357] [7.0] [cxt 0] Deparser 'deparser': end
[08:11:35.791] [bmv2] [D] [thread 3361] [6.0] [cxt 0] Transmitting packet of size 90 out of port 0
[08:11:35.791] [bmv2] [D] [thread 3361] [7.0] [cxt 0] Transmitting packet of size 70 out of port 0
[08:11:35.952] [bmv2] [D] [thread 3356] [8.0] [cxt 0] Processing packet received on port 3
[08:11:35.952] [bmv2] [D] [thread 3356] [8.0] [cxt 0] Parser 'parser': start
[08:11:35.952] [bmv2] [D] [thread 3356] [8.0] [cxt 0] Parser 'parser' entering state 'start'
[08:11:35.952] [bmv2] [D] [thread 3356] [8.0] [cxt 0] Extracting header 'ethernet'
[08:11:35.952] [bmv2] [D] [thread 3356] [8.0] [cxt 0] Parser state 'start': key is 86dd
[08:11:35.952] [bmv2] [T] [thread 3356] [8.0] [cxt 0] Bytes parsed: 14
[08:11:35.952] [bmv2] [D] [thread 3356] [8.0] [cxt 0] Parser 'parser': end
[08:11:35.952] [bmv2] [D] [thread 3356] [8.0] [cxt 0] Pipeline 'ingress': start
[08:11:35.953] [bmv2] [T] [thread 3356] [8.0] [cxt 0] qos.p4(197) Condition "hdr.ipv4.isValid()" (node_2) is false
[08:11:35.953] [bmv2] [D] [thread 3356] [8.0] [cxt 0] Pipeline 'ingress': end
[08:11:35.953] [bmv2] [D] [thread 3356] [8.0] [cxt 0] Egress port is 0
[08:11:35.953] [bmv2] [D] [thread 3357] [8.0] [cxt 0] Pipeline 'egress': start
[08:11:35.953] [bmv2] [D] [thread 3357] [8.0] [cxt 0] Pipeline 'egress': end
[08:11:35.953] [bmv2] [D] [thread 3357] [8.0] [cxt 0] Deparser 'deparser': start
[08:11:35.953] [bmv2] [T] [thread 3357] [8.0] [cxt 0] Skipping checksum 'cksum' update because condition not met
[08:11:35.953] [bmv2] [D] [thread 3357] [8.0] [cxt 0] Deparsing header 'ethernet'
[08:11:35.953] [bmv2] [D] [thread 3357] [8.0] [cxt 0] Deparser 'deparser': end
[08:11:35.953] [bmv2] [D] [thread 3361] [8.0] [cxt 0] Transmitting packet of size 90 out of port 0
[08:11:36.082] [bmv2] [D] [thread 3356] [9.0] [cxt 0] Processing packet received on port 4
[08:11:36.082] [bmv2] [D] [thread 3356] [9.0] [cxt 0] Parser 'parser': start
[08:11:36.082] [bmv2] [D] [thread 3356] [9.0] [cxt 0] Parser 'parser' entering state 'start'
[08:11:36.082] [bmv2] [D] [thread 3356] [9.0] [cxt 0] Extracting header 'ethernet'
[08:11:36.082] [bmv2] [D] [thread 3356] [9.0] [cxt 0] Parser state 'start': key is 86dd
[08:11:36.082] [bmv2] [T] [thread 3356] [9.0] [cxt 0] Bytes parsed: 14
[08:11:36.083] [bmv2] [D] [thread 3356] [9.0] [cxt 0] Parser 'parser': end
[08:11:36.083] [bmv2] [D] [thread 3356] [9.0] [cxt 0] Pipeline 'ingress': start
[08:11:36.083] [bmv2] [T] [thread 3356] [9.0] [cxt 0] qos.p4(197) Condition "hdr.ipv4.isValid()" (node_2) is false
[08:11:36.083] [bmv2] [D] [thread 3356] [9.0] [cxt 0] Pipeline 'ingress': end
[08:11:36.083] [bmv2] [D] [thread 3356] [9.0] [cxt 0] Egress port is 0
[08:11:36.083] [bmv2] [D] [thread 3356] [10.0] [cxt 0] Processing packet received on port 4
[08:11:36.083] [bmv2] [D] [thread 3356] [10.0] [cxt 0] Parser 'parser': start
[08:11:36.083] [bmv2] [D] [thread 3356] [10.0] [cxt 0] Parser 'parser' entering state 'start'
[08:11:36.083] [bmv2] [D] [thread 3356] [10.0] [cxt 0] Extracting header 'ethernet'
[08:11:36.083] [bmv2] [D] [thread 3356] [10.0] [cxt 0] Parser state 'start': key is 86dd
[08:11:36.083] [bmv2] [T] [thread 3356] [10.0] [cxt 0] Bytes parsed: 14
[08:11:36.083] [bmv2] [D] [thread 3356] [10.0] [cxt 0] Parser 'parser': end
[08:11:36.083] [bmv2] [D] [thread 3356] [10.0] [cxt 0] Pipeline 'ingress': start
[08:11:36.083] [bmv2] [T] [thread 3356] [10.0] [cxt 0] qos.p4(197) Condition "hdr.ipv4.isValid()" (node_2) is false
[08:11:36.083] [bmv2] [D] [thread 3356] [10.0] [cxt 0] Pipeline 'ingress': end
[08:11:36.083] [bmv2] [D] [thread 3356] [10.0] [cxt 0] Egress port is 0
[08:11:36.083] [bmv2] [D] [thread 3357] [9.0] [cxt 0] Pipeline 'egress': start
[08:11:36.083] [bmv2] [D] [thread 3357] [9.0] [cxt 0] Pipeline 'egress': end
[08:11:36.083] [bmv2] [D] [thread 3357] [9.0] [cxt 0] Deparser 'deparser': start
[08:11:36.083] [bmv2] [T] [thread 3357] [9.0] [cxt 0] Skipping checksum 'cksum' update because condition not met
[08:11:36.083] [bmv2] [D] [thread 3357] [9.0] [cxt 0] Deparsing header 'ethernet'
[08:11:36.083] [bmv2] [D] [thread 3357] [9.0] [cxt 0] Deparser 'deparser': end
[08:11:36.083] [bmv2] [D] [thread 3357] [10.0] [cxt 0] Pipeline 'egress': start
[08:11:36.083] [bmv2] [D] [thread 3357] [10.0] [cxt 0] Pipeline 'egress': end
[08:11:36.083] [bmv2] [D] [thread 3357] [10.0] [cxt 0] Deparser 'deparser': start
[08:11:36.083] [bmv2] [T] [thread 3357] [10.0] [cxt 0] Skipping checksum 'cksum' update because condition not met
[08:11:36.084] [bmv2] [D] [thread 3357] [10.0] [cxt 0] Deparsing header 'ethernet'
[08:11:36.084] [bmv2] [D] [thread 3357] [10.0] [cxt 0] Deparser 'deparser': end
[08:11:36.084] [bmv2] [D] [thread 3361] [9.0] [cxt 0] Transmitting packet of size 90 out of port 0
[08:11:36.084] [bmv2] [D] [thread 3361] [10.0] [cxt 0] Transmitting packet of size 70 out of port 0
[08:11:36.113] [bmv2] [D] [thread 3356] [11.0] [cxt 0] Processing packet received on port 2
[08:11:36.114] [bmv2] [D] [thread 3356] [11.0] [cxt 0] Parser 'parser': start
[08:11:36.114] [bmv2] [D] [thread 3356] [11.0] [cxt 0] Parser 'parser' entering state 'start'
[08:11:36.114] [bmv2] [D] [thread 3356] [11.0] [cxt 0] Extracting header 'ethernet'
[08:11:36.114] [bmv2] [D] [thread 3356] [11.0] [cxt 0] Parser state 'start': key is 86dd
[08:11:36.114] [bmv2] [T] [thread 3356] [11.0] [cxt 0] Bytes parsed: 14
[08:11:36.114] [bmv2] [D] [thread 3356] [11.0] [cxt 0] Parser 'parser': end
[08:11:36.114] [bmv2] [D] [thread 3356] [11.0] [cxt 0] Pipeline 'ingress': start
[08:11:36.114] [bmv2] [T] [thread 3356] [11.0] [cxt 0] qos.p4(197) Condition "hdr.ipv4.isValid()" (node_2) is false
[08:11:36.114] [bmv2] [D] [thread 3356] [11.0] [cxt 0] Pipeline 'ingress': end
[08:11:36.114] [bmv2] [D] [thread 3356] [11.0] [cxt 0] Egress port is 0
[08:11:36.114] [bmv2] [D] [thread 3357] [11.0] [cxt 0] Pipeline 'egress': start
[08:11:36.114] [bmv2] [D] [thread 3357] [11.0] [cxt 0] Pipeline 'egress': end
[08:11:36.114] [bmv2] [D] [thread 3357] [11.0] [cxt 0] Deparser 'deparser': start
[08:11:36.115] [bmv2] [T] [thread 3357] [11.0] [cxt 0] Skipping checksum 'cksum' update because condition not met
[08:11:36.115] [bmv2] [D] [thread 3357] [11.0] [cxt 0] Deparsing header 'ethernet'
[08:11:36.115] [bmv2] [D] [thread 3357] [11.0] [cxt 0] Deparser 'deparser': end
[08:11:36.115] [bmv2] [D] [thread 3361] [11.0] [cxt 0] Transmitting packet of size 90 out of port 0
[08:11:36.586] [bmv2] [D] [thread 3356] [12.0] [cxt 0] Processing packet received on port 3
[08:11:36.586] [bmv2] [D] [thread 3356] [12.0] [cxt 0] Parser 'parser': start
[08:11:36.586] [bmv2] [D] [thread 3356] [12.0] [cxt 0] Parser 'parser' entering state 'start'
[08:11:36.586] [bmv2] [D] [thread 3356] [12.0] [cxt 0] Extracting header 'ethernet'
[08:11:36.587] [bmv2] [D] [thread 3356] [12.0] [cxt 0] Parser state 'start': key is 86dd
[08:11:36.587] [bmv2] [T] [thread 3356] [12.0] [cxt 0] Bytes parsed: 14
[08:11:36.587] [bmv2] [D] [thread 3356] [12.0] [cxt 0] Parser 'parser': end
[08:11:36.587] [bmv2] [D] [thread 3356] [12.0] [cxt 0] Pipeline 'ingress': start
[08:11:36.587] [bmv2] [T] [thread 3356] [12.0] [cxt 0] qos.p4(197) Condition "hdr.ipv4.isValid()" (node_2) is false
[08:11:36.587] [bmv2] [D] [thread 3356] [12.0] [cxt 0] Pipeline 'ingress': end
[08:11:36.587] [bmv2] [D] [thread 3356] [12.0] [cxt 0] Egress port is 0
[08:11:36.587] [bmv2] [D] [thread 3357] [12.0] [cxt 0] Pipeline 'egress': start
[08:11:36.587] [bmv2] [D] [thread 3357] [12.0] [cxt 0] Pipeline 'egress': end
[08:11:36.587] [bmv2] [D] [thread 3357] [12.0] [cxt 0] Deparser 'deparser': start
[08:11:36.587] [bmv2] [T] [thread 3357] [12.0] [cxt 0] Skipping checksum 'cksum' update because condition not met
[08:11:36.587] [bmv2] [D] [thread 3357] [12.0] [cxt 0] Deparsing header 'ethernet'
[08:11:36.587] [bmv2] [D] [thread 3357] [12.0] [cxt 0] Deparser 'deparser': end
[08:11:36.587] [bmv2] [D] [thread 3361] [12.0] [cxt 0] Transmitting packet of size 90 out of port 0
[08:11:37.008] [bmv2] [D] [thread 3356] [13.0] [cxt 0] Processing packet received on port 4
[08:11:37.008] [bmv2] [D] [thread 3356] [13.0] [cxt 0] Parser 'parser': start
[08:11:37.008] [bmv2] [D] [thread 3356] [13.0] [cxt 0] Parser 'parser' entering state 'start'
[08:11:37.008] [bmv2] [D] [thread 3356] [13.0] [cxt 0] Extracting header 'ethernet'
[08:11:37.008] [bmv2] [D] [thread 3356] [13.0] [cxt 0] Parser state 'start': key is 86dd
[08:11:37.008] [bmv2] [T] [thread 3356] [13.0] [cxt 0] Bytes parsed: 14
[08:11:37.008] [bmv2] [D] [thread 3356] [13.0] [cxt 0] Parser 'parser': end
[08:11:37.009] [bmv2] [D] [thread 3356] [13.0] [cxt 0] Pipeline 'ingress': start
[08:11:37.009] [bmv2] [T] [thread 3356] [13.0] [cxt 0] qos.p4(197) Condition "hdr.ipv4.isValid()" (node_2) is false
[08:11:37.009] [bmv2] [D] [thread 3356] [13.0] [cxt 0] Pipeline 'ingress': end
[08:11:37.009] [bmv2] [D] [thread 3356] [13.0] [cxt 0] Egress port is 0
[08:11:37.009] [bmv2] [D] [thread 3357] [13.0] [cxt 0] Pipeline 'egress': start
[08:11:37.009] [bmv2] [D] [thread 3357] [13.0] [cxt 0] Pipeline 'egress': end
[08:11:37.009] [bmv2] [D] [thread 3357] [13.0] [cxt 0] Deparser 'deparser': start
[08:11:37.009] [bmv2] [T] [thread 3357] [13.0] [cxt 0] Skipping checksum 'cksum' update because condition not met
[08:11:37.009] [bmv2] [D] [thread 3357] [13.0] [cxt 0] Deparsing header 'ethernet'
[08:11:37.009] [bmv2] [D] [thread 3357] [13.0] [cxt 0] Deparser 'deparser': end
[08:11:37.009] [bmv2] [D] [thread 3361] [13.0] [cxt 0] Transmitting packet of size 90 out of port 0
[08:11:38.975] [bmv2] [W] [thread 3428] [P4Runtime] p4::tmp::P4DeviceConfig is deprecated
[08:11:38.985] [bmv2] [D] [thread 3428] Set default default entry for table 'tbl_qos199': qos199 - 
[08:11:38.985] [bmv2] [D] [thread 3428] Set default default entry for table 'MyIngress.ipv4_lpm': NoAction - 
[08:11:38.994] [bmv2] [D] [thread 3428] simple_switch target has been notified of a config swap
[08:11:39.028] [bmv2] [D] [thread 3429] Entry 0 added to table 'MyIngress.ipv4_lpm'
[08:11:39.030] [bmv2] [D] [thread 3429] Dumping entry 0
Match key:
* hdr.ipv4.dstAddr    : LPM       0a000101/32
Action entry: MyIngress.ipv4_forward - 80000000101,2,

[08:11:39.044] [bmv2] [D] [thread 3428] Entry 1 added to table 'MyIngress.ipv4_lpm'
[08:11:39.044] [bmv2] [D] [thread 3428] Dumping entry 1
Match key:
* hdr.ipv4.dstAddr    : LPM       0a00010b/32
Action entry: MyIngress.ipv4_forward - 80000000111,1,

[08:11:39.058] [bmv2] [D] [thread 3428] Entry 2 added to table 'MyIngress.ipv4_lpm'
[08:11:39.058] [bmv2] [D] [thread 3428] Dumping entry 2
Match key:
* hdr.ipv4.dstAddr    : LPM       0a000200/24
Action entry: MyIngress.ipv4_forward - 80000000200,3,

[08:11:39.063] [bmv2] [D] [thread 3435] Entry 3 added to table 'MyIngress.ipv4_lpm'
[08:11:39.063] [bmv2] [D] [thread 3435] Dumping entry 3
Match key:
* hdr.ipv4.dstAddr    : LPM       0a000300/24
Action entry: MyIngress.ipv4_forward - 80000000300,4,

[08:11:39.245] [bmv2] [D] [thread 3356] [14.0] [cxt 0] Processing packet received on port 2
[08:11:39.245] [bmv2] [D] [thread 3356] [14.0] [cxt 0] Parser 'parser': start
[08:11:39.245] [bmv2] [D] [thread 3356] [14.0] [cxt 0] Parser 'parser' entering state 'start'
[08:11:39.245] [bmv2] [D] [thread 3356] [14.0] [cxt 0] Extracting header 'ethernet'
[08:11:39.245] [bmv2] [D] [thread 3356] [14.0] [cxt 0] Parser state 'start': key is 86dd
[08:11:39.245] [bmv2] [T] [thread 3356] [14.0] [cxt 0] Bytes parsed: 14
[08:11:39.245] [bmv2] [D] [thread 3356] [14.0] [cxt 0] Parser 'parser': end
[08:11:39.245] [bmv2] [D] [thread 3356] [14.0] [cxt 0] Pipeline 'ingress': start
[08:11:39.245] [bmv2] [T] [thread 3356] [14.0] [cxt 0] qos.p4(197) Condition "hdr.ipv4.isValid()" (node_2) is false
[08:11:39.245] [bmv2] [D] [thread 3356] [14.0] [cxt 0] Pipeline 'ingress': end
[08:11:39.245] [bmv2] [D] [thread 3356] [14.0] [cxt 0] Egress port is 0
[08:11:39.245] [bmv2] [D] [thread 3356] [15.0] [cxt 0] Processing packet received on port 3
[08:11:39.245] [bmv2] [D] [thread 3356] [15.0] [cxt 0] Parser 'parser': start
[08:11:39.245] [bmv2] [D] [thread 3356] [15.0] [cxt 0] Parser 'parser' entering state 'start'
[08:11:39.246] [bmv2] [D] [thread 3356] [15.0] [cxt 0] Extracting header 'ethernet'
[08:11:39.246] [bmv2] [D] [thread 3356] [15.0] [cxt 0] Parser state 'start': key is 86dd
[08:11:39.246] [bmv2] [T] [thread 3356] [15.0] [cxt 0] Bytes parsed: 14
[08:11:39.246] [bmv2] [D] [thread 3356] [15.0] [cxt 0] Parser 'parser': end
[08:11:39.246] [bmv2] [D] [thread 3356] [15.0] [cxt 0] Pipeline 'ingress': start
[08:11:39.246] [bmv2] [T] [thread 3356] [15.0] [cxt 0] qos.p4(197) Condition "hdr.ipv4.isValid()" (node_2) is false
[08:11:39.246] [bmv2] [D] [thread 3356] [15.0] [cxt 0] Pipeline 'ingress': end
[08:11:39.246] [bmv2] [D] [thread 3356] [15.0] [cxt 0] Egress port is 0
[08:11:39.246] [bmv2] [D] [thread 3356] [16.0] [cxt 0] Processing packet received on port 4
[08:11:39.246] [bmv2] [D] [thread 3356] [16.0] [cxt 0] Parser 'parser': start
[08:11:39.246] [bmv2] [D] [thread 3356] [16.0] [cxt 0] Parser 'parser' entering state 'start'
[08:11:39.246] [bmv2] [D] [thread 3356] [16.0] [cxt 0] Extracting header 'ethernet'
[08:11:39.246] [bmv2] [D] [thread 3356] [16.0] [cxt 0] Parser state 'start': key is 86dd
[08:11:39.246] [bmv2] [T] [thread 3356] [16.0] [cxt 0] Bytes parsed: 14
[08:11:39.246] [bmv2] [D] [thread 3356] [16.0] [cxt 0] Parser 'parser': end
[08:11:39.246] [bmv2] [D] [thread 3356] [16.0] [cxt 0] Pipeline 'ingress': start
[08:11:39.246] [bmv2] [T] [thread 3356] [16.0] [cxt 0] qos.p4(197) Condition "hdr.ipv4.isValid()" (node_2) is false
[08:11:39.246] [bmv2] [D] [thread 3356] [16.0] [cxt 0] Pipeline 'ingress': end
[08:11:39.246] [bmv2] [D] [thread 3356] [16.0] [cxt 0] Egress port is 0
[08:11:39.247] [bmv2] [D] [thread 3357] [14.0] [cxt 0] Pipeline 'egress': start
[08:11:39.247] [bmv2] [D] [thread 3357] [14.0] [cxt 0] Pipeline 'egress': end
[08:11:39.247] [bmv2] [D] [thread 3357] [14.0] [cxt 0] Deparser 'deparser': start
[08:11:39.247] [bmv2] [T] [thread 3357] [14.0] [cxt 0] Skipping checksum 'cksum' update because condition not met
[08:11:39.247] [bmv2] [D] [thread 3357] [14.0] [cxt 0] Deparsing header 'ethernet'
[08:11:39.247] [bmv2] [D] [thread 3357] [14.0] [cxt 0] Deparser 'deparser': end
[08:11:39.247] [bmv2] [D] [thread 3357] [15.0] [cxt 0] Pipeline 'egress': start
[08:11:39.247] [bmv2] [D] [thread 3357] [15.0] [cxt 0] Pipeline 'egress': end
[08:11:39.247] [bmv2] [D] [thread 3357] [15.0] [cxt 0] Deparser 'deparser': start
[08:11:39.247] [bmv2] [T] [thread 3357] [15.0] [cxt 0] Skipping checksum 'cksum' update because condition not met
[08:11:39.247] [bmv2] [D] [thread 3357] [15.0] [cxt 0] Deparsing header 'ethernet'
[08:11:39.247] [bmv2] [D] [thread 3357] [15.0] [cxt 0] Deparser 'deparser': end
[08:11:39.247] [bmv2] [D] [thread 3357] [16.0] [cxt 0] Pipeline 'egress': start
[08:11:39.247] [bmv2] [D] [thread 3357] [16.0] [cxt 0] Pipeline 'egress': end
[08:11:39.247] [bmv2] [D] [thread 3357] [16.0] [cxt 0] Deparser 'deparser': start
[08:11:39.247] [bmv2] [T] [thread 3357] [16.0] [cxt 0] Skipping checksum 'cksum' update because condition not met
[08:11:39.247] [bmv2] [D] [thread 3357] [16.0] [cxt 0] Deparsing header 'ethernet'
[08:11:39.247] [bmv2] [D] [thread 3357] [16.0] [cxt 0] Deparser 'deparser': end
[08:11:39.248] [bmv2] [D] [thread 3361] [14.0] [cxt 0] Transmitting packet of size 70 out of port 0
[08:11:39.248] [bmv2] [D] [thread 3361] [15.0] [cxt 0] Transmitting packet of size 70 out of port 0
[08:11:39.248] [bmv2] [D] [thread 3361] [16.0] [cxt 0] Transmitting packet of size 70 out of port 0
[08:11:39.501] [bmv2] [D] [thread 3356] [17.0] [cxt 0] Processing packet received on port 1
[08:11:39.501] [bmv2] [D] [thread 3356] [17.0] [cxt 0] Parser 'parser': start
[08:11:39.501] [bmv2] [D] [thread 3356] [17.0] [cxt 0] Parser 'parser' entering state 'start'
[08:11:39.502] [bmv2] [D] [thread 3356] [17.0] [cxt 0] Extracting header 'ethernet'
[08:11:39.503] [bmv2] [D] [thread 3356] [17.0] [cxt 0] Parser state 'start': key is 86dd
[08:11:39.503] [bmv2] [T] [thread 3356] [17.0] [cxt 0] Bytes parsed: 14
[08:11:39.503] [bmv2] [D] [thread 3356] [17.0] [cxt 0] Parser 'parser': end
[08:11:39.503] [bmv2] [D] [thread 3356] [17.0] [cxt 0] Pipeline 'ingress': start
[08:11:39.503] [bmv2] [T] [thread 3356] [17.0] [cxt 0] qos.p4(197) Condition "hdr.ipv4.isValid()" (node_2) is false
[08:11:39.503] [bmv2] [D] [thread 3356] [17.0] [cxt 0] Pipeline 'ingress': end
[08:11:39.503] [bmv2] [D] [thread 3356] [17.0] [cxt 0] Egress port is 0
[08:11:39.504] [bmv2] [D] [thread 3357] [17.0] [cxt 0] Pipeline 'egress': start
[08:11:39.504] [bmv2] [D] [thread 3357] [17.0] [cxt 0] Pipeline 'egress': end
[08:11:39.504] [bmv2] [D] [thread 3357] [17.0] [cxt 0] Deparser 'deparser': start
[08:11:39.504] [bmv2] [T] [thread 3357] [17.0] [cxt 0] Skipping checksum 'cksum' update because condition not met
[08:11:39.504] [bmv2] [D] [thread 3357] [17.0] [cxt 0] Deparsing header 'ethernet'
[08:11:39.504] [bmv2] [D] [thread 3357] [17.0] [cxt 0] Deparser 'deparser': end
[08:11:39.504] [bmv2] [D] [thread 3361] [17.0] [cxt 0] Transmitting packet of size 70 out of port 0
[08:11:39.504] [bmv2] [D] [thread 3356] [18.0] [cxt 0] Processing packet received on port 3
[08:11:39.505] [bmv2] [D] [thread 3356] [18.0] [cxt 0] Parser 'parser': start
[08:11:39.505] [bmv2] [D] [thread 3356] [18.0] [cxt 0] Parser 'parser' entering state 'start'
[08:11:39.505] [bmv2] [D] [thread 3356] [18.0] [cxt 0] Extracting header 'ethernet'
[08:11:39.505] [bmv2] [D] [thread 3356] [18.0] [cxt 0] Parser state 'start': key is 86dd
[08:11:39.505] [bmv2] [T] [thread 3356] [18.0] [cxt 0] Bytes parsed: 14
[08:11:39.505] [bmv2] [D] [thread 3356] [18.0] [cxt 0] Parser 'parser': end
[08:11:39.505] [bmv2] [D] [thread 3356] [18.0] [cxt 0] Pipeline 'ingress': start
[08:11:39.505] [bmv2] [T] [thread 3356] [18.0] [cxt 0] qos.p4(197) Condition "hdr.ipv4.isValid()" (node_2) is false
[08:11:39.505] [bmv2] [D] [thread 3356] [18.0] [cxt 0] Pipeline 'ingress': end
[08:11:39.505] [bmv2] [D] [thread 3356] [18.0] [cxt 0] Egress port is 0
[08:11:39.505] [bmv2] [D] [thread 3357] [18.0] [cxt 0] Pipeline 'egress': start
[08:11:39.505] [bmv2] [D] [thread 3357] [18.0] [cxt 0] Pipeline 'egress': end
[08:11:39.505] [bmv2] [D] [thread 3357] [18.0] [cxt 0] Deparser 'deparser': start
[08:11:39.505] [bmv2] [T] [thread 3357] [18.0] [cxt 0] Skipping checksum 'cksum' update because condition not met
[08:11:39.505] [bmv2] [D] [thread 3357] [18.0] [cxt 0] Deparsing header 'ethernet'
[08:11:39.505] [bmv2] [D] [thread 3357] [18.0] [cxt 0] Deparser 'deparser': end
[08:11:39.506] [bmv2] [D] [thread 3361] [18.0] [cxt 0] Transmitting packet of size 70 out of port 0
[08:11:40.018] [bmv2] [D] [thread 3356] [19.0] [cxt 0] Processing packet received on port 4
[08:11:40.018] [bmv2] [D] [thread 3356] [19.0] [cxt 0] Parser 'parser': start
[08:11:40.019] [bmv2] [D] [thread 3356] [19.0] [cxt 0] Parser 'parser' entering state 'start'
[08:11:40.019] [bmv2] [D] [thread 3356] [19.0] [cxt 0] Extracting header 'ethernet'
[08:11:40.019] [bmv2] [D] [thread 3356] [19.0] [cxt 0] Parser state 'start': key is 86dd
[08:11:40.019] [bmv2] [T] [thread 3356] [19.0] [cxt 0] Bytes parsed: 14
[08:11:40.019] [bmv2] [D] [thread 3356] [19.0] [cxt 0] Parser 'parser': end
[08:11:40.019] [bmv2] [D] [thread 3356] [19.0] [cxt 0] Pipeline 'ingress': start
[08:11:40.019] [bmv2] [T] [thread 3356] [19.0] [cxt 0] qos.p4(197) Condition "hdr.ipv4.isValid()" (node_2) is false
[08:11:40.020] [bmv2] [D] [thread 3356] [19.0] [cxt 0] Pipeline 'ingress': end
[08:11:40.020] [bmv2] [D] [thread 3356] [19.0] [cxt 0] Egress port is 0
[08:11:40.022] [bmv2] [D] [thread 3357] [19.0] [cxt 0] Pipeline 'egress': start
[08:11:40.022] [bmv2] [D] [thread 3357] [19.0] [cxt 0] Pipeline 'egress': end
[08:11:40.022] [bmv2] [D] [thread 3357] [19.0] [cxt 0] Deparser 'deparser': start
[08:11:40.023] [bmv2] [T] [thread 3357] [19.0] [cxt 0] Skipping checksum 'cksum' update because condition not met
[08:11:40.023] [bmv2] [D] [thread 3357] [19.0] [cxt 0] Deparsing header 'ethernet'
[08:11:40.023] [bmv2] [D] [thread 3357] [19.0] [cxt 0] Deparser 'deparser': end
[08:11:40.023] [bmv2] [D] [thread 3361] [19.0] [cxt 0] Transmitting packet of size 70 out of port 0
[08:11:46.418] [bmv2] [D] [thread 3356] [20.0] [cxt 0] Processing packet received on port 3
[08:11:46.418] [bmv2] [D] [thread 3356] [20.0] [cxt 0] Parser 'parser': start
[08:11:46.419] [bmv2] [D] [thread 3356] [20.0] [cxt 0] Parser 'parser' entering state 'start'
[08:11:46.419] [bmv2] [D] [thread 3356] [20.0] [cxt 0] Extracting header 'ethernet'
[08:11:46.419] [bmv2] [D] [thread 3356] [20.0] [cxt 0] Parser state 'start': key is 86dd
[08:11:46.419] [bmv2] [T] [thread 3356] [20.0] [cxt 0] Bytes parsed: 14
[08:11:46.420] [bmv2] [D] [thread 3356] [20.0] [cxt 0] Parser 'parser': end
[08:11:46.420] [bmv2] [D] [thread 3356] [20.0] [cxt 0] Pipeline 'ingress': start
[08:11:46.420] [bmv2] [T] [thread 3356] [20.0] [cxt 0] qos.p4(197) Condition "hdr.ipv4.isValid()" (node_2) is false
[08:11:46.420] [bmv2] [D] [thread 3356] [20.0] [cxt 0] Pipeline 'ingress': end
[08:11:46.420] [bmv2] [D] [thread 3356] [20.0] [cxt 0] Egress port is 0
[08:11:46.423] [bmv2] [D] [thread 3357] [20.0] [cxt 0] Pipeline 'egress': start
[08:11:46.423] [bmv2] [D] [thread 3357] [20.0] [cxt 0] Pipeline 'egress': end
[08:11:46.423] [bmv2] [D] [thread 3357] [20.0] [cxt 0] Deparser 'deparser': start
[08:11:46.423] [bmv2] [T] [thread 3357] [20.0] [cxt 0] Skipping checksum 'cksum' update because condition not met
[08:11:46.423] [bmv2] [D] [thread 3357] [20.0] [cxt 0] Deparsing header 'ethernet'
[08:11:46.423] [bmv2] [D] [thread 3357] [20.0] [cxt 0] Deparser 'deparser': end
[08:11:46.424] [bmv2] [D] [thread 3361] [20.0] [cxt 0] Transmitting packet of size 70 out of port 0
[08:11:46.671] [bmv2] [D] [thread 3356] [21.0] [cxt 0] Processing packet received on port 3
[08:11:46.671] [bmv2] [D] [thread 3356] [21.0] [cxt 0] Parser 'parser': start
[08:11:46.671] [bmv2] [D] [thread 3356] [21.0] [cxt 0] Parser 'parser' entering state 'start'
[08:11:46.671] [bmv2] [D] [thread 3356] [21.0] [cxt 0] Extracting header 'ethernet'
[08:11:46.671] [bmv2] [D] [thread 3356] [21.0] [cxt 0] Parser state 'start': key is 86dd
[08:11:46.671] [bmv2] [T] [thread 3356] [21.0] [cxt 0] Bytes parsed: 14
[08:11:46.672] [bmv2] [D] [thread 3356] [21.0] [cxt 0] Parser 'parser': end
[08:11:46.672] [bmv2] [D] [thread 3356] [21.0] [cxt 0] Pipeline 'ingress': start
[08:11:46.672] [bmv2] [T] [thread 3356] [21.0] [cxt 0] qos.p4(197) Condition "hdr.ipv4.isValid()" (node_2) is false
[08:11:46.672] [bmv2] [D] [thread 3356] [21.0] [cxt 0] Pipeline 'ingress': end
[08:11:46.672] [bmv2] [D] [thread 3356] [21.0] [cxt 0] Egress port is 0
[08:11:46.677] [bmv2] [D] [thread 3357] [21.0] [cxt 0] Pipeline 'egress': start
[08:11:46.677] [bmv2] [D] [thread 3357] [21.0] [cxt 0] Pipeline 'egress': end
[08:11:46.677] [bmv2] [D] [thread 3357] [21.0] [cxt 0] Deparser 'deparser': start
[08:11:46.678] [bmv2] [T] [thread 3357] [21.0] [cxt 0] Skipping checksum 'cksum' update because condition not met
[08:11:46.678] [bmv2] [D] [thread 3357] [21.0] [cxt 0] Deparsing header 'ethernet'
[08:11:46.678] [bmv2] [D] [thread 3357] [21.0] [cxt 0] Deparser 'deparser': end
[08:11:46.678] [bmv2] [D] [thread 3361] [21.0] [cxt 0] Transmitting packet of size 70 out of port 0
[08:11:46.678] [bmv2] [D] [thread 3356] [22.0] [cxt 0] Processing packet received on port 4
[08:11:46.678] [bmv2] [D] [thread 3356] [22.0] [cxt 0] Parser 'parser': start
[08:11:46.678] [bmv2] [D] [thread 3356] [22.0] [cxt 0] Parser 'parser' entering state 'start'
[08:11:46.678] [bmv2] [D] [thread 3356] [22.0] [cxt 0] Extracting header 'ethernet'
[08:11:46.678] [bmv2] [D] [thread 3356] [22.0] [cxt 0] Parser state 'start': key is 86dd
[08:11:46.678] [bmv2] [T] [thread 3356] [22.0] [cxt 0] Bytes parsed: 14
[08:11:46.678] [bmv2] [D] [thread 3356] [22.0] [cxt 0] Parser 'parser': end
[08:11:46.678] [bmv2] [D] [thread 3356] [22.0] [cxt 0] Pipeline 'ingress': start
[08:11:46.678] [bmv2] [T] [thread 3356] [22.0] [cxt 0] qos.p4(197) Condition "hdr.ipv4.isValid()" (node_2) is false
[08:11:46.679] [bmv2] [D] [thread 3356] [22.0] [cxt 0] Pipeline 'ingress': end
[08:11:46.679] [bmv2] [D] [thread 3356] [22.0] [cxt 0] Egress port is 0
[08:11:46.680] [bmv2] [D] [thread 3357] [22.0] [cxt 0] Pipeline 'egress': start
[08:11:46.680] [bmv2] [D] [thread 3357] [22.0] [cxt 0] Pipeline 'egress': end
[08:11:46.680] [bmv2] [D] [thread 3357] [22.0] [cxt 0] Deparser 'deparser': start
[08:11:46.680] [bmv2] [T] [thread 3357] [22.0] [cxt 0] Skipping checksum 'cksum' update because condition not met
[08:11:46.680] [bmv2] [D] [thread 3357] [22.0] [cxt 0] Deparsing header 'ethernet'
[08:11:46.680] [bmv2] [D] [thread 3357] [22.0] [cxt 0] Deparser 'deparser': end
[08:11:46.680] [bmv2] [D] [thread 3361] [22.0] [cxt 0] Transmitting packet of size 70 out of port 0
[08:11:46.935] [bmv2] [D] [thread 3356] [23.0] [cxt 0] Processing packet received on port 2
[08:11:46.935] [bmv2] [D] [thread 3356] [23.0] [cxt 0] Parser 'parser': start
[08:11:46.935] [bmv2] [D] [thread 3356] [23.0] [cxt 0] Parser 'parser' entering state 'start'
[08:11:46.935] [bmv2] [D] [thread 3356] [23.0] [cxt 0] Extracting header 'ethernet'
[08:11:46.936] [bmv2] [D] [thread 3356] [23.0] [cxt 0] Parser state 'start': key is 86dd
[08:11:46.936] [bmv2] [T] [thread 3356] [23.0] [cxt 0] Bytes parsed: 14
[08:11:46.936] [bmv2] [D] [thread 3356] [23.0] [cxt 0] Parser 'parser': end
[08:11:46.936] [bmv2] [D] [thread 3356] [23.0] [cxt 0] Pipeline 'ingress': start
[08:11:46.936] [bmv2] [T] [thread 3356] [23.0] [cxt 0] qos.p4(197) Condition "hdr.ipv4.isValid()" (node_2) is false
[08:11:46.936] [bmv2] [D] [thread 3356] [23.0] [cxt 0] Pipeline 'ingress': end
[08:11:46.936] [bmv2] [D] [thread 3356] [23.0] [cxt 0] Egress port is 0
[08:11:46.936] [bmv2] [D] [thread 3357] [23.0] [cxt 0] Pipeline 'egress': start
[08:11:46.936] [bmv2] [D] [thread 3357] [23.0] [cxt 0] Pipeline 'egress': end
[08:11:46.936] [bmv2] [D] [thread 3357] [23.0] [cxt 0] Deparser 'deparser': start
[08:11:46.936] [bmv2] [T] [thread 3357] [23.0] [cxt 0] Skipping checksum 'cksum' update because condition not met
[08:11:46.936] [bmv2] [D] [thread 3357] [23.0] [cxt 0] Deparsing header 'ethernet'
[08:11:46.936] [bmv2] [D] [thread 3357] [23.0] [cxt 0] Deparser 'deparser': end
[08:11:46.937] [bmv2] [D] [thread 3361] [23.0] [cxt 0] Transmitting packet of size 70 out of port 0
[08:11:47.436] [bmv2] [D] [thread 3356] [24.0] [cxt 0] Processing packet received on port 1
[08:11:47.437] [bmv2] [D] [thread 3356] [24.0] [cxt 0] Parser 'parser': start
[08:11:47.437] [bmv2] [D] [thread 3356] [24.0] [cxt 0] Parser 'parser' entering state 'start'
[08:11:47.437] [bmv2] [D] [thread 3356] [24.0] [cxt 0] Extracting header 'ethernet'
[08:11:47.437] [bmv2] [D] [thread 3356] [24.0] [cxt 0] Parser state 'start': key is 86dd
[08:11:47.437] [bmv2] [T] [thread 3356] [24.0] [cxt 0] Bytes parsed: 14
[08:11:47.438] [bmv2] [D] [thread 3356] [24.0] [cxt 0] Parser 'parser': end
[08:11:47.438] [bmv2] [D] [thread 3356] [24.0] [cxt 0] Pipeline 'ingress': start
[08:11:47.438] [bmv2] [T] [thread 3356] [24.0] [cxt 0] qos.p4(197) Condition "hdr.ipv4.isValid()" (node_2) is false
[08:11:47.438] [bmv2] [D] [thread 3356] [24.0] [cxt 0] Pipeline 'ingress': end
[08:11:47.438] [bmv2] [D] [thread 3356] [24.0] [cxt 0] Egress port is 0
[08:11:47.439] [bmv2] [D] [thread 3357] [24.0] [cxt 0] Pipeline 'egress': start
[08:11:47.439] [bmv2] [D] [thread 3357] [24.0] [cxt 0] Pipeline 'egress': end
[08:11:47.439] [bmv2] [D] [thread 3357] [24.0] [cxt 0] Deparser 'deparser': start
[08:11:47.439] [bmv2] [T] [thread 3357] [24.0] [cxt 0] Skipping checksum 'cksum' update because condition not met
[08:11:47.439] [bmv2] [D] [thread 3357] [24.0] [cxt 0] Deparsing header 'ethernet'
[08:11:47.439] [bmv2] [D] [thread 3357] [24.0] [cxt 0] Deparser 'deparser': end
[08:11:47.439] [bmv2] [D] [thread 3361] [24.0] [cxt 0] Transmitting packet of size 70 out of port 0
[08:11:47.694] [bmv2] [D] [thread 3356] [25.0] [cxt 0] Processing packet received on port 4
[08:11:47.695] [bmv2] [D] [thread 3356] [25.0] [cxt 0] Parser 'parser': start
[08:11:47.695] [bmv2] [D] [thread 3356] [25.0] [cxt 0] Parser 'parser' entering state 'start'
[08:11:47.695] [bmv2] [D] [thread 3356] [25.0] [cxt 0] Extracting header 'ethernet'
[08:11:47.695] [bmv2] [D] [thread 3356] [25.0] [cxt 0] Parser state 'start': key is 86dd
[08:11:47.695] [bmv2] [T] [thread 3356] [25.0] [cxt 0] Bytes parsed: 14
[08:11:47.695] [bmv2] [D] [thread 3356] [25.0] [cxt 0] Parser 'parser': end
[08:11:47.696] [bmv2] [D] [thread 3356] [25.0] [cxt 0] Pipeline 'ingress': start
[08:11:47.696] [bmv2] [T] [thread 3356] [25.0] [cxt 0] qos.p4(197) Condition "hdr.ipv4.isValid()" (node_2) is false
[08:11:47.696] [bmv2] [D] [thread 3356] [25.0] [cxt 0] Pipeline 'ingress': end
[08:11:47.696] [bmv2] [D] [thread 3356] [25.0] [cxt 0] Egress port is 0
[08:11:47.700] [bmv2] [D] [thread 3357] [25.0] [cxt 0] Pipeline 'egress': start
[08:11:47.700] [bmv2] [D] [thread 3357] [25.0] [cxt 0] Pipeline 'egress': end
[08:11:47.701] [bmv2] [D] [thread 3357] [25.0] [cxt 0] Deparser 'deparser': start
[08:11:47.701] [bmv2] [T] [thread 3357] [25.0] [cxt 0] Skipping checksum 'cksum' update because condition not met
[08:11:47.701] [bmv2] [D] [thread 3357] [25.0] [cxt 0] Deparsing header 'ethernet'
[08:11:47.701] [bmv2] [D] [thread 3357] [25.0] [cxt 0] Deparser 'deparser': end
[08:11:47.701] [bmv2] [D] [thread 3361] [25.0] [cxt 0] Transmitting packet of size 70 out of port 0
[08:12:00.244] [bmv2] [D] [thread 3356] [26.0] [cxt 0] Processing packet received on port 3
[08:12:00.244] [bmv2] [D] [thread 3356] [26.0] [cxt 0] Parser 'parser': start
[08:12:00.245] [bmv2] [D] [thread 3356] [26.0] [cxt 0] Parser 'parser' entering state 'start'
[08:12:00.245] [bmv2] [D] [thread 3356] [26.0] [cxt 0] Extracting header 'ethernet'
[08:12:00.245] [bmv2] [D] [thread 3356] [26.0] [cxt 0] Parser state 'start': key is 86dd
[08:12:00.245] [bmv2] [T] [thread 3356] [26.0] [cxt 0] Bytes parsed: 14
[08:12:00.245] [bmv2] [D] [thread 3356] [26.0] [cxt 0] Parser 'parser': end
[08:12:00.245] [bmv2] [D] [thread 3356] [26.0] [cxt 0] Pipeline 'ingress': start
[08:12:00.245] [bmv2] [T] [thread 3356] [26.0] [cxt 0] qos.p4(197) Condition "hdr.ipv4.isValid()" (node_2) is false
[08:12:00.246] [bmv2] [D] [thread 3356] [26.0] [cxt 0] Pipeline 'ingress': end
[08:12:00.246] [bmv2] [D] [thread 3356] [26.0] [cxt 0] Egress port is 0
[08:12:00.246] [bmv2] [D] [thread 3357] [26.0] [cxt 0] Pipeline 'egress': start
[08:12:00.246] [bmv2] [D] [thread 3357] [26.0] [cxt 0] Pipeline 'egress': end
[08:12:00.246] [bmv2] [D] [thread 3357] [26.0] [cxt 0] Deparser 'deparser': start
[08:12:00.246] [bmv2] [T] [thread 3357] [26.0] [cxt 0] Skipping checksum 'cksum' update because condition not met
[08:12:00.246] [bmv2] [D] [thread 3357] [26.0] [cxt 0] Deparsing header 'ethernet'
[08:12:00.246] [bmv2] [D] [thread 3357] [26.0] [cxt 0] Deparser 'deparser': end
[08:12:00.246] [bmv2] [D] [thread 3361] [26.0] [cxt 0] Transmitting packet of size 70 out of port 0
[08:12:00.493] [bmv2] [D] [thread 3356] [27.0] [cxt 0] Processing packet received on port 3
[08:12:00.497] [bmv2] [D] [thread 3356] [27.0] [cxt 0] Parser 'parser': start
[08:12:00.497] [bmv2] [D] [thread 3356] [27.0] [cxt 0] Parser 'parser' entering state 'start'
[08:12:00.497] [bmv2] [D] [thread 3356] [27.0] [cxt 0] Extracting header 'ethernet'
[08:12:00.498] [bmv2] [D] [thread 3356] [27.0] [cxt 0] Parser state 'start': key is 86dd
[08:12:00.498] [bmv2] [T] [thread 3356] [27.0] [cxt 0] Bytes parsed: 14
[08:12:00.498] [bmv2] [D] [thread 3356] [27.0] [cxt 0] Parser 'parser': end
[08:12:00.498] [bmv2] [D] [thread 3356] [27.0] [cxt 0] Pipeline 'ingress': start
[08:12:00.498] [bmv2] [T] [thread 3356] [27.0] [cxt 0] qos.p4(197) Condition "hdr.ipv4.isValid()" (node_2) is false
[08:12:00.499] [bmv2] [D] [thread 3356] [27.0] [cxt 0] Pipeline 'ingress': end
[08:12:00.499] [bmv2] [D] [thread 3356] [27.0] [cxt 0] Egress port is 0
[08:12:00.502] [bmv2] [D] [thread 3357] [27.0] [cxt 0] Pipeline 'egress': start
[08:12:00.502] [bmv2] [D] [thread 3357] [27.0] [cxt 0] Pipeline 'egress': end
[08:12:00.502] [bmv2] [D] [thread 3357] [27.0] [cxt 0] Deparser 'deparser': start
[08:12:00.502] [bmv2] [T] [thread 3357] [27.0] [cxt 0] Skipping checksum 'cksum' update because condition not met
[08:12:00.502] [bmv2] [D] [thread 3357] [27.0] [cxt 0] Deparsing header 'ethernet'
[08:12:00.503] [bmv2] [D] [thread 3357] [27.0] [cxt 0] Deparser 'deparser': end
[08:12:00.503] [bmv2] [D] [thread 3361] [27.0] [cxt 0] Transmitting packet of size 70 out of port 0
[08:12:00.750] [bmv2] [D] [thread 3356] [28.0] [cxt 0] Processing packet received on port 4
[08:12:00.751] [bmv2] [D] [thread 3356] [28.0] [cxt 0] Parser 'parser': start
[08:12:00.751] [bmv2] [D] [thread 3356] [28.0] [cxt 0] Parser 'parser' entering state 'start'
[08:12:00.751] [bmv2] [D] [thread 3356] [28.0] [cxt 0] Extracting header 'ethernet'
[08:12:00.751] [bmv2] [D] [thread 3356] [28.0] [cxt 0] Parser state 'start': key is 86dd
[08:12:00.751] [bmv2] [T] [thread 3356] [28.0] [cxt 0] Bytes parsed: 14
[08:12:00.751] [bmv2] [D] [thread 3356] [28.0] [cxt 0] Parser 'parser': end
[08:12:00.751] [bmv2] [D] [thread 3356] [28.0] [cxt 0] Pipeline 'ingress': start
[08:12:00.751] [bmv2] [T] [thread 3356] [28.0] [cxt 0] qos.p4(197) Condition "hdr.ipv4.isValid()" (node_2) is false
[08:12:00.751] [bmv2] [D] [thread 3356] [28.0] [cxt 0] Pipeline 'ingress': end
[08:12:00.752] [bmv2] [D] [thread 3356] [28.0] [cxt 0] Egress port is 0
[08:12:00.754] [bmv2] [D] [thread 3357] [28.0] [cxt 0] Pipeline 'egress': start
[08:12:00.754] [bmv2] [D] [thread 3357] [28.0] [cxt 0] Pipeline 'egress': end
[08:12:00.754] [bmv2] [D] [thread 3357] [28.0] [cxt 0] Deparser 'deparser': start
[08:12:00.755] [bmv2] [T] [thread 3357] [28.0] [cxt 0] Skipping checksum 'cksum' update because condition not met
[08:12:00.755] [bmv2] [D] [thread 3357] [28.0] [cxt 0] Deparsing header 'ethernet'
[08:12:00.755] [bmv2] [D] [thread 3357] [28.0] [cxt 0] Deparser 'deparser': end
[08:12:00.755] [bmv2] [D] [thread 3361] [28.0] [cxt 0] Transmitting packet of size 70 out of port 0
[08:12:02.537] [bmv2] [D] [thread 3356] [29.0] [cxt 0] Processing packet received on port 2
[08:12:02.537] [bmv2] [D] [thread 3356] [29.0] [cxt 0] Parser 'parser': start
[08:12:02.538] [bmv2] [D] [thread 3356] [29.0] [cxt 0] Parser 'parser' entering state 'start'
[08:12:02.538] [bmv2] [D] [thread 3356] [29.0] [cxt 0] Extracting header 'ethernet'
[08:12:02.538] [bmv2] [D] [thread 3356] [29.0] [cxt 0] Parser state 'start': key is 86dd
[08:12:02.538] [bmv2] [T] [thread 3356] [29.0] [cxt 0] Bytes parsed: 14
[08:12:02.538] [bmv2] [D] [thread 3356] [29.0] [cxt 0] Parser 'parser': end
[08:12:02.538] [bmv2] [D] [thread 3356] [29.0] [cxt 0] Pipeline 'ingress': start
[08:12:02.538] [bmv2] [T] [thread 3356] [29.0] [cxt 0] qos.p4(197) Condition "hdr.ipv4.isValid()" (node_2) is false
[08:12:02.538] [bmv2] [D] [thread 3356] [29.0] [cxt 0] Pipeline 'ingress': end
[08:12:02.538] [bmv2] [D] [thread 3356] [29.0] [cxt 0] Egress port is 0
[08:12:02.538] [bmv2] [D] [thread 3357] [29.0] [cxt 0] Pipeline 'egress': start
[08:12:02.538] [bmv2] [D] [thread 3357] [29.0] [cxt 0] Pipeline 'egress': end
[08:12:02.538] [bmv2] [D] [thread 3357] [29.0] [cxt 0] Deparser 'deparser': start
[08:12:02.538] [bmv2] [T] [thread 3357] [29.0] [cxt 0] Skipping checksum 'cksum' update because condition not met
[08:12:02.538] [bmv2] [D] [thread 3357] [29.0] [cxt 0] Deparsing header 'ethernet'
[08:12:02.538] [bmv2] [D] [thread 3357] [29.0] [cxt 0] Deparser 'deparser': end
[08:12:02.538] [bmv2] [D] [thread 3361] [29.0] [cxt 0] Transmitting packet of size 70 out of port 0
[08:12:03.306] [bmv2] [D] [thread 3356] [30.0] [cxt 0] Processing packet received on port 1
[08:12:03.307] [bmv2] [D] [thread 3356] [30.0] [cxt 0] Parser 'parser': start
[08:12:03.307] [bmv2] [D] [thread 3356] [30.0] [cxt 0] Parser 'parser' entering state 'start'
[08:12:03.307] [bmv2] [D] [thread 3356] [30.0] [cxt 0] Extracting header 'ethernet'
[08:12:03.307] [bmv2] [D] [thread 3356] [30.0] [cxt 0] Parser state 'start': key is 86dd
[08:12:03.307] [bmv2] [T] [thread 3356] [30.0] [cxt 0] Bytes parsed: 14
[08:12:03.307] [bmv2] [D] [thread 3356] [30.0] [cxt 0] Parser 'parser': end
[08:12:03.307] [bmv2] [D] [thread 3356] [30.0] [cxt 0] Pipeline 'ingress': start
[08:12:03.307] [bmv2] [T] [thread 3356] [30.0] [cxt 0] qos.p4(197) Condition "hdr.ipv4.isValid()" (node_2) is false
[08:12:03.307] [bmv2] [D] [thread 3356] [30.0] [cxt 0] Pipeline 'ingress': end
[08:12:03.307] [bmv2] [D] [thread 3356] [30.0] [cxt 0] Egress port is 0
[08:12:03.307] [bmv2] [D] [thread 3356] [31.0] [cxt 0] Processing packet received on port 4
[08:12:03.307] [bmv2] [D] [thread 3356] [31.0] [cxt 0] Parser 'parser': start
[08:12:03.307] [bmv2] [D] [thread 3356] [31.0] [cxt 0] Parser 'parser' entering state 'start'
[08:12:03.307] [bmv2] [D] [thread 3356] [31.0] [cxt 0] Extracting header 'ethernet'
[08:12:03.307] [bmv2] [D] [thread 3356] [31.0] [cxt 0] Parser state 'start': key is 86dd
[08:12:03.307] [bmv2] [T] [thread 3356] [31.0] [cxt 0] Bytes parsed: 14
[08:12:03.307] [bmv2] [D] [thread 3356] [31.0] [cxt 0] Parser 'parser': end
[08:12:03.307] [bmv2] [D] [thread 3356] [31.0] [cxt 0] Pipeline 'ingress': start
[08:12:03.307] [bmv2] [T] [thread 3356] [31.0] [cxt 0] qos.p4(197) Condition "hdr.ipv4.isValid()" (node_2) is false
[08:12:03.307] [bmv2] [D] [thread 3356] [31.0] [cxt 0] Pipeline 'ingress': end
[08:12:03.307] [bmv2] [D] [thread 3356] [31.0] [cxt 0] Egress port is 0
[08:12:03.307] [bmv2] [D] [thread 3357] [30.0] [cxt 0] Pipeline 'egress': start
[08:12:03.307] [bmv2] [D] [thread 3357] [30.0] [cxt 0] Pipeline 'egress': end
[08:12:03.308] [bmv2] [D] [thread 3357] [30.0] [cxt 0] Deparser 'deparser': start
[08:12:03.308] [bmv2] [T] [thread 3357] [30.0] [cxt 0] Skipping checksum 'cksum' update because condition not met
[08:12:03.308] [bmv2] [D] [thread 3357] [30.0] [cxt 0] Deparsing header 'ethernet'
[08:12:03.308] [bmv2] [D] [thread 3357] [30.0] [cxt 0] Deparser 'deparser': end
[08:12:03.308] [bmv2] [D] [thread 3357] [31.0] [cxt 0] Pipeline 'egress': start
[08:12:03.308] [bmv2] [D] [thread 3357] [31.0] [cxt 0] Pipeline 'egress': end
[08:12:03.308] [bmv2] [D] [thread 3357] [31.0] [cxt 0] Deparser 'deparser': start
[08:12:03.308] [bmv2] [T] [thread 3357] [31.0] [cxt 0] Skipping checksum 'cksum' update because condition not met
[08:12:03.308] [bmv2] [D] [thread 3357] [31.0] [cxt 0] Deparsing header 'ethernet'
[08:12:03.308] [bmv2] [D] [thread 3357] [31.0] [cxt 0] Deparser 'deparser': end
[08:12:03.308] [bmv2] [D] [thread 3361] [30.0] [cxt 0] Transmitting packet of size 70 out of port 0
[08:12:03.308] [bmv2] [D] [thread 3361] [31.0] [cxt 0] Transmitting packet of size 70 out of port 0
[08:12:18.272] [bmv2] [D] [thread 3356] [32.0] [cxt 0] Processing packet received on port 2
[08:12:18.274] [bmv2] [D] [thread 3356] [32.0] [cxt 0] Parser 'parser': start
[08:12:18.274] [bmv2] [D] [thread 3356] [32.0] [cxt 0] Parser 'parser' entering state 'start'
[08:12:18.274] [bmv2] [D] [thread 3356] [32.0] [cxt 0] Extracting header 'ethernet'
[08:12:18.274] [bmv2] [D] [thread 3356] [32.0] [cxt 0] Parser state 'start': key is 8100
[08:12:18.274] [bmv2] [T] [thread 3356] [32.0] [cxt 0] Bytes parsed: 14
[08:12:18.274] [bmv2] [D] [thread 3356] [32.0] [cxt 0] Parser 'parser' entering state 'parse_vlan'
[08:12:18.274] [bmv2] [D] [thread 3356] [32.0] [cxt 0] Extracting header 'vlan'
[08:12:18.274] [bmv2] [D] [thread 3356] [32.0] [cxt 0] Parser state 'parse_vlan': key is 0800
[08:12:18.274] [bmv2] [T] [thread 3356] [32.0] [cxt 0] Bytes parsed: 18
[08:12:18.274] [bmv2] [D] [thread 3356] [32.0] [cxt 0] Parser 'parser' entering state 'parse_ipv4'
[08:12:18.274] [bmv2] [D] [thread 3356] [32.0] [cxt 0] Extracting header 'ipv4'
[08:12:18.275] [bmv2] [D] [thread 3356] [32.0] [cxt 0] Parser set: setting field 'scalars.tmp' from expression, new value is 1
[08:12:18.275] [bmv2] [D] [thread 3356] [32.0] [cxt 0] Parser state 'parse_ipv4': key is 06
[08:12:18.275] [bmv2] [T] [thread 3356] [32.0] [cxt 0] Bytes parsed: 38
[08:12:18.275] [bmv2] [D] [thread 3356] [32.0] [cxt 0] Parser 'parser' entering state 'parse_ipv4_option'
[08:12:18.275] [bmv2] [D] [thread 3356] [32.0] [cxt 0] Extracting header 'ipv4_option'
[08:12:18.276] [bmv2] [D] [thread 3356] [32.0] [cxt 0] Parser state 'parse_ipv4_option': key is 1f
[08:12:18.276] [bmv2] [T] [thread 3356] [32.0] [cxt 0] Bytes parsed: 40
[08:12:18.276] [bmv2] [D] [thread 3356] [32.0] [cxt 0] Parser 'parser' entering state 'parse_link_qos'
[08:12:18.276] [bmv2] [D] [thread 3356] [32.0] [cxt 0] Extracting header 'link_qos'
[08:12:18.276] [bmv2] [D] [thread 3356] [32.0] [cxt 0] Parser state 'parse_link_qos' has no switch, going to default next state
[08:12:18.276] [bmv2] [T] [thread 3356] [32.0] [cxt 0] Bytes parsed: 42
[08:12:18.276] [bmv2] [D] [thread 3356] [32.0] [cxt 0] Parser 'parser': end
[08:12:18.276] [bmv2] [D] [thread 3356] [32.0] [cxt 0] Pipeline 'ingress': start
[08:12:18.276] [bmv2] [T] [thread 3356] [32.0] [cxt 0] qos.p4(197) Condition "hdr.ipv4.isValid()" (node_2) is true
[08:12:18.276] [bmv2] [T] [thread 3356] [32.0] [cxt 0] qos.p4(198) Condition "hdr.link_qos.link_qos == TARGET_LINK_QOS" (node_3) is true
[08:12:18.276] [bmv2] [T] [thread 3356] [32.0] [cxt 0] Applying table 'tbl_qos199'
[08:12:18.276] [bmv2] [D] [thread 3356] [32.0] [cxt 0] Looking up key:

[08:12:18.277] [bmv2] [D] [thread 3356] [32.0] [cxt 0] Table 'tbl_qos199': miss
[08:12:18.277] [bmv2] [D] [thread 3356] [32.0] [cxt 0] Action entry is qos199 - 
[08:12:18.277] [bmv2] [T] [thread 3356] [32.0] [cxt 0] Action qos199
[08:12:18.277] [bmv2] [T] [thread 3356] [32.0] [cxt 0] qos.p4(199) Primitive hdr.ipv4.diffserv = (TARGET_DSCP << 2
[08:12:18.278] [bmv2] [T] [thread 3356] [32.0] [cxt 0] qos.p4(28) Primitive 7; ...
[08:12:18.281] [bmv2] [T] [thread 3356] [32.0] [cxt 0] Applying table 'MyIngress.ipv4_lpm'
[08:12:18.282] [bmv2] [D] [thread 3356] [32.0] [cxt 0] Looking up key:
* hdr.ipv4.dstAddr    : 0a000202

[08:12:18.282] [bmv2] [D] [thread 3356] [32.0] [cxt 0] Table 'MyIngress.ipv4_lpm': hit with handle 2
[08:12:18.282] [bmv2] [D] [thread 3356] [32.0] [cxt 0] Dumping entry 2
Match key:
* hdr.ipv4.dstAddr    : LPM       0a000200/24
Action entry: MyIngress.ipv4_forward - 80000000200,3,

[08:12:18.282] [bmv2] [D] [thread 3356] [32.0] [cxt 0] Action entry is MyIngress.ipv4_forward - 80000000200,3,
[08:12:18.282] [bmv2] [T] [thread 3356] [32.0] [cxt 0] Action MyIngress.ipv4_forward
[08:12:18.284] [bmv2] [T] [thread 3356] [32.0] [cxt 0] qos.p4(175) Primitive standard_metadata.egress_spec = port
[08:12:18.284] [bmv2] [T] [thread 3356] [32.0] [cxt 0] qos.p4(176) Primitive hdr.ethernet.srcAddr = hdr.ethernet.dstAddr
[08:12:18.284] [bmv2] [T] [thread 3356] [32.0] [cxt 0] qos.p4(177) Primitive hdr.ethernet.dstAddr = dstAddr
[08:12:18.284] [bmv2] [T] [thread 3356] [32.0] [cxt 0] qos.p4(178) Primitive hdr.ipv4.ttl = hdr.ipv4.ttl - 1
[08:12:18.285] [bmv2] [D] [thread 3356] [32.0] [cxt 0] Pipeline 'ingress': end
[08:12:18.285] [bmv2] [D] [thread 3356] [32.0] [cxt 0] Egress port is 3
[08:12:18.285] [bmv2] [D] [thread 3360] [32.0] [cxt 0] Pipeline 'egress': start
[08:12:18.285] [bmv2] [D] [thread 3360] [32.0] [cxt 0] Pipeline 'egress': end
[08:12:18.285] [bmv2] [D] [thread 3360] [32.0] [cxt 0] Deparser 'deparser': start
[08:12:18.285] [bmv2] [D] [thread 3360] [32.0] [cxt 0] Updating checksum 'cksum'
[08:12:18.285] [bmv2] [D] [thread 3360] [32.0] [cxt 0] Deparsing header 'ethernet'
[08:12:18.285] [bmv2] [D] [thread 3360] [32.0] [cxt 0] Deparsing header 'vlan'
[08:12:18.286] [bmv2] [D] [thread 3360] [32.0] [cxt 0] Deparsing header 'ipv4'
[08:12:18.286] [bmv2] [D] [thread 3360] [32.0] [cxt 0] Deparsing header 'ipv4_option'
[08:12:18.286] [bmv2] [D] [thread 3360] [32.0] [cxt 0] Deparsing header 'link_qos'
[08:12:18.286] [bmv2] [D] [thread 3360] [32.0] [cxt 0] Deparser 'deparser': end
[08:12:18.286] [bmv2] [D] [thread 3361] [32.0] [cxt 0] Transmitting packet of size 50 out of port 3
[08:12:19.289] [bmv2] [D] [thread 3356] [33.0] [cxt 0] Processing packet received on port 2
[08:12:19.290] [bmv2] [D] [thread 3356] [33.0] [cxt 0] Parser 'parser': start
[08:12:19.290] [bmv2] [D] [thread 3356] [33.0] [cxt 0] Parser 'parser' entering state 'start'
[08:12:19.290] [bmv2] [D] [thread 3356] [33.0] [cxt 0] Extracting header 'ethernet'
[08:12:19.290] [bmv2] [D] [thread 3356] [33.0] [cxt 0] Parser state 'start': key is 8100
[08:12:19.291] [bmv2] [T] [thread 3356] [33.0] [cxt 0] Bytes parsed: 14
[08:12:19.291] [bmv2] [D] [thread 3356] [33.0] [cxt 0] Parser 'parser' entering state 'parse_vlan'
[08:12:19.291] [bmv2] [D] [thread 3356] [33.0] [cxt 0] Extracting header 'vlan'
[08:12:19.291] [bmv2] [D] [thread 3356] [33.0] [cxt 0] Parser state 'parse_vlan': key is 0800
[08:12:19.291] [bmv2] [T] [thread 3356] [33.0] [cxt 0] Bytes parsed: 18
[08:12:19.291] [bmv2] [D] [thread 3356] [33.0] [cxt 0] Parser 'parser' entering state 'parse_ipv4'
[08:12:19.291] [bmv2] [D] [thread 3356] [33.0] [cxt 0] Extracting header 'ipv4'
[08:12:19.292] [bmv2] [D] [thread 3356] [33.0] [cxt 0] Parser set: setting field 'scalars.tmp' from expression, new value is 1
[08:12:19.292] [bmv2] [D] [thread 3356] [33.0] [cxt 0] Parser state 'parse_ipv4': key is 06
[08:12:19.292] [bmv2] [T] [thread 3356] [33.0] [cxt 0] Bytes parsed: 38
[08:12:19.292] [bmv2] [D] [thread 3356] [33.0] [cxt 0] Parser 'parser' entering state 'parse_ipv4_option'
[08:12:19.292] [bmv2] [D] [thread 3356] [33.0] [cxt 0] Extracting header 'ipv4_option'
[08:12:19.292] [bmv2] [D] [thread 3356] [33.0] [cxt 0] Parser state 'parse_ipv4_option': key is 1f
[08:12:19.292] [bmv2] [T] [thread 3356] [33.0] [cxt 0] Bytes parsed: 40
[08:12:19.292] [bmv2] [D] [thread 3356] [33.0] [cxt 0] Parser 'parser' entering state 'parse_link_qos'
[08:12:19.292] [bmv2] [D] [thread 3356] [33.0] [cxt 0] Extracting header 'link_qos'
[08:12:19.292] [bmv2] [D] [thread 3356] [33.0] [cxt 0] Parser state 'parse_link_qos' has no switch, going to default next state
[08:12:19.292] [bmv2] [T] [thread 3356] [33.0] [cxt 0] Bytes parsed: 42
[08:12:19.292] [bmv2] [D] [thread 3356] [33.0] [cxt 0] Parser 'parser': end
[08:12:19.292] [bmv2] [D] [thread 3356] [33.0] [cxt 0] Pipeline 'ingress': start
[08:12:19.292] [bmv2] [T] [thread 3356] [33.0] [cxt 0] qos.p4(197) Condition "hdr.ipv4.isValid()" (node_2) is true
[08:12:19.292] [bmv2] [T] [thread 3356] [33.0] [cxt 0] qos.p4(198) Condition "hdr.link_qos.link_qos == TARGET_LINK_QOS" (node_3) is true
[08:12:19.292] [bmv2] [T] [thread 3356] [33.0] [cxt 0] Applying table 'tbl_qos199'
[08:12:19.292] [bmv2] [D] [thread 3356] [33.0] [cxt 0] Looking up key:

[08:12:19.292] [bmv2] [D] [thread 3356] [33.0] [cxt 0] Table 'tbl_qos199': miss
[08:12:19.292] [bmv2] [D] [thread 3356] [33.0] [cxt 0] Action entry is qos199 - 
[08:12:19.292] [bmv2] [T] [thread 3356] [33.0] [cxt 0] Action qos199
[08:12:19.292] [bmv2] [T] [thread 3356] [33.0] [cxt 0] qos.p4(199) Primitive hdr.ipv4.diffserv = (TARGET_DSCP << 2
[08:12:19.292] [bmv2] [T] [thread 3356] [33.0] [cxt 0] qos.p4(28) Primitive 7; ...
[08:12:19.292] [bmv2] [T] [thread 3356] [33.0] [cxt 0] Applying table 'MyIngress.ipv4_lpm'
[08:12:19.292] [bmv2] [D] [thread 3356] [33.0] [cxt 0] Looking up key:
* hdr.ipv4.dstAddr    : 0a000202

[08:12:19.292] [bmv2] [D] [thread 3356] [33.0] [cxt 0] Table 'MyIngress.ipv4_lpm': hit with handle 2
[08:12:19.293] [bmv2] [D] [thread 3356] [33.0] [cxt 0] Dumping entry 2
Match key:
* hdr.ipv4.dstAddr    : LPM       0a000200/24
Action entry: MyIngress.ipv4_forward - 80000000200,3,

[08:12:19.293] [bmv2] [D] [thread 3356] [33.0] [cxt 0] Action entry is MyIngress.ipv4_forward - 80000000200,3,
[08:12:19.293] [bmv2] [T] [thread 3356] [33.0] [cxt 0] Action MyIngress.ipv4_forward
[08:12:19.293] [bmv2] [T] [thread 3356] [33.0] [cxt 0] qos.p4(175) Primitive standard_metadata.egress_spec = port
[08:12:19.293] [bmv2] [T] [thread 3356] [33.0] [cxt 0] qos.p4(176) Primitive hdr.ethernet.srcAddr = hdr.ethernet.dstAddr
[08:12:19.293] [bmv2] [T] [thread 3356] [33.0] [cxt 0] qos.p4(177) Primitive hdr.ethernet.dstAddr = dstAddr
[08:12:19.293] [bmv2] [T] [thread 3356] [33.0] [cxt 0] qos.p4(178) Primitive hdr.ipv4.ttl = hdr.ipv4.ttl - 1
[08:12:19.293] [bmv2] [D] [thread 3356] [33.0] [cxt 0] Pipeline 'ingress': end
[08:12:19.293] [bmv2] [D] [thread 3356] [33.0] [cxt 0] Egress port is 3
[08:12:19.293] [bmv2] [D] [thread 3360] [33.0] [cxt 0] Pipeline 'egress': start
[08:12:19.293] [bmv2] [D] [thread 3360] [33.0] [cxt 0] Pipeline 'egress': end
[08:12:19.293] [bmv2] [D] [thread 3360] [33.0] [cxt 0] Deparser 'deparser': start
[08:12:19.293] [bmv2] [D] [thread 3360] [33.0] [cxt 0] Updating checksum 'cksum'
[08:12:19.293] [bmv2] [D] [thread 3360] [33.0] [cxt 0] Deparsing header 'ethernet'
[08:12:19.293] [bmv2] [D] [thread 3360] [33.0] [cxt 0] Deparsing header 'vlan'
[08:12:19.293] [bmv2] [D] [thread 3360] [33.0] [cxt 0] Deparsing header 'ipv4'
[08:12:19.293] [bmv2] [D] [thread 3360] [33.0] [cxt 0] Deparsing header 'ipv4_option'
[08:12:19.293] [bmv2] [D] [thread 3360] [33.0] [cxt 0] Deparsing header 'link_qos'
[08:12:19.293] [bmv2] [D] [thread 3360] [33.0] [cxt 0] Deparser 'deparser': end
[08:12:19.293] [bmv2] [D] [thread 3361] [33.0] [cxt 0] Transmitting packet of size 50 out of port 3
[08:12:19.356] [bmv2] [D] [thread 3356] [34.0] [cxt 0] Processing packet received on port 1
[08:12:19.356] [bmv2] [D] [thread 3356] [34.0] [cxt 0] Parser 'parser': start
[08:12:19.356] [bmv2] [D] [thread 3356] [34.0] [cxt 0] Parser 'parser' entering state 'start'
[08:12:19.356] [bmv2] [D] [thread 3356] [34.0] [cxt 0] Extracting header 'ethernet'
[08:12:19.356] [bmv2] [D] [thread 3356] [34.0] [cxt 0] Parser state 'start': key is 8100
[08:12:19.356] [bmv2] [T] [thread 3356] [34.0] [cxt 0] Bytes parsed: 14
[08:12:19.356] [bmv2] [D] [thread 3356] [34.0] [cxt 0] Parser 'parser' entering state 'parse_vlan'
[08:12:19.356] [bmv2] [D] [thread 3356] [34.0] [cxt 0] Extracting header 'vlan'
[08:12:19.356] [bmv2] [D] [thread 3356] [34.0] [cxt 0] Parser state 'parse_vlan': key is 0800
[08:12:19.356] [bmv2] [T] [thread 3356] [34.0] [cxt 0] Bytes parsed: 18
[08:12:19.356] [bmv2] [D] [thread 3356] [34.0] [cxt 0] Parser 'parser' entering state 'parse_ipv4'
[08:12:19.356] [bmv2] [D] [thread 3356] [34.0] [cxt 0] Extracting header 'ipv4'
[08:12:19.356] [bmv2] [D] [thread 3356] [34.0] [cxt 0] Parser set: setting field 'scalars.tmp' from expression, new value is 1
[08:12:19.356] [bmv2] [D] [thread 3356] [34.0] [cxt 0] Parser state 'parse_ipv4': key is 05
[08:12:19.356] [bmv2] [T] [thread 3356] [34.0] [cxt 0] Bytes parsed: 38
[08:12:19.356] [bmv2] [D] [thread 3356] [34.0] [cxt 0] Parser 'parser': end
[08:12:19.356] [bmv2] [D] [thread 3356] [34.0] [cxt 0] Pipeline 'ingress': start
[08:12:19.356] [bmv2] [T] [thread 3356] [34.0] [cxt 0] qos.p4(197) Condition "hdr.ipv4.isValid()" (node_2) is true
[08:12:19.356] [bmv2] [T] [thread 3356] [34.0] [cxt 0] qos.p4(198) Condition "hdr.link_qos.link_qos == TARGET_LINK_QOS" (node_3) is true
[08:12:19.356] [bmv2] [T] [thread 3356] [34.0] [cxt 0] Applying table 'tbl_qos199'
[08:12:19.356] [bmv2] [D] [thread 3356] [34.0] [cxt 0] Looking up key:

[08:12:19.356] [bmv2] [D] [thread 3356] [34.0] [cxt 0] Table 'tbl_qos199': miss
[08:12:19.356] [bmv2] [D] [thread 3356] [34.0] [cxt 0] Action entry is qos199 - 
[08:12:19.356] [bmv2] [T] [thread 3356] [34.0] [cxt 0] Action qos199
[08:12:19.356] [bmv2] [T] [thread 3356] [34.0] [cxt 0] qos.p4(199) Primitive hdr.ipv4.diffserv = (TARGET_DSCP << 2
[08:12:19.356] [bmv2] [T] [thread 3356] [34.0] [cxt 0] qos.p4(28) Primitive 7; ...
[08:12:19.356] [bmv2] [T] [thread 3356] [34.0] [cxt 0] Applying table 'MyIngress.ipv4_lpm'
[08:12:19.356] [bmv2] [D] [thread 3356] [34.0] [cxt 0] Looking up key:
* hdr.ipv4.dstAddr    : 0a000202

[08:12:19.357] [bmv2] [D] [thread 3356] [34.0] [cxt 0] Table 'MyIngress.ipv4_lpm': hit with handle 2
[08:12:19.357] [bmv2] [D] [thread 3356] [34.0] [cxt 0] Dumping entry 2
Match key:
* hdr.ipv4.dstAddr    : LPM       0a000200/24
Action entry: MyIngress.ipv4_forward - 80000000200,3,

[08:12:19.357] [bmv2] [D] [thread 3356] [34.0] [cxt 0] Action entry is MyIngress.ipv4_forward - 80000000200,3,
[08:12:19.357] [bmv2] [T] [thread 3356] [34.0] [cxt 0] Action MyIngress.ipv4_forward
[08:12:19.357] [bmv2] [T] [thread 3356] [34.0] [cxt 0] qos.p4(175) Primitive standard_metadata.egress_spec = port
[08:12:19.357] [bmv2] [T] [thread 3356] [34.0] [cxt 0] qos.p4(176) Primitive hdr.ethernet.srcAddr = hdr.ethernet.dstAddr
[08:12:19.357] [bmv2] [T] [thread 3356] [34.0] [cxt 0] qos.p4(177) Primitive hdr.ethernet.dstAddr = dstAddr
[08:12:19.357] [bmv2] [T] [thread 3356] [34.0] [cxt 0] qos.p4(178) Primitive hdr.ipv4.ttl = hdr.ipv4.ttl - 1
[08:12:19.357] [bmv2] [D] [thread 3356] [34.0] [cxt 0] Pipeline 'ingress': end
[08:12:19.357] [bmv2] [D] [thread 3356] [34.0] [cxt 0] Egress port is 3
[08:12:19.357] [bmv2] [D] [thread 3360] [34.0] [cxt 0] Pipeline 'egress': start
[08:12:19.357] [bmv2] [D] [thread 3360] [34.0] [cxt 0] Pipeline 'egress': end
[08:12:19.357] [bmv2] [D] [thread 3360] [34.0] [cxt 0] Deparser 'deparser': start
[08:12:19.357] [bmv2] [D] [thread 3360] [34.0] [cxt 0] Updating checksum 'cksum'
[08:12:19.357] [bmv2] [D] [thread 3360] [34.0] [cxt 0] Deparsing header 'ethernet'
[08:12:19.357] [bmv2] [D] [thread 3360] [34.0] [cxt 0] Deparsing header 'vlan'
[08:12:19.357] [bmv2] [D] [thread 3360] [34.0] [cxt 0] Deparsing header 'ipv4'
[08:12:19.357] [bmv2] [D] [thread 3360] [34.0] [cxt 0] Deparser 'deparser': end
[08:12:19.357] [bmv2] [D] [thread 3361] [34.0] [cxt 0] Transmitting packet of size 46 out of port 3
[08:12:20.329] [bmv2] [D] [thread 3356] [35.0] [cxt 0] Processing packet received on port 2
[08:12:20.330] [bmv2] [D] [thread 3356] [35.0] [cxt 0] Parser 'parser': start
[08:12:20.330] [bmv2] [D] [thread 3356] [35.0] [cxt 0] Parser 'parser' entering state 'start'
[08:12:20.330] [bmv2] [D] [thread 3356] [35.0] [cxt 0] Extracting header 'ethernet'
[08:12:20.330] [bmv2] [D] [thread 3356] [35.0] [cxt 0] Parser state 'start': key is 8100
[08:12:20.330] [bmv2] [T] [thread 3356] [35.0] [cxt 0] Bytes parsed: 14
[08:12:20.330] [bmv2] [D] [thread 3356] [35.0] [cxt 0] Parser 'parser' entering state 'parse_vlan'
[08:12:20.330] [bmv2] [D] [thread 3356] [35.0] [cxt 0] Extracting header 'vlan'
[08:12:20.330] [bmv2] [D] [thread 3356] [35.0] [cxt 0] Parser state 'parse_vlan': key is 0800
[08:12:20.330] [bmv2] [T] [thread 3356] [35.0] [cxt 0] Bytes parsed: 18
[08:12:20.330] [bmv2] [D] [thread 3356] [35.0] [cxt 0] Parser 'parser' entering state 'parse_ipv4'
[08:12:20.330] [bmv2] [D] [thread 3356] [35.0] [cxt 0] Extracting header 'ipv4'
[08:12:20.331] [bmv2] [D] [thread 3356] [35.0] [cxt 0] Parser set: setting field 'scalars.tmp' from expression, new value is 1
[08:12:20.331] [bmv2] [D] [thread 3356] [35.0] [cxt 0] Parser state 'parse_ipv4': key is 06
[08:12:20.331] [bmv2] [T] [thread 3356] [35.0] [cxt 0] Bytes parsed: 38
[08:12:20.331] [bmv2] [D] [thread 3356] [35.0] [cxt 0] Parser 'parser' entering state 'parse_ipv4_option'
[08:12:20.331] [bmv2] [D] [thread 3356] [35.0] [cxt 0] Extracting header 'ipv4_option'
[08:12:20.331] [bmv2] [D] [thread 3356] [35.0] [cxt 0] Parser state 'parse_ipv4_option': key is 1f
[08:12:20.331] [bmv2] [T] [thread 3356] [35.0] [cxt 0] Bytes parsed: 40
[08:12:20.331] [bmv2] [D] [thread 3356] [35.0] [cxt 0] Parser 'parser' entering state 'parse_link_qos'
[08:12:20.331] [bmv2] [D] [thread 3356] [35.0] [cxt 0] Extracting header 'link_qos'
[08:12:20.331] [bmv2] [D] [thread 3356] [35.0] [cxt 0] Parser state 'parse_link_qos' has no switch, going to default next state
[08:12:20.331] [bmv2] [T] [thread 3356] [35.0] [cxt 0] Bytes parsed: 42
[08:12:20.331] [bmv2] [D] [thread 3356] [35.0] [cxt 0] Parser 'parser': end
[08:12:20.331] [bmv2] [D] [thread 3356] [35.0] [cxt 0] Pipeline 'ingress': start
[08:12:20.331] [bmv2] [T] [thread 3356] [35.0] [cxt 0] qos.p4(197) Condition "hdr.ipv4.isValid()" (node_2) is true
[08:12:20.331] [bmv2] [T] [thread 3356] [35.0] [cxt 0] qos.p4(198) Condition "hdr.link_qos.link_qos == TARGET_LINK_QOS" (node_3) is true
[08:12:20.331] [bmv2] [T] [thread 3356] [35.0] [cxt 0] Applying table 'tbl_qos199'
[08:12:20.331] [bmv2] [D] [thread 3356] [35.0] [cxt 0] Looking up key:

[08:12:20.332] [bmv2] [D] [thread 3356] [35.0] [cxt 0] Table 'tbl_qos199': miss
[08:12:20.332] [bmv2] [D] [thread 3356] [35.0] [cxt 0] Action entry is qos199 - 
[08:12:20.332] [bmv2] [T] [thread 3356] [35.0] [cxt 0] Action qos199
[08:12:20.332] [bmv2] [T] [thread 3356] [35.0] [cxt 0] qos.p4(199) Primitive hdr.ipv4.diffserv = (TARGET_DSCP << 2
[08:12:20.332] [bmv2] [T] [thread 3356] [35.0] [cxt 0] qos.p4(28) Primitive 7; ...
[08:12:20.332] [bmv2] [T] [thread 3356] [35.0] [cxt 0] Applying table 'MyIngress.ipv4_lpm'
[08:12:20.332] [bmv2] [D] [thread 3356] [35.0] [cxt 0] Looking up key:
* hdr.ipv4.dstAddr    : 0a000202

[08:12:20.332] [bmv2] [D] [thread 3356] [35.0] [cxt 0] Table 'MyIngress.ipv4_lpm': hit with handle 2
[08:12:20.332] [bmv2] [D] [thread 3356] [35.0] [cxt 0] Dumping entry 2
Match key:
* hdr.ipv4.dstAddr    : LPM       0a000200/24
Action entry: MyIngress.ipv4_forward - 80000000200,3,

[08:12:20.332] [bmv2] [D] [thread 3356] [35.0] [cxt 0] Action entry is MyIngress.ipv4_forward - 80000000200,3,
[08:12:20.332] [bmv2] [T] [thread 3356] [35.0] [cxt 0] Action MyIngress.ipv4_forward
[08:12:20.332] [bmv2] [T] [thread 3356] [35.0] [cxt 0] qos.p4(175) Primitive standard_metadata.egress_spec = port
[08:12:20.333] [bmv2] [T] [thread 3356] [35.0] [cxt 0] qos.p4(176) Primitive hdr.ethernet.srcAddr = hdr.ethernet.dstAddr
[08:12:20.333] [bmv2] [T] [thread 3356] [35.0] [cxt 0] qos.p4(177) Primitive hdr.ethernet.dstAddr = dstAddr
[08:12:20.333] [bmv2] [T] [thread 3356] [35.0] [cxt 0] qos.p4(178) Primitive hdr.ipv4.ttl = hdr.ipv4.ttl - 1
[08:12:20.333] [bmv2] [D] [thread 3356] [35.0] [cxt 0] Pipeline 'ingress': end
[08:12:20.333] [bmv2] [D] [thread 3356] [35.0] [cxt 0] Egress port is 3
[08:12:20.335] [bmv2] [D] [thread 3360] [35.0] [cxt 0] Pipeline 'egress': start
[08:12:20.335] [bmv2] [D] [thread 3360] [35.0] [cxt 0] Pipeline 'egress': end
[08:12:20.335] [bmv2] [D] [thread 3360] [35.0] [cxt 0] Deparser 'deparser': start
[08:12:20.335] [bmv2] [D] [thread 3360] [35.0] [cxt 0] Updating checksum 'cksum'
[08:12:20.335] [bmv2] [D] [thread 3360] [35.0] [cxt 0] Deparsing header 'ethernet'
[08:12:20.335] [bmv2] [D] [thread 3360] [35.0] [cxt 0] Deparsing header 'vlan'
[08:12:20.335] [bmv2] [D] [thread 3360] [35.0] [cxt 0] Deparsing header 'ipv4'
[08:12:20.335] [bmv2] [D] [thread 3360] [35.0] [cxt 0] Deparsing header 'ipv4_option'
[08:12:20.335] [bmv2] [D] [thread 3360] [35.0] [cxt 0] Deparsing header 'link_qos'
[08:12:20.335] [bmv2] [D] [thread 3360] [35.0] [cxt 0] Deparser 'deparser': end
[08:12:20.335] [bmv2] [D] [thread 3361] [35.0] [cxt 0] Transmitting packet of size 50 out of port 3
[08:12:20.380] [bmv2] [D] [thread 3356] [36.0] [cxt 0] Processing packet received on port 1
[08:12:20.380] [bmv2] [D] [thread 3356] [36.0] [cxt 0] Parser 'parser': start
[08:12:20.380] [bmv2] [D] [thread 3356] [36.0] [cxt 0] Parser 'parser' entering state 'start'
[08:12:20.380] [bmv2] [D] [thread 3356] [36.0] [cxt 0] Extracting header 'ethernet'
[08:12:20.380] [bmv2] [D] [thread 3356] [36.0] [cxt 0] Parser state 'start': key is 8100
[08:12:20.380] [bmv2] [T] [thread 3356] [36.0] [cxt 0] Bytes parsed: 14
[08:12:20.380] [bmv2] [D] [thread 3356] [36.0] [cxt 0] Parser 'parser' entering state 'parse_vlan'
[08:12:20.380] [bmv2] [D] [thread 3356] [36.0] [cxt 0] Extracting header 'vlan'
[08:12:20.380] [bmv2] [D] [thread 3356] [36.0] [cxt 0] Parser state 'parse_vlan': key is 0800
[08:12:20.380] [bmv2] [T] [thread 3356] [36.0] [cxt 0] Bytes parsed: 18
[08:12:20.380] [bmv2] [D] [thread 3356] [36.0] [cxt 0] Parser 'parser' entering state 'parse_ipv4'
[08:12:20.380] [bmv2] [D] [thread 3356] [36.0] [cxt 0] Extracting header 'ipv4'
[08:12:20.380] [bmv2] [D] [thread 3356] [36.0] [cxt 0] Parser set: setting field 'scalars.tmp' from expression, new value is 1
[08:12:20.380] [bmv2] [D] [thread 3356] [36.0] [cxt 0] Parser state 'parse_ipv4': key is 05
[08:12:20.380] [bmv2] [T] [thread 3356] [36.0] [cxt 0] Bytes parsed: 38
[08:12:20.380] [bmv2] [D] [thread 3356] [36.0] [cxt 0] Parser 'parser': end
[08:12:20.380] [bmv2] [D] [thread 3356] [36.0] [cxt 0] Pipeline 'ingress': start
[08:12:20.380] [bmv2] [T] [thread 3356] [36.0] [cxt 0] qos.p4(197) Condition "hdr.ipv4.isValid()" (node_2) is true
[08:12:20.380] [bmv2] [T] [thread 3356] [36.0] [cxt 0] qos.p4(198) Condition "hdr.link_qos.link_qos == TARGET_LINK_QOS" (node_3) is true
[08:12:20.380] [bmv2] [T] [thread 3356] [36.0] [cxt 0] Applying table 'tbl_qos199'
[08:12:20.380] [bmv2] [D] [thread 3356] [36.0] [cxt 0] Looking up key:

[08:12:20.381] [bmv2] [D] [thread 3356] [36.0] [cxt 0] Table 'tbl_qos199': miss
[08:12:20.381] [bmv2] [D] [thread 3356] [36.0] [cxt 0] Action entry is qos199 - 
[08:12:20.381] [bmv2] [T] [thread 3356] [36.0] [cxt 0] Action qos199
[08:12:20.381] [bmv2] [T] [thread 3356] [36.0] [cxt 0] qos.p4(199) Primitive hdr.ipv4.diffserv = (TARGET_DSCP << 2
[08:12:20.381] [bmv2] [T] [thread 3356] [36.0] [cxt 0] qos.p4(28) Primitive 7; ...
[08:12:20.381] [bmv2] [T] [thread 3356] [36.0] [cxt 0] Applying table 'MyIngress.ipv4_lpm'
[08:12:20.381] [bmv2] [D] [thread 3356] [36.0] [cxt 0] Looking up key:
* hdr.ipv4.dstAddr    : 0a000202

[08:12:20.381] [bmv2] [D] [thread 3356] [36.0] [cxt 0] Table 'MyIngress.ipv4_lpm': hit with handle 2
[08:12:20.381] [bmv2] [D] [thread 3356] [36.0] [cxt 0] Dumping entry 2
Match key:
* hdr.ipv4.dstAddr    : LPM       0a000200/24
Action entry: MyIngress.ipv4_forward - 80000000200,3,

[08:12:20.381] [bmv2] [D] [thread 3356] [36.0] [cxt 0] Action entry is MyIngress.ipv4_forward - 80000000200,3,
[08:12:20.381] [bmv2] [T] [thread 3356] [36.0] [cxt 0] Action MyIngress.ipv4_forward
[08:12:20.381] [bmv2] [T] [thread 3356] [36.0] [cxt 0] qos.p4(175) Primitive standard_metadata.egress_spec = port
[08:12:20.381] [bmv2] [T] [thread 3356] [36.0] [cxt 0] qos.p4(176) Primitive hdr.ethernet.srcAddr = hdr.ethernet.dstAddr
[08:12:20.381] [bmv2] [T] [thread 3356] [36.0] [cxt 0] qos.p4(177) Primitive hdr.ethernet.dstAddr = dstAddr
[08:12:20.381] [bmv2] [T] [thread 3356] [36.0] [cxt 0] qos.p4(178) Primitive hdr.ipv4.ttl = hdr.ipv4.ttl - 1
[08:12:20.381] [bmv2] [D] [thread 3356] [36.0] [cxt 0] Pipeline 'ingress': end
[08:12:20.381] [bmv2] [D] [thread 3356] [36.0] [cxt 0] Egress port is 3
[08:12:20.381] [bmv2] [D] [thread 3360] [36.0] [cxt 0] Pipeline 'egress': start
[08:12:20.382] [bmv2] [D] [thread 3360] [36.0] [cxt 0] Pipeline 'egress': end
[08:12:20.382] [bmv2] [D] [thread 3360] [36.0] [cxt 0] Deparser 'deparser': start
[08:12:20.382] [bmv2] [D] [thread 3360] [36.0] [cxt 0] Updating checksum 'cksum'
[08:12:20.382] [bmv2] [D] [thread 3360] [36.0] [cxt 0] Deparsing header 'ethernet'
[08:12:20.382] [bmv2] [D] [thread 3360] [36.0] [cxt 0] Deparsing header 'vlan'
[08:12:20.382] [bmv2] [D] [thread 3360] [36.0] [cxt 0] Deparsing header 'ipv4'
[08:12:20.382] [bmv2] [D] [thread 3360] [36.0] [cxt 0] Deparser 'deparser': end
[08:12:20.382] [bmv2] [D] [thread 3361] [36.0] [cxt 0] Transmitting packet of size 46 out of port 3
[08:12:21.360] [bmv2] [D] [thread 3356] [37.0] [cxt 0] Processing packet received on port 2
[08:12:21.360] [bmv2] [D] [thread 3356] [37.0] [cxt 0] Parser 'parser': start
[08:12:21.360] [bmv2] [D] [thread 3356] [37.0] [cxt 0] Parser 'parser' entering state 'start'
[08:12:21.360] [bmv2] [D] [thread 3356] [37.0] [cxt 0] Extracting header 'ethernet'
[08:12:21.361] [bmv2] [D] [thread 3356] [37.0] [cxt 0] Parser state 'start': key is 8100
[08:12:21.361] [bmv2] [T] [thread 3356] [37.0] [cxt 0] Bytes parsed: 14
[08:12:21.361] [bmv2] [D] [thread 3356] [37.0] [cxt 0] Parser 'parser' entering state 'parse_vlan'
[08:12:21.361] [bmv2] [D] [thread 3356] [37.0] [cxt 0] Extracting header 'vlan'
[08:12:21.361] [bmv2] [D] [thread 3356] [37.0] [cxt 0] Parser state 'parse_vlan': key is 0800
[08:12:21.361] [bmv2] [T] [thread 3356] [37.0] [cxt 0] Bytes parsed: 18
[08:12:21.361] [bmv2] [D] [thread 3356] [37.0] [cxt 0] Parser 'parser' entering state 'parse_ipv4'
[08:12:21.361] [bmv2] [D] [thread 3356] [37.0] [cxt 0] Extracting header 'ipv4'
[08:12:21.361] [bmv2] [D] [thread 3356] [37.0] [cxt 0] Parser set: setting field 'scalars.tmp' from expression, new value is 1
[08:12:21.361] [bmv2] [D] [thread 3356] [37.0] [cxt 0] Parser state 'parse_ipv4': key is 06
[08:12:21.361] [bmv2] [T] [thread 3356] [37.0] [cxt 0] Bytes parsed: 38
[08:12:21.361] [bmv2] [D] [thread 3356] [37.0] [cxt 0] Parser 'parser' entering state 'parse_ipv4_option'
[08:12:21.361] [bmv2] [D] [thread 3356] [37.0] [cxt 0] Extracting header 'ipv4_option'
[08:12:21.361] [bmv2] [D] [thread 3356] [37.0] [cxt 0] Parser state 'parse_ipv4_option': key is 1f
[08:12:21.361] [bmv2] [T] [thread 3356] [37.0] [cxt 0] Bytes parsed: 40
[08:12:21.362] [bmv2] [D] [thread 3356] [37.0] [cxt 0] Parser 'parser' entering state 'parse_link_qos'
[08:12:21.362] [bmv2] [D] [thread 3356] [37.0] [cxt 0] Extracting header 'link_qos'
[08:12:21.362] [bmv2] [D] [thread 3356] [37.0] [cxt 0] Parser state 'parse_link_qos' has no switch, going to default next state
[08:12:21.362] [bmv2] [T] [thread 3356] [37.0] [cxt 0] Bytes parsed: 42
[08:12:21.362] [bmv2] [D] [thread 3356] [37.0] [cxt 0] Parser 'parser': end
[08:12:21.362] [bmv2] [D] [thread 3356] [37.0] [cxt 0] Pipeline 'ingress': start
[08:12:21.362] [bmv2] [T] [thread 3356] [37.0] [cxt 0] qos.p4(197) Condition "hdr.ipv4.isValid()" (node_2) is true
[08:12:21.362] [bmv2] [T] [thread 3356] [37.0] [cxt 0] qos.p4(198) Condition "hdr.link_qos.link_qos == TARGET_LINK_QOS" (node_3) is true
[08:12:21.362] [bmv2] [T] [thread 3356] [37.0] [cxt 0] Applying table 'tbl_qos199'
[08:12:21.362] [bmv2] [D] [thread 3356] [37.0] [cxt 0] Looking up key:

[08:12:21.362] [bmv2] [D] [thread 3356] [37.0] [cxt 0] Table 'tbl_qos199': miss
[08:12:21.362] [bmv2] [D] [thread 3356] [37.0] [cxt 0] Action entry is qos199 - 
[08:12:21.362] [bmv2] [T] [thread 3356] [37.0] [cxt 0] Action qos199
[08:12:21.363] [bmv2] [T] [thread 3356] [37.0] [cxt 0] qos.p4(199) Primitive hdr.ipv4.diffserv = (TARGET_DSCP << 2
[08:12:21.363] [bmv2] [T] [thread 3356] [37.0] [cxt 0] qos.p4(28) Primitive 7; ...
[08:12:21.363] [bmv2] [T] [thread 3356] [37.0] [cxt 0] Applying table 'MyIngress.ipv4_lpm'
[08:12:21.363] [bmv2] [D] [thread 3356] [37.0] [cxt 0] Looking up key:
* hdr.ipv4.dstAddr    : 0a000202

[08:12:21.363] [bmv2] [D] [thread 3356] [37.0] [cxt 0] Table 'MyIngress.ipv4_lpm': hit with handle 2
[08:12:21.363] [bmv2] [D] [thread 3356] [37.0] [cxt 0] Dumping entry 2
Match key:
* hdr.ipv4.dstAddr    : LPM       0a000200/24
Action entry: MyIngress.ipv4_forward - 80000000200,3,

[08:12:21.363] [bmv2] [D] [thread 3356] [37.0] [cxt 0] Action entry is MyIngress.ipv4_forward - 80000000200,3,
[08:12:21.363] [bmv2] [T] [thread 3356] [37.0] [cxt 0] Action MyIngress.ipv4_forward
[08:12:21.363] [bmv2] [T] [thread 3356] [37.0] [cxt 0] qos.p4(175) Primitive standard_metadata.egress_spec = port
[08:12:21.363] [bmv2] [T] [thread 3356] [37.0] [cxt 0] qos.p4(176) Primitive hdr.ethernet.srcAddr = hdr.ethernet.dstAddr
[08:12:21.363] [bmv2] [T] [thread 3356] [37.0] [cxt 0] qos.p4(177) Primitive hdr.ethernet.dstAddr = dstAddr
[08:12:21.363] [bmv2] [T] [thread 3356] [37.0] [cxt 0] qos.p4(178) Primitive hdr.ipv4.ttl = hdr.ipv4.ttl - 1
[08:12:21.363] [bmv2] [D] [thread 3356] [37.0] [cxt 0] Pipeline 'ingress': end
[08:12:21.363] [bmv2] [D] [thread 3356] [37.0] [cxt 0] Egress port is 3
[08:12:21.365] [bmv2] [D] [thread 3360] [37.0] [cxt 0] Pipeline 'egress': start
[08:12:21.365] [bmv2] [D] [thread 3360] [37.0] [cxt 0] Pipeline 'egress': end
[08:12:21.365] [bmv2] [D] [thread 3360] [37.0] [cxt 0] Deparser 'deparser': start
[08:12:21.365] [bmv2] [D] [thread 3360] [37.0] [cxt 0] Updating checksum 'cksum'
[08:12:21.365] [bmv2] [D] [thread 3360] [37.0] [cxt 0] Deparsing header 'ethernet'
[08:12:21.366] [bmv2] [D] [thread 3360] [37.0] [cxt 0] Deparsing header 'vlan'
[08:12:21.366] [bmv2] [D] [thread 3360] [37.0] [cxt 0] Deparsing header 'ipv4'
[08:12:21.366] [bmv2] [D] [thread 3360] [37.0] [cxt 0] Deparsing header 'ipv4_option'
[08:12:21.366] [bmv2] [D] [thread 3360] [37.0] [cxt 0] Deparsing header 'link_qos'
[08:12:21.366] [bmv2] [D] [thread 3360] [37.0] [cxt 0] Deparser 'deparser': end
[08:12:21.366] [bmv2] [D] [thread 3361] [37.0] [cxt 0] Transmitting packet of size 50 out of port 3
[08:12:21.399] [bmv2] [D] [thread 3356] [38.0] [cxt 0] Processing packet received on port 1
[08:12:21.399] [bmv2] [D] [thread 3356] [38.0] [cxt 0] Parser 'parser': start
[08:12:21.400] [bmv2] [D] [thread 3356] [38.0] [cxt 0] Parser 'parser' entering state 'start'
[08:12:21.400] [bmv2] [D] [thread 3356] [38.0] [cxt 0] Extracting header 'ethernet'
[08:12:21.400] [bmv2] [D] [thread 3356] [38.0] [cxt 0] Parser state 'start': key is 8100
[08:12:21.400] [bmv2] [T] [thread 3356] [38.0] [cxt 0] Bytes parsed: 14
[08:12:21.400] [bmv2] [D] [thread 3356] [38.0] [cxt 0] Parser 'parser' entering state 'parse_vlan'
[08:12:21.400] [bmv2] [D] [thread 3356] [38.0] [cxt 0] Extracting header 'vlan'
[08:12:21.400] [bmv2] [D] [thread 3356] [38.0] [cxt 0] Parser state 'parse_vlan': key is 0800
[08:12:21.400] [bmv2] [T] [thread 3356] [38.0] [cxt 0] Bytes parsed: 18
[08:12:21.400] [bmv2] [D] [thread 3356] [38.0] [cxt 0] Parser 'parser' entering state 'parse_ipv4'
[08:12:21.400] [bmv2] [D] [thread 3356] [38.0] [cxt 0] Extracting header 'ipv4'
[08:12:21.400] [bmv2] [D] [thread 3356] [38.0] [cxt 0] Parser set: setting field 'scalars.tmp' from expression, new value is 1
[08:12:21.400] [bmv2] [D] [thread 3356] [38.0] [cxt 0] Parser state 'parse_ipv4': key is 05
[08:12:21.400] [bmv2] [T] [thread 3356] [38.0] [cxt 0] Bytes parsed: 38
[08:12:21.400] [bmv2] [D] [thread 3356] [38.0] [cxt 0] Parser 'parser': end
[08:12:21.401] [bmv2] [D] [thread 3356] [38.0] [cxt 0] Pipeline 'ingress': start
[08:12:21.401] [bmv2] [T] [thread 3356] [38.0] [cxt 0] qos.p4(197) Condition "hdr.ipv4.isValid()" (node_2) is true
[08:12:21.401] [bmv2] [T] [thread 3356] [38.0] [cxt 0] qos.p4(198) Condition "hdr.link_qos.link_qos == TARGET_LINK_QOS" (node_3) is true
[08:12:21.401] [bmv2] [T] [thread 3356] [38.0] [cxt 0] Applying table 'tbl_qos199'
[08:12:21.401] [bmv2] [D] [thread 3356] [38.0] [cxt 0] Looking up key:

[08:12:21.401] [bmv2] [D] [thread 3356] [38.0] [cxt 0] Table 'tbl_qos199': miss
[08:12:21.401] [bmv2] [D] [thread 3356] [38.0] [cxt 0] Action entry is qos199 - 
[08:12:21.401] [bmv2] [T] [thread 3356] [38.0] [cxt 0] Action qos199
[08:12:21.401] [bmv2] [T] [thread 3356] [38.0] [cxt 0] qos.p4(199) Primitive hdr.ipv4.diffserv = (TARGET_DSCP << 2
[08:12:21.401] [bmv2] [T] [thread 3356] [38.0] [cxt 0] qos.p4(28) Primitive 7; ...
[08:12:21.401] [bmv2] [T] [thread 3356] [38.0] [cxt 0] Applying table 'MyIngress.ipv4_lpm'
[08:12:21.401] [bmv2] [D] [thread 3356] [38.0] [cxt 0] Looking up key:
* hdr.ipv4.dstAddr    : 0a000202

[08:12:21.402] [bmv2] [D] [thread 3356] [38.0] [cxt 0] Table 'MyIngress.ipv4_lpm': hit with handle 2
[08:12:21.402] [bmv2] [D] [thread 3356] [38.0] [cxt 0] Dumping entry 2
Match key:
* hdr.ipv4.dstAddr    : LPM       0a000200/24
Action entry: MyIngress.ipv4_forward - 80000000200,3,

[08:12:21.402] [bmv2] [D] [thread 3356] [38.0] [cxt 0] Action entry is MyIngress.ipv4_forward - 80000000200,3,
[08:12:21.402] [bmv2] [T] [thread 3356] [38.0] [cxt 0] Action MyIngress.ipv4_forward
[08:12:21.402] [bmv2] [T] [thread 3356] [38.0] [cxt 0] qos.p4(175) Primitive standard_metadata.egress_spec = port
[08:12:21.402] [bmv2] [T] [thread 3356] [38.0] [cxt 0] qos.p4(176) Primitive hdr.ethernet.srcAddr = hdr.ethernet.dstAddr
[08:12:21.402] [bmv2] [T] [thread 3356] [38.0] [cxt 0] qos.p4(177) Primitive hdr.ethernet.dstAddr = dstAddr
[08:12:21.402] [bmv2] [T] [thread 3356] [38.0] [cxt 0] qos.p4(178) Primitive hdr.ipv4.ttl = hdr.ipv4.ttl - 1
[08:12:21.402] [bmv2] [D] [thread 3356] [38.0] [cxt 0] Pipeline 'ingress': end
[08:12:21.402] [bmv2] [D] [thread 3356] [38.0] [cxt 0] Egress port is 3
[08:12:21.402] [bmv2] [D] [thread 3360] [38.0] [cxt 0] Pipeline 'egress': start
[08:12:21.402] [bmv2] [D] [thread 3360] [38.0] [cxt 0] Pipeline 'egress': end
[08:12:21.402] [bmv2] [D] [thread 3360] [38.0] [cxt 0] Deparser 'deparser': start
[08:12:21.402] [bmv2] [D] [thread 3360] [38.0] [cxt 0] Updating checksum 'cksum'
[08:12:21.402] [bmv2] [D] [thread 3360] [38.0] [cxt 0] Deparsing header 'ethernet'
[08:12:21.402] [bmv2] [D] [thread 3360] [38.0] [cxt 0] Deparsing header 'vlan'
[08:12:21.402] [bmv2] [D] [thread 3360] [38.0] [cxt 0] Deparsing header 'ipv4'
[08:12:21.402] [bmv2] [D] [thread 3360] [38.0] [cxt 0] Deparser 'deparser': end
[08:12:21.402] [bmv2] [D] [thread 3361] [38.0] [cxt 0] Transmitting packet of size 46 out of port 3
[08:12:22.393] [bmv2] [D] [thread 3356] [39.0] [cxt 0] Processing packet received on port 2
[08:12:22.393] [bmv2] [D] [thread 3356] [39.0] [cxt 0] Parser 'parser': start
[08:12:22.393] [bmv2] [D] [thread 3356] [39.0] [cxt 0] Parser 'parser' entering state 'start'
[08:12:22.393] [bmv2] [D] [thread 3356] [39.0] [cxt 0] Extracting header 'ethernet'
[08:12:22.393] [bmv2] [D] [thread 3356] [39.0] [cxt 0] Parser state 'start': key is 8100
[08:12:22.394] [bmv2] [T] [thread 3356] [39.0] [cxt 0] Bytes parsed: 14
[08:12:22.394] [bmv2] [D] [thread 3356] [39.0] [cxt 0] Parser 'parser' entering state 'parse_vlan'
[08:12:22.394] [bmv2] [D] [thread 3356] [39.0] [cxt 0] Extracting header 'vlan'
[08:12:22.394] [bmv2] [D] [thread 3356] [39.0] [cxt 0] Parser state 'parse_vlan': key is 0800
[08:12:22.394] [bmv2] [T] [thread 3356] [39.0] [cxt 0] Bytes parsed: 18
[08:12:22.394] [bmv2] [D] [thread 3356] [39.0] [cxt 0] Parser 'parser' entering state 'parse_ipv4'
[08:12:22.394] [bmv2] [D] [thread 3356] [39.0] [cxt 0] Extracting header 'ipv4'
[08:12:22.394] [bmv2] [D] [thread 3356] [39.0] [cxt 0] Parser set: setting field 'scalars.tmp' from expression, new value is 1
[08:12:22.394] [bmv2] [D] [thread 3356] [39.0] [cxt 0] Parser state 'parse_ipv4': key is 06
[08:12:22.394] [bmv2] [T] [thread 3356] [39.0] [cxt 0] Bytes parsed: 38
[08:12:22.394] [bmv2] [D] [thread 3356] [39.0] [cxt 0] Parser 'parser' entering state 'parse_ipv4_option'
[08:12:22.394] [bmv2] [D] [thread 3356] [39.0] [cxt 0] Extracting header 'ipv4_option'
[08:12:22.394] [bmv2] [D] [thread 3356] [39.0] [cxt 0] Parser state 'parse_ipv4_option': key is 1f
[08:12:22.394] [bmv2] [T] [thread 3356] [39.0] [cxt 0] Bytes parsed: 40
[08:12:22.394] [bmv2] [D] [thread 3356] [39.0] [cxt 0] Parser 'parser' entering state 'parse_link_qos'
[08:12:22.394] [bmv2] [D] [thread 3356] [39.0] [cxt 0] Extracting header 'link_qos'
[08:12:22.395] [bmv2] [D] [thread 3356] [39.0] [cxt 0] Parser state 'parse_link_qos' has no switch, going to default next state
[08:12:22.395] [bmv2] [T] [thread 3356] [39.0] [cxt 0] Bytes parsed: 42
[08:12:22.395] [bmv2] [D] [thread 3356] [39.0] [cxt 0] Parser 'parser': end
[08:12:22.395] [bmv2] [D] [thread 3356] [39.0] [cxt 0] Pipeline 'ingress': start
[08:12:22.395] [bmv2] [T] [thread 3356] [39.0] [cxt 0] qos.p4(197) Condition "hdr.ipv4.isValid()" (node_2) is true
[08:12:22.395] [bmv2] [T] [thread 3356] [39.0] [cxt 0] qos.p4(198) Condition "hdr.link_qos.link_qos == TARGET_LINK_QOS" (node_3) is true
[08:12:22.395] [bmv2] [T] [thread 3356] [39.0] [cxt 0] Applying table 'tbl_qos199'
[08:12:22.395] [bmv2] [D] [thread 3356] [39.0] [cxt 0] Looking up key:

[08:12:22.395] [bmv2] [D] [thread 3356] [39.0] [cxt 0] Table 'tbl_qos199': miss
[08:12:22.395] [bmv2] [D] [thread 3356] [39.0] [cxt 0] Action entry is qos199 - 
[08:12:22.395] [bmv2] [T] [thread 3356] [39.0] [cxt 0] Action qos199
[08:12:22.395] [bmv2] [T] [thread 3356] [39.0] [cxt 0] qos.p4(199) Primitive hdr.ipv4.diffserv = (TARGET_DSCP << 2
[08:12:22.395] [bmv2] [T] [thread 3356] [39.0] [cxt 0] qos.p4(28) Primitive 7; ...
[08:12:22.395] [bmv2] [T] [thread 3356] [39.0] [cxt 0] Applying table 'MyIngress.ipv4_lpm'
[08:12:22.395] [bmv2] [D] [thread 3356] [39.0] [cxt 0] Looking up key:
* hdr.ipv4.dstAddr    : 0a000202

[08:12:22.395] [bmv2] [D] [thread 3356] [39.0] [cxt 0] Table 'MyIngress.ipv4_lpm': hit with handle 2
[08:12:22.396] [bmv2] [D] [thread 3356] [39.0] [cxt 0] Dumping entry 2
Match key:
* hdr.ipv4.dstAddr    : LPM       0a000200/24
Action entry: MyIngress.ipv4_forward - 80000000200,3,

[08:12:22.396] [bmv2] [D] [thread 3356] [39.0] [cxt 0] Action entry is MyIngress.ipv4_forward - 80000000200,3,
[08:12:22.396] [bmv2] [T] [thread 3356] [39.0] [cxt 0] Action MyIngress.ipv4_forward
[08:12:22.396] [bmv2] [T] [thread 3356] [39.0] [cxt 0] qos.p4(175) Primitive standard_metadata.egress_spec = port
[08:12:22.396] [bmv2] [T] [thread 3356] [39.0] [cxt 0] qos.p4(176) Primitive hdr.ethernet.srcAddr = hdr.ethernet.dstAddr
[08:12:22.396] [bmv2] [T] [thread 3356] [39.0] [cxt 0] qos.p4(177) Primitive hdr.ethernet.dstAddr = dstAddr
[08:12:22.396] [bmv2] [T] [thread 3356] [39.0] [cxt 0] qos.p4(178) Primitive hdr.ipv4.ttl = hdr.ipv4.ttl - 1
[08:12:22.396] [bmv2] [D] [thread 3356] [39.0] [cxt 0] Pipeline 'ingress': end
[08:12:22.396] [bmv2] [D] [thread 3356] [39.0] [cxt 0] Egress port is 3
[08:12:22.397] [bmv2] [D] [thread 3360] [39.0] [cxt 0] Pipeline 'egress': start
[08:12:22.398] [bmv2] [D] [thread 3360] [39.0] [cxt 0] Pipeline 'egress': end
[08:12:22.398] [bmv2] [D] [thread 3360] [39.0] [cxt 0] Deparser 'deparser': start
[08:12:22.398] [bmv2] [D] [thread 3360] [39.0] [cxt 0] Updating checksum 'cksum'
[08:12:22.398] [bmv2] [D] [thread 3360] [39.0] [cxt 0] Deparsing header 'ethernet'
[08:12:22.398] [bmv2] [D] [thread 3360] [39.0] [cxt 0] Deparsing header 'vlan'
[08:12:22.398] [bmv2] [D] [thread 3360] [39.0] [cxt 0] Deparsing header 'ipv4'
[08:12:22.398] [bmv2] [D] [thread 3360] [39.0] [cxt 0] Deparsing header 'ipv4_option'
[08:12:22.398] [bmv2] [D] [thread 3360] [39.0] [cxt 0] Deparsing header 'link_qos'
[08:12:22.398] [bmv2] [D] [thread 3360] [39.0] [cxt 0] Deparser 'deparser': end
[08:12:22.398] [bmv2] [D] [thread 3361] [39.0] [cxt 0] Transmitting packet of size 50 out of port 3
[08:12:22.430] [bmv2] [D] [thread 3356] [40.0] [cxt 0] Processing packet received on port 1
[08:12:22.430] [bmv2] [D] [thread 3356] [40.0] [cxt 0] Parser 'parser': start
[08:12:22.430] [bmv2] [D] [thread 3356] [40.0] [cxt 0] Parser 'parser' entering state 'start'
[08:12:22.431] [bmv2] [D] [thread 3356] [40.0] [cxt 0] Extracting header 'ethernet'
[08:12:22.431] [bmv2] [D] [thread 3356] [40.0] [cxt 0] Parser state 'start': key is 8100
[08:12:22.431] [bmv2] [T] [thread 3356] [40.0] [cxt 0] Bytes parsed: 14
[08:12:22.431] [bmv2] [D] [thread 3356] [40.0] [cxt 0] Parser 'parser' entering state 'parse_vlan'
[08:12:22.431] [bmv2] [D] [thread 3356] [40.0] [cxt 0] Extracting header 'vlan'
[08:12:22.431] [bmv2] [D] [thread 3356] [40.0] [cxt 0] Parser state 'parse_vlan': key is 0800
[08:12:22.431] [bmv2] [T] [thread 3356] [40.0] [cxt 0] Bytes parsed: 18
[08:12:22.431] [bmv2] [D] [thread 3356] [40.0] [cxt 0] Parser 'parser' entering state 'parse_ipv4'
[08:12:22.431] [bmv2] [D] [thread 3356] [40.0] [cxt 0] Extracting header 'ipv4'
[08:12:22.431] [bmv2] [D] [thread 3356] [40.0] [cxt 0] Parser set: setting field 'scalars.tmp' from expression, new value is 1
[08:12:22.431] [bmv2] [D] [thread 3356] [40.0] [cxt 0] Parser state 'parse_ipv4': key is 05
[08:12:22.431] [bmv2] [T] [thread 3356] [40.0] [cxt 0] Bytes parsed: 38
[08:12:22.431] [bmv2] [D] [thread 3356] [40.0] [cxt 0] Parser 'parser': end
[08:12:22.431] [bmv2] [D] [thread 3356] [40.0] [cxt 0] Pipeline 'ingress': start
[08:12:22.431] [bmv2] [T] [thread 3356] [40.0] [cxt 0] qos.p4(197) Condition "hdr.ipv4.isValid()" (node_2) is true
[08:12:22.431] [bmv2] [T] [thread 3356] [40.0] [cxt 0] qos.p4(198) Condition "hdr.link_qos.link_qos == TARGET_LINK_QOS" (node_3) is true
[08:12:22.431] [bmv2] [T] [thread 3356] [40.0] [cxt 0] Applying table 'tbl_qos199'
[08:12:22.431] [bmv2] [D] [thread 3356] [40.0] [cxt 0] Looking up key:

[08:12:22.431] [bmv2] [D] [thread 3356] [40.0] [cxt 0] Table 'tbl_qos199': miss
[08:12:22.431] [bmv2] [D] [thread 3356] [40.0] [cxt 0] Action entry is qos199 - 
[08:12:22.431] [bmv2] [T] [thread 3356] [40.0] [cxt 0] Action qos199
[08:12:22.431] [bmv2] [T] [thread 3356] [40.0] [cxt 0] qos.p4(199) Primitive hdr.ipv4.diffserv = (TARGET_DSCP << 2
[08:12:22.431] [bmv2] [T] [thread 3356] [40.0] [cxt 0] qos.p4(28) Primitive 7; ...
[08:12:22.431] [bmv2] [T] [thread 3356] [40.0] [cxt 0] Applying table 'MyIngress.ipv4_lpm'
[08:12:22.431] [bmv2] [D] [thread 3356] [40.0] [cxt 0] Looking up key:
* hdr.ipv4.dstAddr    : 0a000202

[08:12:22.431] [bmv2] [D] [thread 3356] [40.0] [cxt 0] Table 'MyIngress.ipv4_lpm': hit with handle 2
[08:12:22.432] [bmv2] [D] [thread 3356] [40.0] [cxt 0] Dumping entry 2
Match key:
* hdr.ipv4.dstAddr    : LPM       0a000200/24
Action entry: MyIngress.ipv4_forward - 80000000200,3,

[08:12:22.432] [bmv2] [D] [thread 3356] [40.0] [cxt 0] Action entry is MyIngress.ipv4_forward - 80000000200,3,
[08:12:22.432] [bmv2] [T] [thread 3356] [40.0] [cxt 0] Action MyIngress.ipv4_forward
[08:12:22.432] [bmv2] [T] [thread 3356] [40.0] [cxt 0] qos.p4(175) Primitive standard_metadata.egress_spec = port
[08:12:22.432] [bmv2] [T] [thread 3356] [40.0] [cxt 0] qos.p4(176) Primitive hdr.ethernet.srcAddr = hdr.ethernet.dstAddr
[08:12:22.432] [bmv2] [T] [thread 3356] [40.0] [cxt 0] qos.p4(177) Primitive hdr.ethernet.dstAddr = dstAddr
[08:12:22.432] [bmv2] [T] [thread 3356] [40.0] [cxt 0] qos.p4(178) Primitive hdr.ipv4.ttl = hdr.ipv4.ttl - 1
[08:12:22.432] [bmv2] [D] [thread 3356] [40.0] [cxt 0] Pipeline 'ingress': end
[08:12:22.432] [bmv2] [D] [thread 3356] [40.0] [cxt 0] Egress port is 3
[08:12:22.432] [bmv2] [D] [thread 3360] [40.0] [cxt 0] Pipeline 'egress': start
[08:12:22.432] [bmv2] [D] [thread 3360] [40.0] [cxt 0] Pipeline 'egress': end
[08:12:22.432] [bmv2] [D] [thread 3360] [40.0] [cxt 0] Deparser 'deparser': start
[08:12:22.432] [bmv2] [D] [thread 3360] [40.0] [cxt 0] Updating checksum 'cksum'
[08:12:22.432] [bmv2] [D] [thread 3360] [40.0] [cxt 0] Deparsing header 'ethernet'
[08:12:22.432] [bmv2] [D] [thread 3360] [40.0] [cxt 0] Deparsing header 'vlan'
[08:12:22.432] [bmv2] [D] [thread 3360] [40.0] [cxt 0] Deparsing header 'ipv4'
[08:12:22.432] [bmv2] [D] [thread 3360] [40.0] [cxt 0] Deparser 'deparser': end
[08:12:22.432] [bmv2] [D] [thread 3361] [40.0] [cxt 0] Transmitting packet of size 46 out of port 3
[08:12:23.450] [bmv2] [D] [thread 3356] [41.0] [cxt 0] Processing packet received on port 1
[08:12:23.450] [bmv2] [D] [thread 3356] [41.0] [cxt 0] Parser 'parser': start
[08:12:23.450] [bmv2] [D] [thread 3356] [41.0] [cxt 0] Parser 'parser' entering state 'start'
[08:12:23.450] [bmv2] [D] [thread 3356] [41.0] [cxt 0] Extracting header 'ethernet'
[08:12:23.451] [bmv2] [D] [thread 3356] [41.0] [cxt 0] Parser state 'start': key is 8100
[08:12:23.451] [bmv2] [T] [thread 3356] [41.0] [cxt 0] Bytes parsed: 14
[08:12:23.451] [bmv2] [D] [thread 3356] [41.0] [cxt 0] Parser 'parser' entering state 'parse_vlan'
[08:12:23.451] [bmv2] [D] [thread 3356] [41.0] [cxt 0] Extracting header 'vlan'
[08:12:23.451] [bmv2] [D] [thread 3356] [41.0] [cxt 0] Parser state 'parse_vlan': key is 0800
[08:12:23.451] [bmv2] [T] [thread 3356] [41.0] [cxt 0] Bytes parsed: 18
[08:12:23.451] [bmv2] [D] [thread 3356] [41.0] [cxt 0] Parser 'parser' entering state 'parse_ipv4'
[08:12:23.451] [bmv2] [D] [thread 3356] [41.0] [cxt 0] Extracting header 'ipv4'
[08:12:23.451] [bmv2] [D] [thread 3356] [41.0] [cxt 0] Parser set: setting field 'scalars.tmp' from expression, new value is 1
[08:12:23.451] [bmv2] [D] [thread 3356] [41.0] [cxt 0] Parser state 'parse_ipv4': key is 05
[08:12:23.451] [bmv2] [T] [thread 3356] [41.0] [cxt 0] Bytes parsed: 38
[08:12:23.451] [bmv2] [D] [thread 3356] [41.0] [cxt 0] Parser 'parser': end
[08:12:23.451] [bmv2] [D] [thread 3356] [41.0] [cxt 0] Pipeline 'ingress': start
[08:12:23.451] [bmv2] [T] [thread 3356] [41.0] [cxt 0] qos.p4(197) Condition "hdr.ipv4.isValid()" (node_2) is true
[08:12:23.451] [bmv2] [T] [thread 3356] [41.0] [cxt 0] qos.p4(198) Condition "hdr.link_qos.link_qos == TARGET_LINK_QOS" (node_3) is true
[08:12:23.451] [bmv2] [T] [thread 3356] [41.0] [cxt 0] Applying table 'tbl_qos199'
[08:12:23.451] [bmv2] [D] [thread 3356] [41.0] [cxt 0] Looking up key:

[08:12:23.451] [bmv2] [D] [thread 3356] [41.0] [cxt 0] Table 'tbl_qos199': miss
[08:12:23.452] [bmv2] [D] [thread 3356] [41.0] [cxt 0] Action entry is qos199 - 
[08:12:23.452] [bmv2] [T] [thread 3356] [41.0] [cxt 0] Action qos199
[08:12:23.452] [bmv2] [T] [thread 3356] [41.0] [cxt 0] qos.p4(199) Primitive hdr.ipv4.diffserv = (TARGET_DSCP << 2
[08:12:23.452] [bmv2] [T] [thread 3356] [41.0] [cxt 0] qos.p4(28) Primitive 7; ...
[08:12:23.452] [bmv2] [T] [thread 3356] [41.0] [cxt 0] Applying table 'MyIngress.ipv4_lpm'
[08:12:23.452] [bmv2] [D] [thread 3356] [41.0] [cxt 0] Looking up key:
* hdr.ipv4.dstAddr    : 0a000202

[08:12:23.452] [bmv2] [D] [thread 3356] [41.0] [cxt 0] Table 'MyIngress.ipv4_lpm': hit with handle 2
[08:12:23.452] [bmv2] [D] [thread 3356] [41.0] [cxt 0] Dumping entry 2
Match key:
* hdr.ipv4.dstAddr    : LPM       0a000200/24
Action entry: MyIngress.ipv4_forward - 80000000200,3,

[08:12:23.452] [bmv2] [D] [thread 3356] [41.0] [cxt 0] Action entry is MyIngress.ipv4_forward - 80000000200,3,
[08:12:23.452] [bmv2] [T] [thread 3356] [41.0] [cxt 0] Action MyIngress.ipv4_forward
[08:12:23.452] [bmv2] [T] [thread 3356] [41.0] [cxt 0] qos.p4(175) Primitive standard_metadata.egress_spec = port
[08:12:23.452] [bmv2] [T] [thread 3356] [41.0] [cxt 0] qos.p4(176) Primitive hdr.ethernet.srcAddr = hdr.ethernet.dstAddr
[08:12:23.452] [bmv2] [T] [thread 3356] [41.0] [cxt 0] qos.p4(177) Primitive hdr.ethernet.dstAddr = dstAddr
[08:12:23.452] [bmv2] [T] [thread 3356] [41.0] [cxt 0] qos.p4(178) Primitive hdr.ipv4.ttl = hdr.ipv4.ttl - 1
[08:12:23.452] [bmv2] [D] [thread 3356] [41.0] [cxt 0] Pipeline 'ingress': end
[08:12:23.453] [bmv2] [D] [thread 3356] [41.0] [cxt 0] Egress port is 3
[08:12:23.453] [bmv2] [D] [thread 3360] [41.0] [cxt 0] Pipeline 'egress': start
[08:12:23.453] [bmv2] [D] [thread 3360] [41.0] [cxt 0] Pipeline 'egress': end
[08:12:23.453] [bmv2] [D] [thread 3360] [41.0] [cxt 0] Deparser 'deparser': start
[08:12:23.453] [bmv2] [D] [thread 3360] [41.0] [cxt 0] Updating checksum 'cksum'
[08:12:23.453] [bmv2] [D] [thread 3360] [41.0] [cxt 0] Deparsing header 'ethernet'
[08:12:23.453] [bmv2] [D] [thread 3360] [41.0] [cxt 0] Deparsing header 'vlan'
[08:12:23.453] [bmv2] [D] [thread 3360] [41.0] [cxt 0] Deparsing header 'ipv4'
[08:12:23.453] [bmv2] [D] [thread 3360] [41.0] [cxt 0] Deparser 'deparser': end
[08:12:23.453] [bmv2] [D] [thread 3361] [41.0] [cxt 0] Transmitting packet of size 46 out of port 3
[08:12:23.462] [bmv2] [D] [thread 3356] [42.0] [cxt 0] Processing packet received on port 2
[08:12:23.462] [bmv2] [D] [thread 3356] [42.0] [cxt 0] Parser 'parser': start
[08:12:23.462] [bmv2] [D] [thread 3356] [42.0] [cxt 0] Parser 'parser' entering state 'start'
[08:12:23.462] [bmv2] [D] [thread 3356] [42.0] [cxt 0] Extracting header 'ethernet'
[08:12:23.462] [bmv2] [D] [thread 3356] [42.0] [cxt 0] Parser state 'start': key is 8100
[08:12:23.462] [bmv2] [T] [thread 3356] [42.0] [cxt 0] Bytes parsed: 14
[08:12:23.462] [bmv2] [D] [thread 3356] [42.0] [cxt 0] Parser 'parser' entering state 'parse_vlan'
[08:12:23.462] [bmv2] [D] [thread 3356] [42.0] [cxt 0] Extracting header 'vlan'
[08:12:23.462] [bmv2] [D] [thread 3356] [42.0] [cxt 0] Parser state 'parse_vlan': key is 0800
[08:12:23.462] [bmv2] [T] [thread 3356] [42.0] [cxt 0] Bytes parsed: 18
[08:12:23.462] [bmv2] [D] [thread 3356] [42.0] [cxt 0] Parser 'parser' entering state 'parse_ipv4'
[08:12:23.462] [bmv2] [D] [thread 3356] [42.0] [cxt 0] Extracting header 'ipv4'
[08:12:23.462] [bmv2] [D] [thread 3356] [42.0] [cxt 0] Parser set: setting field 'scalars.tmp' from expression, new value is 1
[08:12:23.462] [bmv2] [D] [thread 3356] [42.0] [cxt 0] Parser state 'parse_ipv4': key is 06
[08:12:23.463] [bmv2] [T] [thread 3356] [42.0] [cxt 0] Bytes parsed: 38
[08:12:23.463] [bmv2] [D] [thread 3356] [42.0] [cxt 0] Parser 'parser' entering state 'parse_ipv4_option'
[08:12:23.463] [bmv2] [D] [thread 3356] [42.0] [cxt 0] Extracting header 'ipv4_option'
[08:12:23.463] [bmv2] [D] [thread 3356] [42.0] [cxt 0] Parser state 'parse_ipv4_option': key is 1f
[08:12:23.463] [bmv2] [T] [thread 3356] [42.0] [cxt 0] Bytes parsed: 40
[08:12:23.463] [bmv2] [D] [thread 3356] [42.0] [cxt 0] Parser 'parser' entering state 'parse_link_qos'
[08:12:23.463] [bmv2] [D] [thread 3356] [42.0] [cxt 0] Extracting header 'link_qos'
[08:12:23.463] [bmv2] [D] [thread 3356] [42.0] [cxt 0] Parser state 'parse_link_qos' has no switch, going to default next state
[08:12:23.463] [bmv2] [T] [thread 3356] [42.0] [cxt 0] Bytes parsed: 42
[08:12:23.463] [bmv2] [D] [thread 3356] [42.0] [cxt 0] Parser 'parser': end
[08:12:23.463] [bmv2] [D] [thread 3356] [42.0] [cxt 0] Pipeline 'ingress': start
[08:12:23.463] [bmv2] [T] [thread 3356] [42.0] [cxt 0] qos.p4(197) Condition "hdr.ipv4.isValid()" (node_2) is true
[08:12:23.463] [bmv2] [T] [thread 3356] [42.0] [cxt 0] qos.p4(198) Condition "hdr.link_qos.link_qos == TARGET_LINK_QOS" (node_3) is true
[08:12:23.463] [bmv2] [T] [thread 3356] [42.0] [cxt 0] Applying table 'tbl_qos199'
[08:12:23.463] [bmv2] [D] [thread 3356] [42.0] [cxt 0] Looking up key:

[08:12:23.463] [bmv2] [D] [thread 3356] [42.0] [cxt 0] Table 'tbl_qos199': miss
[08:12:23.463] [bmv2] [D] [thread 3356] [42.0] [cxt 0] Action entry is qos199 - 
[08:12:23.463] [bmv2] [T] [thread 3356] [42.0] [cxt 0] Action qos199
[08:12:23.463] [bmv2] [T] [thread 3356] [42.0] [cxt 0] qos.p4(199) Primitive hdr.ipv4.diffserv = (TARGET_DSCP << 2
[08:12:23.463] [bmv2] [T] [thread 3356] [42.0] [cxt 0] qos.p4(28) Primitive 7; ...
[08:12:23.463] [bmv2] [T] [thread 3356] [42.0] [cxt 0] Applying table 'MyIngress.ipv4_lpm'
[08:12:23.463] [bmv2] [D] [thread 3356] [42.0] [cxt 0] Looking up key:
* hdr.ipv4.dstAddr    : 0a000202

[08:12:23.463] [bmv2] [D] [thread 3356] [42.0] [cxt 0] Table 'MyIngress.ipv4_lpm': hit with handle 2
[08:12:23.463] [bmv2] [D] [thread 3356] [42.0] [cxt 0] Dumping entry 2
Match key:
* hdr.ipv4.dstAddr    : LPM       0a000200/24
Action entry: MyIngress.ipv4_forward - 80000000200,3,

[08:12:23.463] [bmv2] [D] [thread 3356] [42.0] [cxt 0] Action entry is MyIngress.ipv4_forward - 80000000200,3,
[08:12:23.463] [bmv2] [T] [thread 3356] [42.0] [cxt 0] Action MyIngress.ipv4_forward
[08:12:23.463] [bmv2] [T] [thread 3356] [42.0] [cxt 0] qos.p4(175) Primitive standard_metadata.egress_spec = port
[08:12:23.463] [bmv2] [T] [thread 3356] [42.0] [cxt 0] qos.p4(176) Primitive hdr.ethernet.srcAddr = hdr.ethernet.dstAddr
[08:12:23.463] [bmv2] [T] [thread 3356] [42.0] [cxt 0] qos.p4(177) Primitive hdr.ethernet.dstAddr = dstAddr
[08:12:23.464] [bmv2] [T] [thread 3356] [42.0] [cxt 0] qos.p4(178) Primitive hdr.ipv4.ttl = hdr.ipv4.ttl - 1
[08:12:23.464] [bmv2] [D] [thread 3356] [42.0] [cxt 0] Pipeline 'ingress': end
[08:12:23.464] [bmv2] [D] [thread 3356] [42.0] [cxt 0] Egress port is 3
[08:12:23.465] [bmv2] [D] [thread 3360] [42.0] [cxt 0] Pipeline 'egress': start
[08:12:23.465] [bmv2] [D] [thread 3360] [42.0] [cxt 0] Pipeline 'egress': end
[08:12:23.465] [bmv2] [D] [thread 3360] [42.0] [cxt 0] Deparser 'deparser': start
[08:12:23.465] [bmv2] [D] [thread 3360] [42.0] [cxt 0] Updating checksum 'cksum'
[08:12:23.465] [bmv2] [D] [thread 3360] [42.0] [cxt 0] Deparsing header 'ethernet'
[08:12:23.465] [bmv2] [D] [thread 3360] [42.0] [cxt 0] Deparsing header 'vlan'
[08:12:23.465] [bmv2] [D] [thread 3360] [42.0] [cxt 0] Deparsing header 'ipv4'
[08:12:23.465] [bmv2] [D] [thread 3360] [42.0] [cxt 0] Deparsing header 'ipv4_option'
[08:12:23.465] [bmv2] [D] [thread 3360] [42.0] [cxt 0] Deparsing header 'link_qos'
[08:12:23.465] [bmv2] [D] [thread 3360] [42.0] [cxt 0] Deparser 'deparser': end
[08:12:23.465] [bmv2] [D] [thread 3361] [42.0] [cxt 0] Transmitting packet of size 50 out of port 3
[08:12:24.498] [bmv2] [D] [thread 3356] [43.0] [cxt 0] Processing packet received on port 1
[08:12:24.498] [bmv2] [D] [thread 3356] [43.0] [cxt 0] Parser 'parser': start
[08:12:24.498] [bmv2] [D] [thread 3356] [43.0] [cxt 0] Parser 'parser' entering state 'start'
[08:12:24.499] [bmv2] [D] [thread 3356] [43.0] [cxt 0] Extracting header 'ethernet'
[08:12:24.499] [bmv2] [D] [thread 3356] [43.0] [cxt 0] Parser state 'start': key is 8100
[08:12:24.499] [bmv2] [T] [thread 3356] [43.0] [cxt 0] Bytes parsed: 14
[08:12:24.499] [bmv2] [D] [thread 3356] [43.0] [cxt 0] Parser 'parser' entering state 'parse_vlan'
[08:12:24.499] [bmv2] [D] [thread 3356] [43.0] [cxt 0] Extracting header 'vlan'
[08:12:24.499] [bmv2] [D] [thread 3356] [43.0] [cxt 0] Parser state 'parse_vlan': key is 0800
[08:12:24.499] [bmv2] [T] [thread 3356] [43.0] [cxt 0] Bytes parsed: 18
[08:12:24.499] [bmv2] [D] [thread 3356] [43.0] [cxt 0] Parser 'parser' entering state 'parse_ipv4'
[08:12:24.499] [bmv2] [D] [thread 3356] [43.0] [cxt 0] Extracting header 'ipv4'
[08:12:24.499] [bmv2] [D] [thread 3356] [43.0] [cxt 0] Parser set: setting field 'scalars.tmp' from expression, new value is 1
[08:12:24.499] [bmv2] [D] [thread 3356] [43.0] [cxt 0] Parser state 'parse_ipv4': key is 05
[08:12:24.499] [bmv2] [T] [thread 3356] [43.0] [cxt 0] Bytes parsed: 38
[08:12:24.499] [bmv2] [D] [thread 3356] [43.0] [cxt 0] Parser 'parser': end
[08:12:24.499] [bmv2] [D] [thread 3356] [43.0] [cxt 0] Pipeline 'ingress': start
[08:12:24.499] [bmv2] [T] [thread 3356] [43.0] [cxt 0] qos.p4(197) Condition "hdr.ipv4.isValid()" (node_2) is true
[08:12:24.500] [bmv2] [T] [thread 3356] [43.0] [cxt 0] qos.p4(198) Condition "hdr.link_qos.link_qos == TARGET_LINK_QOS" (node_3) is true
[08:12:24.500] [bmv2] [T] [thread 3356] [43.0] [cxt 0] Applying table 'tbl_qos199'
[08:12:24.500] [bmv2] [D] [thread 3356] [43.0] [cxt 0] Looking up key:

[08:12:24.500] [bmv2] [D] [thread 3356] [43.0] [cxt 0] Table 'tbl_qos199': miss
[08:12:24.500] [bmv2] [D] [thread 3356] [43.0] [cxt 0] Action entry is qos199 - 
[08:12:24.500] [bmv2] [T] [thread 3356] [43.0] [cxt 0] Action qos199
[08:12:24.500] [bmv2] [T] [thread 3356] [43.0] [cxt 0] qos.p4(199) Primitive hdr.ipv4.diffserv = (TARGET_DSCP << 2
[08:12:24.500] [bmv2] [T] [thread 3356] [43.0] [cxt 0] qos.p4(28) Primitive 7; ...
[08:12:24.500] [bmv2] [T] [thread 3356] [43.0] [cxt 0] Applying table 'MyIngress.ipv4_lpm'
[08:12:24.500] [bmv2] [D] [thread 3356] [43.0] [cxt 0] Looking up key:
* hdr.ipv4.dstAddr    : 0a000202

[08:12:24.500] [bmv2] [D] [thread 3356] [43.0] [cxt 0] Table 'MyIngress.ipv4_lpm': hit with handle 2
[08:12:24.501] [bmv2] [D] [thread 3356] [43.0] [cxt 0] Dumping entry 2
Match key:
* hdr.ipv4.dstAddr    : LPM       0a000200/24
Action entry: MyIngress.ipv4_forward - 80000000200,3,

[08:12:24.501] [bmv2] [D] [thread 3356] [43.0] [cxt 0] Action entry is MyIngress.ipv4_forward - 80000000200,3,
[08:12:24.501] [bmv2] [T] [thread 3356] [43.0] [cxt 0] Action MyIngress.ipv4_forward
[08:12:24.501] [bmv2] [T] [thread 3356] [43.0] [cxt 0] qos.p4(175) Primitive standard_metadata.egress_spec = port
[08:12:24.501] [bmv2] [T] [thread 3356] [43.0] [cxt 0] qos.p4(176) Primitive hdr.ethernet.srcAddr = hdr.ethernet.dstAddr
[08:12:24.501] [bmv2] [T] [thread 3356] [43.0] [cxt 0] qos.p4(177) Primitive hdr.ethernet.dstAddr = dstAddr
[08:12:24.501] [bmv2] [T] [thread 3356] [43.0] [cxt 0] qos.p4(178) Primitive hdr.ipv4.ttl = hdr.ipv4.ttl - 1
[08:12:24.501] [bmv2] [D] [thread 3356] [43.0] [cxt 0] Pipeline 'ingress': end
[08:12:24.501] [bmv2] [D] [thread 3356] [43.0] [cxt 0] Egress port is 3
[08:12:24.501] [bmv2] [D] [thread 3360] [43.0] [cxt 0] Pipeline 'egress': start
[08:12:24.501] [bmv2] [D] [thread 3360] [43.0] [cxt 0] Pipeline 'egress': end
[08:12:24.501] [bmv2] [D] [thread 3360] [43.0] [cxt 0] Deparser 'deparser': start
[08:12:24.501] [bmv2] [D] [thread 3360] [43.0] [cxt 0] Updating checksum 'cksum'
[08:12:24.501] [bmv2] [D] [thread 3360] [43.0] [cxt 0] Deparsing header 'ethernet'
[08:12:24.502] [bmv2] [D] [thread 3360] [43.0] [cxt 0] Deparsing header 'vlan'
[08:12:24.502] [bmv2] [D] [thread 3360] [43.0] [cxt 0] Deparsing header 'ipv4'
[08:12:24.502] [bmv2] [D] [thread 3360] [43.0] [cxt 0] Deparser 'deparser': end
[08:12:24.502] [bmv2] [D] [thread 3361] [43.0] [cxt 0] Transmitting packet of size 46 out of port 3
[08:12:24.513] [bmv2] [D] [thread 3356] [44.0] [cxt 0] Processing packet received on port 2
[08:12:24.513] [bmv2] [D] [thread 3356] [44.0] [cxt 0] Parser 'parser': start
[08:12:24.513] [bmv2] [D] [thread 3356] [44.0] [cxt 0] Parser 'parser' entering state 'start'
[08:12:24.513] [bmv2] [D] [thread 3356] [44.0] [cxt 0] Extracting header 'ethernet'
[08:12:24.513] [bmv2] [D] [thread 3356] [44.0] [cxt 0] Parser state 'start': key is 8100
[08:12:24.513] [bmv2] [T] [thread 3356] [44.0] [cxt 0] Bytes parsed: 14
[08:12:24.513] [bmv2] [D] [thread 3356] [44.0] [cxt 0] Parser 'parser' entering state 'parse_vlan'
[08:12:24.513] [bmv2] [D] [thread 3356] [44.0] [cxt 0] Extracting header 'vlan'
[08:12:24.513] [bmv2] [D] [thread 3356] [44.0] [cxt 0] Parser state 'parse_vlan': key is 0800
[08:12:24.513] [bmv2] [T] [thread 3356] [44.0] [cxt 0] Bytes parsed: 18
[08:12:24.513] [bmv2] [D] [thread 3356] [44.0] [cxt 0] Parser 'parser' entering state 'parse_ipv4'
[08:12:24.513] [bmv2] [D] [thread 3356] [44.0] [cxt 0] Extracting header 'ipv4'
[08:12:24.514] [bmv2] [D] [thread 3356] [44.0] [cxt 0] Parser set: setting field 'scalars.tmp' from expression, new value is 1
[08:12:24.514] [bmv2] [D] [thread 3356] [44.0] [cxt 0] Parser state 'parse_ipv4': key is 06
[08:12:24.514] [bmv2] [T] [thread 3356] [44.0] [cxt 0] Bytes parsed: 38
[08:12:24.514] [bmv2] [D] [thread 3356] [44.0] [cxt 0] Parser 'parser' entering state 'parse_ipv4_option'
[08:12:24.514] [bmv2] [D] [thread 3356] [44.0] [cxt 0] Extracting header 'ipv4_option'
[08:12:24.514] [bmv2] [D] [thread 3356] [44.0] [cxt 0] Parser state 'parse_ipv4_option': key is 1f
[08:12:24.514] [bmv2] [T] [thread 3356] [44.0] [cxt 0] Bytes parsed: 40
[08:12:24.514] [bmv2] [D] [thread 3356] [44.0] [cxt 0] Parser 'parser' entering state 'parse_link_qos'
[08:12:24.514] [bmv2] [D] [thread 3356] [44.0] [cxt 0] Extracting header 'link_qos'
[08:12:24.514] [bmv2] [D] [thread 3356] [44.0] [cxt 0] Parser state 'parse_link_qos' has no switch, going to default next state
[08:12:24.514] [bmv2] [T] [thread 3356] [44.0] [cxt 0] Bytes parsed: 42
[08:12:24.514] [bmv2] [D] [thread 3356] [44.0] [cxt 0] Parser 'parser': end
[08:12:24.514] [bmv2] [D] [thread 3356] [44.0] [cxt 0] Pipeline 'ingress': start
[08:12:24.514] [bmv2] [T] [thread 3356] [44.0] [cxt 0] qos.p4(197) Condition "hdr.ipv4.isValid()" (node_2) is true
[08:12:24.514] [bmv2] [T] [thread 3356] [44.0] [cxt 0] qos.p4(198) Condition "hdr.link_qos.link_qos == TARGET_LINK_QOS" (node_3) is true
[08:12:24.514] [bmv2] [T] [thread 3356] [44.0] [cxt 0] Applying table 'tbl_qos199'
[08:12:24.514] [bmv2] [D] [thread 3356] [44.0] [cxt 0] Looking up key:

[08:12:24.514] [bmv2] [D] [thread 3356] [44.0] [cxt 0] Table 'tbl_qos199': miss
[08:12:24.514] [bmv2] [D] [thread 3356] [44.0] [cxt 0] Action entry is qos199 - 
[08:12:24.514] [bmv2] [T] [thread 3356] [44.0] [cxt 0] Action qos199
[08:12:24.514] [bmv2] [T] [thread 3356] [44.0] [cxt 0] qos.p4(199) Primitive hdr.ipv4.diffserv = (TARGET_DSCP << 2
[08:12:24.514] [bmv2] [T] [thread 3356] [44.0] [cxt 0] qos.p4(28) Primitive 7; ...
[08:12:24.514] [bmv2] [T] [thread 3356] [44.0] [cxt 0] Applying table 'MyIngress.ipv4_lpm'
[08:12:24.514] [bmv2] [D] [thread 3356] [44.0] [cxt 0] Looking up key:
* hdr.ipv4.dstAddr    : 0a000202

[08:12:24.514] [bmv2] [D] [thread 3356] [44.0] [cxt 0] Table 'MyIngress.ipv4_lpm': hit with handle 2
[08:12:24.515] [bmv2] [D] [thread 3356] [44.0] [cxt 0] Dumping entry 2
Match key:
* hdr.ipv4.dstAddr    : LPM       0a000200/24
Action entry: MyIngress.ipv4_forward - 80000000200,3,

[08:12:24.515] [bmv2] [D] [thread 3356] [44.0] [cxt 0] Action entry is MyIngress.ipv4_forward - 80000000200,3,
[08:12:24.515] [bmv2] [T] [thread 3356] [44.0] [cxt 0] Action MyIngress.ipv4_forward
[08:12:24.515] [bmv2] [T] [thread 3356] [44.0] [cxt 0] qos.p4(175) Primitive standard_metadata.egress_spec = port
[08:12:24.515] [bmv2] [T] [thread 3356] [44.0] [cxt 0] qos.p4(176) Primitive hdr.ethernet.srcAddr = hdr.ethernet.dstAddr
[08:12:24.515] [bmv2] [T] [thread 3356] [44.0] [cxt 0] qos.p4(177) Primitive hdr.ethernet.dstAddr = dstAddr
[08:12:24.515] [bmv2] [T] [thread 3356] [44.0] [cxt 0] qos.p4(178) Primitive hdr.ipv4.ttl = hdr.ipv4.ttl - 1
[08:12:24.515] [bmv2] [D] [thread 3356] [44.0] [cxt 0] Pipeline 'ingress': end
[08:12:24.515] [bmv2] [D] [thread 3356] [44.0] [cxt 0] Egress port is 3
[08:12:24.518] [bmv2] [D] [thread 3360] [44.0] [cxt 0] Pipeline 'egress': start
[08:12:24.518] [bmv2] [D] [thread 3360] [44.0] [cxt 0] Pipeline 'egress': end
[08:12:24.518] [bmv2] [D] [thread 3360] [44.0] [cxt 0] Deparser 'deparser': start
[08:12:24.518] [bmv2] [D] [thread 3360] [44.0] [cxt 0] Updating checksum 'cksum'
[08:12:24.518] [bmv2] [D] [thread 3360] [44.0] [cxt 0] Deparsing header 'ethernet'
[08:12:24.518] [bmv2] [D] [thread 3360] [44.0] [cxt 0] Deparsing header 'vlan'
[08:12:24.518] [bmv2] [D] [thread 3360] [44.0] [cxt 0] Deparsing header 'ipv4'
[08:12:24.518] [bmv2] [D] [thread 3360] [44.0] [cxt 0] Deparsing header 'ipv4_option'
[08:12:24.518] [bmv2] [D] [thread 3360] [44.0] [cxt 0] Deparsing header 'link_qos'
[08:12:24.518] [bmv2] [D] [thread 3360] [44.0] [cxt 0] Deparser 'deparser': end
[08:12:24.518] [bmv2] [D] [thread 3361] [44.0] [cxt 0] Transmitting packet of size 50 out of port 3
[08:12:25.552] [bmv2] [D] [thread 3356] [45.0] [cxt 0] Processing packet received on port 2
[08:12:25.553] [bmv2] [D] [thread 3356] [45.0] [cxt 0] Parser 'parser': start
[08:12:25.553] [bmv2] [D] [thread 3356] [45.0] [cxt 0] Parser 'parser' entering state 'start'
[08:12:25.553] [bmv2] [D] [thread 3356] [45.0] [cxt 0] Extracting header 'ethernet'
[08:12:25.553] [bmv2] [D] [thread 3356] [45.0] [cxt 0] Parser state 'start': key is 8100
[08:12:25.553] [bmv2] [T] [thread 3356] [45.0] [cxt 0] Bytes parsed: 14
[08:12:25.553] [bmv2] [D] [thread 3356] [45.0] [cxt 0] Parser 'parser' entering state 'parse_vlan'
[08:12:25.553] [bmv2] [D] [thread 3356] [45.0] [cxt 0] Extracting header 'vlan'
[08:12:25.553] [bmv2] [D] [thread 3356] [45.0] [cxt 0] Parser state 'parse_vlan': key is 0800
[08:12:25.553] [bmv2] [T] [thread 3356] [45.0] [cxt 0] Bytes parsed: 18
[08:12:25.553] [bmv2] [D] [thread 3356] [45.0] [cxt 0] Parser 'parser' entering state 'parse_ipv4'
[08:12:25.553] [bmv2] [D] [thread 3356] [45.0] [cxt 0] Extracting header 'ipv4'
[08:12:25.554] [bmv2] [D] [thread 3356] [45.0] [cxt 0] Parser set: setting field 'scalars.tmp' from expression, new value is 1
[08:12:25.554] [bmv2] [D] [thread 3356] [45.0] [cxt 0] Parser state 'parse_ipv4': key is 06
[08:12:25.554] [bmv2] [T] [thread 3356] [45.0] [cxt 0] Bytes parsed: 38
[08:12:25.554] [bmv2] [D] [thread 3356] [45.0] [cxt 0] Parser 'parser' entering state 'parse_ipv4_option'
[08:12:25.554] [bmv2] [D] [thread 3356] [45.0] [cxt 0] Extracting header 'ipv4_option'
[08:12:25.554] [bmv2] [D] [thread 3356] [45.0] [cxt 0] Parser state 'parse_ipv4_option': key is 1f
[08:12:25.554] [bmv2] [T] [thread 3356] [45.0] [cxt 0] Bytes parsed: 40
[08:12:25.554] [bmv2] [D] [thread 3356] [45.0] [cxt 0] Parser 'parser' entering state 'parse_link_qos'
[08:12:25.554] [bmv2] [D] [thread 3356] [45.0] [cxt 0] Extracting header 'link_qos'
[08:12:25.554] [bmv2] [D] [thread 3356] [45.0] [cxt 0] Parser state 'parse_link_qos' has no switch, going to default next state
[08:12:25.554] [bmv2] [T] [thread 3356] [45.0] [cxt 0] Bytes parsed: 42
[08:12:25.554] [bmv2] [D] [thread 3356] [45.0] [cxt 0] Parser 'parser': end
[08:12:25.554] [bmv2] [D] [thread 3356] [45.0] [cxt 0] Pipeline 'ingress': start
[08:12:25.554] [bmv2] [T] [thread 3356] [45.0] [cxt 0] qos.p4(197) Condition "hdr.ipv4.isValid()" (node_2) is true
[08:12:25.554] [bmv2] [T] [thread 3356] [45.0] [cxt 0] qos.p4(198) Condition "hdr.link_qos.link_qos == TARGET_LINK_QOS" (node_3) is true
[08:12:25.554] [bmv2] [T] [thread 3356] [45.0] [cxt 0] Applying table 'tbl_qos199'
[08:12:25.554] [bmv2] [D] [thread 3356] [45.0] [cxt 0] Looking up key:

[08:12:25.554] [bmv2] [D] [thread 3356] [45.0] [cxt 0] Table 'tbl_qos199': miss
[08:12:25.555] [bmv2] [D] [thread 3356] [45.0] [cxt 0] Action entry is qos199 - 
[08:12:25.555] [bmv2] [T] [thread 3356] [45.0] [cxt 0] Action qos199
[08:12:25.555] [bmv2] [T] [thread 3356] [45.0] [cxt 0] qos.p4(199) Primitive hdr.ipv4.diffserv = (TARGET_DSCP << 2
[08:12:25.555] [bmv2] [T] [thread 3356] [45.0] [cxt 0] qos.p4(28) Primitive 7; ...
[08:12:25.555] [bmv2] [T] [thread 3356] [45.0] [cxt 0] Applying table 'MyIngress.ipv4_lpm'
[08:12:25.555] [bmv2] [D] [thread 3356] [45.0] [cxt 0] Looking up key:
* hdr.ipv4.dstAddr    : 0a000202

[08:12:25.555] [bmv2] [D] [thread 3356] [45.0] [cxt 0] Table 'MyIngress.ipv4_lpm': hit with handle 2
[08:12:25.555] [bmv2] [D] [thread 3356] [45.0] [cxt 0] Dumping entry 2
Match key:
* hdr.ipv4.dstAddr    : LPM       0a000200/24
Action entry: MyIngress.ipv4_forward - 80000000200,3,

[08:12:25.555] [bmv2] [D] [thread 3356] [45.0] [cxt 0] Action entry is MyIngress.ipv4_forward - 80000000200,3,
[08:12:25.555] [bmv2] [T] [thread 3356] [45.0] [cxt 0] Action MyIngress.ipv4_forward
[08:12:25.555] [bmv2] [T] [thread 3356] [45.0] [cxt 0] qos.p4(175) Primitive standard_metadata.egress_spec = port
[08:12:25.555] [bmv2] [T] [thread 3356] [45.0] [cxt 0] qos.p4(176) Primitive hdr.ethernet.srcAddr = hdr.ethernet.dstAddr
[08:12:25.555] [bmv2] [T] [thread 3356] [45.0] [cxt 0] qos.p4(177) Primitive hdr.ethernet.dstAddr = dstAddr
[08:12:25.555] [bmv2] [T] [thread 3356] [45.0] [cxt 0] qos.p4(178) Primitive hdr.ipv4.ttl = hdr.ipv4.ttl - 1
[08:12:25.555] [bmv2] [D] [thread 3356] [45.0] [cxt 0] Pipeline 'ingress': end
[08:12:25.555] [bmv2] [D] [thread 3356] [45.0] [cxt 0] Egress port is 3
[08:12:25.557] [bmv2] [D] [thread 3360] [45.0] [cxt 0] Pipeline 'egress': start
[08:12:25.557] [bmv2] [D] [thread 3360] [45.0] [cxt 0] Pipeline 'egress': end
[08:12:25.557] [bmv2] [D] [thread 3360] [45.0] [cxt 0] Deparser 'deparser': start
[08:12:25.557] [bmv2] [D] [thread 3360] [45.0] [cxt 0] Updating checksum 'cksum'
[08:12:25.557] [bmv2] [D] [thread 3360] [45.0] [cxt 0] Deparsing header 'ethernet'
[08:12:25.557] [bmv2] [D] [thread 3360] [45.0] [cxt 0] Deparsing header 'vlan'
[08:12:25.557] [bmv2] [D] [thread 3360] [45.0] [cxt 0] Deparsing header 'ipv4'
[08:12:25.557] [bmv2] [D] [thread 3360] [45.0] [cxt 0] Deparsing header 'ipv4_option'
[08:12:25.557] [bmv2] [D] [thread 3360] [45.0] [cxt 0] Deparsing header 'link_qos'
[08:12:25.557] [bmv2] [D] [thread 3360] [45.0] [cxt 0] Deparser 'deparser': end
[08:12:25.557] [bmv2] [D] [thread 3361] [45.0] [cxt 0] Transmitting packet of size 50 out of port 3
[08:12:25.566] [bmv2] [D] [thread 3356] [46.0] [cxt 0] Processing packet received on port 1
[08:12:25.566] [bmv2] [D] [thread 3356] [46.0] [cxt 0] Parser 'parser': start
[08:12:25.566] [bmv2] [D] [thread 3356] [46.0] [cxt 0] Parser 'parser' entering state 'start'
[08:12:25.566] [bmv2] [D] [thread 3356] [46.0] [cxt 0] Extracting header 'ethernet'
[08:12:25.566] [bmv2] [D] [thread 3356] [46.0] [cxt 0] Parser state 'start': key is 8100
[08:12:25.566] [bmv2] [T] [thread 3356] [46.0] [cxt 0] Bytes parsed: 14
[08:12:25.566] [bmv2] [D] [thread 3356] [46.0] [cxt 0] Parser 'parser' entering state 'parse_vlan'
[08:12:25.566] [bmv2] [D] [thread 3356] [46.0] [cxt 0] Extracting header 'vlan'
[08:12:25.566] [bmv2] [D] [thread 3356] [46.0] [cxt 0] Parser state 'parse_vlan': key is 0800
[08:12:25.566] [bmv2] [T] [thread 3356] [46.0] [cxt 0] Bytes parsed: 18
[08:12:25.566] [bmv2] [D] [thread 3356] [46.0] [cxt 0] Parser 'parser' entering state 'parse_ipv4'
[08:12:25.566] [bmv2] [D] [thread 3356] [46.0] [cxt 0] Extracting header 'ipv4'
[08:12:25.566] [bmv2] [D] [thread 3356] [46.0] [cxt 0] Parser set: setting field 'scalars.tmp' from expression, new value is 1
[08:12:25.566] [bmv2] [D] [thread 3356] [46.0] [cxt 0] Parser state 'parse_ipv4': key is 05
[08:12:25.566] [bmv2] [T] [thread 3356] [46.0] [cxt 0] Bytes parsed: 38
[08:12:25.566] [bmv2] [D] [thread 3356] [46.0] [cxt 0] Parser 'parser': end
[08:12:25.566] [bmv2] [D] [thread 3356] [46.0] [cxt 0] Pipeline 'ingress': start
[08:12:25.566] [bmv2] [T] [thread 3356] [46.0] [cxt 0] qos.p4(197) Condition "hdr.ipv4.isValid()" (node_2) is true
[08:12:25.566] [bmv2] [T] [thread 3356] [46.0] [cxt 0] qos.p4(198) Condition "hdr.link_qos.link_qos == TARGET_LINK_QOS" (node_3) is false
[08:12:25.566] [bmv2] [T] [thread 3356] [46.0] [cxt 0] Applying table 'MyIngress.ipv4_lpm'
[08:12:25.566] [bmv2] [D] [thread 3356] [46.0] [cxt 0] Looking up key:
* hdr.ipv4.dstAddr    : 0a000202

[08:12:25.567] [bmv2] [D] [thread 3356] [46.0] [cxt 0] Table 'MyIngress.ipv4_lpm': hit with handle 2
[08:12:25.567] [bmv2] [D] [thread 3356] [46.0] [cxt 0] Dumping entry 2
Match key:
* hdr.ipv4.dstAddr    : LPM       0a000200/24
Action entry: MyIngress.ipv4_forward - 80000000200,3,

[08:12:25.567] [bmv2] [D] [thread 3356] [46.0] [cxt 0] Action entry is MyIngress.ipv4_forward - 80000000200,3,
[08:12:25.567] [bmv2] [T] [thread 3356] [46.0] [cxt 0] Action MyIngress.ipv4_forward
[08:12:25.567] [bmv2] [T] [thread 3356] [46.0] [cxt 0] qos.p4(175) Primitive standard_metadata.egress_spec = port
[08:12:25.567] [bmv2] [T] [thread 3356] [46.0] [cxt 0] qos.p4(176) Primitive hdr.ethernet.srcAddr = hdr.ethernet.dstAddr
[08:12:25.567] [bmv2] [T] [thread 3356] [46.0] [cxt 0] qos.p4(177) Primitive hdr.ethernet.dstAddr = dstAddr
[08:12:25.567] [bmv2] [T] [thread 3356] [46.0] [cxt 0] qos.p4(178) Primitive hdr.ipv4.ttl = hdr.ipv4.ttl - 1
[08:12:25.567] [bmv2] [D] [thread 3356] [46.0] [cxt 0] Pipeline 'ingress': end
[08:12:25.567] [bmv2] [D] [thread 3356] [46.0] [cxt 0] Egress port is 3
[08:12:25.568] [bmv2] [D] [thread 3360] [46.0] [cxt 0] Pipeline 'egress': start
[08:12:25.568] [bmv2] [D] [thread 3360] [46.0] [cxt 0] Pipeline 'egress': end
[08:12:25.568] [bmv2] [D] [thread 3360] [46.0] [cxt 0] Deparser 'deparser': start
[08:12:25.568] [bmv2] [D] [thread 3360] [46.0] [cxt 0] Updating checksum 'cksum'
[08:12:25.568] [bmv2] [D] [thread 3360] [46.0] [cxt 0] Deparsing header 'ethernet'
[08:12:25.568] [bmv2] [D] [thread 3360] [46.0] [cxt 0] Deparsing header 'vlan'
[08:12:25.568] [bmv2] [D] [thread 3360] [46.0] [cxt 0] Deparsing header 'ipv4'
[08:12:25.568] [bmv2] [D] [thread 3360] [46.0] [cxt 0] Deparser 'deparser': end
[08:12:25.568] [bmv2] [D] [thread 3361] [46.0] [cxt 0] Transmitting packet of size 46 out of port 3
[08:12:26.354] [bmv2] [D] [thread 3356] [47.0] [cxt 0] Processing packet received on port 3
[08:12:26.354] [bmv2] [D] [thread 3356] [47.0] [cxt 0] Parser 'parser': start
[08:12:26.354] [bmv2] [D] [thread 3356] [47.0] [cxt 0] Parser 'parser' entering state 'start'
[08:12:26.354] [bmv2] [D] [thread 3356] [47.0] [cxt 0] Extracting header 'ethernet'
[08:12:26.354] [bmv2] [D] [thread 3356] [47.0] [cxt 0] Parser state 'start': key is 86dd
[08:12:26.355] [bmv2] [T] [thread 3356] [47.0] [cxt 0] Bytes parsed: 14
[08:12:26.355] [bmv2] [D] [thread 3356] [47.0] [cxt 0] Parser 'parser': end
[08:12:26.355] [bmv2] [D] [thread 3356] [47.0] [cxt 0] Pipeline 'ingress': start
[08:12:26.355] [bmv2] [T] [thread 3356] [47.0] [cxt 0] qos.p4(197) Condition "hdr.ipv4.isValid()" (node_2) is false
[08:12:26.355] [bmv2] [D] [thread 3356] [47.0] [cxt 0] Pipeline 'ingress': end
[08:12:26.355] [bmv2] [D] [thread 3356] [47.0] [cxt 0] Egress port is 0
[08:12:26.356] [bmv2] [D] [thread 3357] [47.0] [cxt 0] Pipeline 'egress': start
[08:12:26.356] [bmv2] [D] [thread 3357] [47.0] [cxt 0] Pipeline 'egress': end
[08:12:26.356] [bmv2] [D] [thread 3357] [47.0] [cxt 0] Deparser 'deparser': start
[08:12:26.356] [bmv2] [T] [thread 3357] [47.0] [cxt 0] Skipping checksum 'cksum' update because condition not met
[08:12:26.356] [bmv2] [D] [thread 3357] [47.0] [cxt 0] Deparsing header 'ethernet'
[08:12:26.356] [bmv2] [D] [thread 3357] [47.0] [cxt 0] Deparser 'deparser': end
[08:12:26.356] [bmv2] [D] [thread 3361] [47.0] [cxt 0] Transmitting packet of size 70 out of port 0
[08:12:26.603] [bmv2] [D] [thread 3356] [48.0] [cxt 0] Processing packet received on port 2
[08:12:26.603] [bmv2] [D] [thread 3356] [48.0] [cxt 0] Parser 'parser': start
[08:12:26.603] [bmv2] [D] [thread 3356] [48.0] [cxt 0] Parser 'parser' entering state 'start'
[08:12:26.603] [bmv2] [D] [thread 3356] [48.0] [cxt 0] Extracting header 'ethernet'
[08:12:26.603] [bmv2] [D] [thread 3356] [48.0] [cxt 0] Parser state 'start': key is 8100
[08:12:26.603] [bmv2] [T] [thread 3356] [48.0] [cxt 0] Bytes parsed: 14
[08:12:26.603] [bmv2] [D] [thread 3356] [48.0] [cxt 0] Parser 'parser' entering state 'parse_vlan'
[08:12:26.603] [bmv2] [D] [thread 3356] [48.0] [cxt 0] Extracting header 'vlan'
[08:12:26.604] [bmv2] [D] [thread 3356] [48.0] [cxt 0] Parser state 'parse_vlan': key is 0800
[08:12:26.604] [bmv2] [T] [thread 3356] [48.0] [cxt 0] Bytes parsed: 18
[08:12:26.604] [bmv2] [D] [thread 3356] [48.0] [cxt 0] Parser 'parser' entering state 'parse_ipv4'
[08:12:26.604] [bmv2] [D] [thread 3356] [48.0] [cxt 0] Extracting header 'ipv4'
[08:12:26.604] [bmv2] [D] [thread 3356] [48.0] [cxt 0] Parser set: setting field 'scalars.tmp' from expression, new value is 1
[08:12:26.604] [bmv2] [D] [thread 3356] [48.0] [cxt 0] Parser state 'parse_ipv4': key is 06
[08:12:26.604] [bmv2] [T] [thread 3356] [48.0] [cxt 0] Bytes parsed: 38
[08:12:26.604] [bmv2] [D] [thread 3356] [48.0] [cxt 0] Parser 'parser' entering state 'parse_ipv4_option'
[08:12:26.604] [bmv2] [D] [thread 3356] [48.0] [cxt 0] Extracting header 'ipv4_option'
[08:12:26.604] [bmv2] [D] [thread 3356] [48.0] [cxt 0] Parser state 'parse_ipv4_option': key is 1f
[08:12:26.604] [bmv2] [T] [thread 3356] [48.0] [cxt 0] Bytes parsed: 40
[08:12:26.604] [bmv2] [D] [thread 3356] [48.0] [cxt 0] Parser 'parser' entering state 'parse_link_qos'
[08:12:26.604] [bmv2] [D] [thread 3356] [48.0] [cxt 0] Extracting header 'link_qos'
[08:12:26.604] [bmv2] [D] [thread 3356] [48.0] [cxt 0] Parser state 'parse_link_qos' has no switch, going to default next state
[08:12:26.604] [bmv2] [T] [thread 3356] [48.0] [cxt 0] Bytes parsed: 42
[08:12:26.605] [bmv2] [D] [thread 3356] [48.0] [cxt 0] Parser 'parser': end
[08:12:26.605] [bmv2] [D] [thread 3356] [48.0] [cxt 0] Pipeline 'ingress': start
[08:12:26.605] [bmv2] [T] [thread 3356] [48.0] [cxt 0] qos.p4(197) Condition "hdr.ipv4.isValid()" (node_2) is true
[08:12:26.605] [bmv2] [T] [thread 3356] [48.0] [cxt 0] qos.p4(198) Condition "hdr.link_qos.link_qos == TARGET_LINK_QOS" (node_3) is true
[08:12:26.605] [bmv2] [T] [thread 3356] [48.0] [cxt 0] Applying table 'tbl_qos199'
[08:12:26.605] [bmv2] [D] [thread 3356] [48.0] [cxt 0] Looking up key:

[08:12:26.605] [bmv2] [D] [thread 3356] [48.0] [cxt 0] Table 'tbl_qos199': miss
[08:12:26.605] [bmv2] [D] [thread 3356] [48.0] [cxt 0] Action entry is qos199 - 
[08:12:26.605] [bmv2] [T] [thread 3356] [48.0] [cxt 0] Action qos199
[08:12:26.605] [bmv2] [T] [thread 3356] [48.0] [cxt 0] qos.p4(199) Primitive hdr.ipv4.diffserv = (TARGET_DSCP << 2
[08:12:26.605] [bmv2] [T] [thread 3356] [48.0] [cxt 0] qos.p4(28) Primitive 7; ...
[08:12:26.605] [bmv2] [T] [thread 3356] [48.0] [cxt 0] Applying table 'MyIngress.ipv4_lpm'
[08:12:26.605] [bmv2] [D] [thread 3356] [48.0] [cxt 0] Looking up key:
* hdr.ipv4.dstAddr    : 0a000202

[08:12:26.605] [bmv2] [D] [thread 3356] [48.0] [cxt 0] Table 'MyIngress.ipv4_lpm': hit with handle 2
[08:12:26.606] [bmv2] [D] [thread 3356] [48.0] [cxt 0] Dumping entry 2
Match key:
* hdr.ipv4.dstAddr    : LPM       0a000200/24
Action entry: MyIngress.ipv4_forward - 80000000200,3,

[08:12:26.606] [bmv2] [D] [thread 3356] [48.0] [cxt 0] Action entry is MyIngress.ipv4_forward - 80000000200,3,
[08:12:26.606] [bmv2] [T] [thread 3356] [48.0] [cxt 0] Action MyIngress.ipv4_forward
[08:12:26.606] [bmv2] [T] [thread 3356] [48.0] [cxt 0] qos.p4(175) Primitive standard_metadata.egress_spec = port
[08:12:26.606] [bmv2] [T] [thread 3356] [48.0] [cxt 0] qos.p4(176) Primitive hdr.ethernet.srcAddr = hdr.ethernet.dstAddr
[08:12:26.606] [bmv2] [T] [thread 3356] [48.0] [cxt 0] qos.p4(177) Primitive hdr.ethernet.dstAddr = dstAddr
[08:12:26.606] [bmv2] [T] [thread 3356] [48.0] [cxt 0] qos.p4(178) Primitive hdr.ipv4.ttl = hdr.ipv4.ttl - 1
[08:12:26.606] [bmv2] [D] [thread 3356] [48.0] [cxt 0] Pipeline 'ingress': end
[08:12:26.606] [bmv2] [D] [thread 3356] [48.0] [cxt 0] Egress port is 3
[08:12:26.607] [bmv2] [D] [thread 3360] [48.0] [cxt 0] Pipeline 'egress': start
[08:12:26.607] [bmv2] [D] [thread 3360] [48.0] [cxt 0] Pipeline 'egress': end
[08:12:26.607] [bmv2] [D] [thread 3360] [48.0] [cxt 0] Deparser 'deparser': start
[08:12:26.607] [bmv2] [D] [thread 3360] [48.0] [cxt 0] Updating checksum 'cksum'
[08:12:26.607] [bmv2] [D] [thread 3360] [48.0] [cxt 0] Deparsing header 'ethernet'
[08:12:26.608] [bmv2] [D] [thread 3360] [48.0] [cxt 0] Deparsing header 'vlan'
[08:12:26.608] [bmv2] [D] [thread 3360] [48.0] [cxt 0] Deparsing header 'ipv4'
[08:12:26.608] [bmv2] [D] [thread 3360] [48.0] [cxt 0] Deparsing header 'ipv4_option'
[08:12:26.608] [bmv2] [D] [thread 3360] [48.0] [cxt 0] Deparsing header 'link_qos'
[08:12:26.608] [bmv2] [D] [thread 3360] [48.0] [cxt 0] Deparser 'deparser': end
[08:12:26.608] [bmv2] [D] [thread 3361] [48.0] [cxt 0] Transmitting packet of size 50 out of port 3
[08:12:26.617] [bmv2] [D] [thread 3356] [49.0] [cxt 0] Processing packet received on port 1
[08:12:26.618] [bmv2] [D] [thread 3356] [49.0] [cxt 0] Parser 'parser': start
[08:12:26.618] [bmv2] [D] [thread 3356] [49.0] [cxt 0] Parser 'parser' entering state 'start'
[08:12:26.618] [bmv2] [D] [thread 3356] [49.0] [cxt 0] Extracting header 'ethernet'
[08:12:26.618] [bmv2] [D] [thread 3356] [49.0] [cxt 0] Parser state 'start': key is 8100
[08:12:26.618] [bmv2] [T] [thread 3356] [49.0] [cxt 0] Bytes parsed: 14
[08:12:26.618] [bmv2] [D] [thread 3356] [49.0] [cxt 0] Parser 'parser' entering state 'parse_vlan'
[08:12:26.618] [bmv2] [D] [thread 3356] [49.0] [cxt 0] Extracting header 'vlan'
[08:12:26.618] [bmv2] [D] [thread 3356] [49.0] [cxt 0] Parser state 'parse_vlan': key is 0800
[08:12:26.618] [bmv2] [T] [thread 3356] [49.0] [cxt 0] Bytes parsed: 18
[08:12:26.618] [bmv2] [D] [thread 3356] [49.0] [cxt 0] Parser 'parser' entering state 'parse_ipv4'
[08:12:26.618] [bmv2] [D] [thread 3356] [49.0] [cxt 0] Extracting header 'ipv4'
[08:12:26.618] [bmv2] [D] [thread 3356] [49.0] [cxt 0] Parser set: setting field 'scalars.tmp' from expression, new value is 1
[08:12:26.618] [bmv2] [D] [thread 3356] [49.0] [cxt 0] Parser state 'parse_ipv4': key is 05
[08:12:26.618] [bmv2] [T] [thread 3356] [49.0] [cxt 0] Bytes parsed: 38
[08:12:26.618] [bmv2] [D] [thread 3356] [49.0] [cxt 0] Parser 'parser': end
[08:12:26.618] [bmv2] [D] [thread 3356] [49.0] [cxt 0] Pipeline 'ingress': start
[08:12:26.618] [bmv2] [T] [thread 3356] [49.0] [cxt 0] qos.p4(197) Condition "hdr.ipv4.isValid()" (node_2) is true
[08:12:26.618] [bmv2] [T] [thread 3356] [49.0] [cxt 0] qos.p4(198) Condition "hdr.link_qos.link_qos == TARGET_LINK_QOS" (node_3) is true
[08:12:26.618] [bmv2] [T] [thread 3356] [49.0] [cxt 0] Applying table 'tbl_qos199'
[08:12:26.618] [bmv2] [D] [thread 3356] [49.0] [cxt 0] Looking up key:

[08:12:26.618] [bmv2] [D] [thread 3356] [49.0] [cxt 0] Table 'tbl_qos199': miss
[08:12:26.618] [bmv2] [D] [thread 3356] [49.0] [cxt 0] Action entry is qos199 - 
[08:12:26.618] [bmv2] [T] [thread 3356] [49.0] [cxt 0] Action qos199
[08:12:26.618] [bmv2] [T] [thread 3356] [49.0] [cxt 0] qos.p4(199) Primitive hdr.ipv4.diffserv = (TARGET_DSCP << 2
[08:12:26.619] [bmv2] [T] [thread 3356] [49.0] [cxt 0] qos.p4(28) Primitive 7; ...
[08:12:26.619] [bmv2] [T] [thread 3356] [49.0] [cxt 0] Applying table 'MyIngress.ipv4_lpm'
[08:12:26.619] [bmv2] [D] [thread 3356] [49.0] [cxt 0] Looking up key:
* hdr.ipv4.dstAddr    : 0a000202

[08:12:26.619] [bmv2] [D] [thread 3356] [49.0] [cxt 0] Table 'MyIngress.ipv4_lpm': hit with handle 2
[08:12:26.619] [bmv2] [D] [thread 3356] [49.0] [cxt 0] Dumping entry 2
Match key:
* hdr.ipv4.dstAddr    : LPM       0a000200/24
Action entry: MyIngress.ipv4_forward - 80000000200,3,

[08:12:26.619] [bmv2] [D] [thread 3356] [49.0] [cxt 0] Action entry is MyIngress.ipv4_forward - 80000000200,3,
[08:12:26.619] [bmv2] [T] [thread 3356] [49.0] [cxt 0] Action MyIngress.ipv4_forward
[08:12:26.619] [bmv2] [T] [thread 3356] [49.0] [cxt 0] qos.p4(175) Primitive standard_metadata.egress_spec = port
[08:12:26.619] [bmv2] [T] [thread 3356] [49.0] [cxt 0] qos.p4(176) Primitive hdr.ethernet.srcAddr = hdr.ethernet.dstAddr
[08:12:26.619] [bmv2] [T] [thread 3356] [49.0] [cxt 0] qos.p4(177) Primitive hdr.ethernet.dstAddr = dstAddr
[08:12:26.619] [bmv2] [T] [thread 3356] [49.0] [cxt 0] qos.p4(178) Primitive hdr.ipv4.ttl = hdr.ipv4.ttl - 1
[08:12:26.619] [bmv2] [D] [thread 3356] [49.0] [cxt 0] Pipeline 'ingress': end
[08:12:26.619] [bmv2] [D] [thread 3356] [49.0] [cxt 0] Egress port is 3
[08:12:26.621] [bmv2] [D] [thread 3360] [49.0] [cxt 0] Pipeline 'egress': start
[08:12:26.621] [bmv2] [D] [thread 3360] [49.0] [cxt 0] Pipeline 'egress': end
[08:12:26.621] [bmv2] [D] [thread 3360] [49.0] [cxt 0] Deparser 'deparser': start
[08:12:26.621] [bmv2] [D] [thread 3360] [49.0] [cxt 0] Updating checksum 'cksum'
[08:12:26.621] [bmv2] [D] [thread 3360] [49.0] [cxt 0] Deparsing header 'ethernet'
[08:12:26.621] [bmv2] [D] [thread 3360] [49.0] [cxt 0] Deparsing header 'vlan'
[08:12:26.621] [bmv2] [D] [thread 3360] [49.0] [cxt 0] Deparsing header 'ipv4'
[08:12:26.621] [bmv2] [D] [thread 3360] [49.0] [cxt 0] Deparser 'deparser': end
[08:12:26.621] [bmv2] [D] [thread 3361] [49.0] [cxt 0] Transmitting packet of size 46 out of port 3
[08:12:27.653] [bmv2] [D] [thread 3356] [50.0] [cxt 0] Processing packet received on port 1
[08:12:27.653] [bmv2] [D] [thread 3356] [50.0] [cxt 0] Parser 'parser': start
[08:12:27.653] [bmv2] [D] [thread 3356] [50.0] [cxt 0] Parser 'parser' entering state 'start'
[08:12:27.653] [bmv2] [D] [thread 3356] [50.0] [cxt 0] Extracting header 'ethernet'
[08:12:27.654] [bmv2] [D] [thread 3356] [50.0] [cxt 0] Parser state 'start': key is 8100
[08:12:27.654] [bmv2] [T] [thread 3356] [50.0] [cxt 0] Bytes parsed: 14
[08:12:27.654] [bmv2] [D] [thread 3356] [50.0] [cxt 0] Parser 'parser' entering state 'parse_vlan'
[08:12:27.654] [bmv2] [D] [thread 3356] [50.0] [cxt 0] Extracting header 'vlan'
[08:12:27.654] [bmv2] [D] [thread 3356] [50.0] [cxt 0] Parser state 'parse_vlan': key is 0800
[08:12:27.654] [bmv2] [T] [thread 3356] [50.0] [cxt 0] Bytes parsed: 18
[08:12:27.654] [bmv2] [D] [thread 3356] [50.0] [cxt 0] Parser 'parser' entering state 'parse_ipv4'
[08:12:27.654] [bmv2] [D] [thread 3356] [50.0] [cxt 0] Extracting header 'ipv4'
[08:12:27.654] [bmv2] [D] [thread 3356] [50.0] [cxt 0] Parser set: setting field 'scalars.tmp' from expression, new value is 1
[08:12:27.654] [bmv2] [D] [thread 3356] [50.0] [cxt 0] Parser state 'parse_ipv4': key is 05
[08:12:27.654] [bmv2] [T] [thread 3356] [50.0] [cxt 0] Bytes parsed: 38
[08:12:27.654] [bmv2] [D] [thread 3356] [50.0] [cxt 0] Parser 'parser': end
[08:12:27.654] [bmv2] [D] [thread 3356] [50.0] [cxt 0] Pipeline 'ingress': start
[08:12:27.655] [bmv2] [T] [thread 3356] [50.0] [cxt 0] qos.p4(197) Condition "hdr.ipv4.isValid()" (node_2) is true
[08:12:27.655] [bmv2] [T] [thread 3356] [50.0] [cxt 0] qos.p4(198) Condition "hdr.link_qos.link_qos == TARGET_LINK_QOS" (node_3) is true
[08:12:27.655] [bmv2] [T] [thread 3356] [50.0] [cxt 0] Applying table 'tbl_qos199'
[08:12:27.655] [bmv2] [D] [thread 3356] [50.0] [cxt 0] Looking up key:

[08:12:27.655] [bmv2] [D] [thread 3356] [50.0] [cxt 0] Table 'tbl_qos199': miss
[08:12:27.655] [bmv2] [D] [thread 3356] [50.0] [cxt 0] Action entry is qos199 - 
[08:12:27.655] [bmv2] [T] [thread 3356] [50.0] [cxt 0] Action qos199
[08:12:27.655] [bmv2] [T] [thread 3356] [50.0] [cxt 0] qos.p4(199) Primitive hdr.ipv4.diffserv = (TARGET_DSCP << 2
[08:12:27.655] [bmv2] [T] [thread 3356] [50.0] [cxt 0] qos.p4(28) Primitive 7; ...
[08:12:27.655] [bmv2] [T] [thread 3356] [50.0] [cxt 0] Applying table 'MyIngress.ipv4_lpm'
[08:12:27.655] [bmv2] [D] [thread 3356] [50.0] [cxt 0] Looking up key:
* hdr.ipv4.dstAddr    : 0a000202

[08:12:27.655] [bmv2] [D] [thread 3356] [50.0] [cxt 0] Table 'MyIngress.ipv4_lpm': hit with handle 2
[08:12:27.655] [bmv2] [D] [thread 3356] [50.0] [cxt 0] Dumping entry 2
Match key:
* hdr.ipv4.dstAddr    : LPM       0a000200/24
Action entry: MyIngress.ipv4_forward - 80000000200,3,

[08:12:27.655] [bmv2] [D] [thread 3356] [50.0] [cxt 0] Action entry is MyIngress.ipv4_forward - 80000000200,3,
[08:12:27.656] [bmv2] [T] [thread 3356] [50.0] [cxt 0] Action MyIngress.ipv4_forward
[08:12:27.656] [bmv2] [T] [thread 3356] [50.0] [cxt 0] qos.p4(175) Primitive standard_metadata.egress_spec = port
[08:12:27.656] [bmv2] [T] [thread 3356] [50.0] [cxt 0] qos.p4(176) Primitive hdr.ethernet.srcAddr = hdr.ethernet.dstAddr
[08:12:27.656] [bmv2] [T] [thread 3356] [50.0] [cxt 0] qos.p4(177) Primitive hdr.ethernet.dstAddr = dstAddr
[08:12:27.656] [bmv2] [T] [thread 3356] [50.0] [cxt 0] qos.p4(178) Primitive hdr.ipv4.ttl = hdr.ipv4.ttl - 1
[08:12:27.656] [bmv2] [D] [thread 3356] [50.0] [cxt 0] Pipeline 'ingress': end
[08:12:27.656] [bmv2] [D] [thread 3356] [50.0] [cxt 0] Egress port is 3
[08:12:27.657] [bmv2] [D] [thread 3360] [50.0] [cxt 0] Pipeline 'egress': start
[08:12:27.657] [bmv2] [D] [thread 3360] [50.0] [cxt 0] Pipeline 'egress': end
[08:12:27.657] [bmv2] [D] [thread 3360] [50.0] [cxt 0] Deparser 'deparser': start
[08:12:27.658] [bmv2] [D] [thread 3360] [50.0] [cxt 0] Updating checksum 'cksum'
[08:12:27.658] [bmv2] [D] [thread 3360] [50.0] [cxt 0] Deparsing header 'ethernet'
[08:12:27.658] [bmv2] [D] [thread 3360] [50.0] [cxt 0] Deparsing header 'vlan'
[08:12:27.658] [bmv2] [D] [thread 3360] [50.0] [cxt 0] Deparsing header 'ipv4'
[08:12:27.659] [bmv2] [D] [thread 3360] [50.0] [cxt 0] Deparser 'deparser': end
[08:12:27.659] [bmv2] [D] [thread 3361] [50.0] [cxt 0] Transmitting packet of size 46 out of port 3
[08:12:27.670] [bmv2] [D] [thread 3356] [51.0] [cxt 0] Processing packet received on port 2
[08:12:27.670] [bmv2] [D] [thread 3356] [51.0] [cxt 0] Parser 'parser': start
[08:12:27.670] [bmv2] [D] [thread 3356] [51.0] [cxt 0] Parser 'parser' entering state 'start'
[08:12:27.670] [bmv2] [D] [thread 3356] [51.0] [cxt 0] Extracting header 'ethernet'
[08:12:27.670] [bmv2] [D] [thread 3356] [51.0] [cxt 0] Parser state 'start': key is 8100
[08:12:27.670] [bmv2] [T] [thread 3356] [51.0] [cxt 0] Bytes parsed: 14
[08:12:27.670] [bmv2] [D] [thread 3356] [51.0] [cxt 0] Parser 'parser' entering state 'parse_vlan'
[08:12:27.670] [bmv2] [D] [thread 3356] [51.0] [cxt 0] Extracting header 'vlan'
[08:12:27.670] [bmv2] [D] [thread 3356] [51.0] [cxt 0] Parser state 'parse_vlan': key is 0800
[08:12:27.670] [bmv2] [T] [thread 3356] [51.0] [cxt 0] Bytes parsed: 18
[08:12:27.670] [bmv2] [D] [thread 3356] [51.0] [cxt 0] Parser 'parser' entering state 'parse_ipv4'
[08:12:27.670] [bmv2] [D] [thread 3356] [51.0] [cxt 0] Extracting header 'ipv4'
[08:12:27.671] [bmv2] [D] [thread 3356] [51.0] [cxt 0] Parser set: setting field 'scalars.tmp' from expression, new value is 1
[08:12:27.671] [bmv2] [D] [thread 3356] [51.0] [cxt 0] Parser state 'parse_ipv4': key is 06
[08:12:27.671] [bmv2] [T] [thread 3356] [51.0] [cxt 0] Bytes parsed: 38
[08:12:27.671] [bmv2] [D] [thread 3356] [51.0] [cxt 0] Parser 'parser' entering state 'parse_ipv4_option'
[08:12:27.671] [bmv2] [D] [thread 3356] [51.0] [cxt 0] Extracting header 'ipv4_option'
[08:12:27.671] [bmv2] [D] [thread 3356] [51.0] [cxt 0] Parser state 'parse_ipv4_option': key is 1f
[08:12:27.671] [bmv2] [T] [thread 3356] [51.0] [cxt 0] Bytes parsed: 40
[08:12:27.671] [bmv2] [D] [thread 3356] [51.0] [cxt 0] Parser 'parser' entering state 'parse_link_qos'
[08:12:27.671] [bmv2] [D] [thread 3356] [51.0] [cxt 0] Extracting header 'link_qos'
[08:12:27.671] [bmv2] [D] [thread 3356] [51.0] [cxt 0] Parser state 'parse_link_qos' has no switch, going to default next state
[08:12:27.671] [bmv2] [T] [thread 3356] [51.0] [cxt 0] Bytes parsed: 42
[08:12:27.671] [bmv2] [D] [thread 3356] [51.0] [cxt 0] Parser 'parser': end
[08:12:27.671] [bmv2] [D] [thread 3356] [51.0] [cxt 0] Pipeline 'ingress': start
[08:12:27.671] [bmv2] [T] [thread 3356] [51.0] [cxt 0] qos.p4(197) Condition "hdr.ipv4.isValid()" (node_2) is true
[08:12:27.671] [bmv2] [T] [thread 3356] [51.0] [cxt 0] qos.p4(198) Condition "hdr.link_qos.link_qos == TARGET_LINK_QOS" (node_3) is true
[08:12:27.671] [bmv2] [T] [thread 3356] [51.0] [cxt 0] Applying table 'tbl_qos199'
[08:12:27.671] [bmv2] [D] [thread 3356] [51.0] [cxt 0] Looking up key:

[08:12:27.671] [bmv2] [D] [thread 3356] [51.0] [cxt 0] Table 'tbl_qos199': miss
[08:12:27.671] [bmv2] [D] [thread 3356] [51.0] [cxt 0] Action entry is qos199 - 
[08:12:27.671] [bmv2] [T] [thread 3356] [51.0] [cxt 0] Action qos199
[08:12:27.671] [bmv2] [T] [thread 3356] [51.0] [cxt 0] qos.p4(199) Primitive hdr.ipv4.diffserv = (TARGET_DSCP << 2
[08:12:27.671] [bmv2] [T] [thread 3356] [51.0] [cxt 0] qos.p4(28) Primitive 7; ...
[08:12:27.671] [bmv2] [T] [thread 3356] [51.0] [cxt 0] Applying table 'MyIngress.ipv4_lpm'
[08:12:27.671] [bmv2] [D] [thread 3356] [51.0] [cxt 0] Looking up key:
* hdr.ipv4.dstAddr    : 0a000202

[08:12:27.671] [bmv2] [D] [thread 3356] [51.0] [cxt 0] Table 'MyIngress.ipv4_lpm': hit with handle 2
[08:12:27.671] [bmv2] [D] [thread 3356] [51.0] [cxt 0] Dumping entry 2
Match key:
* hdr.ipv4.dstAddr    : LPM       0a000200/24
Action entry: MyIngress.ipv4_forward - 80000000200,3,

[08:12:27.671] [bmv2] [D] [thread 3356] [51.0] [cxt 0] Action entry is MyIngress.ipv4_forward - 80000000200,3,
[08:12:27.671] [bmv2] [T] [thread 3356] [51.0] [cxt 0] Action MyIngress.ipv4_forward
[08:12:27.671] [bmv2] [T] [thread 3356] [51.0] [cxt 0] qos.p4(175) Primitive standard_metadata.egress_spec = port
[08:12:27.671] [bmv2] [T] [thread 3356] [51.0] [cxt 0] qos.p4(176) Primitive hdr.ethernet.srcAddr = hdr.ethernet.dstAddr
[08:12:27.671] [bmv2] [T] [thread 3356] [51.0] [cxt 0] qos.p4(177) Primitive hdr.ethernet.dstAddr = dstAddr
[08:12:27.672] [bmv2] [T] [thread 3356] [51.0] [cxt 0] qos.p4(178) Primitive hdr.ipv4.ttl = hdr.ipv4.ttl - 1
[08:12:27.672] [bmv2] [D] [thread 3356] [51.0] [cxt 0] Pipeline 'ingress': end
[08:12:27.672] [bmv2] [D] [thread 3356] [51.0] [cxt 0] Egress port is 3
[08:12:27.673] [bmv2] [D] [thread 3360] [51.0] [cxt 0] Pipeline 'egress': start
[08:12:27.673] [bmv2] [D] [thread 3360] [51.0] [cxt 0] Pipeline 'egress': end
[08:12:27.673] [bmv2] [D] [thread 3360] [51.0] [cxt 0] Deparser 'deparser': start
[08:12:27.673] [bmv2] [D] [thread 3360] [51.0] [cxt 0] Updating checksum 'cksum'
[08:12:27.673] [bmv2] [D] [thread 3360] [51.0] [cxt 0] Deparsing header 'ethernet'
[08:12:27.674] [bmv2] [D] [thread 3360] [51.0] [cxt 0] Deparsing header 'vlan'
[08:12:27.674] [bmv2] [D] [thread 3360] [51.0] [cxt 0] Deparsing header 'ipv4'
[08:12:27.674] [bmv2] [D] [thread 3360] [51.0] [cxt 0] Deparsing header 'ipv4_option'
[08:12:27.674] [bmv2] [D] [thread 3360] [51.0] [cxt 0] Deparsing header 'link_qos'
[08:12:27.674] [bmv2] [D] [thread 3360] [51.0] [cxt 0] Deparser 'deparser': end
[08:12:27.674] [bmv2] [D] [thread 3361] [51.0] [cxt 0] Transmitting packet of size 50 out of port 3
[08:12:28.711] [bmv2] [D] [thread 3356] [52.0] [cxt 0] Processing packet received on port 1
[08:12:28.711] [bmv2] [D] [thread 3356] [52.0] [cxt 0] Parser 'parser': start
[08:12:28.711] [bmv2] [D] [thread 3356] [52.0] [cxt 0] Parser 'parser' entering state 'start'
[08:12:28.711] [bmv2] [D] [thread 3356] [52.0] [cxt 0] Extracting header 'ethernet'
[08:12:28.711] [bmv2] [D] [thread 3356] [52.0] [cxt 0] Parser state 'start': key is 8100
[08:12:28.711] [bmv2] [T] [thread 3356] [52.0] [cxt 0] Bytes parsed: 14
[08:12:28.711] [bmv2] [D] [thread 3356] [52.0] [cxt 0] Parser 'parser' entering state 'parse_vlan'
[08:12:28.711] [bmv2] [D] [thread 3356] [52.0] [cxt 0] Extracting header 'vlan'
[08:12:28.711] [bmv2] [D] [thread 3356] [52.0] [cxt 0] Parser state 'parse_vlan': key is 0800
[08:12:28.711] [bmv2] [T] [thread 3356] [52.0] [cxt 0] Bytes parsed: 18
[08:12:28.712] [bmv2] [D] [thread 3356] [52.0] [cxt 0] Parser 'parser' entering state 'parse_ipv4'
[08:12:28.712] [bmv2] [D] [thread 3356] [52.0] [cxt 0] Extracting header 'ipv4'
[08:12:28.712] [bmv2] [D] [thread 3356] [52.0] [cxt 0] Parser set: setting field 'scalars.tmp' from expression, new value is 1
[08:12:28.712] [bmv2] [D] [thread 3356] [52.0] [cxt 0] Parser state 'parse_ipv4': key is 05
[08:12:28.712] [bmv2] [T] [thread 3356] [52.0] [cxt 0] Bytes parsed: 38
[08:12:28.712] [bmv2] [D] [thread 3356] [52.0] [cxt 0] Parser 'parser': end
[08:12:28.712] [bmv2] [D] [thread 3356] [52.0] [cxt 0] Pipeline 'ingress': start
[08:12:28.712] [bmv2] [T] [thread 3356] [52.0] [cxt 0] qos.p4(197) Condition "hdr.ipv4.isValid()" (node_2) is true
[08:12:28.712] [bmv2] [T] [thread 3356] [52.0] [cxt 0] qos.p4(198) Condition "hdr.link_qos.link_qos == TARGET_LINK_QOS" (node_3) is true
[08:12:28.712] [bmv2] [T] [thread 3356] [52.0] [cxt 0] Applying table 'tbl_qos199'
[08:12:28.712] [bmv2] [D] [thread 3356] [52.0] [cxt 0] Looking up key:

[08:12:28.712] [bmv2] [D] [thread 3356] [52.0] [cxt 0] Table 'tbl_qos199': miss
[08:12:28.712] [bmv2] [D] [thread 3356] [52.0] [cxt 0] Action entry is qos199 - 
[08:12:28.712] [bmv2] [T] [thread 3356] [52.0] [cxt 0] Action qos199
[08:12:28.712] [bmv2] [T] [thread 3356] [52.0] [cxt 0] qos.p4(199) Primitive hdr.ipv4.diffserv = (TARGET_DSCP << 2
[08:12:28.712] [bmv2] [T] [thread 3356] [52.0] [cxt 0] qos.p4(28) Primitive 7; ...
[08:12:28.712] [bmv2] [T] [thread 3356] [52.0] [cxt 0] Applying table 'MyIngress.ipv4_lpm'
[08:12:28.712] [bmv2] [D] [thread 3356] [52.0] [cxt 0] Looking up key:
* hdr.ipv4.dstAddr    : 0a000202

[08:12:28.712] [bmv2] [D] [thread 3356] [52.0] [cxt 0] Table 'MyIngress.ipv4_lpm': hit with handle 2
[08:12:28.712] [bmv2] [D] [thread 3356] [52.0] [cxt 0] Dumping entry 2
Match key:
* hdr.ipv4.dstAddr    : LPM       0a000200/24
Action entry: MyIngress.ipv4_forward - 80000000200,3,

[08:12:28.712] [bmv2] [D] [thread 3356] [52.0] [cxt 0] Action entry is MyIngress.ipv4_forward - 80000000200,3,
[08:12:28.712] [bmv2] [T] [thread 3356] [52.0] [cxt 0] Action MyIngress.ipv4_forward
[08:12:28.712] [bmv2] [T] [thread 3356] [52.0] [cxt 0] qos.p4(175) Primitive standard_metadata.egress_spec = port
[08:12:28.712] [bmv2] [T] [thread 3356] [52.0] [cxt 0] qos.p4(176) Primitive hdr.ethernet.srcAddr = hdr.ethernet.dstAddr
[08:12:28.713] [bmv2] [T] [thread 3356] [52.0] [cxt 0] qos.p4(177) Primitive hdr.ethernet.dstAddr = dstAddr
[08:12:28.713] [bmv2] [T] [thread 3356] [52.0] [cxt 0] qos.p4(178) Primitive hdr.ipv4.ttl = hdr.ipv4.ttl - 1
[08:12:28.713] [bmv2] [D] [thread 3356] [52.0] [cxt 0] Pipeline 'ingress': end
[08:12:28.713] [bmv2] [D] [thread 3356] [52.0] [cxt 0] Egress port is 3
[08:12:28.713] [bmv2] [D] [thread 3360] [52.0] [cxt 0] Pipeline 'egress': start
[08:12:28.713] [bmv2] [D] [thread 3360] [52.0] [cxt 0] Pipeline 'egress': end
[08:12:28.713] [bmv2] [D] [thread 3360] [52.0] [cxt 0] Deparser 'deparser': start
[08:12:28.713] [bmv2] [D] [thread 3360] [52.0] [cxt 0] Updating checksum 'cksum'
[08:12:28.713] [bmv2] [D] [thread 3360] [52.0] [cxt 0] Deparsing header 'ethernet'
[08:12:28.713] [bmv2] [D] [thread 3360] [52.0] [cxt 0] Deparsing header 'vlan'
[08:12:28.713] [bmv2] [D] [thread 3360] [52.0] [cxt 0] Deparsing header 'ipv4'
[08:12:28.713] [bmv2] [D] [thread 3360] [52.0] [cxt 0] Deparser 'deparser': end
[08:12:28.713] [bmv2] [D] [thread 3361] [52.0] [cxt 0] Transmitting packet of size 46 out of port 3
[08:12:30.446] [bmv2] [D] [thread 3356] [53.0] [cxt 0] Processing packet received on port 3
[08:12:30.446] [bmv2] [D] [thread 3356] [53.0] [cxt 0] Parser 'parser': start
[08:12:30.446] [bmv2] [D] [thread 3356] [53.0] [cxt 0] Parser 'parser' entering state 'start'
[08:12:30.446] [bmv2] [D] [thread 3356] [53.0] [cxt 0] Extracting header 'ethernet'
[08:12:30.447] [bmv2] [D] [thread 3356] [53.0] [cxt 0] Parser state 'start': key is 86dd
[08:12:30.447] [bmv2] [T] [thread 3356] [53.0] [cxt 0] Bytes parsed: 14
[08:12:30.447] [bmv2] [D] [thread 3356] [53.0] [cxt 0] Parser 'parser': end
[08:12:30.447] [bmv2] [D] [thread 3356] [53.0] [cxt 0] Pipeline 'ingress': start
[08:12:30.447] [bmv2] [T] [thread 3356] [53.0] [cxt 0] qos.p4(197) Condition "hdr.ipv4.isValid()" (node_2) is false
[08:12:30.447] [bmv2] [D] [thread 3356] [53.0] [cxt 0] Pipeline 'ingress': end
[08:12:30.447] [bmv2] [D] [thread 3356] [53.0] [cxt 0] Egress port is 0
[08:12:30.453] [bmv2] [D] [thread 3357] [53.0] [cxt 0] Pipeline 'egress': start
[08:12:30.453] [bmv2] [D] [thread 3357] [53.0] [cxt 0] Pipeline 'egress': end
[08:12:30.453] [bmv2] [D] [thread 3357] [53.0] [cxt 0] Deparser 'deparser': start
[08:12:30.453] [bmv2] [T] [thread 3357] [53.0] [cxt 0] Skipping checksum 'cksum' update because condition not met
[08:12:30.453] [bmv2] [D] [thread 3357] [53.0] [cxt 0] Deparsing header 'ethernet'
[08:12:30.453] [bmv2] [D] [thread 3357] [53.0] [cxt 0] Deparser 'deparser': end
[08:12:30.454] [bmv2] [D] [thread 3361] [53.0] [cxt 0] Transmitting packet of size 70 out of port 0
[08:12:30.454] [bmv2] [D] [thread 3356] [54.0] [cxt 0] Processing packet received on port 4
[08:12:30.454] [bmv2] [D] [thread 3356] [54.0] [cxt 0] Parser 'parser': start
[08:12:30.454] [bmv2] [D] [thread 3356] [54.0] [cxt 0] Parser 'parser' entering state 'start'
[08:12:30.454] [bmv2] [D] [thread 3356] [54.0] [cxt 0] Extracting header 'ethernet'
[08:12:30.454] [bmv2] [D] [thread 3356] [54.0] [cxt 0] Parser state 'start': key is 86dd
[08:12:30.454] [bmv2] [T] [thread 3356] [54.0] [cxt 0] Bytes parsed: 14
[08:12:30.454] [bmv2] [D] [thread 3356] [54.0] [cxt 0] Parser 'parser': end
[08:12:30.454] [bmv2] [D] [thread 3356] [54.0] [cxt 0] Pipeline 'ingress': start
[08:12:30.454] [bmv2] [T] [thread 3356] [54.0] [cxt 0] qos.p4(197) Condition "hdr.ipv4.isValid()" (node_2) is false
[08:12:30.454] [bmv2] [D] [thread 3356] [54.0] [cxt 0] Pipeline 'ingress': end
[08:12:30.454] [bmv2] [D] [thread 3356] [54.0] [cxt 0] Egress port is 0
[08:12:30.454] [bmv2] [D] [thread 3357] [54.0] [cxt 0] Pipeline 'egress': start
[08:12:30.454] [bmv2] [D] [thread 3357] [54.0] [cxt 0] Pipeline 'egress': end
[08:12:30.454] [bmv2] [D] [thread 3357] [54.0] [cxt 0] Deparser 'deparser': start
[08:12:30.455] [bmv2] [T] [thread 3357] [54.0] [cxt 0] Skipping checksum 'cksum' update because condition not met
[08:12:30.455] [bmv2] [D] [thread 3357] [54.0] [cxt 0] Deparsing header 'ethernet'
[08:12:30.455] [bmv2] [D] [thread 3357] [54.0] [cxt 0] Deparser 'deparser': end
[08:12:30.455] [bmv2] [D] [thread 3361] [54.0] [cxt 0] Transmitting packet of size 70 out of port 0
[08:12:36.592] [bmv2] [D] [thread 3356] [55.0] [cxt 0] Processing packet received on port 1
[08:12:36.592] [bmv2] [D] [thread 3356] [55.0] [cxt 0] Parser 'parser': start
[08:12:36.592] [bmv2] [D] [thread 3356] [55.0] [cxt 0] Parser 'parser' entering state 'start'
[08:12:36.592] [bmv2] [D] [thread 3356] [55.0] [cxt 0] Extracting header 'ethernet'
[08:12:36.593] [bmv2] [D] [thread 3356] [55.0] [cxt 0] Parser state 'start': key is 86dd
[08:12:36.593] [bmv2] [T] [thread 3356] [55.0] [cxt 0] Bytes parsed: 14
[08:12:36.593] [bmv2] [D] [thread 3356] [55.0] [cxt 0] Parser 'parser': end
[08:12:36.593] [bmv2] [D] [thread 3356] [55.0] [cxt 0] Pipeline 'ingress': start
[08:12:36.593] [bmv2] [T] [thread 3356] [55.0] [cxt 0] qos.p4(197) Condition "hdr.ipv4.isValid()" (node_2) is false
[08:12:36.593] [bmv2] [D] [thread 3356] [55.0] [cxt 0] Pipeline 'ingress': end
[08:12:36.593] [bmv2] [D] [thread 3356] [55.0] [cxt 0] Egress port is 0
[08:12:36.598] [bmv2] [D] [thread 3357] [55.0] [cxt 0] Pipeline 'egress': start
[08:12:36.598] [bmv2] [D] [thread 3357] [55.0] [cxt 0] Pipeline 'egress': end
[08:12:36.599] [bmv2] [D] [thread 3357] [55.0] [cxt 0] Deparser 'deparser': start
[08:12:36.599] [bmv2] [T] [thread 3357] [55.0] [cxt 0] Skipping checksum 'cksum' update because condition not met
[08:12:36.599] [bmv2] [D] [thread 3357] [55.0] [cxt 0] Deparsing header 'ethernet'
[08:12:36.599] [bmv2] [D] [thread 3357] [55.0] [cxt 0] Deparser 'deparser': end
[08:12:36.599] [bmv2] [D] [thread 3361] [55.0] [cxt 0] Transmitting packet of size 70 out of port 0
[08:12:36.599] [bmv2] [D] [thread 3356] [56.0] [cxt 0] Processing packet received on port 2
[08:12:36.599] [bmv2] [D] [thread 3356] [56.0] [cxt 0] Parser 'parser': start
[08:12:36.599] [bmv2] [D] [thread 3356] [56.0] [cxt 0] Parser 'parser' entering state 'start'
[08:12:36.600] [bmv2] [D] [thread 3356] [56.0] [cxt 0] Extracting header 'ethernet'
[08:12:36.600] [bmv2] [D] [thread 3356] [56.0] [cxt 0] Parser state 'start': key is 86dd
[08:12:36.600] [bmv2] [T] [thread 3356] [56.0] [cxt 0] Bytes parsed: 14
[08:12:36.600] [bmv2] [D] [thread 3356] [56.0] [cxt 0] Parser 'parser': end
[08:12:36.600] [bmv2] [D] [thread 3356] [56.0] [cxt 0] Pipeline 'ingress': start
[08:12:36.600] [bmv2] [T] [thread 3356] [56.0] [cxt 0] qos.p4(197) Condition "hdr.ipv4.isValid()" (node_2) is false
[08:12:36.600] [bmv2] [D] [thread 3356] [56.0] [cxt 0] Pipeline 'ingress': end
[08:12:36.600] [bmv2] [D] [thread 3356] [56.0] [cxt 0] Egress port is 0
[08:12:36.604] [bmv2] [D] [thread 3357] [56.0] [cxt 0] Pipeline 'egress': start
[08:12:36.604] [bmv2] [D] [thread 3357] [56.0] [cxt 0] Pipeline 'egress': end
[08:12:36.604] [bmv2] [D] [thread 3357] [56.0] [cxt 0] Deparser 'deparser': start
[08:12:36.604] [bmv2] [T] [thread 3357] [56.0] [cxt 0] Skipping checksum 'cksum' update because condition not met
[08:12:36.604] [bmv2] [D] [thread 3357] [56.0] [cxt 0] Deparsing header 'ethernet'
[08:12:36.604] [bmv2] [D] [thread 3357] [56.0] [cxt 0] Deparser 'deparser': end
[08:12:36.604] [bmv2] [D] [thread 3361] [56.0] [cxt 0] Transmitting packet of size 70 out of port 0
[08:12:36.604] [bmv2] [D] [thread 3356] [57.0] [cxt 0] Processing packet received on port 4
[08:12:36.604] [bmv2] [D] [thread 3356] [57.0] [cxt 0] Parser 'parser': start
[08:12:36.604] [bmv2] [D] [thread 3356] [57.0] [cxt 0] Parser 'parser' entering state 'start'
[08:12:36.604] [bmv2] [D] [thread 3356] [57.0] [cxt 0] Extracting header 'ethernet'
[08:12:36.604] [bmv2] [D] [thread 3356] [57.0] [cxt 0] Parser state 'start': key is 86dd
[08:12:36.604] [bmv2] [T] [thread 3356] [57.0] [cxt 0] Bytes parsed: 14
[08:12:36.604] [bmv2] [D] [thread 3356] [57.0] [cxt 0] Parser 'parser': end
[08:12:36.605] [bmv2] [D] [thread 3356] [57.0] [cxt 0] Pipeline 'ingress': start
[08:12:36.605] [bmv2] [T] [thread 3356] [57.0] [cxt 0] qos.p4(197) Condition "hdr.ipv4.isValid()" (node_2) is false
[08:12:36.605] [bmv2] [D] [thread 3356] [57.0] [cxt 0] Pipeline 'ingress': end
[08:12:36.605] [bmv2] [D] [thread 3356] [57.0] [cxt 0] Egress port is 0
[08:12:36.605] [bmv2] [D] [thread 3357] [57.0] [cxt 0] Pipeline 'egress': start
[08:12:36.605] [bmv2] [D] [thread 3357] [57.0] [cxt 0] Pipeline 'egress': end
[08:12:36.605] [bmv2] [D] [thread 3357] [57.0] [cxt 0] Deparser 'deparser': start
[08:12:36.605] [bmv2] [T] [thread 3357] [57.0] [cxt 0] Skipping checksum 'cksum' update because condition not met
[08:12:36.605] [bmv2] [D] [thread 3357] [57.0] [cxt 0] Deparsing header 'ethernet'
[08:12:36.605] [bmv2] [D] [thread 3357] [57.0] [cxt 0] Deparser 'deparser': end
[08:12:36.605] [bmv2] [D] [thread 3361] [57.0] [cxt 0] Transmitting packet of size 70 out of port 0
open: No such file or directory
open: No such file or directory
open: No such file or directory
open: No such file or directory
open: No such file or directory
open: No such file or directory
open: No such file or directory
