Calling target program-options parser
[08:11:36.120] [bmv2] [D] [thread 3371] Set default default entry for table 'tbl_qos199': qos199 - 
[08:11:36.120] [bmv2] [D] [thread 3371] Set default default entry for table 'MyIngress.ipv4_lpm': NoAction - 
Adding interface s2-eth1 as port 1
[08:11:36.128] [bmv2] [D] [thread 3371] Adding interface s2-eth1 as port 1
Adding interface s2-eth2 as port 2
[08:11:36.144] [bmv2] [D] [thread 3371] Adding interface s2-eth2 as port 2
Adding interface s2-eth3 as port 3
[08:11:36.149] [bmv2] [D] [thread 3371] Adding interface s2-eth3 as port 3
Adding interface s2-eth4 as port 4
[08:11:36.155] [bmv2] [D] [thread 3371] Adding interface s2-eth4 as port 4
Server listening on 0.0.0.0:50052
[08:11:36.163] [bmv2] [I] [thread 3371] Starting Thrift server on port 9091
[08:11:36.171] [bmv2] [I] [thread 3371] Thrift server was started
[08:11:36.173] [bmv2] [D] [thread 3382] [0.0] [cxt 0] Processing packet received on port 4
[08:11:36.174] [bmv2] [D] [thread 3382] [0.0] [cxt 0] Parser 'parser': start
[08:11:36.174] [bmv2] [D] [thread 3382] [0.0] [cxt 0] Parser 'parser' entering state 'start'
[08:11:36.174] [bmv2] [D] [thread 3382] [0.0] [cxt 0] Extracting header 'ethernet'
[08:11:36.174] [bmv2] [D] [thread 3382] [0.0] [cxt 0] Parser state 'start': key is 86dd
[08:11:36.177] [bmv2] [T] [thread 3382] [0.0] [cxt 0] Bytes parsed: 14
[08:11:36.177] [bmv2] [D] [thread 3382] [0.0] [cxt 0] Parser 'parser': end
[08:11:36.177] [bmv2] [D] [thread 3382] [0.0] [cxt 0] Pipeline 'ingress': start
[08:11:36.177] [bmv2] [T] [thread 3382] [0.0] [cxt 0] qos.p4(197) Condition "hdr.ipv4.isValid()" (node_2) is false
[08:11:36.177] [bmv2] [D] [thread 3382] [0.0] [cxt 0] Pipeline 'ingress': end
[08:11:36.177] [bmv2] [D] [thread 3382] [0.0] [cxt 0] Egress port is 0
[08:11:36.177] [bmv2] [D] [thread 3383] [0.0] [cxt 0] Pipeline 'egress': start
[08:11:36.177] [bmv2] [D] [thread 3383] [0.0] [cxt 0] Pipeline 'egress': end
[08:11:36.177] [bmv2] [D] [thread 3383] [0.0] [cxt 0] Deparser 'deparser': start
[08:11:36.177] [bmv2] [T] [thread 3383] [0.0] [cxt 0] Skipping checksum 'cksum' update because condition not met
[08:11:36.177] [bmv2] [D] [thread 3383] [0.0] [cxt 0] Deparsing header 'ethernet'
[08:11:36.177] [bmv2] [D] [thread 3383] [0.0] [cxt 0] Deparser 'deparser': end
[08:11:36.178] [bmv2] [D] [thread 3387] [0.0] [cxt 0] Transmitting packet of size 90 out of port 0
[08:11:36.178] [bmv2] [D] [thread 3382] [1.0] [cxt 0] Processing packet received on port 4
[08:11:36.178] [bmv2] [D] [thread 3382] [1.0] [cxt 0] Parser 'parser': start
[08:11:36.178] [bmv2] [D] [thread 3382] [1.0] [cxt 0] Parser 'parser' entering state 'start'
[08:11:36.178] [bmv2] [D] [thread 3382] [1.0] [cxt 0] Extracting header 'ethernet'
[08:11:36.178] [bmv2] [D] [thread 3382] [1.0] [cxt 0] Parser state 'start': key is 86dd
[08:11:36.178] [bmv2] [T] [thread 3382] [1.0] [cxt 0] Bytes parsed: 14
[08:11:36.178] [bmv2] [D] [thread 3382] [1.0] [cxt 0] Parser 'parser': end
[08:11:36.178] [bmv2] [D] [thread 3382] [1.0] [cxt 0] Pipeline 'ingress': start
[08:11:36.178] [bmv2] [T] [thread 3382] [1.0] [cxt 0] qos.p4(197) Condition "hdr.ipv4.isValid()" (node_2) is false
[08:11:36.178] [bmv2] [D] [thread 3382] [1.0] [cxt 0] Pipeline 'ingress': end
[08:11:36.178] [bmv2] [D] [thread 3382] [1.0] [cxt 0] Egress port is 0
[08:11:36.178] [bmv2] [D] [thread 3383] [1.0] [cxt 0] Pipeline 'egress': start
[08:11:36.178] [bmv2] [D] [thread 3383] [1.0] [cxt 0] Pipeline 'egress': end
[08:11:36.178] [bmv2] [D] [thread 3383] [1.0] [cxt 0] Deparser 'deparser': start
[08:11:36.178] [bmv2] [T] [thread 3383] [1.0] [cxt 0] Skipping checksum 'cksum' update because condition not met
[08:11:36.178] [bmv2] [D] [thread 3383] [1.0] [cxt 0] Deparsing header 'ethernet'
[08:11:36.178] [bmv2] [D] [thread 3383] [1.0] [cxt 0] Deparser 'deparser': end
[08:11:36.178] [bmv2] [D] [thread 3387] [1.0] [cxt 0] Transmitting packet of size 70 out of port 0
[08:11:36.225] [bmv2] [D] [thread 3382] [2.0] [cxt 0] Processing packet received on port 4
[08:11:36.226] [bmv2] [D] [thread 3382] [2.0] [cxt 0] Parser 'parser': start
[08:11:36.226] [bmv2] [D] [thread 3382] [2.0] [cxt 0] Parser 'parser' entering state 'start'
[08:11:36.226] [bmv2] [D] [thread 3382] [2.0] [cxt 0] Extracting header 'ethernet'
[08:11:36.226] [bmv2] [D] [thread 3382] [2.0] [cxt 0] Parser state 'start': key is 86dd
[08:11:36.226] [bmv2] [T] [thread 3382] [2.0] [cxt 0] Bytes parsed: 14
[08:11:36.226] [bmv2] [D] [thread 3382] [2.0] [cxt 0] Parser 'parser': end
[08:11:36.226] [bmv2] [D] [thread 3382] [2.0] [cxt 0] Pipeline 'ingress': start
[08:11:36.226] [bmv2] [T] [thread 3382] [2.0] [cxt 0] qos.p4(197) Condition "hdr.ipv4.isValid()" (node_2) is false
[08:11:36.226] [bmv2] [D] [thread 3382] [2.0] [cxt 0] Pipeline 'ingress': end
[08:11:36.226] [bmv2] [D] [thread 3382] [2.0] [cxt 0] Egress port is 0
[08:11:36.226] [bmv2] [D] [thread 3383] [2.0] [cxt 0] Pipeline 'egress': start
[08:11:36.226] [bmv2] [D] [thread 3383] [2.0] [cxt 0] Pipeline 'egress': end
[08:11:36.226] [bmv2] [D] [thread 3383] [2.0] [cxt 0] Deparser 'deparser': start
[08:11:36.226] [bmv2] [T] [thread 3383] [2.0] [cxt 0] Skipping checksum 'cksum' update because condition not met
[08:11:36.226] [bmv2] [D] [thread 3383] [2.0] [cxt 0] Deparsing header 'ethernet'
[08:11:36.226] [bmv2] [D] [thread 3383] [2.0] [cxt 0] Deparser 'deparser': end
[08:11:36.226] [bmv2] [D] [thread 3387] [2.0] [cxt 0] Transmitting packet of size 90 out of port 0
[08:11:36.588] [bmv2] [D] [thread 3382] [3.0] [cxt 0] Processing packet received on port 3
[08:11:36.588] [bmv2] [D] [thread 3382] [3.0] [cxt 0] Parser 'parser': start
[08:11:36.588] [bmv2] [D] [thread 3382] [3.0] [cxt 0] Parser 'parser' entering state 'start'
[08:11:36.588] [bmv2] [D] [thread 3382] [3.0] [cxt 0] Extracting header 'ethernet'
[08:11:36.588] [bmv2] [D] [thread 3382] [3.0] [cxt 0] Parser state 'start': key is 86dd
[08:11:36.588] [bmv2] [T] [thread 3382] [3.0] [cxt 0] Bytes parsed: 14
[08:11:36.588] [bmv2] [D] [thread 3382] [3.0] [cxt 0] Parser 'parser': end
[08:11:36.588] [bmv2] [D] [thread 3382] [3.0] [cxt 0] Pipeline 'ingress': start
[08:11:36.588] [bmv2] [T] [thread 3382] [3.0] [cxt 0] qos.p4(197) Condition "hdr.ipv4.isValid()" (node_2) is false
[08:11:36.588] [bmv2] [D] [thread 3382] [3.0] [cxt 0] Pipeline 'ingress': end
[08:11:36.588] [bmv2] [D] [thread 3382] [3.0] [cxt 0] Egress port is 0
[08:11:36.588] [bmv2] [D] [thread 3383] [3.0] [cxt 0] Pipeline 'egress': start
[08:11:36.588] [bmv2] [D] [thread 3383] [3.0] [cxt 0] Pipeline 'egress': end
[08:11:36.588] [bmv2] [D] [thread 3383] [3.0] [cxt 0] Deparser 'deparser': start
[08:11:36.588] [bmv2] [T] [thread 3383] [3.0] [cxt 0] Skipping checksum 'cksum' update because condition not met
[08:11:36.588] [bmv2] [D] [thread 3383] [3.0] [cxt 0] Deparsing header 'ethernet'
[08:11:36.588] [bmv2] [D] [thread 3383] [3.0] [cxt 0] Deparser 'deparser': end
[08:11:36.588] [bmv2] [D] [thread 3387] [3.0] [cxt 0] Transmitting packet of size 90 out of port 0
[08:11:36.658] [bmv2] [D] [thread 3382] [4.0] [cxt 0] Processing packet received on port 4
[08:11:36.658] [bmv2] [D] [thread 3382] [4.0] [cxt 0] Parser 'parser': start
[08:11:36.658] [bmv2] [D] [thread 3382] [4.0] [cxt 0] Parser 'parser' entering state 'start'
[08:11:36.658] [bmv2] [D] [thread 3382] [4.0] [cxt 0] Extracting header 'ethernet'
[08:11:36.658] [bmv2] [D] [thread 3382] [4.0] [cxt 0] Parser state 'start': key is 86dd
[08:11:36.658] [bmv2] [T] [thread 3382] [4.0] [cxt 0] Bytes parsed: 14
[08:11:36.658] [bmv2] [D] [thread 3382] [4.0] [cxt 0] Parser 'parser': end
[08:11:36.658] [bmv2] [D] [thread 3382] [4.0] [cxt 0] Pipeline 'ingress': start
[08:11:36.658] [bmv2] [T] [thread 3382] [4.0] [cxt 0] qos.p4(197) Condition "hdr.ipv4.isValid()" (node_2) is false
[08:11:36.658] [bmv2] [D] [thread 3382] [4.0] [cxt 0] Pipeline 'ingress': end
[08:11:36.658] [bmv2] [D] [thread 3382] [4.0] [cxt 0] Egress port is 0
[08:11:36.658] [bmv2] [D] [thread 3383] [4.0] [cxt 0] Pipeline 'egress': start
[08:11:36.658] [bmv2] [D] [thread 3383] [4.0] [cxt 0] Pipeline 'egress': end
[08:11:36.658] [bmv2] [D] [thread 3383] [4.0] [cxt 0] Deparser 'deparser': start
[08:11:36.658] [bmv2] [T] [thread 3383] [4.0] [cxt 0] Skipping checksum 'cksum' update because condition not met
[08:11:36.659] [bmv2] [D] [thread 3383] [4.0] [cxt 0] Deparsing header 'ethernet'
[08:11:36.659] [bmv2] [D] [thread 3383] [4.0] [cxt 0] Deparser 'deparser': end
[08:11:36.659] [bmv2] [D] [thread 3387] [4.0] [cxt 0] Transmitting packet of size 90 out of port 0
[08:11:36.875] [bmv2] [D] [thread 3382] [5.0] [cxt 0] Processing packet received on port 1
[08:11:36.875] [bmv2] [D] [thread 3382] [5.0] [cxt 0] Parser 'parser': start
[08:11:36.875] [bmv2] [D] [thread 3382] [5.0] [cxt 0] Parser 'parser' entering state 'start'
[08:11:36.875] [bmv2] [D] [thread 3382] [5.0] [cxt 0] Extracting header 'ethernet'
[08:11:36.875] [bmv2] [D] [thread 3382] [5.0] [cxt 0] Parser state 'start': key is 86dd
[08:11:36.875] [bmv2] [T] [thread 3382] [5.0] [cxt 0] Bytes parsed: 14
[08:11:36.875] [bmv2] [D] [thread 3382] [5.0] [cxt 0] Parser 'parser': end
[08:11:36.875] [bmv2] [D] [thread 3382] [5.0] [cxt 0] Pipeline 'ingress': start
[08:11:36.875] [bmv2] [T] [thread 3382] [5.0] [cxt 0] qos.p4(197) Condition "hdr.ipv4.isValid()" (node_2) is false
[08:11:36.875] [bmv2] [D] [thread 3382] [5.0] [cxt 0] Pipeline 'ingress': end
[08:11:36.875] [bmv2] [D] [thread 3382] [5.0] [cxt 0] Egress port is 0
[08:11:36.875] [bmv2] [D] [thread 3383] [5.0] [cxt 0] Pipeline 'egress': start
[08:11:36.876] [bmv2] [D] [thread 3383] [5.0] [cxt 0] Pipeline 'egress': end
[08:11:36.876] [bmv2] [D] [thread 3383] [5.0] [cxt 0] Deparser 'deparser': start
[08:11:36.876] [bmv2] [T] [thread 3383] [5.0] [cxt 0] Skipping checksum 'cksum' update because condition not met
[08:11:36.876] [bmv2] [D] [thread 3383] [5.0] [cxt 0] Deparsing header 'ethernet'
[08:11:36.876] [bmv2] [D] [thread 3383] [5.0] [cxt 0] Deparser 'deparser': end
[08:11:36.876] [bmv2] [D] [thread 3387] [5.0] [cxt 0] Transmitting packet of size 90 out of port 0
[08:11:39.142] [bmv2] [W] [thread 3438] [P4Runtime] p4::tmp::P4DeviceConfig is deprecated
[08:11:39.151] [bmv2] [D] [thread 3438] Set default default entry for table 'tbl_qos199': qos199 - 
[08:11:39.151] [bmv2] [D] [thread 3438] Set default default entry for table 'MyIngress.ipv4_lpm': NoAction - 
[08:11:39.160] [bmv2] [D] [thread 3438] simple_switch target has been notified of a config swap
[08:11:39.168] [bmv2] [D] [thread 3439] Entry 0 added to table 'MyIngress.ipv4_lpm'
[08:11:39.169] [bmv2] [D] [thread 3439] Dumping entry 0
Match key:
* hdr.ipv4.dstAddr    : LPM       0a000202/32
Action entry: MyIngress.ipv4_forward - 80000000202,2,

[08:11:39.174] [bmv2] [D] [thread 3438] Entry 1 added to table 'MyIngress.ipv4_lpm'
[08:11:39.174] [bmv2] [D] [thread 3438] Dumping entry 1
Match key:
* hdr.ipv4.dstAddr    : LPM       0a000216/32
Action entry: MyIngress.ipv4_forward - 80000000222,1,

[08:11:39.179] [bmv2] [D] [thread 3439] Entry 2 added to table 'MyIngress.ipv4_lpm'
[08:11:39.179] [bmv2] [D] [thread 3439] Dumping entry 2
Match key:
* hdr.ipv4.dstAddr    : LPM       0a000100/24
Action entry: MyIngress.ipv4_forward - 80000000100,3,

[08:11:39.183] [bmv2] [D] [thread 3438] Entry 3 added to table 'MyIngress.ipv4_lpm'
[08:11:39.183] [bmv2] [D] [thread 3438] Dumping entry 3
Match key:
* hdr.ipv4.dstAddr    : LPM       0a000300/24
Action entry: MyIngress.ipv4_forward - 80000000300,4,

[08:11:39.246] [bmv2] [D] [thread 3382] [6.0] [cxt 0] Processing packet received on port 2
[08:11:39.246] [bmv2] [D] [thread 3382] [6.0] [cxt 0] Parser 'parser': start
[08:11:39.246] [bmv2] [D] [thread 3382] [6.0] [cxt 0] Parser 'parser' entering state 'start'
[08:11:39.246] [bmv2] [D] [thread 3382] [6.0] [cxt 0] Extracting header 'ethernet'
[08:11:39.246] [bmv2] [D] [thread 3382] [6.0] [cxt 0] Parser state 'start': key is 86dd
[08:11:39.246] [bmv2] [T] [thread 3382] [6.0] [cxt 0] Bytes parsed: 14
[08:11:39.246] [bmv2] [D] [thread 3382] [6.0] [cxt 0] Parser 'parser': end
[08:11:39.246] [bmv2] [D] [thread 3382] [6.0] [cxt 0] Pipeline 'ingress': start
[08:11:39.246] [bmv2] [T] [thread 3382] [6.0] [cxt 0] qos.p4(197) Condition "hdr.ipv4.isValid()" (node_2) is false
[08:11:39.246] [bmv2] [D] [thread 3382] [6.0] [cxt 0] Pipeline 'ingress': end
[08:11:39.246] [bmv2] [D] [thread 3382] [6.0] [cxt 0] Egress port is 0
[08:11:39.246] [bmv2] [D] [thread 3382] [7.0] [cxt 0] Processing packet received on port 3
[08:11:39.247] [bmv2] [D] [thread 3382] [7.0] [cxt 0] Parser 'parser': start
[08:11:39.247] [bmv2] [D] [thread 3382] [7.0] [cxt 0] Parser 'parser' entering state 'start'
[08:11:39.247] [bmv2] [D] [thread 3382] [7.0] [cxt 0] Extracting header 'ethernet'
[08:11:39.247] [bmv2] [D] [thread 3382] [7.0] [cxt 0] Parser state 'start': key is 86dd
[08:11:39.247] [bmv2] [T] [thread 3382] [7.0] [cxt 0] Bytes parsed: 14
[08:11:39.247] [bmv2] [D] [thread 3382] [7.0] [cxt 0] Parser 'parser': end
[08:11:39.247] [bmv2] [D] [thread 3382] [7.0] [cxt 0] Pipeline 'ingress': start
[08:11:39.247] [bmv2] [T] [thread 3382] [7.0] [cxt 0] qos.p4(197) Condition "hdr.ipv4.isValid()" (node_2) is false
[08:11:39.247] [bmv2] [D] [thread 3382] [7.0] [cxt 0] Pipeline 'ingress': end
[08:11:39.247] [bmv2] [D] [thread 3382] [7.0] [cxt 0] Egress port is 0
[08:11:39.248] [bmv2] [D] [thread 3383] [6.0] [cxt 0] Pipeline 'egress': start
[08:11:39.248] [bmv2] [D] [thread 3383] [6.0] [cxt 0] Pipeline 'egress': end
[08:11:39.248] [bmv2] [D] [thread 3383] [6.0] [cxt 0] Deparser 'deparser': start
[08:11:39.248] [bmv2] [T] [thread 3383] [6.0] [cxt 0] Skipping checksum 'cksum' update because condition not met
[08:11:39.248] [bmv2] [D] [thread 3383] [6.0] [cxt 0] Deparsing header 'ethernet'
[08:11:39.248] [bmv2] [D] [thread 3383] [6.0] [cxt 0] Deparser 'deparser': end
[08:11:39.248] [bmv2] [D] [thread 3383] [7.0] [cxt 0] Pipeline 'egress': start
[08:11:39.248] [bmv2] [D] [thread 3383] [7.0] [cxt 0] Pipeline 'egress': end
[08:11:39.248] [bmv2] [D] [thread 3383] [7.0] [cxt 0] Deparser 'deparser': start
[08:11:39.248] [bmv2] [T] [thread 3383] [7.0] [cxt 0] Skipping checksum 'cksum' update because condition not met
[08:11:39.248] [bmv2] [D] [thread 3383] [7.0] [cxt 0] Deparsing header 'ethernet'
[08:11:39.248] [bmv2] [D] [thread 3383] [7.0] [cxt 0] Deparser 'deparser': end
[08:11:39.249] [bmv2] [D] [thread 3387] [6.0] [cxt 0] Transmitting packet of size 70 out of port 0
[08:11:39.249] [bmv2] [D] [thread 3387] [7.0] [cxt 0] Transmitting packet of size 70 out of port 0
[08:11:39.499] [bmv2] [D] [thread 3382] [8.0] [cxt 0] Processing packet received on port 3
[08:11:39.499] [bmv2] [D] [thread 3382] [8.0] [cxt 0] Parser 'parser': start
[08:11:39.499] [bmv2] [D] [thread 3382] [8.0] [cxt 0] Parser 'parser' entering state 'start'
[08:11:39.499] [bmv2] [D] [thread 3382] [8.0] [cxt 0] Extracting header 'ethernet'
[08:11:39.500] [bmv2] [D] [thread 3382] [8.0] [cxt 0] Parser state 'start': key is 86dd
[08:11:39.500] [bmv2] [T] [thread 3382] [8.0] [cxt 0] Bytes parsed: 14
[08:11:39.500] [bmv2] [D] [thread 3382] [8.0] [cxt 0] Parser 'parser': end
[08:11:39.500] [bmv2] [D] [thread 3382] [8.0] [cxt 0] Pipeline 'ingress': start
[08:11:39.500] [bmv2] [T] [thread 3382] [8.0] [cxt 0] qos.p4(197) Condition "hdr.ipv4.isValid()" (node_2) is false
[08:11:39.500] [bmv2] [D] [thread 3382] [8.0] [cxt 0] Pipeline 'ingress': end
[08:11:39.500] [bmv2] [D] [thread 3382] [8.0] [cxt 0] Egress port is 0
[08:11:39.503] [bmv2] [D] [thread 3383] [8.0] [cxt 0] Pipeline 'egress': start
[08:11:39.503] [bmv2] [D] [thread 3383] [8.0] [cxt 0] Pipeline 'egress': end
[08:11:39.503] [bmv2] [D] [thread 3383] [8.0] [cxt 0] Deparser 'deparser': start
[08:11:39.503] [bmv2] [T] [thread 3383] [8.0] [cxt 0] Skipping checksum 'cksum' update because condition not met
[08:11:39.504] [bmv2] [D] [thread 3383] [8.0] [cxt 0] Deparsing header 'ethernet'
[08:11:39.504] [bmv2] [D] [thread 3383] [8.0] [cxt 0] Deparser 'deparser': end
[08:11:39.504] [bmv2] [D] [thread 3387] [8.0] [cxt 0] Transmitting packet of size 70 out of port 0
[08:11:40.015] [bmv2] [D] [thread 3382] [9.0] [cxt 0] Processing packet received on port 1
[08:11:40.016] [bmv2] [D] [thread 3382] [9.0] [cxt 0] Parser 'parser': start
[08:11:40.016] [bmv2] [D] [thread 3382] [9.0] [cxt 0] Parser 'parser' entering state 'start'
[08:11:40.016] [bmv2] [D] [thread 3382] [9.0] [cxt 0] Extracting header 'ethernet'
[08:11:40.017] [bmv2] [D] [thread 3382] [9.0] [cxt 0] Parser state 'start': key is 86dd
[08:11:40.017] [bmv2] [T] [thread 3382] [9.0] [cxt 0] Bytes parsed: 14
[08:11:40.017] [bmv2] [D] [thread 3382] [9.0] [cxt 0] Parser 'parser': end
[08:11:40.017] [bmv2] [D] [thread 3382] [9.0] [cxt 0] Pipeline 'ingress': start
[08:11:40.027] [bmv2] [T] [thread 3382] [9.0] [cxt 0] qos.p4(197) Condition "hdr.ipv4.isValid()" (node_2) is false
[08:11:40.027] [bmv2] [D] [thread 3382] [9.0] [cxt 0] Pipeline 'ingress': end
[08:11:40.027] [bmv2] [D] [thread 3382] [9.0] [cxt 0] Egress port is 0
[08:11:40.027] [bmv2] [D] [thread 3383] [9.0] [cxt 0] Pipeline 'egress': start
[08:11:40.027] [bmv2] [D] [thread 3383] [9.0] [cxt 0] Pipeline 'egress': end
[08:11:40.027] [bmv2] [D] [thread 3383] [9.0] [cxt 0] Deparser 'deparser': start
[08:11:40.027] [bmv2] [T] [thread 3383] [9.0] [cxt 0] Skipping checksum 'cksum' update because condition not met
[08:11:40.027] [bmv2] [D] [thread 3383] [9.0] [cxt 0] Deparsing header 'ethernet'
[08:11:40.027] [bmv2] [D] [thread 3383] [9.0] [cxt 0] Deparser 'deparser': end
[08:11:40.028] [bmv2] [D] [thread 3387] [9.0] [cxt 0] Transmitting packet of size 70 out of port 0
[08:11:40.028] [bmv2] [D] [thread 3382] [10.0] [cxt 0] Processing packet received on port 4
[08:11:40.028] [bmv2] [D] [thread 3382] [10.0] [cxt 0] Parser 'parser': start
[08:11:40.029] [bmv2] [D] [thread 3382] [10.0] [cxt 0] Parser 'parser' entering state 'start'
[08:11:40.029] [bmv2] [D] [thread 3382] [10.0] [cxt 0] Extracting header 'ethernet'
[08:11:40.029] [bmv2] [D] [thread 3382] [10.0] [cxt 0] Parser state 'start': key is 86dd
[08:11:40.029] [bmv2] [T] [thread 3382] [10.0] [cxt 0] Bytes parsed: 14
[08:11:40.029] [bmv2] [D] [thread 3382] [10.0] [cxt 0] Parser 'parser': end
[08:11:40.029] [bmv2] [D] [thread 3382] [10.0] [cxt 0] Pipeline 'ingress': start
[08:11:40.029] [bmv2] [T] [thread 3382] [10.0] [cxt 0] qos.p4(197) Condition "hdr.ipv4.isValid()" (node_2) is false
[08:11:40.029] [bmv2] [D] [thread 3382] [10.0] [cxt 0] Pipeline 'ingress': end
[08:11:40.029] [bmv2] [D] [thread 3382] [10.0] [cxt 0] Egress port is 0
[08:11:40.030] [bmv2] [D] [thread 3383] [10.0] [cxt 0] Pipeline 'egress': start
[08:11:40.031] [bmv2] [D] [thread 3383] [10.0] [cxt 0] Pipeline 'egress': end
[08:11:40.031] [bmv2] [D] [thread 3383] [10.0] [cxt 0] Deparser 'deparser': start
[08:11:40.031] [bmv2] [T] [thread 3383] [10.0] [cxt 0] Skipping checksum 'cksum' update because condition not met
[08:11:40.031] [bmv2] [D] [thread 3383] [10.0] [cxt 0] Deparsing header 'ethernet'
[08:11:40.031] [bmv2] [D] [thread 3383] [10.0] [cxt 0] Deparser 'deparser': end
[08:11:40.031] [bmv2] [D] [thread 3387] [10.0] [cxt 0] Transmitting packet of size 70 out of port 0
[08:11:40.782] [bmv2] [D] [thread 3382] [11.0] [cxt 0] Processing packet received on port 4
[08:11:40.782] [bmv2] [D] [thread 3382] [11.0] [cxt 0] Parser 'parser': start
[08:11:40.782] [bmv2] [D] [thread 3382] [11.0] [cxt 0] Parser 'parser' entering state 'start'
[08:11:40.782] [bmv2] [D] [thread 3382] [11.0] [cxt 0] Extracting header 'ethernet'
[08:11:40.783] [bmv2] [D] [thread 3382] [11.0] [cxt 0] Parser state 'start': key is 86dd
[08:11:40.783] [bmv2] [T] [thread 3382] [11.0] [cxt 0] Bytes parsed: 14
[08:11:40.783] [bmv2] [D] [thread 3382] [11.0] [cxt 0] Parser 'parser': end
[08:11:40.783] [bmv2] [D] [thread 3382] [11.0] [cxt 0] Pipeline 'ingress': start
[08:11:40.783] [bmv2] [T] [thread 3382] [11.0] [cxt 0] qos.p4(197) Condition "hdr.ipv4.isValid()" (node_2) is false
[08:11:40.783] [bmv2] [D] [thread 3382] [11.0] [cxt 0] Pipeline 'ingress': end
[08:11:40.784] [bmv2] [D] [thread 3382] [11.0] [cxt 0] Egress port is 0
[08:11:40.789] [bmv2] [D] [thread 3383] [11.0] [cxt 0] Pipeline 'egress': start
[08:11:40.789] [bmv2] [D] [thread 3383] [11.0] [cxt 0] Pipeline 'egress': end
[08:11:40.789] [bmv2] [D] [thread 3383] [11.0] [cxt 0] Deparser 'deparser': start
[08:11:40.789] [bmv2] [T] [thread 3383] [11.0] [cxt 0] Skipping checksum 'cksum' update because condition not met
[08:11:40.789] [bmv2] [D] [thread 3383] [11.0] [cxt 0] Deparsing header 'ethernet'
[08:11:40.789] [bmv2] [D] [thread 3383] [11.0] [cxt 0] Deparser 'deparser': end
[08:11:40.790] [bmv2] [D] [thread 3387] [11.0] [cxt 0] Transmitting packet of size 70 out of port 0
[08:11:46.417] [bmv2] [D] [thread 3382] [12.0] [cxt 0] Processing packet received on port 3
[08:11:46.420] [bmv2] [D] [thread 3382] [12.0] [cxt 0] Parser 'parser': start
[08:11:46.421] [bmv2] [D] [thread 3382] [12.0] [cxt 0] Parser 'parser' entering state 'start'
[08:11:46.421] [bmv2] [D] [thread 3382] [12.0] [cxt 0] Extracting header 'ethernet'
[08:11:46.421] [bmv2] [D] [thread 3382] [12.0] [cxt 0] Parser state 'start': key is 86dd
[08:11:46.421] [bmv2] [T] [thread 3382] [12.0] [cxt 0] Bytes parsed: 14
[08:11:46.422] [bmv2] [D] [thread 3382] [12.0] [cxt 0] Parser 'parser': end
[08:11:46.422] [bmv2] [D] [thread 3382] [12.0] [cxt 0] Pipeline 'ingress': start
[08:11:46.422] [bmv2] [T] [thread 3382] [12.0] [cxt 0] qos.p4(197) Condition "hdr.ipv4.isValid()" (node_2) is false
[08:11:46.423] [bmv2] [D] [thread 3382] [12.0] [cxt 0] Pipeline 'ingress': end
[08:11:46.423] [bmv2] [D] [thread 3382] [12.0] [cxt 0] Egress port is 0
[08:11:46.424] [bmv2] [D] [thread 3383] [12.0] [cxt 0] Pipeline 'egress': start
[08:11:46.424] [bmv2] [D] [thread 3383] [12.0] [cxt 0] Pipeline 'egress': end
[08:11:46.424] [bmv2] [D] [thread 3383] [12.0] [cxt 0] Deparser 'deparser': start
[08:11:46.424] [bmv2] [T] [thread 3383] [12.0] [cxt 0] Skipping checksum 'cksum' update because condition not met
[08:11:46.424] [bmv2] [D] [thread 3383] [12.0] [cxt 0] Deparsing header 'ethernet'
[08:11:46.424] [bmv2] [D] [thread 3383] [12.0] [cxt 0] Deparser 'deparser': end
[08:11:46.424] [bmv2] [D] [thread 3387] [12.0] [cxt 0] Transmitting packet of size 70 out of port 0
[08:11:46.675] [bmv2] [D] [thread 3382] [13.0] [cxt 0] Processing packet received on port 3
[08:11:46.675] [bmv2] [D] [thread 3382] [13.0] [cxt 0] Parser 'parser': start
[08:11:46.675] [bmv2] [D] [thread 3382] [13.0] [cxt 0] Parser 'parser' entering state 'start'
[08:11:46.675] [bmv2] [D] [thread 3382] [13.0] [cxt 0] Extracting header 'ethernet'
[08:11:46.675] [bmv2] [D] [thread 3382] [13.0] [cxt 0] Parser state 'start': key is 86dd
[08:11:46.675] [bmv2] [T] [thread 3382] [13.0] [cxt 0] Bytes parsed: 14
[08:11:46.675] [bmv2] [D] [thread 3382] [13.0] [cxt 0] Parser 'parser': end
[08:11:46.676] [bmv2] [D] [thread 3382] [13.0] [cxt 0] Pipeline 'ingress': start
[08:11:46.676] [bmv2] [T] [thread 3382] [13.0] [cxt 0] qos.p4(197) Condition "hdr.ipv4.isValid()" (node_2) is false
[08:11:46.676] [bmv2] [D] [thread 3382] [13.0] [cxt 0] Pipeline 'ingress': end
[08:11:46.676] [bmv2] [D] [thread 3382] [13.0] [cxt 0] Egress port is 0
[08:11:46.676] [bmv2] [D] [thread 3383] [13.0] [cxt 0] Pipeline 'egress': start
[08:11:46.676] [bmv2] [D] [thread 3383] [13.0] [cxt 0] Pipeline 'egress': end
[08:11:46.676] [bmv2] [D] [thread 3383] [13.0] [cxt 0] Deparser 'deparser': start
[08:11:46.676] [bmv2] [T] [thread 3383] [13.0] [cxt 0] Skipping checksum 'cksum' update because condition not met
[08:11:46.676] [bmv2] [D] [thread 3383] [13.0] [cxt 0] Deparsing header 'ethernet'
[08:11:46.676] [bmv2] [D] [thread 3383] [13.0] [cxt 0] Deparser 'deparser': end
[08:11:46.677] [bmv2] [D] [thread 3387] [13.0] [cxt 0] Transmitting packet of size 70 out of port 0
[08:11:47.948] [bmv2] [D] [thread 3382] [14.0] [cxt 0] Processing packet received on port 1
[08:11:47.949] [bmv2] [D] [thread 3382] [14.0] [cxt 0] Parser 'parser': start
[08:11:47.949] [bmv2] [D] [thread 3382] [14.0] [cxt 0] Parser 'parser' entering state 'start'
[08:11:47.949] [bmv2] [D] [thread 3382] [14.0] [cxt 0] Extracting header 'ethernet'
[08:11:47.949] [bmv2] [D] [thread 3382] [14.0] [cxt 0] Parser state 'start': key is 86dd
[08:11:47.949] [bmv2] [T] [thread 3382] [14.0] [cxt 0] Bytes parsed: 14
[08:11:47.950] [bmv2] [D] [thread 3382] [14.0] [cxt 0] Parser 'parser': end
[08:11:47.950] [bmv2] [D] [thread 3382] [14.0] [cxt 0] Pipeline 'ingress': start
[08:11:47.950] [bmv2] [T] [thread 3382] [14.0] [cxt 0] qos.p4(197) Condition "hdr.ipv4.isValid()" (node_2) is false
[08:11:47.950] [bmv2] [D] [thread 3382] [14.0] [cxt 0] Pipeline 'ingress': end
[08:11:47.950] [bmv2] [D] [thread 3382] [14.0] [cxt 0] Egress port is 0
[08:11:47.951] [bmv2] [D] [thread 3383] [14.0] [cxt 0] Pipeline 'egress': start
[08:11:47.951] [bmv2] [D] [thread 3383] [14.0] [cxt 0] Pipeline 'egress': end
[08:11:47.951] [bmv2] [D] [thread 3383] [14.0] [cxt 0] Deparser 'deparser': start
[08:11:47.951] [bmv2] [T] [thread 3383] [14.0] [cxt 0] Skipping checksum 'cksum' update because condition not met
[08:11:47.951] [bmv2] [D] [thread 3383] [14.0] [cxt 0] Deparsing header 'ethernet'
[08:11:47.951] [bmv2] [D] [thread 3383] [14.0] [cxt 0] Deparser 'deparser': end
[08:11:47.952] [bmv2] [D] [thread 3387] [14.0] [cxt 0] Transmitting packet of size 70 out of port 0
[08:11:48.204] [bmv2] [D] [thread 3382] [15.0] [cxt 0] Processing packet received on port 2
[08:11:48.205] [bmv2] [D] [thread 3382] [15.0] [cxt 0] Parser 'parser': start
[08:11:48.205] [bmv2] [D] [thread 3382] [15.0] [cxt 0] Parser 'parser' entering state 'start'
[08:11:48.205] [bmv2] [D] [thread 3382] [15.0] [cxt 0] Extracting header 'ethernet'
[08:11:48.205] [bmv2] [D] [thread 3382] [15.0] [cxt 0] Parser state 'start': key is 86dd
[08:11:48.207] [bmv2] [T] [thread 3382] [15.0] [cxt 0] Bytes parsed: 14
[08:11:48.207] [bmv2] [D] [thread 3382] [15.0] [cxt 0] Parser 'parser': end
[08:11:48.207] [bmv2] [D] [thread 3382] [15.0] [cxt 0] Pipeline 'ingress': start
[08:11:48.207] [bmv2] [T] [thread 3382] [15.0] [cxt 0] qos.p4(197) Condition "hdr.ipv4.isValid()" (node_2) is false
[08:11:48.208] [bmv2] [D] [thread 3382] [15.0] [cxt 0] Pipeline 'ingress': end
[08:11:48.208] [bmv2] [D] [thread 3382] [15.0] [cxt 0] Egress port is 0
[08:11:48.208] [bmv2] [D] [thread 3383] [15.0] [cxt 0] Pipeline 'egress': start
[08:11:48.208] [bmv2] [D] [thread 3383] [15.0] [cxt 0] Pipeline 'egress': end
[08:11:48.208] [bmv2] [D] [thread 3383] [15.0] [cxt 0] Deparser 'deparser': start
[08:11:48.208] [bmv2] [T] [thread 3383] [15.0] [cxt 0] Skipping checksum 'cksum' update because condition not met
[08:11:48.208] [bmv2] [D] [thread 3383] [15.0] [cxt 0] Deparsing header 'ethernet'
[08:11:48.208] [bmv2] [D] [thread 3383] [15.0] [cxt 0] Deparser 'deparser': end
[08:11:48.209] [bmv2] [D] [thread 3387] [15.0] [cxt 0] Transmitting packet of size 70 out of port 0
[08:11:48.463] [bmv2] [D] [thread 3382] [16.0] [cxt 0] Processing packet received on port 4
[08:11:48.463] [bmv2] [D] [thread 3382] [16.0] [cxt 0] Parser 'parser': start
[08:11:48.463] [bmv2] [D] [thread 3382] [16.0] [cxt 0] Parser 'parser' entering state 'start'
[08:11:48.463] [bmv2] [D] [thread 3382] [16.0] [cxt 0] Extracting header 'ethernet'
[08:11:48.464] [bmv2] [D] [thread 3382] [16.0] [cxt 0] Parser state 'start': key is 86dd
[08:11:48.464] [bmv2] [T] [thread 3382] [16.0] [cxt 0] Bytes parsed: 14
[08:11:48.464] [bmv2] [D] [thread 3382] [16.0] [cxt 0] Parser 'parser': end
[08:11:48.464] [bmv2] [D] [thread 3382] [16.0] [cxt 0] Pipeline 'ingress': start
[08:11:48.464] [bmv2] [T] [thread 3382] [16.0] [cxt 0] qos.p4(197) Condition "hdr.ipv4.isValid()" (node_2) is false
[08:11:48.464] [bmv2] [D] [thread 3382] [16.0] [cxt 0] Pipeline 'ingress': end
[08:11:48.464] [bmv2] [D] [thread 3382] [16.0] [cxt 0] Egress port is 0
[08:11:48.466] [bmv2] [D] [thread 3383] [16.0] [cxt 0] Pipeline 'egress': start
[08:11:48.466] [bmv2] [D] [thread 3383] [16.0] [cxt 0] Pipeline 'egress': end
[08:11:48.466] [bmv2] [D] [thread 3383] [16.0] [cxt 0] Deparser 'deparser': start
[08:11:48.467] [bmv2] [T] [thread 3383] [16.0] [cxt 0] Skipping checksum 'cksum' update because condition not met
[08:11:48.467] [bmv2] [D] [thread 3383] [16.0] [cxt 0] Deparsing header 'ethernet'
[08:11:48.467] [bmv2] [D] [thread 3383] [16.0] [cxt 0] Deparser 'deparser': end
[08:11:48.467] [bmv2] [D] [thread 3387] [16.0] [cxt 0] Transmitting packet of size 70 out of port 0
[08:11:49.997] [bmv2] [D] [thread 3382] [17.0] [cxt 0] Processing packet received on port 4
[08:11:49.998] [bmv2] [D] [thread 3382] [17.0] [cxt 0] Parser 'parser': start
[08:11:49.998] [bmv2] [D] [thread 3382] [17.0] [cxt 0] Parser 'parser' entering state 'start'
[08:11:49.998] [bmv2] [D] [thread 3382] [17.0] [cxt 0] Extracting header 'ethernet'
[08:11:49.999] [bmv2] [D] [thread 3382] [17.0] [cxt 0] Parser state 'start': key is 86dd
[08:11:49.999] [bmv2] [T] [thread 3382] [17.0] [cxt 0] Bytes parsed: 14
[08:11:49.999] [bmv2] [D] [thread 3382] [17.0] [cxt 0] Parser 'parser': end
[08:11:49.999] [bmv2] [D] [thread 3382] [17.0] [cxt 0] Pipeline 'ingress': start
[08:11:49.999] [bmv2] [T] [thread 3382] [17.0] [cxt 0] qos.p4(197) Condition "hdr.ipv4.isValid()" (node_2) is false
[08:11:50.000] [bmv2] [D] [thread 3382] [17.0] [cxt 0] Pipeline 'ingress': end
[08:11:50.000] [bmv2] [D] [thread 3382] [17.0] [cxt 0] Egress port is 0
[08:11:50.005] [bmv2] [D] [thread 3383] [17.0] [cxt 0] Pipeline 'egress': start
[08:11:50.005] [bmv2] [D] [thread 3383] [17.0] [cxt 0] Pipeline 'egress': end
[08:11:50.005] [bmv2] [D] [thread 3383] [17.0] [cxt 0] Deparser 'deparser': start
[08:11:50.005] [bmv2] [T] [thread 3383] [17.0] [cxt 0] Skipping checksum 'cksum' update because condition not met
[08:11:50.005] [bmv2] [D] [thread 3383] [17.0] [cxt 0] Deparsing header 'ethernet'
[08:11:50.005] [bmv2] [D] [thread 3383] [17.0] [cxt 0] Deparser 'deparser': end
[08:11:50.005] [bmv2] [D] [thread 3387] [17.0] [cxt 0] Transmitting packet of size 70 out of port 0
[08:12:00.239] [bmv2] [D] [thread 3382] [18.0] [cxt 0] Processing packet received on port 3
[08:12:00.240] [bmv2] [D] [thread 3382] [18.0] [cxt 0] Parser 'parser': start
[08:12:00.240] [bmv2] [D] [thread 3382] [18.0] [cxt 0] Parser 'parser' entering state 'start'
[08:12:00.240] [bmv2] [D] [thread 3382] [18.0] [cxt 0] Extracting header 'ethernet'
[08:12:00.240] [bmv2] [D] [thread 3382] [18.0] [cxt 0] Parser state 'start': key is 86dd
[08:12:00.240] [bmv2] [T] [thread 3382] [18.0] [cxt 0] Bytes parsed: 14
[08:12:00.241] [bmv2] [D] [thread 3382] [18.0] [cxt 0] Parser 'parser': end
[08:12:00.241] [bmv2] [D] [thread 3382] [18.0] [cxt 0] Pipeline 'ingress': start
[08:12:00.241] [bmv2] [T] [thread 3382] [18.0] [cxt 0] qos.p4(197) Condition "hdr.ipv4.isValid()" (node_2) is false
[08:12:00.241] [bmv2] [D] [thread 3382] [18.0] [cxt 0] Pipeline 'ingress': end
[08:12:00.241] [bmv2] [D] [thread 3382] [18.0] [cxt 0] Egress port is 0
[08:12:00.242] [bmv2] [D] [thread 3383] [18.0] [cxt 0] Pipeline 'egress': start
[08:12:00.243] [bmv2] [D] [thread 3383] [18.0] [cxt 0] Pipeline 'egress': end
[08:12:00.243] [bmv2] [D] [thread 3383] [18.0] [cxt 0] Deparser 'deparser': start
[08:12:00.243] [bmv2] [T] [thread 3383] [18.0] [cxt 0] Skipping checksum 'cksum' update because condition not met
[08:12:00.243] [bmv2] [D] [thread 3383] [18.0] [cxt 0] Deparsing header 'ethernet'
[08:12:00.243] [bmv2] [D] [thread 3383] [18.0] [cxt 0] Deparser 'deparser': end
[08:12:00.243] [bmv2] [D] [thread 3387] [18.0] [cxt 0] Transmitting packet of size 70 out of port 0
[08:12:00.495] [bmv2] [D] [thread 3382] [19.0] [cxt 0] Processing packet received on port 3
[08:12:00.495] [bmv2] [D] [thread 3382] [19.0] [cxt 0] Parser 'parser': start
[08:12:00.495] [bmv2] [D] [thread 3382] [19.0] [cxt 0] Parser 'parser' entering state 'start'
[08:12:00.495] [bmv2] [D] [thread 3382] [19.0] [cxt 0] Extracting header 'ethernet'
[08:12:00.496] [bmv2] [D] [thread 3382] [19.0] [cxt 0] Parser state 'start': key is 86dd
[08:12:00.496] [bmv2] [T] [thread 3382] [19.0] [cxt 0] Bytes parsed: 14
[08:12:00.496] [bmv2] [D] [thread 3382] [19.0] [cxt 0] Parser 'parser': end
[08:12:00.496] [bmv2] [D] [thread 3382] [19.0] [cxt 0] Pipeline 'ingress': start
[08:12:00.496] [bmv2] [T] [thread 3382] [19.0] [cxt 0] qos.p4(197) Condition "hdr.ipv4.isValid()" (node_2) is false
[08:12:00.496] [bmv2] [D] [thread 3382] [19.0] [cxt 0] Pipeline 'ingress': end
[08:12:00.497] [bmv2] [D] [thread 3382] [19.0] [cxt 0] Egress port is 0
[08:12:00.499] [bmv2] [D] [thread 3383] [19.0] [cxt 0] Pipeline 'egress': start
[08:12:00.499] [bmv2] [D] [thread 3383] [19.0] [cxt 0] Pipeline 'egress': end
[08:12:00.499] [bmv2] [D] [thread 3383] [19.0] [cxt 0] Deparser 'deparser': start
[08:12:00.499] [bmv2] [T] [thread 3383] [19.0] [cxt 0] Skipping checksum 'cksum' update because condition not met
[08:12:00.500] [bmv2] [D] [thread 3383] [19.0] [cxt 0] Deparsing header 'ethernet'
[08:12:00.500] [bmv2] [D] [thread 3383] [19.0] [cxt 0] Deparser 'deparser': end
[08:12:00.501] [bmv2] [D] [thread 3387] [19.0] [cxt 0] Transmitting packet of size 70 out of port 0
[08:12:03.562] [bmv2] [D] [thread 3382] [20.0] [cxt 0] Processing packet received on port 1
[08:12:03.562] [bmv2] [D] [thread 3382] [20.0] [cxt 0] Parser 'parser': start
[08:12:03.562] [bmv2] [D] [thread 3382] [20.0] [cxt 0] Parser 'parser' entering state 'start'
[08:12:03.562] [bmv2] [D] [thread 3382] [20.0] [cxt 0] Extracting header 'ethernet'
[08:12:03.562] [bmv2] [D] [thread 3382] [20.0] [cxt 0] Parser state 'start': key is 86dd
[08:12:03.562] [bmv2] [T] [thread 3382] [20.0] [cxt 0] Bytes parsed: 14
[08:12:03.562] [bmv2] [D] [thread 3382] [20.0] [cxt 0] Parser 'parser': end
[08:12:03.562] [bmv2] [D] [thread 3382] [20.0] [cxt 0] Pipeline 'ingress': start
[08:12:03.562] [bmv2] [T] [thread 3382] [20.0] [cxt 0] qos.p4(197) Condition "hdr.ipv4.isValid()" (node_2) is false
[08:12:03.562] [bmv2] [D] [thread 3382] [20.0] [cxt 0] Pipeline 'ingress': end
[08:12:03.562] [bmv2] [D] [thread 3382] [20.0] [cxt 0] Egress port is 0
[08:12:03.562] [bmv2] [D] [thread 3383] [20.0] [cxt 0] Pipeline 'egress': start
[08:12:03.562] [bmv2] [D] [thread 3383] [20.0] [cxt 0] Pipeline 'egress': end
[08:12:03.562] [bmv2] [D] [thread 3383] [20.0] [cxt 0] Deparser 'deparser': start
[08:12:03.562] [bmv2] [T] [thread 3383] [20.0] [cxt 0] Skipping checksum 'cksum' update because condition not met
[08:12:03.562] [bmv2] [D] [thread 3383] [20.0] [cxt 0] Deparsing header 'ethernet'
[08:12:03.562] [bmv2] [D] [thread 3383] [20.0] [cxt 0] Deparser 'deparser': end
[08:12:03.562] [bmv2] [D] [thread 3387] [20.0] [cxt 0] Transmitting packet of size 70 out of port 0
[08:12:05.869] [bmv2] [D] [thread 3382] [21.0] [cxt 0] Processing packet received on port 2
[08:12:05.869] [bmv2] [D] [thread 3382] [21.0] [cxt 0] Parser 'parser': start
[08:12:05.873] [bmv2] [D] [thread 3382] [21.0] [cxt 0] Parser 'parser' entering state 'start'
[08:12:05.873] [bmv2] [D] [thread 3382] [21.0] [cxt 0] Extracting header 'ethernet'
[08:12:05.873] [bmv2] [D] [thread 3382] [21.0] [cxt 0] Parser state 'start': key is 86dd
[08:12:05.873] [bmv2] [T] [thread 3382] [21.0] [cxt 0] Bytes parsed: 14
[08:12:05.873] [bmv2] [D] [thread 3382] [21.0] [cxt 0] Parser 'parser': end
[08:12:05.873] [bmv2] [D] [thread 3382] [21.0] [cxt 0] Pipeline 'ingress': start
[08:12:05.873] [bmv2] [T] [thread 3382] [21.0] [cxt 0] qos.p4(197) Condition "hdr.ipv4.isValid()" (node_2) is false
[08:12:05.873] [bmv2] [D] [thread 3382] [21.0] [cxt 0] Pipeline 'ingress': end
[08:12:05.873] [bmv2] [D] [thread 3382] [21.0] [cxt 0] Egress port is 0
[08:12:05.875] [bmv2] [D] [thread 3383] [21.0] [cxt 0] Pipeline 'egress': start
[08:12:05.876] [bmv2] [D] [thread 3383] [21.0] [cxt 0] Pipeline 'egress': end
[08:12:05.876] [bmv2] [D] [thread 3383] [21.0] [cxt 0] Deparser 'deparser': start
[08:12:05.876] [bmv2] [T] [thread 3383] [21.0] [cxt 0] Skipping checksum 'cksum' update because condition not met
[08:12:05.876] [bmv2] [D] [thread 3383] [21.0] [cxt 0] Deparsing header 'ethernet'
[08:12:05.876] [bmv2] [D] [thread 3383] [21.0] [cxt 0] Deparser 'deparser': end
[08:12:05.876] [bmv2] [D] [thread 3387] [21.0] [cxt 0] Transmitting packet of size 70 out of port 0
[08:12:05.877] [bmv2] [D] [thread 3382] [22.0] [cxt 0] Processing packet received on port 4
[08:12:05.878] [bmv2] [D] [thread 3382] [22.0] [cxt 0] Parser 'parser': start
[08:12:05.878] [bmv2] [D] [thread 3382] [22.0] [cxt 0] Parser 'parser' entering state 'start'
[08:12:05.878] [bmv2] [D] [thread 3382] [22.0] [cxt 0] Extracting header 'ethernet'
[08:12:05.878] [bmv2] [D] [thread 3382] [22.0] [cxt 0] Parser state 'start': key is 86dd
[08:12:05.878] [bmv2] [T] [thread 3382] [22.0] [cxt 0] Bytes parsed: 14
[08:12:05.878] [bmv2] [D] [thread 3382] [22.0] [cxt 0] Parser 'parser': end
[08:12:05.878] [bmv2] [D] [thread 3382] [22.0] [cxt 0] Pipeline 'ingress': start
[08:12:05.878] [bmv2] [T] [thread 3382] [22.0] [cxt 0] qos.p4(197) Condition "hdr.ipv4.isValid()" (node_2) is false
[08:12:05.879] [bmv2] [D] [thread 3382] [22.0] [cxt 0] Pipeline 'ingress': end
[08:12:05.879] [bmv2] [D] [thread 3382] [22.0] [cxt 0] Egress port is 0
[08:12:05.879] [bmv2] [D] [thread 3383] [22.0] [cxt 0] Pipeline 'egress': start
[08:12:05.879] [bmv2] [D] [thread 3383] [22.0] [cxt 0] Pipeline 'egress': end
[08:12:05.879] [bmv2] [D] [thread 3383] [22.0] [cxt 0] Deparser 'deparser': start
[08:12:05.879] [bmv2] [T] [thread 3383] [22.0] [cxt 0] Skipping checksum 'cksum' update because condition not met
[08:12:05.879] [bmv2] [D] [thread 3383] [22.0] [cxt 0] Deparsing header 'ethernet'
[08:12:05.879] [bmv2] [D] [thread 3383] [22.0] [cxt 0] Deparser 'deparser': end
[08:12:05.879] [bmv2] [D] [thread 3387] [22.0] [cxt 0] Transmitting packet of size 70 out of port 0
[08:12:09.970] [bmv2] [D] [thread 3382] [23.0] [cxt 0] Processing packet received on port 4
[08:12:09.970] [bmv2] [D] [thread 3382] [23.0] [cxt 0] Parser 'parser': start
[08:12:09.970] [bmv2] [D] [thread 3382] [23.0] [cxt 0] Parser 'parser' entering state 'start'
[08:12:09.970] [bmv2] [D] [thread 3382] [23.0] [cxt 0] Extracting header 'ethernet'
[08:12:09.971] [bmv2] [D] [thread 3382] [23.0] [cxt 0] Parser state 'start': key is 86dd
[08:12:09.971] [bmv2] [T] [thread 3382] [23.0] [cxt 0] Bytes parsed: 14
[08:12:09.971] [bmv2] [D] [thread 3382] [23.0] [cxt 0] Parser 'parser': end
[08:12:09.971] [bmv2] [D] [thread 3382] [23.0] [cxt 0] Pipeline 'ingress': start
[08:12:09.971] [bmv2] [T] [thread 3382] [23.0] [cxt 0] qos.p4(197) Condition "hdr.ipv4.isValid()" (node_2) is false
[08:12:09.971] [bmv2] [D] [thread 3382] [23.0] [cxt 0] Pipeline 'ingress': end
[08:12:09.971] [bmv2] [D] [thread 3382] [23.0] [cxt 0] Egress port is 0
[08:12:09.972] [bmv2] [D] [thread 3383] [23.0] [cxt 0] Pipeline 'egress': start
[08:12:09.972] [bmv2] [D] [thread 3383] [23.0] [cxt 0] Pipeline 'egress': end
[08:12:09.972] [bmv2] [D] [thread 3383] [23.0] [cxt 0] Deparser 'deparser': start
[08:12:09.972] [bmv2] [T] [thread 3383] [23.0] [cxt 0] Skipping checksum 'cksum' update because condition not met
[08:12:09.972] [bmv2] [D] [thread 3383] [23.0] [cxt 0] Deparsing header 'ethernet'
[08:12:09.972] [bmv2] [D] [thread 3383] [23.0] [cxt 0] Deparser 'deparser': end
[08:12:09.972] [bmv2] [D] [thread 3387] [23.0] [cxt 0] Transmitting packet of size 70 out of port 0
[08:12:18.287] [bmv2] [D] [thread 3382] [24.0] [cxt 0] Processing packet received on port 3
[08:12:18.287] [bmv2] [D] [thread 3382] [24.0] [cxt 0] Parser 'parser': start
[08:12:18.287] [bmv2] [D] [thread 3382] [24.0] [cxt 0] Parser 'parser' entering state 'start'
[08:12:18.287] [bmv2] [D] [thread 3382] [24.0] [cxt 0] Extracting header 'ethernet'
[08:12:18.287] [bmv2] [D] [thread 3382] [24.0] [cxt 0] Parser state 'start': key is 8100
[08:12:18.287] [bmv2] [T] [thread 3382] [24.0] [cxt 0] Bytes parsed: 14
[08:12:18.287] [bmv2] [D] [thread 3382] [24.0] [cxt 0] Parser 'parser' entering state 'parse_vlan'
[08:12:18.287] [bmv2] [D] [thread 3382] [24.0] [cxt 0] Extracting header 'vlan'
[08:12:18.287] [bmv2] [D] [thread 3382] [24.0] [cxt 0] Parser state 'parse_vlan': key is 0800
[08:12:18.287] [bmv2] [T] [thread 3382] [24.0] [cxt 0] Bytes parsed: 18
[08:12:18.287] [bmv2] [D] [thread 3382] [24.0] [cxt 0] Parser 'parser' entering state 'parse_ipv4'
[08:12:18.288] [bmv2] [D] [thread 3382] [24.0] [cxt 0] Extracting header 'ipv4'
[08:12:18.288] [bmv2] [D] [thread 3382] [24.0] [cxt 0] Parser set: setting field 'scalars.tmp' from expression, new value is 1
[08:12:18.288] [bmv2] [D] [thread 3382] [24.0] [cxt 0] Parser state 'parse_ipv4': key is 06
[08:12:18.288] [bmv2] [T] [thread 3382] [24.0] [cxt 0] Bytes parsed: 38
[08:12:18.288] [bmv2] [D] [thread 3382] [24.0] [cxt 0] Parser 'parser' entering state 'parse_ipv4_option'
[08:12:18.288] [bmv2] [D] [thread 3382] [24.0] [cxt 0] Extracting header 'ipv4_option'
[08:12:18.288] [bmv2] [D] [thread 3382] [24.0] [cxt 0] Parser state 'parse_ipv4_option': key is 1f
[08:12:18.288] [bmv2] [T] [thread 3382] [24.0] [cxt 0] Bytes parsed: 40
[08:12:18.288] [bmv2] [D] [thread 3382] [24.0] [cxt 0] Parser 'parser' entering state 'parse_link_qos'
[08:12:18.288] [bmv2] [D] [thread 3382] [24.0] [cxt 0] Extracting header 'link_qos'
[08:12:18.288] [bmv2] [D] [thread 3382] [24.0] [cxt 0] Parser state 'parse_link_qos' has no switch, going to default next state
[08:12:18.288] [bmv2] [T] [thread 3382] [24.0] [cxt 0] Bytes parsed: 42
[08:12:18.288] [bmv2] [D] [thread 3382] [24.0] [cxt 0] Parser 'parser': end
[08:12:18.288] [bmv2] [D] [thread 3382] [24.0] [cxt 0] Pipeline 'ingress': start
[08:12:18.288] [bmv2] [T] [thread 3382] [24.0] [cxt 0] qos.p4(197) Condition "hdr.ipv4.isValid()" (node_2) is true
[08:12:18.288] [bmv2] [T] [thread 3382] [24.0] [cxt 0] qos.p4(198) Condition "hdr.link_qos.link_qos == TARGET_LINK_QOS" (node_3) is true
[08:12:18.288] [bmv2] [T] [thread 3382] [24.0] [cxt 0] Applying table 'tbl_qos199'
[08:12:18.288] [bmv2] [D] [thread 3382] [24.0] [cxt 0] Looking up key:

[08:12:18.288] [bmv2] [D] [thread 3382] [24.0] [cxt 0] Table 'tbl_qos199': miss
[08:12:18.288] [bmv2] [D] [thread 3382] [24.0] [cxt 0] Action entry is qos199 - 
[08:12:18.288] [bmv2] [T] [thread 3382] [24.0] [cxt 0] Action qos199
[08:12:18.288] [bmv2] [T] [thread 3382] [24.0] [cxt 0] qos.p4(199) Primitive hdr.ipv4.diffserv = (TARGET_DSCP << 2
[08:12:18.288] [bmv2] [T] [thread 3382] [24.0] [cxt 0] qos.p4(28) Primitive 7; ...
[08:12:18.288] [bmv2] [T] [thread 3382] [24.0] [cxt 0] Applying table 'MyIngress.ipv4_lpm'
[08:12:18.288] [bmv2] [D] [thread 3382] [24.0] [cxt 0] Looking up key:
* hdr.ipv4.dstAddr    : 0a000202

[08:12:18.288] [bmv2] [D] [thread 3382] [24.0] [cxt 0] Table 'MyIngress.ipv4_lpm': hit with handle 0
[08:12:18.288] [bmv2] [D] [thread 3382] [24.0] [cxt 0] Dumping entry 0
Match key:
* hdr.ipv4.dstAddr    : LPM       0a000202/32
Action entry: MyIngress.ipv4_forward - 80000000202,2,

[08:12:18.288] [bmv2] [D] [thread 3382] [24.0] [cxt 0] Action entry is MyIngress.ipv4_forward - 80000000202,2,
[08:12:18.288] [bmv2] [T] [thread 3382] [24.0] [cxt 0] Action MyIngress.ipv4_forward
[08:12:18.288] [bmv2] [T] [thread 3382] [24.0] [cxt 0] qos.p4(175) Primitive standard_metadata.egress_spec = port
[08:12:18.288] [bmv2] [T] [thread 3382] [24.0] [cxt 0] qos.p4(176) Primitive hdr.ethernet.srcAddr = hdr.ethernet.dstAddr
[08:12:18.288] [bmv2] [T] [thread 3382] [24.0] [cxt 0] qos.p4(177) Primitive hdr.ethernet.dstAddr = dstAddr
[08:12:18.288] [bmv2] [T] [thread 3382] [24.0] [cxt 0] qos.p4(178) Primitive hdr.ipv4.ttl = hdr.ipv4.ttl - 1
[08:12:18.288] [bmv2] [D] [thread 3382] [24.0] [cxt 0] Pipeline 'ingress': end
[08:12:18.288] [bmv2] [D] [thread 3382] [24.0] [cxt 0] Egress port is 2
[08:12:18.289] [bmv2] [D] [thread 3385] [24.0] [cxt 0] Pipeline 'egress': start
[08:12:18.289] [bmv2] [D] [thread 3385] [24.0] [cxt 0] Pipeline 'egress': end
[08:12:18.289] [bmv2] [D] [thread 3385] [24.0] [cxt 0] Deparser 'deparser': start
[08:12:18.289] [bmv2] [D] [thread 3385] [24.0] [cxt 0] Updating checksum 'cksum'
[08:12:18.289] [bmv2] [D] [thread 3385] [24.0] [cxt 0] Deparsing header 'ethernet'
[08:12:18.289] [bmv2] [D] [thread 3385] [24.0] [cxt 0] Deparsing header 'vlan'
[08:12:18.289] [bmv2] [D] [thread 3385] [24.0] [cxt 0] Deparsing header 'ipv4'
[08:12:18.289] [bmv2] [D] [thread 3385] [24.0] [cxt 0] Deparsing header 'ipv4_option'
[08:12:18.289] [bmv2] [D] [thread 3385] [24.0] [cxt 0] Deparsing header 'link_qos'
[08:12:18.289] [bmv2] [D] [thread 3385] [24.0] [cxt 0] Deparser 'deparser': end
[08:12:18.289] [bmv2] [D] [thread 3387] [24.0] [cxt 0] Transmitting packet of size 50 out of port 2
[08:12:19.294] [bmv2] [D] [thread 3382] [25.0] [cxt 0] Processing packet received on port 3
[08:12:19.294] [bmv2] [D] [thread 3382] [25.0] [cxt 0] Parser 'parser': start
[08:12:19.294] [bmv2] [D] [thread 3382] [25.0] [cxt 0] Parser 'parser' entering state 'start'
[08:12:19.294] [bmv2] [D] [thread 3382] [25.0] [cxt 0] Extracting header 'ethernet'
[08:12:19.294] [bmv2] [D] [thread 3382] [25.0] [cxt 0] Parser state 'start': key is 8100
[08:12:19.294] [bmv2] [T] [thread 3382] [25.0] [cxt 0] Bytes parsed: 14
[08:12:19.294] [bmv2] [D] [thread 3382] [25.0] [cxt 0] Parser 'parser' entering state 'parse_vlan'
[08:12:19.294] [bmv2] [D] [thread 3382] [25.0] [cxt 0] Extracting header 'vlan'
[08:12:19.294] [bmv2] [D] [thread 3382] [25.0] [cxt 0] Parser state 'parse_vlan': key is 0800
[08:12:19.294] [bmv2] [T] [thread 3382] [25.0] [cxt 0] Bytes parsed: 18
[08:12:19.294] [bmv2] [D] [thread 3382] [25.0] [cxt 0] Parser 'parser' entering state 'parse_ipv4'
[08:12:19.294] [bmv2] [D] [thread 3382] [25.0] [cxt 0] Extracting header 'ipv4'
[08:12:19.294] [bmv2] [D] [thread 3382] [25.0] [cxt 0] Parser set: setting field 'scalars.tmp' from expression, new value is 1
[08:12:19.294] [bmv2] [D] [thread 3382] [25.0] [cxt 0] Parser state 'parse_ipv4': key is 06
[08:12:19.294] [bmv2] [T] [thread 3382] [25.0] [cxt 0] Bytes parsed: 38
[08:12:19.294] [bmv2] [D] [thread 3382] [25.0] [cxt 0] Parser 'parser' entering state 'parse_ipv4_option'
[08:12:19.294] [bmv2] [D] [thread 3382] [25.0] [cxt 0] Extracting header 'ipv4_option'
[08:12:19.294] [bmv2] [D] [thread 3382] [25.0] [cxt 0] Parser state 'parse_ipv4_option': key is 1f
[08:12:19.294] [bmv2] [T] [thread 3382] [25.0] [cxt 0] Bytes parsed: 40
[08:12:19.294] [bmv2] [D] [thread 3382] [25.0] [cxt 0] Parser 'parser' entering state 'parse_link_qos'
[08:12:19.294] [bmv2] [D] [thread 3382] [25.0] [cxt 0] Extracting header 'link_qos'
[08:12:19.294] [bmv2] [D] [thread 3382] [25.0] [cxt 0] Parser state 'parse_link_qos' has no switch, going to default next state
[08:12:19.294] [bmv2] [T] [thread 3382] [25.0] [cxt 0] Bytes parsed: 42
[08:12:19.294] [bmv2] [D] [thread 3382] [25.0] [cxt 0] Parser 'parser': end
[08:12:19.294] [bmv2] [D] [thread 3382] [25.0] [cxt 0] Pipeline 'ingress': start
[08:12:19.294] [bmv2] [T] [thread 3382] [25.0] [cxt 0] qos.p4(197) Condition "hdr.ipv4.isValid()" (node_2) is true
[08:12:19.294] [bmv2] [T] [thread 3382] [25.0] [cxt 0] qos.p4(198) Condition "hdr.link_qos.link_qos == TARGET_LINK_QOS" (node_3) is true
[08:12:19.294] [bmv2] [T] [thread 3382] [25.0] [cxt 0] Applying table 'tbl_qos199'
[08:12:19.294] [bmv2] [D] [thread 3382] [25.0] [cxt 0] Looking up key:

[08:12:19.294] [bmv2] [D] [thread 3382] [25.0] [cxt 0] Table 'tbl_qos199': miss
[08:12:19.294] [bmv2] [D] [thread 3382] [25.0] [cxt 0] Action entry is qos199 - 
[08:12:19.294] [bmv2] [T] [thread 3382] [25.0] [cxt 0] Action qos199
[08:12:19.294] [bmv2] [T] [thread 3382] [25.0] [cxt 0] qos.p4(199) Primitive hdr.ipv4.diffserv = (TARGET_DSCP << 2
[08:12:19.294] [bmv2] [T] [thread 3382] [25.0] [cxt 0] qos.p4(28) Primitive 7; ...
[08:12:19.294] [bmv2] [T] [thread 3382] [25.0] [cxt 0] Applying table 'MyIngress.ipv4_lpm'
[08:12:19.295] [bmv2] [D] [thread 3382] [25.0] [cxt 0] Looking up key:
* hdr.ipv4.dstAddr    : 0a000202

[08:12:19.295] [bmv2] [D] [thread 3382] [25.0] [cxt 0] Table 'MyIngress.ipv4_lpm': hit with handle 0
[08:12:19.295] [bmv2] [D] [thread 3382] [25.0] [cxt 0] Dumping entry 0
Match key:
* hdr.ipv4.dstAddr    : LPM       0a000202/32
Action entry: MyIngress.ipv4_forward - 80000000202,2,

[08:12:19.295] [bmv2] [D] [thread 3382] [25.0] [cxt 0] Action entry is MyIngress.ipv4_forward - 80000000202,2,
[08:12:19.295] [bmv2] [T] [thread 3382] [25.0] [cxt 0] Action MyIngress.ipv4_forward
[08:12:19.295] [bmv2] [T] [thread 3382] [25.0] [cxt 0] qos.p4(175) Primitive standard_metadata.egress_spec = port
[08:12:19.295] [bmv2] [T] [thread 3382] [25.0] [cxt 0] qos.p4(176) Primitive hdr.ethernet.srcAddr = hdr.ethernet.dstAddr
[08:12:19.295] [bmv2] [T] [thread 3382] [25.0] [cxt 0] qos.p4(177) Primitive hdr.ethernet.dstAddr = dstAddr
[08:12:19.295] [bmv2] [T] [thread 3382] [25.0] [cxt 0] qos.p4(178) Primitive hdr.ipv4.ttl = hdr.ipv4.ttl - 1
[08:12:19.295] [bmv2] [D] [thread 3382] [25.0] [cxt 0] Pipeline 'ingress': end
[08:12:19.295] [bmv2] [D] [thread 3382] [25.0] [cxt 0] Egress port is 2
[08:12:19.295] [bmv2] [D] [thread 3385] [25.0] [cxt 0] Pipeline 'egress': start
[08:12:19.295] [bmv2] [D] [thread 3385] [25.0] [cxt 0] Pipeline 'egress': end
[08:12:19.295] [bmv2] [D] [thread 3385] [25.0] [cxt 0] Deparser 'deparser': start
[08:12:19.295] [bmv2] [D] [thread 3385] [25.0] [cxt 0] Updating checksum 'cksum'
[08:12:19.295] [bmv2] [D] [thread 3385] [25.0] [cxt 0] Deparsing header 'ethernet'
[08:12:19.295] [bmv2] [D] [thread 3385] [25.0] [cxt 0] Deparsing header 'vlan'
[08:12:19.295] [bmv2] [D] [thread 3385] [25.0] [cxt 0] Deparsing header 'ipv4'
[08:12:19.295] [bmv2] [D] [thread 3385] [25.0] [cxt 0] Deparsing header 'ipv4_option'
[08:12:19.295] [bmv2] [D] [thread 3385] [25.0] [cxt 0] Deparsing header 'link_qos'
[08:12:19.295] [bmv2] [D] [thread 3385] [25.0] [cxt 0] Deparser 'deparser': end
[08:12:19.295] [bmv2] [D] [thread 3387] [25.0] [cxt 0] Transmitting packet of size 50 out of port 2
[08:12:19.358] [bmv2] [D] [thread 3382] [26.0] [cxt 0] Processing packet received on port 3
[08:12:19.358] [bmv2] [D] [thread 3382] [26.0] [cxt 0] Parser 'parser': start
[08:12:19.358] [bmv2] [D] [thread 3382] [26.0] [cxt 0] Parser 'parser' entering state 'start'
[08:12:19.358] [bmv2] [D] [thread 3382] [26.0] [cxt 0] Extracting header 'ethernet'
[08:12:19.358] [bmv2] [D] [thread 3382] [26.0] [cxt 0] Parser state 'start': key is 8100
[08:12:19.358] [bmv2] [T] [thread 3382] [26.0] [cxt 0] Bytes parsed: 14
[08:12:19.358] [bmv2] [D] [thread 3382] [26.0] [cxt 0] Parser 'parser' entering state 'parse_vlan'
[08:12:19.358] [bmv2] [D] [thread 3382] [26.0] [cxt 0] Extracting header 'vlan'
[08:12:19.358] [bmv2] [D] [thread 3382] [26.0] [cxt 0] Parser state 'parse_vlan': key is 0800
[08:12:19.358] [bmv2] [T] [thread 3382] [26.0] [cxt 0] Bytes parsed: 18
[08:12:19.358] [bmv2] [D] [thread 3382] [26.0] [cxt 0] Parser 'parser' entering state 'parse_ipv4'
[08:12:19.358] [bmv2] [D] [thread 3382] [26.0] [cxt 0] Extracting header 'ipv4'
[08:12:19.358] [bmv2] [D] [thread 3382] [26.0] [cxt 0] Parser set: setting field 'scalars.tmp' from expression, new value is 1
[08:12:19.358] [bmv2] [D] [thread 3382] [26.0] [cxt 0] Parser state 'parse_ipv4': key is 05
[08:12:19.358] [bmv2] [T] [thread 3382] [26.0] [cxt 0] Bytes parsed: 38
[08:12:19.358] [bmv2] [D] [thread 3382] [26.0] [cxt 0] Parser 'parser': end
[08:12:19.358] [bmv2] [D] [thread 3382] [26.0] [cxt 0] Pipeline 'ingress': start
[08:12:19.358] [bmv2] [T] [thread 3382] [26.0] [cxt 0] qos.p4(197) Condition "hdr.ipv4.isValid()" (node_2) is true
[08:12:19.358] [bmv2] [T] [thread 3382] [26.0] [cxt 0] qos.p4(198) Condition "hdr.link_qos.link_qos == TARGET_LINK_QOS" (node_3) is true
[08:12:19.358] [bmv2] [T] [thread 3382] [26.0] [cxt 0] Applying table 'tbl_qos199'
[08:12:19.358] [bmv2] [D] [thread 3382] [26.0] [cxt 0] Looking up key:

[08:12:19.358] [bmv2] [D] [thread 3382] [26.0] [cxt 0] Table 'tbl_qos199': miss
[08:12:19.358] [bmv2] [D] [thread 3382] [26.0] [cxt 0] Action entry is qos199 - 
[08:12:19.358] [bmv2] [T] [thread 3382] [26.0] [cxt 0] Action qos199
[08:12:19.358] [bmv2] [T] [thread 3382] [26.0] [cxt 0] qos.p4(199) Primitive hdr.ipv4.diffserv = (TARGET_DSCP << 2
[08:12:19.358] [bmv2] [T] [thread 3382] [26.0] [cxt 0] qos.p4(28) Primitive 7; ...
[08:12:19.358] [bmv2] [T] [thread 3382] [26.0] [cxt 0] Applying table 'MyIngress.ipv4_lpm'
[08:12:19.358] [bmv2] [D] [thread 3382] [26.0] [cxt 0] Looking up key:
* hdr.ipv4.dstAddr    : 0a000202

[08:12:19.358] [bmv2] [D] [thread 3382] [26.0] [cxt 0] Table 'MyIngress.ipv4_lpm': hit with handle 0
[08:12:19.358] [bmv2] [D] [thread 3382] [26.0] [cxt 0] Dumping entry 0
Match key:
* hdr.ipv4.dstAddr    : LPM       0a000202/32
Action entry: MyIngress.ipv4_forward - 80000000202,2,

[08:12:19.358] [bmv2] [D] [thread 3382] [26.0] [cxt 0] Action entry is MyIngress.ipv4_forward - 80000000202,2,
[08:12:19.359] [bmv2] [T] [thread 3382] [26.0] [cxt 0] Action MyIngress.ipv4_forward
[08:12:19.359] [bmv2] [T] [thread 3382] [26.0] [cxt 0] qos.p4(175) Primitive standard_metadata.egress_spec = port
[08:12:19.359] [bmv2] [T] [thread 3382] [26.0] [cxt 0] qos.p4(176) Primitive hdr.ethernet.srcAddr = hdr.ethernet.dstAddr
[08:12:19.359] [bmv2] [T] [thread 3382] [26.0] [cxt 0] qos.p4(177) Primitive hdr.ethernet.dstAddr = dstAddr
[08:12:19.359] [bmv2] [T] [thread 3382] [26.0] [cxt 0] qos.p4(178) Primitive hdr.ipv4.ttl = hdr.ipv4.ttl - 1
[08:12:19.359] [bmv2] [D] [thread 3382] [26.0] [cxt 0] Pipeline 'ingress': end
[08:12:19.359] [bmv2] [D] [thread 3382] [26.0] [cxt 0] Egress port is 2
[08:12:19.359] [bmv2] [D] [thread 3385] [26.0] [cxt 0] Pipeline 'egress': start
[08:12:19.359] [bmv2] [D] [thread 3385] [26.0] [cxt 0] Pipeline 'egress': end
[08:12:19.359] [bmv2] [D] [thread 3385] [26.0] [cxt 0] Deparser 'deparser': start
[08:12:19.359] [bmv2] [D] [thread 3385] [26.0] [cxt 0] Updating checksum 'cksum'
[08:12:19.359] [bmv2] [D] [thread 3385] [26.0] [cxt 0] Deparsing header 'ethernet'
[08:12:19.359] [bmv2] [D] [thread 3385] [26.0] [cxt 0] Deparsing header 'vlan'
[08:12:19.359] [bmv2] [D] [thread 3385] [26.0] [cxt 0] Deparsing header 'ipv4'
[08:12:19.359] [bmv2] [D] [thread 3385] [26.0] [cxt 0] Deparser 'deparser': end
[08:12:19.359] [bmv2] [D] [thread 3387] [26.0] [cxt 0] Transmitting packet of size 46 out of port 2
[08:12:20.336] [bmv2] [D] [thread 3382] [27.0] [cxt 0] Processing packet received on port 3
[08:12:20.336] [bmv2] [D] [thread 3382] [27.0] [cxt 0] Parser 'parser': start
[08:12:20.336] [bmv2] [D] [thread 3382] [27.0] [cxt 0] Parser 'parser' entering state 'start'
[08:12:20.336] [bmv2] [D] [thread 3382] [27.0] [cxt 0] Extracting header 'ethernet'
[08:12:20.336] [bmv2] [D] [thread 3382] [27.0] [cxt 0] Parser state 'start': key is 8100
[08:12:20.336] [bmv2] [T] [thread 3382] [27.0] [cxt 0] Bytes parsed: 14
[08:12:20.336] [bmv2] [D] [thread 3382] [27.0] [cxt 0] Parser 'parser' entering state 'parse_vlan'
[08:12:20.336] [bmv2] [D] [thread 3382] [27.0] [cxt 0] Extracting header 'vlan'
[08:12:20.336] [bmv2] [D] [thread 3382] [27.0] [cxt 0] Parser state 'parse_vlan': key is 0800
[08:12:20.337] [bmv2] [T] [thread 3382] [27.0] [cxt 0] Bytes parsed: 18
[08:12:20.337] [bmv2] [D] [thread 3382] [27.0] [cxt 0] Parser 'parser' entering state 'parse_ipv4'
[08:12:20.337] [bmv2] [D] [thread 3382] [27.0] [cxt 0] Extracting header 'ipv4'
[08:12:20.337] [bmv2] [D] [thread 3382] [27.0] [cxt 0] Parser set: setting field 'scalars.tmp' from expression, new value is 1
[08:12:20.337] [bmv2] [D] [thread 3382] [27.0] [cxt 0] Parser state 'parse_ipv4': key is 06
[08:12:20.337] [bmv2] [T] [thread 3382] [27.0] [cxt 0] Bytes parsed: 38
[08:12:20.337] [bmv2] [D] [thread 3382] [27.0] [cxt 0] Parser 'parser' entering state 'parse_ipv4_option'
[08:12:20.337] [bmv2] [D] [thread 3382] [27.0] [cxt 0] Extracting header 'ipv4_option'
[08:12:20.337] [bmv2] [D] [thread 3382] [27.0] [cxt 0] Parser state 'parse_ipv4_option': key is 1f
[08:12:20.337] [bmv2] [T] [thread 3382] [27.0] [cxt 0] Bytes parsed: 40
[08:12:20.337] [bmv2] [D] [thread 3382] [27.0] [cxt 0] Parser 'parser' entering state 'parse_link_qos'
[08:12:20.337] [bmv2] [D] [thread 3382] [27.0] [cxt 0] Extracting header 'link_qos'
[08:12:20.337] [bmv2] [D] [thread 3382] [27.0] [cxt 0] Parser state 'parse_link_qos' has no switch, going to default next state
[08:12:20.337] [bmv2] [T] [thread 3382] [27.0] [cxt 0] Bytes parsed: 42
[08:12:20.337] [bmv2] [D] [thread 3382] [27.0] [cxt 0] Parser 'parser': end
[08:12:20.337] [bmv2] [D] [thread 3382] [27.0] [cxt 0] Pipeline 'ingress': start
[08:12:20.337] [bmv2] [T] [thread 3382] [27.0] [cxt 0] qos.p4(197) Condition "hdr.ipv4.isValid()" (node_2) is true
[08:12:20.337] [bmv2] [T] [thread 3382] [27.0] [cxt 0] qos.p4(198) Condition "hdr.link_qos.link_qos == TARGET_LINK_QOS" (node_3) is true
[08:12:20.337] [bmv2] [T] [thread 3382] [27.0] [cxt 0] Applying table 'tbl_qos199'
[08:12:20.337] [bmv2] [D] [thread 3382] [27.0] [cxt 0] Looking up key:

[08:12:20.337] [bmv2] [D] [thread 3382] [27.0] [cxt 0] Table 'tbl_qos199': miss
[08:12:20.337] [bmv2] [D] [thread 3382] [27.0] [cxt 0] Action entry is qos199 - 
[08:12:20.337] [bmv2] [T] [thread 3382] [27.0] [cxt 0] Action qos199
[08:12:20.337] [bmv2] [T] [thread 3382] [27.0] [cxt 0] qos.p4(199) Primitive hdr.ipv4.diffserv = (TARGET_DSCP << 2
[08:12:20.337] [bmv2] [T] [thread 3382] [27.0] [cxt 0] qos.p4(28) Primitive 7; ...
[08:12:20.337] [bmv2] [T] [thread 3382] [27.0] [cxt 0] Applying table 'MyIngress.ipv4_lpm'
[08:12:20.338] [bmv2] [D] [thread 3382] [27.0] [cxt 0] Looking up key:
* hdr.ipv4.dstAddr    : 0a000202

[08:12:20.341] [bmv2] [D] [thread 3382] [27.0] [cxt 0] Table 'MyIngress.ipv4_lpm': hit with handle 0
[08:12:20.341] [bmv2] [D] [thread 3382] [27.0] [cxt 0] Dumping entry 0
Match key:
* hdr.ipv4.dstAddr    : LPM       0a000202/32
Action entry: MyIngress.ipv4_forward - 80000000202,2,

[08:12:20.341] [bmv2] [D] [thread 3382] [27.0] [cxt 0] Action entry is MyIngress.ipv4_forward - 80000000202,2,
[08:12:20.342] [bmv2] [T] [thread 3382] [27.0] [cxt 0] Action MyIngress.ipv4_forward
[08:12:20.342] [bmv2] [T] [thread 3382] [27.0] [cxt 0] qos.p4(175) Primitive standard_metadata.egress_spec = port
[08:12:20.342] [bmv2] [T] [thread 3382] [27.0] [cxt 0] qos.p4(176) Primitive hdr.ethernet.srcAddr = hdr.ethernet.dstAddr
[08:12:20.342] [bmv2] [T] [thread 3382] [27.0] [cxt 0] qos.p4(177) Primitive hdr.ethernet.dstAddr = dstAddr
[08:12:20.342] [bmv2] [T] [thread 3382] [27.0] [cxt 0] qos.p4(178) Primitive hdr.ipv4.ttl = hdr.ipv4.ttl - 1
[08:12:20.342] [bmv2] [D] [thread 3382] [27.0] [cxt 0] Pipeline 'ingress': end
[08:12:20.342] [bmv2] [D] [thread 3382] [27.0] [cxt 0] Egress port is 2
[08:12:20.342] [bmv2] [D] [thread 3385] [27.0] [cxt 0] Pipeline 'egress': start
[08:12:20.342] [bmv2] [D] [thread 3385] [27.0] [cxt 0] Pipeline 'egress': end
[08:12:20.342] [bmv2] [D] [thread 3385] [27.0] [cxt 0] Deparser 'deparser': start
[08:12:20.343] [bmv2] [D] [thread 3385] [27.0] [cxt 0] Updating checksum 'cksum'
[08:12:20.343] [bmv2] [D] [thread 3385] [27.0] [cxt 0] Deparsing header 'ethernet'
[08:12:20.343] [bmv2] [D] [thread 3385] [27.0] [cxt 0] Deparsing header 'vlan'
[08:12:20.343] [bmv2] [D] [thread 3385] [27.0] [cxt 0] Deparsing header 'ipv4'
[08:12:20.343] [bmv2] [D] [thread 3385] [27.0] [cxt 0] Deparsing header 'ipv4_option'
[08:12:20.343] [bmv2] [D] [thread 3385] [27.0] [cxt 0] Deparsing header 'link_qos'
[08:12:20.343] [bmv2] [D] [thread 3385] [27.0] [cxt 0] Deparser 'deparser': end
[08:12:20.343] [bmv2] [D] [thread 3387] [27.0] [cxt 0] Transmitting packet of size 50 out of port 2
[08:12:20.382] [bmv2] [D] [thread 3382] [28.0] [cxt 0] Processing packet received on port 3
[08:12:20.383] [bmv2] [D] [thread 3382] [28.0] [cxt 0] Parser 'parser': start
[08:12:20.383] [bmv2] [D] [thread 3382] [28.0] [cxt 0] Parser 'parser' entering state 'start'
[08:12:20.383] [bmv2] [D] [thread 3382] [28.0] [cxt 0] Extracting header 'ethernet'
[08:12:20.383] [bmv2] [D] [thread 3382] [28.0] [cxt 0] Parser state 'start': key is 8100
[08:12:20.383] [bmv2] [T] [thread 3382] [28.0] [cxt 0] Bytes parsed: 14
[08:12:20.383] [bmv2] [D] [thread 3382] [28.0] [cxt 0] Parser 'parser' entering state 'parse_vlan'
[08:12:20.383] [bmv2] [D] [thread 3382] [28.0] [cxt 0] Extracting header 'vlan'
[08:12:20.383] [bmv2] [D] [thread 3382] [28.0] [cxt 0] Parser state 'parse_vlan': key is 0800
[08:12:20.383] [bmv2] [T] [thread 3382] [28.0] [cxt 0] Bytes parsed: 18
[08:12:20.383] [bmv2] [D] [thread 3382] [28.0] [cxt 0] Parser 'parser' entering state 'parse_ipv4'
[08:12:20.383] [bmv2] [D] [thread 3382] [28.0] [cxt 0] Extracting header 'ipv4'
[08:12:20.383] [bmv2] [D] [thread 3382] [28.0] [cxt 0] Parser set: setting field 'scalars.tmp' from expression, new value is 1
[08:12:20.383] [bmv2] [D] [thread 3382] [28.0] [cxt 0] Parser state 'parse_ipv4': key is 05
[08:12:20.383] [bmv2] [T] [thread 3382] [28.0] [cxt 0] Bytes parsed: 38
[08:12:20.383] [bmv2] [D] [thread 3382] [28.0] [cxt 0] Parser 'parser': end
[08:12:20.383] [bmv2] [D] [thread 3382] [28.0] [cxt 0] Pipeline 'ingress': start
[08:12:20.383] [bmv2] [T] [thread 3382] [28.0] [cxt 0] qos.p4(197) Condition "hdr.ipv4.isValid()" (node_2) is true
[08:12:20.383] [bmv2] [T] [thread 3382] [28.0] [cxt 0] qos.p4(198) Condition "hdr.link_qos.link_qos == TARGET_LINK_QOS" (node_3) is true
[08:12:20.383] [bmv2] [T] [thread 3382] [28.0] [cxt 0] Applying table 'tbl_qos199'
[08:12:20.383] [bmv2] [D] [thread 3382] [28.0] [cxt 0] Looking up key:

[08:12:20.383] [bmv2] [D] [thread 3382] [28.0] [cxt 0] Table 'tbl_qos199': miss
[08:12:20.383] [bmv2] [D] [thread 3382] [28.0] [cxt 0] Action entry is qos199 - 
[08:12:20.383] [bmv2] [T] [thread 3382] [28.0] [cxt 0] Action qos199
[08:12:20.383] [bmv2] [T] [thread 3382] [28.0] [cxt 0] qos.p4(199) Primitive hdr.ipv4.diffserv = (TARGET_DSCP << 2
[08:12:20.383] [bmv2] [T] [thread 3382] [28.0] [cxt 0] qos.p4(28) Primitive 7; ...
[08:12:20.383] [bmv2] [T] [thread 3382] [28.0] [cxt 0] Applying table 'MyIngress.ipv4_lpm'
[08:12:20.383] [bmv2] [D] [thread 3382] [28.0] [cxt 0] Looking up key:
* hdr.ipv4.dstAddr    : 0a000202

[08:12:20.383] [bmv2] [D] [thread 3382] [28.0] [cxt 0] Table 'MyIngress.ipv4_lpm': hit with handle 0
[08:12:20.384] [bmv2] [D] [thread 3382] [28.0] [cxt 0] Dumping entry 0
Match key:
* hdr.ipv4.dstAddr    : LPM       0a000202/32
Action entry: MyIngress.ipv4_forward - 80000000202,2,

[08:12:20.384] [bmv2] [D] [thread 3382] [28.0] [cxt 0] Action entry is MyIngress.ipv4_forward - 80000000202,2,
[08:12:20.384] [bmv2] [T] [thread 3382] [28.0] [cxt 0] Action MyIngress.ipv4_forward
[08:12:20.384] [bmv2] [T] [thread 3382] [28.0] [cxt 0] qos.p4(175) Primitive standard_metadata.egress_spec = port
[08:12:20.384] [bmv2] [T] [thread 3382] [28.0] [cxt 0] qos.p4(176) Primitive hdr.ethernet.srcAddr = hdr.ethernet.dstAddr
[08:12:20.384] [bmv2] [T] [thread 3382] [28.0] [cxt 0] qos.p4(177) Primitive hdr.ethernet.dstAddr = dstAddr
[08:12:20.384] [bmv2] [T] [thread 3382] [28.0] [cxt 0] qos.p4(178) Primitive hdr.ipv4.ttl = hdr.ipv4.ttl - 1
[08:12:20.384] [bmv2] [D] [thread 3382] [28.0] [cxt 0] Pipeline 'ingress': end
[08:12:20.384] [bmv2] [D] [thread 3382] [28.0] [cxt 0] Egress port is 2
[08:12:20.384] [bmv2] [D] [thread 3385] [28.0] [cxt 0] Pipeline 'egress': start
[08:12:20.384] [bmv2] [D] [thread 3385] [28.0] [cxt 0] Pipeline 'egress': end
[08:12:20.384] [bmv2] [D] [thread 3385] [28.0] [cxt 0] Deparser 'deparser': start
[08:12:20.384] [bmv2] [D] [thread 3385] [28.0] [cxt 0] Updating checksum 'cksum'
[08:12:20.384] [bmv2] [D] [thread 3385] [28.0] [cxt 0] Deparsing header 'ethernet'
[08:12:20.384] [bmv2] [D] [thread 3385] [28.0] [cxt 0] Deparsing header 'vlan'
[08:12:20.384] [bmv2] [D] [thread 3385] [28.0] [cxt 0] Deparsing header 'ipv4'
[08:12:20.384] [bmv2] [D] [thread 3385] [28.0] [cxt 0] Deparser 'deparser': end
[08:12:20.384] [bmv2] [D] [thread 3387] [28.0] [cxt 0] Transmitting packet of size 46 out of port 2
[08:12:21.368] [bmv2] [D] [thread 3382] [29.0] [cxt 0] Processing packet received on port 3
[08:12:21.368] [bmv2] [D] [thread 3382] [29.0] [cxt 0] Parser 'parser': start
[08:12:21.368] [bmv2] [D] [thread 3382] [29.0] [cxt 0] Parser 'parser' entering state 'start'
[08:12:21.368] [bmv2] [D] [thread 3382] [29.0] [cxt 0] Extracting header 'ethernet'
[08:12:21.368] [bmv2] [D] [thread 3382] [29.0] [cxt 0] Parser state 'start': key is 8100
[08:12:21.368] [bmv2] [T] [thread 3382] [29.0] [cxt 0] Bytes parsed: 14
[08:12:21.368] [bmv2] [D] [thread 3382] [29.0] [cxt 0] Parser 'parser' entering state 'parse_vlan'
[08:12:21.368] [bmv2] [D] [thread 3382] [29.0] [cxt 0] Extracting header 'vlan'
[08:12:21.368] [bmv2] [D] [thread 3382] [29.0] [cxt 0] Parser state 'parse_vlan': key is 0800
[08:12:21.368] [bmv2] [T] [thread 3382] [29.0] [cxt 0] Bytes parsed: 18
[08:12:21.368] [bmv2] [D] [thread 3382] [29.0] [cxt 0] Parser 'parser' entering state 'parse_ipv4'
[08:12:21.368] [bmv2] [D] [thread 3382] [29.0] [cxt 0] Extracting header 'ipv4'
[08:12:21.368] [bmv2] [D] [thread 3382] [29.0] [cxt 0] Parser set: setting field 'scalars.tmp' from expression, new value is 1
[08:12:21.369] [bmv2] [D] [thread 3382] [29.0] [cxt 0] Parser state 'parse_ipv4': key is 06
[08:12:21.369] [bmv2] [T] [thread 3382] [29.0] [cxt 0] Bytes parsed: 38
[08:12:21.369] [bmv2] [D] [thread 3382] [29.0] [cxt 0] Parser 'parser' entering state 'parse_ipv4_option'
[08:12:21.369] [bmv2] [D] [thread 3382] [29.0] [cxt 0] Extracting header 'ipv4_option'
[08:12:21.369] [bmv2] [D] [thread 3382] [29.0] [cxt 0] Parser state 'parse_ipv4_option': key is 1f
[08:12:21.369] [bmv2] [T] [thread 3382] [29.0] [cxt 0] Bytes parsed: 40
[08:12:21.369] [bmv2] [D] [thread 3382] [29.0] [cxt 0] Parser 'parser' entering state 'parse_link_qos'
[08:12:21.369] [bmv2] [D] [thread 3382] [29.0] [cxt 0] Extracting header 'link_qos'
[08:12:21.369] [bmv2] [D] [thread 3382] [29.0] [cxt 0] Parser state 'parse_link_qos' has no switch, going to default next state
[08:12:21.369] [bmv2] [T] [thread 3382] [29.0] [cxt 0] Bytes parsed: 42
[08:12:21.369] [bmv2] [D] [thread 3382] [29.0] [cxt 0] Parser 'parser': end
[08:12:21.369] [bmv2] [D] [thread 3382] [29.0] [cxt 0] Pipeline 'ingress': start
[08:12:21.369] [bmv2] [T] [thread 3382] [29.0] [cxt 0] qos.p4(197) Condition "hdr.ipv4.isValid()" (node_2) is true
[08:12:21.369] [bmv2] [T] [thread 3382] [29.0] [cxt 0] qos.p4(198) Condition "hdr.link_qos.link_qos == TARGET_LINK_QOS" (node_3) is true
[08:12:21.369] [bmv2] [T] [thread 3382] [29.0] [cxt 0] Applying table 'tbl_qos199'
[08:12:21.369] [bmv2] [D] [thread 3382] [29.0] [cxt 0] Looking up key:

[08:12:21.369] [bmv2] [D] [thread 3382] [29.0] [cxt 0] Table 'tbl_qos199': miss
[08:12:21.369] [bmv2] [D] [thread 3382] [29.0] [cxt 0] Action entry is qos199 - 
[08:12:21.369] [bmv2] [T] [thread 3382] [29.0] [cxt 0] Action qos199
[08:12:21.369] [bmv2] [T] [thread 3382] [29.0] [cxt 0] qos.p4(199) Primitive hdr.ipv4.diffserv = (TARGET_DSCP << 2
[08:12:21.369] [bmv2] [T] [thread 3382] [29.0] [cxt 0] qos.p4(28) Primitive 7; ...
[08:12:21.369] [bmv2] [T] [thread 3382] [29.0] [cxt 0] Applying table 'MyIngress.ipv4_lpm'
[08:12:21.370] [bmv2] [D] [thread 3382] [29.0] [cxt 0] Looking up key:
* hdr.ipv4.dstAddr    : 0a000202

[08:12:21.370] [bmv2] [D] [thread 3382] [29.0] [cxt 0] Table 'MyIngress.ipv4_lpm': hit with handle 0
[08:12:21.370] [bmv2] [D] [thread 3382] [29.0] [cxt 0] Dumping entry 0
Match key:
* hdr.ipv4.dstAddr    : LPM       0a000202/32
Action entry: MyIngress.ipv4_forward - 80000000202,2,

[08:12:21.370] [bmv2] [D] [thread 3382] [29.0] [cxt 0] Action entry is MyIngress.ipv4_forward - 80000000202,2,
[08:12:21.370] [bmv2] [T] [thread 3382] [29.0] [cxt 0] Action MyIngress.ipv4_forward
[08:12:21.370] [bmv2] [T] [thread 3382] [29.0] [cxt 0] qos.p4(175) Primitive standard_metadata.egress_spec = port
[08:12:21.370] [bmv2] [T] [thread 3382] [29.0] [cxt 0] qos.p4(176) Primitive hdr.ethernet.srcAddr = hdr.ethernet.dstAddr
[08:12:21.370] [bmv2] [T] [thread 3382] [29.0] [cxt 0] qos.p4(177) Primitive hdr.ethernet.dstAddr = dstAddr
[08:12:21.370] [bmv2] [T] [thread 3382] [29.0] [cxt 0] qos.p4(178) Primitive hdr.ipv4.ttl = hdr.ipv4.ttl - 1
[08:12:21.370] [bmv2] [D] [thread 3382] [29.0] [cxt 0] Pipeline 'ingress': end
[08:12:21.370] [bmv2] [D] [thread 3382] [29.0] [cxt 0] Egress port is 2
[08:12:21.370] [bmv2] [D] [thread 3385] [29.0] [cxt 0] Pipeline 'egress': start
[08:12:21.370] [bmv2] [D] [thread 3385] [29.0] [cxt 0] Pipeline 'egress': end
[08:12:21.370] [bmv2] [D] [thread 3385] [29.0] [cxt 0] Deparser 'deparser': start
[08:12:21.370] [bmv2] [D] [thread 3385] [29.0] [cxt 0] Updating checksum 'cksum'
[08:12:21.370] [bmv2] [D] [thread 3385] [29.0] [cxt 0] Deparsing header 'ethernet'
[08:12:21.371] [bmv2] [D] [thread 3385] [29.0] [cxt 0] Deparsing header 'vlan'
[08:12:21.371] [bmv2] [D] [thread 3385] [29.0] [cxt 0] Deparsing header 'ipv4'
[08:12:21.371] [bmv2] [D] [thread 3385] [29.0] [cxt 0] Deparsing header 'ipv4_option'
[08:12:21.371] [bmv2] [D] [thread 3385] [29.0] [cxt 0] Deparsing header 'link_qos'
[08:12:21.371] [bmv2] [D] [thread 3385] [29.0] [cxt 0] Deparser 'deparser': end
[08:12:21.371] [bmv2] [D] [thread 3387] [29.0] [cxt 0] Transmitting packet of size 50 out of port 2
[08:12:21.403] [bmv2] [D] [thread 3382] [30.0] [cxt 0] Processing packet received on port 3
[08:12:21.403] [bmv2] [D] [thread 3382] [30.0] [cxt 0] Parser 'parser': start
[08:12:21.403] [bmv2] [D] [thread 3382] [30.0] [cxt 0] Parser 'parser' entering state 'start'
[08:12:21.403] [bmv2] [D] [thread 3382] [30.0] [cxt 0] Extracting header 'ethernet'
[08:12:21.403] [bmv2] [D] [thread 3382] [30.0] [cxt 0] Parser state 'start': key is 8100
[08:12:21.403] [bmv2] [T] [thread 3382] [30.0] [cxt 0] Bytes parsed: 14
[08:12:21.403] [bmv2] [D] [thread 3382] [30.0] [cxt 0] Parser 'parser' entering state 'parse_vlan'
[08:12:21.403] [bmv2] [D] [thread 3382] [30.0] [cxt 0] Extracting header 'vlan'
[08:12:21.403] [bmv2] [D] [thread 3382] [30.0] [cxt 0] Parser state 'parse_vlan': key is 0800
[08:12:21.403] [bmv2] [T] [thread 3382] [30.0] [cxt 0] Bytes parsed: 18
[08:12:21.403] [bmv2] [D] [thread 3382] [30.0] [cxt 0] Parser 'parser' entering state 'parse_ipv4'
[08:12:21.403] [bmv2] [D] [thread 3382] [30.0] [cxt 0] Extracting header 'ipv4'
[08:12:21.403] [bmv2] [D] [thread 3382] [30.0] [cxt 0] Parser set: setting field 'scalars.tmp' from expression, new value is 1
[08:12:21.404] [bmv2] [D] [thread 3382] [30.0] [cxt 0] Parser state 'parse_ipv4': key is 05
[08:12:21.404] [bmv2] [T] [thread 3382] [30.0] [cxt 0] Bytes parsed: 38
[08:12:21.404] [bmv2] [D] [thread 3382] [30.0] [cxt 0] Parser 'parser': end
[08:12:21.404] [bmv2] [D] [thread 3382] [30.0] [cxt 0] Pipeline 'ingress': start
[08:12:21.404] [bmv2] [T] [thread 3382] [30.0] [cxt 0] qos.p4(197) Condition "hdr.ipv4.isValid()" (node_2) is true
[08:12:21.404] [bmv2] [T] [thread 3382] [30.0] [cxt 0] qos.p4(198) Condition "hdr.link_qos.link_qos == TARGET_LINK_QOS" (node_3) is true
[08:12:21.404] [bmv2] [T] [thread 3382] [30.0] [cxt 0] Applying table 'tbl_qos199'
[08:12:21.404] [bmv2] [D] [thread 3382] [30.0] [cxt 0] Looking up key:

[08:12:21.404] [bmv2] [D] [thread 3382] [30.0] [cxt 0] Table 'tbl_qos199': miss
[08:12:21.404] [bmv2] [D] [thread 3382] [30.0] [cxt 0] Action entry is qos199 - 
[08:12:21.404] [bmv2] [T] [thread 3382] [30.0] [cxt 0] Action qos199
[08:12:21.404] [bmv2] [T] [thread 3382] [30.0] [cxt 0] qos.p4(199) Primitive hdr.ipv4.diffserv = (TARGET_DSCP << 2
[08:12:21.404] [bmv2] [T] [thread 3382] [30.0] [cxt 0] qos.p4(28) Primitive 7; ...
[08:12:21.404] [bmv2] [T] [thread 3382] [30.0] [cxt 0] Applying table 'MyIngress.ipv4_lpm'
[08:12:21.404] [bmv2] [D] [thread 3382] [30.0] [cxt 0] Looking up key:
* hdr.ipv4.dstAddr    : 0a000202

[08:12:21.404] [bmv2] [D] [thread 3382] [30.0] [cxt 0] Table 'MyIngress.ipv4_lpm': hit with handle 0
[08:12:21.404] [bmv2] [D] [thread 3382] [30.0] [cxt 0] Dumping entry 0
Match key:
* hdr.ipv4.dstAddr    : LPM       0a000202/32
Action entry: MyIngress.ipv4_forward - 80000000202,2,

[08:12:21.404] [bmv2] [D] [thread 3382] [30.0] [cxt 0] Action entry is MyIngress.ipv4_forward - 80000000202,2,
[08:12:21.404] [bmv2] [T] [thread 3382] [30.0] [cxt 0] Action MyIngress.ipv4_forward
[08:12:21.404] [bmv2] [T] [thread 3382] [30.0] [cxt 0] qos.p4(175) Primitive standard_metadata.egress_spec = port
[08:12:21.404] [bmv2] [T] [thread 3382] [30.0] [cxt 0] qos.p4(176) Primitive hdr.ethernet.srcAddr = hdr.ethernet.dstAddr
[08:12:21.404] [bmv2] [T] [thread 3382] [30.0] [cxt 0] qos.p4(177) Primitive hdr.ethernet.dstAddr = dstAddr
[08:12:21.404] [bmv2] [T] [thread 3382] [30.0] [cxt 0] qos.p4(178) Primitive hdr.ipv4.ttl = hdr.ipv4.ttl - 1
[08:12:21.404] [bmv2] [D] [thread 3382] [30.0] [cxt 0] Pipeline 'ingress': end
[08:12:21.404] [bmv2] [D] [thread 3382] [30.0] [cxt 0] Egress port is 2
[08:12:21.404] [bmv2] [D] [thread 3385] [30.0] [cxt 0] Pipeline 'egress': start
[08:12:21.404] [bmv2] [D] [thread 3385] [30.0] [cxt 0] Pipeline 'egress': end
[08:12:21.404] [bmv2] [D] [thread 3385] [30.0] [cxt 0] Deparser 'deparser': start
[08:12:21.404] [bmv2] [D] [thread 3385] [30.0] [cxt 0] Updating checksum 'cksum'
[08:12:21.405] [bmv2] [D] [thread 3385] [30.0] [cxt 0] Deparsing header 'ethernet'
[08:12:21.405] [bmv2] [D] [thread 3385] [30.0] [cxt 0] Deparsing header 'vlan'
[08:12:21.405] [bmv2] [D] [thread 3385] [30.0] [cxt 0] Deparsing header 'ipv4'
[08:12:21.405] [bmv2] [D] [thread 3385] [30.0] [cxt 0] Deparser 'deparser': end
[08:12:21.405] [bmv2] [D] [thread 3387] [30.0] [cxt 0] Transmitting packet of size 46 out of port 2
[08:12:22.399] [bmv2] [D] [thread 3382] [31.0] [cxt 0] Processing packet received on port 3
[08:12:22.399] [bmv2] [D] [thread 3382] [31.0] [cxt 0] Parser 'parser': start
[08:12:22.399] [bmv2] [D] [thread 3382] [31.0] [cxt 0] Parser 'parser' entering state 'start'
[08:12:22.399] [bmv2] [D] [thread 3382] [31.0] [cxt 0] Extracting header 'ethernet'
[08:12:22.399] [bmv2] [D] [thread 3382] [31.0] [cxt 0] Parser state 'start': key is 8100
[08:12:22.399] [bmv2] [T] [thread 3382] [31.0] [cxt 0] Bytes parsed: 14
[08:12:22.399] [bmv2] [D] [thread 3382] [31.0] [cxt 0] Parser 'parser' entering state 'parse_vlan'
[08:12:22.399] [bmv2] [D] [thread 3382] [31.0] [cxt 0] Extracting header 'vlan'
[08:12:22.399] [bmv2] [D] [thread 3382] [31.0] [cxt 0] Parser state 'parse_vlan': key is 0800
[08:12:22.399] [bmv2] [T] [thread 3382] [31.0] [cxt 0] Bytes parsed: 18
[08:12:22.400] [bmv2] [D] [thread 3382] [31.0] [cxt 0] Parser 'parser' entering state 'parse_ipv4'
[08:12:22.400] [bmv2] [D] [thread 3382] [31.0] [cxt 0] Extracting header 'ipv4'
[08:12:22.400] [bmv2] [D] [thread 3382] [31.0] [cxt 0] Parser set: setting field 'scalars.tmp' from expression, new value is 1
[08:12:22.400] [bmv2] [D] [thread 3382] [31.0] [cxt 0] Parser state 'parse_ipv4': key is 06
[08:12:22.400] [bmv2] [T] [thread 3382] [31.0] [cxt 0] Bytes parsed: 38
[08:12:22.400] [bmv2] [D] [thread 3382] [31.0] [cxt 0] Parser 'parser' entering state 'parse_ipv4_option'
[08:12:22.400] [bmv2] [D] [thread 3382] [31.0] [cxt 0] Extracting header 'ipv4_option'
[08:12:22.400] [bmv2] [D] [thread 3382] [31.0] [cxt 0] Parser state 'parse_ipv4_option': key is 1f
[08:12:22.400] [bmv2] [T] [thread 3382] [31.0] [cxt 0] Bytes parsed: 40
[08:12:22.400] [bmv2] [D] [thread 3382] [31.0] [cxt 0] Parser 'parser' entering state 'parse_link_qos'
[08:12:22.400] [bmv2] [D] [thread 3382] [31.0] [cxt 0] Extracting header 'link_qos'
[08:12:22.400] [bmv2] [D] [thread 3382] [31.0] [cxt 0] Parser state 'parse_link_qos' has no switch, going to default next state
[08:12:22.400] [bmv2] [T] [thread 3382] [31.0] [cxt 0] Bytes parsed: 42
[08:12:22.400] [bmv2] [D] [thread 3382] [31.0] [cxt 0] Parser 'parser': end
[08:12:22.400] [bmv2] [D] [thread 3382] [31.0] [cxt 0] Pipeline 'ingress': start
[08:12:22.400] [bmv2] [T] [thread 3382] [31.0] [cxt 0] qos.p4(197) Condition "hdr.ipv4.isValid()" (node_2) is true
[08:12:22.400] [bmv2] [T] [thread 3382] [31.0] [cxt 0] qos.p4(198) Condition "hdr.link_qos.link_qos == TARGET_LINK_QOS" (node_3) is true
[08:12:22.400] [bmv2] [T] [thread 3382] [31.0] [cxt 0] Applying table 'tbl_qos199'
[08:12:22.400] [bmv2] [D] [thread 3382] [31.0] [cxt 0] Looking up key:

[08:12:22.400] [bmv2] [D] [thread 3382] [31.0] [cxt 0] Table 'tbl_qos199': miss
[08:12:22.400] [bmv2] [D] [thread 3382] [31.0] [cxt 0] Action entry is qos199 - 
[08:12:22.400] [bmv2] [T] [thread 3382] [31.0] [cxt 0] Action qos199
[08:12:22.401] [bmv2] [T] [thread 3382] [31.0] [cxt 0] qos.p4(199) Primitive hdr.ipv4.diffserv = (TARGET_DSCP << 2
[08:12:22.401] [bmv2] [T] [thread 3382] [31.0] [cxt 0] qos.p4(28) Primitive 7; ...
[08:12:22.401] [bmv2] [T] [thread 3382] [31.0] [cxt 0] Applying table 'MyIngress.ipv4_lpm'
[08:12:22.401] [bmv2] [D] [thread 3382] [31.0] [cxt 0] Looking up key:
* hdr.ipv4.dstAddr    : 0a000202

[08:12:22.401] [bmv2] [D] [thread 3382] [31.0] [cxt 0] Table 'MyIngress.ipv4_lpm': hit with handle 0
[08:12:22.401] [bmv2] [D] [thread 3382] [31.0] [cxt 0] Dumping entry 0
Match key:
* hdr.ipv4.dstAddr    : LPM       0a000202/32
Action entry: MyIngress.ipv4_forward - 80000000202,2,

[08:12:22.401] [bmv2] [D] [thread 3382] [31.0] [cxt 0] Action entry is MyIngress.ipv4_forward - 80000000202,2,
[08:12:22.401] [bmv2] [T] [thread 3382] [31.0] [cxt 0] Action MyIngress.ipv4_forward
[08:12:22.401] [bmv2] [T] [thread 3382] [31.0] [cxt 0] qos.p4(175) Primitive standard_metadata.egress_spec = port
[08:12:22.401] [bmv2] [T] [thread 3382] [31.0] [cxt 0] qos.p4(176) Primitive hdr.ethernet.srcAddr = hdr.ethernet.dstAddr
[08:12:22.401] [bmv2] [T] [thread 3382] [31.0] [cxt 0] qos.p4(177) Primitive hdr.ethernet.dstAddr = dstAddr
[08:12:22.401] [bmv2] [T] [thread 3382] [31.0] [cxt 0] qos.p4(178) Primitive hdr.ipv4.ttl = hdr.ipv4.ttl - 1
[08:12:22.401] [bmv2] [D] [thread 3382] [31.0] [cxt 0] Pipeline 'ingress': end
[08:12:22.401] [bmv2] [D] [thread 3382] [31.0] [cxt 0] Egress port is 2
[08:12:22.402] [bmv2] [D] [thread 3385] [31.0] [cxt 0] Pipeline 'egress': start
[08:12:22.402] [bmv2] [D] [thread 3385] [31.0] [cxt 0] Pipeline 'egress': end
[08:12:22.402] [bmv2] [D] [thread 3385] [31.0] [cxt 0] Deparser 'deparser': start
[08:12:22.402] [bmv2] [D] [thread 3385] [31.0] [cxt 0] Updating checksum 'cksum'
[08:12:22.402] [bmv2] [D] [thread 3385] [31.0] [cxt 0] Deparsing header 'ethernet'
[08:12:22.402] [bmv2] [D] [thread 3385] [31.0] [cxt 0] Deparsing header 'vlan'
[08:12:22.402] [bmv2] [D] [thread 3385] [31.0] [cxt 0] Deparsing header 'ipv4'
[08:12:22.402] [bmv2] [D] [thread 3385] [31.0] [cxt 0] Deparsing header 'ipv4_option'
[08:12:22.402] [bmv2] [D] [thread 3385] [31.0] [cxt 0] Deparsing header 'link_qos'
[08:12:22.402] [bmv2] [D] [thread 3385] [31.0] [cxt 0] Deparser 'deparser': end
[08:12:22.402] [bmv2] [D] [thread 3387] [31.0] [cxt 0] Transmitting packet of size 50 out of port 2
[08:12:22.433] [bmv2] [D] [thread 3382] [32.0] [cxt 0] Processing packet received on port 3
[08:12:22.433] [bmv2] [D] [thread 3382] [32.0] [cxt 0] Parser 'parser': start
[08:12:22.433] [bmv2] [D] [thread 3382] [32.0] [cxt 0] Parser 'parser' entering state 'start'
[08:12:22.433] [bmv2] [D] [thread 3382] [32.0] [cxt 0] Extracting header 'ethernet'
[08:12:22.433] [bmv2] [D] [thread 3382] [32.0] [cxt 0] Parser state 'start': key is 8100
[08:12:22.433] [bmv2] [T] [thread 3382] [32.0] [cxt 0] Bytes parsed: 14
[08:12:22.433] [bmv2] [D] [thread 3382] [32.0] [cxt 0] Parser 'parser' entering state 'parse_vlan'
[08:12:22.433] [bmv2] [D] [thread 3382] [32.0] [cxt 0] Extracting header 'vlan'
[08:12:22.433] [bmv2] [D] [thread 3382] [32.0] [cxt 0] Parser state 'parse_vlan': key is 0800
[08:12:22.433] [bmv2] [T] [thread 3382] [32.0] [cxt 0] Bytes parsed: 18
[08:12:22.433] [bmv2] [D] [thread 3382] [32.0] [cxt 0] Parser 'parser' entering state 'parse_ipv4'
[08:12:22.433] [bmv2] [D] [thread 3382] [32.0] [cxt 0] Extracting header 'ipv4'
[08:12:22.433] [bmv2] [D] [thread 3382] [32.0] [cxt 0] Parser set: setting field 'scalars.tmp' from expression, new value is 1
[08:12:22.433] [bmv2] [D] [thread 3382] [32.0] [cxt 0] Parser state 'parse_ipv4': key is 05
[08:12:22.433] [bmv2] [T] [thread 3382] [32.0] [cxt 0] Bytes parsed: 38
[08:12:22.433] [bmv2] [D] [thread 3382] [32.0] [cxt 0] Parser 'parser': end
[08:12:22.433] [bmv2] [D] [thread 3382] [32.0] [cxt 0] Pipeline 'ingress': start
[08:12:22.433] [bmv2] [T] [thread 3382] [32.0] [cxt 0] qos.p4(197) Condition "hdr.ipv4.isValid()" (node_2) is true
[08:12:22.433] [bmv2] [T] [thread 3382] [32.0] [cxt 0] qos.p4(198) Condition "hdr.link_qos.link_qos == TARGET_LINK_QOS" (node_3) is true
[08:12:22.433] [bmv2] [T] [thread 3382] [32.0] [cxt 0] Applying table 'tbl_qos199'
[08:12:22.433] [bmv2] [D] [thread 3382] [32.0] [cxt 0] Looking up key:

[08:12:22.433] [bmv2] [D] [thread 3382] [32.0] [cxt 0] Table 'tbl_qos199': miss
[08:12:22.433] [bmv2] [D] [thread 3382] [32.0] [cxt 0] Action entry is qos199 - 
[08:12:22.433] [bmv2] [T] [thread 3382] [32.0] [cxt 0] Action qos199
[08:12:22.434] [bmv2] [T] [thread 3382] [32.0] [cxt 0] qos.p4(199) Primitive hdr.ipv4.diffserv = (TARGET_DSCP << 2
[08:12:22.434] [bmv2] [T] [thread 3382] [32.0] [cxt 0] qos.p4(28) Primitive 7; ...
[08:12:22.434] [bmv2] [T] [thread 3382] [32.0] [cxt 0] Applying table 'MyIngress.ipv4_lpm'
[08:12:22.434] [bmv2] [D] [thread 3382] [32.0] [cxt 0] Looking up key:
* hdr.ipv4.dstAddr    : 0a000202

[08:12:22.434] [bmv2] [D] [thread 3382] [32.0] [cxt 0] Table 'MyIngress.ipv4_lpm': hit with handle 0
[08:12:22.434] [bmv2] [D] [thread 3382] [32.0] [cxt 0] Dumping entry 0
Match key:
* hdr.ipv4.dstAddr    : LPM       0a000202/32
Action entry: MyIngress.ipv4_forward - 80000000202,2,

[08:12:22.434] [bmv2] [D] [thread 3382] [32.0] [cxt 0] Action entry is MyIngress.ipv4_forward - 80000000202,2,
[08:12:22.434] [bmv2] [T] [thread 3382] [32.0] [cxt 0] Action MyIngress.ipv4_forward
[08:12:22.434] [bmv2] [T] [thread 3382] [32.0] [cxt 0] qos.p4(175) Primitive standard_metadata.egress_spec = port
[08:12:22.434] [bmv2] [T] [thread 3382] [32.0] [cxt 0] qos.p4(176) Primitive hdr.ethernet.srcAddr = hdr.ethernet.dstAddr
[08:12:22.434] [bmv2] [T] [thread 3382] [32.0] [cxt 0] qos.p4(177) Primitive hdr.ethernet.dstAddr = dstAddr
[08:12:22.434] [bmv2] [T] [thread 3382] [32.0] [cxt 0] qos.p4(178) Primitive hdr.ipv4.ttl = hdr.ipv4.ttl - 1
[08:12:22.434] [bmv2] [D] [thread 3382] [32.0] [cxt 0] Pipeline 'ingress': end
[08:12:22.434] [bmv2] [D] [thread 3382] [32.0] [cxt 0] Egress port is 2
[08:12:22.434] [bmv2] [D] [thread 3385] [32.0] [cxt 0] Pipeline 'egress': start
[08:12:22.434] [bmv2] [D] [thread 3385] [32.0] [cxt 0] Pipeline 'egress': end
[08:12:22.434] [bmv2] [D] [thread 3385] [32.0] [cxt 0] Deparser 'deparser': start
[08:12:22.434] [bmv2] [D] [thread 3385] [32.0] [cxt 0] Updating checksum 'cksum'
[08:12:22.434] [bmv2] [D] [thread 3385] [32.0] [cxt 0] Deparsing header 'ethernet'
[08:12:22.434] [bmv2] [D] [thread 3385] [32.0] [cxt 0] Deparsing header 'vlan'
[08:12:22.434] [bmv2] [D] [thread 3385] [32.0] [cxt 0] Deparsing header 'ipv4'
[08:12:22.434] [bmv2] [D] [thread 3385] [32.0] [cxt 0] Deparser 'deparser': end
[08:12:22.434] [bmv2] [D] [thread 3387] [32.0] [cxt 0] Transmitting packet of size 46 out of port 2
[08:12:23.454] [bmv2] [D] [thread 3382] [33.0] [cxt 0] Processing packet received on port 3
[08:12:23.454] [bmv2] [D] [thread 3382] [33.0] [cxt 0] Parser 'parser': start
[08:12:23.454] [bmv2] [D] [thread 3382] [33.0] [cxt 0] Parser 'parser' entering state 'start'
[08:12:23.454] [bmv2] [D] [thread 3382] [33.0] [cxt 0] Extracting header 'ethernet'
[08:12:23.454] [bmv2] [D] [thread 3382] [33.0] [cxt 0] Parser state 'start': key is 8100
[08:12:23.454] [bmv2] [T] [thread 3382] [33.0] [cxt 0] Bytes parsed: 14
[08:12:23.454] [bmv2] [D] [thread 3382] [33.0] [cxt 0] Parser 'parser' entering state 'parse_vlan'
[08:12:23.454] [bmv2] [D] [thread 3382] [33.0] [cxt 0] Extracting header 'vlan'
[08:12:23.454] [bmv2] [D] [thread 3382] [33.0] [cxt 0] Parser state 'parse_vlan': key is 0800
[08:12:23.454] [bmv2] [T] [thread 3382] [33.0] [cxt 0] Bytes parsed: 18
[08:12:23.454] [bmv2] [D] [thread 3382] [33.0] [cxt 0] Parser 'parser' entering state 'parse_ipv4'
[08:12:23.454] [bmv2] [D] [thread 3382] [33.0] [cxt 0] Extracting header 'ipv4'
[08:12:23.454] [bmv2] [D] [thread 3382] [33.0] [cxt 0] Parser set: setting field 'scalars.tmp' from expression, new value is 1
[08:12:23.454] [bmv2] [D] [thread 3382] [33.0] [cxt 0] Parser state 'parse_ipv4': key is 05
[08:12:23.454] [bmv2] [T] [thread 3382] [33.0] [cxt 0] Bytes parsed: 38
[08:12:23.455] [bmv2] [D] [thread 3382] [33.0] [cxt 0] Parser 'parser': end
[08:12:23.455] [bmv2] [D] [thread 3382] [33.0] [cxt 0] Pipeline 'ingress': start
[08:12:23.455] [bmv2] [T] [thread 3382] [33.0] [cxt 0] qos.p4(197) Condition "hdr.ipv4.isValid()" (node_2) is true
[08:12:23.455] [bmv2] [T] [thread 3382] [33.0] [cxt 0] qos.p4(198) Condition "hdr.link_qos.link_qos == TARGET_LINK_QOS" (node_3) is true
[08:12:23.455] [bmv2] [T] [thread 3382] [33.0] [cxt 0] Applying table 'tbl_qos199'
[08:12:23.455] [bmv2] [D] [thread 3382] [33.0] [cxt 0] Looking up key:

[08:12:23.455] [bmv2] [D] [thread 3382] [33.0] [cxt 0] Table 'tbl_qos199': miss
[08:12:23.455] [bmv2] [D] [thread 3382] [33.0] [cxt 0] Action entry is qos199 - 
[08:12:23.455] [bmv2] [T] [thread 3382] [33.0] [cxt 0] Action qos199
[08:12:23.455] [bmv2] [T] [thread 3382] [33.0] [cxt 0] qos.p4(199) Primitive hdr.ipv4.diffserv = (TARGET_DSCP << 2
[08:12:23.455] [bmv2] [T] [thread 3382] [33.0] [cxt 0] qos.p4(28) Primitive 7; ...
[08:12:23.455] [bmv2] [T] [thread 3382] [33.0] [cxt 0] Applying table 'MyIngress.ipv4_lpm'
[08:12:23.455] [bmv2] [D] [thread 3382] [33.0] [cxt 0] Looking up key:
* hdr.ipv4.dstAddr    : 0a000202

[08:12:23.455] [bmv2] [D] [thread 3382] [33.0] [cxt 0] Table 'MyIngress.ipv4_lpm': hit with handle 0
[08:12:23.455] [bmv2] [D] [thread 3382] [33.0] [cxt 0] Dumping entry 0
Match key:
* hdr.ipv4.dstAddr    : LPM       0a000202/32
Action entry: MyIngress.ipv4_forward - 80000000202,2,

[08:12:23.455] [bmv2] [D] [thread 3382] [33.0] [cxt 0] Action entry is MyIngress.ipv4_forward - 80000000202,2,
[08:12:23.455] [bmv2] [T] [thread 3382] [33.0] [cxt 0] Action MyIngress.ipv4_forward
[08:12:23.455] [bmv2] [T] [thread 3382] [33.0] [cxt 0] qos.p4(175) Primitive standard_metadata.egress_spec = port
[08:12:23.455] [bmv2] [T] [thread 3382] [33.0] [cxt 0] qos.p4(176) Primitive hdr.ethernet.srcAddr = hdr.ethernet.dstAddr
[08:12:23.455] [bmv2] [T] [thread 3382] [33.0] [cxt 0] qos.p4(177) Primitive hdr.ethernet.dstAddr = dstAddr
[08:12:23.455] [bmv2] [T] [thread 3382] [33.0] [cxt 0] qos.p4(178) Primitive hdr.ipv4.ttl = hdr.ipv4.ttl - 1
[08:12:23.455] [bmv2] [D] [thread 3382] [33.0] [cxt 0] Pipeline 'ingress': end
[08:12:23.455] [bmv2] [D] [thread 3382] [33.0] [cxt 0] Egress port is 2
[08:12:23.456] [bmv2] [D] [thread 3385] [33.0] [cxt 0] Pipeline 'egress': start
[08:12:23.456] [bmv2] [D] [thread 3385] [33.0] [cxt 0] Pipeline 'egress': end
[08:12:23.456] [bmv2] [D] [thread 3385] [33.0] [cxt 0] Deparser 'deparser': start
[08:12:23.456] [bmv2] [D] [thread 3385] [33.0] [cxt 0] Updating checksum 'cksum'
[08:12:23.456] [bmv2] [D] [thread 3385] [33.0] [cxt 0] Deparsing header 'ethernet'
[08:12:23.456] [bmv2] [D] [thread 3385] [33.0] [cxt 0] Deparsing header 'vlan'
[08:12:23.456] [bmv2] [D] [thread 3385] [33.0] [cxt 0] Deparsing header 'ipv4'
[08:12:23.456] [bmv2] [D] [thread 3385] [33.0] [cxt 0] Deparser 'deparser': end
[08:12:23.456] [bmv2] [D] [thread 3387] [33.0] [cxt 0] Transmitting packet of size 46 out of port 2
[08:12:23.467] [bmv2] [D] [thread 3382] [34.0] [cxt 0] Processing packet received on port 3
[08:12:23.467] [bmv2] [D] [thread 3382] [34.0] [cxt 0] Parser 'parser': start
[08:12:23.467] [bmv2] [D] [thread 3382] [34.0] [cxt 0] Parser 'parser' entering state 'start'
[08:12:23.467] [bmv2] [D] [thread 3382] [34.0] [cxt 0] Extracting header 'ethernet'
[08:12:23.467] [bmv2] [D] [thread 3382] [34.0] [cxt 0] Parser state 'start': key is 8100
[08:12:23.467] [bmv2] [T] [thread 3382] [34.0] [cxt 0] Bytes parsed: 14
[08:12:23.467] [bmv2] [D] [thread 3382] [34.0] [cxt 0] Parser 'parser' entering state 'parse_vlan'
[08:12:23.467] [bmv2] [D] [thread 3382] [34.0] [cxt 0] Extracting header 'vlan'
[08:12:23.467] [bmv2] [D] [thread 3382] [34.0] [cxt 0] Parser state 'parse_vlan': key is 0800
[08:12:23.467] [bmv2] [T] [thread 3382] [34.0] [cxt 0] Bytes parsed: 18
[08:12:23.467] [bmv2] [D] [thread 3382] [34.0] [cxt 0] Parser 'parser' entering state 'parse_ipv4'
[08:12:23.467] [bmv2] [D] [thread 3382] [34.0] [cxt 0] Extracting header 'ipv4'
[08:12:23.467] [bmv2] [D] [thread 3382] [34.0] [cxt 0] Parser set: setting field 'scalars.tmp' from expression, new value is 1
[08:12:23.467] [bmv2] [D] [thread 3382] [34.0] [cxt 0] Parser state 'parse_ipv4': key is 06
[08:12:23.467] [bmv2] [T] [thread 3382] [34.0] [cxt 0] Bytes parsed: 38
[08:12:23.467] [bmv2] [D] [thread 3382] [34.0] [cxt 0] Parser 'parser' entering state 'parse_ipv4_option'
[08:12:23.467] [bmv2] [D] [thread 3382] [34.0] [cxt 0] Extracting header 'ipv4_option'
[08:12:23.467] [bmv2] [D] [thread 3382] [34.0] [cxt 0] Parser state 'parse_ipv4_option': key is 1f
[08:12:23.467] [bmv2] [T] [thread 3382] [34.0] [cxt 0] Bytes parsed: 40
[08:12:23.467] [bmv2] [D] [thread 3382] [34.0] [cxt 0] Parser 'parser' entering state 'parse_link_qos'
[08:12:23.467] [bmv2] [D] [thread 3382] [34.0] [cxt 0] Extracting header 'link_qos'
[08:12:23.467] [bmv2] [D] [thread 3382] [34.0] [cxt 0] Parser state 'parse_link_qos' has no switch, going to default next state
[08:12:23.467] [bmv2] [T] [thread 3382] [34.0] [cxt 0] Bytes parsed: 42
[08:12:23.467] [bmv2] [D] [thread 3382] [34.0] [cxt 0] Parser 'parser': end
[08:12:23.467] [bmv2] [D] [thread 3382] [34.0] [cxt 0] Pipeline 'ingress': start
[08:12:23.467] [bmv2] [T] [thread 3382] [34.0] [cxt 0] qos.p4(197) Condition "hdr.ipv4.isValid()" (node_2) is true
[08:12:23.467] [bmv2] [T] [thread 3382] [34.0] [cxt 0] qos.p4(198) Condition "hdr.link_qos.link_qos == TARGET_LINK_QOS" (node_3) is true
[08:12:23.467] [bmv2] [T] [thread 3382] [34.0] [cxt 0] Applying table 'tbl_qos199'
[08:12:23.467] [bmv2] [D] [thread 3382] [34.0] [cxt 0] Looking up key:

[08:12:23.467] [bmv2] [D] [thread 3382] [34.0] [cxt 0] Table 'tbl_qos199': miss
[08:12:23.467] [bmv2] [D] [thread 3382] [34.0] [cxt 0] Action entry is qos199 - 
[08:12:23.467] [bmv2] [T] [thread 3382] [34.0] [cxt 0] Action qos199
[08:12:23.468] [bmv2] [T] [thread 3382] [34.0] [cxt 0] qos.p4(199) Primitive hdr.ipv4.diffserv = (TARGET_DSCP << 2
[08:12:23.468] [bmv2] [T] [thread 3382] [34.0] [cxt 0] qos.p4(28) Primitive 7; ...
[08:12:23.468] [bmv2] [T] [thread 3382] [34.0] [cxt 0] Applying table 'MyIngress.ipv4_lpm'
[08:12:23.468] [bmv2] [D] [thread 3382] [34.0] [cxt 0] Looking up key:
* hdr.ipv4.dstAddr    : 0a000202

[08:12:23.468] [bmv2] [D] [thread 3382] [34.0] [cxt 0] Table 'MyIngress.ipv4_lpm': hit with handle 0
[08:12:23.468] [bmv2] [D] [thread 3382] [34.0] [cxt 0] Dumping entry 0
Match key:
* hdr.ipv4.dstAddr    : LPM       0a000202/32
Action entry: MyIngress.ipv4_forward - 80000000202,2,

[08:12:23.468] [bmv2] [D] [thread 3382] [34.0] [cxt 0] Action entry is MyIngress.ipv4_forward - 80000000202,2,
[08:12:23.468] [bmv2] [T] [thread 3382] [34.0] [cxt 0] Action MyIngress.ipv4_forward
[08:12:23.468] [bmv2] [T] [thread 3382] [34.0] [cxt 0] qos.p4(175) Primitive standard_metadata.egress_spec = port
[08:12:23.468] [bmv2] [T] [thread 3382] [34.0] [cxt 0] qos.p4(176) Primitive hdr.ethernet.srcAddr = hdr.ethernet.dstAddr
[08:12:23.468] [bmv2] [T] [thread 3382] [34.0] [cxt 0] qos.p4(177) Primitive hdr.ethernet.dstAddr = dstAddr
[08:12:23.468] [bmv2] [T] [thread 3382] [34.0] [cxt 0] qos.p4(178) Primitive hdr.ipv4.ttl = hdr.ipv4.ttl - 1
[08:12:23.468] [bmv2] [D] [thread 3382] [34.0] [cxt 0] Pipeline 'ingress': end
[08:12:23.468] [bmv2] [D] [thread 3382] [34.0] [cxt 0] Egress port is 2
[08:12:23.468] [bmv2] [D] [thread 3385] [34.0] [cxt 0] Pipeline 'egress': start
[08:12:23.468] [bmv2] [D] [thread 3385] [34.0] [cxt 0] Pipeline 'egress': end
[08:12:23.468] [bmv2] [D] [thread 3385] [34.0] [cxt 0] Deparser 'deparser': start
[08:12:23.468] [bmv2] [D] [thread 3385] [34.0] [cxt 0] Updating checksum 'cksum'
[08:12:23.468] [bmv2] [D] [thread 3385] [34.0] [cxt 0] Deparsing header 'ethernet'
[08:12:23.468] [bmv2] [D] [thread 3385] [34.0] [cxt 0] Deparsing header 'vlan'
[08:12:23.468] [bmv2] [D] [thread 3385] [34.0] [cxt 0] Deparsing header 'ipv4'
[08:12:23.468] [bmv2] [D] [thread 3385] [34.0] [cxt 0] Deparsing header 'ipv4_option'
[08:12:23.468] [bmv2] [D] [thread 3385] [34.0] [cxt 0] Deparsing header 'link_qos'
[08:12:23.468] [bmv2] [D] [thread 3385] [34.0] [cxt 0] Deparser 'deparser': end
[08:12:23.468] [bmv2] [D] [thread 3387] [34.0] [cxt 0] Transmitting packet of size 50 out of port 2
[08:12:24.502] [bmv2] [D] [thread 3382] [35.0] [cxt 0] Processing packet received on port 3
[08:12:24.502] [bmv2] [D] [thread 3382] [35.0] [cxt 0] Parser 'parser': start
[08:12:24.503] [bmv2] [D] [thread 3382] [35.0] [cxt 0] Parser 'parser' entering state 'start'
[08:12:24.503] [bmv2] [D] [thread 3382] [35.0] [cxt 0] Extracting header 'ethernet'
[08:12:24.503] [bmv2] [D] [thread 3382] [35.0] [cxt 0] Parser state 'start': key is 8100
[08:12:24.503] [bmv2] [T] [thread 3382] [35.0] [cxt 0] Bytes parsed: 14
[08:12:24.503] [bmv2] [D] [thread 3382] [35.0] [cxt 0] Parser 'parser' entering state 'parse_vlan'
[08:12:24.503] [bmv2] [D] [thread 3382] [35.0] [cxt 0] Extracting header 'vlan'
[08:12:24.503] [bmv2] [D] [thread 3382] [35.0] [cxt 0] Parser state 'parse_vlan': key is 0800
[08:12:24.503] [bmv2] [T] [thread 3382] [35.0] [cxt 0] Bytes parsed: 18
[08:12:24.503] [bmv2] [D] [thread 3382] [35.0] [cxt 0] Parser 'parser' entering state 'parse_ipv4'
[08:12:24.503] [bmv2] [D] [thread 3382] [35.0] [cxt 0] Extracting header 'ipv4'
[08:12:24.503] [bmv2] [D] [thread 3382] [35.0] [cxt 0] Parser set: setting field 'scalars.tmp' from expression, new value is 1
[08:12:24.503] [bmv2] [D] [thread 3382] [35.0] [cxt 0] Parser state 'parse_ipv4': key is 05
[08:12:24.503] [bmv2] [T] [thread 3382] [35.0] [cxt 0] Bytes parsed: 38
[08:12:24.503] [bmv2] [D] [thread 3382] [35.0] [cxt 0] Parser 'parser': end
[08:12:24.503] [bmv2] [D] [thread 3382] [35.0] [cxt 0] Pipeline 'ingress': start
[08:12:24.503] [bmv2] [T] [thread 3382] [35.0] [cxt 0] qos.p4(197) Condition "hdr.ipv4.isValid()" (node_2) is true
[08:12:24.503] [bmv2] [T] [thread 3382] [35.0] [cxt 0] qos.p4(198) Condition "hdr.link_qos.link_qos == TARGET_LINK_QOS" (node_3) is true
[08:12:24.503] [bmv2] [T] [thread 3382] [35.0] [cxt 0] Applying table 'tbl_qos199'
[08:12:24.503] [bmv2] [D] [thread 3382] [35.0] [cxt 0] Looking up key:

[08:12:24.503] [bmv2] [D] [thread 3382] [35.0] [cxt 0] Table 'tbl_qos199': miss
[08:12:24.504] [bmv2] [D] [thread 3382] [35.0] [cxt 0] Action entry is qos199 - 
[08:12:24.504] [bmv2] [T] [thread 3382] [35.0] [cxt 0] Action qos199
[08:12:24.504] [bmv2] [T] [thread 3382] [35.0] [cxt 0] qos.p4(199) Primitive hdr.ipv4.diffserv = (TARGET_DSCP << 2
[08:12:24.504] [bmv2] [T] [thread 3382] [35.0] [cxt 0] qos.p4(28) Primitive 7; ...
[08:12:24.504] [bmv2] [T] [thread 3382] [35.0] [cxt 0] Applying table 'MyIngress.ipv4_lpm'
[08:12:24.504] [bmv2] [D] [thread 3382] [35.0] [cxt 0] Looking up key:
* hdr.ipv4.dstAddr    : 0a000202

[08:12:24.504] [bmv2] [D] [thread 3382] [35.0] [cxt 0] Table 'MyIngress.ipv4_lpm': hit with handle 0
[08:12:24.504] [bmv2] [D] [thread 3382] [35.0] [cxt 0] Dumping entry 0
Match key:
* hdr.ipv4.dstAddr    : LPM       0a000202/32
Action entry: MyIngress.ipv4_forward - 80000000202,2,

[08:12:24.504] [bmv2] [D] [thread 3382] [35.0] [cxt 0] Action entry is MyIngress.ipv4_forward - 80000000202,2,
[08:12:24.504] [bmv2] [T] [thread 3382] [35.0] [cxt 0] Action MyIngress.ipv4_forward
[08:12:24.504] [bmv2] [T] [thread 3382] [35.0] [cxt 0] qos.p4(175) Primitive standard_metadata.egress_spec = port
[08:12:24.504] [bmv2] [T] [thread 3382] [35.0] [cxt 0] qos.p4(176) Primitive hdr.ethernet.srcAddr = hdr.ethernet.dstAddr
[08:12:24.504] [bmv2] [T] [thread 3382] [35.0] [cxt 0] qos.p4(177) Primitive hdr.ethernet.dstAddr = dstAddr
[08:12:24.504] [bmv2] [T] [thread 3382] [35.0] [cxt 0] qos.p4(178) Primitive hdr.ipv4.ttl = hdr.ipv4.ttl - 1
[08:12:24.504] [bmv2] [D] [thread 3382] [35.0] [cxt 0] Pipeline 'ingress': end
[08:12:24.504] [bmv2] [D] [thread 3382] [35.0] [cxt 0] Egress port is 2
[08:12:24.504] [bmv2] [D] [thread 3385] [35.0] [cxt 0] Pipeline 'egress': start
[08:12:24.504] [bmv2] [D] [thread 3385] [35.0] [cxt 0] Pipeline 'egress': end
[08:12:24.504] [bmv2] [D] [thread 3385] [35.0] [cxt 0] Deparser 'deparser': start
[08:12:24.504] [bmv2] [D] [thread 3385] [35.0] [cxt 0] Updating checksum 'cksum'
[08:12:24.504] [bmv2] [D] [thread 3385] [35.0] [cxt 0] Deparsing header 'ethernet'
[08:12:24.504] [bmv2] [D] [thread 3385] [35.0] [cxt 0] Deparsing header 'vlan'
[08:12:24.504] [bmv2] [D] [thread 3385] [35.0] [cxt 0] Deparsing header 'ipv4'
[08:12:24.505] [bmv2] [D] [thread 3385] [35.0] [cxt 0] Deparser 'deparser': end
[08:12:24.505] [bmv2] [D] [thread 3387] [35.0] [cxt 0] Transmitting packet of size 46 out of port 2
[08:12:24.519] [bmv2] [D] [thread 3382] [36.0] [cxt 0] Processing packet received on port 3
[08:12:24.519] [bmv2] [D] [thread 3382] [36.0] [cxt 0] Parser 'parser': start
[08:12:24.519] [bmv2] [D] [thread 3382] [36.0] [cxt 0] Parser 'parser' entering state 'start'
[08:12:24.519] [bmv2] [D] [thread 3382] [36.0] [cxt 0] Extracting header 'ethernet'
[08:12:24.519] [bmv2] [D] [thread 3382] [36.0] [cxt 0] Parser state 'start': key is 8100
[08:12:24.519] [bmv2] [T] [thread 3382] [36.0] [cxt 0] Bytes parsed: 14
[08:12:24.519] [bmv2] [D] [thread 3382] [36.0] [cxt 0] Parser 'parser' entering state 'parse_vlan'
[08:12:24.519] [bmv2] [D] [thread 3382] [36.0] [cxt 0] Extracting header 'vlan'
[08:12:24.519] [bmv2] [D] [thread 3382] [36.0] [cxt 0] Parser state 'parse_vlan': key is 0800
[08:12:24.519] [bmv2] [T] [thread 3382] [36.0] [cxt 0] Bytes parsed: 18
[08:12:24.519] [bmv2] [D] [thread 3382] [36.0] [cxt 0] Parser 'parser' entering state 'parse_ipv4'
[08:12:24.519] [bmv2] [D] [thread 3382] [36.0] [cxt 0] Extracting header 'ipv4'
[08:12:24.519] [bmv2] [D] [thread 3382] [36.0] [cxt 0] Parser set: setting field 'scalars.tmp' from expression, new value is 1
[08:12:24.519] [bmv2] [D] [thread 3382] [36.0] [cxt 0] Parser state 'parse_ipv4': key is 06
[08:12:24.519] [bmv2] [T] [thread 3382] [36.0] [cxt 0] Bytes parsed: 38
[08:12:24.519] [bmv2] [D] [thread 3382] [36.0] [cxt 0] Parser 'parser' entering state 'parse_ipv4_option'
[08:12:24.519] [bmv2] [D] [thread 3382] [36.0] [cxt 0] Extracting header 'ipv4_option'
[08:12:24.519] [bmv2] [D] [thread 3382] [36.0] [cxt 0] Parser state 'parse_ipv4_option': key is 1f
[08:12:24.519] [bmv2] [T] [thread 3382] [36.0] [cxt 0] Bytes parsed: 40
[08:12:24.519] [bmv2] [D] [thread 3382] [36.0] [cxt 0] Parser 'parser' entering state 'parse_link_qos'
[08:12:24.519] [bmv2] [D] [thread 3382] [36.0] [cxt 0] Extracting header 'link_qos'
[08:12:24.519] [bmv2] [D] [thread 3382] [36.0] [cxt 0] Parser state 'parse_link_qos' has no switch, going to default next state
[08:12:24.519] [bmv2] [T] [thread 3382] [36.0] [cxt 0] Bytes parsed: 42
[08:12:24.519] [bmv2] [D] [thread 3382] [36.0] [cxt 0] Parser 'parser': end
[08:12:24.519] [bmv2] [D] [thread 3382] [36.0] [cxt 0] Pipeline 'ingress': start
[08:12:24.519] [bmv2] [T] [thread 3382] [36.0] [cxt 0] qos.p4(197) Condition "hdr.ipv4.isValid()" (node_2) is true
[08:12:24.519] [bmv2] [T] [thread 3382] [36.0] [cxt 0] qos.p4(198) Condition "hdr.link_qos.link_qos == TARGET_LINK_QOS" (node_3) is true
[08:12:24.520] [bmv2] [T] [thread 3382] [36.0] [cxt 0] Applying table 'tbl_qos199'
[08:12:24.520] [bmv2] [D] [thread 3382] [36.0] [cxt 0] Looking up key:

[08:12:24.520] [bmv2] [D] [thread 3382] [36.0] [cxt 0] Table 'tbl_qos199': miss
[08:12:24.520] [bmv2] [D] [thread 3382] [36.0] [cxt 0] Action entry is qos199 - 
[08:12:24.520] [bmv2] [T] [thread 3382] [36.0] [cxt 0] Action qos199
[08:12:24.520] [bmv2] [T] [thread 3382] [36.0] [cxt 0] qos.p4(199) Primitive hdr.ipv4.diffserv = (TARGET_DSCP << 2
[08:12:24.520] [bmv2] [T] [thread 3382] [36.0] [cxt 0] qos.p4(28) Primitive 7; ...
[08:12:24.520] [bmv2] [T] [thread 3382] [36.0] [cxt 0] Applying table 'MyIngress.ipv4_lpm'
[08:12:24.520] [bmv2] [D] [thread 3382] [36.0] [cxt 0] Looking up key:
* hdr.ipv4.dstAddr    : 0a000202

[08:12:24.520] [bmv2] [D] [thread 3382] [36.0] [cxt 0] Table 'MyIngress.ipv4_lpm': hit with handle 0
[08:12:24.520] [bmv2] [D] [thread 3382] [36.0] [cxt 0] Dumping entry 0
Match key:
* hdr.ipv4.dstAddr    : LPM       0a000202/32
Action entry: MyIngress.ipv4_forward - 80000000202,2,

[08:12:24.520] [bmv2] [D] [thread 3382] [36.0] [cxt 0] Action entry is MyIngress.ipv4_forward - 80000000202,2,
[08:12:24.520] [bmv2] [T] [thread 3382] [36.0] [cxt 0] Action MyIngress.ipv4_forward
[08:12:24.520] [bmv2] [T] [thread 3382] [36.0] [cxt 0] qos.p4(175) Primitive standard_metadata.egress_spec = port
[08:12:24.520] [bmv2] [T] [thread 3382] [36.0] [cxt 0] qos.p4(176) Primitive hdr.ethernet.srcAddr = hdr.ethernet.dstAddr
[08:12:24.520] [bmv2] [T] [thread 3382] [36.0] [cxt 0] qos.p4(177) Primitive hdr.ethernet.dstAddr = dstAddr
[08:12:24.520] [bmv2] [T] [thread 3382] [36.0] [cxt 0] qos.p4(178) Primitive hdr.ipv4.ttl = hdr.ipv4.ttl - 1
[08:12:24.520] [bmv2] [D] [thread 3382] [36.0] [cxt 0] Pipeline 'ingress': end
[08:12:24.520] [bmv2] [D] [thread 3382] [36.0] [cxt 0] Egress port is 2
[08:12:24.520] [bmv2] [D] [thread 3385] [36.0] [cxt 0] Pipeline 'egress': start
[08:12:24.520] [bmv2] [D] [thread 3385] [36.0] [cxt 0] Pipeline 'egress': end
[08:12:24.520] [bmv2] [D] [thread 3385] [36.0] [cxt 0] Deparser 'deparser': start
[08:12:24.520] [bmv2] [D] [thread 3385] [36.0] [cxt 0] Updating checksum 'cksum'
[08:12:24.520] [bmv2] [D] [thread 3385] [36.0] [cxt 0] Deparsing header 'ethernet'
[08:12:24.520] [bmv2] [D] [thread 3385] [36.0] [cxt 0] Deparsing header 'vlan'
[08:12:24.520] [bmv2] [D] [thread 3385] [36.0] [cxt 0] Deparsing header 'ipv4'
[08:12:24.520] [bmv2] [D] [thread 3385] [36.0] [cxt 0] Deparsing header 'ipv4_option'
[08:12:24.520] [bmv2] [D] [thread 3385] [36.0] [cxt 0] Deparsing header 'link_qos'
[08:12:24.520] [bmv2] [D] [thread 3385] [36.0] [cxt 0] Deparser 'deparser': end
[08:12:24.521] [bmv2] [D] [thread 3387] [36.0] [cxt 0] Transmitting packet of size 50 out of port 2
[08:12:25.558] [bmv2] [D] [thread 3382] [37.0] [cxt 0] Processing packet received on port 3
[08:12:25.558] [bmv2] [D] [thread 3382] [37.0] [cxt 0] Parser 'parser': start
[08:12:25.558] [bmv2] [D] [thread 3382] [37.0] [cxt 0] Parser 'parser' entering state 'start'
[08:12:25.558] [bmv2] [D] [thread 3382] [37.0] [cxt 0] Extracting header 'ethernet'
[08:12:25.558] [bmv2] [D] [thread 3382] [37.0] [cxt 0] Parser state 'start': key is 8100
[08:12:25.558] [bmv2] [T] [thread 3382] [37.0] [cxt 0] Bytes parsed: 14
[08:12:25.558] [bmv2] [D] [thread 3382] [37.0] [cxt 0] Parser 'parser' entering state 'parse_vlan'
[08:12:25.558] [bmv2] [D] [thread 3382] [37.0] [cxt 0] Extracting header 'vlan'
[08:12:25.558] [bmv2] [D] [thread 3382] [37.0] [cxt 0] Parser state 'parse_vlan': key is 0800
[08:12:25.558] [bmv2] [T] [thread 3382] [37.0] [cxt 0] Bytes parsed: 18
[08:12:25.558] [bmv2] [D] [thread 3382] [37.0] [cxt 0] Parser 'parser' entering state 'parse_ipv4'
[08:12:25.558] [bmv2] [D] [thread 3382] [37.0] [cxt 0] Extracting header 'ipv4'
[08:12:25.558] [bmv2] [D] [thread 3382] [37.0] [cxt 0] Parser set: setting field 'scalars.tmp' from expression, new value is 1
[08:12:25.559] [bmv2] [D] [thread 3382] [37.0] [cxt 0] Parser state 'parse_ipv4': key is 06
[08:12:25.559] [bmv2] [T] [thread 3382] [37.0] [cxt 0] Bytes parsed: 38
[08:12:25.559] [bmv2] [D] [thread 3382] [37.0] [cxt 0] Parser 'parser' entering state 'parse_ipv4_option'
[08:12:25.559] [bmv2] [D] [thread 3382] [37.0] [cxt 0] Extracting header 'ipv4_option'
[08:12:25.559] [bmv2] [D] [thread 3382] [37.0] [cxt 0] Parser state 'parse_ipv4_option': key is 1f
[08:12:25.559] [bmv2] [T] [thread 3382] [37.0] [cxt 0] Bytes parsed: 40
[08:12:25.559] [bmv2] [D] [thread 3382] [37.0] [cxt 0] Parser 'parser' entering state 'parse_link_qos'
[08:12:25.559] [bmv2] [D] [thread 3382] [37.0] [cxt 0] Extracting header 'link_qos'
[08:12:25.559] [bmv2] [D] [thread 3382] [37.0] [cxt 0] Parser state 'parse_link_qos' has no switch, going to default next state
[08:12:25.559] [bmv2] [T] [thread 3382] [37.0] [cxt 0] Bytes parsed: 42
[08:12:25.559] [bmv2] [D] [thread 3382] [37.0] [cxt 0] Parser 'parser': end
[08:12:25.559] [bmv2] [D] [thread 3382] [37.0] [cxt 0] Pipeline 'ingress': start
[08:12:25.559] [bmv2] [T] [thread 3382] [37.0] [cxt 0] qos.p4(197) Condition "hdr.ipv4.isValid()" (node_2) is true
[08:12:25.559] [bmv2] [T] [thread 3382] [37.0] [cxt 0] qos.p4(198) Condition "hdr.link_qos.link_qos == TARGET_LINK_QOS" (node_3) is true
[08:12:25.559] [bmv2] [T] [thread 3382] [37.0] [cxt 0] Applying table 'tbl_qos199'
[08:12:25.559] [bmv2] [D] [thread 3382] [37.0] [cxt 0] Looking up key:

[08:12:25.559] [bmv2] [D] [thread 3382] [37.0] [cxt 0] Table 'tbl_qos199': miss
[08:12:25.559] [bmv2] [D] [thread 3382] [37.0] [cxt 0] Action entry is qos199 - 
[08:12:25.559] [bmv2] [T] [thread 3382] [37.0] [cxt 0] Action qos199
[08:12:25.559] [bmv2] [T] [thread 3382] [37.0] [cxt 0] qos.p4(199) Primitive hdr.ipv4.diffserv = (TARGET_DSCP << 2
[08:12:25.559] [bmv2] [T] [thread 3382] [37.0] [cxt 0] qos.p4(28) Primitive 7; ...
[08:12:25.559] [bmv2] [T] [thread 3382] [37.0] [cxt 0] Applying table 'MyIngress.ipv4_lpm'
[08:12:25.559] [bmv2] [D] [thread 3382] [37.0] [cxt 0] Looking up key:
* hdr.ipv4.dstAddr    : 0a000202

[08:12:25.559] [bmv2] [D] [thread 3382] [37.0] [cxt 0] Table 'MyIngress.ipv4_lpm': hit with handle 0
[08:12:25.559] [bmv2] [D] [thread 3382] [37.0] [cxt 0] Dumping entry 0
Match key:
* hdr.ipv4.dstAddr    : LPM       0a000202/32
Action entry: MyIngress.ipv4_forward - 80000000202,2,

[08:12:25.559] [bmv2] [D] [thread 3382] [37.0] [cxt 0] Action entry is MyIngress.ipv4_forward - 80000000202,2,
[08:12:25.559] [bmv2] [T] [thread 3382] [37.0] [cxt 0] Action MyIngress.ipv4_forward
[08:12:25.560] [bmv2] [T] [thread 3382] [37.0] [cxt 0] qos.p4(175) Primitive standard_metadata.egress_spec = port
[08:12:25.560] [bmv2] [T] [thread 3382] [37.0] [cxt 0] qos.p4(176) Primitive hdr.ethernet.srcAddr = hdr.ethernet.dstAddr
[08:12:25.560] [bmv2] [T] [thread 3382] [37.0] [cxt 0] qos.p4(177) Primitive hdr.ethernet.dstAddr = dstAddr
[08:12:25.560] [bmv2] [T] [thread 3382] [37.0] [cxt 0] qos.p4(178) Primitive hdr.ipv4.ttl = hdr.ipv4.ttl - 1
[08:12:25.560] [bmv2] [D] [thread 3382] [37.0] [cxt 0] Pipeline 'ingress': end
[08:12:25.560] [bmv2] [D] [thread 3382] [37.0] [cxt 0] Egress port is 2
[08:12:25.560] [bmv2] [D] [thread 3385] [37.0] [cxt 0] Pipeline 'egress': start
[08:12:25.560] [bmv2] [D] [thread 3385] [37.0] [cxt 0] Pipeline 'egress': end
[08:12:25.560] [bmv2] [D] [thread 3385] [37.0] [cxt 0] Deparser 'deparser': start
[08:12:25.560] [bmv2] [D] [thread 3385] [37.0] [cxt 0] Updating checksum 'cksum'
[08:12:25.560] [bmv2] [D] [thread 3385] [37.0] [cxt 0] Deparsing header 'ethernet'
[08:12:25.560] [bmv2] [D] [thread 3385] [37.0] [cxt 0] Deparsing header 'vlan'
[08:12:25.560] [bmv2] [D] [thread 3385] [37.0] [cxt 0] Deparsing header 'ipv4'
[08:12:25.560] [bmv2] [D] [thread 3385] [37.0] [cxt 0] Deparsing header 'ipv4_option'
[08:12:25.560] [bmv2] [D] [thread 3385] [37.0] [cxt 0] Deparsing header 'link_qos'
[08:12:25.560] [bmv2] [D] [thread 3385] [37.0] [cxt 0] Deparser 'deparser': end
[08:12:25.560] [bmv2] [D] [thread 3387] [37.0] [cxt 0] Transmitting packet of size 50 out of port 2
[08:12:25.569] [bmv2] [D] [thread 3382] [38.0] [cxt 0] Processing packet received on port 3
[08:12:25.570] [bmv2] [D] [thread 3382] [38.0] [cxt 0] Parser 'parser': start
[08:12:25.570] [bmv2] [D] [thread 3382] [38.0] [cxt 0] Parser 'parser' entering state 'start'
[08:12:25.570] [bmv2] [D] [thread 3382] [38.0] [cxt 0] Extracting header 'ethernet'
[08:12:25.570] [bmv2] [D] [thread 3382] [38.0] [cxt 0] Parser state 'start': key is 8100
[08:12:25.570] [bmv2] [T] [thread 3382] [38.0] [cxt 0] Bytes parsed: 14
[08:12:25.570] [bmv2] [D] [thread 3382] [38.0] [cxt 0] Parser 'parser' entering state 'parse_vlan'
[08:12:25.570] [bmv2] [D] [thread 3382] [38.0] [cxt 0] Extracting header 'vlan'
[08:12:25.570] [bmv2] [D] [thread 3382] [38.0] [cxt 0] Parser state 'parse_vlan': key is 0800
[08:12:25.570] [bmv2] [T] [thread 3382] [38.0] [cxt 0] Bytes parsed: 18
[08:12:25.570] [bmv2] [D] [thread 3382] [38.0] [cxt 0] Parser 'parser' entering state 'parse_ipv4'
[08:12:25.570] [bmv2] [D] [thread 3382] [38.0] [cxt 0] Extracting header 'ipv4'
[08:12:25.570] [bmv2] [D] [thread 3382] [38.0] [cxt 0] Parser set: setting field 'scalars.tmp' from expression, new value is 1
[08:12:25.570] [bmv2] [D] [thread 3382] [38.0] [cxt 0] Parser state 'parse_ipv4': key is 05
[08:12:25.570] [bmv2] [T] [thread 3382] [38.0] [cxt 0] Bytes parsed: 38
[08:12:25.570] [bmv2] [D] [thread 3382] [38.0] [cxt 0] Parser 'parser': end
[08:12:25.570] [bmv2] [D] [thread 3382] [38.0] [cxt 0] Pipeline 'ingress': start
[08:12:25.570] [bmv2] [T] [thread 3382] [38.0] [cxt 0] qos.p4(197) Condition "hdr.ipv4.isValid()" (node_2) is true
[08:12:25.571] [bmv2] [T] [thread 3382] [38.0] [cxt 0] qos.p4(198) Condition "hdr.link_qos.link_qos == TARGET_LINK_QOS" (node_3) is true
[08:12:25.571] [bmv2] [T] [thread 3382] [38.0] [cxt 0] Applying table 'tbl_qos199'
[08:12:25.571] [bmv2] [D] [thread 3382] [38.0] [cxt 0] Looking up key:

[08:12:25.571] [bmv2] [D] [thread 3382] [38.0] [cxt 0] Table 'tbl_qos199': miss
[08:12:25.571] [bmv2] [D] [thread 3382] [38.0] [cxt 0] Action entry is qos199 - 
[08:12:25.571] [bmv2] [T] [thread 3382] [38.0] [cxt 0] Action qos199
[08:12:25.571] [bmv2] [T] [thread 3382] [38.0] [cxt 0] qos.p4(199) Primitive hdr.ipv4.diffserv = (TARGET_DSCP << 2
[08:12:25.571] [bmv2] [T] [thread 3382] [38.0] [cxt 0] qos.p4(28) Primitive 7; ...
[08:12:25.571] [bmv2] [T] [thread 3382] [38.0] [cxt 0] Applying table 'MyIngress.ipv4_lpm'
[08:12:25.571] [bmv2] [D] [thread 3382] [38.0] [cxt 0] Looking up key:
* hdr.ipv4.dstAddr    : 0a000202

[08:12:25.571] [bmv2] [D] [thread 3382] [38.0] [cxt 0] Table 'MyIngress.ipv4_lpm': hit with handle 0
[08:12:25.571] [bmv2] [D] [thread 3382] [38.0] [cxt 0] Dumping entry 0
Match key:
* hdr.ipv4.dstAddr    : LPM       0a000202/32
Action entry: MyIngress.ipv4_forward - 80000000202,2,

[08:12:25.571] [bmv2] [D] [thread 3382] [38.0] [cxt 0] Action entry is MyIngress.ipv4_forward - 80000000202,2,
[08:12:25.571] [bmv2] [T] [thread 3382] [38.0] [cxt 0] Action MyIngress.ipv4_forward
[08:12:25.571] [bmv2] [T] [thread 3382] [38.0] [cxt 0] qos.p4(175) Primitive standard_metadata.egress_spec = port
[08:12:25.571] [bmv2] [T] [thread 3382] [38.0] [cxt 0] qos.p4(176) Primitive hdr.ethernet.srcAddr = hdr.ethernet.dstAddr
[08:12:25.571] [bmv2] [T] [thread 3382] [38.0] [cxt 0] qos.p4(177) Primitive hdr.ethernet.dstAddr = dstAddr
[08:12:25.571] [bmv2] [T] [thread 3382] [38.0] [cxt 0] qos.p4(178) Primitive hdr.ipv4.ttl = hdr.ipv4.ttl - 1
[08:12:25.571] [bmv2] [D] [thread 3382] [38.0] [cxt 0] Pipeline 'ingress': end
[08:12:25.571] [bmv2] [D] [thread 3382] [38.0] [cxt 0] Egress port is 2
[08:12:25.571] [bmv2] [D] [thread 3385] [38.0] [cxt 0] Pipeline 'egress': start
[08:12:25.571] [bmv2] [D] [thread 3385] [38.0] [cxt 0] Pipeline 'egress': end
[08:12:25.571] [bmv2] [D] [thread 3385] [38.0] [cxt 0] Deparser 'deparser': start
[08:12:25.571] [bmv2] [D] [thread 3385] [38.0] [cxt 0] Updating checksum 'cksum'
[08:12:25.571] [bmv2] [D] [thread 3385] [38.0] [cxt 0] Deparsing header 'ethernet'
[08:12:25.571] [bmv2] [D] [thread 3385] [38.0] [cxt 0] Deparsing header 'vlan'
[08:12:25.571] [bmv2] [D] [thread 3385] [38.0] [cxt 0] Deparsing header 'ipv4'
[08:12:25.572] [bmv2] [D] [thread 3385] [38.0] [cxt 0] Deparser 'deparser': end
[08:12:25.572] [bmv2] [D] [thread 3387] [38.0] [cxt 0] Transmitting packet of size 46 out of port 2
[08:12:26.351] [bmv2] [D] [thread 3382] [39.0] [cxt 0] Processing packet received on port 3
[08:12:26.351] [bmv2] [D] [thread 3382] [39.0] [cxt 0] Parser 'parser': start
[08:12:26.351] [bmv2] [D] [thread 3382] [39.0] [cxt 0] Parser 'parser' entering state 'start'
[08:12:26.351] [bmv2] [D] [thread 3382] [39.0] [cxt 0] Extracting header 'ethernet'
[08:12:26.352] [bmv2] [D] [thread 3382] [39.0] [cxt 0] Parser state 'start': key is 86dd
[08:12:26.352] [bmv2] [T] [thread 3382] [39.0] [cxt 0] Bytes parsed: 14
[08:12:26.352] [bmv2] [D] [thread 3382] [39.0] [cxt 0] Parser 'parser': end
[08:12:26.352] [bmv2] [D] [thread 3382] [39.0] [cxt 0] Pipeline 'ingress': start
[08:12:26.353] [bmv2] [T] [thread 3382] [39.0] [cxt 0] qos.p4(197) Condition "hdr.ipv4.isValid()" (node_2) is false
[08:12:26.353] [bmv2] [D] [thread 3382] [39.0] [cxt 0] Pipeline 'ingress': end
[08:12:26.353] [bmv2] [D] [thread 3382] [39.0] [cxt 0] Egress port is 0
[08:12:26.357] [bmv2] [D] [thread 3383] [39.0] [cxt 0] Pipeline 'egress': start
[08:12:26.357] [bmv2] [D] [thread 3383] [39.0] [cxt 0] Pipeline 'egress': end
[08:12:26.357] [bmv2] [D] [thread 3383] [39.0] [cxt 0] Deparser 'deparser': start
[08:12:26.357] [bmv2] [T] [thread 3383] [39.0] [cxt 0] Skipping checksum 'cksum' update because condition not met
[08:12:26.357] [bmv2] [D] [thread 3383] [39.0] [cxt 0] Deparsing header 'ethernet'
[08:12:26.357] [bmv2] [D] [thread 3383] [39.0] [cxt 0] Deparser 'deparser': end
[08:12:26.357] [bmv2] [D] [thread 3387] [39.0] [cxt 0] Transmitting packet of size 70 out of port 0
[08:12:26.608] [bmv2] [D] [thread 3382] [40.0] [cxt 0] Processing packet received on port 3
[08:12:26.608] [bmv2] [D] [thread 3382] [40.0] [cxt 0] Parser 'parser': start
[08:12:26.608] [bmv2] [D] [thread 3382] [40.0] [cxt 0] Parser 'parser' entering state 'start'
[08:12:26.608] [bmv2] [D] [thread 3382] [40.0] [cxt 0] Extracting header 'ethernet'
[08:12:26.608] [bmv2] [D] [thread 3382] [40.0] [cxt 0] Parser state 'start': key is 8100
[08:12:26.609] [bmv2] [T] [thread 3382] [40.0] [cxt 0] Bytes parsed: 14
[08:12:26.609] [bmv2] [D] [thread 3382] [40.0] [cxt 0] Parser 'parser' entering state 'parse_vlan'
[08:12:26.609] [bmv2] [D] [thread 3382] [40.0] [cxt 0] Extracting header 'vlan'
[08:12:26.609] [bmv2] [D] [thread 3382] [40.0] [cxt 0] Parser state 'parse_vlan': key is 0800
[08:12:26.609] [bmv2] [T] [thread 3382] [40.0] [cxt 0] Bytes parsed: 18
[08:12:26.609] [bmv2] [D] [thread 3382] [40.0] [cxt 0] Parser 'parser' entering state 'parse_ipv4'
[08:12:26.609] [bmv2] [D] [thread 3382] [40.0] [cxt 0] Extracting header 'ipv4'
[08:12:26.609] [bmv2] [D] [thread 3382] [40.0] [cxt 0] Parser set: setting field 'scalars.tmp' from expression, new value is 1
[08:12:26.609] [bmv2] [D] [thread 3382] [40.0] [cxt 0] Parser state 'parse_ipv4': key is 06
[08:12:26.609] [bmv2] [T] [thread 3382] [40.0] [cxt 0] Bytes parsed: 38
[08:12:26.609] [bmv2] [D] [thread 3382] [40.0] [cxt 0] Parser 'parser' entering state 'parse_ipv4_option'
[08:12:26.609] [bmv2] [D] [thread 3382] [40.0] [cxt 0] Extracting header 'ipv4_option'
[08:12:26.609] [bmv2] [D] [thread 3382] [40.0] [cxt 0] Parser state 'parse_ipv4_option': key is 1f
[08:12:26.609] [bmv2] [T] [thread 3382] [40.0] [cxt 0] Bytes parsed: 40
[08:12:26.609] [bmv2] [D] [thread 3382] [40.0] [cxt 0] Parser 'parser' entering state 'parse_link_qos'
[08:12:26.609] [bmv2] [D] [thread 3382] [40.0] [cxt 0] Extracting header 'link_qos'
[08:12:26.609] [bmv2] [D] [thread 3382] [40.0] [cxt 0] Parser state 'parse_link_qos' has no switch, going to default next state
[08:12:26.609] [bmv2] [T] [thread 3382] [40.0] [cxt 0] Bytes parsed: 42
[08:12:26.609] [bmv2] [D] [thread 3382] [40.0] [cxt 0] Parser 'parser': end
[08:12:26.609] [bmv2] [D] [thread 3382] [40.0] [cxt 0] Pipeline 'ingress': start
[08:12:26.609] [bmv2] [T] [thread 3382] [40.0] [cxt 0] qos.p4(197) Condition "hdr.ipv4.isValid()" (node_2) is true
[08:12:26.609] [bmv2] [T] [thread 3382] [40.0] [cxt 0] qos.p4(198) Condition "hdr.link_qos.link_qos == TARGET_LINK_QOS" (node_3) is true
[08:12:26.609] [bmv2] [T] [thread 3382] [40.0] [cxt 0] Applying table 'tbl_qos199'
[08:12:26.610] [bmv2] [D] [thread 3382] [40.0] [cxt 0] Looking up key:

[08:12:26.610] [bmv2] [D] [thread 3382] [40.0] [cxt 0] Table 'tbl_qos199': miss
[08:12:26.610] [bmv2] [D] [thread 3382] [40.0] [cxt 0] Action entry is qos199 - 
[08:12:26.610] [bmv2] [T] [thread 3382] [40.0] [cxt 0] Action qos199
[08:12:26.610] [bmv2] [T] [thread 3382] [40.0] [cxt 0] qos.p4(199) Primitive hdr.ipv4.diffserv = (TARGET_DSCP << 2
[08:12:26.610] [bmv2] [T] [thread 3382] [40.0] [cxt 0] qos.p4(28) Primitive 7; ...
[08:12:26.610] [bmv2] [T] [thread 3382] [40.0] [cxt 0] Applying table 'MyIngress.ipv4_lpm'
[08:12:26.610] [bmv2] [D] [thread 3382] [40.0] [cxt 0] Looking up key:
* hdr.ipv4.dstAddr    : 0a000202

[08:12:26.610] [bmv2] [D] [thread 3382] [40.0] [cxt 0] Table 'MyIngress.ipv4_lpm': hit with handle 0
[08:12:26.610] [bmv2] [D] [thread 3382] [40.0] [cxt 0] Dumping entry 0
Match key:
* hdr.ipv4.dstAddr    : LPM       0a000202/32
Action entry: MyIngress.ipv4_forward - 80000000202,2,

[08:12:26.610] [bmv2] [D] [thread 3382] [40.0] [cxt 0] Action entry is MyIngress.ipv4_forward - 80000000202,2,
[08:12:26.610] [bmv2] [T] [thread 3382] [40.0] [cxt 0] Action MyIngress.ipv4_forward
[08:12:26.610] [bmv2] [T] [thread 3382] [40.0] [cxt 0] qos.p4(175) Primitive standard_metadata.egress_spec = port
[08:12:26.610] [bmv2] [T] [thread 3382] [40.0] [cxt 0] qos.p4(176) Primitive hdr.ethernet.srcAddr = hdr.ethernet.dstAddr
[08:12:26.610] [bmv2] [T] [thread 3382] [40.0] [cxt 0] qos.p4(177) Primitive hdr.ethernet.dstAddr = dstAddr
[08:12:26.610] [bmv2] [T] [thread 3382] [40.0] [cxt 0] qos.p4(178) Primitive hdr.ipv4.ttl = hdr.ipv4.ttl - 1
[08:12:26.610] [bmv2] [D] [thread 3382] [40.0] [cxt 0] Pipeline 'ingress': end
[08:12:26.610] [bmv2] [D] [thread 3382] [40.0] [cxt 0] Egress port is 2
[08:12:26.610] [bmv2] [D] [thread 3385] [40.0] [cxt 0] Pipeline 'egress': start
[08:12:26.610] [bmv2] [D] [thread 3385] [40.0] [cxt 0] Pipeline 'egress': end
[08:12:26.610] [bmv2] [D] [thread 3385] [40.0] [cxt 0] Deparser 'deparser': start
[08:12:26.610] [bmv2] [D] [thread 3385] [40.0] [cxt 0] Updating checksum 'cksum'
[08:12:26.610] [bmv2] [D] [thread 3385] [40.0] [cxt 0] Deparsing header 'ethernet'
[08:12:26.611] [bmv2] [D] [thread 3385] [40.0] [cxt 0] Deparsing header 'vlan'
[08:12:26.611] [bmv2] [D] [thread 3385] [40.0] [cxt 0] Deparsing header 'ipv4'
[08:12:26.611] [bmv2] [D] [thread 3385] [40.0] [cxt 0] Deparsing header 'ipv4_option'
[08:12:26.611] [bmv2] [D] [thread 3385] [40.0] [cxt 0] Deparsing header 'link_qos'
[08:12:26.611] [bmv2] [D] [thread 3385] [40.0] [cxt 0] Deparser 'deparser': end
[08:12:26.611] [bmv2] [D] [thread 3387] [40.0] [cxt 0] Transmitting packet of size 50 out of port 2
[08:12:26.623] [bmv2] [D] [thread 3382] [41.0] [cxt 0] Processing packet received on port 3
[08:12:26.623] [bmv2] [D] [thread 3382] [41.0] [cxt 0] Parser 'parser': start
[08:12:26.623] [bmv2] [D] [thread 3382] [41.0] [cxt 0] Parser 'parser' entering state 'start'
[08:12:26.623] [bmv2] [D] [thread 3382] [41.0] [cxt 0] Extracting header 'ethernet'
[08:12:26.624] [bmv2] [D] [thread 3382] [41.0] [cxt 0] Parser state 'start': key is 8100
[08:12:26.624] [bmv2] [T] [thread 3382] [41.0] [cxt 0] Bytes parsed: 14
[08:12:26.624] [bmv2] [D] [thread 3382] [41.0] [cxt 0] Parser 'parser' entering state 'parse_vlan'
[08:12:26.624] [bmv2] [D] [thread 3382] [41.0] [cxt 0] Extracting header 'vlan'
[08:12:26.624] [bmv2] [D] [thread 3382] [41.0] [cxt 0] Parser state 'parse_vlan': key is 0800
[08:12:26.624] [bmv2] [T] [thread 3382] [41.0] [cxt 0] Bytes parsed: 18
[08:12:26.624] [bmv2] [D] [thread 3382] [41.0] [cxt 0] Parser 'parser' entering state 'parse_ipv4'
[08:12:26.624] [bmv2] [D] [thread 3382] [41.0] [cxt 0] Extracting header 'ipv4'
[08:12:26.624] [bmv2] [D] [thread 3382] [41.0] [cxt 0] Parser set: setting field 'scalars.tmp' from expression, new value is 1
[08:12:26.624] [bmv2] [D] [thread 3382] [41.0] [cxt 0] Parser state 'parse_ipv4': key is 05
[08:12:26.624] [bmv2] [T] [thread 3382] [41.0] [cxt 0] Bytes parsed: 38
[08:12:26.624] [bmv2] [D] [thread 3382] [41.0] [cxt 0] Parser 'parser': end
[08:12:26.624] [bmv2] [D] [thread 3382] [41.0] [cxt 0] Pipeline 'ingress': start
[08:12:26.624] [bmv2] [T] [thread 3382] [41.0] [cxt 0] qos.p4(197) Condition "hdr.ipv4.isValid()" (node_2) is true
[08:12:26.624] [bmv2] [T] [thread 3382] [41.0] [cxt 0] qos.p4(198) Condition "hdr.link_qos.link_qos == TARGET_LINK_QOS" (node_3) is true
[08:12:26.624] [bmv2] [T] [thread 3382] [41.0] [cxt 0] Applying table 'tbl_qos199'
[08:12:26.624] [bmv2] [D] [thread 3382] [41.0] [cxt 0] Looking up key:

[08:12:26.624] [bmv2] [D] [thread 3382] [41.0] [cxt 0] Table 'tbl_qos199': miss
[08:12:26.624] [bmv2] [D] [thread 3382] [41.0] [cxt 0] Action entry is qos199 - 
[08:12:26.624] [bmv2] [T] [thread 3382] [41.0] [cxt 0] Action qos199
[08:12:26.624] [bmv2] [T] [thread 3382] [41.0] [cxt 0] qos.p4(199) Primitive hdr.ipv4.diffserv = (TARGET_DSCP << 2
[08:12:26.624] [bmv2] [T] [thread 3382] [41.0] [cxt 0] qos.p4(28) Primitive 7; ...
[08:12:26.624] [bmv2] [T] [thread 3382] [41.0] [cxt 0] Applying table 'MyIngress.ipv4_lpm'
[08:12:26.624] [bmv2] [D] [thread 3382] [41.0] [cxt 0] Looking up key:
* hdr.ipv4.dstAddr    : 0a000202

[08:12:26.624] [bmv2] [D] [thread 3382] [41.0] [cxt 0] Table 'MyIngress.ipv4_lpm': hit with handle 0
[08:12:26.624] [bmv2] [D] [thread 3382] [41.0] [cxt 0] Dumping entry 0
Match key:
* hdr.ipv4.dstAddr    : LPM       0a000202/32
Action entry: MyIngress.ipv4_forward - 80000000202,2,

[08:12:26.624] [bmv2] [D] [thread 3382] [41.0] [cxt 0] Action entry is MyIngress.ipv4_forward - 80000000202,2,
[08:12:26.625] [bmv2] [T] [thread 3382] [41.0] [cxt 0] Action MyIngress.ipv4_forward
[08:12:26.625] [bmv2] [T] [thread 3382] [41.0] [cxt 0] qos.p4(175) Primitive standard_metadata.egress_spec = port
[08:12:26.625] [bmv2] [T] [thread 3382] [41.0] [cxt 0] qos.p4(176) Primitive hdr.ethernet.srcAddr = hdr.ethernet.dstAddr
[08:12:26.625] [bmv2] [T] [thread 3382] [41.0] [cxt 0] qos.p4(177) Primitive hdr.ethernet.dstAddr = dstAddr
[08:12:26.625] [bmv2] [T] [thread 3382] [41.0] [cxt 0] qos.p4(178) Primitive hdr.ipv4.ttl = hdr.ipv4.ttl - 1
[08:12:26.625] [bmv2] [D] [thread 3382] [41.0] [cxt 0] Pipeline 'ingress': end
[08:12:26.625] [bmv2] [D] [thread 3382] [41.0] [cxt 0] Egress port is 2
[08:12:26.625] [bmv2] [D] [thread 3385] [41.0] [cxt 0] Pipeline 'egress': start
[08:12:26.625] [bmv2] [D] [thread 3385] [41.0] [cxt 0] Pipeline 'egress': end
[08:12:26.625] [bmv2] [D] [thread 3385] [41.0] [cxt 0] Deparser 'deparser': start
[08:12:26.625] [bmv2] [D] [thread 3385] [41.0] [cxt 0] Updating checksum 'cksum'
[08:12:26.625] [bmv2] [D] [thread 3385] [41.0] [cxt 0] Deparsing header 'ethernet'
[08:12:26.625] [bmv2] [D] [thread 3385] [41.0] [cxt 0] Deparsing header 'vlan'
[08:12:26.625] [bmv2] [D] [thread 3385] [41.0] [cxt 0] Deparsing header 'ipv4'
[08:12:26.625] [bmv2] [D] [thread 3385] [41.0] [cxt 0] Deparser 'deparser': end
[08:12:26.625] [bmv2] [D] [thread 3387] [41.0] [cxt 0] Transmitting packet of size 46 out of port 2
[08:12:27.660] [bmv2] [D] [thread 3382] [42.0] [cxt 0] Processing packet received on port 3
[08:12:27.660] [bmv2] [D] [thread 3382] [42.0] [cxt 0] Parser 'parser': start
[08:12:27.660] [bmv2] [D] [thread 3382] [42.0] [cxt 0] Parser 'parser' entering state 'start'
[08:12:27.660] [bmv2] [D] [thread 3382] [42.0] [cxt 0] Extracting header 'ethernet'
[08:12:27.660] [bmv2] [D] [thread 3382] [42.0] [cxt 0] Parser state 'start': key is 8100
[08:12:27.660] [bmv2] [T] [thread 3382] [42.0] [cxt 0] Bytes parsed: 14
[08:12:27.660] [bmv2] [D] [thread 3382] [42.0] [cxt 0] Parser 'parser' entering state 'parse_vlan'
[08:12:27.660] [bmv2] [D] [thread 3382] [42.0] [cxt 0] Extracting header 'vlan'
[08:12:27.660] [bmv2] [D] [thread 3382] [42.0] [cxt 0] Parser state 'parse_vlan': key is 0800
[08:12:27.660] [bmv2] [T] [thread 3382] [42.0] [cxt 0] Bytes parsed: 18
[08:12:27.660] [bmv2] [D] [thread 3382] [42.0] [cxt 0] Parser 'parser' entering state 'parse_ipv4'
[08:12:27.660] [bmv2] [D] [thread 3382] [42.0] [cxt 0] Extracting header 'ipv4'
[08:12:27.660] [bmv2] [D] [thread 3382] [42.0] [cxt 0] Parser set: setting field 'scalars.tmp' from expression, new value is 1
[08:12:27.661] [bmv2] [D] [thread 3382] [42.0] [cxt 0] Parser state 'parse_ipv4': key is 05
[08:12:27.661] [bmv2] [T] [thread 3382] [42.0] [cxt 0] Bytes parsed: 38
[08:12:27.661] [bmv2] [D] [thread 3382] [42.0] [cxt 0] Parser 'parser': end
[08:12:27.661] [bmv2] [D] [thread 3382] [42.0] [cxt 0] Pipeline 'ingress': start
[08:12:27.661] [bmv2] [T] [thread 3382] [42.0] [cxt 0] qos.p4(197) Condition "hdr.ipv4.isValid()" (node_2) is true
[08:12:27.661] [bmv2] [T] [thread 3382] [42.0] [cxt 0] qos.p4(198) Condition "hdr.link_qos.link_qos == TARGET_LINK_QOS" (node_3) is true
[08:12:27.661] [bmv2] [T] [thread 3382] [42.0] [cxt 0] Applying table 'tbl_qos199'
[08:12:27.661] [bmv2] [D] [thread 3382] [42.0] [cxt 0] Looking up key:

[08:12:27.661] [bmv2] [D] [thread 3382] [42.0] [cxt 0] Table 'tbl_qos199': miss
[08:12:27.661] [bmv2] [D] [thread 3382] [42.0] [cxt 0] Action entry is qos199 - 
[08:12:27.661] [bmv2] [T] [thread 3382] [42.0] [cxt 0] Action qos199
[08:12:27.661] [bmv2] [T] [thread 3382] [42.0] [cxt 0] qos.p4(199) Primitive hdr.ipv4.diffserv = (TARGET_DSCP << 2
[08:12:27.661] [bmv2] [T] [thread 3382] [42.0] [cxt 0] qos.p4(28) Primitive 7; ...
[08:12:27.661] [bmv2] [T] [thread 3382] [42.0] [cxt 0] Applying table 'MyIngress.ipv4_lpm'
[08:12:27.661] [bmv2] [D] [thread 3382] [42.0] [cxt 0] Looking up key:
* hdr.ipv4.dstAddr    : 0a000202

[08:12:27.661] [bmv2] [D] [thread 3382] [42.0] [cxt 0] Table 'MyIngress.ipv4_lpm': hit with handle 0
[08:12:27.661] [bmv2] [D] [thread 3382] [42.0] [cxt 0] Dumping entry 0
Match key:
* hdr.ipv4.dstAddr    : LPM       0a000202/32
Action entry: MyIngress.ipv4_forward - 80000000202,2,

[08:12:27.661] [bmv2] [D] [thread 3382] [42.0] [cxt 0] Action entry is MyIngress.ipv4_forward - 80000000202,2,
[08:12:27.661] [bmv2] [T] [thread 3382] [42.0] [cxt 0] Action MyIngress.ipv4_forward
[08:12:27.661] [bmv2] [T] [thread 3382] [42.0] [cxt 0] qos.p4(175) Primitive standard_metadata.egress_spec = port
[08:12:27.661] [bmv2] [T] [thread 3382] [42.0] [cxt 0] qos.p4(176) Primitive hdr.ethernet.srcAddr = hdr.ethernet.dstAddr
[08:12:27.661] [bmv2] [T] [thread 3382] [42.0] [cxt 0] qos.p4(177) Primitive hdr.ethernet.dstAddr = dstAddr
[08:12:27.662] [bmv2] [T] [thread 3382] [42.0] [cxt 0] qos.p4(178) Primitive hdr.ipv4.ttl = hdr.ipv4.ttl - 1
[08:12:27.662] [bmv2] [D] [thread 3382] [42.0] [cxt 0] Pipeline 'ingress': end
[08:12:27.662] [bmv2] [D] [thread 3382] [42.0] [cxt 0] Egress port is 2
[08:12:27.662] [bmv2] [D] [thread 3385] [42.0] [cxt 0] Pipeline 'egress': start
[08:12:27.662] [bmv2] [D] [thread 3385] [42.0] [cxt 0] Pipeline 'egress': end
[08:12:27.662] [bmv2] [D] [thread 3385] [42.0] [cxt 0] Deparser 'deparser': start
[08:12:27.662] [bmv2] [D] [thread 3385] [42.0] [cxt 0] Updating checksum 'cksum'
[08:12:27.662] [bmv2] [D] [thread 3385] [42.0] [cxt 0] Deparsing header 'ethernet'
[08:12:27.662] [bmv2] [D] [thread 3385] [42.0] [cxt 0] Deparsing header 'vlan'
[08:12:27.662] [bmv2] [D] [thread 3385] [42.0] [cxt 0] Deparsing header 'ipv4'
[08:12:27.662] [bmv2] [D] [thread 3385] [42.0] [cxt 0] Deparser 'deparser': end
[08:12:27.662] [bmv2] [D] [thread 3387] [42.0] [cxt 0] Transmitting packet of size 46 out of port 2
[08:12:27.674] [bmv2] [D] [thread 3382] [43.0] [cxt 0] Processing packet received on port 3
[08:12:27.674] [bmv2] [D] [thread 3382] [43.0] [cxt 0] Parser 'parser': start
[08:12:27.675] [bmv2] [D] [thread 3382] [43.0] [cxt 0] Parser 'parser' entering state 'start'
[08:12:27.675] [bmv2] [D] [thread 3382] [43.0] [cxt 0] Extracting header 'ethernet'
[08:12:27.675] [bmv2] [D] [thread 3382] [43.0] [cxt 0] Parser state 'start': key is 8100
[08:12:27.675] [bmv2] [T] [thread 3382] [43.0] [cxt 0] Bytes parsed: 14
[08:12:27.675] [bmv2] [D] [thread 3382] [43.0] [cxt 0] Parser 'parser' entering state 'parse_vlan'
[08:12:27.675] [bmv2] [D] [thread 3382] [43.0] [cxt 0] Extracting header 'vlan'
[08:12:27.675] [bmv2] [D] [thread 3382] [43.0] [cxt 0] Parser state 'parse_vlan': key is 0800
[08:12:27.675] [bmv2] [T] [thread 3382] [43.0] [cxt 0] Bytes parsed: 18
[08:12:27.675] [bmv2] [D] [thread 3382] [43.0] [cxt 0] Parser 'parser' entering state 'parse_ipv4'
[08:12:27.675] [bmv2] [D] [thread 3382] [43.0] [cxt 0] Extracting header 'ipv4'
[08:12:27.675] [bmv2] [D] [thread 3382] [43.0] [cxt 0] Parser set: setting field 'scalars.tmp' from expression, new value is 1
[08:12:27.675] [bmv2] [D] [thread 3382] [43.0] [cxt 0] Parser state 'parse_ipv4': key is 06
[08:12:27.675] [bmv2] [T] [thread 3382] [43.0] [cxt 0] Bytes parsed: 38
[08:12:27.675] [bmv2] [D] [thread 3382] [43.0] [cxt 0] Parser 'parser' entering state 'parse_ipv4_option'
[08:12:27.675] [bmv2] [D] [thread 3382] [43.0] [cxt 0] Extracting header 'ipv4_option'
[08:12:27.675] [bmv2] [D] [thread 3382] [43.0] [cxt 0] Parser state 'parse_ipv4_option': key is 1f
[08:12:27.675] [bmv2] [T] [thread 3382] [43.0] [cxt 0] Bytes parsed: 40
[08:12:27.675] [bmv2] [D] [thread 3382] [43.0] [cxt 0] Parser 'parser' entering state 'parse_link_qos'
[08:12:27.675] [bmv2] [D] [thread 3382] [43.0] [cxt 0] Extracting header 'link_qos'
[08:12:27.675] [bmv2] [D] [thread 3382] [43.0] [cxt 0] Parser state 'parse_link_qos' has no switch, going to default next state
[08:12:27.675] [bmv2] [T] [thread 3382] [43.0] [cxt 0] Bytes parsed: 42
[08:12:27.675] [bmv2] [D] [thread 3382] [43.0] [cxt 0] Parser 'parser': end
[08:12:27.675] [bmv2] [D] [thread 3382] [43.0] [cxt 0] Pipeline 'ingress': start
[08:12:27.675] [bmv2] [T] [thread 3382] [43.0] [cxt 0] qos.p4(197) Condition "hdr.ipv4.isValid()" (node_2) is true
[08:12:27.675] [bmv2] [T] [thread 3382] [43.0] [cxt 0] qos.p4(198) Condition "hdr.link_qos.link_qos == TARGET_LINK_QOS" (node_3) is true
[08:12:27.675] [bmv2] [T] [thread 3382] [43.0] [cxt 0] Applying table 'tbl_qos199'
[08:12:27.675] [bmv2] [D] [thread 3382] [43.0] [cxt 0] Looking up key:

[08:12:27.675] [bmv2] [D] [thread 3382] [43.0] [cxt 0] Table 'tbl_qos199': miss
[08:12:27.675] [bmv2] [D] [thread 3382] [43.0] [cxt 0] Action entry is qos199 - 
[08:12:27.675] [bmv2] [T] [thread 3382] [43.0] [cxt 0] Action qos199
[08:12:27.675] [bmv2] [T] [thread 3382] [43.0] [cxt 0] qos.p4(199) Primitive hdr.ipv4.diffserv = (TARGET_DSCP << 2
[08:12:27.675] [bmv2] [T] [thread 3382] [43.0] [cxt 0] qos.p4(28) Primitive 7; ...
[08:12:27.675] [bmv2] [T] [thread 3382] [43.0] [cxt 0] Applying table 'MyIngress.ipv4_lpm'
[08:12:27.676] [bmv2] [D] [thread 3382] [43.0] [cxt 0] Looking up key:
* hdr.ipv4.dstAddr    : 0a000202

[08:12:27.676] [bmv2] [D] [thread 3382] [43.0] [cxt 0] Table 'MyIngress.ipv4_lpm': hit with handle 0
[08:12:27.676] [bmv2] [D] [thread 3382] [43.0] [cxt 0] Dumping entry 0
Match key:
* hdr.ipv4.dstAddr    : LPM       0a000202/32
Action entry: MyIngress.ipv4_forward - 80000000202,2,

[08:12:27.676] [bmv2] [D] [thread 3382] [43.0] [cxt 0] Action entry is MyIngress.ipv4_forward - 80000000202,2,
[08:12:27.676] [bmv2] [T] [thread 3382] [43.0] [cxt 0] Action MyIngress.ipv4_forward
[08:12:27.676] [bmv2] [T] [thread 3382] [43.0] [cxt 0] qos.p4(175) Primitive standard_metadata.egress_spec = port
[08:12:27.676] [bmv2] [T] [thread 3382] [43.0] [cxt 0] qos.p4(176) Primitive hdr.ethernet.srcAddr = hdr.ethernet.dstAddr
[08:12:27.676] [bmv2] [T] [thread 3382] [43.0] [cxt 0] qos.p4(177) Primitive hdr.ethernet.dstAddr = dstAddr
[08:12:27.676] [bmv2] [T] [thread 3382] [43.0] [cxt 0] qos.p4(178) Primitive hdr.ipv4.ttl = hdr.ipv4.ttl - 1
[08:12:27.676] [bmv2] [D] [thread 3382] [43.0] [cxt 0] Pipeline 'ingress': end
[08:12:27.676] [bmv2] [D] [thread 3382] [43.0] [cxt 0] Egress port is 2
[08:12:27.676] [bmv2] [D] [thread 3385] [43.0] [cxt 0] Pipeline 'egress': start
[08:12:27.676] [bmv2] [D] [thread 3385] [43.0] [cxt 0] Pipeline 'egress': end
[08:12:27.676] [bmv2] [D] [thread 3385] [43.0] [cxt 0] Deparser 'deparser': start
[08:12:27.676] [bmv2] [D] [thread 3385] [43.0] [cxt 0] Updating checksum 'cksum'
[08:12:27.676] [bmv2] [D] [thread 3385] [43.0] [cxt 0] Deparsing header 'ethernet'
[08:12:27.676] [bmv2] [D] [thread 3385] [43.0] [cxt 0] Deparsing header 'vlan'
[08:12:27.676] [bmv2] [D] [thread 3385] [43.0] [cxt 0] Deparsing header 'ipv4'
[08:12:27.676] [bmv2] [D] [thread 3385] [43.0] [cxt 0] Deparsing header 'ipv4_option'
[08:12:27.676] [bmv2] [D] [thread 3385] [43.0] [cxt 0] Deparsing header 'link_qos'
[08:12:27.676] [bmv2] [D] [thread 3385] [43.0] [cxt 0] Deparser 'deparser': end
[08:12:27.676] [bmv2] [D] [thread 3387] [43.0] [cxt 0] Transmitting packet of size 50 out of port 2
[08:12:28.714] [bmv2] [D] [thread 3382] [44.0] [cxt 0] Processing packet received on port 3
[08:12:28.714] [bmv2] [D] [thread 3382] [44.0] [cxt 0] Parser 'parser': start
[08:12:28.714] [bmv2] [D] [thread 3382] [44.0] [cxt 0] Parser 'parser' entering state 'start'
[08:12:28.714] [bmv2] [D] [thread 3382] [44.0] [cxt 0] Extracting header 'ethernet'
[08:12:28.714] [bmv2] [D] [thread 3382] [44.0] [cxt 0] Parser state 'start': key is 8100
[08:12:28.714] [bmv2] [T] [thread 3382] [44.0] [cxt 0] Bytes parsed: 14
[08:12:28.714] [bmv2] [D] [thread 3382] [44.0] [cxt 0] Parser 'parser' entering state 'parse_vlan'
[08:12:28.714] [bmv2] [D] [thread 3382] [44.0] [cxt 0] Extracting header 'vlan'
[08:12:28.714] [bmv2] [D] [thread 3382] [44.0] [cxt 0] Parser state 'parse_vlan': key is 0800
[08:12:28.714] [bmv2] [T] [thread 3382] [44.0] [cxt 0] Bytes parsed: 18
[08:12:28.714] [bmv2] [D] [thread 3382] [44.0] [cxt 0] Parser 'parser' entering state 'parse_ipv4'
[08:12:28.714] [bmv2] [D] [thread 3382] [44.0] [cxt 0] Extracting header 'ipv4'
[08:12:28.714] [bmv2] [D] [thread 3382] [44.0] [cxt 0] Parser set: setting field 'scalars.tmp' from expression, new value is 1
[08:12:28.714] [bmv2] [D] [thread 3382] [44.0] [cxt 0] Parser state 'parse_ipv4': key is 05
[08:12:28.714] [bmv2] [T] [thread 3382] [44.0] [cxt 0] Bytes parsed: 38
[08:12:28.714] [bmv2] [D] [thread 3382] [44.0] [cxt 0] Parser 'parser': end
[08:12:28.714] [bmv2] [D] [thread 3382] [44.0] [cxt 0] Pipeline 'ingress': start
[08:12:28.714] [bmv2] [T] [thread 3382] [44.0] [cxt 0] qos.p4(197) Condition "hdr.ipv4.isValid()" (node_2) is true
[08:12:28.714] [bmv2] [T] [thread 3382] [44.0] [cxt 0] qos.p4(198) Condition "hdr.link_qos.link_qos == TARGET_LINK_QOS" (node_3) is true
[08:12:28.714] [bmv2] [T] [thread 3382] [44.0] [cxt 0] Applying table 'tbl_qos199'
[08:12:28.714] [bmv2] [D] [thread 3382] [44.0] [cxt 0] Looking up key:

[08:12:28.714] [bmv2] [D] [thread 3382] [44.0] [cxt 0] Table 'tbl_qos199': miss
[08:12:28.714] [bmv2] [D] [thread 3382] [44.0] [cxt 0] Action entry is qos199 - 
[08:12:28.714] [bmv2] [T] [thread 3382] [44.0] [cxt 0] Action qos199
[08:12:28.714] [bmv2] [T] [thread 3382] [44.0] [cxt 0] qos.p4(199) Primitive hdr.ipv4.diffserv = (TARGET_DSCP << 2
[08:12:28.714] [bmv2] [T] [thread 3382] [44.0] [cxt 0] qos.p4(28) Primitive 7; ...
[08:12:28.715] [bmv2] [T] [thread 3382] [44.0] [cxt 0] Applying table 'MyIngress.ipv4_lpm'
[08:12:28.715] [bmv2] [D] [thread 3382] [44.0] [cxt 0] Looking up key:
* hdr.ipv4.dstAddr    : 0a000202

[08:12:28.715] [bmv2] [D] [thread 3382] [44.0] [cxt 0] Table 'MyIngress.ipv4_lpm': hit with handle 0
[08:12:28.715] [bmv2] [D] [thread 3382] [44.0] [cxt 0] Dumping entry 0
Match key:
* hdr.ipv4.dstAddr    : LPM       0a000202/32
Action entry: MyIngress.ipv4_forward - 80000000202,2,

[08:12:28.715] [bmv2] [D] [thread 3382] [44.0] [cxt 0] Action entry is MyIngress.ipv4_forward - 80000000202,2,
[08:12:28.715] [bmv2] [T] [thread 3382] [44.0] [cxt 0] Action MyIngress.ipv4_forward
[08:12:28.715] [bmv2] [T] [thread 3382] [44.0] [cxt 0] qos.p4(175) Primitive standard_metadata.egress_spec = port
[08:12:28.715] [bmv2] [T] [thread 3382] [44.0] [cxt 0] qos.p4(176) Primitive hdr.ethernet.srcAddr = hdr.ethernet.dstAddr
[08:12:28.715] [bmv2] [T] [thread 3382] [44.0] [cxt 0] qos.p4(177) Primitive hdr.ethernet.dstAddr = dstAddr
[08:12:28.715] [bmv2] [T] [thread 3382] [44.0] [cxt 0] qos.p4(178) Primitive hdr.ipv4.ttl = hdr.ipv4.ttl - 1
[08:12:28.715] [bmv2] [D] [thread 3382] [44.0] [cxt 0] Pipeline 'ingress': end
[08:12:28.715] [bmv2] [D] [thread 3382] [44.0] [cxt 0] Egress port is 2
[08:12:28.715] [bmv2] [D] [thread 3385] [44.0] [cxt 0] Pipeline 'egress': start
[08:12:28.715] [bmv2] [D] [thread 3385] [44.0] [cxt 0] Pipeline 'egress': end
[08:12:28.715] [bmv2] [D] [thread 3385] [44.0] [cxt 0] Deparser 'deparser': start
[08:12:28.715] [bmv2] [D] [thread 3385] [44.0] [cxt 0] Updating checksum 'cksum'
[08:12:28.715] [bmv2] [D] [thread 3385] [44.0] [cxt 0] Deparsing header 'ethernet'
[08:12:28.715] [bmv2] [D] [thread 3385] [44.0] [cxt 0] Deparsing header 'vlan'
[08:12:28.715] [bmv2] [D] [thread 3385] [44.0] [cxt 0] Deparsing header 'ipv4'
[08:12:28.715] [bmv2] [D] [thread 3385] [44.0] [cxt 0] Deparser 'deparser': end
[08:12:28.715] [bmv2] [D] [thread 3387] [44.0] [cxt 0] Transmitting packet of size 46 out of port 2
[08:12:30.448] [bmv2] [D] [thread 3382] [45.0] [cxt 0] Processing packet received on port 3
[08:12:30.448] [bmv2] [D] [thread 3382] [45.0] [cxt 0] Parser 'parser': start
[08:12:30.448] [bmv2] [D] [thread 3382] [45.0] [cxt 0] Parser 'parser' entering state 'start'
[08:12:30.448] [bmv2] [D] [thread 3382] [45.0] [cxt 0] Extracting header 'ethernet'
[08:12:30.448] [bmv2] [D] [thread 3382] [45.0] [cxt 0] Parser state 'start': key is 86dd
[08:12:30.448] [bmv2] [T] [thread 3382] [45.0] [cxt 0] Bytes parsed: 14
[08:12:30.448] [bmv2] [D] [thread 3382] [45.0] [cxt 0] Parser 'parser': end
[08:12:30.448] [bmv2] [D] [thread 3382] [45.0] [cxt 0] Pipeline 'ingress': start
[08:12:30.448] [bmv2] [T] [thread 3382] [45.0] [cxt 0] qos.p4(197) Condition "hdr.ipv4.isValid()" (node_2) is false
[08:12:30.449] [bmv2] [D] [thread 3382] [45.0] [cxt 0] Pipeline 'ingress': end
[08:12:30.449] [bmv2] [D] [thread 3382] [45.0] [cxt 0] Egress port is 0
[08:12:30.453] [bmv2] [D] [thread 3383] [45.0] [cxt 0] Pipeline 'egress': start
[08:12:30.453] [bmv2] [D] [thread 3383] [45.0] [cxt 0] Pipeline 'egress': end
[08:12:30.453] [bmv2] [D] [thread 3383] [45.0] [cxt 0] Deparser 'deparser': start
[08:12:30.453] [bmv2] [T] [thread 3383] [45.0] [cxt 0] Skipping checksum 'cksum' update because condition not met
[08:12:30.453] [bmv2] [D] [thread 3383] [45.0] [cxt 0] Deparsing header 'ethernet'
[08:12:30.453] [bmv2] [D] [thread 3383] [45.0] [cxt 0] Deparser 'deparser': end
[08:12:30.453] [bmv2] [D] [thread 3387] [45.0] [cxt 0] Transmitting packet of size 70 out of port 0
[08:12:36.595] [bmv2] [D] [thread 3382] [46.0] [cxt 0] Processing packet received on port 1
[08:12:36.595] [bmv2] [D] [thread 3382] [46.0] [cxt 0] Parser 'parser': start
[08:12:36.596] [bmv2] [D] [thread 3382] [46.0] [cxt 0] Parser 'parser' entering state 'start'
[08:12:36.596] [bmv2] [D] [thread 3382] [46.0] [cxt 0] Extracting header 'ethernet'
[08:12:36.596] [bmv2] [D] [thread 3382] [46.0] [cxt 0] Parser state 'start': key is 86dd
[08:12:36.596] [bmv2] [T] [thread 3382] [46.0] [cxt 0] Bytes parsed: 14
[08:12:36.596] [bmv2] [D] [thread 3382] [46.0] [cxt 0] Parser 'parser': end
[08:12:36.596] [bmv2] [D] [thread 3382] [46.0] [cxt 0] Pipeline 'ingress': start
[08:12:36.596] [bmv2] [T] [thread 3382] [46.0] [cxt 0] qos.p4(197) Condition "hdr.ipv4.isValid()" (node_2) is false
[08:12:36.596] [bmv2] [D] [thread 3382] [46.0] [cxt 0] Pipeline 'ingress': end
[08:12:36.596] [bmv2] [D] [thread 3382] [46.0] [cxt 0] Egress port is 0
[08:12:36.597] [bmv2] [D] [thread 3383] [46.0] [cxt 0] Pipeline 'egress': start
[08:12:36.597] [bmv2] [D] [thread 3383] [46.0] [cxt 0] Pipeline 'egress': end
[08:12:36.597] [bmv2] [D] [thread 3383] [46.0] [cxt 0] Deparser 'deparser': start
[08:12:36.597] [bmv2] [T] [thread 3383] [46.0] [cxt 0] Skipping checksum 'cksum' update because condition not met
[08:12:36.597] [bmv2] [D] [thread 3383] [46.0] [cxt 0] Deparsing header 'ethernet'
[08:12:36.597] [bmv2] [D] [thread 3383] [46.0] [cxt 0] Deparser 'deparser': end
[08:12:36.598] [bmv2] [D] [thread 3387] [46.0] [cxt 0] Transmitting packet of size 70 out of port 0
open: No such file or directory
[08:12:40.683] [bmv2] [D] [thread 3382] [47.0] [cxt 0] Processing packet received on port 4
[08:12:40.683] [bmv2] [D] [thread 3382] [47.0] [cxt 0] Parser 'parser': start
[08:12:40.683] [bmv2] [D] [thread 3382] [47.0] [cxt 0] Parser 'parser' entering state 'start'
[08:12:40.683] [bmv2] [D] [thread 3382] [47.0] [cxt 0] Extracting header 'ethernet'
[08:12:40.683] [bmv2] [D] [thread 3382] [47.0] [cxt 0] Parser state 'start': key is 86dd
[08:12:40.683] [bmv2] [T] [thread 3382] [47.0] [cxt 0] Bytes parsed: 14
[08:12:40.683] [bmv2] [D] [thread 3382] [47.0] [cxt 0] Parser 'parser': end
[08:12:40.683] [bmv2] [D] [thread 3382] [47.0] [cxt 0] Pipeline 'ingress': start
[08:12:40.683] [bmv2] [T] [thread 3382] [47.0] [cxt 0] qos.p4(197) Condition "hdr.ipv4.isValid()" (node_2) is false
[08:12:40.683] [bmv2] [D] [thread 3382] [47.0] [cxt 0] Pipeline 'ingress': end
[08:12:40.683] [bmv2] [D] [thread 3382] [47.0] [cxt 0] Egress port is 0
[08:12:40.683] [bmv2] [D] [thread 3383] [47.0] [cxt 0] Pipeline 'egress': start
[08:12:40.683] [bmv2] [D] [thread 3383] [47.0] [cxt 0] Pipeline 'egress': end
[08:12:40.683] [bmv2] [D] [thread 3383] [47.0] [cxt 0] Deparser 'deparser': start
[08:12:40.683] [bmv2] [T] [thread 3383] [47.0] [cxt 0] Skipping checksum 'cksum' update because condition not met
[08:12:40.684] [bmv2] [D] [thread 3383] [47.0] [cxt 0] Deparsing header 'ethernet'
[08:12:40.684] [bmv2] [D] [thread 3383] [47.0] [cxt 0] Deparser 'deparser': end
[08:12:40.684] [bmv2] [D] [thread 3387] [47.0] [cxt 0] Transmitting packet of size 70 out of port 0
open: No such file or directory
open: No such file or directory
open: No such file or directory
open: No such file or directory
open: No such file or directory
open: No such file or directory
open: No such file or directory
