Calling target program-options parser
[20:01:59.885] [bmv2] [D] [thread 2167] Set default default entry for table 'tbl_qos199': qos199 - 
[20:01:59.886] [bmv2] [D] [thread 2167] Set default default entry for table 'MyIngress.ipv4_lpm': NoAction - 
Adding interface s1-eth1 as port 1
[20:01:59.901] [bmv2] [D] [thread 2167] Adding interface s1-eth1 as port 1
Adding interface s1-eth2 as port 2
[20:01:59.940] [bmv2] [D] [thread 2167] Adding interface s1-eth2 as port 2
Adding interface s1-eth3 as port 3
[20:01:59.962] [bmv2] [D] [thread 2167] Adding interface s1-eth3 as port 3
Adding interface s1-eth4 as port 4
[20:01:59.994] [bmv2] [D] [thread 2167] Adding interface s1-eth4 as port 4
Server listening on 0.0.0.0:50051
[20:02:00.277] [bmv2] [I] [thread 2167] Starting Thrift server on port 9090
[20:02:00.306] [bmv2] [I] [thread 2167] Thrift server was started
[20:02:00.377] [bmv2] [D] [thread 2190] [0.0] [cxt 0] Processing packet received on port 1
[20:02:00.377] [bmv2] [D] [thread 2190] [0.0] [cxt 0] Parser 'parser': start
[20:02:00.377] [bmv2] [D] [thread 2190] [0.0] [cxt 0] Parser 'parser' entering state 'start'
[20:02:00.378] [bmv2] [D] [thread 2190] [0.0] [cxt 0] Extracting header 'ethernet'
[20:02:00.379] [bmv2] [D] [thread 2190] [0.0] [cxt 0] Parser state 'start': key is 86dd
[20:02:00.379] [bmv2] [T] [thread 2190] [0.0] [cxt 0] Bytes parsed: 14
[20:02:00.379] [bmv2] [D] [thread 2190] [0.0] [cxt 0] Parser 'parser': end
[20:02:00.406] [bmv2] [D] [thread 2190] [0.0] [cxt 0] Pipeline 'ingress': start
[20:02:00.407] [bmv2] [T] [thread 2190] [0.0] [cxt 0] qos.p4(197) Condition "hdr.ipv4.isValid()" (node_2) is false
[20:02:00.408] [bmv2] [D] [thread 2190] [0.0] [cxt 0] Pipeline 'ingress': end
[20:02:00.425] [bmv2] [D] [thread 2190] [0.0] [cxt 0] Egress port is 0
[20:02:00.443] [bmv2] [D] [thread 2191] [0.0] [cxt 0] Pipeline 'egress': start
[20:02:00.443] [bmv2] [D] [thread 2191] [0.0] [cxt 0] Pipeline 'egress': end
[20:02:00.443] [bmv2] [D] [thread 2191] [0.0] [cxt 0] Deparser 'deparser': start
[20:02:00.444] [bmv2] [T] [thread 2191] [0.0] [cxt 0] Skipping checksum 'cksum' update because condition not met
[20:02:00.447] [bmv2] [D] [thread 2191] [0.0] [cxt 0] Deparsing header 'ethernet'
[20:02:00.448] [bmv2] [D] [thread 2191] [0.0] [cxt 0] Deparser 'deparser': end
[20:02:00.448] [bmv2] [D] [thread 2190] [1.0] [cxt 0] Processing packet received on port 2
[20:02:00.448] [bmv2] [D] [thread 2190] [1.0] [cxt 0] Parser 'parser': start
[20:02:00.448] [bmv2] [D] [thread 2190] [1.0] [cxt 0] Parser 'parser' entering state 'start'
[20:02:00.448] [bmv2] [D] [thread 2190] [1.0] [cxt 0] Extracting header 'ethernet'
[20:02:00.448] [bmv2] [D] [thread 2190] [1.0] [cxt 0] Parser state 'start': key is 86dd
[20:02:00.448] [bmv2] [T] [thread 2190] [1.0] [cxt 0] Bytes parsed: 14
[20:02:00.448] [bmv2] [D] [thread 2190] [1.0] [cxt 0] Parser 'parser': end
[20:02:00.449] [bmv2] [D] [thread 2195] [0.0] [cxt 0] Transmitting packet of size 90 out of port 0
[20:02:00.450] [bmv2] [D] [thread 2190] [1.0] [cxt 0] Pipeline 'ingress': start
[20:02:00.450] [bmv2] [T] [thread 2190] [1.0] [cxt 0] qos.p4(197) Condition "hdr.ipv4.isValid()" (node_2) is false
[20:02:00.450] [bmv2] [D] [thread 2190] [1.0] [cxt 0] Pipeline 'ingress': end
[20:02:00.450] [bmv2] [D] [thread 2190] [1.0] [cxt 0] Egress port is 0
[20:02:00.450] [bmv2] [D] [thread 2190] [2.0] [cxt 0] Processing packet received on port 3
[20:02:00.450] [bmv2] [D] [thread 2190] [2.0] [cxt 0] Parser 'parser': start
[20:02:00.450] [bmv2] [D] [thread 2190] [2.0] [cxt 0] Parser 'parser' entering state 'start'
[20:02:00.450] [bmv2] [D] [thread 2190] [2.0] [cxt 0] Extracting header 'ethernet'
[20:02:00.450] [bmv2] [D] [thread 2190] [2.0] [cxt 0] Parser state 'start': key is 86dd
[20:02:00.450] [bmv2] [T] [thread 2190] [2.0] [cxt 0] Bytes parsed: 14
[20:02:00.450] [bmv2] [D] [thread 2190] [2.0] [cxt 0] Parser 'parser': end
[20:02:00.450] [bmv2] [D] [thread 2190] [2.0] [cxt 0] Pipeline 'ingress': start
[20:02:00.450] [bmv2] [T] [thread 2190] [2.0] [cxt 0] qos.p4(197) Condition "hdr.ipv4.isValid()" (node_2) is false
[20:02:00.450] [bmv2] [D] [thread 2190] [2.0] [cxt 0] Pipeline 'ingress': end
[20:02:00.450] [bmv2] [D] [thread 2190] [2.0] [cxt 0] Egress port is 0
[20:02:00.450] [bmv2] [D] [thread 2190] [3.0] [cxt 0] Processing packet received on port 4
[20:02:00.450] [bmv2] [D] [thread 2190] [3.0] [cxt 0] Parser 'parser': start
[20:02:00.450] [bmv2] [D] [thread 2190] [3.0] [cxt 0] Parser 'parser' entering state 'start'
[20:02:00.450] [bmv2] [D] [thread 2190] [3.0] [cxt 0] Extracting header 'ethernet'
[20:02:00.450] [bmv2] [D] [thread 2190] [3.0] [cxt 0] Parser state 'start': key is 86dd
[20:02:00.450] [bmv2] [T] [thread 2190] [3.0] [cxt 0] Bytes parsed: 14
[20:02:00.450] [bmv2] [D] [thread 2190] [3.0] [cxt 0] Parser 'parser': end
[20:02:00.450] [bmv2] [D] [thread 2190] [3.0] [cxt 0] Pipeline 'ingress': start
[20:02:00.450] [bmv2] [T] [thread 2190] [3.0] [cxt 0] qos.p4(197) Condition "hdr.ipv4.isValid()" (node_2) is false
[20:02:00.450] [bmv2] [D] [thread 2190] [3.0] [cxt 0] Pipeline 'ingress': end
[20:02:00.450] [bmv2] [D] [thread 2190] [3.0] [cxt 0] Egress port is 0
[20:02:00.450] [bmv2] [D] [thread 2190] [4.0] [cxt 0] Processing packet received on port 1
[20:02:00.450] [bmv2] [D] [thread 2190] [4.0] [cxt 0] Parser 'parser': start
[20:02:00.450] [bmv2] [D] [thread 2190] [4.0] [cxt 0] Parser 'parser' entering state 'start'
[20:02:00.450] [bmv2] [D] [thread 2190] [4.0] [cxt 0] Extracting header 'ethernet'
[20:02:00.450] [bmv2] [D] [thread 2190] [4.0] [cxt 0] Parser state 'start': key is 86dd
[20:02:00.450] [bmv2] [T] [thread 2190] [4.0] [cxt 0] Bytes parsed: 14
[20:02:00.450] [bmv2] [D] [thread 2190] [4.0] [cxt 0] Parser 'parser': end
[20:02:00.450] [bmv2] [D] [thread 2190] [4.0] [cxt 0] Pipeline 'ingress': start
[20:02:00.450] [bmv2] [T] [thread 2190] [4.0] [cxt 0] qos.p4(197) Condition "hdr.ipv4.isValid()" (node_2) is false
[20:02:00.450] [bmv2] [D] [thread 2190] [4.0] [cxt 0] Pipeline 'ingress': end
[20:02:00.451] [bmv2] [D] [thread 2190] [4.0] [cxt 0] Egress port is 0
[20:02:00.451] [bmv2] [D] [thread 2190] [5.0] [cxt 0] Processing packet received on port 2
[20:02:00.451] [bmv2] [D] [thread 2190] [5.0] [cxt 0] Parser 'parser': start
[20:02:00.451] [bmv2] [D] [thread 2190] [5.0] [cxt 0] Parser 'parser' entering state 'start'
[20:02:00.451] [bmv2] [D] [thread 2190] [5.0] [cxt 0] Extracting header 'ethernet'
[20:02:00.451] [bmv2] [D] [thread 2190] [5.0] [cxt 0] Parser state 'start': key is 86dd
[20:02:00.451] [bmv2] [T] [thread 2190] [5.0] [cxt 0] Bytes parsed: 14
[20:02:00.451] [bmv2] [D] [thread 2190] [5.0] [cxt 0] Parser 'parser': end
[20:02:00.451] [bmv2] [D] [thread 2190] [5.0] [cxt 0] Pipeline 'ingress': start
[20:02:00.451] [bmv2] [T] [thread 2190] [5.0] [cxt 0] qos.p4(197) Condition "hdr.ipv4.isValid()" (node_2) is false
[20:02:00.451] [bmv2] [D] [thread 2190] [5.0] [cxt 0] Pipeline 'ingress': end
[20:02:00.451] [bmv2] [D] [thread 2190] [5.0] [cxt 0] Egress port is 0
[20:02:00.451] [bmv2] [D] [thread 2190] [6.0] [cxt 0] Processing packet received on port 3
[20:02:00.451] [bmv2] [D] [thread 2190] [6.0] [cxt 0] Parser 'parser': start
[20:02:00.451] [bmv2] [D] [thread 2190] [6.0] [cxt 0] Parser 'parser' entering state 'start'
[20:02:00.451] [bmv2] [D] [thread 2190] [6.0] [cxt 0] Extracting header 'ethernet'
[20:02:00.451] [bmv2] [D] [thread 2190] [6.0] [cxt 0] Parser state 'start': key is 86dd
[20:02:00.451] [bmv2] [T] [thread 2190] [6.0] [cxt 0] Bytes parsed: 14
[20:02:00.451] [bmv2] [D] [thread 2190] [6.0] [cxt 0] Parser 'parser': end
[20:02:00.451] [bmv2] [D] [thread 2190] [6.0] [cxt 0] Pipeline 'ingress': start
[20:02:00.451] [bmv2] [T] [thread 2190] [6.0] [cxt 0] qos.p4(197) Condition "hdr.ipv4.isValid()" (node_2) is false
[20:02:00.451] [bmv2] [D] [thread 2190] [6.0] [cxt 0] Pipeline 'ingress': end
[20:02:00.451] [bmv2] [D] [thread 2190] [6.0] [cxt 0] Egress port is 0
[20:02:00.451] [bmv2] [D] [thread 2190] [7.0] [cxt 0] Processing packet received on port 4
[20:02:00.451] [bmv2] [D] [thread 2190] [7.0] [cxt 0] Parser 'parser': start
[20:02:00.451] [bmv2] [D] [thread 2190] [7.0] [cxt 0] Parser 'parser' entering state 'start'
[20:02:00.451] [bmv2] [D] [thread 2190] [7.0] [cxt 0] Extracting header 'ethernet'
[20:02:00.451] [bmv2] [D] [thread 2190] [7.0] [cxt 0] Parser state 'start': key is 86dd
[20:02:00.451] [bmv2] [T] [thread 2190] [7.0] [cxt 0] Bytes parsed: 14
[20:02:00.451] [bmv2] [D] [thread 2190] [7.0] [cxt 0] Parser 'parser': end
[20:02:00.451] [bmv2] [D] [thread 2190] [7.0] [cxt 0] Pipeline 'ingress': start
[20:02:00.451] [bmv2] [T] [thread 2190] [7.0] [cxt 0] qos.p4(197) Condition "hdr.ipv4.isValid()" (node_2) is false
[20:02:00.451] [bmv2] [D] [thread 2190] [7.0] [cxt 0] Pipeline 'ingress': end
[20:02:00.451] [bmv2] [D] [thread 2190] [7.0] [cxt 0] Egress port is 0
[20:02:00.451] [bmv2] [D] [thread 2190] [8.0] [cxt 0] Processing packet received on port 1
[20:02:00.451] [bmv2] [D] [thread 2190] [8.0] [cxt 0] Parser 'parser': start
[20:02:00.451] [bmv2] [D] [thread 2190] [8.0] [cxt 0] Parser 'parser' entering state 'start'
[20:02:00.451] [bmv2] [D] [thread 2190] [8.0] [cxt 0] Extracting header 'ethernet'
[20:02:00.451] [bmv2] [D] [thread 2190] [8.0] [cxt 0] Parser state 'start': key is 86dd
[20:02:00.451] [bmv2] [T] [thread 2190] [8.0] [cxt 0] Bytes parsed: 14
[20:02:00.451] [bmv2] [D] [thread 2190] [8.0] [cxt 0] Parser 'parser': end
[20:02:00.451] [bmv2] [D] [thread 2190] [8.0] [cxt 0] Pipeline 'ingress': start
[20:02:00.451] [bmv2] [T] [thread 2190] [8.0] [cxt 0] qos.p4(197) Condition "hdr.ipv4.isValid()" (node_2) is false
[20:02:00.451] [bmv2] [D] [thread 2190] [8.0] [cxt 0] Pipeline 'ingress': end
[20:02:00.451] [bmv2] [D] [thread 2190] [8.0] [cxt 0] Egress port is 0
[20:02:00.451] [bmv2] [D] [thread 2190] [9.0] [cxt 0] Processing packet received on port 2
[20:02:00.451] [bmv2] [D] [thread 2190] [9.0] [cxt 0] Parser 'parser': start
[20:02:00.451] [bmv2] [D] [thread 2190] [9.0] [cxt 0] Parser 'parser' entering state 'start'
[20:02:00.451] [bmv2] [D] [thread 2190] [9.0] [cxt 0] Extracting header 'ethernet'
[20:02:00.451] [bmv2] [D] [thread 2190] [9.0] [cxt 0] Parser state 'start': key is 86dd
[20:02:00.451] [bmv2] [T] [thread 2190] [9.0] [cxt 0] Bytes parsed: 14
[20:02:00.451] [bmv2] [D] [thread 2190] [9.0] [cxt 0] Parser 'parser': end
[20:02:00.451] [bmv2] [D] [thread 2190] [9.0] [cxt 0] Pipeline 'ingress': start
[20:02:00.451] [bmv2] [T] [thread 2190] [9.0] [cxt 0] qos.p4(197) Condition "hdr.ipv4.isValid()" (node_2) is false
[20:02:00.452] [bmv2] [D] [thread 2190] [9.0] [cxt 0] Pipeline 'ingress': end
[20:02:00.452] [bmv2] [D] [thread 2190] [9.0] [cxt 0] Egress port is 0
[20:02:00.452] [bmv2] [D] [thread 2190] [10.0] [cxt 0] Processing packet received on port 3
[20:02:00.452] [bmv2] [D] [thread 2190] [10.0] [cxt 0] Parser 'parser': start
[20:02:00.452] [bmv2] [D] [thread 2190] [10.0] [cxt 0] Parser 'parser' entering state 'start'
[20:02:00.452] [bmv2] [D] [thread 2190] [10.0] [cxt 0] Extracting header 'ethernet'
[20:02:00.452] [bmv2] [D] [thread 2190] [10.0] [cxt 0] Parser state 'start': key is 86dd
[20:02:00.452] [bmv2] [T] [thread 2190] [10.0] [cxt 0] Bytes parsed: 14
[20:02:00.452] [bmv2] [D] [thread 2190] [10.0] [cxt 0] Parser 'parser': end
[20:02:00.452] [bmv2] [D] [thread 2190] [10.0] [cxt 0] Pipeline 'ingress': start
[20:02:00.452] [bmv2] [T] [thread 2190] [10.0] [cxt 0] qos.p4(197) Condition "hdr.ipv4.isValid()" (node_2) is false
[20:02:00.457] [bmv2] [D] [thread 2191] [1.0] [cxt 0] Pipeline 'egress': start
[20:02:00.457] [bmv2] [D] [thread 2191] [1.0] [cxt 0] Pipeline 'egress': end
[20:02:00.457] [bmv2] [D] [thread 2191] [1.0] [cxt 0] Deparser 'deparser': start
[20:02:00.457] [bmv2] [T] [thread 2191] [1.0] [cxt 0] Skipping checksum 'cksum' update because condition not met
[20:02:00.457] [bmv2] [D] [thread 2191] [1.0] [cxt 0] Deparsing header 'ethernet'
[20:02:00.457] [bmv2] [D] [thread 2191] [1.0] [cxt 0] Deparser 'deparser': end
[20:02:00.457] [bmv2] [D] [thread 2191] [2.0] [cxt 0] Pipeline 'egress': start
[20:02:00.457] [bmv2] [D] [thread 2191] [2.0] [cxt 0] Pipeline 'egress': end
[20:02:00.457] [bmv2] [D] [thread 2191] [2.0] [cxt 0] Deparser 'deparser': start
[20:02:00.457] [bmv2] [T] [thread 2191] [2.0] [cxt 0] Skipping checksum 'cksum' update because condition not met
[20:02:00.457] [bmv2] [D] [thread 2191] [2.0] [cxt 0] Deparsing header 'ethernet'
[20:02:00.457] [bmv2] [D] [thread 2191] [2.0] [cxt 0] Deparser 'deparser': end
[20:02:00.457] [bmv2] [D] [thread 2191] [3.0] [cxt 0] Pipeline 'egress': start
[20:02:00.457] [bmv2] [D] [thread 2191] [3.0] [cxt 0] Pipeline 'egress': end
[20:02:00.457] [bmv2] [D] [thread 2191] [3.0] [cxt 0] Deparser 'deparser': start
[20:02:00.457] [bmv2] [T] [thread 2191] [3.0] [cxt 0] Skipping checksum 'cksum' update because condition not met
[20:02:00.457] [bmv2] [D] [thread 2191] [3.0] [cxt 0] Deparsing header 'ethernet'
[20:02:00.457] [bmv2] [D] [thread 2191] [3.0] [cxt 0] Deparser 'deparser': end
[20:02:00.457] [bmv2] [D] [thread 2191] [4.0] [cxt 0] Pipeline 'egress': start
[20:02:00.457] [bmv2] [D] [thread 2191] [4.0] [cxt 0] Pipeline 'egress': end
[20:02:00.457] [bmv2] [D] [thread 2191] [4.0] [cxt 0] Deparser 'deparser': start
[20:02:00.457] [bmv2] [T] [thread 2191] [4.0] [cxt 0] Skipping checksum 'cksum' update because condition not met
[20:02:00.457] [bmv2] [D] [thread 2191] [4.0] [cxt 0] Deparsing header 'ethernet'
[20:02:00.457] [bmv2] [D] [thread 2191] [4.0] [cxt 0] Deparser 'deparser': end
[20:02:00.457] [bmv2] [D] [thread 2191] [5.0] [cxt 0] Pipeline 'egress': start
[20:02:00.457] [bmv2] [D] [thread 2191] [5.0] [cxt 0] Pipeline 'egress': end
[20:02:00.457] [bmv2] [D] [thread 2191] [5.0] [cxt 0] Deparser 'deparser': start
[20:02:00.457] [bmv2] [T] [thread 2191] [5.0] [cxt 0] Skipping checksum 'cksum' update because condition not met
[20:02:00.457] [bmv2] [D] [thread 2191] [5.0] [cxt 0] Deparsing header 'ethernet'
[20:02:00.457] [bmv2] [D] [thread 2191] [5.0] [cxt 0] Deparser 'deparser': end
[20:02:00.457] [bmv2] [D] [thread 2191] [6.0] [cxt 0] Pipeline 'egress': start
[20:02:00.457] [bmv2] [D] [thread 2191] [6.0] [cxt 0] Pipeline 'egress': end
[20:02:00.457] [bmv2] [D] [thread 2191] [6.0] [cxt 0] Deparser 'deparser': start
[20:02:00.457] [bmv2] [T] [thread 2191] [6.0] [cxt 0] Skipping checksum 'cksum' update because condition not met
[20:02:00.457] [bmv2] [D] [thread 2191] [6.0] [cxt 0] Deparsing header 'ethernet'
[20:02:00.457] [bmv2] [D] [thread 2191] [6.0] [cxt 0] Deparser 'deparser': end
[20:02:00.457] [bmv2] [D] [thread 2191] [7.0] [cxt 0] Pipeline 'egress': start
[20:02:00.457] [bmv2] [D] [thread 2191] [7.0] [cxt 0] Pipeline 'egress': end
[20:02:00.457] [bmv2] [D] [thread 2191] [7.0] [cxt 0] Deparser 'deparser': start
[20:02:00.457] [bmv2] [T] [thread 2191] [7.0] [cxt 0] Skipping checksum 'cksum' update because condition not met
[20:02:00.458] [bmv2] [D] [thread 2191] [7.0] [cxt 0] Deparsing header 'ethernet'
[20:02:00.458] [bmv2] [D] [thread 2191] [7.0] [cxt 0] Deparser 'deparser': end
[20:02:00.458] [bmv2] [D] [thread 2191] [8.0] [cxt 0] Pipeline 'egress': start
[20:02:00.458] [bmv2] [D] [thread 2191] [8.0] [cxt 0] Pipeline 'egress': end
[20:02:00.458] [bmv2] [D] [thread 2191] [8.0] [cxt 0] Deparser 'deparser': start
[20:02:00.458] [bmv2] [T] [thread 2191] [8.0] [cxt 0] Skipping checksum 'cksum' update because condition not met
[20:02:00.458] [bmv2] [D] [thread 2191] [8.0] [cxt 0] Deparsing header 'ethernet'
[20:02:00.458] [bmv2] [D] [thread 2191] [8.0] [cxt 0] Deparser 'deparser': end
[20:02:00.458] [bmv2] [D] [thread 2191] [9.0] [cxt 0] Pipeline 'egress': start
[20:02:00.458] [bmv2] [D] [thread 2191] [9.0] [cxt 0] Pipeline 'egress': end
[20:02:00.458] [bmv2] [D] [thread 2191] [9.0] [cxt 0] Deparser 'deparser': start
[20:02:00.458] [bmv2] [T] [thread 2191] [9.0] [cxt 0] Skipping checksum 'cksum' update because condition not met
[20:02:00.458] [bmv2] [D] [thread 2191] [9.0] [cxt 0] Deparsing header 'ethernet'
[20:02:00.458] [bmv2] [D] [thread 2191] [9.0] [cxt 0] Deparser 'deparser': end
[20:02:00.463] [bmv2] [D] [thread 2195] [1.0] [cxt 0] Transmitting packet of size 90 out of port 0
[20:02:00.463] [bmv2] [D] [thread 2195] [2.0] [cxt 0] Transmitting packet of size 90 out of port 0
[20:02:00.463] [bmv2] [D] [thread 2195] [3.0] [cxt 0] Transmitting packet of size 90 out of port 0
[20:02:00.463] [bmv2] [D] [thread 2195] [4.0] [cxt 0] Transmitting packet of size 110 out of port 0
[20:02:00.463] [bmv2] [D] [thread 2195] [5.0] [cxt 0] Transmitting packet of size 90 out of port 0
[20:02:00.463] [bmv2] [D] [thread 2195] [6.0] [cxt 0] Transmitting packet of size 70 out of port 0
[20:02:00.463] [bmv2] [D] [thread 2195] [7.0] [cxt 0] Transmitting packet of size 70 out of port 0
[20:02:00.463] [bmv2] [D] [thread 2195] [8.0] [cxt 0] Transmitting packet of size 90 out of port 0
[20:02:00.463] [bmv2] [D] [thread 2195] [9.0] [cxt 0] Transmitting packet of size 70 out of port 0
[20:02:00.473] [bmv2] [D] [thread 2190] [10.0] [cxt 0] Pipeline 'ingress': end
[20:02:00.473] [bmv2] [D] [thread 2190] [10.0] [cxt 0] Egress port is 0
[20:02:00.473] [bmv2] [D] [thread 2191] [10.0] [cxt 0] Pipeline 'egress': start
[20:02:00.473] [bmv2] [D] [thread 2191] [10.0] [cxt 0] Pipeline 'egress': end
[20:02:00.473] [bmv2] [D] [thread 2191] [10.0] [cxt 0] Deparser 'deparser': start
[20:02:00.473] [bmv2] [T] [thread 2191] [10.0] [cxt 0] Skipping checksum 'cksum' update because condition not met
[20:02:00.473] [bmv2] [D] [thread 2191] [10.0] [cxt 0] Deparsing header 'ethernet'
[20:02:00.473] [bmv2] [D] [thread 2191] [10.0] [cxt 0] Deparser 'deparser': end
[20:02:00.473] [bmv2] [D] [thread 2195] [10.0] [cxt 0] Transmitting packet of size 90 out of port 0
[20:02:00.473] [bmv2] [D] [thread 2190] [11.0] [cxt 0] Processing packet received on port 1
[20:02:00.473] [bmv2] [D] [thread 2190] [11.0] [cxt 0] Parser 'parser': start
[20:02:00.473] [bmv2] [D] [thread 2190] [11.0] [cxt 0] Parser 'parser' entering state 'start'
[20:02:00.473] [bmv2] [D] [thread 2190] [11.0] [cxt 0] Extracting header 'ethernet'
[20:02:00.473] [bmv2] [D] [thread 2190] [11.0] [cxt 0] Parser state 'start': key is 86dd
[20:02:00.473] [bmv2] [T] [thread 2190] [11.0] [cxt 0] Bytes parsed: 14
[20:02:00.473] [bmv2] [D] [thread 2190] [11.0] [cxt 0] Parser 'parser': end
[20:02:00.473] [bmv2] [D] [thread 2190] [11.0] [cxt 0] Pipeline 'ingress': start
[20:02:00.473] [bmv2] [T] [thread 2190] [11.0] [cxt 0] qos.p4(197) Condition "hdr.ipv4.isValid()" (node_2) is false
[20:02:00.473] [bmv2] [D] [thread 2190] [11.0] [cxt 0] Pipeline 'ingress': end
[20:02:00.473] [bmv2] [D] [thread 2190] [11.0] [cxt 0] Egress port is 0
[20:02:00.473] [bmv2] [D] [thread 2191] [11.0] [cxt 0] Pipeline 'egress': start
[20:02:00.473] [bmv2] [D] [thread 2191] [11.0] [cxt 0] Pipeline 'egress': end
[20:02:00.473] [bmv2] [D] [thread 2191] [11.0] [cxt 0] Deparser 'deparser': start
[20:02:00.473] [bmv2] [T] [thread 2191] [11.0] [cxt 0] Skipping checksum 'cksum' update because condition not met
[20:02:00.473] [bmv2] [D] [thread 2191] [11.0] [cxt 0] Deparsing header 'ethernet'
[20:02:00.474] [bmv2] [D] [thread 2191] [11.0] [cxt 0] Deparser 'deparser': end
[20:02:00.474] [bmv2] [D] [thread 2195] [11.0] [cxt 0] Transmitting packet of size 90 out of port 0
[20:02:00.474] [bmv2] [D] [thread 2190] [12.0] [cxt 0] Processing packet received on port 2
[20:02:00.474] [bmv2] [D] [thread 2190] [12.0] [cxt 0] Parser 'parser': start
[20:02:00.474] [bmv2] [D] [thread 2190] [12.0] [cxt 0] Parser 'parser' entering state 'start'
[20:02:00.474] [bmv2] [D] [thread 2190] [12.0] [cxt 0] Extracting header 'ethernet'
[20:02:00.474] [bmv2] [D] [thread 2190] [12.0] [cxt 0] Parser state 'start': key is 86dd
[20:02:00.474] [bmv2] [T] [thread 2190] [12.0] [cxt 0] Bytes parsed: 14
[20:02:00.474] [bmv2] [D] [thread 2190] [12.0] [cxt 0] Parser 'parser': end
[20:02:00.474] [bmv2] [D] [thread 2190] [12.0] [cxt 0] Pipeline 'ingress': start
[20:02:00.474] [bmv2] [T] [thread 2190] [12.0] [cxt 0] qos.p4(197) Condition "hdr.ipv4.isValid()" (node_2) is false
[20:02:00.474] [bmv2] [D] [thread 2190] [12.0] [cxt 0] Pipeline 'ingress': end
[20:02:00.474] [bmv2] [D] [thread 2190] [12.0] [cxt 0] Egress port is 0
[20:02:00.474] [bmv2] [D] [thread 2191] [12.0] [cxt 0] Pipeline 'egress': start
[20:02:00.474] [bmv2] [D] [thread 2191] [12.0] [cxt 0] Pipeline 'egress': end
[20:02:00.474] [bmv2] [D] [thread 2191] [12.0] [cxt 0] Deparser 'deparser': start
[20:02:00.474] [bmv2] [T] [thread 2191] [12.0] [cxt 0] Skipping checksum 'cksum' update because condition not met
[20:02:00.474] [bmv2] [D] [thread 2191] [12.0] [cxt 0] Deparsing header 'ethernet'
[20:02:00.474] [bmv2] [D] [thread 2191] [12.0] [cxt 0] Deparser 'deparser': end
[20:02:00.474] [bmv2] [D] [thread 2195] [12.0] [cxt 0] Transmitting packet of size 90 out of port 0
[20:02:00.474] [bmv2] [D] [thread 2190] [13.0] [cxt 0] Processing packet received on port 3
[20:02:00.474] [bmv2] [D] [thread 2190] [13.0] [cxt 0] Parser 'parser': start
[20:02:00.474] [bmv2] [D] [thread 2190] [13.0] [cxt 0] Parser 'parser' entering state 'start'
[20:02:00.474] [bmv2] [D] [thread 2190] [13.0] [cxt 0] Extracting header 'ethernet'
[20:02:00.474] [bmv2] [D] [thread 2190] [13.0] [cxt 0] Parser state 'start': key is 86dd
[20:02:00.474] [bmv2] [T] [thread 2190] [13.0] [cxt 0] Bytes parsed: 14
[20:02:00.474] [bmv2] [D] [thread 2190] [13.0] [cxt 0] Parser 'parser': end
[20:02:00.474] [bmv2] [D] [thread 2190] [13.0] [cxt 0] Pipeline 'ingress': start
[20:02:00.474] [bmv2] [T] [thread 2190] [13.0] [cxt 0] qos.p4(197) Condition "hdr.ipv4.isValid()" (node_2) is false
[20:02:00.474] [bmv2] [D] [thread 2190] [13.0] [cxt 0] Pipeline 'ingress': end
[20:02:00.474] [bmv2] [D] [thread 2190] [13.0] [cxt 0] Egress port is 0
[20:02:00.474] [bmv2] [D] [thread 2191] [13.0] [cxt 0] Pipeline 'egress': start
[20:02:00.474] [bmv2] [D] [thread 2191] [13.0] [cxt 0] Pipeline 'egress': end
[20:02:00.474] [bmv2] [D] [thread 2191] [13.0] [cxt 0] Deparser 'deparser': start
[20:02:00.474] [bmv2] [T] [thread 2191] [13.0] [cxt 0] Skipping checksum 'cksum' update because condition not met
[20:02:00.474] [bmv2] [D] [thread 2191] [13.0] [cxt 0] Deparsing header 'ethernet'
[20:02:00.474] [bmv2] [D] [thread 2191] [13.0] [cxt 0] Deparser 'deparser': end
[20:02:00.476] [bmv2] [D] [thread 2195] [13.0] [cxt 0] Transmitting packet of size 70 out of port 0
[20:02:00.476] [bmv2] [D] [thread 2190] [14.0] [cxt 0] Processing packet received on port 1
[20:02:00.476] [bmv2] [D] [thread 2190] [14.0] [cxt 0] Parser 'parser': start
[20:02:00.476] [bmv2] [D] [thread 2190] [14.0] [cxt 0] Parser 'parser' entering state 'start'
[20:02:00.476] [bmv2] [D] [thread 2190] [14.0] [cxt 0] Extracting header 'ethernet'
[20:02:00.476] [bmv2] [D] [thread 2190] [14.0] [cxt 0] Parser state 'start': key is 86dd
[20:02:00.476] [bmv2] [T] [thread 2190] [14.0] [cxt 0] Bytes parsed: 14
[20:02:00.476] [bmv2] [D] [thread 2190] [14.0] [cxt 0] Parser 'parser': end
[20:02:00.476] [bmv2] [D] [thread 2190] [14.0] [cxt 0] Pipeline 'ingress': start
[20:02:00.476] [bmv2] [T] [thread 2190] [14.0] [cxt 0] qos.p4(197) Condition "hdr.ipv4.isValid()" (node_2) is false
[20:02:00.476] [bmv2] [D] [thread 2190] [14.0] [cxt 0] Pipeline 'ingress': end
[20:02:00.476] [bmv2] [D] [thread 2190] [14.0] [cxt 0] Egress port is 0
[20:02:00.476] [bmv2] [D] [thread 2191] [14.0] [cxt 0] Pipeline 'egress': start
[20:02:00.476] [bmv2] [D] [thread 2191] [14.0] [cxt 0] Pipeline 'egress': end
[20:02:00.476] [bmv2] [D] [thread 2191] [14.0] [cxt 0] Deparser 'deparser': start
[20:02:00.476] [bmv2] [T] [thread 2191] [14.0] [cxt 0] Skipping checksum 'cksum' update because condition not met
[20:02:00.476] [bmv2] [D] [thread 2191] [14.0] [cxt 0] Deparsing header 'ethernet'
[20:02:00.476] [bmv2] [D] [thread 2191] [14.0] [cxt 0] Deparser 'deparser': end
[20:02:00.476] [bmv2] [D] [thread 2195] [14.0] [cxt 0] Transmitting packet of size 70 out of port 0
[20:02:00.476] [bmv2] [D] [thread 2190] [15.0] [cxt 0] Processing packet received on port 3
[20:02:00.476] [bmv2] [D] [thread 2190] [15.0] [cxt 0] Parser 'parser': start
[20:02:00.477] [bmv2] [D] [thread 2190] [15.0] [cxt 0] Parser 'parser' entering state 'start'
[20:02:00.477] [bmv2] [D] [thread 2190] [15.0] [cxt 0] Extracting header 'ethernet'
[20:02:00.477] [bmv2] [D] [thread 2190] [15.0] [cxt 0] Parser state 'start': key is 86dd
[20:02:00.477] [bmv2] [T] [thread 2190] [15.0] [cxt 0] Bytes parsed: 14
[20:02:00.477] [bmv2] [D] [thread 2190] [15.0] [cxt 0] Parser 'parser': end
[20:02:00.477] [bmv2] [D] [thread 2190] [15.0] [cxt 0] Pipeline 'ingress': start
[20:02:00.477] [bmv2] [T] [thread 2190] [15.0] [cxt 0] qos.p4(197) Condition "hdr.ipv4.isValid()" (node_2) is false
[20:02:00.477] [bmv2] [D] [thread 2190] [15.0] [cxt 0] Pipeline 'ingress': end
[20:02:00.477] [bmv2] [D] [thread 2190] [15.0] [cxt 0] Egress port is 0
[20:02:00.477] [bmv2] [D] [thread 2191] [15.0] [cxt 0] Pipeline 'egress': start
[20:02:00.477] [bmv2] [D] [thread 2191] [15.0] [cxt 0] Pipeline 'egress': end
[20:02:00.477] [bmv2] [D] [thread 2191] [15.0] [cxt 0] Deparser 'deparser': start
[20:02:00.477] [bmv2] [T] [thread 2191] [15.0] [cxt 0] Skipping checksum 'cksum' update because condition not met
[20:02:00.477] [bmv2] [D] [thread 2191] [15.0] [cxt 0] Deparsing header 'ethernet'
[20:02:00.477] [bmv2] [D] [thread 2191] [15.0] [cxt 0] Deparser 'deparser': end
[20:02:00.477] [bmv2] [D] [thread 2195] [15.0] [cxt 0] Transmitting packet of size 90 out of port 0
[20:02:00.477] [bmv2] [D] [thread 2190] [16.0] [cxt 0] Processing packet received on port 1
[20:02:00.477] [bmv2] [D] [thread 2190] [16.0] [cxt 0] Parser 'parser': start
[20:02:00.477] [bmv2] [D] [thread 2190] [16.0] [cxt 0] Parser 'parser' entering state 'start'
[20:02:00.477] [bmv2] [D] [thread 2190] [16.0] [cxt 0] Extracting header 'ethernet'
[20:02:00.477] [bmv2] [D] [thread 2190] [16.0] [cxt 0] Parser state 'start': key is 86dd
[20:02:00.477] [bmv2] [T] [thread 2190] [16.0] [cxt 0] Bytes parsed: 14
[20:02:00.477] [bmv2] [D] [thread 2190] [16.0] [cxt 0] Parser 'parser': end
[20:02:00.477] [bmv2] [D] [thread 2190] [16.0] [cxt 0] Pipeline 'ingress': start
[20:02:00.477] [bmv2] [T] [thread 2190] [16.0] [cxt 0] qos.p4(197) Condition "hdr.ipv4.isValid()" (node_2) is false
[20:02:00.477] [bmv2] [D] [thread 2190] [16.0] [cxt 0] Pipeline 'ingress': end
[20:02:00.477] [bmv2] [D] [thread 2190] [16.0] [cxt 0] Egress port is 0
[20:02:00.481] [bmv2] [D] [thread 2191] [16.0] [cxt 0] Pipeline 'egress': start
[20:02:00.481] [bmv2] [D] [thread 2191] [16.0] [cxt 0] Pipeline 'egress': end
[20:02:00.481] [bmv2] [D] [thread 2191] [16.0] [cxt 0] Deparser 'deparser': start
[20:02:00.481] [bmv2] [T] [thread 2191] [16.0] [cxt 0] Skipping checksum 'cksum' update because condition not met
[20:02:00.481] [bmv2] [D] [thread 2191] [16.0] [cxt 0] Deparsing header 'ethernet'
[20:02:00.481] [bmv2] [D] [thread 2191] [16.0] [cxt 0] Deparser 'deparser': end
[20:02:00.482] [bmv2] [D] [thread 2195] [16.0] [cxt 0] Transmitting packet of size 90 out of port 0
[20:02:00.482] [bmv2] [D] [thread 2190] [17.0] [cxt 0] Processing packet received on port 4
[20:02:00.482] [bmv2] [D] [thread 2190] [17.0] [cxt 0] Parser 'parser': start
[20:02:00.482] [bmv2] [D] [thread 2190] [17.0] [cxt 0] Parser 'parser' entering state 'start'
[20:02:00.482] [bmv2] [D] [thread 2190] [17.0] [cxt 0] Extracting header 'ethernet'
[20:02:00.482] [bmv2] [D] [thread 2190] [17.0] [cxt 0] Parser state 'start': key is 86dd
[20:02:00.482] [bmv2] [T] [thread 2190] [17.0] [cxt 0] Bytes parsed: 14
[20:02:00.482] [bmv2] [D] [thread 2190] [17.0] [cxt 0] Parser 'parser': end
[20:02:00.483] [bmv2] [D] [thread 2190] [17.0] [cxt 0] Pipeline 'ingress': start
[20:02:00.483] [bmv2] [T] [thread 2190] [17.0] [cxt 0] qos.p4(197) Condition "hdr.ipv4.isValid()" (node_2) is false
[20:02:00.483] [bmv2] [D] [thread 2190] [17.0] [cxt 0] Pipeline 'ingress': end
[20:02:00.483] [bmv2] [D] [thread 2190] [17.0] [cxt 0] Egress port is 0
[20:02:00.483] [bmv2] [D] [thread 2191] [17.0] [cxt 0] Pipeline 'egress': start
[20:02:00.483] [bmv2] [D] [thread 2191] [17.0] [cxt 0] Pipeline 'egress': end
[20:02:00.483] [bmv2] [D] [thread 2191] [17.0] [cxt 0] Deparser 'deparser': start
[20:02:00.483] [bmv2] [T] [thread 2191] [17.0] [cxt 0] Skipping checksum 'cksum' update because condition not met
[20:02:00.483] [bmv2] [D] [thread 2191] [17.0] [cxt 0] Deparsing header 'ethernet'
[20:02:00.483] [bmv2] [D] [thread 2191] [17.0] [cxt 0] Deparser 'deparser': end
[20:02:00.483] [bmv2] [D] [thread 2195] [17.0] [cxt 0] Transmitting packet of size 90 out of port 0
[20:02:00.912] [bmv2] [D] [thread 2190] [18.0] [cxt 0] Processing packet received on port 4
[20:02:00.913] [bmv2] [D] [thread 2190] [18.0] [cxt 0] Parser 'parser': start
[20:02:00.913] [bmv2] [D] [thread 2190] [18.0] [cxt 0] Parser 'parser' entering state 'start'
[20:02:00.913] [bmv2] [D] [thread 2190] [18.0] [cxt 0] Extracting header 'ethernet'
[20:02:00.913] [bmv2] [D] [thread 2190] [18.0] [cxt 0] Parser state 'start': key is 86dd
[20:02:00.913] [bmv2] [T] [thread 2190] [18.0] [cxt 0] Bytes parsed: 14
[20:02:00.913] [bmv2] [D] [thread 2190] [18.0] [cxt 0] Parser 'parser': end
[20:02:00.913] [bmv2] [D] [thread 2190] [18.0] [cxt 0] Pipeline 'ingress': start
[20:02:00.913] [bmv2] [T] [thread 2190] [18.0] [cxt 0] qos.p4(197) Condition "hdr.ipv4.isValid()" (node_2) is false
[20:02:00.913] [bmv2] [D] [thread 2190] [18.0] [cxt 0] Pipeline 'ingress': end
[20:02:00.913] [bmv2] [D] [thread 2190] [18.0] [cxt 0] Egress port is 0
[20:02:00.913] [bmv2] [D] [thread 2191] [18.0] [cxt 0] Pipeline 'egress': start
[20:02:00.913] [bmv2] [D] [thread 2191] [18.0] [cxt 0] Pipeline 'egress': end
[20:02:00.913] [bmv2] [D] [thread 2191] [18.0] [cxt 0] Deparser 'deparser': start
[20:02:00.913] [bmv2] [T] [thread 2191] [18.0] [cxt 0] Skipping checksum 'cksum' update because condition not met
[20:02:00.913] [bmv2] [D] [thread 2191] [18.0] [cxt 0] Deparsing header 'ethernet'
[20:02:00.913] [bmv2] [D] [thread 2191] [18.0] [cxt 0] Deparser 'deparser': end
[20:02:00.913] [bmv2] [D] [thread 2195] [18.0] [cxt 0] Transmitting packet of size 90 out of port 0
[20:02:01.110] [bmv2] [D] [thread 2190] [19.0] [cxt 0] Processing packet received on port 1
[20:02:01.110] [bmv2] [D] [thread 2190] [19.0] [cxt 0] Parser 'parser': start
[20:02:01.110] [bmv2] [D] [thread 2190] [19.0] [cxt 0] Parser 'parser' entering state 'start'
[20:02:01.110] [bmv2] [D] [thread 2190] [19.0] [cxt 0] Extracting header 'ethernet'
[20:02:01.110] [bmv2] [D] [thread 2190] [19.0] [cxt 0] Parser state 'start': key is 86dd
[20:02:01.110] [bmv2] [T] [thread 2190] [19.0] [cxt 0] Bytes parsed: 14
[20:02:01.110] [bmv2] [D] [thread 2190] [19.0] [cxt 0] Parser 'parser': end
[20:02:01.110] [bmv2] [D] [thread 2190] [19.0] [cxt 0] Pipeline 'ingress': start
[20:02:01.111] [bmv2] [T] [thread 2190] [19.0] [cxt 0] qos.p4(197) Condition "hdr.ipv4.isValid()" (node_2) is false
[20:02:01.111] [bmv2] [D] [thread 2190] [19.0] [cxt 0] Pipeline 'ingress': end
[20:02:01.111] [bmv2] [D] [thread 2190] [19.0] [cxt 0] Egress port is 0
[20:02:01.111] [bmv2] [D] [thread 2191] [19.0] [cxt 0] Pipeline 'egress': start
[20:02:01.111] [bmv2] [D] [thread 2191] [19.0] [cxt 0] Pipeline 'egress': end
[20:02:01.111] [bmv2] [D] [thread 2191] [19.0] [cxt 0] Deparser 'deparser': start
[20:02:01.111] [bmv2] [T] [thread 2191] [19.0] [cxt 0] Skipping checksum 'cksum' update because condition not met
[20:02:01.111] [bmv2] [D] [thread 2191] [19.0] [cxt 0] Deparsing header 'ethernet'
[20:02:01.111] [bmv2] [D] [thread 2191] [19.0] [cxt 0] Deparser 'deparser': end
[20:02:01.111] [bmv2] [D] [thread 2195] [19.0] [cxt 0] Transmitting packet of size 90 out of port 0
[20:02:01.175] [bmv2] [D] [thread 2190] [20.0] [cxt 0] Processing packet received on port 3
[20:02:01.175] [bmv2] [D] [thread 2190] [20.0] [cxt 0] Parser 'parser': start
[20:02:01.175] [bmv2] [D] [thread 2190] [20.0] [cxt 0] Parser 'parser' entering state 'start'
[20:02:01.175] [bmv2] [D] [thread 2190] [20.0] [cxt 0] Extracting header 'ethernet'
[20:02:01.175] [bmv2] [D] [thread 2190] [20.0] [cxt 0] Parser state 'start': key is 86dd
[20:02:01.175] [bmv2] [T] [thread 2190] [20.0] [cxt 0] Bytes parsed: 14
[20:02:01.175] [bmv2] [D] [thread 2190] [20.0] [cxt 0] Parser 'parser': end
[20:02:01.175] [bmv2] [D] [thread 2190] [20.0] [cxt 0] Pipeline 'ingress': start
[20:02:01.175] [bmv2] [T] [thread 2190] [20.0] [cxt 0] qos.p4(197) Condition "hdr.ipv4.isValid()" (node_2) is false
[20:02:01.175] [bmv2] [D] [thread 2190] [20.0] [cxt 0] Pipeline 'ingress': end
[20:02:01.175] [bmv2] [D] [thread 2190] [20.0] [cxt 0] Egress port is 0
[20:02:01.175] [bmv2] [D] [thread 2191] [20.0] [cxt 0] Pipeline 'egress': start
[20:02:01.175] [bmv2] [D] [thread 2191] [20.0] [cxt 0] Pipeline 'egress': end
[20:02:01.175] [bmv2] [D] [thread 2191] [20.0] [cxt 0] Deparser 'deparser': start
[20:02:01.175] [bmv2] [T] [thread 2191] [20.0] [cxt 0] Skipping checksum 'cksum' update because condition not met
[20:02:01.175] [bmv2] [D] [thread 2191] [20.0] [cxt 0] Deparsing header 'ethernet'
[20:02:01.175] [bmv2] [D] [thread 2191] [20.0] [cxt 0] Deparser 'deparser': end
[20:02:01.175] [bmv2] [D] [thread 2195] [20.0] [cxt 0] Transmitting packet of size 90 out of port 0
[20:02:03.450] [bmv2] [W] [thread 2252] [P4Runtime] p4::tmp::P4DeviceConfig is deprecated
[20:02:03.456] [bmv2] [D] [thread 2252] Set default default entry for table 'tbl_qos199': qos199 - 
[20:02:03.457] [bmv2] [D] [thread 2252] Set default default entry for table 'MyIngress.ipv4_lpm': NoAction - 
[20:02:03.469] [bmv2] [D] [thread 2252] simple_switch target has been notified of a config swap
[20:02:03.501] [bmv2] [D] [thread 2253] Entry 0 added to table 'MyIngress.ipv4_lpm'
[20:02:03.505] [bmv2] [D] [thread 2253] Dumping entry 0
Match key:
* hdr.ipv4.dstAddr    : LPM       0a000101/32
Action entry: MyIngress.ipv4_forward - 80000000101,2,

[20:02:03.513] [bmv2] [D] [thread 2252] Entry 1 added to table 'MyIngress.ipv4_lpm'
[20:02:03.513] [bmv2] [D] [thread 2252] Dumping entry 1
Match key:
* hdr.ipv4.dstAddr    : LPM       0a00010b/32
Action entry: MyIngress.ipv4_forward - 80000000111,1,

[20:02:03.519] [bmv2] [D] [thread 2253] Entry 2 added to table 'MyIngress.ipv4_lpm'
[20:02:03.519] [bmv2] [D] [thread 2253] Dumping entry 2
Match key:
* hdr.ipv4.dstAddr    : LPM       0a000200/24
Action entry: MyIngress.ipv4_forward - 80000000200,3,

[20:02:03.527] [bmv2] [D] [thread 2253] Entry 3 added to table 'MyIngress.ipv4_lpm'
[20:02:03.528] [bmv2] [D] [thread 2253] Dumping entry 3
Match key:
* hdr.ipv4.dstAddr    : LPM       0a000300/24
Action entry: MyIngress.ipv4_forward - 80000000300,4,

[20:02:03.666] [bmv2] [D] [thread 2190] [21.0] [cxt 0] Processing packet received on port 4
[20:02:03.666] [bmv2] [D] [thread 2190] [21.0] [cxt 0] Parser 'parser': start
[20:02:03.666] [bmv2] [D] [thread 2190] [21.0] [cxt 0] Parser 'parser' entering state 'start'
[20:02:03.666] [bmv2] [D] [thread 2190] [21.0] [cxt 0] Extracting header 'ethernet'
[20:02:03.666] [bmv2] [D] [thread 2190] [21.0] [cxt 0] Parser state 'start': key is 86dd
[20:02:03.666] [bmv2] [T] [thread 2190] [21.0] [cxt 0] Bytes parsed: 14
[20:02:03.666] [bmv2] [D] [thread 2190] [21.0] [cxt 0] Parser 'parser': end
[20:02:03.666] [bmv2] [D] [thread 2190] [21.0] [cxt 0] Pipeline 'ingress': start
[20:02:03.666] [bmv2] [T] [thread 2190] [21.0] [cxt 0] qos.p4(197) Condition "hdr.ipv4.isValid()" (node_2) is false
[20:02:03.666] [bmv2] [D] [thread 2190] [21.0] [cxt 0] Pipeline 'ingress': end
[20:02:03.666] [bmv2] [D] [thread 2190] [21.0] [cxt 0] Egress port is 0
[20:02:03.667] [bmv2] [D] [thread 2191] [21.0] [cxt 0] Pipeline 'egress': start
[20:02:03.667] [bmv2] [D] [thread 2191] [21.0] [cxt 0] Pipeline 'egress': end
[20:02:03.667] [bmv2] [D] [thread 2191] [21.0] [cxt 0] Deparser 'deparser': start
[20:02:03.667] [bmv2] [T] [thread 2191] [21.0] [cxt 0] Skipping checksum 'cksum' update because condition not met
[20:02:03.667] [bmv2] [D] [thread 2191] [21.0] [cxt 0] Deparsing header 'ethernet'
[20:02:03.667] [bmv2] [D] [thread 2191] [21.0] [cxt 0] Deparser 'deparser': end
[20:02:03.668] [bmv2] [D] [thread 2195] [21.0] [cxt 0] Transmitting packet of size 70 out of port 0
[20:02:04.158] [bmv2] [D] [thread 2190] [22.0] [cxt 0] Processing packet received on port 1
[20:02:04.158] [bmv2] [D] [thread 2190] [22.0] [cxt 0] Parser 'parser': start
[20:02:04.158] [bmv2] [D] [thread 2190] [22.0] [cxt 0] Parser 'parser' entering state 'start'
[20:02:04.159] [bmv2] [D] [thread 2190] [22.0] [cxt 0] Extracting header 'ethernet'
[20:02:04.159] [bmv2] [D] [thread 2190] [22.0] [cxt 0] Parser state 'start': key is 86dd
[20:02:04.160] [bmv2] [T] [thread 2190] [22.0] [cxt 0] Bytes parsed: 14
[20:02:04.160] [bmv2] [D] [thread 2190] [22.0] [cxt 0] Parser 'parser': end
[20:02:04.160] [bmv2] [D] [thread 2190] [22.0] [cxt 0] Pipeline 'ingress': start
[20:02:04.160] [bmv2] [T] [thread 2190] [22.0] [cxt 0] qos.p4(197) Condition "hdr.ipv4.isValid()" (node_2) is false
[20:02:04.161] [bmv2] [D] [thread 2190] [22.0] [cxt 0] Pipeline 'ingress': end
[20:02:04.161] [bmv2] [D] [thread 2190] [22.0] [cxt 0] Egress port is 0
[20:02:04.162] [bmv2] [D] [thread 2191] [22.0] [cxt 0] Pipeline 'egress': start
[20:02:04.162] [bmv2] [D] [thread 2191] [22.0] [cxt 0] Pipeline 'egress': end
[20:02:04.162] [bmv2] [D] [thread 2191] [22.0] [cxt 0] Deparser 'deparser': start
[20:02:04.162] [bmv2] [T] [thread 2191] [22.0] [cxt 0] Skipping checksum 'cksum' update because condition not met
[20:02:04.162] [bmv2] [D] [thread 2191] [22.0] [cxt 0] Deparsing header 'ethernet'
[20:02:04.162] [bmv2] [D] [thread 2191] [22.0] [cxt 0] Deparser 'deparser': end
[20:02:04.164] [bmv2] [D] [thread 2195] [22.0] [cxt 0] Transmitting packet of size 70 out of port 0
[20:02:04.186] [bmv2] [D] [thread 2190] [23.0] [cxt 0] Processing packet received on port 4
[20:02:04.186] [bmv2] [D] [thread 2190] [23.0] [cxt 0] Parser 'parser': start
[20:02:04.186] [bmv2] [D] [thread 2190] [23.0] [cxt 0] Parser 'parser' entering state 'start'
[20:02:04.186] [bmv2] [D] [thread 2190] [23.0] [cxt 0] Extracting header 'ethernet'
[20:02:04.186] [bmv2] [D] [thread 2190] [23.0] [cxt 0] Parser state 'start': key is 86dd
[20:02:04.186] [bmv2] [T] [thread 2190] [23.0] [cxt 0] Bytes parsed: 14
[20:02:04.186] [bmv2] [D] [thread 2190] [23.0] [cxt 0] Parser 'parser': end
[20:02:04.186] [bmv2] [D] [thread 2190] [23.0] [cxt 0] Pipeline 'ingress': start
[20:02:04.186] [bmv2] [T] [thread 2190] [23.0] [cxt 0] qos.p4(197) Condition "hdr.ipv4.isValid()" (node_2) is false
[20:02:04.186] [bmv2] [D] [thread 2190] [23.0] [cxt 0] Pipeline 'ingress': end
[20:02:04.186] [bmv2] [D] [thread 2190] [23.0] [cxt 0] Egress port is 0
[20:02:04.187] [bmv2] [D] [thread 2191] [23.0] [cxt 0] Pipeline 'egress': start
[20:02:04.187] [bmv2] [D] [thread 2191] [23.0] [cxt 0] Pipeline 'egress': end
[20:02:04.187] [bmv2] [D] [thread 2191] [23.0] [cxt 0] Deparser 'deparser': start
[20:02:04.187] [bmv2] [T] [thread 2191] [23.0] [cxt 0] Skipping checksum 'cksum' update because condition not met
[20:02:04.187] [bmv2] [D] [thread 2191] [23.0] [cxt 0] Deparsing header 'ethernet'
[20:02:04.187] [bmv2] [D] [thread 2191] [23.0] [cxt 0] Deparser 'deparser': end
[20:02:04.187] [bmv2] [D] [thread 2195] [23.0] [cxt 0] Transmitting packet of size 70 out of port 0
[20:02:04.283] [bmv2] [D] [thread 2190] [24.0] [cxt 0] Processing packet received on port 3
[20:02:04.283] [bmv2] [D] [thread 2190] [24.0] [cxt 0] Parser 'parser': start
[20:02:04.283] [bmv2] [D] [thread 2190] [24.0] [cxt 0] Parser 'parser' entering state 'start'
[20:02:04.283] [bmv2] [D] [thread 2190] [24.0] [cxt 0] Extracting header 'ethernet'
[20:02:04.284] [bmv2] [D] [thread 2190] [24.0] [cxt 0] Parser state 'start': key is 86dd
[20:02:04.284] [bmv2] [T] [thread 2190] [24.0] [cxt 0] Bytes parsed: 14
[20:02:04.284] [bmv2] [D] [thread 2190] [24.0] [cxt 0] Parser 'parser': end
[20:02:04.284] [bmv2] [D] [thread 2190] [24.0] [cxt 0] Pipeline 'ingress': start
[20:02:04.284] [bmv2] [T] [thread 2190] [24.0] [cxt 0] qos.p4(197) Condition "hdr.ipv4.isValid()" (node_2) is false
[20:02:04.284] [bmv2] [D] [thread 2190] [24.0] [cxt 0] Pipeline 'ingress': end
[20:02:04.284] [bmv2] [D] [thread 2190] [24.0] [cxt 0] Egress port is 0
[20:02:04.284] [bmv2] [D] [thread 2191] [24.0] [cxt 0] Pipeline 'egress': start
[20:02:04.284] [bmv2] [D] [thread 2191] [24.0] [cxt 0] Pipeline 'egress': end
[20:02:04.284] [bmv2] [D] [thread 2191] [24.0] [cxt 0] Deparser 'deparser': start
[20:02:04.284] [bmv2] [T] [thread 2191] [24.0] [cxt 0] Skipping checksum 'cksum' update because condition not met
[20:02:04.285] [bmv2] [D] [thread 2191] [24.0] [cxt 0] Deparsing header 'ethernet'
[20:02:04.285] [bmv2] [D] [thread 2191] [24.0] [cxt 0] Deparser 'deparser': end
[20:02:04.285] [bmv2] [D] [thread 2195] [24.0] [cxt 0] Transmitting packet of size 70 out of port 0
[20:02:04.412] [bmv2] [D] [thread 2190] [25.0] [cxt 0] Processing packet received on port 2
[20:02:04.412] [bmv2] [D] [thread 2190] [25.0] [cxt 0] Parser 'parser': start
[20:02:04.413] [bmv2] [D] [thread 2190] [25.0] [cxt 0] Parser 'parser' entering state 'start'
[20:02:04.413] [bmv2] [D] [thread 2190] [25.0] [cxt 0] Extracting header 'ethernet'
[20:02:04.413] [bmv2] [D] [thread 2190] [25.0] [cxt 0] Parser state 'start': key is 86dd
[20:02:04.413] [bmv2] [T] [thread 2190] [25.0] [cxt 0] Bytes parsed: 14
[20:02:04.413] [bmv2] [D] [thread 2190] [25.0] [cxt 0] Parser 'parser': end
[20:02:04.414] [bmv2] [D] [thread 2190] [25.0] [cxt 0] Pipeline 'ingress': start
[20:02:04.414] [bmv2] [T] [thread 2190] [25.0] [cxt 0] qos.p4(197) Condition "hdr.ipv4.isValid()" (node_2) is false
[20:02:04.414] [bmv2] [D] [thread 2190] [25.0] [cxt 0] Pipeline 'ingress': end
[20:02:04.414] [bmv2] [D] [thread 2190] [25.0] [cxt 0] Egress port is 0
[20:02:04.415] [bmv2] [D] [thread 2191] [25.0] [cxt 0] Pipeline 'egress': start
[20:02:04.415] [bmv2] [D] [thread 2191] [25.0] [cxt 0] Pipeline 'egress': end
[20:02:04.415] [bmv2] [D] [thread 2191] [25.0] [cxt 0] Deparser 'deparser': start
[20:02:04.415] [bmv2] [T] [thread 2191] [25.0] [cxt 0] Skipping checksum 'cksum' update because condition not met
[20:02:04.415] [bmv2] [D] [thread 2191] [25.0] [cxt 0] Deparsing header 'ethernet'
[20:02:04.415] [bmv2] [D] [thread 2191] [25.0] [cxt 0] Deparser 'deparser': end
[20:02:04.415] [bmv2] [D] [thread 2195] [25.0] [cxt 0] Transmitting packet of size 70 out of port 0
[20:02:04.548] [bmv2] [D] [thread 2190] [26.0] [cxt 0] Processing packet received on port 3
[20:02:04.548] [bmv2] [D] [thread 2190] [26.0] [cxt 0] Parser 'parser': start
[20:02:04.548] [bmv2] [D] [thread 2190] [26.0] [cxt 0] Parser 'parser' entering state 'start'
[20:02:04.548] [bmv2] [D] [thread 2190] [26.0] [cxt 0] Extracting header 'ethernet'
[20:02:04.548] [bmv2] [D] [thread 2190] [26.0] [cxt 0] Parser state 'start': key is 86dd
[20:02:04.548] [bmv2] [T] [thread 2190] [26.0] [cxt 0] Bytes parsed: 14
[20:02:04.548] [bmv2] [D] [thread 2190] [26.0] [cxt 0] Parser 'parser': end
[20:02:04.548] [bmv2] [D] [thread 2190] [26.0] [cxt 0] Pipeline 'ingress': start
[20:02:04.548] [bmv2] [T] [thread 2190] [26.0] [cxt 0] qos.p4(197) Condition "hdr.ipv4.isValid()" (node_2) is false
[20:02:04.548] [bmv2] [D] [thread 2190] [26.0] [cxt 0] Pipeline 'ingress': end
[20:02:04.548] [bmv2] [D] [thread 2190] [26.0] [cxt 0] Egress port is 0
[20:02:04.548] [bmv2] [D] [thread 2191] [26.0] [cxt 0] Pipeline 'egress': start
[20:02:04.548] [bmv2] [D] [thread 2191] [26.0] [cxt 0] Pipeline 'egress': end
[20:02:04.548] [bmv2] [D] [thread 2191] [26.0] [cxt 0] Deparser 'deparser': start
[20:02:04.548] [bmv2] [T] [thread 2191] [26.0] [cxt 0] Skipping checksum 'cksum' update because condition not met
[20:02:04.549] [bmv2] [D] [thread 2191] [26.0] [cxt 0] Deparsing header 'ethernet'
[20:02:04.549] [bmv2] [D] [thread 2191] [26.0] [cxt 0] Deparser 'deparser': end
[20:02:04.549] [bmv2] [D] [thread 2195] [26.0] [cxt 0] Transmitting packet of size 70 out of port 0
[20:02:11.347] [bmv2] [D] [thread 2190] [27.0] [cxt 0] Processing packet received on port 4
[20:02:11.347] [bmv2] [D] [thread 2190] [27.0] [cxt 0] Parser 'parser': start
[20:02:11.347] [bmv2] [D] [thread 2190] [27.0] [cxt 0] Parser 'parser' entering state 'start'
[20:02:11.347] [bmv2] [D] [thread 2190] [27.0] [cxt 0] Extracting header 'ethernet'
[20:02:11.347] [bmv2] [D] [thread 2190] [27.0] [cxt 0] Parser state 'start': key is 86dd
[20:02:11.347] [bmv2] [T] [thread 2190] [27.0] [cxt 0] Bytes parsed: 14
[20:02:11.347] [bmv2] [D] [thread 2190] [27.0] [cxt 0] Parser 'parser': end
[20:02:11.347] [bmv2] [D] [thread 2190] [27.0] [cxt 0] Pipeline 'ingress': start
[20:02:11.347] [bmv2] [T] [thread 2190] [27.0] [cxt 0] qos.p4(197) Condition "hdr.ipv4.isValid()" (node_2) is false
[20:02:11.347] [bmv2] [D] [thread 2190] [27.0] [cxt 0] Pipeline 'ingress': end
[20:02:11.347] [bmv2] [D] [thread 2190] [27.0] [cxt 0] Egress port is 0
[20:02:11.347] [bmv2] [D] [thread 2191] [27.0] [cxt 0] Pipeline 'egress': start
[20:02:11.347] [bmv2] [D] [thread 2191] [27.0] [cxt 0] Pipeline 'egress': end
[20:02:11.347] [bmv2] [D] [thread 2191] [27.0] [cxt 0] Deparser 'deparser': start
[20:02:11.348] [bmv2] [T] [thread 2191] [27.0] [cxt 0] Skipping checksum 'cksum' update because condition not met
[20:02:11.348] [bmv2] [D] [thread 2191] [27.0] [cxt 0] Deparsing header 'ethernet'
[20:02:11.348] [bmv2] [D] [thread 2191] [27.0] [cxt 0] Deparser 'deparser': end
[20:02:11.348] [bmv2] [D] [thread 2195] [27.0] [cxt 0] Transmitting packet of size 70 out of port 0
[20:02:11.858] [bmv2] [D] [thread 2190] [28.0] [cxt 0] Processing packet received on port 4
[20:02:11.858] [bmv2] [D] [thread 2190] [28.0] [cxt 0] Parser 'parser': start
[20:02:11.858] [bmv2] [D] [thread 2190] [28.0] [cxt 0] Parser 'parser' entering state 'start'
[20:02:11.858] [bmv2] [D] [thread 2190] [28.0] [cxt 0] Extracting header 'ethernet'
[20:02:11.858] [bmv2] [D] [thread 2190] [28.0] [cxt 0] Parser state 'start': key is 86dd
[20:02:11.858] [bmv2] [T] [thread 2190] [28.0] [cxt 0] Bytes parsed: 14
[20:02:11.859] [bmv2] [D] [thread 2190] [28.0] [cxt 0] Parser 'parser': end
[20:02:11.859] [bmv2] [D] [thread 2190] [28.0] [cxt 0] Pipeline 'ingress': start
[20:02:11.859] [bmv2] [T] [thread 2190] [28.0] [cxt 0] qos.p4(197) Condition "hdr.ipv4.isValid()" (node_2) is false
[20:02:11.859] [bmv2] [D] [thread 2190] [28.0] [cxt 0] Pipeline 'ingress': end
[20:02:11.859] [bmv2] [D] [thread 2190] [28.0] [cxt 0] Egress port is 0
[20:02:11.864] [bmv2] [D] [thread 2191] [28.0] [cxt 0] Pipeline 'egress': start
[20:02:11.864] [bmv2] [D] [thread 2191] [28.0] [cxt 0] Pipeline 'egress': end
[20:02:11.864] [bmv2] [D] [thread 2191] [28.0] [cxt 0] Deparser 'deparser': start
[20:02:11.865] [bmv2] [T] [thread 2191] [28.0] [cxt 0] Skipping checksum 'cksum' update because condition not met
[20:02:11.865] [bmv2] [D] [thread 2191] [28.0] [cxt 0] Deparsing header 'ethernet'
[20:02:11.865] [bmv2] [D] [thread 2191] [28.0] [cxt 0] Deparser 'deparser': end
[20:02:11.865] [bmv2] [D] [thread 2195] [28.0] [cxt 0] Transmitting packet of size 70 out of port 0
[20:02:12.090] [bmv2] [D] [thread 2190] [29.0] [cxt 0] Processing packet received on port 1
[20:02:12.091] [bmv2] [D] [thread 2190] [29.0] [cxt 0] Parser 'parser': start
[20:02:12.091] [bmv2] [D] [thread 2190] [29.0] [cxt 0] Parser 'parser' entering state 'start'
[20:02:12.091] [bmv2] [D] [thread 2190] [29.0] [cxt 0] Extracting header 'ethernet'
[20:02:12.091] [bmv2] [D] [thread 2190] [29.0] [cxt 0] Parser state 'start': key is 86dd
[20:02:12.091] [bmv2] [T] [thread 2190] [29.0] [cxt 0] Bytes parsed: 14
[20:02:12.091] [bmv2] [D] [thread 2190] [29.0] [cxt 0] Parser 'parser': end
[20:02:12.091] [bmv2] [D] [thread 2190] [29.0] [cxt 0] Pipeline 'ingress': start
[20:02:12.091] [bmv2] [T] [thread 2190] [29.0] [cxt 0] qos.p4(197) Condition "hdr.ipv4.isValid()" (node_2) is false
[20:02:12.091] [bmv2] [D] [thread 2190] [29.0] [cxt 0] Pipeline 'ingress': end
[20:02:12.091] [bmv2] [D] [thread 2190] [29.0] [cxt 0] Egress port is 0
[20:02:12.092] [bmv2] [D] [thread 2191] [29.0] [cxt 0] Pipeline 'egress': start
[20:02:12.093] [bmv2] [D] [thread 2191] [29.0] [cxt 0] Pipeline 'egress': end
[20:02:12.093] [bmv2] [D] [thread 2191] [29.0] [cxt 0] Deparser 'deparser': start
[20:02:12.093] [bmv2] [T] [thread 2191] [29.0] [cxt 0] Skipping checksum 'cksum' update because condition not met
[20:02:12.093] [bmv2] [D] [thread 2191] [29.0] [cxt 0] Deparsing header 'ethernet'
[20:02:12.093] [bmv2] [D] [thread 2191] [29.0] [cxt 0] Deparser 'deparser': end
[20:02:12.094] [bmv2] [D] [thread 2195] [29.0] [cxt 0] Transmitting packet of size 70 out of port 0
[20:02:12.217] [bmv2] [D] [thread 2190] [30.0] [cxt 0] Processing packet received on port 3
[20:02:12.217] [bmv2] [D] [thread 2190] [30.0] [cxt 0] Parser 'parser': start
[20:02:12.217] [bmv2] [D] [thread 2190] [30.0] [cxt 0] Parser 'parser' entering state 'start'
[20:02:12.217] [bmv2] [D] [thread 2190] [30.0] [cxt 0] Extracting header 'ethernet'
[20:02:12.217] [bmv2] [D] [thread 2190] [30.0] [cxt 0] Parser state 'start': key is 86dd
[20:02:12.218] [bmv2] [T] [thread 2190] [30.0] [cxt 0] Bytes parsed: 14
[20:02:12.218] [bmv2] [D] [thread 2190] [30.0] [cxt 0] Parser 'parser': end
[20:02:12.218] [bmv2] [D] [thread 2190] [30.0] [cxt 0] Pipeline 'ingress': start
[20:02:12.218] [bmv2] [T] [thread 2190] [30.0] [cxt 0] qos.p4(197) Condition "hdr.ipv4.isValid()" (node_2) is false
[20:02:12.218] [bmv2] [D] [thread 2190] [30.0] [cxt 0] Pipeline 'ingress': end
[20:02:12.218] [bmv2] [D] [thread 2190] [30.0] [cxt 0] Egress port is 0
[20:02:12.219] [bmv2] [D] [thread 2191] [30.0] [cxt 0] Pipeline 'egress': start
[20:02:12.219] [bmv2] [D] [thread 2191] [30.0] [cxt 0] Pipeline 'egress': end
[20:02:12.219] [bmv2] [D] [thread 2191] [30.0] [cxt 0] Deparser 'deparser': start
[20:02:12.219] [bmv2] [T] [thread 2191] [30.0] [cxt 0] Skipping checksum 'cksum' update because condition not met
[20:02:12.219] [bmv2] [D] [thread 2191] [30.0] [cxt 0] Deparsing header 'ethernet'
[20:02:12.219] [bmv2] [D] [thread 2191] [30.0] [cxt 0] Deparser 'deparser': end
[20:02:12.219] [bmv2] [D] [thread 2195] [30.0] [cxt 0] Transmitting packet of size 70 out of port 0
[20:02:12.990] [bmv2] [D] [thread 2190] [31.0] [cxt 0] Processing packet received on port 3
[20:02:12.990] [bmv2] [D] [thread 2190] [31.0] [cxt 0] Parser 'parser': start
[20:02:12.990] [bmv2] [D] [thread 2190] [31.0] [cxt 0] Parser 'parser' entering state 'start'
[20:02:12.990] [bmv2] [D] [thread 2190] [31.0] [cxt 0] Extracting header 'ethernet'
[20:02:12.990] [bmv2] [D] [thread 2190] [31.0] [cxt 0] Parser state 'start': key is 86dd
[20:02:12.990] [bmv2] [T] [thread 2190] [31.0] [cxt 0] Bytes parsed: 14
[20:02:12.991] [bmv2] [D] [thread 2190] [31.0] [cxt 0] Parser 'parser': end
[20:02:12.991] [bmv2] [D] [thread 2190] [31.0] [cxt 0] Pipeline 'ingress': start
[20:02:12.991] [bmv2] [T] [thread 2190] [31.0] [cxt 0] qos.p4(197) Condition "hdr.ipv4.isValid()" (node_2) is false
[20:02:12.991] [bmv2] [D] [thread 2190] [31.0] [cxt 0] Pipeline 'ingress': end
[20:02:12.991] [bmv2] [D] [thread 2190] [31.0] [cxt 0] Egress port is 0
[20:02:12.991] [bmv2] [D] [thread 2191] [31.0] [cxt 0] Pipeline 'egress': start
[20:02:12.991] [bmv2] [D] [thread 2191] [31.0] [cxt 0] Pipeline 'egress': end
[20:02:12.991] [bmv2] [D] [thread 2191] [31.0] [cxt 0] Deparser 'deparser': start
[20:02:12.991] [bmv2] [T] [thread 2191] [31.0] [cxt 0] Skipping checksum 'cksum' update because condition not met
[20:02:12.991] [bmv2] [D] [thread 2191] [31.0] [cxt 0] Deparsing header 'ethernet'
[20:02:12.992] [bmv2] [D] [thread 2191] [31.0] [cxt 0] Deparser 'deparser': end
[20:02:12.992] [bmv2] [D] [thread 2195] [31.0] [cxt 0] Transmitting packet of size 70 out of port 0
[20:02:13.373] [bmv2] [D] [thread 2190] [32.0] [cxt 0] Processing packet received on port 2
[20:02:13.374] [bmv2] [D] [thread 2190] [32.0] [cxt 0] Parser 'parser': start
[20:02:13.374] [bmv2] [D] [thread 2190] [32.0] [cxt 0] Parser 'parser' entering state 'start'
[20:02:13.374] [bmv2] [D] [thread 2190] [32.0] [cxt 0] Extracting header 'ethernet'
[20:02:13.375] [bmv2] [D] [thread 2190] [32.0] [cxt 0] Parser state 'start': key is 86dd
[20:02:13.375] [bmv2] [T] [thread 2190] [32.0] [cxt 0] Bytes parsed: 14
[20:02:13.375] [bmv2] [D] [thread 2190] [32.0] [cxt 0] Parser 'parser': end
[20:02:13.375] [bmv2] [D] [thread 2190] [32.0] [cxt 0] Pipeline 'ingress': start
[20:02:13.375] [bmv2] [T] [thread 2190] [32.0] [cxt 0] qos.p4(197) Condition "hdr.ipv4.isValid()" (node_2) is false
[20:02:13.375] [bmv2] [D] [thread 2190] [32.0] [cxt 0] Pipeline 'ingress': end
[20:02:13.376] [bmv2] [D] [thread 2190] [32.0] [cxt 0] Egress port is 0
[20:02:13.376] [bmv2] [D] [thread 2191] [32.0] [cxt 0] Pipeline 'egress': start
[20:02:13.376] [bmv2] [D] [thread 2191] [32.0] [cxt 0] Pipeline 'egress': end
[20:02:13.376] [bmv2] [D] [thread 2191] [32.0] [cxt 0] Deparser 'deparser': start
[20:02:13.376] [bmv2] [T] [thread 2191] [32.0] [cxt 0] Skipping checksum 'cksum' update because condition not met
[20:02:13.377] [bmv2] [D] [thread 2191] [32.0] [cxt 0] Deparsing header 'ethernet'
[20:02:13.377] [bmv2] [D] [thread 2191] [32.0] [cxt 0] Deparser 'deparser': end
[20:02:13.377] [bmv2] [D] [thread 2195] [32.0] [cxt 0] Transmitting packet of size 70 out of port 0
[20:02:18.306] [bmv2] [D] [thread 2190] [33.0] [cxt 0] Processing packet received on port 1
[20:02:18.307] [bmv2] [D] [thread 2190] [33.0] [cxt 0] Parser 'parser': start
[20:02:18.307] [bmv2] [D] [thread 2190] [33.0] [cxt 0] Parser 'parser' entering state 'start'
[20:02:18.307] [bmv2] [D] [thread 2190] [33.0] [cxt 0] Extracting header 'ethernet'
[20:02:18.307] [bmv2] [D] [thread 2190] [33.0] [cxt 0] Parser state 'start': key is 8100
[20:02:18.307] [bmv2] [T] [thread 2190] [33.0] [cxt 0] Bytes parsed: 14
[20:02:18.307] [bmv2] [D] [thread 2190] [33.0] [cxt 0] Parser 'parser' entering state 'parse_vlan'
[20:02:18.308] [bmv2] [D] [thread 2190] [33.0] [cxt 0] Extracting header 'vlan'
[20:02:18.308] [bmv2] [D] [thread 2190] [33.0] [cxt 0] Parser state 'parse_vlan': key is 0800
[20:02:18.308] [bmv2] [T] [thread 2190] [33.0] [cxt 0] Bytes parsed: 18
[20:02:18.308] [bmv2] [D] [thread 2190] [33.0] [cxt 0] Parser 'parser' entering state 'parse_ipv4'
[20:02:18.309] [bmv2] [D] [thread 2190] [33.0] [cxt 0] Extracting header 'ipv4'
[20:02:18.311] [bmv2] [D] [thread 2190] [33.0] [cxt 0] Parser set: setting field 'scalars.tmp' from expression, new value is 1
[20:02:18.311] [bmv2] [D] [thread 2190] [33.0] [cxt 0] Parser state 'parse_ipv4': key is 06
[20:02:18.311] [bmv2] [T] [thread 2190] [33.0] [cxt 0] Bytes parsed: 38
[20:02:18.311] [bmv2] [D] [thread 2190] [33.0] [cxt 0] Parser 'parser' entering state 'parse_ipv4_option'
[20:02:18.311] [bmv2] [D] [thread 2190] [33.0] [cxt 0] Extracting header 'ipv4_option'
[20:02:18.311] [bmv2] [D] [thread 2190] [33.0] [cxt 0] Parser state 'parse_ipv4_option': key is 1f
[20:02:18.311] [bmv2] [T] [thread 2190] [33.0] [cxt 0] Bytes parsed: 40
[20:02:18.311] [bmv2] [D] [thread 2190] [33.0] [cxt 0] Parser 'parser' entering state 'parse_link_qos'
[20:02:18.311] [bmv2] [D] [thread 2190] [33.0] [cxt 0] Extracting header 'link_qos'
[20:02:18.311] [bmv2] [D] [thread 2190] [33.0] [cxt 0] Parser state 'parse_link_qos' has no switch, going to default next state
[20:02:18.311] [bmv2] [T] [thread 2190] [33.0] [cxt 0] Bytes parsed: 42
[20:02:18.312] [bmv2] [D] [thread 2190] [33.0] [cxt 0] Parser 'parser': end
[20:02:18.312] [bmv2] [D] [thread 2190] [33.0] [cxt 0] Pipeline 'ingress': start
[20:02:18.312] [bmv2] [T] [thread 2190] [33.0] [cxt 0] qos.p4(197) Condition "hdr.ipv4.isValid()" (node_2) is true
[20:02:18.312] [bmv2] [T] [thread 2190] [33.0] [cxt 0] qos.p4(198) Condition "hdr.link_qos.link_qos == TARGET_LINK_QOS" (node_3) is true
[20:02:18.324] [bmv2] [T] [thread 2190] [33.0] [cxt 0] Applying table 'tbl_qos199'
[20:02:18.324] [bmv2] [D] [thread 2190] [33.0] [cxt 0] Looking up key:

[20:02:18.325] [bmv2] [D] [thread 2190] [33.0] [cxt 0] Table 'tbl_qos199': miss
[20:02:18.325] [bmv2] [D] [thread 2190] [33.0] [cxt 0] Action entry is qos199 - 
[20:02:18.325] [bmv2] [T] [thread 2190] [33.0] [cxt 0] Action qos199
[20:02:18.326] [bmv2] [T] [thread 2190] [33.0] [cxt 0] qos.p4(199) Primitive hdr.ipv4.diffserv = (TARGET_DSCP << 2
[20:02:18.326] [bmv2] [T] [thread 2190] [33.0] [cxt 0] qos.p4(28) Primitive 7; ...
[20:02:18.327] [bmv2] [T] [thread 2190] [33.0] [cxt 0] Applying table 'MyIngress.ipv4_lpm'
[20:02:18.327] [bmv2] [D] [thread 2190] [33.0] [cxt 0] Looking up key:
* hdr.ipv4.dstAddr    : 0a000202

[20:02:18.328] [bmv2] [D] [thread 2190] [33.0] [cxt 0] Table 'MyIngress.ipv4_lpm': hit with handle 2
[20:02:18.334] [bmv2] [D] [thread 2190] [33.0] [cxt 0] Dumping entry 2
Match key:
* hdr.ipv4.dstAddr    : LPM       0a000200/24
Action entry: MyIngress.ipv4_forward - 80000000200,3,

[20:02:18.334] [bmv2] [D] [thread 2190] [33.0] [cxt 0] Action entry is MyIngress.ipv4_forward - 80000000200,3,
[20:02:18.334] [bmv2] [T] [thread 2190] [33.0] [cxt 0] Action MyIngress.ipv4_forward
[20:02:18.334] [bmv2] [T] [thread 2190] [33.0] [cxt 0] qos.p4(175) Primitive standard_metadata.egress_spec = port
[20:02:18.334] [bmv2] [T] [thread 2190] [33.0] [cxt 0] qos.p4(176) Primitive hdr.ethernet.srcAddr = hdr.ethernet.dstAddr
[20:02:18.334] [bmv2] [T] [thread 2190] [33.0] [cxt 0] qos.p4(177) Primitive hdr.ethernet.dstAddr = dstAddr
[20:02:18.334] [bmv2] [T] [thread 2190] [33.0] [cxt 0] qos.p4(178) Primitive hdr.ipv4.ttl = hdr.ipv4.ttl - 1
[20:02:18.335] [bmv2] [D] [thread 2190] [33.0] [cxt 0] Pipeline 'ingress': end
[20:02:18.335] [bmv2] [D] [thread 2190] [33.0] [cxt 0] Egress port is 3
[20:02:18.335] [bmv2] [D] [thread 2194] [33.0] [cxt 0] Pipeline 'egress': start
[20:02:18.335] [bmv2] [D] [thread 2194] [33.0] [cxt 0] Pipeline 'egress': end
[20:02:18.335] [bmv2] [D] [thread 2194] [33.0] [cxt 0] Deparser 'deparser': start
[20:02:18.336] [bmv2] [D] [thread 2194] [33.0] [cxt 0] Updating checksum 'cksum'
[20:02:18.336] [bmv2] [D] [thread 2194] [33.0] [cxt 0] Deparsing header 'ethernet'
[20:02:18.336] [bmv2] [D] [thread 2194] [33.0] [cxt 0] Deparsing header 'vlan'
[20:02:18.337] [bmv2] [D] [thread 2194] [33.0] [cxt 0] Deparsing header 'ipv4'
[20:02:18.337] [bmv2] [D] [thread 2194] [33.0] [cxt 0] Deparsing header 'ipv4_option'
[20:02:18.337] [bmv2] [D] [thread 2194] [33.0] [cxt 0] Deparsing header 'link_qos'
[20:02:18.337] [bmv2] [D] [thread 2194] [33.0] [cxt 0] Deparser 'deparser': end
[20:02:18.337] [bmv2] [D] [thread 2195] [33.0] [cxt 0] Transmitting packet of size 50 out of port 3
[20:02:19.335] [bmv2] [D] [thread 2190] [34.0] [cxt 0] Processing packet received on port 1
[20:02:19.335] [bmv2] [D] [thread 2190] [34.0] [cxt 0] Parser 'parser': start
[20:02:19.335] [bmv2] [D] [thread 2190] [34.0] [cxt 0] Parser 'parser' entering state 'start'
[20:02:19.335] [bmv2] [D] [thread 2190] [34.0] [cxt 0] Extracting header 'ethernet'
[20:02:19.336] [bmv2] [D] [thread 2190] [34.0] [cxt 0] Parser state 'start': key is 8100
[20:02:19.337] [bmv2] [T] [thread 2190] [34.0] [cxt 0] Bytes parsed: 14
[20:02:19.337] [bmv2] [D] [thread 2190] [34.0] [cxt 0] Parser 'parser' entering state 'parse_vlan'
[20:02:19.337] [bmv2] [D] [thread 2190] [34.0] [cxt 0] Extracting header 'vlan'
[20:02:19.337] [bmv2] [D] [thread 2190] [34.0] [cxt 0] Parser state 'parse_vlan': key is 0800
[20:02:19.337] [bmv2] [T] [thread 2190] [34.0] [cxt 0] Bytes parsed: 18
[20:02:19.337] [bmv2] [D] [thread 2190] [34.0] [cxt 0] Parser 'parser' entering state 'parse_ipv4'
[20:02:19.337] [bmv2] [D] [thread 2190] [34.0] [cxt 0] Extracting header 'ipv4'
[20:02:19.337] [bmv2] [D] [thread 2190] [34.0] [cxt 0] Parser set: setting field 'scalars.tmp' from expression, new value is 1
[20:02:19.337] [bmv2] [D] [thread 2190] [34.0] [cxt 0] Parser state 'parse_ipv4': key is 06
[20:02:19.337] [bmv2] [T] [thread 2190] [34.0] [cxt 0] Bytes parsed: 38
[20:02:19.338] [bmv2] [D] [thread 2190] [34.0] [cxt 0] Parser 'parser' entering state 'parse_ipv4_option'
[20:02:19.338] [bmv2] [D] [thread 2190] [34.0] [cxt 0] Extracting header 'ipv4_option'
[20:02:19.338] [bmv2] [D] [thread 2190] [34.0] [cxt 0] Parser state 'parse_ipv4_option': key is 1f
[20:02:19.338] [bmv2] [T] [thread 2190] [34.0] [cxt 0] Bytes parsed: 40
[20:02:19.338] [bmv2] [D] [thread 2190] [34.0] [cxt 0] Parser 'parser' entering state 'parse_link_qos'
[20:02:19.338] [bmv2] [D] [thread 2190] [34.0] [cxt 0] Extracting header 'link_qos'
[20:02:19.338] [bmv2] [D] [thread 2190] [34.0] [cxt 0] Parser state 'parse_link_qos' has no switch, going to default next state
[20:02:19.338] [bmv2] [T] [thread 2190] [34.0] [cxt 0] Bytes parsed: 42
[20:02:19.338] [bmv2] [D] [thread 2190] [34.0] [cxt 0] Parser 'parser': end
[20:02:19.338] [bmv2] [D] [thread 2190] [34.0] [cxt 0] Pipeline 'ingress': start
[20:02:19.350] [bmv2] [T] [thread 2190] [34.0] [cxt 0] qos.p4(197) Condition "hdr.ipv4.isValid()" (node_2) is true
[20:02:19.350] [bmv2] [T] [thread 2190] [34.0] [cxt 0] qos.p4(198) Condition "hdr.link_qos.link_qos == TARGET_LINK_QOS" (node_3) is true
[20:02:19.350] [bmv2] [T] [thread 2190] [34.0] [cxt 0] Applying table 'tbl_qos199'
[20:02:19.350] [bmv2] [D] [thread 2190] [34.0] [cxt 0] Looking up key:

[20:02:19.350] [bmv2] [D] [thread 2190] [34.0] [cxt 0] Table 'tbl_qos199': miss
[20:02:19.350] [bmv2] [D] [thread 2190] [34.0] [cxt 0] Action entry is qos199 - 
[20:02:19.351] [bmv2] [T] [thread 2190] [34.0] [cxt 0] Action qos199
[20:02:19.351] [bmv2] [T] [thread 2190] [34.0] [cxt 0] qos.p4(199) Primitive hdr.ipv4.diffserv = (TARGET_DSCP << 2
[20:02:19.351] [bmv2] [T] [thread 2190] [34.0] [cxt 0] qos.p4(28) Primitive 7; ...
[20:02:19.351] [bmv2] [T] [thread 2190] [34.0] [cxt 0] Applying table 'MyIngress.ipv4_lpm'
[20:02:19.351] [bmv2] [D] [thread 2190] [34.0] [cxt 0] Looking up key:
* hdr.ipv4.dstAddr    : 0a000202

[20:02:19.351] [bmv2] [D] [thread 2190] [34.0] [cxt 0] Table 'MyIngress.ipv4_lpm': hit with handle 2
[20:02:19.351] [bmv2] [D] [thread 2190] [34.0] [cxt 0] Dumping entry 2
Match key:
* hdr.ipv4.dstAddr    : LPM       0a000200/24
Action entry: MyIngress.ipv4_forward - 80000000200,3,

[20:02:19.351] [bmv2] [D] [thread 2190] [34.0] [cxt 0] Action entry is MyIngress.ipv4_forward - 80000000200,3,
[20:02:19.352] [bmv2] [T] [thread 2190] [34.0] [cxt 0] Action MyIngress.ipv4_forward
[20:02:19.352] [bmv2] [T] [thread 2190] [34.0] [cxt 0] qos.p4(175) Primitive standard_metadata.egress_spec = port
[20:02:19.352] [bmv2] [T] [thread 2190] [34.0] [cxt 0] qos.p4(176) Primitive hdr.ethernet.srcAddr = hdr.ethernet.dstAddr
[20:02:19.352] [bmv2] [T] [thread 2190] [34.0] [cxt 0] qos.p4(177) Primitive hdr.ethernet.dstAddr = dstAddr
[20:02:19.352] [bmv2] [T] [thread 2190] [34.0] [cxt 0] qos.p4(178) Primitive hdr.ipv4.ttl = hdr.ipv4.ttl - 1
[20:02:19.352] [bmv2] [D] [thread 2190] [34.0] [cxt 0] Pipeline 'ingress': end
[20:02:19.356] [bmv2] [D] [thread 2190] [34.0] [cxt 0] Egress port is 3
[20:02:19.356] [bmv2] [D] [thread 2194] [34.0] [cxt 0] Pipeline 'egress': start
[20:02:19.356] [bmv2] [D] [thread 2194] [34.0] [cxt 0] Pipeline 'egress': end
[20:02:19.356] [bmv2] [D] [thread 2194] [34.0] [cxt 0] Deparser 'deparser': start
[20:02:19.356] [bmv2] [D] [thread 2194] [34.0] [cxt 0] Updating checksum 'cksum'
[20:02:19.357] [bmv2] [D] [thread 2194] [34.0] [cxt 0] Deparsing header 'ethernet'
[20:02:19.357] [bmv2] [D] [thread 2194] [34.0] [cxt 0] Deparsing header 'vlan'
[20:02:19.357] [bmv2] [D] [thread 2194] [34.0] [cxt 0] Deparsing header 'ipv4'
[20:02:19.357] [bmv2] [D] [thread 2194] [34.0] [cxt 0] Deparsing header 'ipv4_option'
[20:02:19.357] [bmv2] [D] [thread 2194] [34.0] [cxt 0] Deparsing header 'link_qos'
[20:02:19.357] [bmv2] [D] [thread 2194] [34.0] [cxt 0] Deparser 'deparser': end
[20:02:19.357] [bmv2] [D] [thread 2195] [34.0] [cxt 0] Transmitting packet of size 50 out of port 3
[20:02:20.380] [bmv2] [D] [thread 2190] [35.0] [cxt 0] Processing packet received on port 1
[20:02:20.380] [bmv2] [D] [thread 2190] [35.0] [cxt 0] Parser 'parser': start
[20:02:20.380] [bmv2] [D] [thread 2190] [35.0] [cxt 0] Parser 'parser' entering state 'start'
[20:02:20.380] [bmv2] [D] [thread 2190] [35.0] [cxt 0] Extracting header 'ethernet'
[20:02:20.380] [bmv2] [D] [thread 2190] [35.0] [cxt 0] Parser state 'start': key is 8100
[20:02:20.380] [bmv2] [T] [thread 2190] [35.0] [cxt 0] Bytes parsed: 14
[20:02:20.380] [bmv2] [D] [thread 2190] [35.0] [cxt 0] Parser 'parser' entering state 'parse_vlan'
[20:02:20.380] [bmv2] [D] [thread 2190] [35.0] [cxt 0] Extracting header 'vlan'
[20:02:20.380] [bmv2] [D] [thread 2190] [35.0] [cxt 0] Parser state 'parse_vlan': key is 0800
[20:02:20.381] [bmv2] [T] [thread 2190] [35.0] [cxt 0] Bytes parsed: 18
[20:02:20.381] [bmv2] [D] [thread 2190] [35.0] [cxt 0] Parser 'parser' entering state 'parse_ipv4'
[20:02:20.381] [bmv2] [D] [thread 2190] [35.0] [cxt 0] Extracting header 'ipv4'
[20:02:20.381] [bmv2] [D] [thread 2190] [35.0] [cxt 0] Parser set: setting field 'scalars.tmp' from expression, new value is 1
[20:02:20.381] [bmv2] [D] [thread 2190] [35.0] [cxt 0] Parser state 'parse_ipv4': key is 06
[20:02:20.381] [bmv2] [T] [thread 2190] [35.0] [cxt 0] Bytes parsed: 38
[20:02:20.381] [bmv2] [D] [thread 2190] [35.0] [cxt 0] Parser 'parser' entering state 'parse_ipv4_option'
[20:02:20.381] [bmv2] [D] [thread 2190] [35.0] [cxt 0] Extracting header 'ipv4_option'
[20:02:20.381] [bmv2] [D] [thread 2190] [35.0] [cxt 0] Parser state 'parse_ipv4_option': key is 1f
[20:02:20.381] [bmv2] [T] [thread 2190] [35.0] [cxt 0] Bytes parsed: 40
[20:02:20.381] [bmv2] [D] [thread 2190] [35.0] [cxt 0] Parser 'parser' entering state 'parse_link_qos'
[20:02:20.381] [bmv2] [D] [thread 2190] [35.0] [cxt 0] Extracting header 'link_qos'
[20:02:20.381] [bmv2] [D] [thread 2190] [35.0] [cxt 0] Parser state 'parse_link_qos' has no switch, going to default next state
[20:02:20.381] [bmv2] [T] [thread 2190] [35.0] [cxt 0] Bytes parsed: 42
[20:02:20.381] [bmv2] [D] [thread 2190] [35.0] [cxt 0] Parser 'parser': end
[20:02:20.381] [bmv2] [D] [thread 2190] [35.0] [cxt 0] Pipeline 'ingress': start
[20:02:20.381] [bmv2] [T] [thread 2190] [35.0] [cxt 0] qos.p4(197) Condition "hdr.ipv4.isValid()" (node_2) is true
[20:02:20.382] [bmv2] [T] [thread 2190] [35.0] [cxt 0] qos.p4(198) Condition "hdr.link_qos.link_qos == TARGET_LINK_QOS" (node_3) is true
[20:02:20.382] [bmv2] [T] [thread 2190] [35.0] [cxt 0] Applying table 'tbl_qos199'
[20:02:20.382] [bmv2] [D] [thread 2190] [35.0] [cxt 0] Looking up key:

[20:02:20.382] [bmv2] [D] [thread 2190] [35.0] [cxt 0] Table 'tbl_qos199': miss
[20:02:20.382] [bmv2] [D] [thread 2190] [35.0] [cxt 0] Action entry is qos199 - 
[20:02:20.382] [bmv2] [T] [thread 2190] [35.0] [cxt 0] Action qos199
[20:02:20.382] [bmv2] [T] [thread 2190] [35.0] [cxt 0] qos.p4(199) Primitive hdr.ipv4.diffserv = (TARGET_DSCP << 2
[20:02:20.382] [bmv2] [T] [thread 2190] [35.0] [cxt 0] qos.p4(28) Primitive 7; ...
[20:02:20.382] [bmv2] [T] [thread 2190] [35.0] [cxt 0] Applying table 'MyIngress.ipv4_lpm'
[20:02:20.382] [bmv2] [D] [thread 2190] [35.0] [cxt 0] Looking up key:
* hdr.ipv4.dstAddr    : 0a000202

[20:02:20.382] [bmv2] [D] [thread 2190] [35.0] [cxt 0] Table 'MyIngress.ipv4_lpm': hit with handle 2
[20:02:20.382] [bmv2] [D] [thread 2190] [35.0] [cxt 0] Dumping entry 2
Match key:
* hdr.ipv4.dstAddr    : LPM       0a000200/24
Action entry: MyIngress.ipv4_forward - 80000000200,3,

[20:02:20.382] [bmv2] [D] [thread 2190] [35.0] [cxt 0] Action entry is MyIngress.ipv4_forward - 80000000200,3,
[20:02:20.382] [bmv2] [T] [thread 2190] [35.0] [cxt 0] Action MyIngress.ipv4_forward
[20:02:20.382] [bmv2] [T] [thread 2190] [35.0] [cxt 0] qos.p4(175) Primitive standard_metadata.egress_spec = port
[20:02:20.382] [bmv2] [T] [thread 2190] [35.0] [cxt 0] qos.p4(176) Primitive hdr.ethernet.srcAddr = hdr.ethernet.dstAddr
[20:02:20.383] [bmv2] [T] [thread 2190] [35.0] [cxt 0] qos.p4(177) Primitive hdr.ethernet.dstAddr = dstAddr
[20:02:20.383] [bmv2] [T] [thread 2190] [35.0] [cxt 0] qos.p4(178) Primitive hdr.ipv4.ttl = hdr.ipv4.ttl - 1
[20:02:20.383] [bmv2] [D] [thread 2190] [35.0] [cxt 0] Pipeline 'ingress': end
[20:02:20.383] [bmv2] [D] [thread 2190] [35.0] [cxt 0] Egress port is 3
[20:02:20.386] [bmv2] [D] [thread 2194] [35.0] [cxt 0] Pipeline 'egress': start
[20:02:20.386] [bmv2] [D] [thread 2194] [35.0] [cxt 0] Pipeline 'egress': end
[20:02:20.387] [bmv2] [D] [thread 2194] [35.0] [cxt 0] Deparser 'deparser': start
[20:02:20.387] [bmv2] [D] [thread 2194] [35.0] [cxt 0] Updating checksum 'cksum'
[20:02:20.387] [bmv2] [D] [thread 2194] [35.0] [cxt 0] Deparsing header 'ethernet'
[20:02:20.387] [bmv2] [D] [thread 2194] [35.0] [cxt 0] Deparsing header 'vlan'
[20:02:20.387] [bmv2] [D] [thread 2194] [35.0] [cxt 0] Deparsing header 'ipv4'
[20:02:20.387] [bmv2] [D] [thread 2194] [35.0] [cxt 0] Deparsing header 'ipv4_option'
[20:02:20.387] [bmv2] [D] [thread 2194] [35.0] [cxt 0] Deparsing header 'link_qos'
[20:02:20.387] [bmv2] [D] [thread 2194] [35.0] [cxt 0] Deparser 'deparser': end
[20:02:20.387] [bmv2] [D] [thread 2195] [35.0] [cxt 0] Transmitting packet of size 50 out of port 3
[20:02:21.398] [bmv2] [D] [thread 2190] [36.0] [cxt 0] Processing packet received on port 1
[20:02:21.398] [bmv2] [D] [thread 2190] [36.0] [cxt 0] Parser 'parser': start
[20:02:21.398] [bmv2] [D] [thread 2190] [36.0] [cxt 0] Parser 'parser' entering state 'start'
[20:02:21.398] [bmv2] [D] [thread 2190] [36.0] [cxt 0] Extracting header 'ethernet'
[20:02:21.399] [bmv2] [D] [thread 2190] [36.0] [cxt 0] Parser state 'start': key is 8100
[20:02:21.399] [bmv2] [T] [thread 2190] [36.0] [cxt 0] Bytes parsed: 14
[20:02:21.399] [bmv2] [D] [thread 2190] [36.0] [cxt 0] Parser 'parser' entering state 'parse_vlan'
[20:02:21.399] [bmv2] [D] [thread 2190] [36.0] [cxt 0] Extracting header 'vlan'
[20:02:21.399] [bmv2] [D] [thread 2190] [36.0] [cxt 0] Parser state 'parse_vlan': key is 0800
[20:02:21.399] [bmv2] [T] [thread 2190] [36.0] [cxt 0] Bytes parsed: 18
[20:02:21.399] [bmv2] [D] [thread 2190] [36.0] [cxt 0] Parser 'parser' entering state 'parse_ipv4'
[20:02:21.400] [bmv2] [D] [thread 2190] [36.0] [cxt 0] Extracting header 'ipv4'
[20:02:21.400] [bmv2] [D] [thread 2190] [36.0] [cxt 0] Parser set: setting field 'scalars.tmp' from expression, new value is 1
[20:02:21.400] [bmv2] [D] [thread 2190] [36.0] [cxt 0] Parser state 'parse_ipv4': key is 06
[20:02:21.400] [bmv2] [T] [thread 2190] [36.0] [cxt 0] Bytes parsed: 38
[20:02:21.400] [bmv2] [D] [thread 2190] [36.0] [cxt 0] Parser 'parser' entering state 'parse_ipv4_option'
[20:02:21.400] [bmv2] [D] [thread 2190] [36.0] [cxt 0] Extracting header 'ipv4_option'
[20:02:21.400] [bmv2] [D] [thread 2190] [36.0] [cxt 0] Parser state 'parse_ipv4_option': key is 1f
[20:02:21.400] [bmv2] [T] [thread 2190] [36.0] [cxt 0] Bytes parsed: 40
[20:02:21.400] [bmv2] [D] [thread 2190] [36.0] [cxt 0] Parser 'parser' entering state 'parse_link_qos'
[20:02:21.400] [bmv2] [D] [thread 2190] [36.0] [cxt 0] Extracting header 'link_qos'
[20:02:21.405] [bmv2] [D] [thread 2190] [36.0] [cxt 0] Parser state 'parse_link_qos' has no switch, going to default next state
[20:02:21.406] [bmv2] [T] [thread 2190] [36.0] [cxt 0] Bytes parsed: 42
[20:02:21.406] [bmv2] [D] [thread 2190] [36.0] [cxt 0] Parser 'parser': end
[20:02:21.406] [bmv2] [D] [thread 2190] [36.0] [cxt 0] Pipeline 'ingress': start
[20:02:21.406] [bmv2] [T] [thread 2190] [36.0] [cxt 0] qos.p4(197) Condition "hdr.ipv4.isValid()" (node_2) is true
[20:02:21.406] [bmv2] [T] [thread 2190] [36.0] [cxt 0] qos.p4(198) Condition "hdr.link_qos.link_qos == TARGET_LINK_QOS" (node_3) is true
[20:02:21.406] [bmv2] [T] [thread 2190] [36.0] [cxt 0] Applying table 'tbl_qos199'
[20:02:21.406] [bmv2] [D] [thread 2190] [36.0] [cxt 0] Looking up key:

[20:02:21.406] [bmv2] [D] [thread 2190] [36.0] [cxt 0] Table 'tbl_qos199': miss
[20:02:21.406] [bmv2] [D] [thread 2190] [36.0] [cxt 0] Action entry is qos199 - 
[20:02:21.406] [bmv2] [T] [thread 2190] [36.0] [cxt 0] Action qos199
[20:02:21.406] [bmv2] [T] [thread 2190] [36.0] [cxt 0] qos.p4(199) Primitive hdr.ipv4.diffserv = (TARGET_DSCP << 2
[20:02:21.407] [bmv2] [T] [thread 2190] [36.0] [cxt 0] qos.p4(28) Primitive 7; ...
[20:02:21.407] [bmv2] [T] [thread 2190] [36.0] [cxt 0] Applying table 'MyIngress.ipv4_lpm'
[20:02:21.407] [bmv2] [D] [thread 2190] [36.0] [cxt 0] Looking up key:
* hdr.ipv4.dstAddr    : 0a000202

[20:02:21.407] [bmv2] [D] [thread 2190] [36.0] [cxt 0] Table 'MyIngress.ipv4_lpm': hit with handle 2
[20:02:21.407] [bmv2] [D] [thread 2190] [36.0] [cxt 0] Dumping entry 2
Match key:
* hdr.ipv4.dstAddr    : LPM       0a000200/24
Action entry: MyIngress.ipv4_forward - 80000000200,3,

[20:02:21.407] [bmv2] [D] [thread 2190] [36.0] [cxt 0] Action entry is MyIngress.ipv4_forward - 80000000200,3,
[20:02:21.407] [bmv2] [T] [thread 2190] [36.0] [cxt 0] Action MyIngress.ipv4_forward
[20:02:21.407] [bmv2] [T] [thread 2190] [36.0] [cxt 0] qos.p4(175) Primitive standard_metadata.egress_spec = port
[20:02:21.407] [bmv2] [T] [thread 2190] [36.0] [cxt 0] qos.p4(176) Primitive hdr.ethernet.srcAddr = hdr.ethernet.dstAddr
[20:02:21.407] [bmv2] [T] [thread 2190] [36.0] [cxt 0] qos.p4(177) Primitive hdr.ethernet.dstAddr = dstAddr
[20:02:21.407] [bmv2] [T] [thread 2190] [36.0] [cxt 0] qos.p4(178) Primitive hdr.ipv4.ttl = hdr.ipv4.ttl - 1
[20:02:21.407] [bmv2] [D] [thread 2190] [36.0] [cxt 0] Pipeline 'ingress': end
[20:02:21.408] [bmv2] [D] [thread 2190] [36.0] [cxt 0] Egress port is 3
[20:02:21.415] [bmv2] [D] [thread 2194] [36.0] [cxt 0] Pipeline 'egress': start
[20:02:21.415] [bmv2] [D] [thread 2194] [36.0] [cxt 0] Pipeline 'egress': end
[20:02:21.415] [bmv2] [D] [thread 2194] [36.0] [cxt 0] Deparser 'deparser': start
[20:02:21.415] [bmv2] [D] [thread 2194] [36.0] [cxt 0] Updating checksum 'cksum'
[20:02:21.415] [bmv2] [D] [thread 2194] [36.0] [cxt 0] Deparsing header 'ethernet'
[20:02:21.416] [bmv2] [D] [thread 2194] [36.0] [cxt 0] Deparsing header 'vlan'
[20:02:21.416] [bmv2] [D] [thread 2194] [36.0] [cxt 0] Deparsing header 'ipv4'
[20:02:21.416] [bmv2] [D] [thread 2194] [36.0] [cxt 0] Deparsing header 'ipv4_option'
[20:02:21.416] [bmv2] [D] [thread 2194] [36.0] [cxt 0] Deparsing header 'link_qos'
[20:02:21.416] [bmv2] [D] [thread 2194] [36.0] [cxt 0] Deparser 'deparser': end
[20:02:21.416] [bmv2] [D] [thread 2195] [36.0] [cxt 0] Transmitting packet of size 50 out of port 3
[20:02:22.433] [bmv2] [D] [thread 2190] [37.0] [cxt 0] Processing packet received on port 1
[20:02:22.433] [bmv2] [D] [thread 2190] [37.0] [cxt 0] Parser 'parser': start
[20:02:22.433] [bmv2] [D] [thread 2190] [37.0] [cxt 0] Parser 'parser' entering state 'start'
[20:02:22.433] [bmv2] [D] [thread 2190] [37.0] [cxt 0] Extracting header 'ethernet'
[20:02:22.433] [bmv2] [D] [thread 2190] [37.0] [cxt 0] Parser state 'start': key is 8100
[20:02:22.433] [bmv2] [T] [thread 2190] [37.0] [cxt 0] Bytes parsed: 14
[20:02:22.433] [bmv2] [D] [thread 2190] [37.0] [cxt 0] Parser 'parser' entering state 'parse_vlan'
[20:02:22.433] [bmv2] [D] [thread 2190] [37.0] [cxt 0] Extracting header 'vlan'
[20:02:22.433] [bmv2] [D] [thread 2190] [37.0] [cxt 0] Parser state 'parse_vlan': key is 0800
[20:02:22.433] [bmv2] [T] [thread 2190] [37.0] [cxt 0] Bytes parsed: 18
[20:02:22.433] [bmv2] [D] [thread 2190] [37.0] [cxt 0] Parser 'parser' entering state 'parse_ipv4'
[20:02:22.433] [bmv2] [D] [thread 2190] [37.0] [cxt 0] Extracting header 'ipv4'
[20:02:22.434] [bmv2] [D] [thread 2190] [37.0] [cxt 0] Parser set: setting field 'scalars.tmp' from expression, new value is 1
[20:02:22.434] [bmv2] [D] [thread 2190] [37.0] [cxt 0] Parser state 'parse_ipv4': key is 06
[20:02:22.434] [bmv2] [T] [thread 2190] [37.0] [cxt 0] Bytes parsed: 38
[20:02:22.434] [bmv2] [D] [thread 2190] [37.0] [cxt 0] Parser 'parser' entering state 'parse_ipv4_option'
[20:02:22.434] [bmv2] [D] [thread 2190] [37.0] [cxt 0] Extracting header 'ipv4_option'
[20:02:22.434] [bmv2] [D] [thread 2190] [37.0] [cxt 0] Parser state 'parse_ipv4_option': key is 1f
[20:02:22.434] [bmv2] [T] [thread 2190] [37.0] [cxt 0] Bytes parsed: 40
[20:02:22.434] [bmv2] [D] [thread 2190] [37.0] [cxt 0] Parser 'parser' entering state 'parse_link_qos'
[20:02:22.434] [bmv2] [D] [thread 2190] [37.0] [cxt 0] Extracting header 'link_qos'
[20:02:22.434] [bmv2] [D] [thread 2190] [37.0] [cxt 0] Parser state 'parse_link_qos' has no switch, going to default next state
[20:02:22.434] [bmv2] [T] [thread 2190] [37.0] [cxt 0] Bytes parsed: 42
[20:02:22.434] [bmv2] [D] [thread 2190] [37.0] [cxt 0] Parser 'parser': end
[20:02:22.434] [bmv2] [D] [thread 2190] [37.0] [cxt 0] Pipeline 'ingress': start
[20:02:22.434] [bmv2] [T] [thread 2190] [37.0] [cxt 0] qos.p4(197) Condition "hdr.ipv4.isValid()" (node_2) is true
[20:02:22.434] [bmv2] [T] [thread 2190] [37.0] [cxt 0] qos.p4(198) Condition "hdr.link_qos.link_qos == TARGET_LINK_QOS" (node_3) is true
[20:02:22.434] [bmv2] [T] [thread 2190] [37.0] [cxt 0] Applying table 'tbl_qos199'
[20:02:22.434] [bmv2] [D] [thread 2190] [37.0] [cxt 0] Looking up key:

[20:02:22.434] [bmv2] [D] [thread 2190] [37.0] [cxt 0] Table 'tbl_qos199': miss
[20:02:22.435] [bmv2] [D] [thread 2190] [37.0] [cxt 0] Action entry is qos199 - 
[20:02:22.435] [bmv2] [T] [thread 2190] [37.0] [cxt 0] Action qos199
[20:02:22.435] [bmv2] [T] [thread 2190] [37.0] [cxt 0] qos.p4(199) Primitive hdr.ipv4.diffserv = (TARGET_DSCP << 2
[20:02:22.435] [bmv2] [T] [thread 2190] [37.0] [cxt 0] qos.p4(28) Primitive 7; ...
[20:02:22.435] [bmv2] [T] [thread 2190] [37.0] [cxt 0] Applying table 'MyIngress.ipv4_lpm'
[20:02:22.435] [bmv2] [D] [thread 2190] [37.0] [cxt 0] Looking up key:
* hdr.ipv4.dstAddr    : 0a000202

[20:02:22.435] [bmv2] [D] [thread 2190] [37.0] [cxt 0] Table 'MyIngress.ipv4_lpm': hit with handle 2
[20:02:22.435] [bmv2] [D] [thread 2190] [37.0] [cxt 0] Dumping entry 2
Match key:
* hdr.ipv4.dstAddr    : LPM       0a000200/24
Action entry: MyIngress.ipv4_forward - 80000000200,3,

[20:02:22.435] [bmv2] [D] [thread 2190] [37.0] [cxt 0] Action entry is MyIngress.ipv4_forward - 80000000200,3,
[20:02:22.435] [bmv2] [T] [thread 2190] [37.0] [cxt 0] Action MyIngress.ipv4_forward
[20:02:22.435] [bmv2] [T] [thread 2190] [37.0] [cxt 0] qos.p4(175) Primitive standard_metadata.egress_spec = port
[20:02:22.435] [bmv2] [T] [thread 2190] [37.0] [cxt 0] qos.p4(176) Primitive hdr.ethernet.srcAddr = hdr.ethernet.dstAddr
[20:02:22.436] [bmv2] [T] [thread 2190] [37.0] [cxt 0] qos.p4(177) Primitive hdr.ethernet.dstAddr = dstAddr
[20:02:22.436] [bmv2] [T] [thread 2190] [37.0] [cxt 0] qos.p4(178) Primitive hdr.ipv4.ttl = hdr.ipv4.ttl - 1
[20:02:22.436] [bmv2] [D] [thread 2190] [37.0] [cxt 0] Pipeline 'ingress': end
[20:02:22.436] [bmv2] [D] [thread 2190] [37.0] [cxt 0] Egress port is 3
[20:02:22.436] [bmv2] [D] [thread 2194] [37.0] [cxt 0] Pipeline 'egress': start
[20:02:22.437] [bmv2] [D] [thread 2194] [37.0] [cxt 0] Pipeline 'egress': end
[20:02:22.437] [bmv2] [D] [thread 2194] [37.0] [cxt 0] Deparser 'deparser': start
[20:02:22.437] [bmv2] [D] [thread 2194] [37.0] [cxt 0] Updating checksum 'cksum'
[20:02:22.437] [bmv2] [D] [thread 2194] [37.0] [cxt 0] Deparsing header 'ethernet'
[20:02:22.437] [bmv2] [D] [thread 2194] [37.0] [cxt 0] Deparsing header 'vlan'
[20:02:22.437] [bmv2] [D] [thread 2194] [37.0] [cxt 0] Deparsing header 'ipv4'
[20:02:22.437] [bmv2] [D] [thread 2194] [37.0] [cxt 0] Deparsing header 'ipv4_option'
[20:02:22.437] [bmv2] [D] [thread 2194] [37.0] [cxt 0] Deparsing header 'link_qos'
[20:02:22.437] [bmv2] [D] [thread 2194] [37.0] [cxt 0] Deparser 'deparser': end
[20:02:22.437] [bmv2] [D] [thread 2195] [37.0] [cxt 0] Transmitting packet of size 50 out of port 3
[20:02:23.447] [bmv2] [D] [thread 2190] [38.0] [cxt 0] Processing packet received on port 1
[20:02:23.447] [bmv2] [D] [thread 2190] [38.0] [cxt 0] Parser 'parser': start
[20:02:23.447] [bmv2] [D] [thread 2190] [38.0] [cxt 0] Parser 'parser' entering state 'start'
[20:02:23.448] [bmv2] [D] [thread 2190] [38.0] [cxt 0] Extracting header 'ethernet'
[20:02:23.448] [bmv2] [D] [thread 2190] [38.0] [cxt 0] Parser state 'start': key is 8100
[20:02:23.448] [bmv2] [T] [thread 2190] [38.0] [cxt 0] Bytes parsed: 14
[20:02:23.448] [bmv2] [D] [thread 2190] [38.0] [cxt 0] Parser 'parser' entering state 'parse_vlan'
[20:02:23.449] [bmv2] [D] [thread 2190] [38.0] [cxt 0] Extracting header 'vlan'
[20:02:23.449] [bmv2] [D] [thread 2190] [38.0] [cxt 0] Parser state 'parse_vlan': key is 0800
[20:02:23.449] [bmv2] [T] [thread 2190] [38.0] [cxt 0] Bytes parsed: 18
[20:02:23.449] [bmv2] [D] [thread 2190] [38.0] [cxt 0] Parser 'parser' entering state 'parse_ipv4'
[20:02:23.449] [bmv2] [D] [thread 2190] [38.0] [cxt 0] Extracting header 'ipv4'
[20:02:23.449] [bmv2] [D] [thread 2190] [38.0] [cxt 0] Parser set: setting field 'scalars.tmp' from expression, new value is 1
[20:02:23.449] [bmv2] [D] [thread 2190] [38.0] [cxt 0] Parser state 'parse_ipv4': key is 06
[20:02:23.449] [bmv2] [T] [thread 2190] [38.0] [cxt 0] Bytes parsed: 38
[20:02:23.449] [bmv2] [D] [thread 2190] [38.0] [cxt 0] Parser 'parser' entering state 'parse_ipv4_option'
[20:02:23.449] [bmv2] [D] [thread 2190] [38.0] [cxt 0] Extracting header 'ipv4_option'
[20:02:23.449] [bmv2] [D] [thread 2190] [38.0] [cxt 0] Parser state 'parse_ipv4_option': key is 1f
[20:02:23.449] [bmv2] [T] [thread 2190] [38.0] [cxt 0] Bytes parsed: 40
[20:02:23.450] [bmv2] [D] [thread 2190] [38.0] [cxt 0] Parser 'parser' entering state 'parse_link_qos'
[20:02:23.450] [bmv2] [D] [thread 2190] [38.0] [cxt 0] Extracting header 'link_qos'
[20:02:23.450] [bmv2] [D] [thread 2190] [38.0] [cxt 0] Parser state 'parse_link_qos' has no switch, going to default next state
[20:02:23.450] [bmv2] [T] [thread 2190] [38.0] [cxt 0] Bytes parsed: 42
[20:02:23.450] [bmv2] [D] [thread 2190] [38.0] [cxt 0] Parser 'parser': end
[20:02:23.450] [bmv2] [D] [thread 2190] [38.0] [cxt 0] Pipeline 'ingress': start
[20:02:23.450] [bmv2] [T] [thread 2190] [38.0] [cxt 0] qos.p4(197) Condition "hdr.ipv4.isValid()" (node_2) is true
[20:02:23.450] [bmv2] [T] [thread 2190] [38.0] [cxt 0] qos.p4(198) Condition "hdr.link_qos.link_qos == TARGET_LINK_QOS" (node_3) is true
[20:02:23.451] [bmv2] [T] [thread 2190] [38.0] [cxt 0] Applying table 'tbl_qos199'
[20:02:23.451] [bmv2] [D] [thread 2190] [38.0] [cxt 0] Looking up key:

[20:02:23.451] [bmv2] [D] [thread 2190] [38.0] [cxt 0] Table 'tbl_qos199': miss
[20:02:23.451] [bmv2] [D] [thread 2190] [38.0] [cxt 0] Action entry is qos199 - 
[20:02:23.451] [bmv2] [T] [thread 2190] [38.0] [cxt 0] Action qos199
[20:02:23.451] [bmv2] [T] [thread 2190] [38.0] [cxt 0] qos.p4(199) Primitive hdr.ipv4.diffserv = (TARGET_DSCP << 2
[20:02:23.451] [bmv2] [T] [thread 2190] [38.0] [cxt 0] qos.p4(28) Primitive 7; ...
[20:02:23.451] [bmv2] [T] [thread 2190] [38.0] [cxt 0] Applying table 'MyIngress.ipv4_lpm'
[20:02:23.451] [bmv2] [D] [thread 2190] [38.0] [cxt 0] Looking up key:
* hdr.ipv4.dstAddr    : 0a000202

[20:02:23.451] [bmv2] [D] [thread 2190] [38.0] [cxt 0] Table 'MyIngress.ipv4_lpm': hit with handle 2
[20:02:23.464] [bmv2] [D] [thread 2190] [38.0] [cxt 0] Dumping entry 2
Match key:
* hdr.ipv4.dstAddr    : LPM       0a000200/24
Action entry: MyIngress.ipv4_forward - 80000000200,3,

[20:02:23.465] [bmv2] [D] [thread 2190] [38.0] [cxt 0] Action entry is MyIngress.ipv4_forward - 80000000200,3,
[20:02:23.465] [bmv2] [T] [thread 2190] [38.0] [cxt 0] Action MyIngress.ipv4_forward
[20:02:23.465] [bmv2] [T] [thread 2190] [38.0] [cxt 0] qos.p4(175) Primitive standard_metadata.egress_spec = port
[20:02:23.465] [bmv2] [T] [thread 2190] [38.0] [cxt 0] qos.p4(176) Primitive hdr.ethernet.srcAddr = hdr.ethernet.dstAddr
[20:02:23.465] [bmv2] [T] [thread 2190] [38.0] [cxt 0] qos.p4(177) Primitive hdr.ethernet.dstAddr = dstAddr
[20:02:23.465] [bmv2] [T] [thread 2190] [38.0] [cxt 0] qos.p4(178) Primitive hdr.ipv4.ttl = hdr.ipv4.ttl - 1
[20:02:23.465] [bmv2] [D] [thread 2190] [38.0] [cxt 0] Pipeline 'ingress': end
[20:02:23.465] [bmv2] [D] [thread 2190] [38.0] [cxt 0] Egress port is 3
[20:02:23.465] [bmv2] [D] [thread 2194] [38.0] [cxt 0] Pipeline 'egress': start
[20:02:23.466] [bmv2] [D] [thread 2194] [38.0] [cxt 0] Pipeline 'egress': end
[20:02:23.466] [bmv2] [D] [thread 2194] [38.0] [cxt 0] Deparser 'deparser': start
[20:02:23.466] [bmv2] [D] [thread 2194] [38.0] [cxt 0] Updating checksum 'cksum'
[20:02:23.466] [bmv2] [D] [thread 2194] [38.0] [cxt 0] Deparsing header 'ethernet'
[20:02:23.466] [bmv2] [D] [thread 2194] [38.0] [cxt 0] Deparsing header 'vlan'
[20:02:23.466] [bmv2] [D] [thread 2194] [38.0] [cxt 0] Deparsing header 'ipv4'
[20:02:23.466] [bmv2] [D] [thread 2194] [38.0] [cxt 0] Deparsing header 'ipv4_option'
[20:02:23.466] [bmv2] [D] [thread 2194] [38.0] [cxt 0] Deparsing header 'link_qos'
[20:02:23.466] [bmv2] [D] [thread 2194] [38.0] [cxt 0] Deparser 'deparser': end
[20:02:23.466] [bmv2] [D] [thread 2195] [38.0] [cxt 0] Transmitting packet of size 50 out of port 3
[20:02:24.476] [bmv2] [D] [thread 2190] [39.0] [cxt 0] Processing packet received on port 1
[20:02:24.477] [bmv2] [D] [thread 2190] [39.0] [cxt 0] Parser 'parser': start
[20:02:24.477] [bmv2] [D] [thread 2190] [39.0] [cxt 0] Parser 'parser' entering state 'start'
[20:02:24.477] [bmv2] [D] [thread 2190] [39.0] [cxt 0] Extracting header 'ethernet'
[20:02:24.477] [bmv2] [D] [thread 2190] [39.0] [cxt 0] Parser state 'start': key is 8100
[20:02:24.478] [bmv2] [T] [thread 2190] [39.0] [cxt 0] Bytes parsed: 14
[20:02:24.478] [bmv2] [D] [thread 2190] [39.0] [cxt 0] Parser 'parser' entering state 'parse_vlan'
[20:02:24.478] [bmv2] [D] [thread 2190] [39.0] [cxt 0] Extracting header 'vlan'
[20:02:24.478] [bmv2] [D] [thread 2190] [39.0] [cxt 0] Parser state 'parse_vlan': key is 0800
[20:02:24.478] [bmv2] [T] [thread 2190] [39.0] [cxt 0] Bytes parsed: 18
[20:02:24.478] [bmv2] [D] [thread 2190] [39.0] [cxt 0] Parser 'parser' entering state 'parse_ipv4'
[20:02:24.478] [bmv2] [D] [thread 2190] [39.0] [cxt 0] Extracting header 'ipv4'
[20:02:24.478] [bmv2] [D] [thread 2190] [39.0] [cxt 0] Parser set: setting field 'scalars.tmp' from expression, new value is 1
[20:02:24.478] [bmv2] [D] [thread 2190] [39.0] [cxt 0] Parser state 'parse_ipv4': key is 06
[20:02:24.479] [bmv2] [T] [thread 2190] [39.0] [cxt 0] Bytes parsed: 38
[20:02:24.479] [bmv2] [D] [thread 2190] [39.0] [cxt 0] Parser 'parser' entering state 'parse_ipv4_option'
[20:02:24.479] [bmv2] [D] [thread 2190] [39.0] [cxt 0] Extracting header 'ipv4_option'
[20:02:24.479] [bmv2] [D] [thread 2190] [39.0] [cxt 0] Parser state 'parse_ipv4_option': key is 1f
[20:02:24.479] [bmv2] [T] [thread 2190] [39.0] [cxt 0] Bytes parsed: 40
[20:02:24.479] [bmv2] [D] [thread 2190] [39.0] [cxt 0] Parser 'parser' entering state 'parse_link_qos'
[20:02:24.479] [bmv2] [D] [thread 2190] [39.0] [cxt 0] Extracting header 'link_qos'
[20:02:24.479] [bmv2] [D] [thread 2190] [39.0] [cxt 0] Parser state 'parse_link_qos' has no switch, going to default next state
[20:02:24.479] [bmv2] [T] [thread 2190] [39.0] [cxt 0] Bytes parsed: 42
[20:02:24.479] [bmv2] [D] [thread 2190] [39.0] [cxt 0] Parser 'parser': end
[20:02:24.479] [bmv2] [D] [thread 2190] [39.0] [cxt 0] Pipeline 'ingress': start
[20:02:24.480] [bmv2] [T] [thread 2190] [39.0] [cxt 0] qos.p4(197) Condition "hdr.ipv4.isValid()" (node_2) is true
[20:02:24.480] [bmv2] [T] [thread 2190] [39.0] [cxt 0] qos.p4(198) Condition "hdr.link_qos.link_qos == TARGET_LINK_QOS" (node_3) is true
[20:02:24.480] [bmv2] [T] [thread 2190] [39.0] [cxt 0] Applying table 'tbl_qos199'
[20:02:24.492] [bmv2] [D] [thread 2190] [39.0] [cxt 0] Looking up key:

[20:02:24.493] [bmv2] [D] [thread 2190] [39.0] [cxt 0] Table 'tbl_qos199': miss
[20:02:24.493] [bmv2] [D] [thread 2190] [39.0] [cxt 0] Action entry is qos199 - 
[20:02:24.493] [bmv2] [T] [thread 2190] [39.0] [cxt 0] Action qos199
[20:02:24.493] [bmv2] [T] [thread 2190] [39.0] [cxt 0] qos.p4(199) Primitive hdr.ipv4.diffserv = (TARGET_DSCP << 2
[20:02:24.493] [bmv2] [T] [thread 2190] [39.0] [cxt 0] qos.p4(28) Primitive 7; ...
[20:02:24.493] [bmv2] [T] [thread 2190] [39.0] [cxt 0] Applying table 'MyIngress.ipv4_lpm'
[20:02:24.493] [bmv2] [D] [thread 2190] [39.0] [cxt 0] Looking up key:
* hdr.ipv4.dstAddr    : 0a000202

[20:02:24.493] [bmv2] [D] [thread 2190] [39.0] [cxt 0] Table 'MyIngress.ipv4_lpm': hit with handle 2
[20:02:24.494] [bmv2] [D] [thread 2190] [39.0] [cxt 0] Dumping entry 2
Match key:
* hdr.ipv4.dstAddr    : LPM       0a000200/24
Action entry: MyIngress.ipv4_forward - 80000000200,3,

[20:02:24.494] [bmv2] [D] [thread 2190] [39.0] [cxt 0] Action entry is MyIngress.ipv4_forward - 80000000200,3,
[20:02:24.494] [bmv2] [T] [thread 2190] [39.0] [cxt 0] Action MyIngress.ipv4_forward
[20:02:24.494] [bmv2] [T] [thread 2190] [39.0] [cxt 0] qos.p4(175) Primitive standard_metadata.egress_spec = port
[20:02:24.494] [bmv2] [T] [thread 2190] [39.0] [cxt 0] qos.p4(176) Primitive hdr.ethernet.srcAddr = hdr.ethernet.dstAddr
[20:02:24.494] [bmv2] [T] [thread 2190] [39.0] [cxt 0] qos.p4(177) Primitive hdr.ethernet.dstAddr = dstAddr
[20:02:24.494] [bmv2] [T] [thread 2190] [39.0] [cxt 0] qos.p4(178) Primitive hdr.ipv4.ttl = hdr.ipv4.ttl - 1
[20:02:24.494] [bmv2] [D] [thread 2190] [39.0] [cxt 0] Pipeline 'ingress': end
[20:02:24.494] [bmv2] [D] [thread 2190] [39.0] [cxt 0] Egress port is 3
[20:02:24.494] [bmv2] [D] [thread 2194] [39.0] [cxt 0] Pipeline 'egress': start
[20:02:24.494] [bmv2] [D] [thread 2194] [39.0] [cxt 0] Pipeline 'egress': end
[20:02:24.495] [bmv2] [D] [thread 2194] [39.0] [cxt 0] Deparser 'deparser': start
[20:02:24.495] [bmv2] [D] [thread 2194] [39.0] [cxt 0] Updating checksum 'cksum'
[20:02:24.495] [bmv2] [D] [thread 2194] [39.0] [cxt 0] Deparsing header 'ethernet'
[20:02:24.495] [bmv2] [D] [thread 2194] [39.0] [cxt 0] Deparsing header 'vlan'
[20:02:24.495] [bmv2] [D] [thread 2194] [39.0] [cxt 0] Deparsing header 'ipv4'
[20:02:24.495] [bmv2] [D] [thread 2194] [39.0] [cxt 0] Deparsing header 'ipv4_option'
[20:02:24.495] [bmv2] [D] [thread 2194] [39.0] [cxt 0] Deparsing header 'link_qos'
[20:02:24.495] [bmv2] [D] [thread 2194] [39.0] [cxt 0] Deparser 'deparser': end
[20:02:24.495] [bmv2] [D] [thread 2195] [39.0] [cxt 0] Transmitting packet of size 50 out of port 3
[20:02:25.503] [bmv2] [D] [thread 2190] [40.0] [cxt 0] Processing packet received on port 1
[20:02:25.508] [bmv2] [D] [thread 2190] [40.0] [cxt 0] Parser 'parser': start
[20:02:25.508] [bmv2] [D] [thread 2190] [40.0] [cxt 0] Parser 'parser' entering state 'start'
[20:02:25.508] [bmv2] [D] [thread 2190] [40.0] [cxt 0] Extracting header 'ethernet'
[20:02:25.509] [bmv2] [D] [thread 2190] [40.0] [cxt 0] Parser state 'start': key is 8100
[20:02:25.509] [bmv2] [T] [thread 2190] [40.0] [cxt 0] Bytes parsed: 14
[20:02:25.509] [bmv2] [D] [thread 2190] [40.0] [cxt 0] Parser 'parser' entering state 'parse_vlan'
[20:02:25.509] [bmv2] [D] [thread 2190] [40.0] [cxt 0] Extracting header 'vlan'
[20:02:25.509] [bmv2] [D] [thread 2190] [40.0] [cxt 0] Parser state 'parse_vlan': key is 0800
[20:02:25.509] [bmv2] [T] [thread 2190] [40.0] [cxt 0] Bytes parsed: 18
[20:02:25.509] [bmv2] [D] [thread 2190] [40.0] [cxt 0] Parser 'parser' entering state 'parse_ipv4'
[20:02:25.509] [bmv2] [D] [thread 2190] [40.0] [cxt 0] Extracting header 'ipv4'
[20:02:25.509] [bmv2] [D] [thread 2190] [40.0] [cxt 0] Parser set: setting field 'scalars.tmp' from expression, new value is 1
[20:02:25.510] [bmv2] [D] [thread 2190] [40.0] [cxt 0] Parser state 'parse_ipv4': key is 06
[20:02:25.510] [bmv2] [T] [thread 2190] [40.0] [cxt 0] Bytes parsed: 38
[20:02:25.510] [bmv2] [D] [thread 2190] [40.0] [cxt 0] Parser 'parser' entering state 'parse_ipv4_option'
[20:02:25.510] [bmv2] [D] [thread 2190] [40.0] [cxt 0] Extracting header 'ipv4_option'
[20:02:25.510] [bmv2] [D] [thread 2190] [40.0] [cxt 0] Parser state 'parse_ipv4_option': key is 1f
[20:02:25.510] [bmv2] [T] [thread 2190] [40.0] [cxt 0] Bytes parsed: 40
[20:02:25.510] [bmv2] [D] [thread 2190] [40.0] [cxt 0] Parser 'parser' entering state 'parse_link_qos'
[20:02:25.510] [bmv2] [D] [thread 2190] [40.0] [cxt 0] Extracting header 'link_qos'
[20:02:25.510] [bmv2] [D] [thread 2190] [40.0] [cxt 0] Parser state 'parse_link_qos' has no switch, going to default next state
[20:02:25.510] [bmv2] [T] [thread 2190] [40.0] [cxt 0] Bytes parsed: 42
[20:02:25.510] [bmv2] [D] [thread 2190] [40.0] [cxt 0] Parser 'parser': end
[20:02:25.511] [bmv2] [D] [thread 2190] [40.0] [cxt 0] Pipeline 'ingress': start
[20:02:25.511] [bmv2] [T] [thread 2190] [40.0] [cxt 0] qos.p4(197) Condition "hdr.ipv4.isValid()" (node_2) is true
[20:02:25.511] [bmv2] [T] [thread 2190] [40.0] [cxt 0] qos.p4(198) Condition "hdr.link_qos.link_qos == TARGET_LINK_QOS" (node_3) is true
[20:02:25.511] [bmv2] [T] [thread 2190] [40.0] [cxt 0] Applying table 'tbl_qos199'
[20:02:25.511] [bmv2] [D] [thread 2190] [40.0] [cxt 0] Looking up key:

[20:02:25.511] [bmv2] [D] [thread 2190] [40.0] [cxt 0] Table 'tbl_qos199': miss
[20:02:25.511] [bmv2] [D] [thread 2190] [40.0] [cxt 0] Action entry is qos199 - 
[20:02:25.511] [bmv2] [T] [thread 2190] [40.0] [cxt 0] Action qos199
[20:02:25.511] [bmv2] [T] [thread 2190] [40.0] [cxt 0] qos.p4(199) Primitive hdr.ipv4.diffserv = (TARGET_DSCP << 2
[20:02:25.511] [bmv2] [T] [thread 2190] [40.0] [cxt 0] qos.p4(28) Primitive 7; ...
[20:02:25.511] [bmv2] [T] [thread 2190] [40.0] [cxt 0] Applying table 'MyIngress.ipv4_lpm'
[20:02:25.512] [bmv2] [D] [thread 2190] [40.0] [cxt 0] Looking up key:
* hdr.ipv4.dstAddr    : 0a000202

[20:02:25.512] [bmv2] [D] [thread 2190] [40.0] [cxt 0] Table 'MyIngress.ipv4_lpm': hit with handle 2
[20:02:25.512] [bmv2] [D] [thread 2190] [40.0] [cxt 0] Dumping entry 2
Match key:
* hdr.ipv4.dstAddr    : LPM       0a000200/24
Action entry: MyIngress.ipv4_forward - 80000000200,3,

[20:02:25.512] [bmv2] [D] [thread 2190] [40.0] [cxt 0] Action entry is MyIngress.ipv4_forward - 80000000200,3,
[20:02:25.512] [bmv2] [T] [thread 2190] [40.0] [cxt 0] Action MyIngress.ipv4_forward
[20:02:25.512] [bmv2] [T] [thread 2190] [40.0] [cxt 0] qos.p4(175) Primitive standard_metadata.egress_spec = port
[20:02:25.512] [bmv2] [T] [thread 2190] [40.0] [cxt 0] qos.p4(176) Primitive hdr.ethernet.srcAddr = hdr.ethernet.dstAddr
[20:02:25.512] [bmv2] [T] [thread 2190] [40.0] [cxt 0] qos.p4(177) Primitive hdr.ethernet.dstAddr = dstAddr
[20:02:25.512] [bmv2] [T] [thread 2190] [40.0] [cxt 0] qos.p4(178) Primitive hdr.ipv4.ttl = hdr.ipv4.ttl - 1
[20:02:25.520] [bmv2] [D] [thread 2190] [40.0] [cxt 0] Pipeline 'ingress': end
[20:02:25.521] [bmv2] [D] [thread 2190] [40.0] [cxt 0] Egress port is 3
[20:02:25.521] [bmv2] [D] [thread 2194] [40.0] [cxt 0] Pipeline 'egress': start
[20:02:25.521] [bmv2] [D] [thread 2194] [40.0] [cxt 0] Pipeline 'egress': end
[20:02:25.521] [bmv2] [D] [thread 2194] [40.0] [cxt 0] Deparser 'deparser': start
[20:02:25.521] [bmv2] [D] [thread 2194] [40.0] [cxt 0] Updating checksum 'cksum'
[20:02:25.521] [bmv2] [D] [thread 2194] [40.0] [cxt 0] Deparsing header 'ethernet'
[20:02:25.521] [bmv2] [D] [thread 2194] [40.0] [cxt 0] Deparsing header 'vlan'
[20:02:25.521] [bmv2] [D] [thread 2194] [40.0] [cxt 0] Deparsing header 'ipv4'
[20:02:25.521] [bmv2] [D] [thread 2194] [40.0] [cxt 0] Deparsing header 'ipv4_option'
[20:02:25.521] [bmv2] [D] [thread 2194] [40.0] [cxt 0] Deparsing header 'link_qos'
[20:02:25.521] [bmv2] [D] [thread 2194] [40.0] [cxt 0] Deparser 'deparser': end
[20:02:25.521] [bmv2] [D] [thread 2195] [40.0] [cxt 0] Transmitting packet of size 50 out of port 3
[20:02:26.538] [bmv2] [D] [thread 2190] [41.0] [cxt 0] Processing packet received on port 1
[20:02:26.538] [bmv2] [D] [thread 2190] [41.0] [cxt 0] Parser 'parser': start
[20:02:26.539] [bmv2] [D] [thread 2190] [41.0] [cxt 0] Parser 'parser' entering state 'start'
[20:02:26.539] [bmv2] [D] [thread 2190] [41.0] [cxt 0] Extracting header 'ethernet'
[20:02:26.539] [bmv2] [D] [thread 2190] [41.0] [cxt 0] Parser state 'start': key is 8100
[20:02:26.539] [bmv2] [T] [thread 2190] [41.0] [cxt 0] Bytes parsed: 14
[20:02:26.539] [bmv2] [D] [thread 2190] [41.0] [cxt 0] Parser 'parser' entering state 'parse_vlan'
[20:02:26.539] [bmv2] [D] [thread 2190] [41.0] [cxt 0] Extracting header 'vlan'
[20:02:26.539] [bmv2] [D] [thread 2190] [41.0] [cxt 0] Parser state 'parse_vlan': key is 0800
[20:02:26.539] [bmv2] [T] [thread 2190] [41.0] [cxt 0] Bytes parsed: 18
[20:02:26.539] [bmv2] [D] [thread 2190] [41.0] [cxt 0] Parser 'parser' entering state 'parse_ipv4'
[20:02:26.539] [bmv2] [D] [thread 2190] [41.0] [cxt 0] Extracting header 'ipv4'
[20:02:26.540] [bmv2] [D] [thread 2190] [41.0] [cxt 0] Parser set: setting field 'scalars.tmp' from expression, new value is 1
[20:02:26.540] [bmv2] [D] [thread 2190] [41.0] [cxt 0] Parser state 'parse_ipv4': key is 06
[20:02:26.540] [bmv2] [T] [thread 2190] [41.0] [cxt 0] Bytes parsed: 38
[20:02:26.541] [bmv2] [D] [thread 2190] [41.0] [cxt 0] Parser 'parser' entering state 'parse_ipv4_option'
[20:02:26.541] [bmv2] [D] [thread 2190] [41.0] [cxt 0] Extracting header 'ipv4_option'
[20:02:26.541] [bmv2] [D] [thread 2190] [41.0] [cxt 0] Parser state 'parse_ipv4_option': key is 1f
[20:02:26.541] [bmv2] [T] [thread 2190] [41.0] [cxt 0] Bytes parsed: 40
[20:02:26.541] [bmv2] [D] [thread 2190] [41.0] [cxt 0] Parser 'parser' entering state 'parse_link_qos'
[20:02:26.541] [bmv2] [D] [thread 2190] [41.0] [cxt 0] Extracting header 'link_qos'
[20:02:26.541] [bmv2] [D] [thread 2190] [41.0] [cxt 0] Parser state 'parse_link_qos' has no switch, going to default next state
[20:02:26.541] [bmv2] [T] [thread 2190] [41.0] [cxt 0] Bytes parsed: 42
[20:02:26.541] [bmv2] [D] [thread 2190] [41.0] [cxt 0] Parser 'parser': end
[20:02:26.541] [bmv2] [D] [thread 2190] [41.0] [cxt 0] Pipeline 'ingress': start
[20:02:26.541] [bmv2] [T] [thread 2190] [41.0] [cxt 0] qos.p4(197) Condition "hdr.ipv4.isValid()" (node_2) is true
[20:02:26.541] [bmv2] [T] [thread 2190] [41.0] [cxt 0] qos.p4(198) Condition "hdr.link_qos.link_qos == TARGET_LINK_QOS" (node_3) is true
[20:02:26.541] [bmv2] [T] [thread 2190] [41.0] [cxt 0] Applying table 'tbl_qos199'
[20:02:26.542] [bmv2] [D] [thread 2190] [41.0] [cxt 0] Looking up key:

[20:02:26.542] [bmv2] [D] [thread 2190] [41.0] [cxt 0] Table 'tbl_qos199': miss
[20:02:26.542] [bmv2] [D] [thread 2190] [41.0] [cxt 0] Action entry is qos199 - 
[20:02:26.542] [bmv2] [T] [thread 2190] [41.0] [cxt 0] Action qos199
[20:02:26.542] [bmv2] [T] [thread 2190] [41.0] [cxt 0] qos.p4(199) Primitive hdr.ipv4.diffserv = (TARGET_DSCP << 2
[20:02:26.542] [bmv2] [T] [thread 2190] [41.0] [cxt 0] qos.p4(28) Primitive 7; ...
[20:02:26.542] [bmv2] [T] [thread 2190] [41.0] [cxt 0] Applying table 'MyIngress.ipv4_lpm'
[20:02:26.542] [bmv2] [D] [thread 2190] [41.0] [cxt 0] Looking up key:
* hdr.ipv4.dstAddr    : 0a000202

[20:02:26.543] [bmv2] [D] [thread 2190] [41.0] [cxt 0] Table 'MyIngress.ipv4_lpm': hit with handle 2
[20:02:26.543] [bmv2] [D] [thread 2190] [41.0] [cxt 0] Dumping entry 2
Match key:
* hdr.ipv4.dstAddr    : LPM       0a000200/24
Action entry: MyIngress.ipv4_forward - 80000000200,3,

[20:02:26.543] [bmv2] [D] [thread 2190] [41.0] [cxt 0] Action entry is MyIngress.ipv4_forward - 80000000200,3,
[20:02:26.543] [bmv2] [T] [thread 2190] [41.0] [cxt 0] Action MyIngress.ipv4_forward
[20:02:26.543] [bmv2] [T] [thread 2190] [41.0] [cxt 0] qos.p4(175) Primitive standard_metadata.egress_spec = port
[20:02:26.543] [bmv2] [T] [thread 2190] [41.0] [cxt 0] qos.p4(176) Primitive hdr.ethernet.srcAddr = hdr.ethernet.dstAddr
[20:02:26.543] [bmv2] [T] [thread 2190] [41.0] [cxt 0] qos.p4(177) Primitive hdr.ethernet.dstAddr = dstAddr
[20:02:26.543] [bmv2] [T] [thread 2190] [41.0] [cxt 0] qos.p4(178) Primitive hdr.ipv4.ttl = hdr.ipv4.ttl - 1
[20:02:26.552] [bmv2] [D] [thread 2190] [41.0] [cxt 0] Pipeline 'ingress': end
[20:02:26.552] [bmv2] [D] [thread 2190] [41.0] [cxt 0] Egress port is 3
[20:02:26.553] [bmv2] [D] [thread 2194] [41.0] [cxt 0] Pipeline 'egress': start
[20:02:26.553] [bmv2] [D] [thread 2194] [41.0] [cxt 0] Pipeline 'egress': end
[20:02:26.553] [bmv2] [D] [thread 2194] [41.0] [cxt 0] Deparser 'deparser': start
[20:02:26.553] [bmv2] [D] [thread 2194] [41.0] [cxt 0] Updating checksum 'cksum'
[20:02:26.553] [bmv2] [D] [thread 2194] [41.0] [cxt 0] Deparsing header 'ethernet'
[20:02:26.553] [bmv2] [D] [thread 2194] [41.0] [cxt 0] Deparsing header 'vlan'
[20:02:26.553] [bmv2] [D] [thread 2194] [41.0] [cxt 0] Deparsing header 'ipv4'
[20:02:26.553] [bmv2] [D] [thread 2194] [41.0] [cxt 0] Deparsing header 'ipv4_option'
[20:02:26.553] [bmv2] [D] [thread 2194] [41.0] [cxt 0] Deparsing header 'link_qos'
[20:02:26.553] [bmv2] [D] [thread 2194] [41.0] [cxt 0] Deparser 'deparser': end
[20:02:26.553] [bmv2] [D] [thread 2195] [41.0] [cxt 0] Transmitting packet of size 50 out of port 3
[20:02:26.707] [bmv2] [D] [thread 2190] [42.0] [cxt 0] Processing packet received on port 4
[20:02:26.707] [bmv2] [D] [thread 2190] [42.0] [cxt 0] Parser 'parser': start
[20:02:26.707] [bmv2] [D] [thread 2190] [42.0] [cxt 0] Parser 'parser' entering state 'start'
[20:02:26.707] [bmv2] [D] [thread 2190] [42.0] [cxt 0] Extracting header 'ethernet'
[20:02:26.707] [bmv2] [D] [thread 2190] [42.0] [cxt 0] Parser state 'start': key is 86dd
[20:02:26.707] [bmv2] [T] [thread 2190] [42.0] [cxt 0] Bytes parsed: 14
[20:02:26.707] [bmv2] [D] [thread 2190] [42.0] [cxt 0] Parser 'parser': end
[20:02:26.708] [bmv2] [D] [thread 2190] [42.0] [cxt 0] Pipeline 'ingress': start
[20:02:26.708] [bmv2] [T] [thread 2190] [42.0] [cxt 0] qos.p4(197) Condition "hdr.ipv4.isValid()" (node_2) is false
[20:02:26.708] [bmv2] [D] [thread 2190] [42.0] [cxt 0] Pipeline 'ingress': end
[20:02:26.708] [bmv2] [D] [thread 2190] [42.0] [cxt 0] Egress port is 0
[20:02:26.711] [bmv2] [D] [thread 2191] [42.0] [cxt 0] Pipeline 'egress': start
[20:02:26.711] [bmv2] [D] [thread 2191] [42.0] [cxt 0] Pipeline 'egress': end
[20:02:26.711] [bmv2] [D] [thread 2191] [42.0] [cxt 0] Deparser 'deparser': start
[20:02:26.712] [bmv2] [T] [thread 2191] [42.0] [cxt 0] Skipping checksum 'cksum' update because condition not met
[20:02:26.712] [bmv2] [D] [thread 2191] [42.0] [cxt 0] Deparsing header 'ethernet'
[20:02:26.712] [bmv2] [D] [thread 2191] [42.0] [cxt 0] Deparser 'deparser': end
[20:02:26.712] [bmv2] [D] [thread 2195] [42.0] [cxt 0] Transmitting packet of size 70 out of port 0
[20:02:26.965] [bmv2] [D] [thread 2190] [43.0] [cxt 0] Processing packet received on port 4
[20:02:26.965] [bmv2] [D] [thread 2190] [43.0] [cxt 0] Parser 'parser': start
[20:02:26.965] [bmv2] [D] [thread 2190] [43.0] [cxt 0] Parser 'parser' entering state 'start'
[20:02:26.965] [bmv2] [D] [thread 2190] [43.0] [cxt 0] Extracting header 'ethernet'
[20:02:26.966] [bmv2] [D] [thread 2190] [43.0] [cxt 0] Parser state 'start': key is 86dd
[20:02:26.966] [bmv2] [T] [thread 2190] [43.0] [cxt 0] Bytes parsed: 14
[20:02:26.966] [bmv2] [D] [thread 2190] [43.0] [cxt 0] Parser 'parser': end
[20:02:26.967] [bmv2] [D] [thread 2190] [43.0] [cxt 0] Pipeline 'ingress': start
[20:02:26.967] [bmv2] [T] [thread 2190] [43.0] [cxt 0] qos.p4(197) Condition "hdr.ipv4.isValid()" (node_2) is false
[20:02:26.967] [bmv2] [D] [thread 2190] [43.0] [cxt 0] Pipeline 'ingress': end
[20:02:26.967] [bmv2] [D] [thread 2190] [43.0] [cxt 0] Egress port is 0
[20:02:26.974] [bmv2] [D] [thread 2191] [43.0] [cxt 0] Pipeline 'egress': start
[20:02:26.974] [bmv2] [D] [thread 2191] [43.0] [cxt 0] Pipeline 'egress': end
[20:02:26.974] [bmv2] [D] [thread 2191] [43.0] [cxt 0] Deparser 'deparser': start
[20:02:26.974] [bmv2] [T] [thread 2191] [43.0] [cxt 0] Skipping checksum 'cksum' update because condition not met
[20:02:26.974] [bmv2] [D] [thread 2191] [43.0] [cxt 0] Deparsing header 'ethernet'
[20:02:26.974] [bmv2] [D] [thread 2191] [43.0] [cxt 0] Deparser 'deparser': end
[20:02:26.974] [bmv2] [D] [thread 2195] [43.0] [cxt 0] Transmitting packet of size 70 out of port 0
[20:02:27.196] [bmv2] [D] [thread 2190] [44.0] [cxt 0] Processing packet received on port 1
[20:02:27.197] [bmv2] [D] [thread 2190] [44.0] [cxt 0] Parser 'parser': start
[20:02:27.197] [bmv2] [D] [thread 2190] [44.0] [cxt 0] Parser 'parser' entering state 'start'
[20:02:27.197] [bmv2] [D] [thread 2190] [44.0] [cxt 0] Extracting header 'ethernet'
[20:02:27.197] [bmv2] [D] [thread 2190] [44.0] [cxt 0] Parser state 'start': key is 86dd
[20:02:27.197] [bmv2] [T] [thread 2190] [44.0] [cxt 0] Bytes parsed: 14
[20:02:27.197] [bmv2] [D] [thread 2190] [44.0] [cxt 0] Parser 'parser': end
[20:02:27.198] [bmv2] [D] [thread 2190] [44.0] [cxt 0] Pipeline 'ingress': start
[20:02:27.198] [bmv2] [T] [thread 2190] [44.0] [cxt 0] qos.p4(197) Condition "hdr.ipv4.isValid()" (node_2) is false
[20:02:27.198] [bmv2] [D] [thread 2190] [44.0] [cxt 0] Pipeline 'ingress': end
[20:02:27.198] [bmv2] [D] [thread 2190] [44.0] [cxt 0] Egress port is 0
[20:02:27.198] [bmv2] [D] [thread 2191] [44.0] [cxt 0] Pipeline 'egress': start
[20:02:27.198] [bmv2] [D] [thread 2191] [44.0] [cxt 0] Pipeline 'egress': end
[20:02:27.199] [bmv2] [D] [thread 2191] [44.0] [cxt 0] Deparser 'deparser': start
[20:02:27.199] [bmv2] [T] [thread 2191] [44.0] [cxt 0] Skipping checksum 'cksum' update because condition not met
[20:02:27.199] [bmv2] [D] [thread 2191] [44.0] [cxt 0] Deparsing header 'ethernet'
[20:02:27.199] [bmv2] [D] [thread 2191] [44.0] [cxt 0] Deparser 'deparser': end
[20:02:27.199] [bmv2] [D] [thread 2195] [44.0] [cxt 0] Transmitting packet of size 70 out of port 0
[20:02:27.579] [bmv2] [D] [thread 2190] [45.0] [cxt 0] Processing packet received on port 1
[20:02:27.579] [bmv2] [D] [thread 2190] [45.0] [cxt 0] Parser 'parser': start
[20:02:27.579] [bmv2] [D] [thread 2190] [45.0] [cxt 0] Parser 'parser' entering state 'start'
[20:02:27.579] [bmv2] [D] [thread 2190] [45.0] [cxt 0] Extracting header 'ethernet'
[20:02:27.580] [bmv2] [D] [thread 2190] [45.0] [cxt 0] Parser state 'start': key is 8100
[20:02:27.580] [bmv2] [T] [thread 2190] [45.0] [cxt 0] Bytes parsed: 14
[20:02:27.580] [bmv2] [D] [thread 2190] [45.0] [cxt 0] Parser 'parser' entering state 'parse_vlan'
[20:02:27.580] [bmv2] [D] [thread 2190] [45.0] [cxt 0] Extracting header 'vlan'
[20:02:27.580] [bmv2] [D] [thread 2190] [45.0] [cxt 0] Parser state 'parse_vlan': key is 0800
[20:02:27.580] [bmv2] [T] [thread 2190] [45.0] [cxt 0] Bytes parsed: 18
[20:02:27.580] [bmv2] [D] [thread 2190] [45.0] [cxt 0] Parser 'parser' entering state 'parse_ipv4'
[20:02:27.580] [bmv2] [D] [thread 2190] [45.0] [cxt 0] Extracting header 'ipv4'
[20:02:27.580] [bmv2] [D] [thread 2190] [45.0] [cxt 0] Parser set: setting field 'scalars.tmp' from expression, new value is 1
[20:02:27.580] [bmv2] [D] [thread 2190] [45.0] [cxt 0] Parser state 'parse_ipv4': key is 06
[20:02:27.580] [bmv2] [T] [thread 2190] [45.0] [cxt 0] Bytes parsed: 38
[20:02:27.580] [bmv2] [D] [thread 2190] [45.0] [cxt 0] Parser 'parser' entering state 'parse_ipv4_option'
[20:02:27.581] [bmv2] [D] [thread 2190] [45.0] [cxt 0] Extracting header 'ipv4_option'
[20:02:27.581] [bmv2] [D] [thread 2190] [45.0] [cxt 0] Parser state 'parse_ipv4_option': key is 1f
[20:02:27.581] [bmv2] [T] [thread 2190] [45.0] [cxt 0] Bytes parsed: 40
[20:02:27.581] [bmv2] [D] [thread 2190] [45.0] [cxt 0] Parser 'parser' entering state 'parse_link_qos'
[20:02:27.581] [bmv2] [D] [thread 2190] [45.0] [cxt 0] Extracting header 'link_qos'
[20:02:27.581] [bmv2] [D] [thread 2190] [45.0] [cxt 0] Parser state 'parse_link_qos' has no switch, going to default next state
[20:02:27.581] [bmv2] [T] [thread 2190] [45.0] [cxt 0] Bytes parsed: 42
[20:02:27.581] [bmv2] [D] [thread 2190] [45.0] [cxt 0] Parser 'parser': end
[20:02:27.581] [bmv2] [D] [thread 2190] [45.0] [cxt 0] Pipeline 'ingress': start
[20:02:27.581] [bmv2] [T] [thread 2190] [45.0] [cxt 0] qos.p4(197) Condition "hdr.ipv4.isValid()" (node_2) is true
[20:02:27.581] [bmv2] [T] [thread 2190] [45.0] [cxt 0] qos.p4(198) Condition "hdr.link_qos.link_qos == TARGET_LINK_QOS" (node_3) is true
[20:02:27.581] [bmv2] [T] [thread 2190] [45.0] [cxt 0] Applying table 'tbl_qos199'
[20:02:27.581] [bmv2] [D] [thread 2190] [45.0] [cxt 0] Looking up key:

[20:02:27.581] [bmv2] [D] [thread 2190] [45.0] [cxt 0] Table 'tbl_qos199': miss
[20:02:27.581] [bmv2] [D] [thread 2190] [45.0] [cxt 0] Action entry is qos199 - 
[20:02:27.581] [bmv2] [T] [thread 2190] [45.0] [cxt 0] Action qos199
[20:02:27.581] [bmv2] [T] [thread 2190] [45.0] [cxt 0] qos.p4(199) Primitive hdr.ipv4.diffserv = (TARGET_DSCP << 2
[20:02:27.581] [bmv2] [T] [thread 2190] [45.0] [cxt 0] qos.p4(28) Primitive 7; ...
[20:02:27.581] [bmv2] [T] [thread 2190] [45.0] [cxt 0] Applying table 'MyIngress.ipv4_lpm'
[20:02:27.581] [bmv2] [D] [thread 2190] [45.0] [cxt 0] Looking up key:
* hdr.ipv4.dstAddr    : 0a000202

[20:02:27.581] [bmv2] [D] [thread 2190] [45.0] [cxt 0] Table 'MyIngress.ipv4_lpm': hit with handle 2
[20:02:27.582] [bmv2] [D] [thread 2190] [45.0] [cxt 0] Dumping entry 2
Match key:
* hdr.ipv4.dstAddr    : LPM       0a000200/24
Action entry: MyIngress.ipv4_forward - 80000000200,3,

[20:02:27.582] [bmv2] [D] [thread 2190] [45.0] [cxt 0] Action entry is MyIngress.ipv4_forward - 80000000200,3,
[20:02:27.582] [bmv2] [T] [thread 2190] [45.0] [cxt 0] Action MyIngress.ipv4_forward
[20:02:27.582] [bmv2] [T] [thread 2190] [45.0] [cxt 0] qos.p4(175) Primitive standard_metadata.egress_spec = port
[20:02:27.582] [bmv2] [T] [thread 2190] [45.0] [cxt 0] qos.p4(176) Primitive hdr.ethernet.srcAddr = hdr.ethernet.dstAddr
[20:02:27.582] [bmv2] [T] [thread 2190] [45.0] [cxt 0] qos.p4(177) Primitive hdr.ethernet.dstAddr = dstAddr
[20:02:27.582] [bmv2] [T] [thread 2190] [45.0] [cxt 0] qos.p4(178) Primitive hdr.ipv4.ttl = hdr.ipv4.ttl - 1
[20:02:27.589] [bmv2] [D] [thread 2190] [45.0] [cxt 0] Pipeline 'ingress': end
[20:02:27.589] [bmv2] [D] [thread 2190] [45.0] [cxt 0] Egress port is 3
[20:02:27.591] [bmv2] [D] [thread 2194] [45.0] [cxt 0] Pipeline 'egress': start
[20:02:27.592] [bmv2] [D] [thread 2194] [45.0] [cxt 0] Pipeline 'egress': end
[20:02:27.592] [bmv2] [D] [thread 2194] [45.0] [cxt 0] Deparser 'deparser': start
[20:02:27.592] [bmv2] [D] [thread 2194] [45.0] [cxt 0] Updating checksum 'cksum'
[20:02:27.592] [bmv2] [D] [thread 2194] [45.0] [cxt 0] Deparsing header 'ethernet'
[20:02:27.592] [bmv2] [D] [thread 2194] [45.0] [cxt 0] Deparsing header 'vlan'
[20:02:27.592] [bmv2] [D] [thread 2194] [45.0] [cxt 0] Deparsing header 'ipv4'
[20:02:27.592] [bmv2] [D] [thread 2194] [45.0] [cxt 0] Deparsing header 'ipv4_option'
[20:02:27.592] [bmv2] [D] [thread 2194] [45.0] [cxt 0] Deparsing header 'link_qos'
[20:02:27.592] [bmv2] [D] [thread 2194] [45.0] [cxt 0] Deparser 'deparser': end
[20:02:27.592] [bmv2] [D] [thread 2195] [45.0] [cxt 0] Transmitting packet of size 50 out of port 3
[20:02:27.593] [bmv2] [D] [thread 2190] [46.0] [cxt 0] Processing packet received on port 3
[20:02:27.593] [bmv2] [D] [thread 2190] [46.0] [cxt 0] Parser 'parser': start
[20:02:27.593] [bmv2] [D] [thread 2190] [46.0] [cxt 0] Parser 'parser' entering state 'start'
[20:02:27.593] [bmv2] [D] [thread 2190] [46.0] [cxt 0] Extracting header 'ethernet'
[20:02:27.593] [bmv2] [D] [thread 2190] [46.0] [cxt 0] Parser state 'start': key is 86dd
[20:02:27.593] [bmv2] [T] [thread 2190] [46.0] [cxt 0] Bytes parsed: 14
[20:02:27.593] [bmv2] [D] [thread 2190] [46.0] [cxt 0] Parser 'parser': end
[20:02:27.593] [bmv2] [D] [thread 2190] [46.0] [cxt 0] Pipeline 'ingress': start
[20:02:27.593] [bmv2] [T] [thread 2190] [46.0] [cxt 0] qos.p4(197) Condition "hdr.ipv4.isValid()" (node_2) is false
[20:02:27.593] [bmv2] [D] [thread 2190] [46.0] [cxt 0] Pipeline 'ingress': end
[20:02:27.593] [bmv2] [D] [thread 2190] [46.0] [cxt 0] Egress port is 0
[20:02:27.597] [bmv2] [D] [thread 2191] [46.0] [cxt 0] Pipeline 'egress': start
[20:02:27.597] [bmv2] [D] [thread 2191] [46.0] [cxt 0] Pipeline 'egress': end
[20:02:27.598] [bmv2] [D] [thread 2191] [46.0] [cxt 0] Deparser 'deparser': start
[20:02:27.598] [bmv2] [T] [thread 2191] [46.0] [cxt 0] Skipping checksum 'cksum' update because condition not met
[20:02:27.598] [bmv2] [D] [thread 2191] [46.0] [cxt 0] Deparsing header 'ethernet'
[20:02:27.599] [bmv2] [D] [thread 2191] [46.0] [cxt 0] Deparser 'deparser': end
[20:02:27.599] [bmv2] [D] [thread 2195] [46.0] [cxt 0] Transmitting packet of size 70 out of port 0
[20:02:30.393] [bmv2] [D] [thread 2190] [47.0] [cxt 0] Processing packet received on port 3
[20:02:30.393] [bmv2] [D] [thread 2190] [47.0] [cxt 0] Parser 'parser': start
[20:02:30.393] [bmv2] [D] [thread 2190] [47.0] [cxt 0] Parser 'parser' entering state 'start'
[20:02:30.393] [bmv2] [D] [thread 2190] [47.0] [cxt 0] Extracting header 'ethernet'
[20:02:30.394] [bmv2] [D] [thread 2190] [47.0] [cxt 0] Parser state 'start': key is 86dd
[20:02:30.394] [bmv2] [T] [thread 2190] [47.0] [cxt 0] Bytes parsed: 14
[20:02:30.394] [bmv2] [D] [thread 2190] [47.0] [cxt 0] Parser 'parser': end
[20:02:30.394] [bmv2] [D] [thread 2190] [47.0] [cxt 0] Pipeline 'ingress': start
[20:02:30.394] [bmv2] [T] [thread 2190] [47.0] [cxt 0] qos.p4(197) Condition "hdr.ipv4.isValid()" (node_2) is false
[20:02:30.394] [bmv2] [D] [thread 2190] [47.0] [cxt 0] Pipeline 'ingress': end
[20:02:30.394] [bmv2] [D] [thread 2190] [47.0] [cxt 0] Egress port is 0
[20:02:30.397] [bmv2] [D] [thread 2191] [47.0] [cxt 0] Pipeline 'egress': start
[20:02:30.397] [bmv2] [D] [thread 2191] [47.0] [cxt 0] Pipeline 'egress': end
[20:02:30.397] [bmv2] [D] [thread 2191] [47.0] [cxt 0] Deparser 'deparser': start
[20:02:30.397] [bmv2] [T] [thread 2191] [47.0] [cxt 0] Skipping checksum 'cksum' update because condition not met
[20:02:30.397] [bmv2] [D] [thread 2191] [47.0] [cxt 0] Deparsing header 'ethernet'
[20:02:30.397] [bmv2] [D] [thread 2191] [47.0] [cxt 0] Deparser 'deparser': end
[20:02:30.397] [bmv2] [D] [thread 2195] [47.0] [cxt 0] Transmitting packet of size 70 out of port 0
[20:02:31.294] [bmv2] [D] [thread 2190] [48.0] [cxt 0] Processing packet received on port 2
[20:02:31.294] [bmv2] [D] [thread 2190] [48.0] [cxt 0] Parser 'parser': start
[20:02:31.294] [bmv2] [D] [thread 2190] [48.0] [cxt 0] Parser 'parser' entering state 'start'
[20:02:31.294] [bmv2] [D] [thread 2190] [48.0] [cxt 0] Extracting header 'ethernet'
[20:02:31.295] [bmv2] [D] [thread 2190] [48.0] [cxt 0] Parser state 'start': key is 86dd
[20:02:31.295] [bmv2] [T] [thread 2190] [48.0] [cxt 0] Bytes parsed: 14
[20:02:31.295] [bmv2] [D] [thread 2190] [48.0] [cxt 0] Parser 'parser': end
[20:02:31.295] [bmv2] [D] [thread 2190] [48.0] [cxt 0] Pipeline 'ingress': start
[20:02:31.295] [bmv2] [T] [thread 2190] [48.0] [cxt 0] qos.p4(197) Condition "hdr.ipv4.isValid()" (node_2) is false
[20:02:31.296] [bmv2] [D] [thread 2190] [48.0] [cxt 0] Pipeline 'ingress': end
[20:02:31.296] [bmv2] [D] [thread 2190] [48.0] [cxt 0] Egress port is 0
[20:02:31.296] [bmv2] [D] [thread 2191] [48.0] [cxt 0] Pipeline 'egress': start
[20:02:31.297] [bmv2] [D] [thread 2191] [48.0] [cxt 0] Pipeline 'egress': end
[20:02:31.297] [bmv2] [D] [thread 2191] [48.0] [cxt 0] Deparser 'deparser': start
[20:02:31.297] [bmv2] [T] [thread 2191] [48.0] [cxt 0] Skipping checksum 'cksum' update because condition not met
[20:02:31.297] [bmv2] [D] [thread 2191] [48.0] [cxt 0] Deparsing header 'ethernet'
[20:02:31.298] [bmv2] [D] [thread 2191] [48.0] [cxt 0] Deparser 'deparser': end
[20:02:31.298] [bmv2] [D] [thread 2195] [48.0] [cxt 0] Transmitting packet of size 70 out of port 0
[20:02:56.919] [bmv2] [D] [thread 2190] [49.0] [cxt 0] Processing packet received on port 4
[20:02:56.920] [bmv2] [D] [thread 2190] [49.0] [cxt 0] Parser 'parser': start
[20:02:56.920] [bmv2] [D] [thread 2190] [49.0] [cxt 0] Parser 'parser' entering state 'start'
[20:02:56.920] [bmv2] [D] [thread 2190] [49.0] [cxt 0] Extracting header 'ethernet'
[20:02:56.920] [bmv2] [D] [thread 2190] [49.0] [cxt 0] Parser state 'start': key is 86dd
[20:02:56.920] [bmv2] [T] [thread 2190] [49.0] [cxt 0] Bytes parsed: 14
[20:02:56.920] [bmv2] [D] [thread 2190] [49.0] [cxt 0] Parser 'parser': end
[20:02:56.921] [bmv2] [D] [thread 2190] [49.0] [cxt 0] Pipeline 'ingress': start
[20:02:56.921] [bmv2] [T] [thread 2190] [49.0] [cxt 0] qos.p4(197) Condition "hdr.ipv4.isValid()" (node_2) is false
[20:02:56.921] [bmv2] [D] [thread 2190] [49.0] [cxt 0] Pipeline 'ingress': end
[20:02:56.921] [bmv2] [D] [thread 2190] [49.0] [cxt 0] Egress port is 0
[20:02:56.927] [bmv2] [D] [thread 2191] [49.0] [cxt 0] Pipeline 'egress': start
[20:02:56.927] [bmv2] [D] [thread 2191] [49.0] [cxt 0] Pipeline 'egress': end
[20:02:56.927] [bmv2] [D] [thread 2191] [49.0] [cxt 0] Deparser 'deparser': start
[20:02:56.927] [bmv2] [T] [thread 2191] [49.0] [cxt 0] Skipping checksum 'cksum' update because condition not met
[20:02:56.927] [bmv2] [D] [thread 2191] [49.0] [cxt 0] Deparsing header 'ethernet'
[20:02:56.927] [bmv2] [D] [thread 2191] [49.0] [cxt 0] Deparser 'deparser': end
[20:02:56.927] [bmv2] [D] [thread 2195] [49.0] [cxt 0] Transmitting packet of size 70 out of port 0
[20:02:57.017] [bmv2] [D] [thread 2190] [50.0] [cxt 0] Processing packet received on port 3
[20:02:57.018] [bmv2] [D] [thread 2190] [50.0] [cxt 0] Parser 'parser': start
[20:02:57.018] [bmv2] [D] [thread 2190] [50.0] [cxt 0] Parser 'parser' entering state 'start'
[20:02:57.018] [bmv2] [D] [thread 2190] [50.0] [cxt 0] Extracting header 'ethernet'
[20:02:57.018] [bmv2] [D] [thread 2190] [50.0] [cxt 0] Parser state 'start': key is 86dd
[20:02:57.018] [bmv2] [T] [thread 2190] [50.0] [cxt 0] Bytes parsed: 14
[20:02:57.018] [bmv2] [D] [thread 2190] [50.0] [cxt 0] Parser 'parser': end
[20:02:57.018] [bmv2] [D] [thread 2190] [50.0] [cxt 0] Pipeline 'ingress': start
[20:02:57.019] [bmv2] [T] [thread 2190] [50.0] [cxt 0] qos.p4(197) Condition "hdr.ipv4.isValid()" (node_2) is false
[20:02:57.019] [bmv2] [D] [thread 2190] [50.0] [cxt 0] Pipeline 'ingress': end
[20:02:57.019] [bmv2] [D] [thread 2190] [50.0] [cxt 0] Egress port is 0
[20:02:57.023] [bmv2] [D] [thread 2191] [50.0] [cxt 0] Pipeline 'egress': start
[20:02:57.023] [bmv2] [D] [thread 2191] [50.0] [cxt 0] Pipeline 'egress': end
[20:02:57.023] [bmv2] [D] [thread 2191] [50.0] [cxt 0] Deparser 'deparser': start
[20:02:57.023] [bmv2] [T] [thread 2191] [50.0] [cxt 0] Skipping checksum 'cksum' update because condition not met
[20:02:57.023] [bmv2] [D] [thread 2191] [50.0] [cxt 0] Deparsing header 'ethernet'
[20:02:57.023] [bmv2] [D] [thread 2191] [50.0] [cxt 0] Deparser 'deparser': end
[20:02:57.023] [bmv2] [D] [thread 2195] [50.0] [cxt 0] Transmitting packet of size 70 out of port 0
[20:02:58.966] [bmv2] [D] [thread 2190] [51.0] [cxt 0] Processing packet received on port 4
[20:02:58.966] [bmv2] [D] [thread 2190] [51.0] [cxt 0] Parser 'parser': start
[20:02:58.966] [bmv2] [D] [thread 2190] [51.0] [cxt 0] Parser 'parser' entering state 'start'
[20:02:58.966] [bmv2] [D] [thread 2190] [51.0] [cxt 0] Extracting header 'ethernet'
[20:02:58.967] [bmv2] [D] [thread 2190] [51.0] [cxt 0] Parser state 'start': key is 86dd
[20:02:58.967] [bmv2] [T] [thread 2190] [51.0] [cxt 0] Bytes parsed: 14
[20:02:58.967] [bmv2] [D] [thread 2190] [51.0] [cxt 0] Parser 'parser': end
[20:02:58.969] [bmv2] [D] [thread 2190] [51.0] [cxt 0] Pipeline 'ingress': start
[20:02:58.970] [bmv2] [T] [thread 2190] [51.0] [cxt 0] qos.p4(197) Condition "hdr.ipv4.isValid()" (node_2) is false
[20:02:58.970] [bmv2] [D] [thread 2190] [51.0] [cxt 0] Pipeline 'ingress': end
[20:02:58.970] [bmv2] [D] [thread 2190] [51.0] [cxt 0] Egress port is 0
[20:02:58.973] [bmv2] [D] [thread 2191] [51.0] [cxt 0] Pipeline 'egress': start
[20:02:58.973] [bmv2] [D] [thread 2191] [51.0] [cxt 0] Pipeline 'egress': end
[20:02:58.973] [bmv2] [D] [thread 2191] [51.0] [cxt 0] Deparser 'deparser': start
[20:02:58.973] [bmv2] [T] [thread 2191] [51.0] [cxt 0] Skipping checksum 'cksum' update because condition not met
[20:02:58.973] [bmv2] [D] [thread 2191] [51.0] [cxt 0] Deparsing header 'ethernet'
[20:02:58.973] [bmv2] [D] [thread 2191] [51.0] [cxt 0] Deparser 'deparser': end
[20:02:58.973] [bmv2] [D] [thread 2195] [51.0] [cxt 0] Transmitting packet of size 70 out of port 0
[20:02:59.970] [bmv2] [D] [thread 2190] [52.0] [cxt 0] Processing packet received on port 1
[20:02:59.971] [bmv2] [D] [thread 2190] [52.0] [cxt 0] Parser 'parser': start
[20:02:59.972] [bmv2] [D] [thread 2190] [52.0] [cxt 0] Parser 'parser' entering state 'start'
[20:02:59.972] [bmv2] [D] [thread 2190] [52.0] [cxt 0] Extracting header 'ethernet'
[20:02:59.973] [bmv2] [D] [thread 2190] [52.0] [cxt 0] Parser state 'start': key is 86dd
[20:02:59.973] [bmv2] [T] [thread 2190] [52.0] [cxt 0] Bytes parsed: 14
[20:02:59.973] [bmv2] [D] [thread 2190] [52.0] [cxt 0] Parser 'parser': end
[20:02:59.973] [bmv2] [D] [thread 2190] [52.0] [cxt 0] Pipeline 'ingress': start
[20:02:59.973] [bmv2] [T] [thread 2190] [52.0] [cxt 0] qos.p4(197) Condition "hdr.ipv4.isValid()" (node_2) is false
[20:02:59.973] [bmv2] [D] [thread 2190] [52.0] [cxt 0] Pipeline 'ingress': end
[20:02:59.973] [bmv2] [D] [thread 2190] [52.0] [cxt 0] Egress port is 0
[20:02:59.974] [bmv2] [D] [thread 2191] [52.0] [cxt 0] Pipeline 'egress': start
[20:02:59.974] [bmv2] [D] [thread 2191] [52.0] [cxt 0] Pipeline 'egress': end
[20:02:59.974] [bmv2] [D] [thread 2191] [52.0] [cxt 0] Deparser 'deparser': start
[20:02:59.974] [bmv2] [T] [thread 2191] [52.0] [cxt 0] Skipping checksum 'cksum' update because condition not met
[20:02:59.974] [bmv2] [D] [thread 2191] [52.0] [cxt 0] Deparsing header 'ethernet'
[20:02:59.974] [bmv2] [D] [thread 2191] [52.0] [cxt 0] Deparser 'deparser': end
[20:02:59.975] [bmv2] [D] [thread 2195] [52.0] [cxt 0] Transmitting packet of size 70 out of port 0
[20:03:03.164] [bmv2] [D] [thread 2190] [53.0] [cxt 0] Processing packet received on port 3
[20:03:03.164] [bmv2] [D] [thread 2190] [53.0] [cxt 0] Parser 'parser': start
[20:03:03.164] [bmv2] [D] [thread 2190] [53.0] [cxt 0] Parser 'parser' entering state 'start'
[20:03:03.164] [bmv2] [D] [thread 2190] [53.0] [cxt 0] Extracting header 'ethernet'
[20:03:03.164] [bmv2] [D] [thread 2190] [53.0] [cxt 0] Parser state 'start': key is 86dd
[20:03:03.165] [bmv2] [T] [thread 2190] [53.0] [cxt 0] Bytes parsed: 14
[20:03:03.165] [bmv2] [D] [thread 2190] [53.0] [cxt 0] Parser 'parser': end
[20:03:03.165] [bmv2] [D] [thread 2190] [53.0] [cxt 0] Pipeline 'ingress': start
[20:03:03.165] [bmv2] [T] [thread 2190] [53.0] [cxt 0] qos.p4(197) Condition "hdr.ipv4.isValid()" (node_2) is false
[20:03:03.165] [bmv2] [D] [thread 2190] [53.0] [cxt 0] Pipeline 'ingress': end
[20:03:03.165] [bmv2] [D] [thread 2190] [53.0] [cxt 0] Egress port is 0
[20:03:03.165] [bmv2] [D] [thread 2191] [53.0] [cxt 0] Pipeline 'egress': start
[20:03:03.165] [bmv2] [D] [thread 2191] [53.0] [cxt 0] Pipeline 'egress': end
[20:03:03.165] [bmv2] [D] [thread 2191] [53.0] [cxt 0] Deparser 'deparser': start
[20:03:03.166] [bmv2] [T] [thread 2191] [53.0] [cxt 0] Skipping checksum 'cksum' update because condition not met
[20:03:03.166] [bmv2] [D] [thread 2191] [53.0] [cxt 0] Deparsing header 'ethernet'
[20:03:03.166] [bmv2] [D] [thread 2191] [53.0] [cxt 0] Deparser 'deparser': end
[20:03:03.166] [bmv2] [D] [thread 2195] [53.0] [cxt 0] Transmitting packet of size 70 out of port 0
[20:03:06.108] [bmv2] [D] [thread 2190] [54.0] [cxt 0] Processing packet received on port 2
[20:03:06.109] [bmv2] [D] [thread 2190] [54.0] [cxt 0] Parser 'parser': start
[20:03:06.109] [bmv2] [D] [thread 2190] [54.0] [cxt 0] Parser 'parser' entering state 'start'
[20:03:06.109] [bmv2] [D] [thread 2190] [54.0] [cxt 0] Extracting header 'ethernet'
[20:03:06.109] [bmv2] [D] [thread 2190] [54.0] [cxt 0] Parser state 'start': key is 86dd
[20:03:06.109] [bmv2] [T] [thread 2190] [54.0] [cxt 0] Bytes parsed: 14
[20:03:06.109] [bmv2] [D] [thread 2190] [54.0] [cxt 0] Parser 'parser': end
[20:03:06.109] [bmv2] [D] [thread 2190] [54.0] [cxt 0] Pipeline 'ingress': start
[20:03:06.110] [bmv2] [T] [thread 2190] [54.0] [cxt 0] qos.p4(197) Condition "hdr.ipv4.isValid()" (node_2) is false
[20:03:06.110] [bmv2] [D] [thread 2190] [54.0] [cxt 0] Pipeline 'ingress': end
[20:03:06.110] [bmv2] [D] [thread 2190] [54.0] [cxt 0] Egress port is 0
[20:03:06.111] [bmv2] [D] [thread 2191] [54.0] [cxt 0] Pipeline 'egress': start
[20:03:06.111] [bmv2] [D] [thread 2191] [54.0] [cxt 0] Pipeline 'egress': end
[20:03:06.111] [bmv2] [D] [thread 2191] [54.0] [cxt 0] Deparser 'deparser': start
[20:03:06.111] [bmv2] [T] [thread 2191] [54.0] [cxt 0] Skipping checksum 'cksum' update because condition not met
[20:03:06.111] [bmv2] [D] [thread 2191] [54.0] [cxt 0] Deparsing header 'ethernet'
[20:03:06.111] [bmv2] [D] [thread 2191] [54.0] [cxt 0] Deparser 'deparser': end
[20:03:06.111] [bmv2] [D] [thread 2195] [54.0] [cxt 0] Transmitting packet of size 70 out of port 0
[20:03:20.422] [bmv2] [D] [thread 2190] [55.0] [cxt 0] Processing packet received on port 2
[20:03:20.422] [bmv2] [D] [thread 2190] [55.0] [cxt 0] Parser 'parser': start
[20:03:20.422] [bmv2] [D] [thread 2190] [55.0] [cxt 0] Parser 'parser' entering state 'start'
[20:03:20.422] [bmv2] [D] [thread 2190] [55.0] [cxt 0] Extracting header 'ethernet'
[20:03:20.422] [bmv2] [D] [thread 2190] [55.0] [cxt 0] Parser state 'start': key is 8100
[20:03:20.422] [bmv2] [T] [thread 2190] [55.0] [cxt 0] Bytes parsed: 14
[20:03:20.422] [bmv2] [D] [thread 2190] [55.0] [cxt 0] Parser 'parser' entering state 'parse_vlan'
[20:03:20.422] [bmv2] [D] [thread 2190] [55.0] [cxt 0] Extracting header 'vlan'
[20:03:20.422] [bmv2] [D] [thread 2190] [55.0] [cxt 0] Parser state 'parse_vlan': key is 0800
[20:03:20.422] [bmv2] [T] [thread 2190] [55.0] [cxt 0] Bytes parsed: 18
[20:03:20.422] [bmv2] [D] [thread 2190] [55.0] [cxt 0] Parser 'parser' entering state 'parse_ipv4'
[20:03:20.422] [bmv2] [D] [thread 2190] [55.0] [cxt 0] Extracting header 'ipv4'
[20:03:20.422] [bmv2] [D] [thread 2190] [55.0] [cxt 0] Parser set: setting field 'scalars.tmp' from expression, new value is 1
[20:03:20.422] [bmv2] [D] [thread 2190] [55.0] [cxt 0] Parser state 'parse_ipv4': key is 06
[20:03:20.422] [bmv2] [T] [thread 2190] [55.0] [cxt 0] Bytes parsed: 38
[20:03:20.422] [bmv2] [D] [thread 2190] [55.0] [cxt 0] Parser 'parser' entering state 'parse_ipv4_option'
[20:03:20.422] [bmv2] [D] [thread 2190] [55.0] [cxt 0] Extracting header 'ipv4_option'
[20:03:20.422] [bmv2] [D] [thread 2190] [55.0] [cxt 0] Parser state 'parse_ipv4_option': key is 1f
[20:03:20.422] [bmv2] [T] [thread 2190] [55.0] [cxt 0] Bytes parsed: 40
[20:03:20.422] [bmv2] [D] [thread 2190] [55.0] [cxt 0] Parser 'parser' entering state 'parse_link_qos'
[20:03:20.422] [bmv2] [D] [thread 2190] [55.0] [cxt 0] Extracting header 'link_qos'
[20:03:20.422] [bmv2] [D] [thread 2190] [55.0] [cxt 0] Parser state 'parse_link_qos' has no switch, going to default next state
[20:03:20.422] [bmv2] [T] [thread 2190] [55.0] [cxt 0] Bytes parsed: 42
[20:03:20.422] [bmv2] [D] [thread 2190] [55.0] [cxt 0] Parser 'parser': end
[20:03:20.422] [bmv2] [D] [thread 2190] [55.0] [cxt 0] Pipeline 'ingress': start
[20:03:20.422] [bmv2] [T] [thread 2190] [55.0] [cxt 0] qos.p4(197) Condition "hdr.ipv4.isValid()" (node_2) is true
[20:03:20.422] [bmv2] [T] [thread 2190] [55.0] [cxt 0] qos.p4(198) Condition "hdr.link_qos.link_qos == TARGET_LINK_QOS" (node_3) is true
[20:03:20.422] [bmv2] [T] [thread 2190] [55.0] [cxt 0] Applying table 'tbl_qos199'
[20:03:20.422] [bmv2] [D] [thread 2190] [55.0] [cxt 0] Looking up key:

[20:03:20.423] [bmv2] [D] [thread 2190] [55.0] [cxt 0] Table 'tbl_qos199': miss
[20:03:20.423] [bmv2] [D] [thread 2190] [55.0] [cxt 0] Action entry is qos199 - 
[20:03:20.423] [bmv2] [T] [thread 2190] [55.0] [cxt 0] Action qos199
[20:03:20.423] [bmv2] [T] [thread 2190] [55.0] [cxt 0] qos.p4(199) Primitive hdr.ipv4.diffserv = (TARGET_DSCP << 2
[20:03:20.423] [bmv2] [T] [thread 2190] [55.0] [cxt 0] qos.p4(28) Primitive 7; ...
[20:03:20.423] [bmv2] [T] [thread 2190] [55.0] [cxt 0] Applying table 'MyIngress.ipv4_lpm'
[20:03:20.423] [bmv2] [D] [thread 2190] [55.0] [cxt 0] Looking up key:
* hdr.ipv4.dstAddr    : 0a000202

[20:03:20.423] [bmv2] [D] [thread 2190] [55.0] [cxt 0] Table 'MyIngress.ipv4_lpm': hit with handle 2
[20:03:20.423] [bmv2] [D] [thread 2190] [55.0] [cxt 0] Dumping entry 2
Match key:
* hdr.ipv4.dstAddr    : LPM       0a000200/24
Action entry: MyIngress.ipv4_forward - 80000000200,3,

[20:03:20.423] [bmv2] [D] [thread 2190] [55.0] [cxt 0] Action entry is MyIngress.ipv4_forward - 80000000200,3,
[20:03:20.423] [bmv2] [T] [thread 2190] [55.0] [cxt 0] Action MyIngress.ipv4_forward
[20:03:20.423] [bmv2] [T] [thread 2190] [55.0] [cxt 0] qos.p4(175) Primitive standard_metadata.egress_spec = port
[20:03:20.423] [bmv2] [T] [thread 2190] [55.0] [cxt 0] qos.p4(176) Primitive hdr.ethernet.srcAddr = hdr.ethernet.dstAddr
[20:03:20.423] [bmv2] [T] [thread 2190] [55.0] [cxt 0] qos.p4(177) Primitive hdr.ethernet.dstAddr = dstAddr
[20:03:20.423] [bmv2] [T] [thread 2190] [55.0] [cxt 0] qos.p4(178) Primitive hdr.ipv4.ttl = hdr.ipv4.ttl - 1
[20:03:20.423] [bmv2] [D] [thread 2190] [55.0] [cxt 0] Pipeline 'ingress': end
[20:03:20.423] [bmv2] [D] [thread 2190] [55.0] [cxt 0] Egress port is 3
[20:03:20.423] [bmv2] [D] [thread 2194] [55.0] [cxt 0] Pipeline 'egress': start
[20:03:20.423] [bmv2] [D] [thread 2194] [55.0] [cxt 0] Pipeline 'egress': end
[20:03:20.423] [bmv2] [D] [thread 2194] [55.0] [cxt 0] Deparser 'deparser': start
[20:03:20.423] [bmv2] [D] [thread 2194] [55.0] [cxt 0] Updating checksum 'cksum'
[20:03:20.423] [bmv2] [D] [thread 2194] [55.0] [cxt 0] Deparsing header 'ethernet'
[20:03:20.423] [bmv2] [D] [thread 2194] [55.0] [cxt 0] Deparsing header 'vlan'
[20:03:20.423] [bmv2] [D] [thread 2194] [55.0] [cxt 0] Deparsing header 'ipv4'
[20:03:20.423] [bmv2] [D] [thread 2194] [55.0] [cxt 0] Deparsing header 'ipv4_option'
[20:03:20.424] [bmv2] [D] [thread 2194] [55.0] [cxt 0] Deparsing header 'link_qos'
[20:03:20.424] [bmv2] [D] [thread 2194] [55.0] [cxt 0] Deparser 'deparser': end
[20:03:20.424] [bmv2] [D] [thread 2195] [55.0] [cxt 0] Transmitting packet of size 50 out of port 3
[20:03:21.442] [bmv2] [D] [thread 2190] [56.0] [cxt 0] Processing packet received on port 2
[20:03:21.443] [bmv2] [D] [thread 2190] [56.0] [cxt 0] Parser 'parser': start
[20:03:21.443] [bmv2] [D] [thread 2190] [56.0] [cxt 0] Parser 'parser' entering state 'start'
[20:03:21.443] [bmv2] [D] [thread 2190] [56.0] [cxt 0] Extracting header 'ethernet'
[20:03:21.443] [bmv2] [D] [thread 2190] [56.0] [cxt 0] Parser state 'start': key is 8100
[20:03:21.443] [bmv2] [T] [thread 2190] [56.0] [cxt 0] Bytes parsed: 14
[20:03:21.443] [bmv2] [D] [thread 2190] [56.0] [cxt 0] Parser 'parser' entering state 'parse_vlan'
[20:03:21.443] [bmv2] [D] [thread 2190] [56.0] [cxt 0] Extracting header 'vlan'
[20:03:21.443] [bmv2] [D] [thread 2190] [56.0] [cxt 0] Parser state 'parse_vlan': key is 0800
[20:03:21.443] [bmv2] [T] [thread 2190] [56.0] [cxt 0] Bytes parsed: 18
[20:03:21.443] [bmv2] [D] [thread 2190] [56.0] [cxt 0] Parser 'parser' entering state 'parse_ipv4'
[20:03:21.443] [bmv2] [D] [thread 2190] [56.0] [cxt 0] Extracting header 'ipv4'
[20:03:21.444] [bmv2] [D] [thread 2190] [56.0] [cxt 0] Parser set: setting field 'scalars.tmp' from expression, new value is 1
[20:03:21.444] [bmv2] [D] [thread 2190] [56.0] [cxt 0] Parser state 'parse_ipv4': key is 06
[20:03:21.444] [bmv2] [T] [thread 2190] [56.0] [cxt 0] Bytes parsed: 38
[20:03:21.444] [bmv2] [D] [thread 2190] [56.0] [cxt 0] Parser 'parser' entering state 'parse_ipv4_option'
[20:03:21.444] [bmv2] [D] [thread 2190] [56.0] [cxt 0] Extracting header 'ipv4_option'
[20:03:21.447] [bmv2] [D] [thread 2190] [56.0] [cxt 0] Parser state 'parse_ipv4_option': key is 1f
[20:03:21.447] [bmv2] [T] [thread 2190] [56.0] [cxt 0] Bytes parsed: 40
[20:03:21.447] [bmv2] [D] [thread 2190] [56.0] [cxt 0] Parser 'parser' entering state 'parse_link_qos'
[20:03:21.447] [bmv2] [D] [thread 2190] [56.0] [cxt 0] Extracting header 'link_qos'
[20:03:21.447] [bmv2] [D] [thread 2190] [56.0] [cxt 0] Parser state 'parse_link_qos' has no switch, going to default next state
[20:03:21.447] [bmv2] [T] [thread 2190] [56.0] [cxt 0] Bytes parsed: 42
[20:03:21.447] [bmv2] [D] [thread 2190] [56.0] [cxt 0] Parser 'parser': end
[20:03:21.447] [bmv2] [D] [thread 2190] [56.0] [cxt 0] Pipeline 'ingress': start
[20:03:21.447] [bmv2] [T] [thread 2190] [56.0] [cxt 0] qos.p4(197) Condition "hdr.ipv4.isValid()" (node_2) is true
[20:03:21.448] [bmv2] [T] [thread 2190] [56.0] [cxt 0] qos.p4(198) Condition "hdr.link_qos.link_qos == TARGET_LINK_QOS" (node_3) is true
[20:03:21.448] [bmv2] [T] [thread 2190] [56.0] [cxt 0] Applying table 'tbl_qos199'
[20:03:21.448] [bmv2] [D] [thread 2190] [56.0] [cxt 0] Looking up key:

[20:03:21.448] [bmv2] [D] [thread 2190] [56.0] [cxt 0] Table 'tbl_qos199': miss
[20:03:21.448] [bmv2] [D] [thread 2190] [56.0] [cxt 0] Action entry is qos199 - 
[20:03:21.448] [bmv2] [T] [thread 2190] [56.0] [cxt 0] Action qos199
[20:03:21.448] [bmv2] [T] [thread 2190] [56.0] [cxt 0] qos.p4(199) Primitive hdr.ipv4.diffserv = (TARGET_DSCP << 2
[20:03:21.448] [bmv2] [T] [thread 2190] [56.0] [cxt 0] qos.p4(28) Primitive 7; ...
[20:03:21.448] [bmv2] [T] [thread 2190] [56.0] [cxt 0] Applying table 'MyIngress.ipv4_lpm'
[20:03:21.448] [bmv2] [D] [thread 2190] [56.0] [cxt 0] Looking up key:
* hdr.ipv4.dstAddr    : 0a000202

[20:03:21.448] [bmv2] [D] [thread 2190] [56.0] [cxt 0] Table 'MyIngress.ipv4_lpm': hit with handle 2
[20:03:21.449] [bmv2] [D] [thread 2190] [56.0] [cxt 0] Dumping entry 2
Match key:
* hdr.ipv4.dstAddr    : LPM       0a000200/24
Action entry: MyIngress.ipv4_forward - 80000000200,3,

[20:03:21.449] [bmv2] [D] [thread 2190] [56.0] [cxt 0] Action entry is MyIngress.ipv4_forward - 80000000200,3,
[20:03:21.449] [bmv2] [T] [thread 2190] [56.0] [cxt 0] Action MyIngress.ipv4_forward
[20:03:21.449] [bmv2] [T] [thread 2190] [56.0] [cxt 0] qos.p4(175) Primitive standard_metadata.egress_spec = port
[20:03:21.449] [bmv2] [T] [thread 2190] [56.0] [cxt 0] qos.p4(176) Primitive hdr.ethernet.srcAddr = hdr.ethernet.dstAddr
[20:03:21.449] [bmv2] [T] [thread 2190] [56.0] [cxt 0] qos.p4(177) Primitive hdr.ethernet.dstAddr = dstAddr
[20:03:21.449] [bmv2] [T] [thread 2190] [56.0] [cxt 0] qos.p4(178) Primitive hdr.ipv4.ttl = hdr.ipv4.ttl - 1
[20:03:21.449] [bmv2] [D] [thread 2190] [56.0] [cxt 0] Pipeline 'ingress': end
[20:03:21.449] [bmv2] [D] [thread 2190] [56.0] [cxt 0] Egress port is 3
[20:03:21.449] [bmv2] [D] [thread 2194] [56.0] [cxt 0] Pipeline 'egress': start
[20:03:21.449] [bmv2] [D] [thread 2194] [56.0] [cxt 0] Pipeline 'egress': end
[20:03:21.449] [bmv2] [D] [thread 2194] [56.0] [cxt 0] Deparser 'deparser': start
[20:03:21.449] [bmv2] [D] [thread 2194] [56.0] [cxt 0] Updating checksum 'cksum'
[20:03:21.450] [bmv2] [D] [thread 2194] [56.0] [cxt 0] Deparsing header 'ethernet'
[20:03:21.450] [bmv2] [D] [thread 2194] [56.0] [cxt 0] Deparsing header 'vlan'
[20:03:21.450] [bmv2] [D] [thread 2194] [56.0] [cxt 0] Deparsing header 'ipv4'
[20:03:21.450] [bmv2] [D] [thread 2194] [56.0] [cxt 0] Deparsing header 'ipv4_option'
[20:03:21.450] [bmv2] [D] [thread 2194] [56.0] [cxt 0] Deparsing header 'link_qos'
[20:03:21.450] [bmv2] [D] [thread 2194] [56.0] [cxt 0] Deparser 'deparser': end
[20:03:21.450] [bmv2] [D] [thread 2195] [56.0] [cxt 0] Transmitting packet of size 50 out of port 3
[20:03:22.461] [bmv2] [D] [thread 2190] [57.0] [cxt 0] Processing packet received on port 2
[20:03:22.462] [bmv2] [D] [thread 2190] [57.0] [cxt 0] Parser 'parser': start
[20:03:22.473] [bmv2] [D] [thread 2190] [57.0] [cxt 0] Parser 'parser' entering state 'start'
[20:03:22.473] [bmv2] [D] [thread 2190] [57.0] [cxt 0] Extracting header 'ethernet'
[20:03:22.474] [bmv2] [D] [thread 2190] [57.0] [cxt 0] Parser state 'start': key is 8100
[20:03:22.474] [bmv2] [T] [thread 2190] [57.0] [cxt 0] Bytes parsed: 14
[20:03:22.474] [bmv2] [D] [thread 2190] [57.0] [cxt 0] Parser 'parser' entering state 'parse_vlan'
[20:03:22.474] [bmv2] [D] [thread 2190] [57.0] [cxt 0] Extracting header 'vlan'
[20:03:22.474] [bmv2] [D] [thread 2190] [57.0] [cxt 0] Parser state 'parse_vlan': key is 0800
[20:03:22.474] [bmv2] [T] [thread 2190] [57.0] [cxt 0] Bytes parsed: 18
[20:03:22.474] [bmv2] [D] [thread 2190] [57.0] [cxt 0] Parser 'parser' entering state 'parse_ipv4'
[20:03:22.474] [bmv2] [D] [thread 2190] [57.0] [cxt 0] Extracting header 'ipv4'
[20:03:22.474] [bmv2] [D] [thread 2190] [57.0] [cxt 0] Parser set: setting field 'scalars.tmp' from expression, new value is 1
[20:03:22.474] [bmv2] [D] [thread 2190] [57.0] [cxt 0] Parser state 'parse_ipv4': key is 06
[20:03:22.474] [bmv2] [T] [thread 2190] [57.0] [cxt 0] Bytes parsed: 38
[20:03:22.474] [bmv2] [D] [thread 2190] [57.0] [cxt 0] Parser 'parser' entering state 'parse_ipv4_option'
[20:03:22.474] [bmv2] [D] [thread 2190] [57.0] [cxt 0] Extracting header 'ipv4_option'
[20:03:22.474] [bmv2] [D] [thread 2190] [57.0] [cxt 0] Parser state 'parse_ipv4_option': key is 1f
[20:03:22.474] [bmv2] [T] [thread 2190] [57.0] [cxt 0] Bytes parsed: 40
[20:03:22.474] [bmv2] [D] [thread 2190] [57.0] [cxt 0] Parser 'parser' entering state 'parse_link_qos'
[20:03:22.474] [bmv2] [D] [thread 2190] [57.0] [cxt 0] Extracting header 'link_qos'
[20:03:22.474] [bmv2] [D] [thread 2190] [57.0] [cxt 0] Parser state 'parse_link_qos' has no switch, going to default next state
[20:03:22.474] [bmv2] [T] [thread 2190] [57.0] [cxt 0] Bytes parsed: 42
[20:03:22.474] [bmv2] [D] [thread 2190] [57.0] [cxt 0] Parser 'parser': end
[20:03:22.475] [bmv2] [D] [thread 2190] [57.0] [cxt 0] Pipeline 'ingress': start
[20:03:22.475] [bmv2] [T] [thread 2190] [57.0] [cxt 0] qos.p4(197) Condition "hdr.ipv4.isValid()" (node_2) is true
[20:03:22.475] [bmv2] [T] [thread 2190] [57.0] [cxt 0] qos.p4(198) Condition "hdr.link_qos.link_qos == TARGET_LINK_QOS" (node_3) is true
[20:03:22.475] [bmv2] [T] [thread 2190] [57.0] [cxt 0] Applying table 'tbl_qos199'
[20:03:22.475] [bmv2] [D] [thread 2190] [57.0] [cxt 0] Looking up key:

[20:03:22.475] [bmv2] [D] [thread 2190] [57.0] [cxt 0] Table 'tbl_qos199': miss
[20:03:22.475] [bmv2] [D] [thread 2190] [57.0] [cxt 0] Action entry is qos199 - 
[20:03:22.475] [bmv2] [T] [thread 2190] [57.0] [cxt 0] Action qos199
[20:03:22.475] [bmv2] [T] [thread 2190] [57.0] [cxt 0] qos.p4(199) Primitive hdr.ipv4.diffserv = (TARGET_DSCP << 2
[20:03:22.475] [bmv2] [T] [thread 2190] [57.0] [cxt 0] qos.p4(28) Primitive 7; ...
[20:03:22.475] [bmv2] [T] [thread 2190] [57.0] [cxt 0] Applying table 'MyIngress.ipv4_lpm'
[20:03:22.475] [bmv2] [D] [thread 2190] [57.0] [cxt 0] Looking up key:
* hdr.ipv4.dstAddr    : 0a000202

[20:03:22.475] [bmv2] [D] [thread 2190] [57.0] [cxt 0] Table 'MyIngress.ipv4_lpm': hit with handle 2
[20:03:22.476] [bmv2] [D] [thread 2190] [57.0] [cxt 0] Dumping entry 2
Match key:
* hdr.ipv4.dstAddr    : LPM       0a000200/24
Action entry: MyIngress.ipv4_forward - 80000000200,3,

[20:03:22.476] [bmv2] [D] [thread 2190] [57.0] [cxt 0] Action entry is MyIngress.ipv4_forward - 80000000200,3,
[20:03:22.476] [bmv2] [T] [thread 2190] [57.0] [cxt 0] Action MyIngress.ipv4_forward
[20:03:22.476] [bmv2] [T] [thread 2190] [57.0] [cxt 0] qos.p4(175) Primitive standard_metadata.egress_spec = port
[20:03:22.477] [bmv2] [T] [thread 2190] [57.0] [cxt 0] qos.p4(176) Primitive hdr.ethernet.srcAddr = hdr.ethernet.dstAddr
[20:03:22.477] [bmv2] [T] [thread 2190] [57.0] [cxt 0] qos.p4(177) Primitive hdr.ethernet.dstAddr = dstAddr
[20:03:22.477] [bmv2] [T] [thread 2190] [57.0] [cxt 0] qos.p4(178) Primitive hdr.ipv4.ttl = hdr.ipv4.ttl - 1
[20:03:22.477] [bmv2] [D] [thread 2190] [57.0] [cxt 0] Pipeline 'ingress': end
[20:03:22.477] [bmv2] [D] [thread 2190] [57.0] [cxt 0] Egress port is 3
[20:03:22.477] [bmv2] [D] [thread 2194] [57.0] [cxt 0] Pipeline 'egress': start
[20:03:22.477] [bmv2] [D] [thread 2194] [57.0] [cxt 0] Pipeline 'egress': end
[20:03:22.477] [bmv2] [D] [thread 2194] [57.0] [cxt 0] Deparser 'deparser': start
[20:03:22.477] [bmv2] [D] [thread 2194] [57.0] [cxt 0] Updating checksum 'cksum'
[20:03:22.478] [bmv2] [D] [thread 2194] [57.0] [cxt 0] Deparsing header 'ethernet'
[20:03:22.478] [bmv2] [D] [thread 2194] [57.0] [cxt 0] Deparsing header 'vlan'
[20:03:22.478] [bmv2] [D] [thread 2194] [57.0] [cxt 0] Deparsing header 'ipv4'
[20:03:22.478] [bmv2] [D] [thread 2194] [57.0] [cxt 0] Deparsing header 'ipv4_option'
[20:03:22.478] [bmv2] [D] [thread 2194] [57.0] [cxt 0] Deparsing header 'link_qos'
[20:03:22.478] [bmv2] [D] [thread 2194] [57.0] [cxt 0] Deparser 'deparser': end
[20:03:22.478] [bmv2] [D] [thread 2195] [57.0] [cxt 0] Transmitting packet of size 50 out of port 3
[20:03:23.497] [bmv2] [D] [thread 2190] [58.0] [cxt 0] Processing packet received on port 2
[20:03:23.497] [bmv2] [D] [thread 2190] [58.0] [cxt 0] Parser 'parser': start
[20:03:23.498] [bmv2] [D] [thread 2190] [58.0] [cxt 0] Parser 'parser' entering state 'start'
[20:03:23.498] [bmv2] [D] [thread 2190] [58.0] [cxt 0] Extracting header 'ethernet'
[20:03:23.498] [bmv2] [D] [thread 2190] [58.0] [cxt 0] Parser state 'start': key is 8100
[20:03:23.498] [bmv2] [T] [thread 2190] [58.0] [cxt 0] Bytes parsed: 14
[20:03:23.498] [bmv2] [D] [thread 2190] [58.0] [cxt 0] Parser 'parser' entering state 'parse_vlan'
[20:03:23.498] [bmv2] [D] [thread 2190] [58.0] [cxt 0] Extracting header 'vlan'
[20:03:23.498] [bmv2] [D] [thread 2190] [58.0] [cxt 0] Parser state 'parse_vlan': key is 0800
[20:03:23.498] [bmv2] [T] [thread 2190] [58.0] [cxt 0] Bytes parsed: 18
[20:03:23.498] [bmv2] [D] [thread 2190] [58.0] [cxt 0] Parser 'parser' entering state 'parse_ipv4'
[20:03:23.498] [bmv2] [D] [thread 2190] [58.0] [cxt 0] Extracting header 'ipv4'
[20:03:23.499] [bmv2] [D] [thread 2190] [58.0] [cxt 0] Parser set: setting field 'scalars.tmp' from expression, new value is 1
[20:03:23.499] [bmv2] [D] [thread 2190] [58.0] [cxt 0] Parser state 'parse_ipv4': key is 06
[20:03:23.499] [bmv2] [T] [thread 2190] [58.0] [cxt 0] Bytes parsed: 38
[20:03:23.499] [bmv2] [D] [thread 2190] [58.0] [cxt 0] Parser 'parser' entering state 'parse_ipv4_option'
[20:03:23.499] [bmv2] [D] [thread 2190] [58.0] [cxt 0] Extracting header 'ipv4_option'
[20:03:23.499] [bmv2] [D] [thread 2190] [58.0] [cxt 0] Parser state 'parse_ipv4_option': key is 1f
[20:03:23.499] [bmv2] [T] [thread 2190] [58.0] [cxt 0] Bytes parsed: 40
[20:03:23.499] [bmv2] [D] [thread 2190] [58.0] [cxt 0] Parser 'parser' entering state 'parse_link_qos'
[20:03:23.499] [bmv2] [D] [thread 2190] [58.0] [cxt 0] Extracting header 'link_qos'
[20:03:23.499] [bmv2] [D] [thread 2190] [58.0] [cxt 0] Parser state 'parse_link_qos' has no switch, going to default next state
[20:03:23.499] [bmv2] [T] [thread 2190] [58.0] [cxt 0] Bytes parsed: 42
[20:03:23.499] [bmv2] [D] [thread 2190] [58.0] [cxt 0] Parser 'parser': end
[20:03:23.499] [bmv2] [D] [thread 2190] [58.0] [cxt 0] Pipeline 'ingress': start
[20:03:23.499] [bmv2] [T] [thread 2190] [58.0] [cxt 0] qos.p4(197) Condition "hdr.ipv4.isValid()" (node_2) is true
[20:03:23.499] [bmv2] [T] [thread 2190] [58.0] [cxt 0] qos.p4(198) Condition "hdr.link_qos.link_qos == TARGET_LINK_QOS" (node_3) is true
[20:03:23.499] [bmv2] [T] [thread 2190] [58.0] [cxt 0] Applying table 'tbl_qos199'
[20:03:23.500] [bmv2] [D] [thread 2190] [58.0] [cxt 0] Looking up key:

[20:03:23.503] [bmv2] [D] [thread 2190] [58.0] [cxt 0] Table 'tbl_qos199': miss
[20:03:23.503] [bmv2] [D] [thread 2190] [58.0] [cxt 0] Action entry is qos199 - 
[20:03:23.504] [bmv2] [T] [thread 2190] [58.0] [cxt 0] Action qos199
[20:03:23.504] [bmv2] [T] [thread 2190] [58.0] [cxt 0] qos.p4(199) Primitive hdr.ipv4.diffserv = (TARGET_DSCP << 2
[20:03:23.504] [bmv2] [T] [thread 2190] [58.0] [cxt 0] qos.p4(28) Primitive 7; ...
[20:03:23.504] [bmv2] [T] [thread 2190] [58.0] [cxt 0] Applying table 'MyIngress.ipv4_lpm'
[20:03:23.504] [bmv2] [D] [thread 2190] [58.0] [cxt 0] Looking up key:
* hdr.ipv4.dstAddr    : 0a000202

[20:03:23.505] [bmv2] [D] [thread 2190] [58.0] [cxt 0] Table 'MyIngress.ipv4_lpm': hit with handle 2
[20:03:23.505] [bmv2] [D] [thread 2190] [58.0] [cxt 0] Dumping entry 2
Match key:
* hdr.ipv4.dstAddr    : LPM       0a000200/24
Action entry: MyIngress.ipv4_forward - 80000000200,3,

[20:03:23.505] [bmv2] [D] [thread 2190] [58.0] [cxt 0] Action entry is MyIngress.ipv4_forward - 80000000200,3,
[20:03:23.505] [bmv2] [T] [thread 2190] [58.0] [cxt 0] Action MyIngress.ipv4_forward
[20:03:23.505] [bmv2] [T] [thread 2190] [58.0] [cxt 0] qos.p4(175) Primitive standard_metadata.egress_spec = port
[20:03:23.505] [bmv2] [T] [thread 2190] [58.0] [cxt 0] qos.p4(176) Primitive hdr.ethernet.srcAddr = hdr.ethernet.dstAddr
[20:03:23.505] [bmv2] [T] [thread 2190] [58.0] [cxt 0] qos.p4(177) Primitive hdr.ethernet.dstAddr = dstAddr
[20:03:23.505] [bmv2] [T] [thread 2190] [58.0] [cxt 0] qos.p4(178) Primitive hdr.ipv4.ttl = hdr.ipv4.ttl - 1
[20:03:23.505] [bmv2] [D] [thread 2190] [58.0] [cxt 0] Pipeline 'ingress': end
[20:03:23.505] [bmv2] [D] [thread 2190] [58.0] [cxt 0] Egress port is 3
[20:03:23.507] [bmv2] [D] [thread 2194] [58.0] [cxt 0] Pipeline 'egress': start
[20:03:23.508] [bmv2] [D] [thread 2194] [58.0] [cxt 0] Pipeline 'egress': end
[20:03:23.508] [bmv2] [D] [thread 2194] [58.0] [cxt 0] Deparser 'deparser': start
[20:03:23.508] [bmv2] [D] [thread 2194] [58.0] [cxt 0] Updating checksum 'cksum'
[20:03:23.508] [bmv2] [D] [thread 2194] [58.0] [cxt 0] Deparsing header 'ethernet'
[20:03:23.508] [bmv2] [D] [thread 2194] [58.0] [cxt 0] Deparsing header 'vlan'
[20:03:23.508] [bmv2] [D] [thread 2194] [58.0] [cxt 0] Deparsing header 'ipv4'
[20:03:23.508] [bmv2] [D] [thread 2194] [58.0] [cxt 0] Deparsing header 'ipv4_option'
[20:03:23.508] [bmv2] [D] [thread 2194] [58.0] [cxt 0] Deparsing header 'link_qos'
[20:03:23.508] [bmv2] [D] [thread 2194] [58.0] [cxt 0] Deparser 'deparser': end
[20:03:23.508] [bmv2] [D] [thread 2195] [58.0] [cxt 0] Transmitting packet of size 50 out of port 3
[20:03:24.520] [bmv2] [D] [thread 2190] [59.0] [cxt 0] Processing packet received on port 2
[20:03:24.521] [bmv2] [D] [thread 2190] [59.0] [cxt 0] Parser 'parser': start
[20:03:24.521] [bmv2] [D] [thread 2190] [59.0] [cxt 0] Parser 'parser' entering state 'start'
[20:03:24.521] [bmv2] [D] [thread 2190] [59.0] [cxt 0] Extracting header 'ethernet'
[20:03:24.522] [bmv2] [D] [thread 2190] [59.0] [cxt 0] Parser state 'start': key is 8100
[20:03:24.522] [bmv2] [T] [thread 2190] [59.0] [cxt 0] Bytes parsed: 14
[20:03:24.522] [bmv2] [D] [thread 2190] [59.0] [cxt 0] Parser 'parser' entering state 'parse_vlan'
[20:03:24.522] [bmv2] [D] [thread 2190] [59.0] [cxt 0] Extracting header 'vlan'
[20:03:24.522] [bmv2] [D] [thread 2190] [59.0] [cxt 0] Parser state 'parse_vlan': key is 0800
[20:03:24.522] [bmv2] [T] [thread 2190] [59.0] [cxt 0] Bytes parsed: 18
[20:03:24.522] [bmv2] [D] [thread 2190] [59.0] [cxt 0] Parser 'parser' entering state 'parse_ipv4'
[20:03:24.522] [bmv2] [D] [thread 2190] [59.0] [cxt 0] Extracting header 'ipv4'
[20:03:24.523] [bmv2] [D] [thread 2190] [59.0] [cxt 0] Parser set: setting field 'scalars.tmp' from expression, new value is 1
[20:03:24.523] [bmv2] [D] [thread 2190] [59.0] [cxt 0] Parser state 'parse_ipv4': key is 06
[20:03:24.523] [bmv2] [T] [thread 2190] [59.0] [cxt 0] Bytes parsed: 38
[20:03:24.523] [bmv2] [D] [thread 2190] [59.0] [cxt 0] Parser 'parser' entering state 'parse_ipv4_option'
[20:03:24.523] [bmv2] [D] [thread 2190] [59.0] [cxt 0] Extracting header 'ipv4_option'
[20:03:24.523] [bmv2] [D] [thread 2190] [59.0] [cxt 0] Parser state 'parse_ipv4_option': key is 1f
[20:03:24.523] [bmv2] [T] [thread 2190] [59.0] [cxt 0] Bytes parsed: 40
[20:03:24.523] [bmv2] [D] [thread 2190] [59.0] [cxt 0] Parser 'parser' entering state 'parse_link_qos'
[20:03:24.523] [bmv2] [D] [thread 2190] [59.0] [cxt 0] Extracting header 'link_qos'
[20:03:24.523] [bmv2] [D] [thread 2190] [59.0] [cxt 0] Parser state 'parse_link_qos' has no switch, going to default next state
[20:03:24.523] [bmv2] [T] [thread 2190] [59.0] [cxt 0] Bytes parsed: 42
[20:03:24.524] [bmv2] [D] [thread 2190] [59.0] [cxt 0] Parser 'parser': end
[20:03:24.524] [bmv2] [D] [thread 2190] [59.0] [cxt 0] Pipeline 'ingress': start
[20:03:24.524] [bmv2] [T] [thread 2190] [59.0] [cxt 0] qos.p4(197) Condition "hdr.ipv4.isValid()" (node_2) is true
[20:03:24.524] [bmv2] [T] [thread 2190] [59.0] [cxt 0] qos.p4(198) Condition "hdr.link_qos.link_qos == TARGET_LINK_QOS" (node_3) is true
[20:03:24.524] [bmv2] [T] [thread 2190] [59.0] [cxt 0] Applying table 'tbl_qos199'
[20:03:24.524] [bmv2] [D] [thread 2190] [59.0] [cxt 0] Looking up key:

[20:03:24.524] [bmv2] [D] [thread 2190] [59.0] [cxt 0] Table 'tbl_qos199': miss
[20:03:24.524] [bmv2] [D] [thread 2190] [59.0] [cxt 0] Action entry is qos199 - 
[20:03:24.524] [bmv2] [T] [thread 2190] [59.0] [cxt 0] Action qos199
[20:03:24.524] [bmv2] [T] [thread 2190] [59.0] [cxt 0] qos.p4(199) Primitive hdr.ipv4.diffserv = (TARGET_DSCP << 2
[20:03:24.524] [bmv2] [T] [thread 2190] [59.0] [cxt 0] qos.p4(28) Primitive 7; ...
[20:03:24.524] [bmv2] [T] [thread 2190] [59.0] [cxt 0] Applying table 'MyIngress.ipv4_lpm'
[20:03:24.537] [bmv2] [D] [thread 2190] [59.0] [cxt 0] Looking up key:
* hdr.ipv4.dstAddr    : 0a000202

[20:03:24.537] [bmv2] [D] [thread 2190] [59.0] [cxt 0] Table 'MyIngress.ipv4_lpm': hit with handle 2
[20:03:24.537] [bmv2] [D] [thread 2190] [59.0] [cxt 0] Dumping entry 2
Match key:
* hdr.ipv4.dstAddr    : LPM       0a000200/24
Action entry: MyIngress.ipv4_forward - 80000000200,3,

[20:03:24.537] [bmv2] [D] [thread 2190] [59.0] [cxt 0] Action entry is MyIngress.ipv4_forward - 80000000200,3,
[20:03:24.537] [bmv2] [T] [thread 2190] [59.0] [cxt 0] Action MyIngress.ipv4_forward
[20:03:24.537] [bmv2] [T] [thread 2190] [59.0] [cxt 0] qos.p4(175) Primitive standard_metadata.egress_spec = port
[20:03:24.537] [bmv2] [T] [thread 2190] [59.0] [cxt 0] qos.p4(176) Primitive hdr.ethernet.srcAddr = hdr.ethernet.dstAddr
[20:03:24.537] [bmv2] [T] [thread 2190] [59.0] [cxt 0] qos.p4(177) Primitive hdr.ethernet.dstAddr = dstAddr
[20:03:24.537] [bmv2] [T] [thread 2190] [59.0] [cxt 0] qos.p4(178) Primitive hdr.ipv4.ttl = hdr.ipv4.ttl - 1
[20:03:24.537] [bmv2] [D] [thread 2190] [59.0] [cxt 0] Pipeline 'ingress': end
[20:03:24.538] [bmv2] [D] [thread 2190] [59.0] [cxt 0] Egress port is 3
[20:03:24.538] [bmv2] [D] [thread 2194] [59.0] [cxt 0] Pipeline 'egress': start
[20:03:24.538] [bmv2] [D] [thread 2194] [59.0] [cxt 0] Pipeline 'egress': end
[20:03:24.538] [bmv2] [D] [thread 2194] [59.0] [cxt 0] Deparser 'deparser': start
[20:03:24.538] [bmv2] [D] [thread 2194] [59.0] [cxt 0] Updating checksum 'cksum'
[20:03:24.538] [bmv2] [D] [thread 2194] [59.0] [cxt 0] Deparsing header 'ethernet'
[20:03:24.538] [bmv2] [D] [thread 2194] [59.0] [cxt 0] Deparsing header 'vlan'
[20:03:24.538] [bmv2] [D] [thread 2194] [59.0] [cxt 0] Deparsing header 'ipv4'
[20:03:24.538] [bmv2] [D] [thread 2194] [59.0] [cxt 0] Deparsing header 'ipv4_option'
[20:03:24.538] [bmv2] [D] [thread 2194] [59.0] [cxt 0] Deparsing header 'link_qos'
[20:03:24.538] [bmv2] [D] [thread 2194] [59.0] [cxt 0] Deparser 'deparser': end
[20:03:24.538] [bmv2] [D] [thread 2195] [59.0] [cxt 0] Transmitting packet of size 50 out of port 3
[20:03:25.546] [bmv2] [D] [thread 2190] [60.0] [cxt 0] Processing packet received on port 2
[20:03:25.546] [bmv2] [D] [thread 2190] [60.0] [cxt 0] Parser 'parser': start
[20:03:25.546] [bmv2] [D] [thread 2190] [60.0] [cxt 0] Parser 'parser' entering state 'start'
[20:03:25.546] [bmv2] [D] [thread 2190] [60.0] [cxt 0] Extracting header 'ethernet'
[20:03:25.546] [bmv2] [D] [thread 2190] [60.0] [cxt 0] Parser state 'start': key is 8100
[20:03:25.546] [bmv2] [T] [thread 2190] [60.0] [cxt 0] Bytes parsed: 14
[20:03:25.546] [bmv2] [D] [thread 2190] [60.0] [cxt 0] Parser 'parser' entering state 'parse_vlan'
[20:03:25.546] [bmv2] [D] [thread 2190] [60.0] [cxt 0] Extracting header 'vlan'
[20:03:25.547] [bmv2] [D] [thread 2190] [60.0] [cxt 0] Parser state 'parse_vlan': key is 0800
[20:03:25.547] [bmv2] [T] [thread 2190] [60.0] [cxt 0] Bytes parsed: 18
[20:03:25.547] [bmv2] [D] [thread 2190] [60.0] [cxt 0] Parser 'parser' entering state 'parse_ipv4'
[20:03:25.547] [bmv2] [D] [thread 2190] [60.0] [cxt 0] Extracting header 'ipv4'
[20:03:25.559] [bmv2] [D] [thread 2190] [60.0] [cxt 0] Parser set: setting field 'scalars.tmp' from expression, new value is 1
[20:03:25.559] [bmv2] [D] [thread 2190] [60.0] [cxt 0] Parser state 'parse_ipv4': key is 06
[20:03:25.559] [bmv2] [T] [thread 2190] [60.0] [cxt 0] Bytes parsed: 38
[20:03:25.560] [bmv2] [D] [thread 2190] [60.0] [cxt 0] Parser 'parser' entering state 'parse_ipv4_option'
[20:03:25.560] [bmv2] [D] [thread 2190] [60.0] [cxt 0] Extracting header 'ipv4_option'
[20:03:25.560] [bmv2] [D] [thread 2190] [60.0] [cxt 0] Parser state 'parse_ipv4_option': key is 1f
[20:03:25.560] [bmv2] [T] [thread 2190] [60.0] [cxt 0] Bytes parsed: 40
[20:03:25.560] [bmv2] [D] [thread 2190] [60.0] [cxt 0] Parser 'parser' entering state 'parse_link_qos'
[20:03:25.560] [bmv2] [D] [thread 2190] [60.0] [cxt 0] Extracting header 'link_qos'
[20:03:25.560] [bmv2] [D] [thread 2190] [60.0] [cxt 0] Parser state 'parse_link_qos' has no switch, going to default next state
[20:03:25.560] [bmv2] [T] [thread 2190] [60.0] [cxt 0] Bytes parsed: 42
[20:03:25.560] [bmv2] [D] [thread 2190] [60.0] [cxt 0] Parser 'parser': end
[20:03:25.560] [bmv2] [D] [thread 2190] [60.0] [cxt 0] Pipeline 'ingress': start
[20:03:25.560] [bmv2] [T] [thread 2190] [60.0] [cxt 0] qos.p4(197) Condition "hdr.ipv4.isValid()" (node_2) is true
[20:03:25.560] [bmv2] [T] [thread 2190] [60.0] [cxt 0] qos.p4(198) Condition "hdr.link_qos.link_qos == TARGET_LINK_QOS" (node_3) is true
[20:03:25.560] [bmv2] [T] [thread 2190] [60.0] [cxt 0] Applying table 'tbl_qos199'
[20:03:25.560] [bmv2] [D] [thread 2190] [60.0] [cxt 0] Looking up key:

[20:03:25.560] [bmv2] [D] [thread 2190] [60.0] [cxt 0] Table 'tbl_qos199': miss
[20:03:25.560] [bmv2] [D] [thread 2190] [60.0] [cxt 0] Action entry is qos199 - 
[20:03:25.560] [bmv2] [T] [thread 2190] [60.0] [cxt 0] Action qos199
[20:03:25.560] [bmv2] [T] [thread 2190] [60.0] [cxt 0] qos.p4(199) Primitive hdr.ipv4.diffserv = (TARGET_DSCP << 2
[20:03:25.561] [bmv2] [T] [thread 2190] [60.0] [cxt 0] qos.p4(28) Primitive 7; ...
[20:03:25.561] [bmv2] [T] [thread 2190] [60.0] [cxt 0] Applying table 'MyIngress.ipv4_lpm'
[20:03:25.561] [bmv2] [D] [thread 2190] [60.0] [cxt 0] Looking up key:
* hdr.ipv4.dstAddr    : 0a000202

[20:03:25.561] [bmv2] [D] [thread 2190] [60.0] [cxt 0] Table 'MyIngress.ipv4_lpm': hit with handle 2
[20:03:25.561] [bmv2] [D] [thread 2190] [60.0] [cxt 0] Dumping entry 2
Match key:
* hdr.ipv4.dstAddr    : LPM       0a000200/24
Action entry: MyIngress.ipv4_forward - 80000000200,3,

[20:03:25.561] [bmv2] [D] [thread 2190] [60.0] [cxt 0] Action entry is MyIngress.ipv4_forward - 80000000200,3,
[20:03:25.561] [bmv2] [T] [thread 2190] [60.0] [cxt 0] Action MyIngress.ipv4_forward
[20:03:25.561] [bmv2] [T] [thread 2190] [60.0] [cxt 0] qos.p4(175) Primitive standard_metadata.egress_spec = port
[20:03:25.561] [bmv2] [T] [thread 2190] [60.0] [cxt 0] qos.p4(176) Primitive hdr.ethernet.srcAddr = hdr.ethernet.dstAddr
[20:03:25.561] [bmv2] [T] [thread 2190] [60.0] [cxt 0] qos.p4(177) Primitive hdr.ethernet.dstAddr = dstAddr
[20:03:25.561] [bmv2] [T] [thread 2190] [60.0] [cxt 0] qos.p4(178) Primitive hdr.ipv4.ttl = hdr.ipv4.ttl - 1
[20:03:25.561] [bmv2] [D] [thread 2190] [60.0] [cxt 0] Pipeline 'ingress': end
[20:03:25.561] [bmv2] [D] [thread 2190] [60.0] [cxt 0] Egress port is 3
[20:03:25.561] [bmv2] [D] [thread 2194] [60.0] [cxt 0] Pipeline 'egress': start
[20:03:25.561] [bmv2] [D] [thread 2194] [60.0] [cxt 0] Pipeline 'egress': end
[20:03:25.561] [bmv2] [D] [thread 2194] [60.0] [cxt 0] Deparser 'deparser': start
[20:03:25.561] [bmv2] [D] [thread 2194] [60.0] [cxt 0] Updating checksum 'cksum'
[20:03:25.562] [bmv2] [D] [thread 2194] [60.0] [cxt 0] Deparsing header 'ethernet'
[20:03:25.562] [bmv2] [D] [thread 2194] [60.0] [cxt 0] Deparsing header 'vlan'
[20:03:25.562] [bmv2] [D] [thread 2194] [60.0] [cxt 0] Deparsing header 'ipv4'
[20:03:25.562] [bmv2] [D] [thread 2194] [60.0] [cxt 0] Deparsing header 'ipv4_option'
[20:03:25.562] [bmv2] [D] [thread 2194] [60.0] [cxt 0] Deparsing header 'link_qos'
[20:03:25.562] [bmv2] [D] [thread 2194] [60.0] [cxt 0] Deparser 'deparser': end
[20:03:25.562] [bmv2] [D] [thread 2195] [60.0] [cxt 0] Transmitting packet of size 50 out of port 3
[20:03:26.586] [bmv2] [D] [thread 2190] [61.0] [cxt 0] Processing packet received on port 2
[20:03:26.587] [bmv2] [D] [thread 2190] [61.0] [cxt 0] Parser 'parser': start
[20:03:26.587] [bmv2] [D] [thread 2190] [61.0] [cxt 0] Parser 'parser' entering state 'start'
[20:03:26.587] [bmv2] [D] [thread 2190] [61.0] [cxt 0] Extracting header 'ethernet'
[20:03:26.587] [bmv2] [D] [thread 2190] [61.0] [cxt 0] Parser state 'start': key is 8100
[20:03:26.587] [bmv2] [T] [thread 2190] [61.0] [cxt 0] Bytes parsed: 14
[20:03:26.587] [bmv2] [D] [thread 2190] [61.0] [cxt 0] Parser 'parser' entering state 'parse_vlan'
[20:03:26.587] [bmv2] [D] [thread 2190] [61.0] [cxt 0] Extracting header 'vlan'
[20:03:26.587] [bmv2] [D] [thread 2190] [61.0] [cxt 0] Parser state 'parse_vlan': key is 0800
[20:03:26.587] [bmv2] [T] [thread 2190] [61.0] [cxt 0] Bytes parsed: 18
[20:03:26.587] [bmv2] [D] [thread 2190] [61.0] [cxt 0] Parser 'parser' entering state 'parse_ipv4'
[20:03:26.587] [bmv2] [D] [thread 2190] [61.0] [cxt 0] Extracting header 'ipv4'
[20:03:26.587] [bmv2] [D] [thread 2190] [61.0] [cxt 0] Parser set: setting field 'scalars.tmp' from expression, new value is 1
[20:03:26.588] [bmv2] [D] [thread 2190] [61.0] [cxt 0] Parser state 'parse_ipv4': key is 06
[20:03:26.588] [bmv2] [T] [thread 2190] [61.0] [cxt 0] Bytes parsed: 38
[20:03:26.588] [bmv2] [D] [thread 2190] [61.0] [cxt 0] Parser 'parser' entering state 'parse_ipv4_option'
[20:03:26.588] [bmv2] [D] [thread 2190] [61.0] [cxt 0] Extracting header 'ipv4_option'
[20:03:26.588] [bmv2] [D] [thread 2190] [61.0] [cxt 0] Parser state 'parse_ipv4_option': key is 1f
[20:03:26.588] [bmv2] [T] [thread 2190] [61.0] [cxt 0] Bytes parsed: 40
[20:03:26.588] [bmv2] [D] [thread 2190] [61.0] [cxt 0] Parser 'parser' entering state 'parse_link_qos'
[20:03:26.588] [bmv2] [D] [thread 2190] [61.0] [cxt 0] Extracting header 'link_qos'
[20:03:26.588] [bmv2] [D] [thread 2190] [61.0] [cxt 0] Parser state 'parse_link_qos' has no switch, going to default next state
[20:03:26.588] [bmv2] [T] [thread 2190] [61.0] [cxt 0] Bytes parsed: 42
[20:03:26.588] [bmv2] [D] [thread 2190] [61.0] [cxt 0] Parser 'parser': end
[20:03:26.588] [bmv2] [D] [thread 2190] [61.0] [cxt 0] Pipeline 'ingress': start
[20:03:26.588] [bmv2] [T] [thread 2190] [61.0] [cxt 0] qos.p4(197) Condition "hdr.ipv4.isValid()" (node_2) is true
[20:03:26.588] [bmv2] [T] [thread 2190] [61.0] [cxt 0] qos.p4(198) Condition "hdr.link_qos.link_qos == TARGET_LINK_QOS" (node_3) is true
[20:03:26.588] [bmv2] [T] [thread 2190] [61.0] [cxt 0] Applying table 'tbl_qos199'
[20:03:26.589] [bmv2] [D] [thread 2190] [61.0] [cxt 0] Looking up key:

[20:03:26.589] [bmv2] [D] [thread 2190] [61.0] [cxt 0] Table 'tbl_qos199': miss
[20:03:26.589] [bmv2] [D] [thread 2190] [61.0] [cxt 0] Action entry is qos199 - 
[20:03:26.589] [bmv2] [T] [thread 2190] [61.0] [cxt 0] Action qos199
[20:03:26.589] [bmv2] [T] [thread 2190] [61.0] [cxt 0] qos.p4(199) Primitive hdr.ipv4.diffserv = (TARGET_DSCP << 2
[20:03:26.589] [bmv2] [T] [thread 2190] [61.0] [cxt 0] qos.p4(28) Primitive 7; ...
[20:03:26.589] [bmv2] [T] [thread 2190] [61.0] [cxt 0] Applying table 'MyIngress.ipv4_lpm'
[20:03:26.589] [bmv2] [D] [thread 2190] [61.0] [cxt 0] Looking up key:
* hdr.ipv4.dstAddr    : 0a000202

[20:03:26.589] [bmv2] [D] [thread 2190] [61.0] [cxt 0] Table 'MyIngress.ipv4_lpm': hit with handle 2
[20:03:26.590] [bmv2] [D] [thread 2190] [61.0] [cxt 0] Dumping entry 2
Match key:
* hdr.ipv4.dstAddr    : LPM       0a000200/24
Action entry: MyIngress.ipv4_forward - 80000000200,3,

[20:03:26.590] [bmv2] [D] [thread 2190] [61.0] [cxt 0] Action entry is MyIngress.ipv4_forward - 80000000200,3,
[20:03:26.590] [bmv2] [T] [thread 2190] [61.0] [cxt 0] Action MyIngress.ipv4_forward
[20:03:26.590] [bmv2] [T] [thread 2190] [61.0] [cxt 0] qos.p4(175) Primitive standard_metadata.egress_spec = port
[20:03:26.590] [bmv2] [T] [thread 2190] [61.0] [cxt 0] qos.p4(176) Primitive hdr.ethernet.srcAddr = hdr.ethernet.dstAddr
[20:03:26.590] [bmv2] [T] [thread 2190] [61.0] [cxt 0] qos.p4(177) Primitive hdr.ethernet.dstAddr = dstAddr
[20:03:26.590] [bmv2] [T] [thread 2190] [61.0] [cxt 0] qos.p4(178) Primitive hdr.ipv4.ttl = hdr.ipv4.ttl - 1
[20:03:26.590] [bmv2] [D] [thread 2190] [61.0] [cxt 0] Pipeline 'ingress': end
[20:03:26.590] [bmv2] [D] [thread 2190] [61.0] [cxt 0] Egress port is 3
[20:03:26.591] [bmv2] [D] [thread 2194] [61.0] [cxt 0] Pipeline 'egress': start
[20:03:26.591] [bmv2] [D] [thread 2194] [61.0] [cxt 0] Pipeline 'egress': end
[20:03:26.591] [bmv2] [D] [thread 2194] [61.0] [cxt 0] Deparser 'deparser': start
[20:03:26.591] [bmv2] [D] [thread 2194] [61.0] [cxt 0] Updating checksum 'cksum'
[20:03:26.591] [bmv2] [D] [thread 2194] [61.0] [cxt 0] Deparsing header 'ethernet'
[20:03:26.591] [bmv2] [D] [thread 2194] [61.0] [cxt 0] Deparsing header 'vlan'
[20:03:26.591] [bmv2] [D] [thread 2194] [61.0] [cxt 0] Deparsing header 'ipv4'
[20:03:26.591] [bmv2] [D] [thread 2194] [61.0] [cxt 0] Deparsing header 'ipv4_option'
[20:03:26.591] [bmv2] [D] [thread 2194] [61.0] [cxt 0] Deparsing header 'link_qos'
[20:03:26.591] [bmv2] [D] [thread 2194] [61.0] [cxt 0] Deparser 'deparser': end
[20:03:26.591] [bmv2] [D] [thread 2195] [61.0] [cxt 0] Transmitting packet of size 50 out of port 3
[20:03:27.607] [bmv2] [D] [thread 2190] [62.0] [cxt 0] Processing packet received on port 2
[20:03:27.607] [bmv2] [D] [thread 2190] [62.0] [cxt 0] Parser 'parser': start
[20:03:27.607] [bmv2] [D] [thread 2190] [62.0] [cxt 0] Parser 'parser' entering state 'start'
[20:03:27.607] [bmv2] [D] [thread 2190] [62.0] [cxt 0] Extracting header 'ethernet'
[20:03:27.608] [bmv2] [D] [thread 2190] [62.0] [cxt 0] Parser state 'start': key is 8100
[20:03:27.608] [bmv2] [T] [thread 2190] [62.0] [cxt 0] Bytes parsed: 14
[20:03:27.608] [bmv2] [D] [thread 2190] [62.0] [cxt 0] Parser 'parser' entering state 'parse_vlan'
[20:03:27.608] [bmv2] [D] [thread 2190] [62.0] [cxt 0] Extracting header 'vlan'
[20:03:27.609] [bmv2] [D] [thread 2190] [62.0] [cxt 0] Parser state 'parse_vlan': key is 0800
[20:03:27.609] [bmv2] [T] [thread 2190] [62.0] [cxt 0] Bytes parsed: 18
[20:03:27.609] [bmv2] [D] [thread 2190] [62.0] [cxt 0] Parser 'parser' entering state 'parse_ipv4'
[20:03:27.609] [bmv2] [D] [thread 2190] [62.0] [cxt 0] Extracting header 'ipv4'
[20:03:27.609] [bmv2] [D] [thread 2190] [62.0] [cxt 0] Parser set: setting field 'scalars.tmp' from expression, new value is 1
[20:03:27.609] [bmv2] [D] [thread 2190] [62.0] [cxt 0] Parser state 'parse_ipv4': key is 06
[20:03:27.609] [bmv2] [T] [thread 2190] [62.0] [cxt 0] Bytes parsed: 38
[20:03:27.609] [bmv2] [D] [thread 2190] [62.0] [cxt 0] Parser 'parser' entering state 'parse_ipv4_option'
[20:03:27.609] [bmv2] [D] [thread 2190] [62.0] [cxt 0] Extracting header 'ipv4_option'
[20:03:27.610] [bmv2] [D] [thread 2190] [62.0] [cxt 0] Parser state 'parse_ipv4_option': key is 1f
[20:03:27.610] [bmv2] [T] [thread 2190] [62.0] [cxt 0] Bytes parsed: 40
[20:03:27.610] [bmv2] [D] [thread 2190] [62.0] [cxt 0] Parser 'parser' entering state 'parse_link_qos'
[20:03:27.610] [bmv2] [D] [thread 2190] [62.0] [cxt 0] Extracting header 'link_qos'
[20:03:27.610] [bmv2] [D] [thread 2190] [62.0] [cxt 0] Parser state 'parse_link_qos' has no switch, going to default next state
[20:03:27.610] [bmv2] [T] [thread 2190] [62.0] [cxt 0] Bytes parsed: 42
[20:03:27.610] [bmv2] [D] [thread 2190] [62.0] [cxt 0] Parser 'parser': end
[20:03:27.610] [bmv2] [D] [thread 2190] [62.0] [cxt 0] Pipeline 'ingress': start
[20:03:27.610] [bmv2] [T] [thread 2190] [62.0] [cxt 0] qos.p4(197) Condition "hdr.ipv4.isValid()" (node_2) is true
[20:03:27.610] [bmv2] [T] [thread 2190] [62.0] [cxt 0] qos.p4(198) Condition "hdr.link_qos.link_qos == TARGET_LINK_QOS" (node_3) is true
[20:03:27.610] [bmv2] [T] [thread 2190] [62.0] [cxt 0] Applying table 'tbl_qos199'
[20:03:27.611] [bmv2] [D] [thread 2190] [62.0] [cxt 0] Looking up key:

[20:03:27.611] [bmv2] [D] [thread 2190] [62.0] [cxt 0] Table 'tbl_qos199': miss
[20:03:27.611] [bmv2] [D] [thread 2190] [62.0] [cxt 0] Action entry is qos199 - 
[20:03:27.611] [bmv2] [T] [thread 2190] [62.0] [cxt 0] Action qos199
[20:03:27.611] [bmv2] [T] [thread 2190] [62.0] [cxt 0] qos.p4(199) Primitive hdr.ipv4.diffserv = (TARGET_DSCP << 2
[20:03:27.611] [bmv2] [T] [thread 2190] [62.0] [cxt 0] qos.p4(28) Primitive 7; ...
[20:03:27.611] [bmv2] [T] [thread 2190] [62.0] [cxt 0] Applying table 'MyIngress.ipv4_lpm'
[20:03:27.611] [bmv2] [D] [thread 2190] [62.0] [cxt 0] Looking up key:
* hdr.ipv4.dstAddr    : 0a000202

[20:03:27.611] [bmv2] [D] [thread 2190] [62.0] [cxt 0] Table 'MyIngress.ipv4_lpm': hit with handle 2
[20:03:27.612] [bmv2] [D] [thread 2190] [62.0] [cxt 0] Dumping entry 2
Match key:
* hdr.ipv4.dstAddr    : LPM       0a000200/24
Action entry: MyIngress.ipv4_forward - 80000000200,3,

[20:03:27.612] [bmv2] [D] [thread 2190] [62.0] [cxt 0] Action entry is MyIngress.ipv4_forward - 80000000200,3,
[20:03:27.612] [bmv2] [T] [thread 2190] [62.0] [cxt 0] Action MyIngress.ipv4_forward
[20:03:27.620] [bmv2] [T] [thread 2190] [62.0] [cxt 0] qos.p4(175) Primitive standard_metadata.egress_spec = port
[20:03:27.620] [bmv2] [T] [thread 2190] [62.0] [cxt 0] qos.p4(176) Primitive hdr.ethernet.srcAddr = hdr.ethernet.dstAddr
[20:03:27.620] [bmv2] [T] [thread 2190] [62.0] [cxt 0] qos.p4(177) Primitive hdr.ethernet.dstAddr = dstAddr
[20:03:27.620] [bmv2] [T] [thread 2190] [62.0] [cxt 0] qos.p4(178) Primitive hdr.ipv4.ttl = hdr.ipv4.ttl - 1
[20:03:27.620] [bmv2] [D] [thread 2190] [62.0] [cxt 0] Pipeline 'ingress': end
[20:03:27.620] [bmv2] [D] [thread 2190] [62.0] [cxt 0] Egress port is 3
[20:03:27.620] [bmv2] [D] [thread 2194] [62.0] [cxt 0] Pipeline 'egress': start
[20:03:27.620] [bmv2] [D] [thread 2194] [62.0] [cxt 0] Pipeline 'egress': end
[20:03:27.620] [bmv2] [D] [thread 2194] [62.0] [cxt 0] Deparser 'deparser': start
[20:03:27.620] [bmv2] [D] [thread 2194] [62.0] [cxt 0] Updating checksum 'cksum'
[20:03:27.621] [bmv2] [D] [thread 2194] [62.0] [cxt 0] Deparsing header 'ethernet'
[20:03:27.621] [bmv2] [D] [thread 2194] [62.0] [cxt 0] Deparsing header 'vlan'
[20:03:27.621] [bmv2] [D] [thread 2194] [62.0] [cxt 0] Deparsing header 'ipv4'
[20:03:27.621] [bmv2] [D] [thread 2194] [62.0] [cxt 0] Deparsing header 'ipv4_option'
[20:03:27.621] [bmv2] [D] [thread 2194] [62.0] [cxt 0] Deparsing header 'link_qos'
[20:03:27.621] [bmv2] [D] [thread 2194] [62.0] [cxt 0] Deparser 'deparser': end
[20:03:27.621] [bmv2] [D] [thread 2195] [62.0] [cxt 0] Transmitting packet of size 50 out of port 3
[20:03:28.634] [bmv2] [D] [thread 2190] [63.0] [cxt 0] Processing packet received on port 2
[20:03:28.634] [bmv2] [D] [thread 2190] [63.0] [cxt 0] Parser 'parser': start
[20:03:28.634] [bmv2] [D] [thread 2190] [63.0] [cxt 0] Parser 'parser' entering state 'start'
[20:03:28.634] [bmv2] [D] [thread 2190] [63.0] [cxt 0] Extracting header 'ethernet'
[20:03:28.634] [bmv2] [D] [thread 2190] [63.0] [cxt 0] Parser state 'start': key is 8100
[20:03:28.634] [bmv2] [T] [thread 2190] [63.0] [cxt 0] Bytes parsed: 14
[20:03:28.634] [bmv2] [D] [thread 2190] [63.0] [cxt 0] Parser 'parser' entering state 'parse_vlan'
[20:03:28.634] [bmv2] [D] [thread 2190] [63.0] [cxt 0] Extracting header 'vlan'
[20:03:28.635] [bmv2] [D] [thread 2190] [63.0] [cxt 0] Parser state 'parse_vlan': key is 0800
[20:03:28.635] [bmv2] [T] [thread 2190] [63.0] [cxt 0] Bytes parsed: 18
[20:03:28.635] [bmv2] [D] [thread 2190] [63.0] [cxt 0] Parser 'parser' entering state 'parse_ipv4'
[20:03:28.635] [bmv2] [D] [thread 2190] [63.0] [cxt 0] Extracting header 'ipv4'
[20:03:28.635] [bmv2] [D] [thread 2190] [63.0] [cxt 0] Parser set: setting field 'scalars.tmp' from expression, new value is 1
[20:03:28.635] [bmv2] [D] [thread 2190] [63.0] [cxt 0] Parser state 'parse_ipv4': key is 06
[20:03:28.635] [bmv2] [T] [thread 2190] [63.0] [cxt 0] Bytes parsed: 38
[20:03:28.635] [bmv2] [D] [thread 2190] [63.0] [cxt 0] Parser 'parser' entering state 'parse_ipv4_option'
[20:03:28.635] [bmv2] [D] [thread 2190] [63.0] [cxt 0] Extracting header 'ipv4_option'
[20:03:28.635] [bmv2] [D] [thread 2190] [63.0] [cxt 0] Parser state 'parse_ipv4_option': key is 1f
[20:03:28.636] [bmv2] [T] [thread 2190] [63.0] [cxt 0] Bytes parsed: 40
[20:03:28.636] [bmv2] [D] [thread 2190] [63.0] [cxt 0] Parser 'parser' entering state 'parse_link_qos'
[20:03:28.636] [bmv2] [D] [thread 2190] [63.0] [cxt 0] Extracting header 'link_qos'
[20:03:28.636] [bmv2] [D] [thread 2190] [63.0] [cxt 0] Parser state 'parse_link_qos' has no switch, going to default next state
[20:03:28.636] [bmv2] [T] [thread 2190] [63.0] [cxt 0] Bytes parsed: 42
[20:03:28.636] [bmv2] [D] [thread 2190] [63.0] [cxt 0] Parser 'parser': end
[20:03:28.636] [bmv2] [D] [thread 2190] [63.0] [cxt 0] Pipeline 'ingress': start
[20:03:28.637] [bmv2] [T] [thread 2190] [63.0] [cxt 0] qos.p4(197) Condition "hdr.ipv4.isValid()" (node_2) is true
[20:03:28.637] [bmv2] [T] [thread 2190] [63.0] [cxt 0] qos.p4(198) Condition "hdr.link_qos.link_qos == TARGET_LINK_QOS" (node_3) is true
[20:03:28.637] [bmv2] [T] [thread 2190] [63.0] [cxt 0] Applying table 'tbl_qos199'
[20:03:28.637] [bmv2] [D] [thread 2190] [63.0] [cxt 0] Looking up key:

[20:03:28.637] [bmv2] [D] [thread 2190] [63.0] [cxt 0] Table 'tbl_qos199': miss
[20:03:28.637] [bmv2] [D] [thread 2190] [63.0] [cxt 0] Action entry is qos199 - 
[20:03:28.637] [bmv2] [T] [thread 2190] [63.0] [cxt 0] Action qos199
[20:03:28.637] [bmv2] [T] [thread 2190] [63.0] [cxt 0] qos.p4(199) Primitive hdr.ipv4.diffserv = (TARGET_DSCP << 2
[20:03:28.637] [bmv2] [T] [thread 2190] [63.0] [cxt 0] qos.p4(28) Primitive 7; ...
[20:03:28.637] [bmv2] [T] [thread 2190] [63.0] [cxt 0] Applying table 'MyIngress.ipv4_lpm'
[20:03:28.637] [bmv2] [D] [thread 2190] [63.0] [cxt 0] Looking up key:
* hdr.ipv4.dstAddr    : 0a000202

[20:03:28.637] [bmv2] [D] [thread 2190] [63.0] [cxt 0] Table 'MyIngress.ipv4_lpm': hit with handle 2
[20:03:28.638] [bmv2] [D] [thread 2190] [63.0] [cxt 0] Dumping entry 2
Match key:
* hdr.ipv4.dstAddr    : LPM       0a000200/24
Action entry: MyIngress.ipv4_forward - 80000000200,3,

[20:03:28.638] [bmv2] [D] [thread 2190] [63.0] [cxt 0] Action entry is MyIngress.ipv4_forward - 80000000200,3,
[20:03:28.638] [bmv2] [T] [thread 2190] [63.0] [cxt 0] Action MyIngress.ipv4_forward
[20:03:28.638] [bmv2] [T] [thread 2190] [63.0] [cxt 0] qos.p4(175) Primitive standard_metadata.egress_spec = port
[20:03:28.638] [bmv2] [T] [thread 2190] [63.0] [cxt 0] qos.p4(176) Primitive hdr.ethernet.srcAddr = hdr.ethernet.dstAddr
[20:03:28.638] [bmv2] [T] [thread 2190] [63.0] [cxt 0] qos.p4(177) Primitive hdr.ethernet.dstAddr = dstAddr
[20:03:28.638] [bmv2] [T] [thread 2190] [63.0] [cxt 0] qos.p4(178) Primitive hdr.ipv4.ttl = hdr.ipv4.ttl - 1
[20:03:28.638] [bmv2] [D] [thread 2190] [63.0] [cxt 0] Pipeline 'ingress': end
[20:03:28.638] [bmv2] [D] [thread 2190] [63.0] [cxt 0] Egress port is 3
[20:03:28.643] [bmv2] [D] [thread 2194] [63.0] [cxt 0] Pipeline 'egress': start
[20:03:28.643] [bmv2] [D] [thread 2194] [63.0] [cxt 0] Pipeline 'egress': end
[20:03:28.643] [bmv2] [D] [thread 2194] [63.0] [cxt 0] Deparser 'deparser': start
[20:03:28.643] [bmv2] [D] [thread 2194] [63.0] [cxt 0] Updating checksum 'cksum'
[20:03:28.643] [bmv2] [D] [thread 2194] [63.0] [cxt 0] Deparsing header 'ethernet'
[20:03:28.643] [bmv2] [D] [thread 2194] [63.0] [cxt 0] Deparsing header 'vlan'
[20:03:28.643] [bmv2] [D] [thread 2194] [63.0] [cxt 0] Deparsing header 'ipv4'
[20:03:28.643] [bmv2] [D] [thread 2194] [63.0] [cxt 0] Deparsing header 'ipv4_option'
[20:03:28.643] [bmv2] [D] [thread 2194] [63.0] [cxt 0] Deparsing header 'link_qos'
[20:03:28.643] [bmv2] [D] [thread 2194] [63.0] [cxt 0] Deparser 'deparser': end
[20:03:28.643] [bmv2] [D] [thread 2195] [63.0] [cxt 0] Transmitting packet of size 50 out of port 3
[20:03:29.656] [bmv2] [D] [thread 2190] [64.0] [cxt 0] Processing packet received on port 2
[20:03:29.656] [bmv2] [D] [thread 2190] [64.0] [cxt 0] Parser 'parser': start
[20:03:29.657] [bmv2] [D] [thread 2190] [64.0] [cxt 0] Parser 'parser' entering state 'start'
[20:03:29.657] [bmv2] [D] [thread 2190] [64.0] [cxt 0] Extracting header 'ethernet'
[20:03:29.658] [bmv2] [D] [thread 2190] [64.0] [cxt 0] Parser state 'start': key is 8100
[20:03:29.658] [bmv2] [T] [thread 2190] [64.0] [cxt 0] Bytes parsed: 14
[20:03:29.658] [bmv2] [D] [thread 2190] [64.0] [cxt 0] Parser 'parser' entering state 'parse_vlan'
[20:03:29.658] [bmv2] [D] [thread 2190] [64.0] [cxt 0] Extracting header 'vlan'
[20:03:29.658] [bmv2] [D] [thread 2190] [64.0] [cxt 0] Parser state 'parse_vlan': key is 0800
[20:03:29.658] [bmv2] [T] [thread 2190] [64.0] [cxt 0] Bytes parsed: 18
[20:03:29.658] [bmv2] [D] [thread 2190] [64.0] [cxt 0] Parser 'parser' entering state 'parse_ipv4'
[20:03:29.658] [bmv2] [D] [thread 2190] [64.0] [cxt 0] Extracting header 'ipv4'
[20:03:29.658] [bmv2] [D] [thread 2190] [64.0] [cxt 0] Parser set: setting field 'scalars.tmp' from expression, new value is 1
[20:03:29.658] [bmv2] [D] [thread 2190] [64.0] [cxt 0] Parser state 'parse_ipv4': key is 06
[20:03:29.658] [bmv2] [T] [thread 2190] [64.0] [cxt 0] Bytes parsed: 38
[20:03:29.658] [bmv2] [D] [thread 2190] [64.0] [cxt 0] Parser 'parser' entering state 'parse_ipv4_option'
[20:03:29.658] [bmv2] [D] [thread 2190] [64.0] [cxt 0] Extracting header 'ipv4_option'
[20:03:29.658] [bmv2] [D] [thread 2190] [64.0] [cxt 0] Parser state 'parse_ipv4_option': key is 1f
[20:03:29.659] [bmv2] [T] [thread 2190] [64.0] [cxt 0] Bytes parsed: 40
[20:03:29.659] [bmv2] [D] [thread 2190] [64.0] [cxt 0] Parser 'parser' entering state 'parse_link_qos'
[20:03:29.659] [bmv2] [D] [thread 2190] [64.0] [cxt 0] Extracting header 'link_qos'
[20:03:29.659] [bmv2] [D] [thread 2190] [64.0] [cxt 0] Parser state 'parse_link_qos' has no switch, going to default next state
[20:03:29.659] [bmv2] [T] [thread 2190] [64.0] [cxt 0] Bytes parsed: 42
[20:03:29.659] [bmv2] [D] [thread 2190] [64.0] [cxt 0] Parser 'parser': end
[20:03:29.659] [bmv2] [D] [thread 2190] [64.0] [cxt 0] Pipeline 'ingress': start
[20:03:29.659] [bmv2] [T] [thread 2190] [64.0] [cxt 0] qos.p4(197) Condition "hdr.ipv4.isValid()" (node_2) is true
[20:03:29.659] [bmv2] [T] [thread 2190] [64.0] [cxt 0] qos.p4(198) Condition "hdr.link_qos.link_qos == TARGET_LINK_QOS" (node_3) is true
[20:03:29.659] [bmv2] [T] [thread 2190] [64.0] [cxt 0] Applying table 'tbl_qos199'
[20:03:29.660] [bmv2] [D] [thread 2190] [64.0] [cxt 0] Looking up key:

[20:03:29.692] [bmv2] [D] [thread 2190] [64.0] [cxt 0] Table 'tbl_qos199': miss
[20:03:29.692] [bmv2] [D] [thread 2190] [64.0] [cxt 0] Action entry is qos199 - 
[20:03:29.692] [bmv2] [T] [thread 2190] [64.0] [cxt 0] Action qos199
[20:03:29.692] [bmv2] [T] [thread 2190] [64.0] [cxt 0] qos.p4(199) Primitive hdr.ipv4.diffserv = (TARGET_DSCP << 2
[20:03:29.692] [bmv2] [T] [thread 2190] [64.0] [cxt 0] qos.p4(28) Primitive 7; ...
[20:03:29.692] [bmv2] [T] [thread 2190] [64.0] [cxt 0] Applying table 'MyIngress.ipv4_lpm'
[20:03:29.692] [bmv2] [D] [thread 2190] [64.0] [cxt 0] Looking up key:
* hdr.ipv4.dstAddr    : 0a000202

[20:03:29.693] [bmv2] [D] [thread 2190] [64.0] [cxt 0] Table 'MyIngress.ipv4_lpm': hit with handle 2
[20:03:29.693] [bmv2] [D] [thread 2190] [64.0] [cxt 0] Dumping entry 2
Match key:
* hdr.ipv4.dstAddr    : LPM       0a000200/24
Action entry: MyIngress.ipv4_forward - 80000000200,3,

[20:03:29.693] [bmv2] [D] [thread 2190] [64.0] [cxt 0] Action entry is MyIngress.ipv4_forward - 80000000200,3,
[20:03:29.693] [bmv2] [T] [thread 2190] [64.0] [cxt 0] Action MyIngress.ipv4_forward
[20:03:29.693] [bmv2] [T] [thread 2190] [64.0] [cxt 0] qos.p4(175) Primitive standard_metadata.egress_spec = port
[20:03:29.693] [bmv2] [T] [thread 2190] [64.0] [cxt 0] qos.p4(176) Primitive hdr.ethernet.srcAddr = hdr.ethernet.dstAddr
[20:03:29.693] [bmv2] [T] [thread 2190] [64.0] [cxt 0] qos.p4(177) Primitive hdr.ethernet.dstAddr = dstAddr
[20:03:29.693] [bmv2] [T] [thread 2190] [64.0] [cxt 0] qos.p4(178) Primitive hdr.ipv4.ttl = hdr.ipv4.ttl - 1
[20:03:29.693] [bmv2] [D] [thread 2190] [64.0] [cxt 0] Pipeline 'ingress': end
[20:03:29.693] [bmv2] [D] [thread 2190] [64.0] [cxt 0] Egress port is 3
[20:03:29.695] [bmv2] [D] [thread 2194] [64.0] [cxt 0] Pipeline 'egress': start
[20:03:29.696] [bmv2] [D] [thread 2194] [64.0] [cxt 0] Pipeline 'egress': end
[20:03:29.696] [bmv2] [D] [thread 2194] [64.0] [cxt 0] Deparser 'deparser': start
[20:03:29.696] [bmv2] [D] [thread 2194] [64.0] [cxt 0] Updating checksum 'cksum'
[20:03:29.696] [bmv2] [D] [thread 2194] [64.0] [cxt 0] Deparsing header 'ethernet'
[20:03:29.696] [bmv2] [D] [thread 2194] [64.0] [cxt 0] Deparsing header 'vlan'
[20:03:29.696] [bmv2] [D] [thread 2194] [64.0] [cxt 0] Deparsing header 'ipv4'
[20:03:29.696] [bmv2] [D] [thread 2194] [64.0] [cxt 0] Deparsing header 'ipv4_option'
[20:03:29.696] [bmv2] [D] [thread 2194] [64.0] [cxt 0] Deparsing header 'link_qos'
[20:03:29.696] [bmv2] [D] [thread 2194] [64.0] [cxt 0] Deparser 'deparser': end
[20:03:29.696] [bmv2] [D] [thread 2195] [64.0] [cxt 0] Transmitting packet of size 50 out of port 3
open: No such file or directory
open: No such file or directory
open: No such file or directory
open: No such file or directory
open: No such file or directory
open: No such file or directory
open: No such file or directory
