Calling target program-options parser
[20:02:00.773] [bmv2] [D] [thread 2198] Set default default entry for table 'tbl_qos199': qos199 - 
[20:02:00.773] [bmv2] [D] [thread 2198] Set default default entry for table 'MyIngress.ipv4_lpm': NoAction - 
Adding interface s2-eth1 as port 1
[20:02:00.775] [bmv2] [D] [thread 2198] Adding interface s2-eth1 as port 1
Adding interface s2-eth2 as port 2
[20:02:00.834] [bmv2] [D] [thread 2198] Adding interface s2-eth2 as port 2
Adding interface s2-eth3 as port 3
[20:02:00.843] [bmv2] [D] [thread 2198] Adding interface s2-eth3 as port 3
Adding interface s2-eth4 as port 4
[20:02:00.851] [bmv2] [D] [thread 2198] Adding interface s2-eth4 as port 4
Server listening on 0.0.0.0:50052
[20:02:00.863] [bmv2] [I] [thread 2198] Starting Thrift server on port 9091
[20:02:00.884] [bmv2] [I] [thread 2198] Thrift server was started
[20:02:01.174] [bmv2] [D] [thread 2208] [0.0] [cxt 0] Processing packet received on port 3
[20:02:01.174] [bmv2] [D] [thread 2208] [0.0] [cxt 0] Parser 'parser': start
[20:02:01.174] [bmv2] [D] [thread 2208] [0.0] [cxt 0] Parser 'parser' entering state 'start'
[20:02:01.174] [bmv2] [D] [thread 2208] [0.0] [cxt 0] Extracting header 'ethernet'
[20:02:01.174] [bmv2] [D] [thread 2208] [0.0] [cxt 0] Parser state 'start': key is 86dd
[20:02:01.174] [bmv2] [T] [thread 2208] [0.0] [cxt 0] Bytes parsed: 14
[20:02:01.174] [bmv2] [D] [thread 2208] [0.0] [cxt 0] Parser 'parser': end
[20:02:01.174] [bmv2] [D] [thread 2208] [0.0] [cxt 0] Pipeline 'ingress': start
[20:02:01.174] [bmv2] [T] [thread 2208] [0.0] [cxt 0] qos.p4(197) Condition "hdr.ipv4.isValid()" (node_2) is false
[20:02:01.174] [bmv2] [D] [thread 2208] [0.0] [cxt 0] Pipeline 'ingress': end
[20:02:01.174] [bmv2] [D] [thread 2208] [0.0] [cxt 0] Egress port is 0
[20:02:01.174] [bmv2] [D] [thread 2209] [0.0] [cxt 0] Pipeline 'egress': start
[20:02:01.174] [bmv2] [D] [thread 2209] [0.0] [cxt 0] Pipeline 'egress': end
[20:02:01.174] [bmv2] [D] [thread 2209] [0.0] [cxt 0] Deparser 'deparser': start
[20:02:01.174] [bmv2] [T] [thread 2209] [0.0] [cxt 0] Skipping checksum 'cksum' update because condition not met
[20:02:01.175] [bmv2] [D] [thread 2209] [0.0] [cxt 0] Deparsing header 'ethernet'
[20:02:01.175] [bmv2] [D] [thread 2209] [0.0] [cxt 0] Deparser 'deparser': end
[20:02:01.175] [bmv2] [D] [thread 2213] [0.0] [cxt 0] Transmitting packet of size 90 out of port 0
[20:02:02.901] [bmv2] [D] [thread 2208] [1.0] [cxt 0] Processing packet received on port 2
[20:02:02.902] [bmv2] [D] [thread 2208] [1.0] [cxt 0] Parser 'parser': start
[20:02:02.903] [bmv2] [D] [thread 2208] [1.0] [cxt 0] Parser 'parser' entering state 'start'
[20:02:02.903] [bmv2] [D] [thread 2208] [1.0] [cxt 0] Extracting header 'ethernet'
[20:02:02.903] [bmv2] [D] [thread 2208] [1.0] [cxt 0] Parser state 'start': key is 86dd
[20:02:02.903] [bmv2] [T] [thread 2208] [1.0] [cxt 0] Bytes parsed: 14
[20:02:02.903] [bmv2] [D] [thread 2208] [1.0] [cxt 0] Parser 'parser': end
[20:02:02.903] [bmv2] [D] [thread 2208] [1.0] [cxt 0] Pipeline 'ingress': start
[20:02:02.903] [bmv2] [T] [thread 2208] [1.0] [cxt 0] qos.p4(197) Condition "hdr.ipv4.isValid()" (node_2) is false
[20:02:02.903] [bmv2] [D] [thread 2208] [1.0] [cxt 0] Pipeline 'ingress': end
[20:02:02.904] [bmv2] [D] [thread 2208] [1.0] [cxt 0] Egress port is 0
[20:02:02.905] [bmv2] [D] [thread 2209] [1.0] [cxt 0] Pipeline 'egress': start
[20:02:02.905] [bmv2] [D] [thread 2209] [1.0] [cxt 0] Pipeline 'egress': end
[20:02:02.905] [bmv2] [D] [thread 2209] [1.0] [cxt 0] Deparser 'deparser': start
[20:02:02.905] [bmv2] [T] [thread 2209] [1.0] [cxt 0] Skipping checksum 'cksum' update because condition not met
[20:02:02.905] [bmv2] [D] [thread 2209] [1.0] [cxt 0] Deparsing header 'ethernet'
[20:02:02.905] [bmv2] [D] [thread 2209] [1.0] [cxt 0] Deparser 'deparser': end
[20:02:02.905] [bmv2] [D] [thread 2213] [1.0] [cxt 0] Transmitting packet of size 70 out of port 0
[20:02:03.409] [bmv2] [D] [thread 2208] [2.0] [cxt 0] Processing packet received on port 4
[20:02:03.409] [bmv2] [D] [thread 2208] [2.0] [cxt 0] Parser 'parser': start
[20:02:03.409] [bmv2] [D] [thread 2208] [2.0] [cxt 0] Parser 'parser' entering state 'start'
[20:02:03.409] [bmv2] [D] [thread 2208] [2.0] [cxt 0] Extracting header 'ethernet'
[20:02:03.410] [bmv2] [D] [thread 2208] [2.0] [cxt 0] Parser state 'start': key is 86dd
[20:02:03.410] [bmv2] [T] [thread 2208] [2.0] [cxt 0] Bytes parsed: 14
[20:02:03.410] [bmv2] [D] [thread 2208] [2.0] [cxt 0] Parser 'parser': end
[20:02:03.410] [bmv2] [D] [thread 2208] [2.0] [cxt 0] Pipeline 'ingress': start
[20:02:03.410] [bmv2] [T] [thread 2208] [2.0] [cxt 0] qos.p4(197) Condition "hdr.ipv4.isValid()" (node_2) is false
[20:02:03.410] [bmv2] [D] [thread 2208] [2.0] [cxt 0] Pipeline 'ingress': end
[20:02:03.410] [bmv2] [D] [thread 2208] [2.0] [cxt 0] Egress port is 0
[20:02:03.410] [bmv2] [D] [thread 2209] [2.0] [cxt 0] Pipeline 'egress': start
[20:02:03.411] [bmv2] [D] [thread 2209] [2.0] [cxt 0] Pipeline 'egress': end
[20:02:03.411] [bmv2] [D] [thread 2209] [2.0] [cxt 0] Deparser 'deparser': start
[20:02:03.411] [bmv2] [T] [thread 2209] [2.0] [cxt 0] Skipping checksum 'cksum' update because condition not met
[20:02:03.411] [bmv2] [D] [thread 2209] [2.0] [cxt 0] Deparsing header 'ethernet'
[20:02:03.411] [bmv2] [D] [thread 2209] [2.0] [cxt 0] Deparser 'deparser': end
[20:02:03.411] [bmv2] [D] [thread 2213] [2.0] [cxt 0] Transmitting packet of size 70 out of port 0
[20:02:03.612] [bmv2] [W] [thread 2261] [P4Runtime] p4::tmp::P4DeviceConfig is deprecated
[20:02:03.622] [bmv2] [D] [thread 2261] Set default default entry for table 'tbl_qos199': qos199 - 
[20:02:03.622] [bmv2] [D] [thread 2261] Set default default entry for table 'MyIngress.ipv4_lpm': NoAction - 
[20:02:03.631] [bmv2] [D] [thread 2261] simple_switch target has been notified of a config swap
[20:02:03.640] [bmv2] [D] [thread 2262] Entry 0 added to table 'MyIngress.ipv4_lpm'
[20:02:03.641] [bmv2] [D] [thread 2262] Dumping entry 0
Match key:
* hdr.ipv4.dstAddr    : LPM       0a000202/32
Action entry: MyIngress.ipv4_forward - 80000000202,2,

[20:02:03.646] [bmv2] [D] [thread 2261] Entry 1 added to table 'MyIngress.ipv4_lpm'
[20:02:03.646] [bmv2] [D] [thread 2261] Dumping entry 1
Match key:
* hdr.ipv4.dstAddr    : LPM       0a000216/32
Action entry: MyIngress.ipv4_forward - 80000000222,1,

[20:02:03.650] [bmv2] [D] [thread 2262] Entry 2 added to table 'MyIngress.ipv4_lpm'
[20:02:03.650] [bmv2] [D] [thread 2262] Dumping entry 2
Match key:
* hdr.ipv4.dstAddr    : LPM       0a000100/24
Action entry: MyIngress.ipv4_forward - 80000000100,3,

[20:02:03.654] [bmv2] [D] [thread 2261] Entry 3 added to table 'MyIngress.ipv4_lpm'
[20:02:03.655] [bmv2] [D] [thread 2261] Dumping entry 3
Match key:
* hdr.ipv4.dstAddr    : LPM       0a000300/24
Action entry: MyIngress.ipv4_forward - 80000000300,4,

[20:02:03.666] [bmv2] [D] [thread 2208] [3.0] [cxt 0] Processing packet received on port 4
[20:02:03.667] [bmv2] [D] [thread 2208] [3.0] [cxt 0] Parser 'parser': start
[20:02:03.667] [bmv2] [D] [thread 2208] [3.0] [cxt 0] Parser 'parser' entering state 'start'
[20:02:03.667] [bmv2] [D] [thread 2208] [3.0] [cxt 0] Extracting header 'ethernet'
[20:02:03.667] [bmv2] [D] [thread 2208] [3.0] [cxt 0] Parser state 'start': key is 86dd
[20:02:03.667] [bmv2] [T] [thread 2208] [3.0] [cxt 0] Bytes parsed: 14
[20:02:03.667] [bmv2] [D] [thread 2208] [3.0] [cxt 0] Parser 'parser': end
[20:02:03.667] [bmv2] [D] [thread 2208] [3.0] [cxt 0] Pipeline 'ingress': start
[20:02:03.667] [bmv2] [T] [thread 2208] [3.0] [cxt 0] qos.p4(197) Condition "hdr.ipv4.isValid()" (node_2) is false
[20:02:03.667] [bmv2] [D] [thread 2208] [3.0] [cxt 0] Pipeline 'ingress': end
[20:02:03.667] [bmv2] [D] [thread 2208] [3.0] [cxt 0] Egress port is 0
[20:02:03.668] [bmv2] [D] [thread 2209] [3.0] [cxt 0] Pipeline 'egress': start
[20:02:03.668] [bmv2] [D] [thread 2209] [3.0] [cxt 0] Pipeline 'egress': end
[20:02:03.668] [bmv2] [D] [thread 2209] [3.0] [cxt 0] Deparser 'deparser': start
[20:02:03.668] [bmv2] [T] [thread 2209] [3.0] [cxt 0] Skipping checksum 'cksum' update because condition not met
[20:02:03.668] [bmv2] [D] [thread 2209] [3.0] [cxt 0] Deparsing header 'ethernet'
[20:02:03.668] [bmv2] [D] [thread 2209] [3.0] [cxt 0] Deparser 'deparser': end
[20:02:03.668] [bmv2] [D] [thread 2213] [3.0] [cxt 0] Transmitting packet of size 70 out of port 0
[20:02:04.181] [bmv2] [D] [thread 2208] [4.0] [cxt 0] Processing packet received on port 1
[20:02:04.181] [bmv2] [D] [thread 2208] [4.0] [cxt 0] Parser 'parser': start
[20:02:04.181] [bmv2] [D] [thread 2208] [4.0] [cxt 0] Parser 'parser' entering state 'start'
[20:02:04.181] [bmv2] [D] [thread 2208] [4.0] [cxt 0] Extracting header 'ethernet'
[20:02:04.181] [bmv2] [D] [thread 2208] [4.0] [cxt 0] Parser state 'start': key is 86dd
[20:02:04.181] [bmv2] [T] [thread 2208] [4.0] [cxt 0] Bytes parsed: 14
[20:02:04.181] [bmv2] [D] [thread 2208] [4.0] [cxt 0] Parser 'parser': end
[20:02:04.181] [bmv2] [D] [thread 2208] [4.0] [cxt 0] Pipeline 'ingress': start
[20:02:04.181] [bmv2] [T] [thread 2208] [4.0] [cxt 0] qos.p4(197) Condition "hdr.ipv4.isValid()" (node_2) is false
[20:02:04.181] [bmv2] [D] [thread 2208] [4.0] [cxt 0] Pipeline 'ingress': end
[20:02:04.181] [bmv2] [D] [thread 2208] [4.0] [cxt 0] Egress port is 0
[20:02:04.181] [bmv2] [D] [thread 2209] [4.0] [cxt 0] Pipeline 'egress': start
[20:02:04.182] [bmv2] [D] [thread 2209] [4.0] [cxt 0] Pipeline 'egress': end
[20:02:04.182] [bmv2] [D] [thread 2209] [4.0] [cxt 0] Deparser 'deparser': start
[20:02:04.182] [bmv2] [T] [thread 2209] [4.0] [cxt 0] Skipping checksum 'cksum' update because condition not met
[20:02:04.182] [bmv2] [D] [thread 2209] [4.0] [cxt 0] Deparsing header 'ethernet'
[20:02:04.182] [bmv2] [D] [thread 2209] [4.0] [cxt 0] Deparser 'deparser': end
[20:02:04.182] [bmv2] [D] [thread 2213] [4.0] [cxt 0] Transmitting packet of size 70 out of port 0
[20:02:04.280] [bmv2] [D] [thread 2208] [5.0] [cxt 0] Processing packet received on port 3
[20:02:04.281] [bmv2] [D] [thread 2208] [5.0] [cxt 0] Parser 'parser': start
[20:02:04.281] [bmv2] [D] [thread 2208] [5.0] [cxt 0] Parser 'parser' entering state 'start'
[20:02:04.281] [bmv2] [D] [thread 2208] [5.0] [cxt 0] Extracting header 'ethernet'
[20:02:04.281] [bmv2] [D] [thread 2208] [5.0] [cxt 0] Parser state 'start': key is 86dd
[20:02:04.281] [bmv2] [T] [thread 2208] [5.0] [cxt 0] Bytes parsed: 14
[20:02:04.281] [bmv2] [D] [thread 2208] [5.0] [cxt 0] Parser 'parser': end
[20:02:04.281] [bmv2] [D] [thread 2208] [5.0] [cxt 0] Pipeline 'ingress': start
[20:02:04.281] [bmv2] [T] [thread 2208] [5.0] [cxt 0] qos.p4(197) Condition "hdr.ipv4.isValid()" (node_2) is false
[20:02:04.281] [bmv2] [D] [thread 2208] [5.0] [cxt 0] Pipeline 'ingress': end
[20:02:04.282] [bmv2] [D] [thread 2208] [5.0] [cxt 0] Egress port is 0
[20:02:04.282] [bmv2] [D] [thread 2209] [5.0] [cxt 0] Pipeline 'egress': start
[20:02:04.282] [bmv2] [D] [thread 2209] [5.0] [cxt 0] Pipeline 'egress': end
[20:02:04.282] [bmv2] [D] [thread 2209] [5.0] [cxt 0] Deparser 'deparser': start
[20:02:04.282] [bmv2] [T] [thread 2209] [5.0] [cxt 0] Skipping checksum 'cksum' update because condition not met
[20:02:04.282] [bmv2] [D] [thread 2209] [5.0] [cxt 0] Deparsing header 'ethernet'
[20:02:04.282] [bmv2] [D] [thread 2209] [5.0] [cxt 0] Deparser 'deparser': end
[20:02:04.282] [bmv2] [D] [thread 2213] [5.0] [cxt 0] Transmitting packet of size 70 out of port 0
[20:02:04.538] [bmv2] [D] [thread 2208] [6.0] [cxt 0] Processing packet received on port 3
[20:02:04.538] [bmv2] [D] [thread 2208] [6.0] [cxt 0] Parser 'parser': start
[20:02:04.538] [bmv2] [D] [thread 2208] [6.0] [cxt 0] Parser 'parser' entering state 'start'
[20:02:04.538] [bmv2] [D] [thread 2208] [6.0] [cxt 0] Extracting header 'ethernet'
[20:02:04.539] [bmv2] [D] [thread 2208] [6.0] [cxt 0] Parser state 'start': key is 86dd
[20:02:04.539] [bmv2] [T] [thread 2208] [6.0] [cxt 0] Bytes parsed: 14
[20:02:04.539] [bmv2] [D] [thread 2208] [6.0] [cxt 0] Parser 'parser': end
[20:02:04.539] [bmv2] [D] [thread 2208] [6.0] [cxt 0] Pipeline 'ingress': start
[20:02:04.539] [bmv2] [T] [thread 2208] [6.0] [cxt 0] qos.p4(197) Condition "hdr.ipv4.isValid()" (node_2) is false
[20:02:04.539] [bmv2] [D] [thread 2208] [6.0] [cxt 0] Pipeline 'ingress': end
[20:02:04.546] [bmv2] [D] [thread 2208] [6.0] [cxt 0] Egress port is 0
[20:02:04.547] [bmv2] [D] [thread 2209] [6.0] [cxt 0] Pipeline 'egress': start
[20:02:04.547] [bmv2] [D] [thread 2209] [6.0] [cxt 0] Pipeline 'egress': end
[20:02:04.547] [bmv2] [D] [thread 2209] [6.0] [cxt 0] Deparser 'deparser': start
[20:02:04.547] [bmv2] [T] [thread 2209] [6.0] [cxt 0] Skipping checksum 'cksum' update because condition not met
[20:02:04.547] [bmv2] [D] [thread 2209] [6.0] [cxt 0] Deparsing header 'ethernet'
[20:02:04.547] [bmv2] [D] [thread 2209] [6.0] [cxt 0] Deparser 'deparser': end
[20:02:04.548] [bmv2] [D] [thread 2213] [6.0] [cxt 0] Transmitting packet of size 70 out of port 0
[20:02:10.323] [bmv2] [D] [thread 2208] [7.0] [cxt 0] Processing packet received on port 2
[20:02:10.324] [bmv2] [D] [thread 2208] [7.0] [cxt 0] Parser 'parser': start
[20:02:10.325] [bmv2] [D] [thread 2208] [7.0] [cxt 0] Parser 'parser' entering state 'start'
[20:02:10.325] [bmv2] [D] [thread 2208] [7.0] [cxt 0] Extracting header 'ethernet'
[20:02:10.325] [bmv2] [D] [thread 2208] [7.0] [cxt 0] Parser state 'start': key is 86dd
[20:02:10.325] [bmv2] [T] [thread 2208] [7.0] [cxt 0] Bytes parsed: 14
[20:02:10.325] [bmv2] [D] [thread 2208] [7.0] [cxt 0] Parser 'parser': end
[20:02:10.325] [bmv2] [D] [thread 2208] [7.0] [cxt 0] Pipeline 'ingress': start
[20:02:10.325] [bmv2] [T] [thread 2208] [7.0] [cxt 0] qos.p4(197) Condition "hdr.ipv4.isValid()" (node_2) is false
[20:02:10.326] [bmv2] [D] [thread 2208] [7.0] [cxt 0] Pipeline 'ingress': end
[20:02:10.326] [bmv2] [D] [thread 2208] [7.0] [cxt 0] Egress port is 0
[20:02:10.326] [bmv2] [D] [thread 2209] [7.0] [cxt 0] Pipeline 'egress': start
[20:02:10.326] [bmv2] [D] [thread 2209] [7.0] [cxt 0] Pipeline 'egress': end
[20:02:10.326] [bmv2] [D] [thread 2209] [7.0] [cxt 0] Deparser 'deparser': start
[20:02:10.326] [bmv2] [T] [thread 2209] [7.0] [cxt 0] Skipping checksum 'cksum' update because condition not met
[20:02:10.327] [bmv2] [D] [thread 2209] [7.0] [cxt 0] Deparsing header 'ethernet'
[20:02:10.327] [bmv2] [D] [thread 2209] [7.0] [cxt 0] Deparser 'deparser': end
[20:02:10.327] [bmv2] [D] [thread 2213] [7.0] [cxt 0] Transmitting packet of size 70 out of port 0
[20:02:10.839] [bmv2] [D] [thread 2208] [8.0] [cxt 0] Processing packet received on port 4
[20:02:10.839] [bmv2] [D] [thread 2208] [8.0] [cxt 0] Parser 'parser': start
[20:02:10.839] [bmv2] [D] [thread 2208] [8.0] [cxt 0] Parser 'parser' entering state 'start'
[20:02:10.839] [bmv2] [D] [thread 2208] [8.0] [cxt 0] Extracting header 'ethernet'
[20:02:10.840] [bmv2] [D] [thread 2208] [8.0] [cxt 0] Parser state 'start': key is 86dd
[20:02:10.840] [bmv2] [T] [thread 2208] [8.0] [cxt 0] Bytes parsed: 14
[20:02:10.840] [bmv2] [D] [thread 2208] [8.0] [cxt 0] Parser 'parser': end
[20:02:10.840] [bmv2] [D] [thread 2208] [8.0] [cxt 0] Pipeline 'ingress': start
[20:02:10.841] [bmv2] [T] [thread 2208] [8.0] [cxt 0] qos.p4(197) Condition "hdr.ipv4.isValid()" (node_2) is false
[20:02:10.841] [bmv2] [D] [thread 2208] [8.0] [cxt 0] Pipeline 'ingress': end
[20:02:10.841] [bmv2] [D] [thread 2208] [8.0] [cxt 0] Egress port is 0
[20:02:10.842] [bmv2] [D] [thread 2209] [8.0] [cxt 0] Pipeline 'egress': start
[20:02:10.842] [bmv2] [D] [thread 2209] [8.0] [cxt 0] Pipeline 'egress': end
[20:02:10.842] [bmv2] [D] [thread 2209] [8.0] [cxt 0] Deparser 'deparser': start
[20:02:10.842] [bmv2] [T] [thread 2209] [8.0] [cxt 0] Skipping checksum 'cksum' update because condition not met
[20:02:10.842] [bmv2] [D] [thread 2209] [8.0] [cxt 0] Deparsing header 'ethernet'
[20:02:10.842] [bmv2] [D] [thread 2209] [8.0] [cxt 0] Deparser 'deparser': end
[20:02:10.843] [bmv2] [D] [thread 2213] [8.0] [cxt 0] Transmitting packet of size 70 out of port 0
[20:02:11.605] [bmv2] [D] [thread 2208] [9.0] [cxt 0] Processing packet received on port 4
[20:02:11.606] [bmv2] [D] [thread 2208] [9.0] [cxt 0] Parser 'parser': start
[20:02:11.606] [bmv2] [D] [thread 2208] [9.0] [cxt 0] Parser 'parser' entering state 'start'
[20:02:11.606] [bmv2] [D] [thread 2208] [9.0] [cxt 0] Extracting header 'ethernet'
[20:02:11.607] [bmv2] [D] [thread 2208] [9.0] [cxt 0] Parser state 'start': key is 86dd
[20:02:11.607] [bmv2] [T] [thread 2208] [9.0] [cxt 0] Bytes parsed: 14
[20:02:11.607] [bmv2] [D] [thread 2208] [9.0] [cxt 0] Parser 'parser': end
[20:02:11.607] [bmv2] [D] [thread 2208] [9.0] [cxt 0] Pipeline 'ingress': start
[20:02:11.607] [bmv2] [T] [thread 2208] [9.0] [cxt 0] qos.p4(197) Condition "hdr.ipv4.isValid()" (node_2) is false
[20:02:11.607] [bmv2] [D] [thread 2208] [9.0] [cxt 0] Pipeline 'ingress': end
[20:02:11.607] [bmv2] [D] [thread 2208] [9.0] [cxt 0] Egress port is 0
[20:02:11.610] [bmv2] [D] [thread 2209] [9.0] [cxt 0] Pipeline 'egress': start
[20:02:11.610] [bmv2] [D] [thread 2209] [9.0] [cxt 0] Pipeline 'egress': end
[20:02:11.611] [bmv2] [D] [thread 2209] [9.0] [cxt 0] Deparser 'deparser': start
[20:02:11.611] [bmv2] [T] [thread 2209] [9.0] [cxt 0] Skipping checksum 'cksum' update because condition not met
[20:02:11.611] [bmv2] [D] [thread 2209] [9.0] [cxt 0] Deparsing header 'ethernet'
[20:02:11.611] [bmv2] [D] [thread 2209] [9.0] [cxt 0] Deparser 'deparser': end
[20:02:11.611] [bmv2] [D] [thread 2213] [9.0] [cxt 0] Transmitting packet of size 70 out of port 0
[20:02:12.215] [bmv2] [D] [thread 2208] [10.0] [cxt 0] Processing packet received on port 3
[20:02:12.215] [bmv2] [D] [thread 2208] [10.0] [cxt 0] Parser 'parser': start
[20:02:12.215] [bmv2] [D] [thread 2208] [10.0] [cxt 0] Parser 'parser' entering state 'start'
[20:02:12.215] [bmv2] [D] [thread 2208] [10.0] [cxt 0] Extracting header 'ethernet'
[20:02:12.216] [bmv2] [D] [thread 2208] [10.0] [cxt 0] Parser state 'start': key is 86dd
[20:02:12.216] [bmv2] [T] [thread 2208] [10.0] [cxt 0] Bytes parsed: 14
[20:02:12.216] [bmv2] [D] [thread 2208] [10.0] [cxt 0] Parser 'parser': end
[20:02:12.216] [bmv2] [D] [thread 2208] [10.0] [cxt 0] Pipeline 'ingress': start
[20:02:12.216] [bmv2] [T] [thread 2208] [10.0] [cxt 0] qos.p4(197) Condition "hdr.ipv4.isValid()" (node_2) is false
[20:02:12.216] [bmv2] [D] [thread 2208] [10.0] [cxt 0] Pipeline 'ingress': end
[20:02:12.216] [bmv2] [D] [thread 2208] [10.0] [cxt 0] Egress port is 0
[20:02:12.220] [bmv2] [D] [thread 2209] [10.0] [cxt 0] Pipeline 'egress': start
[20:02:12.220] [bmv2] [D] [thread 2209] [10.0] [cxt 0] Pipeline 'egress': end
[20:02:12.220] [bmv2] [D] [thread 2209] [10.0] [cxt 0] Deparser 'deparser': start
[20:02:12.220] [bmv2] [T] [thread 2209] [10.0] [cxt 0] Skipping checksum 'cksum' update because condition not met
[20:02:12.220] [bmv2] [D] [thread 2209] [10.0] [cxt 0] Deparsing header 'ethernet'
[20:02:12.220] [bmv2] [D] [thread 2209] [10.0] [cxt 0] Deparser 'deparser': end
[20:02:12.221] [bmv2] [D] [thread 2213] [10.0] [cxt 0] Transmitting packet of size 70 out of port 0
[20:02:12.985] [bmv2] [D] [thread 2208] [11.0] [cxt 0] Processing packet received on port 3
[20:02:12.985] [bmv2] [D] [thread 2208] [11.0] [cxt 0] Parser 'parser': start
[20:02:12.985] [bmv2] [D] [thread 2208] [11.0] [cxt 0] Parser 'parser' entering state 'start'
[20:02:12.985] [bmv2] [D] [thread 2208] [11.0] [cxt 0] Extracting header 'ethernet'
[20:02:12.986] [bmv2] [D] [thread 2208] [11.0] [cxt 0] Parser state 'start': key is 86dd
[20:02:12.986] [bmv2] [T] [thread 2208] [11.0] [cxt 0] Bytes parsed: 14
[20:02:12.986] [bmv2] [D] [thread 2208] [11.0] [cxt 0] Parser 'parser': end
[20:02:12.986] [bmv2] [D] [thread 2208] [11.0] [cxt 0] Pipeline 'ingress': start
[20:02:12.987] [bmv2] [T] [thread 2208] [11.0] [cxt 0] qos.p4(197) Condition "hdr.ipv4.isValid()" (node_2) is false
[20:02:12.987] [bmv2] [D] [thread 2208] [11.0] [cxt 0] Pipeline 'ingress': end
[20:02:12.988] [bmv2] [D] [thread 2208] [11.0] [cxt 0] Egress port is 0
[20:02:12.994] [bmv2] [D] [thread 2209] [11.0] [cxt 0] Pipeline 'egress': start
[20:02:12.994] [bmv2] [D] [thread 2209] [11.0] [cxt 0] Pipeline 'egress': end
[20:02:12.994] [bmv2] [D] [thread 2209] [11.0] [cxt 0] Deparser 'deparser': start
[20:02:12.994] [bmv2] [T] [thread 2209] [11.0] [cxt 0] Skipping checksum 'cksum' update because condition not met
[20:02:12.994] [bmv2] [D] [thread 2209] [11.0] [cxt 0] Deparsing header 'ethernet'
[20:02:12.994] [bmv2] [D] [thread 2209] [11.0] [cxt 0] Deparser 'deparser': end
[20:02:12.994] [bmv2] [D] [thread 2213] [11.0] [cxt 0] Transmitting packet of size 70 out of port 0
[20:02:13.139] [bmv2] [D] [thread 2208] [12.0] [cxt 0] Processing packet received on port 1
[20:02:13.140] [bmv2] [D] [thread 2208] [12.0] [cxt 0] Parser 'parser': start
[20:02:13.140] [bmv2] [D] [thread 2208] [12.0] [cxt 0] Parser 'parser' entering state 'start'
[20:02:13.141] [bmv2] [D] [thread 2208] [12.0] [cxt 0] Extracting header 'ethernet'
[20:02:13.141] [bmv2] [D] [thread 2208] [12.0] [cxt 0] Parser state 'start': key is 86dd
[20:02:13.141] [bmv2] [T] [thread 2208] [12.0] [cxt 0] Bytes parsed: 14
[20:02:13.141] [bmv2] [D] [thread 2208] [12.0] [cxt 0] Parser 'parser': end
[20:02:13.141] [bmv2] [D] [thread 2208] [12.0] [cxt 0] Pipeline 'ingress': start
[20:02:13.141] [bmv2] [T] [thread 2208] [12.0] [cxt 0] qos.p4(197) Condition "hdr.ipv4.isValid()" (node_2) is false
[20:02:13.142] [bmv2] [D] [thread 2208] [12.0] [cxt 0] Pipeline 'ingress': end
[20:02:13.142] [bmv2] [D] [thread 2208] [12.0] [cxt 0] Egress port is 0
[20:02:13.142] [bmv2] [D] [thread 2209] [12.0] [cxt 0] Pipeline 'egress': start
[20:02:13.142] [bmv2] [D] [thread 2209] [12.0] [cxt 0] Pipeline 'egress': end
[20:02:13.142] [bmv2] [D] [thread 2209] [12.0] [cxt 0] Deparser 'deparser': start
[20:02:13.142] [bmv2] [T] [thread 2209] [12.0] [cxt 0] Skipping checksum 'cksum' update because condition not met
[20:02:13.142] [bmv2] [D] [thread 2209] [12.0] [cxt 0] Deparsing header 'ethernet'
[20:02:13.143] [bmv2] [D] [thread 2209] [12.0] [cxt 0] Deparser 'deparser': end
[20:02:13.143] [bmv2] [D] [thread 2213] [12.0] [cxt 0] Transmitting packet of size 70 out of port 0
[20:02:18.439] [bmv2] [D] [thread 2208] [13.0] [cxt 0] Processing packet received on port 3
[20:02:18.439] [bmv2] [D] [thread 2208] [13.0] [cxt 0] Parser 'parser': start
[20:02:18.439] [bmv2] [D] [thread 2208] [13.0] [cxt 0] Parser 'parser' entering state 'start'
[20:02:18.439] [bmv2] [D] [thread 2208] [13.0] [cxt 0] Extracting header 'ethernet'
[20:02:18.440] [bmv2] [D] [thread 2208] [13.0] [cxt 0] Parser state 'start': key is 8100
[20:02:18.440] [bmv2] [T] [thread 2208] [13.0] [cxt 0] Bytes parsed: 14
[20:02:18.440] [bmv2] [D] [thread 2208] [13.0] [cxt 0] Parser 'parser' entering state 'parse_vlan'
[20:02:18.440] [bmv2] [D] [thread 2208] [13.0] [cxt 0] Extracting header 'vlan'
[20:02:18.440] [bmv2] [D] [thread 2208] [13.0] [cxt 0] Parser state 'parse_vlan': key is 0800
[20:02:18.440] [bmv2] [T] [thread 2208] [13.0] [cxt 0] Bytes parsed: 18
[20:02:18.440] [bmv2] [D] [thread 2208] [13.0] [cxt 0] Parser 'parser' entering state 'parse_ipv4'
[20:02:18.440] [bmv2] [D] [thread 2208] [13.0] [cxt 0] Extracting header 'ipv4'
[20:02:18.440] [bmv2] [D] [thread 2208] [13.0] [cxt 0] Parser set: setting field 'scalars.tmp' from expression, new value is 1
[20:02:18.441] [bmv2] [D] [thread 2208] [13.0] [cxt 0] Parser state 'parse_ipv4': key is 06
[20:02:18.441] [bmv2] [T] [thread 2208] [13.0] [cxt 0] Bytes parsed: 38
[20:02:18.441] [bmv2] [D] [thread 2208] [13.0] [cxt 0] Parser 'parser' entering state 'parse_ipv4_option'
[20:02:18.441] [bmv2] [D] [thread 2208] [13.0] [cxt 0] Extracting header 'ipv4_option'
[20:02:18.441] [bmv2] [D] [thread 2208] [13.0] [cxt 0] Parser state 'parse_ipv4_option': key is 1f
[20:02:18.441] [bmv2] [T] [thread 2208] [13.0] [cxt 0] Bytes parsed: 40
[20:02:18.441] [bmv2] [D] [thread 2208] [13.0] [cxt 0] Parser 'parser' entering state 'parse_link_qos'
[20:02:18.441] [bmv2] [D] [thread 2208] [13.0] [cxt 0] Extracting header 'link_qos'
[20:02:18.441] [bmv2] [D] [thread 2208] [13.0] [cxt 0] Parser state 'parse_link_qos' has no switch, going to default next state
[20:02:18.441] [bmv2] [T] [thread 2208] [13.0] [cxt 0] Bytes parsed: 42
[20:02:18.441] [bmv2] [D] [thread 2208] [13.0] [cxt 0] Parser 'parser': end
[20:02:18.441] [bmv2] [D] [thread 2208] [13.0] [cxt 0] Pipeline 'ingress': start
[20:02:18.441] [bmv2] [T] [thread 2208] [13.0] [cxt 0] qos.p4(197) Condition "hdr.ipv4.isValid()" (node_2) is true
[20:02:18.441] [bmv2] [T] [thread 2208] [13.0] [cxt 0] qos.p4(198) Condition "hdr.link_qos.link_qos == TARGET_LINK_QOS" (node_3) is true
[20:02:18.441] [bmv2] [T] [thread 2208] [13.0] [cxt 0] Applying table 'tbl_qos199'
[20:02:18.441] [bmv2] [D] [thread 2208] [13.0] [cxt 0] Looking up key:

[20:02:18.441] [bmv2] [D] [thread 2208] [13.0] [cxt 0] Table 'tbl_qos199': miss
[20:02:18.441] [bmv2] [D] [thread 2208] [13.0] [cxt 0] Action entry is qos199 - 
[20:02:18.442] [bmv2] [T] [thread 2208] [13.0] [cxt 0] Action qos199
[20:02:18.442] [bmv2] [T] [thread 2208] [13.0] [cxt 0] qos.p4(199) Primitive hdr.ipv4.diffserv = (TARGET_DSCP << 2
[20:02:18.442] [bmv2] [T] [thread 2208] [13.0] [cxt 0] qos.p4(28) Primitive 7; ...
[20:02:18.442] [bmv2] [T] [thread 2208] [13.0] [cxt 0] Applying table 'MyIngress.ipv4_lpm'
[20:02:18.442] [bmv2] [D] [thread 2208] [13.0] [cxt 0] Looking up key:
* hdr.ipv4.dstAddr    : 0a000202

[20:02:18.442] [bmv2] [D] [thread 2208] [13.0] [cxt 0] Table 'MyIngress.ipv4_lpm': hit with handle 0
[20:02:18.442] [bmv2] [D] [thread 2208] [13.0] [cxt 0] Dumping entry 0
Match key:
* hdr.ipv4.dstAddr    : LPM       0a000202/32
Action entry: MyIngress.ipv4_forward - 80000000202,2,

[20:02:18.442] [bmv2] [D] [thread 2208] [13.0] [cxt 0] Action entry is MyIngress.ipv4_forward - 80000000202,2,
[20:02:18.442] [bmv2] [T] [thread 2208] [13.0] [cxt 0] Action MyIngress.ipv4_forward
[20:02:18.442] [bmv2] [T] [thread 2208] [13.0] [cxt 0] qos.p4(175) Primitive standard_metadata.egress_spec = port
[20:02:18.442] [bmv2] [T] [thread 2208] [13.0] [cxt 0] qos.p4(176) Primitive hdr.ethernet.srcAddr = hdr.ethernet.dstAddr
[20:02:18.442] [bmv2] [T] [thread 2208] [13.0] [cxt 0] qos.p4(177) Primitive hdr.ethernet.dstAddr = dstAddr
[20:02:18.442] [bmv2] [T] [thread 2208] [13.0] [cxt 0] qos.p4(178) Primitive hdr.ipv4.ttl = hdr.ipv4.ttl - 1
[20:02:18.442] [bmv2] [D] [thread 2208] [13.0] [cxt 0] Pipeline 'ingress': end
[20:02:18.443] [bmv2] [D] [thread 2208] [13.0] [cxt 0] Egress port is 2
[20:02:18.443] [bmv2] [D] [thread 2211] [13.0] [cxt 0] Pipeline 'egress': start
[20:02:18.443] [bmv2] [D] [thread 2211] [13.0] [cxt 0] Pipeline 'egress': end
[20:02:18.443] [bmv2] [D] [thread 2211] [13.0] [cxt 0] Deparser 'deparser': start
[20:02:18.443] [bmv2] [D] [thread 2211] [13.0] [cxt 0] Updating checksum 'cksum'
[20:02:18.443] [bmv2] [D] [thread 2211] [13.0] [cxt 0] Deparsing header 'ethernet'
[20:02:18.443] [bmv2] [D] [thread 2211] [13.0] [cxt 0] Deparsing header 'vlan'
[20:02:18.443] [bmv2] [D] [thread 2211] [13.0] [cxt 0] Deparsing header 'ipv4'
[20:02:18.443] [bmv2] [D] [thread 2211] [13.0] [cxt 0] Deparsing header 'ipv4_option'
[20:02:18.443] [bmv2] [D] [thread 2211] [13.0] [cxt 0] Deparsing header 'link_qos'
[20:02:18.443] [bmv2] [D] [thread 2211] [13.0] [cxt 0] Deparser 'deparser': end
[20:02:18.443] [bmv2] [D] [thread 2213] [13.0] [cxt 0] Transmitting packet of size 50 out of port 2
[20:02:19.460] [bmv2] [D] [thread 2208] [14.0] [cxt 0] Processing packet received on port 3
[20:02:19.460] [bmv2] [D] [thread 2208] [14.0] [cxt 0] Parser 'parser': start
[20:02:19.460] [bmv2] [D] [thread 2208] [14.0] [cxt 0] Parser 'parser' entering state 'start'
[20:02:19.461] [bmv2] [D] [thread 2208] [14.0] [cxt 0] Extracting header 'ethernet'
[20:02:19.461] [bmv2] [D] [thread 2208] [14.0] [cxt 0] Parser state 'start': key is 8100
[20:02:19.461] [bmv2] [T] [thread 2208] [14.0] [cxt 0] Bytes parsed: 14
[20:02:19.461] [bmv2] [D] [thread 2208] [14.0] [cxt 0] Parser 'parser' entering state 'parse_vlan'
[20:02:19.461] [bmv2] [D] [thread 2208] [14.0] [cxt 0] Extracting header 'vlan'
[20:02:19.461] [bmv2] [D] [thread 2208] [14.0] [cxt 0] Parser state 'parse_vlan': key is 0800
[20:02:19.461] [bmv2] [T] [thread 2208] [14.0] [cxt 0] Bytes parsed: 18
[20:02:19.461] [bmv2] [D] [thread 2208] [14.0] [cxt 0] Parser 'parser' entering state 'parse_ipv4'
[20:02:19.461] [bmv2] [D] [thread 2208] [14.0] [cxt 0] Extracting header 'ipv4'
[20:02:19.461] [bmv2] [D] [thread 2208] [14.0] [cxt 0] Parser set: setting field 'scalars.tmp' from expression, new value is 1
[20:02:19.461] [bmv2] [D] [thread 2208] [14.0] [cxt 0] Parser state 'parse_ipv4': key is 06
[20:02:19.462] [bmv2] [T] [thread 2208] [14.0] [cxt 0] Bytes parsed: 38
[20:02:19.462] [bmv2] [D] [thread 2208] [14.0] [cxt 0] Parser 'parser' entering state 'parse_ipv4_option'
[20:02:19.462] [bmv2] [D] [thread 2208] [14.0] [cxt 0] Extracting header 'ipv4_option'
[20:02:19.462] [bmv2] [D] [thread 2208] [14.0] [cxt 0] Parser state 'parse_ipv4_option': key is 1f
[20:02:19.462] [bmv2] [T] [thread 2208] [14.0] [cxt 0] Bytes parsed: 40
[20:02:19.462] [bmv2] [D] [thread 2208] [14.0] [cxt 0] Parser 'parser' entering state 'parse_link_qos'
[20:02:19.462] [bmv2] [D] [thread 2208] [14.0] [cxt 0] Extracting header 'link_qos'
[20:02:19.462] [bmv2] [D] [thread 2208] [14.0] [cxt 0] Parser state 'parse_link_qos' has no switch, going to default next state
[20:02:19.462] [bmv2] [T] [thread 2208] [14.0] [cxt 0] Bytes parsed: 42
[20:02:19.462] [bmv2] [D] [thread 2208] [14.0] [cxt 0] Parser 'parser': end
[20:02:19.462] [bmv2] [D] [thread 2208] [14.0] [cxt 0] Pipeline 'ingress': start
[20:02:19.462] [bmv2] [T] [thread 2208] [14.0] [cxt 0] qos.p4(197) Condition "hdr.ipv4.isValid()" (node_2) is true
[20:02:19.462] [bmv2] [T] [thread 2208] [14.0] [cxt 0] qos.p4(198) Condition "hdr.link_qos.link_qos == TARGET_LINK_QOS" (node_3) is true
[20:02:19.462] [bmv2] [T] [thread 2208] [14.0] [cxt 0] Applying table 'tbl_qos199'
[20:02:19.463] [bmv2] [D] [thread 2208] [14.0] [cxt 0] Looking up key:

[20:02:19.463] [bmv2] [D] [thread 2208] [14.0] [cxt 0] Table 'tbl_qos199': miss
[20:02:19.463] [bmv2] [D] [thread 2208] [14.0] [cxt 0] Action entry is qos199 - 
[20:02:19.463] [bmv2] [T] [thread 2208] [14.0] [cxt 0] Action qos199
[20:02:19.463] [bmv2] [T] [thread 2208] [14.0] [cxt 0] qos.p4(199) Primitive hdr.ipv4.diffserv = (TARGET_DSCP << 2
[20:02:19.463] [bmv2] [T] [thread 2208] [14.0] [cxt 0] qos.p4(28) Primitive 7; ...
[20:02:19.463] [bmv2] [T] [thread 2208] [14.0] [cxt 0] Applying table 'MyIngress.ipv4_lpm'
[20:02:19.463] [bmv2] [D] [thread 2208] [14.0] [cxt 0] Looking up key:
* hdr.ipv4.dstAddr    : 0a000202

[20:02:19.463] [bmv2] [D] [thread 2208] [14.0] [cxt 0] Table 'MyIngress.ipv4_lpm': hit with handle 0
[20:02:19.463] [bmv2] [D] [thread 2208] [14.0] [cxt 0] Dumping entry 0
Match key:
* hdr.ipv4.dstAddr    : LPM       0a000202/32
Action entry: MyIngress.ipv4_forward - 80000000202,2,

[20:02:19.463] [bmv2] [D] [thread 2208] [14.0] [cxt 0] Action entry is MyIngress.ipv4_forward - 80000000202,2,
[20:02:19.464] [bmv2] [T] [thread 2208] [14.0] [cxt 0] Action MyIngress.ipv4_forward
[20:02:19.464] [bmv2] [T] [thread 2208] [14.0] [cxt 0] qos.p4(175) Primitive standard_metadata.egress_spec = port
[20:02:19.464] [bmv2] [T] [thread 2208] [14.0] [cxt 0] qos.p4(176) Primitive hdr.ethernet.srcAddr = hdr.ethernet.dstAddr
[20:02:19.464] [bmv2] [T] [thread 2208] [14.0] [cxt 0] qos.p4(177) Primitive hdr.ethernet.dstAddr = dstAddr
[20:02:19.464] [bmv2] [T] [thread 2208] [14.0] [cxt 0] qos.p4(178) Primitive hdr.ipv4.ttl = hdr.ipv4.ttl - 1
[20:02:19.464] [bmv2] [D] [thread 2208] [14.0] [cxt 0] Pipeline 'ingress': end
[20:02:19.464] [bmv2] [D] [thread 2208] [14.0] [cxt 0] Egress port is 2
[20:02:19.465] [bmv2] [D] [thread 2211] [14.0] [cxt 0] Pipeline 'egress': start
[20:02:19.465] [bmv2] [D] [thread 2211] [14.0] [cxt 0] Pipeline 'egress': end
[20:02:19.465] [bmv2] [D] [thread 2211] [14.0] [cxt 0] Deparser 'deparser': start
[20:02:19.465] [bmv2] [D] [thread 2211] [14.0] [cxt 0] Updating checksum 'cksum'
[20:02:19.465] [bmv2] [D] [thread 2211] [14.0] [cxt 0] Deparsing header 'ethernet'
[20:02:19.465] [bmv2] [D] [thread 2211] [14.0] [cxt 0] Deparsing header 'vlan'
[20:02:19.465] [bmv2] [D] [thread 2211] [14.0] [cxt 0] Deparsing header 'ipv4'
[20:02:19.465] [bmv2] [D] [thread 2211] [14.0] [cxt 0] Deparsing header 'ipv4_option'
[20:02:19.465] [bmv2] [D] [thread 2211] [14.0] [cxt 0] Deparsing header 'link_qos'
[20:02:19.465] [bmv2] [D] [thread 2211] [14.0] [cxt 0] Deparser 'deparser': end
[20:02:19.465] [bmv2] [D] [thread 2213] [14.0] [cxt 0] Transmitting packet of size 50 out of port 2
[20:02:20.489] [bmv2] [D] [thread 2208] [15.0] [cxt 0] Processing packet received on port 3
[20:02:20.489] [bmv2] [D] [thread 2208] [15.0] [cxt 0] Parser 'parser': start
[20:02:20.489] [bmv2] [D] [thread 2208] [15.0] [cxt 0] Parser 'parser' entering state 'start'
[20:02:20.489] [bmv2] [D] [thread 2208] [15.0] [cxt 0] Extracting header 'ethernet'
[20:02:20.489] [bmv2] [D] [thread 2208] [15.0] [cxt 0] Parser state 'start': key is 8100
[20:02:20.489] [bmv2] [T] [thread 2208] [15.0] [cxt 0] Bytes parsed: 14
[20:02:20.489] [bmv2] [D] [thread 2208] [15.0] [cxt 0] Parser 'parser' entering state 'parse_vlan'
[20:02:20.490] [bmv2] [D] [thread 2208] [15.0] [cxt 0] Extracting header 'vlan'
[20:02:20.490] [bmv2] [D] [thread 2208] [15.0] [cxt 0] Parser state 'parse_vlan': key is 0800
[20:02:20.490] [bmv2] [T] [thread 2208] [15.0] [cxt 0] Bytes parsed: 18
[20:02:20.490] [bmv2] [D] [thread 2208] [15.0] [cxt 0] Parser 'parser' entering state 'parse_ipv4'
[20:02:20.490] [bmv2] [D] [thread 2208] [15.0] [cxt 0] Extracting header 'ipv4'
[20:02:20.490] [bmv2] [D] [thread 2208] [15.0] [cxt 0] Parser set: setting field 'scalars.tmp' from expression, new value is 1
[20:02:20.490] [bmv2] [D] [thread 2208] [15.0] [cxt 0] Parser state 'parse_ipv4': key is 06
[20:02:20.490] [bmv2] [T] [thread 2208] [15.0] [cxt 0] Bytes parsed: 38
[20:02:20.490] [bmv2] [D] [thread 2208] [15.0] [cxt 0] Parser 'parser' entering state 'parse_ipv4_option'
[20:02:20.490] [bmv2] [D] [thread 2208] [15.0] [cxt 0] Extracting header 'ipv4_option'
[20:02:20.490] [bmv2] [D] [thread 2208] [15.0] [cxt 0] Parser state 'parse_ipv4_option': key is 1f
[20:02:20.490] [bmv2] [T] [thread 2208] [15.0] [cxt 0] Bytes parsed: 40
[20:02:20.490] [bmv2] [D] [thread 2208] [15.0] [cxt 0] Parser 'parser' entering state 'parse_link_qos'
[20:02:20.490] [bmv2] [D] [thread 2208] [15.0] [cxt 0] Extracting header 'link_qos'
[20:02:20.490] [bmv2] [D] [thread 2208] [15.0] [cxt 0] Parser state 'parse_link_qos' has no switch, going to default next state
[20:02:20.490] [bmv2] [T] [thread 2208] [15.0] [cxt 0] Bytes parsed: 42
[20:02:20.490] [bmv2] [D] [thread 2208] [15.0] [cxt 0] Parser 'parser': end
[20:02:20.490] [bmv2] [D] [thread 2208] [15.0] [cxt 0] Pipeline 'ingress': start
[20:02:20.491] [bmv2] [T] [thread 2208] [15.0] [cxt 0] qos.p4(197) Condition "hdr.ipv4.isValid()" (node_2) is true
[20:02:20.491] [bmv2] [T] [thread 2208] [15.0] [cxt 0] qos.p4(198) Condition "hdr.link_qos.link_qos == TARGET_LINK_QOS" (node_3) is true
[20:02:20.491] [bmv2] [T] [thread 2208] [15.0] [cxt 0] Applying table 'tbl_qos199'
[20:02:20.491] [bmv2] [D] [thread 2208] [15.0] [cxt 0] Looking up key:

[20:02:20.491] [bmv2] [D] [thread 2208] [15.0] [cxt 0] Table 'tbl_qos199': miss
[20:02:20.491] [bmv2] [D] [thread 2208] [15.0] [cxt 0] Action entry is qos199 - 
[20:02:20.491] [bmv2] [T] [thread 2208] [15.0] [cxt 0] Action qos199
[20:02:20.491] [bmv2] [T] [thread 2208] [15.0] [cxt 0] qos.p4(199) Primitive hdr.ipv4.diffserv = (TARGET_DSCP << 2
[20:02:20.491] [bmv2] [T] [thread 2208] [15.0] [cxt 0] qos.p4(28) Primitive 7; ...
[20:02:20.491] [bmv2] [T] [thread 2208] [15.0] [cxt 0] Applying table 'MyIngress.ipv4_lpm'
[20:02:20.491] [bmv2] [D] [thread 2208] [15.0] [cxt 0] Looking up key:
* hdr.ipv4.dstAddr    : 0a000202

[20:02:20.491] [bmv2] [D] [thread 2208] [15.0] [cxt 0] Table 'MyIngress.ipv4_lpm': hit with handle 0
[20:02:20.491] [bmv2] [D] [thread 2208] [15.0] [cxt 0] Dumping entry 0
Match key:
* hdr.ipv4.dstAddr    : LPM       0a000202/32
Action entry: MyIngress.ipv4_forward - 80000000202,2,

[20:02:20.492] [bmv2] [D] [thread 2208] [15.0] [cxt 0] Action entry is MyIngress.ipv4_forward - 80000000202,2,
[20:02:20.492] [bmv2] [T] [thread 2208] [15.0] [cxt 0] Action MyIngress.ipv4_forward
[20:02:20.492] [bmv2] [T] [thread 2208] [15.0] [cxt 0] qos.p4(175) Primitive standard_metadata.egress_spec = port
[20:02:20.492] [bmv2] [T] [thread 2208] [15.0] [cxt 0] qos.p4(176) Primitive hdr.ethernet.srcAddr = hdr.ethernet.dstAddr
[20:02:20.492] [bmv2] [T] [thread 2208] [15.0] [cxt 0] qos.p4(177) Primitive hdr.ethernet.dstAddr = dstAddr
[20:02:20.492] [bmv2] [T] [thread 2208] [15.0] [cxt 0] qos.p4(178) Primitive hdr.ipv4.ttl = hdr.ipv4.ttl - 1
[20:02:20.492] [bmv2] [D] [thread 2208] [15.0] [cxt 0] Pipeline 'ingress': end
[20:02:20.492] [bmv2] [D] [thread 2208] [15.0] [cxt 0] Egress port is 2
[20:02:20.492] [bmv2] [D] [thread 2211] [15.0] [cxt 0] Pipeline 'egress': start
[20:02:20.492] [bmv2] [D] [thread 2211] [15.0] [cxt 0] Pipeline 'egress': end
[20:02:20.492] [bmv2] [D] [thread 2211] [15.0] [cxt 0] Deparser 'deparser': start
[20:02:20.492] [bmv2] [D] [thread 2211] [15.0] [cxt 0] Updating checksum 'cksum'
[20:02:20.492] [bmv2] [D] [thread 2211] [15.0] [cxt 0] Deparsing header 'ethernet'
[20:02:20.493] [bmv2] [D] [thread 2211] [15.0] [cxt 0] Deparsing header 'vlan'
[20:02:20.493] [bmv2] [D] [thread 2211] [15.0] [cxt 0] Deparsing header 'ipv4'
[20:02:20.493] [bmv2] [D] [thread 2211] [15.0] [cxt 0] Deparsing header 'ipv4_option'
[20:02:20.493] [bmv2] [D] [thread 2211] [15.0] [cxt 0] Deparsing header 'link_qos'
[20:02:20.493] [bmv2] [D] [thread 2211] [15.0] [cxt 0] Deparser 'deparser': end
[20:02:20.493] [bmv2] [D] [thread 2213] [15.0] [cxt 0] Transmitting packet of size 50 out of port 2
[20:02:21.518] [bmv2] [D] [thread 2208] [16.0] [cxt 0] Processing packet received on port 3
[20:02:21.518] [bmv2] [D] [thread 2208] [16.0] [cxt 0] Parser 'parser': start
[20:02:21.518] [bmv2] [D] [thread 2208] [16.0] [cxt 0] Parser 'parser' entering state 'start'
[20:02:21.518] [bmv2] [D] [thread 2208] [16.0] [cxt 0] Extracting header 'ethernet'
[20:02:21.518] [bmv2] [D] [thread 2208] [16.0] [cxt 0] Parser state 'start': key is 8100
[20:02:21.518] [bmv2] [T] [thread 2208] [16.0] [cxt 0] Bytes parsed: 14
[20:02:21.519] [bmv2] [D] [thread 2208] [16.0] [cxt 0] Parser 'parser' entering state 'parse_vlan'
[20:02:21.519] [bmv2] [D] [thread 2208] [16.0] [cxt 0] Extracting header 'vlan'
[20:02:21.519] [bmv2] [D] [thread 2208] [16.0] [cxt 0] Parser state 'parse_vlan': key is 0800
[20:02:21.519] [bmv2] [T] [thread 2208] [16.0] [cxt 0] Bytes parsed: 18
[20:02:21.519] [bmv2] [D] [thread 2208] [16.0] [cxt 0] Parser 'parser' entering state 'parse_ipv4'
[20:02:21.519] [bmv2] [D] [thread 2208] [16.0] [cxt 0] Extracting header 'ipv4'
[20:02:21.519] [bmv2] [D] [thread 2208] [16.0] [cxt 0] Parser set: setting field 'scalars.tmp' from expression, new value is 1
[20:02:21.519] [bmv2] [D] [thread 2208] [16.0] [cxt 0] Parser state 'parse_ipv4': key is 06
[20:02:21.519] [bmv2] [T] [thread 2208] [16.0] [cxt 0] Bytes parsed: 38
[20:02:21.519] [bmv2] [D] [thread 2208] [16.0] [cxt 0] Parser 'parser' entering state 'parse_ipv4_option'
[20:02:21.519] [bmv2] [D] [thread 2208] [16.0] [cxt 0] Extracting header 'ipv4_option'
[20:02:21.519] [bmv2] [D] [thread 2208] [16.0] [cxt 0] Parser state 'parse_ipv4_option': key is 1f
[20:02:21.519] [bmv2] [T] [thread 2208] [16.0] [cxt 0] Bytes parsed: 40
[20:02:21.519] [bmv2] [D] [thread 2208] [16.0] [cxt 0] Parser 'parser' entering state 'parse_link_qos'
[20:02:21.519] [bmv2] [D] [thread 2208] [16.0] [cxt 0] Extracting header 'link_qos'
[20:02:21.519] [bmv2] [D] [thread 2208] [16.0] [cxt 0] Parser state 'parse_link_qos' has no switch, going to default next state
[20:02:21.519] [bmv2] [T] [thread 2208] [16.0] [cxt 0] Bytes parsed: 42
[20:02:21.519] [bmv2] [D] [thread 2208] [16.0] [cxt 0] Parser 'parser': end
[20:02:21.519] [bmv2] [D] [thread 2208] [16.0] [cxt 0] Pipeline 'ingress': start
[20:02:21.519] [bmv2] [T] [thread 2208] [16.0] [cxt 0] qos.p4(197) Condition "hdr.ipv4.isValid()" (node_2) is true
[20:02:21.520] [bmv2] [T] [thread 2208] [16.0] [cxt 0] qos.p4(198) Condition "hdr.link_qos.link_qos == TARGET_LINK_QOS" (node_3) is true
[20:02:21.520] [bmv2] [T] [thread 2208] [16.0] [cxt 0] Applying table 'tbl_qos199'
[20:02:21.520] [bmv2] [D] [thread 2208] [16.0] [cxt 0] Looking up key:

[20:02:21.520] [bmv2] [D] [thread 2208] [16.0] [cxt 0] Table 'tbl_qos199': miss
[20:02:21.520] [bmv2] [D] [thread 2208] [16.0] [cxt 0] Action entry is qos199 - 
[20:02:21.520] [bmv2] [T] [thread 2208] [16.0] [cxt 0] Action qos199
[20:02:21.520] [bmv2] [T] [thread 2208] [16.0] [cxt 0] qos.p4(199) Primitive hdr.ipv4.diffserv = (TARGET_DSCP << 2
[20:02:21.520] [bmv2] [T] [thread 2208] [16.0] [cxt 0] qos.p4(28) Primitive 7; ...
[20:02:21.520] [bmv2] [T] [thread 2208] [16.0] [cxt 0] Applying table 'MyIngress.ipv4_lpm'
[20:02:21.520] [bmv2] [D] [thread 2208] [16.0] [cxt 0] Looking up key:
* hdr.ipv4.dstAddr    : 0a000202

[20:02:21.520] [bmv2] [D] [thread 2208] [16.0] [cxt 0] Table 'MyIngress.ipv4_lpm': hit with handle 0
[20:02:21.521] [bmv2] [D] [thread 2208] [16.0] [cxt 0] Dumping entry 0
Match key:
* hdr.ipv4.dstAddr    : LPM       0a000202/32
Action entry: MyIngress.ipv4_forward - 80000000202,2,

[20:02:21.521] [bmv2] [D] [thread 2208] [16.0] [cxt 0] Action entry is MyIngress.ipv4_forward - 80000000202,2,
[20:02:21.521] [bmv2] [T] [thread 2208] [16.0] [cxt 0] Action MyIngress.ipv4_forward
[20:02:21.521] [bmv2] [T] [thread 2208] [16.0] [cxt 0] qos.p4(175) Primitive standard_metadata.egress_spec = port
[20:02:21.521] [bmv2] [T] [thread 2208] [16.0] [cxt 0] qos.p4(176) Primitive hdr.ethernet.srcAddr = hdr.ethernet.dstAddr
[20:02:21.521] [bmv2] [T] [thread 2208] [16.0] [cxt 0] qos.p4(177) Primitive hdr.ethernet.dstAddr = dstAddr
[20:02:21.521] [bmv2] [T] [thread 2208] [16.0] [cxt 0] qos.p4(178) Primitive hdr.ipv4.ttl = hdr.ipv4.ttl - 1
[20:02:21.521] [bmv2] [D] [thread 2208] [16.0] [cxt 0] Pipeline 'ingress': end
[20:02:21.521] [bmv2] [D] [thread 2208] [16.0] [cxt 0] Egress port is 2
[20:02:21.521] [bmv2] [D] [thread 2211] [16.0] [cxt 0] Pipeline 'egress': start
[20:02:21.522] [bmv2] [D] [thread 2211] [16.0] [cxt 0] Pipeline 'egress': end
[20:02:21.522] [bmv2] [D] [thread 2211] [16.0] [cxt 0] Deparser 'deparser': start
[20:02:21.523] [bmv2] [D] [thread 2211] [16.0] [cxt 0] Updating checksum 'cksum'
[20:02:21.523] [bmv2] [D] [thread 2211] [16.0] [cxt 0] Deparsing header 'ethernet'
[20:02:21.523] [bmv2] [D] [thread 2211] [16.0] [cxt 0] Deparsing header 'vlan'
[20:02:21.523] [bmv2] [D] [thread 2211] [16.0] [cxt 0] Deparsing header 'ipv4'
[20:02:21.523] [bmv2] [D] [thread 2211] [16.0] [cxt 0] Deparsing header 'ipv4_option'
[20:02:21.523] [bmv2] [D] [thread 2211] [16.0] [cxt 0] Deparsing header 'link_qos'
[20:02:21.523] [bmv2] [D] [thread 2211] [16.0] [cxt 0] Deparser 'deparser': end
[20:02:21.523] [bmv2] [D] [thread 2213] [16.0] [cxt 0] Transmitting packet of size 50 out of port 2
[20:02:22.540] [bmv2] [D] [thread 2208] [17.0] [cxt 0] Processing packet received on port 3
[20:02:22.540] [bmv2] [D] [thread 2208] [17.0] [cxt 0] Parser 'parser': start
[20:02:22.540] [bmv2] [D] [thread 2208] [17.0] [cxt 0] Parser 'parser' entering state 'start'
[20:02:22.540] [bmv2] [D] [thread 2208] [17.0] [cxt 0] Extracting header 'ethernet'
[20:02:22.541] [bmv2] [D] [thread 2208] [17.0] [cxt 0] Parser state 'start': key is 8100
[20:02:22.541] [bmv2] [T] [thread 2208] [17.0] [cxt 0] Bytes parsed: 14
[20:02:22.541] [bmv2] [D] [thread 2208] [17.0] [cxt 0] Parser 'parser' entering state 'parse_vlan'
[20:02:22.541] [bmv2] [D] [thread 2208] [17.0] [cxt 0] Extracting header 'vlan'
[20:02:22.541] [bmv2] [D] [thread 2208] [17.0] [cxt 0] Parser state 'parse_vlan': key is 0800
[20:02:22.541] [bmv2] [T] [thread 2208] [17.0] [cxt 0] Bytes parsed: 18
[20:02:22.541] [bmv2] [D] [thread 2208] [17.0] [cxt 0] Parser 'parser' entering state 'parse_ipv4'
[20:02:22.541] [bmv2] [D] [thread 2208] [17.0] [cxt 0] Extracting header 'ipv4'
[20:02:22.541] [bmv2] [D] [thread 2208] [17.0] [cxt 0] Parser set: setting field 'scalars.tmp' from expression, new value is 1
[20:02:22.541] [bmv2] [D] [thread 2208] [17.0] [cxt 0] Parser state 'parse_ipv4': key is 06
[20:02:22.541] [bmv2] [T] [thread 2208] [17.0] [cxt 0] Bytes parsed: 38
[20:02:22.541] [bmv2] [D] [thread 2208] [17.0] [cxt 0] Parser 'parser' entering state 'parse_ipv4_option'
[20:02:22.541] [bmv2] [D] [thread 2208] [17.0] [cxt 0] Extracting header 'ipv4_option'
[20:02:22.541] [bmv2] [D] [thread 2208] [17.0] [cxt 0] Parser state 'parse_ipv4_option': key is 1f
[20:02:22.541] [bmv2] [T] [thread 2208] [17.0] [cxt 0] Bytes parsed: 40
[20:02:22.541] [bmv2] [D] [thread 2208] [17.0] [cxt 0] Parser 'parser' entering state 'parse_link_qos'
[20:02:22.542] [bmv2] [D] [thread 2208] [17.0] [cxt 0] Extracting header 'link_qos'
[20:02:22.542] [bmv2] [D] [thread 2208] [17.0] [cxt 0] Parser state 'parse_link_qos' has no switch, going to default next state
[20:02:22.542] [bmv2] [T] [thread 2208] [17.0] [cxt 0] Bytes parsed: 42
[20:02:22.542] [bmv2] [D] [thread 2208] [17.0] [cxt 0] Parser 'parser': end
[20:02:22.542] [bmv2] [D] [thread 2208] [17.0] [cxt 0] Pipeline 'ingress': start
[20:02:22.542] [bmv2] [T] [thread 2208] [17.0] [cxt 0] qos.p4(197) Condition "hdr.ipv4.isValid()" (node_2) is true
[20:02:22.542] [bmv2] [T] [thread 2208] [17.0] [cxt 0] qos.p4(198) Condition "hdr.link_qos.link_qos == TARGET_LINK_QOS" (node_3) is true
[20:02:22.542] [bmv2] [T] [thread 2208] [17.0] [cxt 0] Applying table 'tbl_qos199'
[20:02:22.542] [bmv2] [D] [thread 2208] [17.0] [cxt 0] Looking up key:

[20:02:22.542] [bmv2] [D] [thread 2208] [17.0] [cxt 0] Table 'tbl_qos199': miss
[20:02:22.542] [bmv2] [D] [thread 2208] [17.0] [cxt 0] Action entry is qos199 - 
[20:02:22.542] [bmv2] [T] [thread 2208] [17.0] [cxt 0] Action qos199
[20:02:22.542] [bmv2] [T] [thread 2208] [17.0] [cxt 0] qos.p4(199) Primitive hdr.ipv4.diffserv = (TARGET_DSCP << 2
[20:02:22.542] [bmv2] [T] [thread 2208] [17.0] [cxt 0] qos.p4(28) Primitive 7; ...
[20:02:22.543] [bmv2] [T] [thread 2208] [17.0] [cxt 0] Applying table 'MyIngress.ipv4_lpm'
[20:02:22.543] [bmv2] [D] [thread 2208] [17.0] [cxt 0] Looking up key:
* hdr.ipv4.dstAddr    : 0a000202

[20:02:22.543] [bmv2] [D] [thread 2208] [17.0] [cxt 0] Table 'MyIngress.ipv4_lpm': hit with handle 0
[20:02:22.543] [bmv2] [D] [thread 2208] [17.0] [cxt 0] Dumping entry 0
Match key:
* hdr.ipv4.dstAddr    : LPM       0a000202/32
Action entry: MyIngress.ipv4_forward - 80000000202,2,

[20:02:22.543] [bmv2] [D] [thread 2208] [17.0] [cxt 0] Action entry is MyIngress.ipv4_forward - 80000000202,2,
[20:02:22.543] [bmv2] [T] [thread 2208] [17.0] [cxt 0] Action MyIngress.ipv4_forward
[20:02:22.543] [bmv2] [T] [thread 2208] [17.0] [cxt 0] qos.p4(175) Primitive standard_metadata.egress_spec = port
[20:02:22.543] [bmv2] [T] [thread 2208] [17.0] [cxt 0] qos.p4(176) Primitive hdr.ethernet.srcAddr = hdr.ethernet.dstAddr
[20:02:22.543] [bmv2] [T] [thread 2208] [17.0] [cxt 0] qos.p4(177) Primitive hdr.ethernet.dstAddr = dstAddr
[20:02:22.543] [bmv2] [T] [thread 2208] [17.0] [cxt 0] qos.p4(178) Primitive hdr.ipv4.ttl = hdr.ipv4.ttl - 1
[20:02:22.543] [bmv2] [D] [thread 2208] [17.0] [cxt 0] Pipeline 'ingress': end
[20:02:22.543] [bmv2] [D] [thread 2208] [17.0] [cxt 0] Egress port is 2
[20:02:22.544] [bmv2] [D] [thread 2211] [17.0] [cxt 0] Pipeline 'egress': start
[20:02:22.545] [bmv2] [D] [thread 2211] [17.0] [cxt 0] Pipeline 'egress': end
[20:02:22.545] [bmv2] [D] [thread 2211] [17.0] [cxt 0] Deparser 'deparser': start
[20:02:22.545] [bmv2] [D] [thread 2211] [17.0] [cxt 0] Updating checksum 'cksum'
[20:02:22.545] [bmv2] [D] [thread 2211] [17.0] [cxt 0] Deparsing header 'ethernet'
[20:02:22.545] [bmv2] [D] [thread 2211] [17.0] [cxt 0] Deparsing header 'vlan'
[20:02:22.545] [bmv2] [D] [thread 2211] [17.0] [cxt 0] Deparsing header 'ipv4'
[20:02:22.545] [bmv2] [D] [thread 2211] [17.0] [cxt 0] Deparsing header 'ipv4_option'
[20:02:22.545] [bmv2] [D] [thread 2211] [17.0] [cxt 0] Deparsing header 'link_qos'
[20:02:22.545] [bmv2] [D] [thread 2211] [17.0] [cxt 0] Deparser 'deparser': end
[20:02:22.545] [bmv2] [D] [thread 2213] [17.0] [cxt 0] Transmitting packet of size 50 out of port 2
[20:02:23.569] [bmv2] [D] [thread 2208] [18.0] [cxt 0] Processing packet received on port 3
[20:02:23.569] [bmv2] [D] [thread 2208] [18.0] [cxt 0] Parser 'parser': start
[20:02:23.569] [bmv2] [D] [thread 2208] [18.0] [cxt 0] Parser 'parser' entering state 'start'
[20:02:23.570] [bmv2] [D] [thread 2208] [18.0] [cxt 0] Extracting header 'ethernet'
[20:02:23.570] [bmv2] [D] [thread 2208] [18.0] [cxt 0] Parser state 'start': key is 8100
[20:02:23.570] [bmv2] [T] [thread 2208] [18.0] [cxt 0] Bytes parsed: 14
[20:02:23.570] [bmv2] [D] [thread 2208] [18.0] [cxt 0] Parser 'parser' entering state 'parse_vlan'
[20:02:23.570] [bmv2] [D] [thread 2208] [18.0] [cxt 0] Extracting header 'vlan'
[20:02:23.570] [bmv2] [D] [thread 2208] [18.0] [cxt 0] Parser state 'parse_vlan': key is 0800
[20:02:23.571] [bmv2] [T] [thread 2208] [18.0] [cxt 0] Bytes parsed: 18
[20:02:23.571] [bmv2] [D] [thread 2208] [18.0] [cxt 0] Parser 'parser' entering state 'parse_ipv4'
[20:02:23.571] [bmv2] [D] [thread 2208] [18.0] [cxt 0] Extracting header 'ipv4'
[20:02:23.571] [bmv2] [D] [thread 2208] [18.0] [cxt 0] Parser set: setting field 'scalars.tmp' from expression, new value is 1
[20:02:23.571] [bmv2] [D] [thread 2208] [18.0] [cxt 0] Parser state 'parse_ipv4': key is 06
[20:02:23.571] [bmv2] [T] [thread 2208] [18.0] [cxt 0] Bytes parsed: 38
[20:02:23.571] [bmv2] [D] [thread 2208] [18.0] [cxt 0] Parser 'parser' entering state 'parse_ipv4_option'
[20:02:23.571] [bmv2] [D] [thread 2208] [18.0] [cxt 0] Extracting header 'ipv4_option'
[20:02:23.571] [bmv2] [D] [thread 2208] [18.0] [cxt 0] Parser state 'parse_ipv4_option': key is 1f
[20:02:23.571] [bmv2] [T] [thread 2208] [18.0] [cxt 0] Bytes parsed: 40
[20:02:23.571] [bmv2] [D] [thread 2208] [18.0] [cxt 0] Parser 'parser' entering state 'parse_link_qos'
[20:02:23.571] [bmv2] [D] [thread 2208] [18.0] [cxt 0] Extracting header 'link_qos'
[20:02:23.571] [bmv2] [D] [thread 2208] [18.0] [cxt 0] Parser state 'parse_link_qos' has no switch, going to default next state
[20:02:23.571] [bmv2] [T] [thread 2208] [18.0] [cxt 0] Bytes parsed: 42
[20:02:23.572] [bmv2] [D] [thread 2208] [18.0] [cxt 0] Parser 'parser': end
[20:02:23.572] [bmv2] [D] [thread 2208] [18.0] [cxt 0] Pipeline 'ingress': start
[20:02:23.572] [bmv2] [T] [thread 2208] [18.0] [cxt 0] qos.p4(197) Condition "hdr.ipv4.isValid()" (node_2) is true
[20:02:23.572] [bmv2] [T] [thread 2208] [18.0] [cxt 0] qos.p4(198) Condition "hdr.link_qos.link_qos == TARGET_LINK_QOS" (node_3) is true
[20:02:23.572] [bmv2] [T] [thread 2208] [18.0] [cxt 0] Applying table 'tbl_qos199'
[20:02:23.572] [bmv2] [D] [thread 2208] [18.0] [cxt 0] Looking up key:

[20:02:23.572] [bmv2] [D] [thread 2208] [18.0] [cxt 0] Table 'tbl_qos199': miss
[20:02:23.573] [bmv2] [D] [thread 2208] [18.0] [cxt 0] Action entry is qos199 - 
[20:02:23.573] [bmv2] [T] [thread 2208] [18.0] [cxt 0] Action qos199
[20:02:23.573] [bmv2] [T] [thread 2208] [18.0] [cxt 0] qos.p4(199) Primitive hdr.ipv4.diffserv = (TARGET_DSCP << 2
[20:02:23.573] [bmv2] [T] [thread 2208] [18.0] [cxt 0] qos.p4(28) Primitive 7; ...
[20:02:23.573] [bmv2] [T] [thread 2208] [18.0] [cxt 0] Applying table 'MyIngress.ipv4_lpm'
[20:02:23.573] [bmv2] [D] [thread 2208] [18.0] [cxt 0] Looking up key:
* hdr.ipv4.dstAddr    : 0a000202

[20:02:23.573] [bmv2] [D] [thread 2208] [18.0] [cxt 0] Table 'MyIngress.ipv4_lpm': hit with handle 0
[20:02:23.573] [bmv2] [D] [thread 2208] [18.0] [cxt 0] Dumping entry 0
Match key:
* hdr.ipv4.dstAddr    : LPM       0a000202/32
Action entry: MyIngress.ipv4_forward - 80000000202,2,

[20:02:23.574] [bmv2] [D] [thread 2208] [18.0] [cxt 0] Action entry is MyIngress.ipv4_forward - 80000000202,2,
[20:02:23.574] [bmv2] [T] [thread 2208] [18.0] [cxt 0] Action MyIngress.ipv4_forward
[20:02:23.574] [bmv2] [T] [thread 2208] [18.0] [cxt 0] qos.p4(175) Primitive standard_metadata.egress_spec = port
[20:02:23.574] [bmv2] [T] [thread 2208] [18.0] [cxt 0] qos.p4(176) Primitive hdr.ethernet.srcAddr = hdr.ethernet.dstAddr
[20:02:23.574] [bmv2] [T] [thread 2208] [18.0] [cxt 0] qos.p4(177) Primitive hdr.ethernet.dstAddr = dstAddr
[20:02:23.574] [bmv2] [T] [thread 2208] [18.0] [cxt 0] qos.p4(178) Primitive hdr.ipv4.ttl = hdr.ipv4.ttl - 1
[20:02:23.574] [bmv2] [D] [thread 2208] [18.0] [cxt 0] Pipeline 'ingress': end
[20:02:23.574] [bmv2] [D] [thread 2208] [18.0] [cxt 0] Egress port is 2
[20:02:23.574] [bmv2] [D] [thread 2211] [18.0] [cxt 0] Pipeline 'egress': start
[20:02:23.574] [bmv2] [D] [thread 2211] [18.0] [cxt 0] Pipeline 'egress': end
[20:02:23.574] [bmv2] [D] [thread 2211] [18.0] [cxt 0] Deparser 'deparser': start
[20:02:23.574] [bmv2] [D] [thread 2211] [18.0] [cxt 0] Updating checksum 'cksum'
[20:02:23.575] [bmv2] [D] [thread 2211] [18.0] [cxt 0] Deparsing header 'ethernet'
[20:02:23.575] [bmv2] [D] [thread 2211] [18.0] [cxt 0] Deparsing header 'vlan'
[20:02:23.575] [bmv2] [D] [thread 2211] [18.0] [cxt 0] Deparsing header 'ipv4'
[20:02:23.575] [bmv2] [D] [thread 2211] [18.0] [cxt 0] Deparsing header 'ipv4_option'
[20:02:23.575] [bmv2] [D] [thread 2211] [18.0] [cxt 0] Deparsing header 'link_qos'
[20:02:23.575] [bmv2] [D] [thread 2211] [18.0] [cxt 0] Deparser 'deparser': end
[20:02:23.575] [bmv2] [D] [thread 2213] [18.0] [cxt 0] Transmitting packet of size 50 out of port 2
[20:02:24.603] [bmv2] [D] [thread 2208] [19.0] [cxt 0] Processing packet received on port 3
[20:02:24.603] [bmv2] [D] [thread 2208] [19.0] [cxt 0] Parser 'parser': start
[20:02:24.603] [bmv2] [D] [thread 2208] [19.0] [cxt 0] Parser 'parser' entering state 'start'
[20:02:24.603] [bmv2] [D] [thread 2208] [19.0] [cxt 0] Extracting header 'ethernet'
[20:02:24.603] [bmv2] [D] [thread 2208] [19.0] [cxt 0] Parser state 'start': key is 8100
[20:02:24.604] [bmv2] [T] [thread 2208] [19.0] [cxt 0] Bytes parsed: 14
[20:02:24.604] [bmv2] [D] [thread 2208] [19.0] [cxt 0] Parser 'parser' entering state 'parse_vlan'
[20:02:24.604] [bmv2] [D] [thread 2208] [19.0] [cxt 0] Extracting header 'vlan'
[20:02:24.604] [bmv2] [D] [thread 2208] [19.0] [cxt 0] Parser state 'parse_vlan': key is 0800
[20:02:24.604] [bmv2] [T] [thread 2208] [19.0] [cxt 0] Bytes parsed: 18
[20:02:24.604] [bmv2] [D] [thread 2208] [19.0] [cxt 0] Parser 'parser' entering state 'parse_ipv4'
[20:02:24.604] [bmv2] [D] [thread 2208] [19.0] [cxt 0] Extracting header 'ipv4'
[20:02:24.604] [bmv2] [D] [thread 2208] [19.0] [cxt 0] Parser set: setting field 'scalars.tmp' from expression, new value is 1
[20:02:24.604] [bmv2] [D] [thread 2208] [19.0] [cxt 0] Parser state 'parse_ipv4': key is 06
[20:02:24.604] [bmv2] [T] [thread 2208] [19.0] [cxt 0] Bytes parsed: 38
[20:02:24.604] [bmv2] [D] [thread 2208] [19.0] [cxt 0] Parser 'parser' entering state 'parse_ipv4_option'
[20:02:24.604] [bmv2] [D] [thread 2208] [19.0] [cxt 0] Extracting header 'ipv4_option'
[20:02:24.604] [bmv2] [D] [thread 2208] [19.0] [cxt 0] Parser state 'parse_ipv4_option': key is 1f
[20:02:24.604] [bmv2] [T] [thread 2208] [19.0] [cxt 0] Bytes parsed: 40
[20:02:24.604] [bmv2] [D] [thread 2208] [19.0] [cxt 0] Parser 'parser' entering state 'parse_link_qos'
[20:02:24.604] [bmv2] [D] [thread 2208] [19.0] [cxt 0] Extracting header 'link_qos'
[20:02:24.604] [bmv2] [D] [thread 2208] [19.0] [cxt 0] Parser state 'parse_link_qos' has no switch, going to default next state
[20:02:24.604] [bmv2] [T] [thread 2208] [19.0] [cxt 0] Bytes parsed: 42
[20:02:24.604] [bmv2] [D] [thread 2208] [19.0] [cxt 0] Parser 'parser': end
[20:02:24.605] [bmv2] [D] [thread 2208] [19.0] [cxt 0] Pipeline 'ingress': start
[20:02:24.605] [bmv2] [T] [thread 2208] [19.0] [cxt 0] qos.p4(197) Condition "hdr.ipv4.isValid()" (node_2) is true
[20:02:24.605] [bmv2] [T] [thread 2208] [19.0] [cxt 0] qos.p4(198) Condition "hdr.link_qos.link_qos == TARGET_LINK_QOS" (node_3) is true
[20:02:24.605] [bmv2] [T] [thread 2208] [19.0] [cxt 0] Applying table 'tbl_qos199'
[20:02:24.605] [bmv2] [D] [thread 2208] [19.0] [cxt 0] Looking up key:

[20:02:24.605] [bmv2] [D] [thread 2208] [19.0] [cxt 0] Table 'tbl_qos199': miss
[20:02:24.605] [bmv2] [D] [thread 2208] [19.0] [cxt 0] Action entry is qos199 - 
[20:02:24.605] [bmv2] [T] [thread 2208] [19.0] [cxt 0] Action qos199
[20:02:24.605] [bmv2] [T] [thread 2208] [19.0] [cxt 0] qos.p4(199) Primitive hdr.ipv4.diffserv = (TARGET_DSCP << 2
[20:02:24.605] [bmv2] [T] [thread 2208] [19.0] [cxt 0] qos.p4(28) Primitive 7; ...
[20:02:24.605] [bmv2] [T] [thread 2208] [19.0] [cxt 0] Applying table 'MyIngress.ipv4_lpm'
[20:02:24.605] [bmv2] [D] [thread 2208] [19.0] [cxt 0] Looking up key:
* hdr.ipv4.dstAddr    : 0a000202

[20:02:24.605] [bmv2] [D] [thread 2208] [19.0] [cxt 0] Table 'MyIngress.ipv4_lpm': hit with handle 0
[20:02:24.605] [bmv2] [D] [thread 2208] [19.0] [cxt 0] Dumping entry 0
Match key:
* hdr.ipv4.dstAddr    : LPM       0a000202/32
Action entry: MyIngress.ipv4_forward - 80000000202,2,

[20:02:24.605] [bmv2] [D] [thread 2208] [19.0] [cxt 0] Action entry is MyIngress.ipv4_forward - 80000000202,2,
[20:02:24.606] [bmv2] [T] [thread 2208] [19.0] [cxt 0] Action MyIngress.ipv4_forward
[20:02:24.606] [bmv2] [T] [thread 2208] [19.0] [cxt 0] qos.p4(175) Primitive standard_metadata.egress_spec = port
[20:02:24.606] [bmv2] [T] [thread 2208] [19.0] [cxt 0] qos.p4(176) Primitive hdr.ethernet.srcAddr = hdr.ethernet.dstAddr
[20:02:24.606] [bmv2] [T] [thread 2208] [19.0] [cxt 0] qos.p4(177) Primitive hdr.ethernet.dstAddr = dstAddr
[20:02:24.606] [bmv2] [T] [thread 2208] [19.0] [cxt 0] qos.p4(178) Primitive hdr.ipv4.ttl = hdr.ipv4.ttl - 1
[20:02:24.606] [bmv2] [D] [thread 2208] [19.0] [cxt 0] Pipeline 'ingress': end
[20:02:24.606] [bmv2] [D] [thread 2208] [19.0] [cxt 0] Egress port is 2
[20:02:24.611] [bmv2] [D] [thread 2211] [19.0] [cxt 0] Pipeline 'egress': start
[20:02:24.611] [bmv2] [D] [thread 2211] [19.0] [cxt 0] Pipeline 'egress': end
[20:02:24.611] [bmv2] [D] [thread 2211] [19.0] [cxt 0] Deparser 'deparser': start
[20:02:24.611] [bmv2] [D] [thread 2211] [19.0] [cxt 0] Updating checksum 'cksum'
[20:02:24.611] [bmv2] [D] [thread 2211] [19.0] [cxt 0] Deparsing header 'ethernet'
[20:02:24.611] [bmv2] [D] [thread 2211] [19.0] [cxt 0] Deparsing header 'vlan'
[20:02:24.611] [bmv2] [D] [thread 2211] [19.0] [cxt 0] Deparsing header 'ipv4'
[20:02:24.611] [bmv2] [D] [thread 2211] [19.0] [cxt 0] Deparsing header 'ipv4_option'
[20:02:24.611] [bmv2] [D] [thread 2211] [19.0] [cxt 0] Deparsing header 'link_qos'
[20:02:24.611] [bmv2] [D] [thread 2211] [19.0] [cxt 0] Deparser 'deparser': end
[20:02:24.611] [bmv2] [D] [thread 2213] [19.0] [cxt 0] Transmitting packet of size 50 out of port 2
[20:02:25.435] [bmv2] [D] [thread 2208] [20.0] [cxt 0] Processing packet received on port 4
[20:02:25.435] [bmv2] [D] [thread 2208] [20.0] [cxt 0] Parser 'parser': start
[20:02:25.435] [bmv2] [D] [thread 2208] [20.0] [cxt 0] Parser 'parser' entering state 'start'
[20:02:25.435] [bmv2] [D] [thread 2208] [20.0] [cxt 0] Extracting header 'ethernet'
[20:02:25.435] [bmv2] [D] [thread 2208] [20.0] [cxt 0] Parser state 'start': key is 86dd
[20:02:25.435] [bmv2] [T] [thread 2208] [20.0] [cxt 0] Bytes parsed: 14
[20:02:25.436] [bmv2] [D] [thread 2208] [20.0] [cxt 0] Parser 'parser': end
[20:02:25.436] [bmv2] [D] [thread 2208] [20.0] [cxt 0] Pipeline 'ingress': start
[20:02:25.436] [bmv2] [T] [thread 2208] [20.0] [cxt 0] qos.p4(197) Condition "hdr.ipv4.isValid()" (node_2) is false
[20:02:25.436] [bmv2] [D] [thread 2208] [20.0] [cxt 0] Pipeline 'ingress': end
[20:02:25.436] [bmv2] [D] [thread 2208] [20.0] [cxt 0] Egress port is 0
[20:02:25.438] [bmv2] [D] [thread 2209] [20.0] [cxt 0] Pipeline 'egress': start
[20:02:25.438] [bmv2] [D] [thread 2209] [20.0] [cxt 0] Pipeline 'egress': end
[20:02:25.438] [bmv2] [D] [thread 2209] [20.0] [cxt 0] Deparser 'deparser': start
[20:02:25.438] [bmv2] [T] [thread 2209] [20.0] [cxt 0] Skipping checksum 'cksum' update because condition not met
[20:02:25.438] [bmv2] [D] [thread 2209] [20.0] [cxt 0] Deparsing header 'ethernet'
[20:02:25.438] [bmv2] [D] [thread 2209] [20.0] [cxt 0] Deparser 'deparser': end
[20:02:25.439] [bmv2] [D] [thread 2213] [20.0] [cxt 0] Transmitting packet of size 70 out of port 0
[20:02:25.625] [bmv2] [D] [thread 2208] [21.0] [cxt 0] Processing packet received on port 3
[20:02:25.625] [bmv2] [D] [thread 2208] [21.0] [cxt 0] Parser 'parser': start
[20:02:25.625] [bmv2] [D] [thread 2208] [21.0] [cxt 0] Parser 'parser' entering state 'start'
[20:02:25.625] [bmv2] [D] [thread 2208] [21.0] [cxt 0] Extracting header 'ethernet'
[20:02:25.626] [bmv2] [D] [thread 2208] [21.0] [cxt 0] Parser state 'start': key is 8100
[20:02:25.626] [bmv2] [T] [thread 2208] [21.0] [cxt 0] Bytes parsed: 14
[20:02:25.626] [bmv2] [D] [thread 2208] [21.0] [cxt 0] Parser 'parser' entering state 'parse_vlan'
[20:02:25.626] [bmv2] [D] [thread 2208] [21.0] [cxt 0] Extracting header 'vlan'
[20:02:25.626] [bmv2] [D] [thread 2208] [21.0] [cxt 0] Parser state 'parse_vlan': key is 0800
[20:02:25.626] [bmv2] [T] [thread 2208] [21.0] [cxt 0] Bytes parsed: 18
[20:02:25.626] [bmv2] [D] [thread 2208] [21.0] [cxt 0] Parser 'parser' entering state 'parse_ipv4'
[20:02:25.626] [bmv2] [D] [thread 2208] [21.0] [cxt 0] Extracting header 'ipv4'
[20:02:25.627] [bmv2] [D] [thread 2208] [21.0] [cxt 0] Parser set: setting field 'scalars.tmp' from expression, new value is 1
[20:02:25.627] [bmv2] [D] [thread 2208] [21.0] [cxt 0] Parser state 'parse_ipv4': key is 06
[20:02:25.627] [bmv2] [T] [thread 2208] [21.0] [cxt 0] Bytes parsed: 38
[20:02:25.627] [bmv2] [D] [thread 2208] [21.0] [cxt 0] Parser 'parser' entering state 'parse_ipv4_option'
[20:02:25.627] [bmv2] [D] [thread 2208] [21.0] [cxt 0] Extracting header 'ipv4_option'
[20:02:25.627] [bmv2] [D] [thread 2208] [21.0] [cxt 0] Parser state 'parse_ipv4_option': key is 1f
[20:02:25.627] [bmv2] [T] [thread 2208] [21.0] [cxt 0] Bytes parsed: 40
[20:02:25.627] [bmv2] [D] [thread 2208] [21.0] [cxt 0] Parser 'parser' entering state 'parse_link_qos'
[20:02:25.627] [bmv2] [D] [thread 2208] [21.0] [cxt 0] Extracting header 'link_qos'
[20:02:25.627] [bmv2] [D] [thread 2208] [21.0] [cxt 0] Parser state 'parse_link_qos' has no switch, going to default next state
[20:02:25.627] [bmv2] [T] [thread 2208] [21.0] [cxt 0] Bytes parsed: 42
[20:02:25.628] [bmv2] [D] [thread 2208] [21.0] [cxt 0] Parser 'parser': end
[20:02:25.628] [bmv2] [D] [thread 2208] [21.0] [cxt 0] Pipeline 'ingress': start
[20:02:25.628] [bmv2] [T] [thread 2208] [21.0] [cxt 0] qos.p4(197) Condition "hdr.ipv4.isValid()" (node_2) is true
[20:02:25.628] [bmv2] [T] [thread 2208] [21.0] [cxt 0] qos.p4(198) Condition "hdr.link_qos.link_qos == TARGET_LINK_QOS" (node_3) is true
[20:02:25.628] [bmv2] [T] [thread 2208] [21.0] [cxt 0] Applying table 'tbl_qos199'
[20:02:25.628] [bmv2] [D] [thread 2208] [21.0] [cxt 0] Looking up key:

[20:02:25.628] [bmv2] [D] [thread 2208] [21.0] [cxt 0] Table 'tbl_qos199': miss
[20:02:25.628] [bmv2] [D] [thread 2208] [21.0] [cxt 0] Action entry is qos199 - 
[20:02:25.629] [bmv2] [T] [thread 2208] [21.0] [cxt 0] Action qos199
[20:02:25.629] [bmv2] [T] [thread 2208] [21.0] [cxt 0] qos.p4(199) Primitive hdr.ipv4.diffserv = (TARGET_DSCP << 2
[20:02:25.629] [bmv2] [T] [thread 2208] [21.0] [cxt 0] qos.p4(28) Primitive 7; ...
[20:02:25.629] [bmv2] [T] [thread 2208] [21.0] [cxt 0] Applying table 'MyIngress.ipv4_lpm'
[20:02:25.629] [bmv2] [D] [thread 2208] [21.0] [cxt 0] Looking up key:
* hdr.ipv4.dstAddr    : 0a000202

[20:02:25.629] [bmv2] [D] [thread 2208] [21.0] [cxt 0] Table 'MyIngress.ipv4_lpm': hit with handle 0
[20:02:25.629] [bmv2] [D] [thread 2208] [21.0] [cxt 0] Dumping entry 0
Match key:
* hdr.ipv4.dstAddr    : LPM       0a000202/32
Action entry: MyIngress.ipv4_forward - 80000000202,2,

[20:02:25.629] [bmv2] [D] [thread 2208] [21.0] [cxt 0] Action entry is MyIngress.ipv4_forward - 80000000202,2,
[20:02:25.629] [bmv2] [T] [thread 2208] [21.0] [cxt 0] Action MyIngress.ipv4_forward
[20:02:25.629] [bmv2] [T] [thread 2208] [21.0] [cxt 0] qos.p4(175) Primitive standard_metadata.egress_spec = port
[20:02:25.629] [bmv2] [T] [thread 2208] [21.0] [cxt 0] qos.p4(176) Primitive hdr.ethernet.srcAddr = hdr.ethernet.dstAddr
[20:02:25.630] [bmv2] [T] [thread 2208] [21.0] [cxt 0] qos.p4(177) Primitive hdr.ethernet.dstAddr = dstAddr
[20:02:25.630] [bmv2] [T] [thread 2208] [21.0] [cxt 0] qos.p4(178) Primitive hdr.ipv4.ttl = hdr.ipv4.ttl - 1
[20:02:25.630] [bmv2] [D] [thread 2208] [21.0] [cxt 0] Pipeline 'ingress': end
[20:02:25.630] [bmv2] [D] [thread 2208] [21.0] [cxt 0] Egress port is 2
[20:02:25.630] [bmv2] [D] [thread 2211] [21.0] [cxt 0] Pipeline 'egress': start
[20:02:25.630] [bmv2] [D] [thread 2211] [21.0] [cxt 0] Pipeline 'egress': end
[20:02:25.630] [bmv2] [D] [thread 2211] [21.0] [cxt 0] Deparser 'deparser': start
[20:02:25.630] [bmv2] [D] [thread 2211] [21.0] [cxt 0] Updating checksum 'cksum'
[20:02:25.630] [bmv2] [D] [thread 2211] [21.0] [cxt 0] Deparsing header 'ethernet'
[20:02:25.630] [bmv2] [D] [thread 2211] [21.0] [cxt 0] Deparsing header 'vlan'
[20:02:25.630] [bmv2] [D] [thread 2211] [21.0] [cxt 0] Deparsing header 'ipv4'
[20:02:25.631] [bmv2] [D] [thread 2211] [21.0] [cxt 0] Deparsing header 'ipv4_option'
[20:02:25.631] [bmv2] [D] [thread 2211] [21.0] [cxt 0] Deparsing header 'link_qos'
[20:02:25.631] [bmv2] [D] [thread 2211] [21.0] [cxt 0] Deparser 'deparser': end
[20:02:25.631] [bmv2] [D] [thread 2213] [21.0] [cxt 0] Transmitting packet of size 50 out of port 2
[20:02:25.683] [bmv2] [D] [thread 2208] [22.0] [cxt 0] Processing packet received on port 2
[20:02:25.683] [bmv2] [D] [thread 2208] [22.0] [cxt 0] Parser 'parser': start
[20:02:25.683] [bmv2] [D] [thread 2208] [22.0] [cxt 0] Parser 'parser' entering state 'start'
[20:02:25.683] [bmv2] [D] [thread 2208] [22.0] [cxt 0] Extracting header 'ethernet'
[20:02:25.684] [bmv2] [D] [thread 2208] [22.0] [cxt 0] Parser state 'start': key is 86dd
[20:02:25.684] [bmv2] [T] [thread 2208] [22.0] [cxt 0] Bytes parsed: 14
[20:02:25.684] [bmv2] [D] [thread 2208] [22.0] [cxt 0] Parser 'parser': end
[20:02:25.685] [bmv2] [D] [thread 2208] [22.0] [cxt 0] Pipeline 'ingress': start
[20:02:25.685] [bmv2] [T] [thread 2208] [22.0] [cxt 0] qos.p4(197) Condition "hdr.ipv4.isValid()" (node_2) is false
[20:02:25.685] [bmv2] [D] [thread 2208] [22.0] [cxt 0] Pipeline 'ingress': end
[20:02:25.685] [bmv2] [D] [thread 2208] [22.0] [cxt 0] Egress port is 0
[20:02:25.685] [bmv2] [D] [thread 2209] [22.0] [cxt 0] Pipeline 'egress': start
[20:02:25.685] [bmv2] [D] [thread 2209] [22.0] [cxt 0] Pipeline 'egress': end
[20:02:25.685] [bmv2] [D] [thread 2209] [22.0] [cxt 0] Deparser 'deparser': start
[20:02:25.685] [bmv2] [T] [thread 2209] [22.0] [cxt 0] Skipping checksum 'cksum' update because condition not met
[20:02:25.685] [bmv2] [D] [thread 2209] [22.0] [cxt 0] Deparsing header 'ethernet'
[20:02:25.685] [bmv2] [D] [thread 2209] [22.0] [cxt 0] Deparser 'deparser': end
[20:02:25.686] [bmv2] [D] [thread 2213] [22.0] [cxt 0] Transmitting packet of size 70 out of port 0
[20:02:26.657] [bmv2] [D] [thread 2208] [23.0] [cxt 0] Processing packet received on port 3
[20:02:26.657] [bmv2] [D] [thread 2208] [23.0] [cxt 0] Parser 'parser': start
[20:02:26.657] [bmv2] [D] [thread 2208] [23.0] [cxt 0] Parser 'parser' entering state 'start'
[20:02:26.657] [bmv2] [D] [thread 2208] [23.0] [cxt 0] Extracting header 'ethernet'
[20:02:26.657] [bmv2] [D] [thread 2208] [23.0] [cxt 0] Parser state 'start': key is 8100
[20:02:26.657] [bmv2] [T] [thread 2208] [23.0] [cxt 0] Bytes parsed: 14
[20:02:26.658] [bmv2] [D] [thread 2208] [23.0] [cxt 0] Parser 'parser' entering state 'parse_vlan'
[20:02:26.658] [bmv2] [D] [thread 2208] [23.0] [cxt 0] Extracting header 'vlan'
[20:02:26.658] [bmv2] [D] [thread 2208] [23.0] [cxt 0] Parser state 'parse_vlan': key is 0800
[20:02:26.658] [bmv2] [T] [thread 2208] [23.0] [cxt 0] Bytes parsed: 18
[20:02:26.658] [bmv2] [D] [thread 2208] [23.0] [cxt 0] Parser 'parser' entering state 'parse_ipv4'
[20:02:26.658] [bmv2] [D] [thread 2208] [23.0] [cxt 0] Extracting header 'ipv4'
[20:02:26.658] [bmv2] [D] [thread 2208] [23.0] [cxt 0] Parser set: setting field 'scalars.tmp' from expression, new value is 1
[20:02:26.658] [bmv2] [D] [thread 2208] [23.0] [cxt 0] Parser state 'parse_ipv4': key is 06
[20:02:26.658] [bmv2] [T] [thread 2208] [23.0] [cxt 0] Bytes parsed: 38
[20:02:26.658] [bmv2] [D] [thread 2208] [23.0] [cxt 0] Parser 'parser' entering state 'parse_ipv4_option'
[20:02:26.658] [bmv2] [D] [thread 2208] [23.0] [cxt 0] Extracting header 'ipv4_option'
[20:02:26.658] [bmv2] [D] [thread 2208] [23.0] [cxt 0] Parser state 'parse_ipv4_option': key is 1f
[20:02:26.658] [bmv2] [T] [thread 2208] [23.0] [cxt 0] Bytes parsed: 40
[20:02:26.658] [bmv2] [D] [thread 2208] [23.0] [cxt 0] Parser 'parser' entering state 'parse_link_qos'
[20:02:26.659] [bmv2] [D] [thread 2208] [23.0] [cxt 0] Extracting header 'link_qos'
[20:02:26.659] [bmv2] [D] [thread 2208] [23.0] [cxt 0] Parser state 'parse_link_qos' has no switch, going to default next state
[20:02:26.659] [bmv2] [T] [thread 2208] [23.0] [cxt 0] Bytes parsed: 42
[20:02:26.659] [bmv2] [D] [thread 2208] [23.0] [cxt 0] Parser 'parser': end
[20:02:26.659] [bmv2] [D] [thread 2208] [23.0] [cxt 0] Pipeline 'ingress': start
[20:02:26.659] [bmv2] [T] [thread 2208] [23.0] [cxt 0] qos.p4(197) Condition "hdr.ipv4.isValid()" (node_2) is true
[20:02:26.659] [bmv2] [T] [thread 2208] [23.0] [cxt 0] qos.p4(198) Condition "hdr.link_qos.link_qos == TARGET_LINK_QOS" (node_3) is true
[20:02:26.659] [bmv2] [T] [thread 2208] [23.0] [cxt 0] Applying table 'tbl_qos199'
[20:02:26.659] [bmv2] [D] [thread 2208] [23.0] [cxt 0] Looking up key:

[20:02:26.660] [bmv2] [D] [thread 2208] [23.0] [cxt 0] Table 'tbl_qos199': miss
[20:02:26.660] [bmv2] [D] [thread 2208] [23.0] [cxt 0] Action entry is qos199 - 
[20:02:26.660] [bmv2] [T] [thread 2208] [23.0] [cxt 0] Action qos199
[20:02:26.660] [bmv2] [T] [thread 2208] [23.0] [cxt 0] qos.p4(199) Primitive hdr.ipv4.diffserv = (TARGET_DSCP << 2
[20:02:26.660] [bmv2] [T] [thread 2208] [23.0] [cxt 0] qos.p4(28) Primitive 7; ...
[20:02:26.660] [bmv2] [T] [thread 2208] [23.0] [cxt 0] Applying table 'MyIngress.ipv4_lpm'
[20:02:26.660] [bmv2] [D] [thread 2208] [23.0] [cxt 0] Looking up key:
* hdr.ipv4.dstAddr    : 0a000202

[20:02:26.660] [bmv2] [D] [thread 2208] [23.0] [cxt 0] Table 'MyIngress.ipv4_lpm': hit with handle 0
[20:02:26.661] [bmv2] [D] [thread 2208] [23.0] [cxt 0] Dumping entry 0
Match key:
* hdr.ipv4.dstAddr    : LPM       0a000202/32
Action entry: MyIngress.ipv4_forward - 80000000202,2,

[20:02:26.661] [bmv2] [D] [thread 2208] [23.0] [cxt 0] Action entry is MyIngress.ipv4_forward - 80000000202,2,
[20:02:26.661] [bmv2] [T] [thread 2208] [23.0] [cxt 0] Action MyIngress.ipv4_forward
[20:02:26.661] [bmv2] [T] [thread 2208] [23.0] [cxt 0] qos.p4(175) Primitive standard_metadata.egress_spec = port
[20:02:26.661] [bmv2] [T] [thread 2208] [23.0] [cxt 0] qos.p4(176) Primitive hdr.ethernet.srcAddr = hdr.ethernet.dstAddr
[20:02:26.662] [bmv2] [T] [thread 2208] [23.0] [cxt 0] qos.p4(177) Primitive hdr.ethernet.dstAddr = dstAddr
[20:02:26.662] [bmv2] [T] [thread 2208] [23.0] [cxt 0] qos.p4(178) Primitive hdr.ipv4.ttl = hdr.ipv4.ttl - 1
[20:02:26.662] [bmv2] [D] [thread 2208] [23.0] [cxt 0] Pipeline 'ingress': end
[20:02:26.662] [bmv2] [D] [thread 2208] [23.0] [cxt 0] Egress port is 2
[20:02:26.662] [bmv2] [D] [thread 2211] [23.0] [cxt 0] Pipeline 'egress': start
[20:02:26.662] [bmv2] [D] [thread 2211] [23.0] [cxt 0] Pipeline 'egress': end
[20:02:26.662] [bmv2] [D] [thread 2211] [23.0] [cxt 0] Deparser 'deparser': start
[20:02:26.662] [bmv2] [D] [thread 2211] [23.0] [cxt 0] Updating checksum 'cksum'
[20:02:26.662] [bmv2] [D] [thread 2211] [23.0] [cxt 0] Deparsing header 'ethernet'
[20:02:26.662] [bmv2] [D] [thread 2211] [23.0] [cxt 0] Deparsing header 'vlan'
[20:02:26.662] [bmv2] [D] [thread 2211] [23.0] [cxt 0] Deparsing header 'ipv4'
[20:02:26.663] [bmv2] [D] [thread 2211] [23.0] [cxt 0] Deparsing header 'ipv4_option'
[20:02:26.663] [bmv2] [D] [thread 2211] [23.0] [cxt 0] Deparsing header 'link_qos'
[20:02:26.663] [bmv2] [D] [thread 2211] [23.0] [cxt 0] Deparser 'deparser': end
[20:02:26.663] [bmv2] [D] [thread 2213] [23.0] [cxt 0] Transmitting packet of size 50 out of port 2
[20:02:27.576] [bmv2] [D] [thread 2208] [24.0] [cxt 0] Processing packet received on port 3
[20:02:27.576] [bmv2] [D] [thread 2208] [24.0] [cxt 0] Parser 'parser': start
[20:02:27.577] [bmv2] [D] [thread 2208] [24.0] [cxt 0] Parser 'parser' entering state 'start'
[20:02:27.577] [bmv2] [D] [thread 2208] [24.0] [cxt 0] Extracting header 'ethernet'
[20:02:27.577] [bmv2] [D] [thread 2208] [24.0] [cxt 0] Parser state 'start': key is 86dd
[20:02:27.577] [bmv2] [T] [thread 2208] [24.0] [cxt 0] Bytes parsed: 14
[20:02:27.577] [bmv2] [D] [thread 2208] [24.0] [cxt 0] Parser 'parser': end
[20:02:27.577] [bmv2] [D] [thread 2208] [24.0] [cxt 0] Pipeline 'ingress': start
[20:02:27.577] [bmv2] [T] [thread 2208] [24.0] [cxt 0] qos.p4(197) Condition "hdr.ipv4.isValid()" (node_2) is false
[20:02:27.577] [bmv2] [D] [thread 2208] [24.0] [cxt 0] Pipeline 'ingress': end
[20:02:27.577] [bmv2] [D] [thread 2208] [24.0] [cxt 0] Egress port is 0
[20:02:27.578] [bmv2] [D] [thread 2209] [24.0] [cxt 0] Pipeline 'egress': start
[20:02:27.578] [bmv2] [D] [thread 2209] [24.0] [cxt 0] Pipeline 'egress': end
[20:02:27.578] [bmv2] [D] [thread 2209] [24.0] [cxt 0] Deparser 'deparser': start
[20:02:27.578] [bmv2] [T] [thread 2209] [24.0] [cxt 0] Skipping checksum 'cksum' update because condition not met
[20:02:27.578] [bmv2] [D] [thread 2209] [24.0] [cxt 0] Deparsing header 'ethernet'
[20:02:27.578] [bmv2] [D] [thread 2209] [24.0] [cxt 0] Deparser 'deparser': end
[20:02:27.578] [bmv2] [D] [thread 2213] [24.0] [cxt 0] Transmitting packet of size 70 out of port 0
[20:02:27.694] [bmv2] [D] [thread 2208] [25.0] [cxt 0] Processing packet received on port 3
[20:02:27.694] [bmv2] [D] [thread 2208] [25.0] [cxt 0] Parser 'parser': start
[20:02:27.694] [bmv2] [D] [thread 2208] [25.0] [cxt 0] Parser 'parser' entering state 'start'
[20:02:27.694] [bmv2] [D] [thread 2208] [25.0] [cxt 0] Extracting header 'ethernet'
[20:02:27.694] [bmv2] [D] [thread 2208] [25.0] [cxt 0] Parser state 'start': key is 8100
[20:02:27.694] [bmv2] [T] [thread 2208] [25.0] [cxt 0] Bytes parsed: 14
[20:02:27.694] [bmv2] [D] [thread 2208] [25.0] [cxt 0] Parser 'parser' entering state 'parse_vlan'
[20:02:27.694] [bmv2] [D] [thread 2208] [25.0] [cxt 0] Extracting header 'vlan'
[20:02:27.694] [bmv2] [D] [thread 2208] [25.0] [cxt 0] Parser state 'parse_vlan': key is 0800
[20:02:27.694] [bmv2] [T] [thread 2208] [25.0] [cxt 0] Bytes parsed: 18
[20:02:27.695] [bmv2] [D] [thread 2208] [25.0] [cxt 0] Parser 'parser' entering state 'parse_ipv4'
[20:02:27.695] [bmv2] [D] [thread 2208] [25.0] [cxt 0] Extracting header 'ipv4'
[20:02:27.695] [bmv2] [D] [thread 2208] [25.0] [cxt 0] Parser set: setting field 'scalars.tmp' from expression, new value is 1
[20:02:27.695] [bmv2] [D] [thread 2208] [25.0] [cxt 0] Parser state 'parse_ipv4': key is 06
[20:02:27.695] [bmv2] [T] [thread 2208] [25.0] [cxt 0] Bytes parsed: 38
[20:02:27.695] [bmv2] [D] [thread 2208] [25.0] [cxt 0] Parser 'parser' entering state 'parse_ipv4_option'
[20:02:27.695] [bmv2] [D] [thread 2208] [25.0] [cxt 0] Extracting header 'ipv4_option'
[20:02:27.695] [bmv2] [D] [thread 2208] [25.0] [cxt 0] Parser state 'parse_ipv4_option': key is 1f
[20:02:27.695] [bmv2] [T] [thread 2208] [25.0] [cxt 0] Bytes parsed: 40
[20:02:27.695] [bmv2] [D] [thread 2208] [25.0] [cxt 0] Parser 'parser' entering state 'parse_link_qos'
[20:02:27.695] [bmv2] [D] [thread 2208] [25.0] [cxt 0] Extracting header 'link_qos'
[20:02:27.695] [bmv2] [D] [thread 2208] [25.0] [cxt 0] Parser state 'parse_link_qos' has no switch, going to default next state
[20:02:27.695] [bmv2] [T] [thread 2208] [25.0] [cxt 0] Bytes parsed: 42
[20:02:27.695] [bmv2] [D] [thread 2208] [25.0] [cxt 0] Parser 'parser': end
[20:02:27.695] [bmv2] [D] [thread 2208] [25.0] [cxt 0] Pipeline 'ingress': start
[20:02:27.695] [bmv2] [T] [thread 2208] [25.0] [cxt 0] qos.p4(197) Condition "hdr.ipv4.isValid()" (node_2) is true
[20:02:27.695] [bmv2] [T] [thread 2208] [25.0] [cxt 0] qos.p4(198) Condition "hdr.link_qos.link_qos == TARGET_LINK_QOS" (node_3) is true
[20:02:27.695] [bmv2] [T] [thread 2208] [25.0] [cxt 0] Applying table 'tbl_qos199'
[20:02:27.695] [bmv2] [D] [thread 2208] [25.0] [cxt 0] Looking up key:

[20:02:27.695] [bmv2] [D] [thread 2208] [25.0] [cxt 0] Table 'tbl_qos199': miss
[20:02:27.695] [bmv2] [D] [thread 2208] [25.0] [cxt 0] Action entry is qos199 - 
[20:02:27.695] [bmv2] [T] [thread 2208] [25.0] [cxt 0] Action qos199
[20:02:27.695] [bmv2] [T] [thread 2208] [25.0] [cxt 0] qos.p4(199) Primitive hdr.ipv4.diffserv = (TARGET_DSCP << 2
[20:02:27.695] [bmv2] [T] [thread 2208] [25.0] [cxt 0] qos.p4(28) Primitive 7; ...
[20:02:27.695] [bmv2] [T] [thread 2208] [25.0] [cxt 0] Applying table 'MyIngress.ipv4_lpm'
[20:02:27.695] [bmv2] [D] [thread 2208] [25.0] [cxt 0] Looking up key:
* hdr.ipv4.dstAddr    : 0a000202

[20:02:27.695] [bmv2] [D] [thread 2208] [25.0] [cxt 0] Table 'MyIngress.ipv4_lpm': hit with handle 0
[20:02:27.695] [bmv2] [D] [thread 2208] [25.0] [cxt 0] Dumping entry 0
Match key:
* hdr.ipv4.dstAddr    : LPM       0a000202/32
Action entry: MyIngress.ipv4_forward - 80000000202,2,

[20:02:27.695] [bmv2] [D] [thread 2208] [25.0] [cxt 0] Action entry is MyIngress.ipv4_forward - 80000000202,2,
[20:02:27.695] [bmv2] [T] [thread 2208] [25.0] [cxt 0] Action MyIngress.ipv4_forward
[20:02:27.695] [bmv2] [T] [thread 2208] [25.0] [cxt 0] qos.p4(175) Primitive standard_metadata.egress_spec = port
[20:02:27.695] [bmv2] [T] [thread 2208] [25.0] [cxt 0] qos.p4(176) Primitive hdr.ethernet.srcAddr = hdr.ethernet.dstAddr
[20:02:27.695] [bmv2] [T] [thread 2208] [25.0] [cxt 0] qos.p4(177) Primitive hdr.ethernet.dstAddr = dstAddr
[20:02:27.695] [bmv2] [T] [thread 2208] [25.0] [cxt 0] qos.p4(178) Primitive hdr.ipv4.ttl = hdr.ipv4.ttl - 1
[20:02:27.696] [bmv2] [D] [thread 2208] [25.0] [cxt 0] Pipeline 'ingress': end
[20:02:27.696] [bmv2] [D] [thread 2208] [25.0] [cxt 0] Egress port is 2
[20:02:27.696] [bmv2] [D] [thread 2211] [25.0] [cxt 0] Pipeline 'egress': start
[20:02:27.696] [bmv2] [D] [thread 2211] [25.0] [cxt 0] Pipeline 'egress': end
[20:02:27.696] [bmv2] [D] [thread 2211] [25.0] [cxt 0] Deparser 'deparser': start
[20:02:27.696] [bmv2] [D] [thread 2211] [25.0] [cxt 0] Updating checksum 'cksum'
[20:02:27.696] [bmv2] [D] [thread 2211] [25.0] [cxt 0] Deparsing header 'ethernet'
[20:02:27.696] [bmv2] [D] [thread 2211] [25.0] [cxt 0] Deparsing header 'vlan'
[20:02:27.696] [bmv2] [D] [thread 2211] [25.0] [cxt 0] Deparsing header 'ipv4'
[20:02:27.696] [bmv2] [D] [thread 2211] [25.0] [cxt 0] Deparsing header 'ipv4_option'
[20:02:27.696] [bmv2] [D] [thread 2211] [25.0] [cxt 0] Deparsing header 'link_qos'
[20:02:27.696] [bmv2] [D] [thread 2211] [25.0] [cxt 0] Deparser 'deparser': end
[20:02:27.696] [bmv2] [D] [thread 2213] [25.0] [cxt 0] Transmitting packet of size 50 out of port 2
[20:02:28.246] [bmv2] [D] [thread 2208] [26.0] [cxt 0] Processing packet received on port 4
[20:02:28.246] [bmv2] [D] [thread 2208] [26.0] [cxt 0] Parser 'parser': start
[20:02:28.246] [bmv2] [D] [thread 2208] [26.0] [cxt 0] Parser 'parser' entering state 'start'
[20:02:28.246] [bmv2] [D] [thread 2208] [26.0] [cxt 0] Extracting header 'ethernet'
[20:02:28.247] [bmv2] [D] [thread 2208] [26.0] [cxt 0] Parser state 'start': key is 86dd
[20:02:28.247] [bmv2] [T] [thread 2208] [26.0] [cxt 0] Bytes parsed: 14
[20:02:28.247] [bmv2] [D] [thread 2208] [26.0] [cxt 0] Parser 'parser': end
[20:02:28.247] [bmv2] [D] [thread 2208] [26.0] [cxt 0] Pipeline 'ingress': start
[20:02:28.247] [bmv2] [T] [thread 2208] [26.0] [cxt 0] qos.p4(197) Condition "hdr.ipv4.isValid()" (node_2) is false
[20:02:28.247] [bmv2] [D] [thread 2208] [26.0] [cxt 0] Pipeline 'ingress': end
[20:02:28.247] [bmv2] [D] [thread 2208] [26.0] [cxt 0] Egress port is 0
[20:02:28.247] [bmv2] [D] [thread 2209] [26.0] [cxt 0] Pipeline 'egress': start
[20:02:28.247] [bmv2] [D] [thread 2209] [26.0] [cxt 0] Pipeline 'egress': end
[20:02:28.248] [bmv2] [D] [thread 2209] [26.0] [cxt 0] Deparser 'deparser': start
[20:02:28.248] [bmv2] [T] [thread 2209] [26.0] [cxt 0] Skipping checksum 'cksum' update because condition not met
[20:02:28.248] [bmv2] [D] [thread 2209] [26.0] [cxt 0] Deparsing header 'ethernet'
[20:02:28.248] [bmv2] [D] [thread 2209] [26.0] [cxt 0] Deparser 'deparser': end
[20:02:28.248] [bmv2] [D] [thread 2213] [26.0] [cxt 0] Transmitting packet of size 70 out of port 0
[20:02:30.395] [bmv2] [D] [thread 2208] [27.0] [cxt 0] Processing packet received on port 3
[20:02:30.395] [bmv2] [D] [thread 2208] [27.0] [cxt 0] Parser 'parser': start
[20:02:30.395] [bmv2] [D] [thread 2208] [27.0] [cxt 0] Parser 'parser' entering state 'start'
[20:02:30.395] [bmv2] [D] [thread 2208] [27.0] [cxt 0] Extracting header 'ethernet'
[20:02:30.395] [bmv2] [D] [thread 2208] [27.0] [cxt 0] Parser state 'start': key is 86dd
[20:02:30.395] [bmv2] [T] [thread 2208] [27.0] [cxt 0] Bytes parsed: 14
[20:02:30.395] [bmv2] [D] [thread 2208] [27.0] [cxt 0] Parser 'parser': end
[20:02:30.395] [bmv2] [D] [thread 2208] [27.0] [cxt 0] Pipeline 'ingress': start
[20:02:30.395] [bmv2] [T] [thread 2208] [27.0] [cxt 0] qos.p4(197) Condition "hdr.ipv4.isValid()" (node_2) is false
[20:02:30.396] [bmv2] [D] [thread 2208] [27.0] [cxt 0] Pipeline 'ingress': end
[20:02:30.396] [bmv2] [D] [thread 2208] [27.0] [cxt 0] Egress port is 0
[20:02:30.396] [bmv2] [D] [thread 2209] [27.0] [cxt 0] Pipeline 'egress': start
[20:02:30.396] [bmv2] [D] [thread 2209] [27.0] [cxt 0] Pipeline 'egress': end
[20:02:30.396] [bmv2] [D] [thread 2209] [27.0] [cxt 0] Deparser 'deparser': start
[20:02:30.396] [bmv2] [T] [thread 2209] [27.0] [cxt 0] Skipping checksum 'cksum' update because condition not met
[20:02:30.396] [bmv2] [D] [thread 2209] [27.0] [cxt 0] Deparsing header 'ethernet'
[20:02:30.396] [bmv2] [D] [thread 2209] [27.0] [cxt 0] Deparser 'deparser': end
[20:02:30.397] [bmv2] [D] [thread 2213] [27.0] [cxt 0] Transmitting packet of size 70 out of port 0
[20:02:32.339] [bmv2] [D] [thread 2208] [28.0] [cxt 0] Processing packet received on port 1
[20:02:32.340] [bmv2] [D] [thread 2208] [28.0] [cxt 0] Parser 'parser': start
[20:02:32.340] [bmv2] [D] [thread 2208] [28.0] [cxt 0] Parser 'parser' entering state 'start'
[20:02:32.340] [bmv2] [D] [thread 2208] [28.0] [cxt 0] Extracting header 'ethernet'
[20:02:32.341] [bmv2] [D] [thread 2208] [28.0] [cxt 0] Parser state 'start': key is 86dd
[20:02:32.341] [bmv2] [T] [thread 2208] [28.0] [cxt 0] Bytes parsed: 14
[20:02:32.342] [bmv2] [D] [thread 2208] [28.0] [cxt 0] Parser 'parser': end
[20:02:32.342] [bmv2] [D] [thread 2208] [28.0] [cxt 0] Pipeline 'ingress': start
[20:02:32.342] [bmv2] [T] [thread 2208] [28.0] [cxt 0] qos.p4(197) Condition "hdr.ipv4.isValid()" (node_2) is false
[20:02:32.342] [bmv2] [D] [thread 2208] [28.0] [cxt 0] Pipeline 'ingress': end
[20:02:32.342] [bmv2] [D] [thread 2208] [28.0] [cxt 0] Egress port is 0
[20:02:32.343] [bmv2] [D] [thread 2209] [28.0] [cxt 0] Pipeline 'egress': start
[20:02:32.343] [bmv2] [D] [thread 2209] [28.0] [cxt 0] Pipeline 'egress': end
[20:02:32.343] [bmv2] [D] [thread 2209] [28.0] [cxt 0] Deparser 'deparser': start
[20:02:32.343] [bmv2] [T] [thread 2209] [28.0] [cxt 0] Skipping checksum 'cksum' update because condition not met
[20:02:32.343] [bmv2] [D] [thread 2209] [28.0] [cxt 0] Deparsing header 'ethernet'
[20:02:32.343] [bmv2] [D] [thread 2209] [28.0] [cxt 0] Deparser 'deparser': end
[20:02:32.343] [bmv2] [D] [thread 2213] [28.0] [cxt 0] Transmitting packet of size 70 out of port 0
[20:02:54.874] [bmv2] [D] [thread 2208] [29.0] [cxt 0] Processing packet received on port 4
[20:02:54.874] [bmv2] [D] [thread 2208] [29.0] [cxt 0] Parser 'parser': start
[20:02:54.875] [bmv2] [D] [thread 2208] [29.0] [cxt 0] Parser 'parser' entering state 'start'
[20:02:54.875] [bmv2] [D] [thread 2208] [29.0] [cxt 0] Extracting header 'ethernet'
[20:02:54.875] [bmv2] [D] [thread 2208] [29.0] [cxt 0] Parser state 'start': key is 86dd
[20:02:54.875] [bmv2] [T] [thread 2208] [29.0] [cxt 0] Bytes parsed: 14
[20:02:54.875] [bmv2] [D] [thread 2208] [29.0] [cxt 0] Parser 'parser': end
[20:02:54.875] [bmv2] [D] [thread 2208] [29.0] [cxt 0] Pipeline 'ingress': start
[20:02:54.875] [bmv2] [T] [thread 2208] [29.0] [cxt 0] qos.p4(197) Condition "hdr.ipv4.isValid()" (node_2) is false
[20:02:54.875] [bmv2] [D] [thread 2208] [29.0] [cxt 0] Pipeline 'ingress': end
[20:02:54.875] [bmv2] [D] [thread 2208] [29.0] [cxt 0] Egress port is 0
[20:02:54.879] [bmv2] [D] [thread 2209] [29.0] [cxt 0] Pipeline 'egress': start
[20:02:54.879] [bmv2] [D] [thread 2209] [29.0] [cxt 0] Pipeline 'egress': end
[20:02:54.879] [bmv2] [D] [thread 2209] [29.0] [cxt 0] Deparser 'deparser': start
[20:02:54.879] [bmv2] [T] [thread 2209] [29.0] [cxt 0] Skipping checksum 'cksum' update because condition not met
[20:02:54.879] [bmv2] [D] [thread 2209] [29.0] [cxt 0] Deparsing header 'ethernet'
[20:02:54.880] [bmv2] [D] [thread 2209] [29.0] [cxt 0] Deparser 'deparser': end
[20:02:54.880] [bmv2] [D] [thread 2213] [29.0] [cxt 0] Transmitting packet of size 70 out of port 0
[20:02:56.916] [bmv2] [D] [thread 2208] [30.0] [cxt 0] Processing packet received on port 2
[20:02:56.916] [bmv2] [D] [thread 2208] [30.0] [cxt 0] Parser 'parser': start
[20:02:56.916] [bmv2] [D] [thread 2208] [30.0] [cxt 0] Parser 'parser' entering state 'start'
[20:02:56.916] [bmv2] [D] [thread 2208] [30.0] [cxt 0] Extracting header 'ethernet'
[20:02:56.922] [bmv2] [D] [thread 2208] [30.0] [cxt 0] Parser state 'start': key is 86dd
[20:02:56.922] [bmv2] [T] [thread 2208] [30.0] [cxt 0] Bytes parsed: 14
[20:02:56.922] [bmv2] [D] [thread 2208] [30.0] [cxt 0] Parser 'parser': end
[20:02:56.922] [bmv2] [D] [thread 2208] [30.0] [cxt 0] Pipeline 'ingress': start
[20:02:56.923] [bmv2] [T] [thread 2208] [30.0] [cxt 0] qos.p4(197) Condition "hdr.ipv4.isValid()" (node_2) is false
[20:02:56.923] [bmv2] [D] [thread 2208] [30.0] [cxt 0] Pipeline 'ingress': end
[20:02:56.923] [bmv2] [D] [thread 2208] [30.0] [cxt 0] Egress port is 0
[20:02:56.928] [bmv2] [D] [thread 2209] [30.0] [cxt 0] Pipeline 'egress': start
[20:02:56.928] [bmv2] [D] [thread 2209] [30.0] [cxt 0] Pipeline 'egress': end
[20:02:56.928] [bmv2] [D] [thread 2209] [30.0] [cxt 0] Deparser 'deparser': start
[20:02:56.928] [bmv2] [T] [thread 2209] [30.0] [cxt 0] Skipping checksum 'cksum' update because condition not met
[20:02:56.928] [bmv2] [D] [thread 2209] [30.0] [cxt 0] Deparsing header 'ethernet'
[20:02:56.928] [bmv2] [D] [thread 2209] [30.0] [cxt 0] Deparser 'deparser': end
[20:02:56.928] [bmv2] [D] [thread 2213] [30.0] [cxt 0] Transmitting packet of size 70 out of port 0
[20:02:57.020] [bmv2] [D] [thread 2208] [31.0] [cxt 0] Processing packet received on port 3
[20:02:57.020] [bmv2] [D] [thread 2208] [31.0] [cxt 0] Parser 'parser': start
[20:02:57.020] [bmv2] [D] [thread 2208] [31.0] [cxt 0] Parser 'parser' entering state 'start'
[20:02:57.020] [bmv2] [D] [thread 2208] [31.0] [cxt 0] Extracting header 'ethernet'
[20:02:57.021] [bmv2] [D] [thread 2208] [31.0] [cxt 0] Parser state 'start': key is 86dd
[20:02:57.021] [bmv2] [T] [thread 2208] [31.0] [cxt 0] Bytes parsed: 14
[20:02:57.021] [bmv2] [D] [thread 2208] [31.0] [cxt 0] Parser 'parser': end
[20:02:57.021] [bmv2] [D] [thread 2208] [31.0] [cxt 0] Pipeline 'ingress': start
[20:02:57.021] [bmv2] [T] [thread 2208] [31.0] [cxt 0] qos.p4(197) Condition "hdr.ipv4.isValid()" (node_2) is false
[20:02:57.021] [bmv2] [D] [thread 2208] [31.0] [cxt 0] Pipeline 'ingress': end
[20:02:57.021] [bmv2] [D] [thread 2208] [31.0] [cxt 0] Egress port is 0
[20:02:57.022] [bmv2] [D] [thread 2209] [31.0] [cxt 0] Pipeline 'egress': start
[20:02:57.022] [bmv2] [D] [thread 2209] [31.0] [cxt 0] Pipeline 'egress': end
[20:02:57.022] [bmv2] [D] [thread 2209] [31.0] [cxt 0] Deparser 'deparser': start
[20:02:57.022] [bmv2] [T] [thread 2209] [31.0] [cxt 0] Skipping checksum 'cksum' update because condition not met
[20:02:57.022] [bmv2] [D] [thread 2209] [31.0] [cxt 0] Deparsing header 'ethernet'
[20:02:57.022] [bmv2] [D] [thread 2209] [31.0] [cxt 0] Deparser 'deparser': end
[20:02:57.022] [bmv2] [D] [thread 2213] [31.0] [cxt 0] Transmitting packet of size 70 out of port 0
[20:03:01.010] [bmv2] [D] [thread 2208] [32.0] [cxt 0] Processing packet received on port 4
[20:03:01.010] [bmv2] [D] [thread 2208] [32.0] [cxt 0] Parser 'parser': start
[20:03:01.010] [bmv2] [D] [thread 2208] [32.0] [cxt 0] Parser 'parser' entering state 'start'
[20:03:01.010] [bmv2] [D] [thread 2208] [32.0] [cxt 0] Extracting header 'ethernet'
[20:03:01.010] [bmv2] [D] [thread 2208] [32.0] [cxt 0] Parser state 'start': key is 86dd
[20:03:01.010] [bmv2] [T] [thread 2208] [32.0] [cxt 0] Bytes parsed: 14
[20:03:01.010] [bmv2] [D] [thread 2208] [32.0] [cxt 0] Parser 'parser': end
[20:03:01.010] [bmv2] [D] [thread 2208] [32.0] [cxt 0] Pipeline 'ingress': start
[20:03:01.010] [bmv2] [T] [thread 2208] [32.0] [cxt 0] qos.p4(197) Condition "hdr.ipv4.isValid()" (node_2) is false
[20:03:01.010] [bmv2] [D] [thread 2208] [32.0] [cxt 0] Pipeline 'ingress': end
[20:03:01.010] [bmv2] [D] [thread 2208] [32.0] [cxt 0] Egress port is 0
[20:03:01.010] [bmv2] [D] [thread 2209] [32.0] [cxt 0] Pipeline 'egress': start
[20:03:01.010] [bmv2] [D] [thread 2209] [32.0] [cxt 0] Pipeline 'egress': end
[20:03:01.010] [bmv2] [D] [thread 2209] [32.0] [cxt 0] Deparser 'deparser': start
[20:03:01.010] [bmv2] [T] [thread 2209] [32.0] [cxt 0] Skipping checksum 'cksum' update because condition not met
[20:03:01.010] [bmv2] [D] [thread 2209] [32.0] [cxt 0] Deparsing header 'ethernet'
[20:03:01.011] [bmv2] [D] [thread 2209] [32.0] [cxt 0] Deparser 'deparser': end
[20:03:01.011] [bmv2] [D] [thread 2213] [32.0] [cxt 0] Transmitting packet of size 70 out of port 0
[20:03:03.161] [bmv2] [D] [thread 2208] [33.0] [cxt 0] Processing packet received on port 3
[20:03:03.162] [bmv2] [D] [thread 2208] [33.0] [cxt 0] Parser 'parser': start
[20:03:03.162] [bmv2] [D] [thread 2208] [33.0] [cxt 0] Parser 'parser' entering state 'start'
[20:03:03.162] [bmv2] [D] [thread 2208] [33.0] [cxt 0] Extracting header 'ethernet'
[20:03:03.162] [bmv2] [D] [thread 2208] [33.0] [cxt 0] Parser state 'start': key is 86dd
[20:03:03.162] [bmv2] [T] [thread 2208] [33.0] [cxt 0] Bytes parsed: 14
[20:03:03.162] [bmv2] [D] [thread 2208] [33.0] [cxt 0] Parser 'parser': end
[20:03:03.163] [bmv2] [D] [thread 2208] [33.0] [cxt 0] Pipeline 'ingress': start
[20:03:03.163] [bmv2] [T] [thread 2208] [33.0] [cxt 0] qos.p4(197) Condition "hdr.ipv4.isValid()" (node_2) is false
[20:03:03.163] [bmv2] [D] [thread 2208] [33.0] [cxt 0] Pipeline 'ingress': end
[20:03:03.163] [bmv2] [D] [thread 2208] [33.0] [cxt 0] Egress port is 0
[20:03:03.167] [bmv2] [D] [thread 2209] [33.0] [cxt 0] Pipeline 'egress': start
[20:03:03.167] [bmv2] [D] [thread 2209] [33.0] [cxt 0] Pipeline 'egress': end
[20:03:03.167] [bmv2] [D] [thread 2209] [33.0] [cxt 0] Deparser 'deparser': start
[20:03:03.167] [bmv2] [T] [thread 2209] [33.0] [cxt 0] Skipping checksum 'cksum' update because condition not met
[20:03:03.167] [bmv2] [D] [thread 2209] [33.0] [cxt 0] Deparsing header 'ethernet'
[20:03:03.167] [bmv2] [D] [thread 2209] [33.0] [cxt 0] Deparser 'deparser': end
[20:03:03.168] [bmv2] [D] [thread 2213] [33.0] [cxt 0] Transmitting packet of size 70 out of port 0
[20:03:07.158] [bmv2] [D] [thread 2208] [34.0] [cxt 0] Processing packet received on port 1
[20:03:07.158] [bmv2] [D] [thread 2208] [34.0] [cxt 0] Parser 'parser': start
[20:03:07.158] [bmv2] [D] [thread 2208] [34.0] [cxt 0] Parser 'parser' entering state 'start'
[20:03:07.158] [bmv2] [D] [thread 2208] [34.0] [cxt 0] Extracting header 'ethernet'
[20:03:07.158] [bmv2] [D] [thread 2208] [34.0] [cxt 0] Parser state 'start': key is 86dd
[20:03:07.158] [bmv2] [T] [thread 2208] [34.0] [cxt 0] Bytes parsed: 14
[20:03:07.159] [bmv2] [D] [thread 2208] [34.0] [cxt 0] Parser 'parser': end
[20:03:07.159] [bmv2] [D] [thread 2208] [34.0] [cxt 0] Pipeline 'ingress': start
[20:03:07.159] [bmv2] [T] [thread 2208] [34.0] [cxt 0] qos.p4(197) Condition "hdr.ipv4.isValid()" (node_2) is false
[20:03:07.159] [bmv2] [D] [thread 2208] [34.0] [cxt 0] Pipeline 'ingress': end
[20:03:07.159] [bmv2] [D] [thread 2208] [34.0] [cxt 0] Egress port is 0
[20:03:07.160] [bmv2] [D] [thread 2209] [34.0] [cxt 0] Pipeline 'egress': start
[20:03:07.160] [bmv2] [D] [thread 2209] [34.0] [cxt 0] Pipeline 'egress': end
[20:03:07.160] [bmv2] [D] [thread 2209] [34.0] [cxt 0] Deparser 'deparser': start
[20:03:07.160] [bmv2] [T] [thread 2209] [34.0] [cxt 0] Skipping checksum 'cksum' update because condition not met
[20:03:07.160] [bmv2] [D] [thread 2209] [34.0] [cxt 0] Deparsing header 'ethernet'
[20:03:07.160] [bmv2] [D] [thread 2209] [34.0] [cxt 0] Deparser 'deparser': end
[20:03:07.161] [bmv2] [D] [thread 2213] [34.0] [cxt 0] Transmitting packet of size 70 out of port 0
[20:03:20.525] [bmv2] [D] [thread 2208] [35.0] [cxt 0] Processing packet received on port 3
[20:03:20.525] [bmv2] [D] [thread 2208] [35.0] [cxt 0] Parser 'parser': start
[20:03:20.525] [bmv2] [D] [thread 2208] [35.0] [cxt 0] Parser 'parser' entering state 'start'
[20:03:20.525] [bmv2] [D] [thread 2208] [35.0] [cxt 0] Extracting header 'ethernet'
[20:03:20.526] [bmv2] [D] [thread 2208] [35.0] [cxt 0] Parser state 'start': key is 8100
[20:03:20.526] [bmv2] [T] [thread 2208] [35.0] [cxt 0] Bytes parsed: 14
[20:03:20.526] [bmv2] [D] [thread 2208] [35.0] [cxt 0] Parser 'parser' entering state 'parse_vlan'
[20:03:20.526] [bmv2] [D] [thread 2208] [35.0] [cxt 0] Extracting header 'vlan'
[20:03:20.526] [bmv2] [D] [thread 2208] [35.0] [cxt 0] Parser state 'parse_vlan': key is 0800
[20:03:20.526] [bmv2] [T] [thread 2208] [35.0] [cxt 0] Bytes parsed: 18
[20:03:20.526] [bmv2] [D] [thread 2208] [35.0] [cxt 0] Parser 'parser' entering state 'parse_ipv4'
[20:03:20.526] [bmv2] [D] [thread 2208] [35.0] [cxt 0] Extracting header 'ipv4'
[20:03:20.526] [bmv2] [D] [thread 2208] [35.0] [cxt 0] Parser set: setting field 'scalars.tmp' from expression, new value is 1
[20:03:20.526] [bmv2] [D] [thread 2208] [35.0] [cxt 0] Parser state 'parse_ipv4': key is 06
[20:03:20.526] [bmv2] [T] [thread 2208] [35.0] [cxt 0] Bytes parsed: 38
[20:03:20.526] [bmv2] [D] [thread 2208] [35.0] [cxt 0] Parser 'parser' entering state 'parse_ipv4_option'
[20:03:20.526] [bmv2] [D] [thread 2208] [35.0] [cxt 0] Extracting header 'ipv4_option'
[20:03:20.526] [bmv2] [D] [thread 2208] [35.0] [cxt 0] Parser state 'parse_ipv4_option': key is 1f
[20:03:20.526] [bmv2] [T] [thread 2208] [35.0] [cxt 0] Bytes parsed: 40
[20:03:20.526] [bmv2] [D] [thread 2208] [35.0] [cxt 0] Parser 'parser' entering state 'parse_link_qos'
[20:03:20.526] [bmv2] [D] [thread 2208] [35.0] [cxt 0] Extracting header 'link_qos'
[20:03:20.526] [bmv2] [D] [thread 2208] [35.0] [cxt 0] Parser state 'parse_link_qos' has no switch, going to default next state
[20:03:20.526] [bmv2] [T] [thread 2208] [35.0] [cxt 0] Bytes parsed: 42
[20:03:20.526] [bmv2] [D] [thread 2208] [35.0] [cxt 0] Parser 'parser': end
[20:03:20.526] [bmv2] [D] [thread 2208] [35.0] [cxt 0] Pipeline 'ingress': start
[20:03:20.526] [bmv2] [T] [thread 2208] [35.0] [cxt 0] qos.p4(197) Condition "hdr.ipv4.isValid()" (node_2) is true
[20:03:20.526] [bmv2] [T] [thread 2208] [35.0] [cxt 0] qos.p4(198) Condition "hdr.link_qos.link_qos == TARGET_LINK_QOS" (node_3) is true
[20:03:20.526] [bmv2] [T] [thread 2208] [35.0] [cxt 0] Applying table 'tbl_qos199'
[20:03:20.526] [bmv2] [D] [thread 2208] [35.0] [cxt 0] Looking up key:

[20:03:20.526] [bmv2] [D] [thread 2208] [35.0] [cxt 0] Table 'tbl_qos199': miss
[20:03:20.526] [bmv2] [D] [thread 2208] [35.0] [cxt 0] Action entry is qos199 - 
[20:03:20.526] [bmv2] [T] [thread 2208] [35.0] [cxt 0] Action qos199
[20:03:20.526] [bmv2] [T] [thread 2208] [35.0] [cxt 0] qos.p4(199) Primitive hdr.ipv4.diffserv = (TARGET_DSCP << 2
[20:03:20.526] [bmv2] [T] [thread 2208] [35.0] [cxt 0] qos.p4(28) Primitive 7; ...
[20:03:20.526] [bmv2] [T] [thread 2208] [35.0] [cxt 0] Applying table 'MyIngress.ipv4_lpm'
[20:03:20.526] [bmv2] [D] [thread 2208] [35.0] [cxt 0] Looking up key:
* hdr.ipv4.dstAddr    : 0a000202

[20:03:20.526] [bmv2] [D] [thread 2208] [35.0] [cxt 0] Table 'MyIngress.ipv4_lpm': hit with handle 0
[20:03:20.526] [bmv2] [D] [thread 2208] [35.0] [cxt 0] Dumping entry 0
Match key:
* hdr.ipv4.dstAddr    : LPM       0a000202/32
Action entry: MyIngress.ipv4_forward - 80000000202,2,

[20:03:20.526] [bmv2] [D] [thread 2208] [35.0] [cxt 0] Action entry is MyIngress.ipv4_forward - 80000000202,2,
[20:03:20.526] [bmv2] [T] [thread 2208] [35.0] [cxt 0] Action MyIngress.ipv4_forward
[20:03:20.526] [bmv2] [T] [thread 2208] [35.0] [cxt 0] qos.p4(175) Primitive standard_metadata.egress_spec = port
[20:03:20.526] [bmv2] [T] [thread 2208] [35.0] [cxt 0] qos.p4(176) Primitive hdr.ethernet.srcAddr = hdr.ethernet.dstAddr
[20:03:20.527] [bmv2] [T] [thread 2208] [35.0] [cxt 0] qos.p4(177) Primitive hdr.ethernet.dstAddr = dstAddr
[20:03:20.527] [bmv2] [T] [thread 2208] [35.0] [cxt 0] qos.p4(178) Primitive hdr.ipv4.ttl = hdr.ipv4.ttl - 1
[20:03:20.527] [bmv2] [D] [thread 2208] [35.0] [cxt 0] Pipeline 'ingress': end
[20:03:20.527] [bmv2] [D] [thread 2208] [35.0] [cxt 0] Egress port is 2
[20:03:20.527] [bmv2] [D] [thread 2211] [35.0] [cxt 0] Pipeline 'egress': start
[20:03:20.527] [bmv2] [D] [thread 2211] [35.0] [cxt 0] Pipeline 'egress': end
[20:03:20.527] [bmv2] [D] [thread 2211] [35.0] [cxt 0] Deparser 'deparser': start
[20:03:20.527] [bmv2] [D] [thread 2211] [35.0] [cxt 0] Updating checksum 'cksum'
[20:03:20.527] [bmv2] [D] [thread 2211] [35.0] [cxt 0] Deparsing header 'ethernet'
[20:03:20.527] [bmv2] [D] [thread 2211] [35.0] [cxt 0] Deparsing header 'vlan'
[20:03:20.527] [bmv2] [D] [thread 2211] [35.0] [cxt 0] Deparsing header 'ipv4'
[20:03:20.527] [bmv2] [D] [thread 2211] [35.0] [cxt 0] Deparsing header 'ipv4_option'
[20:03:20.527] [bmv2] [D] [thread 2211] [35.0] [cxt 0] Deparsing header 'link_qos'
[20:03:20.527] [bmv2] [D] [thread 2211] [35.0] [cxt 0] Deparser 'deparser': end
[20:03:20.527] [bmv2] [D] [thread 2213] [35.0] [cxt 0] Transmitting packet of size 50 out of port 2
[20:03:21.126] [bmv2] [D] [thread 2208] [36.0] [cxt 0] Processing packet received on port 2
[20:03:21.126] [bmv2] [D] [thread 2208] [36.0] [cxt 0] Parser 'parser': start
[20:03:21.126] [bmv2] [D] [thread 2208] [36.0] [cxt 0] Parser 'parser' entering state 'start'
[20:03:21.126] [bmv2] [D] [thread 2208] [36.0] [cxt 0] Extracting header 'ethernet'
[20:03:21.126] [bmv2] [D] [thread 2208] [36.0] [cxt 0] Parser state 'start': key is 8100
[20:03:21.126] [bmv2] [T] [thread 2208] [36.0] [cxt 0] Bytes parsed: 14
[20:03:21.126] [bmv2] [D] [thread 2208] [36.0] [cxt 0] Parser 'parser' entering state 'parse_vlan'
[20:03:21.126] [bmv2] [D] [thread 2208] [36.0] [cxt 0] Extracting header 'vlan'
[20:03:21.126] [bmv2] [D] [thread 2208] [36.0] [cxt 0] Parser state 'parse_vlan': key is 0800
[20:03:21.126] [bmv2] [T] [thread 2208] [36.0] [cxt 0] Bytes parsed: 18
[20:03:21.126] [bmv2] [D] [thread 2208] [36.0] [cxt 0] Parser 'parser' entering state 'parse_ipv4'
[20:03:21.126] [bmv2] [D] [thread 2208] [36.0] [cxt 0] Extracting header 'ipv4'
[20:03:21.127] [bmv2] [D] [thread 2208] [36.0] [cxt 0] Parser set: setting field 'scalars.tmp' from expression, new value is 1
[20:03:21.127] [bmv2] [D] [thread 2208] [36.0] [cxt 0] Parser state 'parse_ipv4': key is 05
[20:03:21.127] [bmv2] [T] [thread 2208] [36.0] [cxt 0] Bytes parsed: 38
[20:03:21.127] [bmv2] [D] [thread 2208] [36.0] [cxt 0] Parser 'parser': end
[20:03:21.127] [bmv2] [D] [thread 2208] [36.0] [cxt 0] Pipeline 'ingress': start
[20:03:21.127] [bmv2] [T] [thread 2208] [36.0] [cxt 0] qos.p4(197) Condition "hdr.ipv4.isValid()" (node_2) is true
[20:03:21.127] [bmv2] [T] [thread 2208] [36.0] [cxt 0] qos.p4(198) Condition "hdr.link_qos.link_qos == TARGET_LINK_QOS" (node_3) is true
[20:03:21.127] [bmv2] [T] [thread 2208] [36.0] [cxt 0] Applying table 'tbl_qos199'
[20:03:21.127] [bmv2] [D] [thread 2208] [36.0] [cxt 0] Looking up key:

[20:03:21.127] [bmv2] [D] [thread 2208] [36.0] [cxt 0] Table 'tbl_qos199': miss
[20:03:21.127] [bmv2] [D] [thread 2208] [36.0] [cxt 0] Action entry is qos199 - 
[20:03:21.127] [bmv2] [T] [thread 2208] [36.0] [cxt 0] Action qos199
[20:03:21.127] [bmv2] [T] [thread 2208] [36.0] [cxt 0] qos.p4(199) Primitive hdr.ipv4.diffserv = (TARGET_DSCP << 2
[20:03:21.127] [bmv2] [T] [thread 2208] [36.0] [cxt 0] qos.p4(28) Primitive 7; ...
[20:03:21.127] [bmv2] [T] [thread 2208] [36.0] [cxt 0] Applying table 'MyIngress.ipv4_lpm'
[20:03:21.127] [bmv2] [D] [thread 2208] [36.0] [cxt 0] Looking up key:
* hdr.ipv4.dstAddr    : 0a000202

[20:03:21.127] [bmv2] [D] [thread 2208] [36.0] [cxt 0] Table 'MyIngress.ipv4_lpm': hit with handle 0
[20:03:21.127] [bmv2] [D] [thread 2208] [36.0] [cxt 0] Dumping entry 0
Match key:
* hdr.ipv4.dstAddr    : LPM       0a000202/32
Action entry: MyIngress.ipv4_forward - 80000000202,2,

[20:03:21.127] [bmv2] [D] [thread 2208] [36.0] [cxt 0] Action entry is MyIngress.ipv4_forward - 80000000202,2,
[20:03:21.127] [bmv2] [T] [thread 2208] [36.0] [cxt 0] Action MyIngress.ipv4_forward
[20:03:21.127] [bmv2] [T] [thread 2208] [36.0] [cxt 0] qos.p4(175) Primitive standard_metadata.egress_spec = port
[20:03:21.127] [bmv2] [T] [thread 2208] [36.0] [cxt 0] qos.p4(176) Primitive hdr.ethernet.srcAddr = hdr.ethernet.dstAddr
[20:03:21.127] [bmv2] [T] [thread 2208] [36.0] [cxt 0] qos.p4(177) Primitive hdr.ethernet.dstAddr = dstAddr
[20:03:21.127] [bmv2] [T] [thread 2208] [36.0] [cxt 0] qos.p4(178) Primitive hdr.ipv4.ttl = hdr.ipv4.ttl - 1
[20:03:21.127] [bmv2] [D] [thread 2208] [36.0] [cxt 0] Pipeline 'ingress': end
[20:03:21.127] [bmv2] [D] [thread 2208] [36.0] [cxt 0] Egress port is 2
[20:03:21.127] [bmv2] [D] [thread 2211] [36.0] [cxt 0] Pipeline 'egress': start
[20:03:21.127] [bmv2] [D] [thread 2211] [36.0] [cxt 0] Pipeline 'egress': end
[20:03:21.127] [bmv2] [D] [thread 2211] [36.0] [cxt 0] Deparser 'deparser': start
[20:03:21.127] [bmv2] [D] [thread 2211] [36.0] [cxt 0] Updating checksum 'cksum'
[20:03:21.128] [bmv2] [D] [thread 2211] [36.0] [cxt 0] Deparsing header 'ethernet'
[20:03:21.128] [bmv2] [D] [thread 2211] [36.0] [cxt 0] Deparsing header 'vlan'
[20:03:21.128] [bmv2] [D] [thread 2211] [36.0] [cxt 0] Deparsing header 'ipv4'
[20:03:21.128] [bmv2] [D] [thread 2211] [36.0] [cxt 0] Deparser 'deparser': end
[20:03:21.128] [bmv2] [D] [thread 2213] [36.0] [cxt 0] Transmitting packet of size 46 out of port 2
[20:03:21.551] [bmv2] [D] [thread 2208] [37.0] [cxt 0] Processing packet received on port 3
[20:03:21.552] [bmv2] [D] [thread 2208] [37.0] [cxt 0] Parser 'parser': start
[20:03:21.552] [bmv2] [D] [thread 2208] [37.0] [cxt 0] Parser 'parser' entering state 'start'
[20:03:21.552] [bmv2] [D] [thread 2208] [37.0] [cxt 0] Extracting header 'ethernet'
[20:03:21.552] [bmv2] [D] [thread 2208] [37.0] [cxt 0] Parser state 'start': key is 8100
[20:03:21.552] [bmv2] [T] [thread 2208] [37.0] [cxt 0] Bytes parsed: 14
[20:03:21.552] [bmv2] [D] [thread 2208] [37.0] [cxt 0] Parser 'parser' entering state 'parse_vlan'
[20:03:21.552] [bmv2] [D] [thread 2208] [37.0] [cxt 0] Extracting header 'vlan'
[20:03:21.552] [bmv2] [D] [thread 2208] [37.0] [cxt 0] Parser state 'parse_vlan': key is 0800
[20:03:21.552] [bmv2] [T] [thread 2208] [37.0] [cxt 0] Bytes parsed: 18
[20:03:21.552] [bmv2] [D] [thread 2208] [37.0] [cxt 0] Parser 'parser' entering state 'parse_ipv4'
[20:03:21.553] [bmv2] [D] [thread 2208] [37.0] [cxt 0] Extracting header 'ipv4'
[20:03:21.553] [bmv2] [D] [thread 2208] [37.0] [cxt 0] Parser set: setting field 'scalars.tmp' from expression, new value is 1
[20:03:21.553] [bmv2] [D] [thread 2208] [37.0] [cxt 0] Parser state 'parse_ipv4': key is 06
[20:03:21.553] [bmv2] [T] [thread 2208] [37.0] [cxt 0] Bytes parsed: 38
[20:03:21.553] [bmv2] [D] [thread 2208] [37.0] [cxt 0] Parser 'parser' entering state 'parse_ipv4_option'
[20:03:21.553] [bmv2] [D] [thread 2208] [37.0] [cxt 0] Extracting header 'ipv4_option'
[20:03:21.553] [bmv2] [D] [thread 2208] [37.0] [cxt 0] Parser state 'parse_ipv4_option': key is 1f
[20:03:21.553] [bmv2] [T] [thread 2208] [37.0] [cxt 0] Bytes parsed: 40
[20:03:21.553] [bmv2] [D] [thread 2208] [37.0] [cxt 0] Parser 'parser' entering state 'parse_link_qos'
[20:03:21.553] [bmv2] [D] [thread 2208] [37.0] [cxt 0] Extracting header 'link_qos'
[20:03:21.553] [bmv2] [D] [thread 2208] [37.0] [cxt 0] Parser state 'parse_link_qos' has no switch, going to default next state
[20:03:21.553] [bmv2] [T] [thread 2208] [37.0] [cxt 0] Bytes parsed: 42
[20:03:21.553] [bmv2] [D] [thread 2208] [37.0] [cxt 0] Parser 'parser': end
[20:03:21.553] [bmv2] [D] [thread 2208] [37.0] [cxt 0] Pipeline 'ingress': start
[20:03:21.553] [bmv2] [T] [thread 2208] [37.0] [cxt 0] qos.p4(197) Condition "hdr.ipv4.isValid()" (node_2) is true
[20:03:21.553] [bmv2] [T] [thread 2208] [37.0] [cxt 0] qos.p4(198) Condition "hdr.link_qos.link_qos == TARGET_LINK_QOS" (node_3) is true
[20:03:21.553] [bmv2] [T] [thread 2208] [37.0] [cxt 0] Applying table 'tbl_qos199'
[20:03:21.554] [bmv2] [D] [thread 2208] [37.0] [cxt 0] Looking up key:

[20:03:21.554] [bmv2] [D] [thread 2208] [37.0] [cxt 0] Table 'tbl_qos199': miss
[20:03:21.554] [bmv2] [D] [thread 2208] [37.0] [cxt 0] Action entry is qos199 - 
[20:03:21.554] [bmv2] [T] [thread 2208] [37.0] [cxt 0] Action qos199
[20:03:21.554] [bmv2] [T] [thread 2208] [37.0] [cxt 0] qos.p4(199) Primitive hdr.ipv4.diffserv = (TARGET_DSCP << 2
[20:03:21.554] [bmv2] [T] [thread 2208] [37.0] [cxt 0] qos.p4(28) Primitive 7; ...
[20:03:21.554] [bmv2] [T] [thread 2208] [37.0] [cxt 0] Applying table 'MyIngress.ipv4_lpm'
[20:03:21.554] [bmv2] [D] [thread 2208] [37.0] [cxt 0] Looking up key:
* hdr.ipv4.dstAddr    : 0a000202

[20:03:21.554] [bmv2] [D] [thread 2208] [37.0] [cxt 0] Table 'MyIngress.ipv4_lpm': hit with handle 0
[20:03:21.554] [bmv2] [D] [thread 2208] [37.0] [cxt 0] Dumping entry 0
Match key:
* hdr.ipv4.dstAddr    : LPM       0a000202/32
Action entry: MyIngress.ipv4_forward - 80000000202,2,

[20:03:21.555] [bmv2] [D] [thread 2208] [37.0] [cxt 0] Action entry is MyIngress.ipv4_forward - 80000000202,2,
[20:03:21.555] [bmv2] [T] [thread 2208] [37.0] [cxt 0] Action MyIngress.ipv4_forward
[20:03:21.555] [bmv2] [T] [thread 2208] [37.0] [cxt 0] qos.p4(175) Primitive standard_metadata.egress_spec = port
[20:03:21.555] [bmv2] [T] [thread 2208] [37.0] [cxt 0] qos.p4(176) Primitive hdr.ethernet.srcAddr = hdr.ethernet.dstAddr
[20:03:21.555] [bmv2] [T] [thread 2208] [37.0] [cxt 0] qos.p4(177) Primitive hdr.ethernet.dstAddr = dstAddr
[20:03:21.555] [bmv2] [T] [thread 2208] [37.0] [cxt 0] qos.p4(178) Primitive hdr.ipv4.ttl = hdr.ipv4.ttl - 1
[20:03:21.555] [bmv2] [D] [thread 2208] [37.0] [cxt 0] Pipeline 'ingress': end
[20:03:21.555] [bmv2] [D] [thread 2208] [37.0] [cxt 0] Egress port is 2
[20:03:21.555] [bmv2] [D] [thread 2211] [37.0] [cxt 0] Pipeline 'egress': start
[20:03:21.555] [bmv2] [D] [thread 2211] [37.0] [cxt 0] Pipeline 'egress': end
[20:03:21.556] [bmv2] [D] [thread 2211] [37.0] [cxt 0] Deparser 'deparser': start
[20:03:21.556] [bmv2] [D] [thread 2211] [37.0] [cxt 0] Updating checksum 'cksum'
[20:03:21.556] [bmv2] [D] [thread 2211] [37.0] [cxt 0] Deparsing header 'ethernet'
[20:03:21.556] [bmv2] [D] [thread 2211] [37.0] [cxt 0] Deparsing header 'vlan'
[20:03:21.556] [bmv2] [D] [thread 2211] [37.0] [cxt 0] Deparsing header 'ipv4'
[20:03:21.556] [bmv2] [D] [thread 2211] [37.0] [cxt 0] Deparsing header 'ipv4_option'
[20:03:21.556] [bmv2] [D] [thread 2211] [37.0] [cxt 0] Deparsing header 'link_qos'
[20:03:21.556] [bmv2] [D] [thread 2211] [37.0] [cxt 0] Deparser 'deparser': end
[20:03:21.556] [bmv2] [D] [thread 2213] [37.0] [cxt 0] Transmitting packet of size 50 out of port 2
[20:03:22.160] [bmv2] [D] [thread 2208] [38.0] [cxt 0] Processing packet received on port 2
[20:03:22.160] [bmv2] [D] [thread 2208] [38.0] [cxt 0] Parser 'parser': start
[20:03:22.160] [bmv2] [D] [thread 2208] [38.0] [cxt 0] Parser 'parser' entering state 'start'
[20:03:22.161] [bmv2] [D] [thread 2208] [38.0] [cxt 0] Extracting header 'ethernet'
[20:03:22.161] [bmv2] [D] [thread 2208] [38.0] [cxt 0] Parser state 'start': key is 8100
[20:03:22.161] [bmv2] [T] [thread 2208] [38.0] [cxt 0] Bytes parsed: 14
[20:03:22.161] [bmv2] [D] [thread 2208] [38.0] [cxt 0] Parser 'parser' entering state 'parse_vlan'
[20:03:22.161] [bmv2] [D] [thread 2208] [38.0] [cxt 0] Extracting header 'vlan'
[20:03:22.161] [bmv2] [D] [thread 2208] [38.0] [cxt 0] Parser state 'parse_vlan': key is 0800
[20:03:22.161] [bmv2] [T] [thread 2208] [38.0] [cxt 0] Bytes parsed: 18
[20:03:22.161] [bmv2] [D] [thread 2208] [38.0] [cxt 0] Parser 'parser' entering state 'parse_ipv4'
[20:03:22.161] [bmv2] [D] [thread 2208] [38.0] [cxt 0] Extracting header 'ipv4'
[20:03:22.161] [bmv2] [D] [thread 2208] [38.0] [cxt 0] Parser set: setting field 'scalars.tmp' from expression, new value is 1
[20:03:22.161] [bmv2] [D] [thread 2208] [38.0] [cxt 0] Parser state 'parse_ipv4': key is 05
[20:03:22.161] [bmv2] [T] [thread 2208] [38.0] [cxt 0] Bytes parsed: 38
[20:03:22.161] [bmv2] [D] [thread 2208] [38.0] [cxt 0] Parser 'parser': end
[20:03:22.161] [bmv2] [D] [thread 2208] [38.0] [cxt 0] Pipeline 'ingress': start
[20:03:22.161] [bmv2] [T] [thread 2208] [38.0] [cxt 0] qos.p4(197) Condition "hdr.ipv4.isValid()" (node_2) is true
[20:03:22.161] [bmv2] [T] [thread 2208] [38.0] [cxt 0] qos.p4(198) Condition "hdr.link_qos.link_qos == TARGET_LINK_QOS" (node_3) is true
[20:03:22.162] [bmv2] [T] [thread 2208] [38.0] [cxt 0] Applying table 'tbl_qos199'
[20:03:22.162] [bmv2] [D] [thread 2208] [38.0] [cxt 0] Looking up key:

[20:03:22.162] [bmv2] [D] [thread 2208] [38.0] [cxt 0] Table 'tbl_qos199': miss
[20:03:22.162] [bmv2] [D] [thread 2208] [38.0] [cxt 0] Action entry is qos199 - 
[20:03:22.162] [bmv2] [T] [thread 2208] [38.0] [cxt 0] Action qos199
[20:03:22.162] [bmv2] [T] [thread 2208] [38.0] [cxt 0] qos.p4(199) Primitive hdr.ipv4.diffserv = (TARGET_DSCP << 2
[20:03:22.162] [bmv2] [T] [thread 2208] [38.0] [cxt 0] qos.p4(28) Primitive 7; ...
[20:03:22.162] [bmv2] [T] [thread 2208] [38.0] [cxt 0] Applying table 'MyIngress.ipv4_lpm'
[20:03:22.162] [bmv2] [D] [thread 2208] [38.0] [cxt 0] Looking up key:
* hdr.ipv4.dstAddr    : 0a000202

[20:03:22.162] [bmv2] [D] [thread 2208] [38.0] [cxt 0] Table 'MyIngress.ipv4_lpm': hit with handle 0
[20:03:22.163] [bmv2] [D] [thread 2208] [38.0] [cxt 0] Dumping entry 0
Match key:
* hdr.ipv4.dstAddr    : LPM       0a000202/32
Action entry: MyIngress.ipv4_forward - 80000000202,2,

[20:03:22.163] [bmv2] [D] [thread 2208] [38.0] [cxt 0] Action entry is MyIngress.ipv4_forward - 80000000202,2,
[20:03:22.163] [bmv2] [T] [thread 2208] [38.0] [cxt 0] Action MyIngress.ipv4_forward
[20:03:22.163] [bmv2] [T] [thread 2208] [38.0] [cxt 0] qos.p4(175) Primitive standard_metadata.egress_spec = port
[20:03:22.163] [bmv2] [T] [thread 2208] [38.0] [cxt 0] qos.p4(176) Primitive hdr.ethernet.srcAddr = hdr.ethernet.dstAddr
[20:03:22.163] [bmv2] [T] [thread 2208] [38.0] [cxt 0] qos.p4(177) Primitive hdr.ethernet.dstAddr = dstAddr
[20:03:22.163] [bmv2] [T] [thread 2208] [38.0] [cxt 0] qos.p4(178) Primitive hdr.ipv4.ttl = hdr.ipv4.ttl - 1
[20:03:22.163] [bmv2] [D] [thread 2208] [38.0] [cxt 0] Pipeline 'ingress': end
[20:03:22.163] [bmv2] [D] [thread 2208] [38.0] [cxt 0] Egress port is 2
[20:03:22.163] [bmv2] [D] [thread 2211] [38.0] [cxt 0] Pipeline 'egress': start
[20:03:22.163] [bmv2] [D] [thread 2211] [38.0] [cxt 0] Pipeline 'egress': end
[20:03:22.163] [bmv2] [D] [thread 2211] [38.0] [cxt 0] Deparser 'deparser': start
[20:03:22.163] [bmv2] [D] [thread 2211] [38.0] [cxt 0] Updating checksum 'cksum'
[20:03:22.163] [bmv2] [D] [thread 2211] [38.0] [cxt 0] Deparsing header 'ethernet'
[20:03:22.163] [bmv2] [D] [thread 2211] [38.0] [cxt 0] Deparsing header 'vlan'
[20:03:22.163] [bmv2] [D] [thread 2211] [38.0] [cxt 0] Deparsing header 'ipv4'
[20:03:22.163] [bmv2] [D] [thread 2211] [38.0] [cxt 0] Deparser 'deparser': end
[20:03:22.164] [bmv2] [D] [thread 2213] [38.0] [cxt 0] Transmitting packet of size 46 out of port 2
[20:03:22.580] [bmv2] [D] [thread 2208] [39.0] [cxt 0] Processing packet received on port 3
[20:03:22.581] [bmv2] [D] [thread 2208] [39.0] [cxt 0] Parser 'parser': start
[20:03:22.581] [bmv2] [D] [thread 2208] [39.0] [cxt 0] Parser 'parser' entering state 'start'
[20:03:22.581] [bmv2] [D] [thread 2208] [39.0] [cxt 0] Extracting header 'ethernet'
[20:03:22.583] [bmv2] [D] [thread 2208] [39.0] [cxt 0] Parser state 'start': key is 8100
[20:03:22.583] [bmv2] [T] [thread 2208] [39.0] [cxt 0] Bytes parsed: 14
[20:03:22.583] [bmv2] [D] [thread 2208] [39.0] [cxt 0] Parser 'parser' entering state 'parse_vlan'
[20:03:22.583] [bmv2] [D] [thread 2208] [39.0] [cxt 0] Extracting header 'vlan'
[20:03:22.583] [bmv2] [D] [thread 2208] [39.0] [cxt 0] Parser state 'parse_vlan': key is 0800
[20:03:22.583] [bmv2] [T] [thread 2208] [39.0] [cxt 0] Bytes parsed: 18
[20:03:22.583] [bmv2] [D] [thread 2208] [39.0] [cxt 0] Parser 'parser' entering state 'parse_ipv4'
[20:03:22.583] [bmv2] [D] [thread 2208] [39.0] [cxt 0] Extracting header 'ipv4'
[20:03:22.584] [bmv2] [D] [thread 2208] [39.0] [cxt 0] Parser set: setting field 'scalars.tmp' from expression, new value is 1
[20:03:22.584] [bmv2] [D] [thread 2208] [39.0] [cxt 0] Parser state 'parse_ipv4': key is 06
[20:03:22.584] [bmv2] [T] [thread 2208] [39.0] [cxt 0] Bytes parsed: 38
[20:03:22.584] [bmv2] [D] [thread 2208] [39.0] [cxt 0] Parser 'parser' entering state 'parse_ipv4_option'
[20:03:22.584] [bmv2] [D] [thread 2208] [39.0] [cxt 0] Extracting header 'ipv4_option'
[20:03:22.584] [bmv2] [D] [thread 2208] [39.0] [cxt 0] Parser state 'parse_ipv4_option': key is 1f
[20:03:22.584] [bmv2] [T] [thread 2208] [39.0] [cxt 0] Bytes parsed: 40
[20:03:22.584] [bmv2] [D] [thread 2208] [39.0] [cxt 0] Parser 'parser' entering state 'parse_link_qos'
[20:03:22.584] [bmv2] [D] [thread 2208] [39.0] [cxt 0] Extracting header 'link_qos'
[20:03:22.584] [bmv2] [D] [thread 2208] [39.0] [cxt 0] Parser state 'parse_link_qos' has no switch, going to default next state
[20:03:22.584] [bmv2] [T] [thread 2208] [39.0] [cxt 0] Bytes parsed: 42
[20:03:22.585] [bmv2] [D] [thread 2208] [39.0] [cxt 0] Parser 'parser': end
[20:03:22.585] [bmv2] [D] [thread 2208] [39.0] [cxt 0] Pipeline 'ingress': start
[20:03:22.585] [bmv2] [T] [thread 2208] [39.0] [cxt 0] qos.p4(197) Condition "hdr.ipv4.isValid()" (node_2) is true
[20:03:22.585] [bmv2] [T] [thread 2208] [39.0] [cxt 0] qos.p4(198) Condition "hdr.link_qos.link_qos == TARGET_LINK_QOS" (node_3) is true
[20:03:22.585] [bmv2] [T] [thread 2208] [39.0] [cxt 0] Applying table 'tbl_qos199'
[20:03:22.585] [bmv2] [D] [thread 2208] [39.0] [cxt 0] Looking up key:

[20:03:22.585] [bmv2] [D] [thread 2208] [39.0] [cxt 0] Table 'tbl_qos199': miss
[20:03:22.585] [bmv2] [D] [thread 2208] [39.0] [cxt 0] Action entry is qos199 - 
[20:03:22.585] [bmv2] [T] [thread 2208] [39.0] [cxt 0] Action qos199
[20:03:22.585] [bmv2] [T] [thread 2208] [39.0] [cxt 0] qos.p4(199) Primitive hdr.ipv4.diffserv = (TARGET_DSCP << 2
[20:03:22.585] [bmv2] [T] [thread 2208] [39.0] [cxt 0] qos.p4(28) Primitive 7; ...
[20:03:22.585] [bmv2] [T] [thread 2208] [39.0] [cxt 0] Applying table 'MyIngress.ipv4_lpm'
[20:03:22.586] [bmv2] [D] [thread 2208] [39.0] [cxt 0] Looking up key:
* hdr.ipv4.dstAddr    : 0a000202

[20:03:22.586] [bmv2] [D] [thread 2208] [39.0] [cxt 0] Table 'MyIngress.ipv4_lpm': hit with handle 0
[20:03:22.586] [bmv2] [D] [thread 2208] [39.0] [cxt 0] Dumping entry 0
Match key:
* hdr.ipv4.dstAddr    : LPM       0a000202/32
Action entry: MyIngress.ipv4_forward - 80000000202,2,

[20:03:22.586] [bmv2] [D] [thread 2208] [39.0] [cxt 0] Action entry is MyIngress.ipv4_forward - 80000000202,2,
[20:03:22.586] [bmv2] [T] [thread 2208] [39.0] [cxt 0] Action MyIngress.ipv4_forward
[20:03:22.586] [bmv2] [T] [thread 2208] [39.0] [cxt 0] qos.p4(175) Primitive standard_metadata.egress_spec = port
[20:03:22.586] [bmv2] [T] [thread 2208] [39.0] [cxt 0] qos.p4(176) Primitive hdr.ethernet.srcAddr = hdr.ethernet.dstAddr
[20:03:22.586] [bmv2] [T] [thread 2208] [39.0] [cxt 0] qos.p4(177) Primitive hdr.ethernet.dstAddr = dstAddr
[20:03:22.586] [bmv2] [T] [thread 2208] [39.0] [cxt 0] qos.p4(178) Primitive hdr.ipv4.ttl = hdr.ipv4.ttl - 1
[20:03:22.586] [bmv2] [D] [thread 2208] [39.0] [cxt 0] Pipeline 'ingress': end
[20:03:22.586] [bmv2] [D] [thread 2208] [39.0] [cxt 0] Egress port is 2
[20:03:22.587] [bmv2] [D] [thread 2211] [39.0] [cxt 0] Pipeline 'egress': start
[20:03:22.587] [bmv2] [D] [thread 2211] [39.0] [cxt 0] Pipeline 'egress': end
[20:03:22.587] [bmv2] [D] [thread 2211] [39.0] [cxt 0] Deparser 'deparser': start
[20:03:22.587] [bmv2] [D] [thread 2211] [39.0] [cxt 0] Updating checksum 'cksum'
[20:03:22.587] [bmv2] [D] [thread 2211] [39.0] [cxt 0] Deparsing header 'ethernet'
[20:03:22.587] [bmv2] [D] [thread 2211] [39.0] [cxt 0] Deparsing header 'vlan'
[20:03:22.587] [bmv2] [D] [thread 2211] [39.0] [cxt 0] Deparsing header 'ipv4'
[20:03:22.587] [bmv2] [D] [thread 2211] [39.0] [cxt 0] Deparsing header 'ipv4_option'
[20:03:22.587] [bmv2] [D] [thread 2211] [39.0] [cxt 0] Deparsing header 'link_qos'
[20:03:22.587] [bmv2] [D] [thread 2211] [39.0] [cxt 0] Deparser 'deparser': end
[20:03:22.587] [bmv2] [D] [thread 2213] [39.0] [cxt 0] Transmitting packet of size 50 out of port 2
[20:03:23.195] [bmv2] [D] [thread 2208] [40.0] [cxt 0] Processing packet received on port 2
[20:03:23.195] [bmv2] [D] [thread 2208] [40.0] [cxt 0] Parser 'parser': start
[20:03:23.195] [bmv2] [D] [thread 2208] [40.0] [cxt 0] Parser 'parser' entering state 'start'
[20:03:23.195] [bmv2] [D] [thread 2208] [40.0] [cxt 0] Extracting header 'ethernet'
[20:03:23.195] [bmv2] [D] [thread 2208] [40.0] [cxt 0] Parser state 'start': key is 8100
[20:03:23.195] [bmv2] [T] [thread 2208] [40.0] [cxt 0] Bytes parsed: 14
[20:03:23.195] [bmv2] [D] [thread 2208] [40.0] [cxt 0] Parser 'parser' entering state 'parse_vlan'
[20:03:23.195] [bmv2] [D] [thread 2208] [40.0] [cxt 0] Extracting header 'vlan'
[20:03:23.195] [bmv2] [D] [thread 2208] [40.0] [cxt 0] Parser state 'parse_vlan': key is 0800
[20:03:23.195] [bmv2] [T] [thread 2208] [40.0] [cxt 0] Bytes parsed: 18
[20:03:23.195] [bmv2] [D] [thread 2208] [40.0] [cxt 0] Parser 'parser' entering state 'parse_ipv4'
[20:03:23.196] [bmv2] [D] [thread 2208] [40.0] [cxt 0] Extracting header 'ipv4'
[20:03:23.196] [bmv2] [D] [thread 2208] [40.0] [cxt 0] Parser set: setting field 'scalars.tmp' from expression, new value is 1
[20:03:23.196] [bmv2] [D] [thread 2208] [40.0] [cxt 0] Parser state 'parse_ipv4': key is 05
[20:03:23.196] [bmv2] [T] [thread 2208] [40.0] [cxt 0] Bytes parsed: 38
[20:03:23.196] [bmv2] [D] [thread 2208] [40.0] [cxt 0] Parser 'parser': end
[20:03:23.196] [bmv2] [D] [thread 2208] [40.0] [cxt 0] Pipeline 'ingress': start
[20:03:23.196] [bmv2] [T] [thread 2208] [40.0] [cxt 0] qos.p4(197) Condition "hdr.ipv4.isValid()" (node_2) is true
[20:03:23.196] [bmv2] [T] [thread 2208] [40.0] [cxt 0] qos.p4(198) Condition "hdr.link_qos.link_qos == TARGET_LINK_QOS" (node_3) is true
[20:03:23.196] [bmv2] [T] [thread 2208] [40.0] [cxt 0] Applying table 'tbl_qos199'
[20:03:23.197] [bmv2] [D] [thread 2208] [40.0] [cxt 0] Looking up key:

[20:03:23.197] [bmv2] [D] [thread 2208] [40.0] [cxt 0] Table 'tbl_qos199': miss
[20:03:23.197] [bmv2] [D] [thread 2208] [40.0] [cxt 0] Action entry is qos199 - 
[20:03:23.197] [bmv2] [T] [thread 2208] [40.0] [cxt 0] Action qos199
[20:03:23.197] [bmv2] [T] [thread 2208] [40.0] [cxt 0] qos.p4(199) Primitive hdr.ipv4.diffserv = (TARGET_DSCP << 2
[20:03:23.197] [bmv2] [T] [thread 2208] [40.0] [cxt 0] qos.p4(28) Primitive 7; ...
[20:03:23.197] [bmv2] [T] [thread 2208] [40.0] [cxt 0] Applying table 'MyIngress.ipv4_lpm'
[20:03:23.197] [bmv2] [D] [thread 2208] [40.0] [cxt 0] Looking up key:
* hdr.ipv4.dstAddr    : 0a000202

[20:03:23.197] [bmv2] [D] [thread 2208] [40.0] [cxt 0] Table 'MyIngress.ipv4_lpm': hit with handle 0
[20:03:23.197] [bmv2] [D] [thread 2208] [40.0] [cxt 0] Dumping entry 0
Match key:
* hdr.ipv4.dstAddr    : LPM       0a000202/32
Action entry: MyIngress.ipv4_forward - 80000000202,2,

[20:03:23.197] [bmv2] [D] [thread 2208] [40.0] [cxt 0] Action entry is MyIngress.ipv4_forward - 80000000202,2,
[20:03:23.197] [bmv2] [T] [thread 2208] [40.0] [cxt 0] Action MyIngress.ipv4_forward
[20:03:23.198] [bmv2] [T] [thread 2208] [40.0] [cxt 0] qos.p4(175) Primitive standard_metadata.egress_spec = port
[20:03:23.198] [bmv2] [T] [thread 2208] [40.0] [cxt 0] qos.p4(176) Primitive hdr.ethernet.srcAddr = hdr.ethernet.dstAddr
[20:03:23.198] [bmv2] [T] [thread 2208] [40.0] [cxt 0] qos.p4(177) Primitive hdr.ethernet.dstAddr = dstAddr
[20:03:23.198] [bmv2] [T] [thread 2208] [40.0] [cxt 0] qos.p4(178) Primitive hdr.ipv4.ttl = hdr.ipv4.ttl - 1
[20:03:23.198] [bmv2] [D] [thread 2208] [40.0] [cxt 0] Pipeline 'ingress': end
[20:03:23.198] [bmv2] [D] [thread 2208] [40.0] [cxt 0] Egress port is 2
[20:03:23.200] [bmv2] [D] [thread 2211] [40.0] [cxt 0] Pipeline 'egress': start
[20:03:23.201] [bmv2] [D] [thread 2211] [40.0] [cxt 0] Pipeline 'egress': end
[20:03:23.201] [bmv2] [D] [thread 2211] [40.0] [cxt 0] Deparser 'deparser': start
[20:03:23.201] [bmv2] [D] [thread 2211] [40.0] [cxt 0] Updating checksum 'cksum'
[20:03:23.202] [bmv2] [D] [thread 2211] [40.0] [cxt 0] Deparsing header 'ethernet'
[20:03:23.202] [bmv2] [D] [thread 2211] [40.0] [cxt 0] Deparsing header 'vlan'
[20:03:23.202] [bmv2] [D] [thread 2211] [40.0] [cxt 0] Deparsing header 'ipv4'
[20:03:23.202] [bmv2] [D] [thread 2211] [40.0] [cxt 0] Deparser 'deparser': end
[20:03:23.202] [bmv2] [D] [thread 2213] [40.0] [cxt 0] Transmitting packet of size 46 out of port 2
[20:03:23.610] [bmv2] [D] [thread 2208] [41.0] [cxt 0] Processing packet received on port 3
[20:03:23.611] [bmv2] [D] [thread 2208] [41.0] [cxt 0] Parser 'parser': start
[20:03:23.611] [bmv2] [D] [thread 2208] [41.0] [cxt 0] Parser 'parser' entering state 'start'
[20:03:23.611] [bmv2] [D] [thread 2208] [41.0] [cxt 0] Extracting header 'ethernet'
[20:03:23.611] [bmv2] [D] [thread 2208] [41.0] [cxt 0] Parser state 'start': key is 8100
[20:03:23.611] [bmv2] [T] [thread 2208] [41.0] [cxt 0] Bytes parsed: 14
[20:03:23.611] [bmv2] [D] [thread 2208] [41.0] [cxt 0] Parser 'parser' entering state 'parse_vlan'
[20:03:23.611] [bmv2] [D] [thread 2208] [41.0] [cxt 0] Extracting header 'vlan'
[20:03:23.611] [bmv2] [D] [thread 2208] [41.0] [cxt 0] Parser state 'parse_vlan': key is 0800
[20:03:23.612] [bmv2] [T] [thread 2208] [41.0] [cxt 0] Bytes parsed: 18
[20:03:23.612] [bmv2] [D] [thread 2208] [41.0] [cxt 0] Parser 'parser' entering state 'parse_ipv4'
[20:03:23.612] [bmv2] [D] [thread 2208] [41.0] [cxt 0] Extracting header 'ipv4'
[20:03:23.612] [bmv2] [D] [thread 2208] [41.0] [cxt 0] Parser set: setting field 'scalars.tmp' from expression, new value is 1
[20:03:23.612] [bmv2] [D] [thread 2208] [41.0] [cxt 0] Parser state 'parse_ipv4': key is 06
[20:03:23.612] [bmv2] [T] [thread 2208] [41.0] [cxt 0] Bytes parsed: 38
[20:03:23.612] [bmv2] [D] [thread 2208] [41.0] [cxt 0] Parser 'parser' entering state 'parse_ipv4_option'
[20:03:23.612] [bmv2] [D] [thread 2208] [41.0] [cxt 0] Extracting header 'ipv4_option'
[20:03:23.612] [bmv2] [D] [thread 2208] [41.0] [cxt 0] Parser state 'parse_ipv4_option': key is 1f
[20:03:23.613] [bmv2] [T] [thread 2208] [41.0] [cxt 0] Bytes parsed: 40
[20:03:23.613] [bmv2] [D] [thread 2208] [41.0] [cxt 0] Parser 'parser' entering state 'parse_link_qos'
[20:03:23.613] [bmv2] [D] [thread 2208] [41.0] [cxt 0] Extracting header 'link_qos'
[20:03:23.613] [bmv2] [D] [thread 2208] [41.0] [cxt 0] Parser state 'parse_link_qos' has no switch, going to default next state
[20:03:23.613] [bmv2] [T] [thread 2208] [41.0] [cxt 0] Bytes parsed: 42
[20:03:23.613] [bmv2] [D] [thread 2208] [41.0] [cxt 0] Parser 'parser': end
[20:03:23.613] [bmv2] [D] [thread 2208] [41.0] [cxt 0] Pipeline 'ingress': start
[20:03:23.613] [bmv2] [T] [thread 2208] [41.0] [cxt 0] qos.p4(197) Condition "hdr.ipv4.isValid()" (node_2) is true
[20:03:23.613] [bmv2] [T] [thread 2208] [41.0] [cxt 0] qos.p4(198) Condition "hdr.link_qos.link_qos == TARGET_LINK_QOS" (node_3) is true
[20:03:23.613] [bmv2] [T] [thread 2208] [41.0] [cxt 0] Applying table 'tbl_qos199'
[20:03:23.613] [bmv2] [D] [thread 2208] [41.0] [cxt 0] Looking up key:

[20:03:23.613] [bmv2] [D] [thread 2208] [41.0] [cxt 0] Table 'tbl_qos199': miss
[20:03:23.613] [bmv2] [D] [thread 2208] [41.0] [cxt 0] Action entry is qos199 - 
[20:03:23.614] [bmv2] [T] [thread 2208] [41.0] [cxt 0] Action qos199
[20:03:23.614] [bmv2] [T] [thread 2208] [41.0] [cxt 0] qos.p4(199) Primitive hdr.ipv4.diffserv = (TARGET_DSCP << 2
[20:03:23.614] [bmv2] [T] [thread 2208] [41.0] [cxt 0] qos.p4(28) Primitive 7; ...
[20:03:23.614] [bmv2] [T] [thread 2208] [41.0] [cxt 0] Applying table 'MyIngress.ipv4_lpm'
[20:03:23.614] [bmv2] [D] [thread 2208] [41.0] [cxt 0] Looking up key:
* hdr.ipv4.dstAddr    : 0a000202

[20:03:23.614] [bmv2] [D] [thread 2208] [41.0] [cxt 0] Table 'MyIngress.ipv4_lpm': hit with handle 0
[20:03:23.614] [bmv2] [D] [thread 2208] [41.0] [cxt 0] Dumping entry 0
Match key:
* hdr.ipv4.dstAddr    : LPM       0a000202/32
Action entry: MyIngress.ipv4_forward - 80000000202,2,

[20:03:23.614] [bmv2] [D] [thread 2208] [41.0] [cxt 0] Action entry is MyIngress.ipv4_forward - 80000000202,2,
[20:03:23.614] [bmv2] [T] [thread 2208] [41.0] [cxt 0] Action MyIngress.ipv4_forward
[20:03:23.614] [bmv2] [T] [thread 2208] [41.0] [cxt 0] qos.p4(175) Primitive standard_metadata.egress_spec = port
[20:03:23.614] [bmv2] [T] [thread 2208] [41.0] [cxt 0] qos.p4(176) Primitive hdr.ethernet.srcAddr = hdr.ethernet.dstAddr
[20:03:23.614] [bmv2] [T] [thread 2208] [41.0] [cxt 0] qos.p4(177) Primitive hdr.ethernet.dstAddr = dstAddr
[20:03:23.615] [bmv2] [T] [thread 2208] [41.0] [cxt 0] qos.p4(178) Primitive hdr.ipv4.ttl = hdr.ipv4.ttl - 1
[20:03:23.615] [bmv2] [D] [thread 2208] [41.0] [cxt 0] Pipeline 'ingress': end
[20:03:23.615] [bmv2] [D] [thread 2208] [41.0] [cxt 0] Egress port is 2
[20:03:23.615] [bmv2] [D] [thread 2211] [41.0] [cxt 0] Pipeline 'egress': start
[20:03:23.615] [bmv2] [D] [thread 2211] [41.0] [cxt 0] Pipeline 'egress': end
[20:03:23.615] [bmv2] [D] [thread 2211] [41.0] [cxt 0] Deparser 'deparser': start
[20:03:23.615] [bmv2] [D] [thread 2211] [41.0] [cxt 0] Updating checksum 'cksum'
[20:03:23.615] [bmv2] [D] [thread 2211] [41.0] [cxt 0] Deparsing header 'ethernet'
[20:03:23.615] [bmv2] [D] [thread 2211] [41.0] [cxt 0] Deparsing header 'vlan'
[20:03:23.616] [bmv2] [D] [thread 2211] [41.0] [cxt 0] Deparsing header 'ipv4'
[20:03:23.616] [bmv2] [D] [thread 2211] [41.0] [cxt 0] Deparsing header 'ipv4_option'
[20:03:23.616] [bmv2] [D] [thread 2211] [41.0] [cxt 0] Deparsing header 'link_qos'
[20:03:23.616] [bmv2] [D] [thread 2211] [41.0] [cxt 0] Deparser 'deparser': end
[20:03:23.616] [bmv2] [D] [thread 2213] [41.0] [cxt 0] Transmitting packet of size 50 out of port 2
[20:03:24.225] [bmv2] [D] [thread 2208] [42.0] [cxt 0] Processing packet received on port 2
[20:03:24.226] [bmv2] [D] [thread 2208] [42.0] [cxt 0] Parser 'parser': start
[20:03:24.226] [bmv2] [D] [thread 2208] [42.0] [cxt 0] Parser 'parser' entering state 'start'
[20:03:24.226] [bmv2] [D] [thread 2208] [42.0] [cxt 0] Extracting header 'ethernet'
[20:03:24.226] [bmv2] [D] [thread 2208] [42.0] [cxt 0] Parser state 'start': key is 8100
[20:03:24.226] [bmv2] [T] [thread 2208] [42.0] [cxt 0] Bytes parsed: 14
[20:03:24.226] [bmv2] [D] [thread 2208] [42.0] [cxt 0] Parser 'parser' entering state 'parse_vlan'
[20:03:24.226] [bmv2] [D] [thread 2208] [42.0] [cxt 0] Extracting header 'vlan'
[20:03:24.226] [bmv2] [D] [thread 2208] [42.0] [cxt 0] Parser state 'parse_vlan': key is 0800
[20:03:24.226] [bmv2] [T] [thread 2208] [42.0] [cxt 0] Bytes parsed: 18
[20:03:24.226] [bmv2] [D] [thread 2208] [42.0] [cxt 0] Parser 'parser' entering state 'parse_ipv4'
[20:03:24.226] [bmv2] [D] [thread 2208] [42.0] [cxt 0] Extracting header 'ipv4'
[20:03:24.226] [bmv2] [D] [thread 2208] [42.0] [cxt 0] Parser set: setting field 'scalars.tmp' from expression, new value is 1
[20:03:24.226] [bmv2] [D] [thread 2208] [42.0] [cxt 0] Parser state 'parse_ipv4': key is 05
[20:03:24.226] [bmv2] [T] [thread 2208] [42.0] [cxt 0] Bytes parsed: 38
[20:03:24.227] [bmv2] [D] [thread 2208] [42.0] [cxt 0] Parser 'parser': end
[20:03:24.227] [bmv2] [D] [thread 2208] [42.0] [cxt 0] Pipeline 'ingress': start
[20:03:24.227] [bmv2] [T] [thread 2208] [42.0] [cxt 0] qos.p4(197) Condition "hdr.ipv4.isValid()" (node_2) is true
[20:03:24.227] [bmv2] [T] [thread 2208] [42.0] [cxt 0] qos.p4(198) Condition "hdr.link_qos.link_qos == TARGET_LINK_QOS" (node_3) is true
[20:03:24.227] [bmv2] [T] [thread 2208] [42.0] [cxt 0] Applying table 'tbl_qos199'
[20:03:24.227] [bmv2] [D] [thread 2208] [42.0] [cxt 0] Looking up key:

[20:03:24.227] [bmv2] [D] [thread 2208] [42.0] [cxt 0] Table 'tbl_qos199': miss
[20:03:24.227] [bmv2] [D] [thread 2208] [42.0] [cxt 0] Action entry is qos199 - 
[20:03:24.227] [bmv2] [T] [thread 2208] [42.0] [cxt 0] Action qos199
[20:03:24.227] [bmv2] [T] [thread 2208] [42.0] [cxt 0] qos.p4(199) Primitive hdr.ipv4.diffserv = (TARGET_DSCP << 2
[20:03:24.227] [bmv2] [T] [thread 2208] [42.0] [cxt 0] qos.p4(28) Primitive 7; ...
[20:03:24.227] [bmv2] [T] [thread 2208] [42.0] [cxt 0] Applying table 'MyIngress.ipv4_lpm'
[20:03:24.227] [bmv2] [D] [thread 2208] [42.0] [cxt 0] Looking up key:
* hdr.ipv4.dstAddr    : 0a000202

[20:03:24.227] [bmv2] [D] [thread 2208] [42.0] [cxt 0] Table 'MyIngress.ipv4_lpm': hit with handle 0
[20:03:24.228] [bmv2] [D] [thread 2208] [42.0] [cxt 0] Dumping entry 0
Match key:
* hdr.ipv4.dstAddr    : LPM       0a000202/32
Action entry: MyIngress.ipv4_forward - 80000000202,2,

[20:03:24.228] [bmv2] [D] [thread 2208] [42.0] [cxt 0] Action entry is MyIngress.ipv4_forward - 80000000202,2,
[20:03:24.228] [bmv2] [T] [thread 2208] [42.0] [cxt 0] Action MyIngress.ipv4_forward
[20:03:24.228] [bmv2] [T] [thread 2208] [42.0] [cxt 0] qos.p4(175) Primitive standard_metadata.egress_spec = port
[20:03:24.228] [bmv2] [T] [thread 2208] [42.0] [cxt 0] qos.p4(176) Primitive hdr.ethernet.srcAddr = hdr.ethernet.dstAddr
[20:03:24.228] [bmv2] [T] [thread 2208] [42.0] [cxt 0] qos.p4(177) Primitive hdr.ethernet.dstAddr = dstAddr
[20:03:24.228] [bmv2] [T] [thread 2208] [42.0] [cxt 0] qos.p4(178) Primitive hdr.ipv4.ttl = hdr.ipv4.ttl - 1
[20:03:24.228] [bmv2] [D] [thread 2208] [42.0] [cxt 0] Pipeline 'ingress': end
[20:03:24.228] [bmv2] [D] [thread 2208] [42.0] [cxt 0] Egress port is 2
[20:03:24.228] [bmv2] [D] [thread 2211] [42.0] [cxt 0] Pipeline 'egress': start
[20:03:24.229] [bmv2] [D] [thread 2211] [42.0] [cxt 0] Pipeline 'egress': end
[20:03:24.229] [bmv2] [D] [thread 2211] [42.0] [cxt 0] Deparser 'deparser': start
[20:03:24.229] [bmv2] [D] [thread 2211] [42.0] [cxt 0] Updating checksum 'cksum'
[20:03:24.229] [bmv2] [D] [thread 2211] [42.0] [cxt 0] Deparsing header 'ethernet'
[20:03:24.229] [bmv2] [D] [thread 2211] [42.0] [cxt 0] Deparsing header 'vlan'
[20:03:24.229] [bmv2] [D] [thread 2211] [42.0] [cxt 0] Deparsing header 'ipv4'
[20:03:24.229] [bmv2] [D] [thread 2211] [42.0] [cxt 0] Deparser 'deparser': end
[20:03:24.229] [bmv2] [D] [thread 2213] [42.0] [cxt 0] Transmitting packet of size 46 out of port 2
[20:03:24.642] [bmv2] [D] [thread 2208] [43.0] [cxt 0] Processing packet received on port 3
[20:03:24.642] [bmv2] [D] [thread 2208] [43.0] [cxt 0] Parser 'parser': start
[20:03:24.642] [bmv2] [D] [thread 2208] [43.0] [cxt 0] Parser 'parser' entering state 'start'
[20:03:24.642] [bmv2] [D] [thread 2208] [43.0] [cxt 0] Extracting header 'ethernet'
[20:03:24.642] [bmv2] [D] [thread 2208] [43.0] [cxt 0] Parser state 'start': key is 8100
[20:03:24.643] [bmv2] [T] [thread 2208] [43.0] [cxt 0] Bytes parsed: 14
[20:03:24.643] [bmv2] [D] [thread 2208] [43.0] [cxt 0] Parser 'parser' entering state 'parse_vlan'
[20:03:24.643] [bmv2] [D] [thread 2208] [43.0] [cxt 0] Extracting header 'vlan'
[20:03:24.643] [bmv2] [D] [thread 2208] [43.0] [cxt 0] Parser state 'parse_vlan': key is 0800
[20:03:24.643] [bmv2] [T] [thread 2208] [43.0] [cxt 0] Bytes parsed: 18
[20:03:24.643] [bmv2] [D] [thread 2208] [43.0] [cxt 0] Parser 'parser' entering state 'parse_ipv4'
[20:03:24.643] [bmv2] [D] [thread 2208] [43.0] [cxt 0] Extracting header 'ipv4'
[20:03:24.643] [bmv2] [D] [thread 2208] [43.0] [cxt 0] Parser set: setting field 'scalars.tmp' from expression, new value is 1
[20:03:24.643] [bmv2] [D] [thread 2208] [43.0] [cxt 0] Parser state 'parse_ipv4': key is 06
[20:03:24.643] [bmv2] [T] [thread 2208] [43.0] [cxt 0] Bytes parsed: 38
[20:03:24.643] [bmv2] [D] [thread 2208] [43.0] [cxt 0] Parser 'parser' entering state 'parse_ipv4_option'
[20:03:24.644] [bmv2] [D] [thread 2208] [43.0] [cxt 0] Extracting header 'ipv4_option'
[20:03:24.644] [bmv2] [D] [thread 2208] [43.0] [cxt 0] Parser state 'parse_ipv4_option': key is 1f
[20:03:24.644] [bmv2] [T] [thread 2208] [43.0] [cxt 0] Bytes parsed: 40
[20:03:24.644] [bmv2] [D] [thread 2208] [43.0] [cxt 0] Parser 'parser' entering state 'parse_link_qos'
[20:03:24.644] [bmv2] [D] [thread 2208] [43.0] [cxt 0] Extracting header 'link_qos'
[20:03:24.644] [bmv2] [D] [thread 2208] [43.0] [cxt 0] Parser state 'parse_link_qos' has no switch, going to default next state
[20:03:24.644] [bmv2] [T] [thread 2208] [43.0] [cxt 0] Bytes parsed: 42
[20:03:24.644] [bmv2] [D] [thread 2208] [43.0] [cxt 0] Parser 'parser': end
[20:03:24.644] [bmv2] [D] [thread 2208] [43.0] [cxt 0] Pipeline 'ingress': start
[20:03:24.644] [bmv2] [T] [thread 2208] [43.0] [cxt 0] qos.p4(197) Condition "hdr.ipv4.isValid()" (node_2) is true
[20:03:24.644] [bmv2] [T] [thread 2208] [43.0] [cxt 0] qos.p4(198) Condition "hdr.link_qos.link_qos == TARGET_LINK_QOS" (node_3) is true
[20:03:24.644] [bmv2] [T] [thread 2208] [43.0] [cxt 0] Applying table 'tbl_qos199'
[20:03:24.645] [bmv2] [D] [thread 2208] [43.0] [cxt 0] Looking up key:

[20:03:24.645] [bmv2] [D] [thread 2208] [43.0] [cxt 0] Table 'tbl_qos199': miss
[20:03:24.645] [bmv2] [D] [thread 2208] [43.0] [cxt 0] Action entry is qos199 - 
[20:03:24.645] [bmv2] [T] [thread 2208] [43.0] [cxt 0] Action qos199
[20:03:24.645] [bmv2] [T] [thread 2208] [43.0] [cxt 0] qos.p4(199) Primitive hdr.ipv4.diffserv = (TARGET_DSCP << 2
[20:03:24.645] [bmv2] [T] [thread 2208] [43.0] [cxt 0] qos.p4(28) Primitive 7; ...
[20:03:24.645] [bmv2] [T] [thread 2208] [43.0] [cxt 0] Applying table 'MyIngress.ipv4_lpm'
[20:03:24.645] [bmv2] [D] [thread 2208] [43.0] [cxt 0] Looking up key:
* hdr.ipv4.dstAddr    : 0a000202

[20:03:24.645] [bmv2] [D] [thread 2208] [43.0] [cxt 0] Table 'MyIngress.ipv4_lpm': hit with handle 0
[20:03:24.646] [bmv2] [D] [thread 2208] [43.0] [cxt 0] Dumping entry 0
Match key:
* hdr.ipv4.dstAddr    : LPM       0a000202/32
Action entry: MyIngress.ipv4_forward - 80000000202,2,

[20:03:24.646] [bmv2] [D] [thread 2208] [43.0] [cxt 0] Action entry is MyIngress.ipv4_forward - 80000000202,2,
[20:03:24.646] [bmv2] [T] [thread 2208] [43.0] [cxt 0] Action MyIngress.ipv4_forward
[20:03:24.646] [bmv2] [T] [thread 2208] [43.0] [cxt 0] qos.p4(175) Primitive standard_metadata.egress_spec = port
[20:03:24.647] [bmv2] [T] [thread 2208] [43.0] [cxt 0] qos.p4(176) Primitive hdr.ethernet.srcAddr = hdr.ethernet.dstAddr
[20:03:24.647] [bmv2] [T] [thread 2208] [43.0] [cxt 0] qos.p4(177) Primitive hdr.ethernet.dstAddr = dstAddr
[20:03:24.647] [bmv2] [T] [thread 2208] [43.0] [cxt 0] qos.p4(178) Primitive hdr.ipv4.ttl = hdr.ipv4.ttl - 1
[20:03:24.647] [bmv2] [D] [thread 2208] [43.0] [cxt 0] Pipeline 'ingress': end
[20:03:24.647] [bmv2] [D] [thread 2208] [43.0] [cxt 0] Egress port is 2
[20:03:24.647] [bmv2] [D] [thread 2211] [43.0] [cxt 0] Pipeline 'egress': start
[20:03:24.647] [bmv2] [D] [thread 2211] [43.0] [cxt 0] Pipeline 'egress': end
[20:03:24.647] [bmv2] [D] [thread 2211] [43.0] [cxt 0] Deparser 'deparser': start
[20:03:24.647] [bmv2] [D] [thread 2211] [43.0] [cxt 0] Updating checksum 'cksum'
[20:03:24.648] [bmv2] [D] [thread 2211] [43.0] [cxt 0] Deparsing header 'ethernet'
[20:03:24.648] [bmv2] [D] [thread 2211] [43.0] [cxt 0] Deparsing header 'vlan'
[20:03:24.648] [bmv2] [D] [thread 2211] [43.0] [cxt 0] Deparsing header 'ipv4'
[20:03:24.648] [bmv2] [D] [thread 2211] [43.0] [cxt 0] Deparsing header 'ipv4_option'
[20:03:24.648] [bmv2] [D] [thread 2211] [43.0] [cxt 0] Deparsing header 'link_qos'
[20:03:24.648] [bmv2] [D] [thread 2211] [43.0] [cxt 0] Deparser 'deparser': end
[20:03:24.648] [bmv2] [D] [thread 2213] [43.0] [cxt 0] Transmitting packet of size 50 out of port 2
[20:03:25.255] [bmv2] [D] [thread 2208] [44.0] [cxt 0] Processing packet received on port 2
[20:03:25.255] [bmv2] [D] [thread 2208] [44.0] [cxt 0] Parser 'parser': start
[20:03:25.255] [bmv2] [D] [thread 2208] [44.0] [cxt 0] Parser 'parser' entering state 'start'
[20:03:25.255] [bmv2] [D] [thread 2208] [44.0] [cxt 0] Extracting header 'ethernet'
[20:03:25.256] [bmv2] [D] [thread 2208] [44.0] [cxt 0] Parser state 'start': key is 8100
[20:03:25.256] [bmv2] [T] [thread 2208] [44.0] [cxt 0] Bytes parsed: 14
[20:03:25.256] [bmv2] [D] [thread 2208] [44.0] [cxt 0] Parser 'parser' entering state 'parse_vlan'
[20:03:25.256] [bmv2] [D] [thread 2208] [44.0] [cxt 0] Extracting header 'vlan'
[20:03:25.256] [bmv2] [D] [thread 2208] [44.0] [cxt 0] Parser state 'parse_vlan': key is 0800
[20:03:25.256] [bmv2] [T] [thread 2208] [44.0] [cxt 0] Bytes parsed: 18
[20:03:25.256] [bmv2] [D] [thread 2208] [44.0] [cxt 0] Parser 'parser' entering state 'parse_ipv4'
[20:03:25.256] [bmv2] [D] [thread 2208] [44.0] [cxt 0] Extracting header 'ipv4'
[20:03:25.256] [bmv2] [D] [thread 2208] [44.0] [cxt 0] Parser set: setting field 'scalars.tmp' from expression, new value is 1
[20:03:25.256] [bmv2] [D] [thread 2208] [44.0] [cxt 0] Parser state 'parse_ipv4': key is 05
[20:03:25.256] [bmv2] [T] [thread 2208] [44.0] [cxt 0] Bytes parsed: 38
[20:03:25.256] [bmv2] [D] [thread 2208] [44.0] [cxt 0] Parser 'parser': end
[20:03:25.257] [bmv2] [D] [thread 2208] [44.0] [cxt 0] Pipeline 'ingress': start
[20:03:25.257] [bmv2] [T] [thread 2208] [44.0] [cxt 0] qos.p4(197) Condition "hdr.ipv4.isValid()" (node_2) is true
[20:03:25.257] [bmv2] [T] [thread 2208] [44.0] [cxt 0] qos.p4(198) Condition "hdr.link_qos.link_qos == TARGET_LINK_QOS" (node_3) is true
[20:03:25.257] [bmv2] [T] [thread 2208] [44.0] [cxt 0] Applying table 'tbl_qos199'
[20:03:25.257] [bmv2] [D] [thread 2208] [44.0] [cxt 0] Looking up key:

[20:03:25.257] [bmv2] [D] [thread 2208] [44.0] [cxt 0] Table 'tbl_qos199': miss
[20:03:25.257] [bmv2] [D] [thread 2208] [44.0] [cxt 0] Action entry is qos199 - 
[20:03:25.257] [bmv2] [T] [thread 2208] [44.0] [cxt 0] Action qos199
[20:03:25.257] [bmv2] [T] [thread 2208] [44.0] [cxt 0] qos.p4(199) Primitive hdr.ipv4.diffserv = (TARGET_DSCP << 2
[20:03:25.257] [bmv2] [T] [thread 2208] [44.0] [cxt 0] qos.p4(28) Primitive 7; ...
[20:03:25.257] [bmv2] [T] [thread 2208] [44.0] [cxt 0] Applying table 'MyIngress.ipv4_lpm'
[20:03:25.257] [bmv2] [D] [thread 2208] [44.0] [cxt 0] Looking up key:
* hdr.ipv4.dstAddr    : 0a000202

[20:03:25.258] [bmv2] [D] [thread 2208] [44.0] [cxt 0] Table 'MyIngress.ipv4_lpm': hit with handle 0
[20:03:25.258] [bmv2] [D] [thread 2208] [44.0] [cxt 0] Dumping entry 0
Match key:
* hdr.ipv4.dstAddr    : LPM       0a000202/32
Action entry: MyIngress.ipv4_forward - 80000000202,2,

[20:03:25.258] [bmv2] [D] [thread 2208] [44.0] [cxt 0] Action entry is MyIngress.ipv4_forward - 80000000202,2,
[20:03:25.258] [bmv2] [T] [thread 2208] [44.0] [cxt 0] Action MyIngress.ipv4_forward
[20:03:25.258] [bmv2] [T] [thread 2208] [44.0] [cxt 0] qos.p4(175) Primitive standard_metadata.egress_spec = port
[20:03:25.258] [bmv2] [T] [thread 2208] [44.0] [cxt 0] qos.p4(176) Primitive hdr.ethernet.srcAddr = hdr.ethernet.dstAddr
[20:03:25.258] [bmv2] [T] [thread 2208] [44.0] [cxt 0] qos.p4(177) Primitive hdr.ethernet.dstAddr = dstAddr
[20:03:25.258] [bmv2] [T] [thread 2208] [44.0] [cxt 0] qos.p4(178) Primitive hdr.ipv4.ttl = hdr.ipv4.ttl - 1
[20:03:25.258] [bmv2] [D] [thread 2208] [44.0] [cxt 0] Pipeline 'ingress': end
[20:03:25.258] [bmv2] [D] [thread 2208] [44.0] [cxt 0] Egress port is 2
[20:03:25.261] [bmv2] [D] [thread 2211] [44.0] [cxt 0] Pipeline 'egress': start
[20:03:25.261] [bmv2] [D] [thread 2211] [44.0] [cxt 0] Pipeline 'egress': end
[20:03:25.261] [bmv2] [D] [thread 2211] [44.0] [cxt 0] Deparser 'deparser': start
[20:03:25.261] [bmv2] [D] [thread 2211] [44.0] [cxt 0] Updating checksum 'cksum'
[20:03:25.261] [bmv2] [D] [thread 2211] [44.0] [cxt 0] Deparsing header 'ethernet'
[20:03:25.261] [bmv2] [D] [thread 2211] [44.0] [cxt 0] Deparsing header 'vlan'
[20:03:25.261] [bmv2] [D] [thread 2211] [44.0] [cxt 0] Deparsing header 'ipv4'
[20:03:25.262] [bmv2] [D] [thread 2211] [44.0] [cxt 0] Deparser 'deparser': end
[20:03:25.262] [bmv2] [D] [thread 2213] [44.0] [cxt 0] Transmitting packet of size 46 out of port 2
[20:03:25.663] [bmv2] [D] [thread 2208] [45.0] [cxt 0] Processing packet received on port 3
[20:03:25.663] [bmv2] [D] [thread 2208] [45.0] [cxt 0] Parser 'parser': start
[20:03:25.663] [bmv2] [D] [thread 2208] [45.0] [cxt 0] Parser 'parser' entering state 'start'
[20:03:25.663] [bmv2] [D] [thread 2208] [45.0] [cxt 0] Extracting header 'ethernet'
[20:03:25.663] [bmv2] [D] [thread 2208] [45.0] [cxt 0] Parser state 'start': key is 8100
[20:03:25.663] [bmv2] [T] [thread 2208] [45.0] [cxt 0] Bytes parsed: 14
[20:03:25.663] [bmv2] [D] [thread 2208] [45.0] [cxt 0] Parser 'parser' entering state 'parse_vlan'
[20:03:25.663] [bmv2] [D] [thread 2208] [45.0] [cxt 0] Extracting header 'vlan'
[20:03:25.664] [bmv2] [D] [thread 2208] [45.0] [cxt 0] Parser state 'parse_vlan': key is 0800
[20:03:25.664] [bmv2] [T] [thread 2208] [45.0] [cxt 0] Bytes parsed: 18
[20:03:25.664] [bmv2] [D] [thread 2208] [45.0] [cxt 0] Parser 'parser' entering state 'parse_ipv4'
[20:03:25.664] [bmv2] [D] [thread 2208] [45.0] [cxt 0] Extracting header 'ipv4'
[20:03:25.664] [bmv2] [D] [thread 2208] [45.0] [cxt 0] Parser set: setting field 'scalars.tmp' from expression, new value is 1
[20:03:25.664] [bmv2] [D] [thread 2208] [45.0] [cxt 0] Parser state 'parse_ipv4': key is 06
[20:03:25.664] [bmv2] [T] [thread 2208] [45.0] [cxt 0] Bytes parsed: 38
[20:03:25.664] [bmv2] [D] [thread 2208] [45.0] [cxt 0] Parser 'parser' entering state 'parse_ipv4_option'
[20:03:25.664] [bmv2] [D] [thread 2208] [45.0] [cxt 0] Extracting header 'ipv4_option'
[20:03:25.664] [bmv2] [D] [thread 2208] [45.0] [cxt 0] Parser state 'parse_ipv4_option': key is 1f
[20:03:25.664] [bmv2] [T] [thread 2208] [45.0] [cxt 0] Bytes parsed: 40
[20:03:25.664] [bmv2] [D] [thread 2208] [45.0] [cxt 0] Parser 'parser' entering state 'parse_link_qos'
[20:03:25.664] [bmv2] [D] [thread 2208] [45.0] [cxt 0] Extracting header 'link_qos'
[20:03:25.664] [bmv2] [D] [thread 2208] [45.0] [cxt 0] Parser state 'parse_link_qos' has no switch, going to default next state
[20:03:25.664] [bmv2] [T] [thread 2208] [45.0] [cxt 0] Bytes parsed: 42
[20:03:25.664] [bmv2] [D] [thread 2208] [45.0] [cxt 0] Parser 'parser': end
[20:03:25.664] [bmv2] [D] [thread 2208] [45.0] [cxt 0] Pipeline 'ingress': start
[20:03:25.664] [bmv2] [T] [thread 2208] [45.0] [cxt 0] qos.p4(197) Condition "hdr.ipv4.isValid()" (node_2) is true
[20:03:25.664] [bmv2] [T] [thread 2208] [45.0] [cxt 0] qos.p4(198) Condition "hdr.link_qos.link_qos == TARGET_LINK_QOS" (node_3) is true
[20:03:25.664] [bmv2] [T] [thread 2208] [45.0] [cxt 0] Applying table 'tbl_qos199'
[20:03:25.664] [bmv2] [D] [thread 2208] [45.0] [cxt 0] Looking up key:

[20:03:25.664] [bmv2] [D] [thread 2208] [45.0] [cxt 0] Table 'tbl_qos199': miss
[20:03:25.664] [bmv2] [D] [thread 2208] [45.0] [cxt 0] Action entry is qos199 - 
[20:03:25.664] [bmv2] [T] [thread 2208] [45.0] [cxt 0] Action qos199
[20:03:25.664] [bmv2] [T] [thread 2208] [45.0] [cxt 0] qos.p4(199) Primitive hdr.ipv4.diffserv = (TARGET_DSCP << 2
[20:03:25.664] [bmv2] [T] [thread 2208] [45.0] [cxt 0] qos.p4(28) Primitive 7; ...
[20:03:25.664] [bmv2] [T] [thread 2208] [45.0] [cxt 0] Applying table 'MyIngress.ipv4_lpm'
[20:03:25.664] [bmv2] [D] [thread 2208] [45.0] [cxt 0] Looking up key:
* hdr.ipv4.dstAddr    : 0a000202

[20:03:25.664] [bmv2] [D] [thread 2208] [45.0] [cxt 0] Table 'MyIngress.ipv4_lpm': hit with handle 0
[20:03:25.665] [bmv2] [D] [thread 2208] [45.0] [cxt 0] Dumping entry 0
Match key:
* hdr.ipv4.dstAddr    : LPM       0a000202/32
Action entry: MyIngress.ipv4_forward - 80000000202,2,

[20:03:25.665] [bmv2] [D] [thread 2208] [45.0] [cxt 0] Action entry is MyIngress.ipv4_forward - 80000000202,2,
[20:03:25.665] [bmv2] [T] [thread 2208] [45.0] [cxt 0] Action MyIngress.ipv4_forward
[20:03:25.665] [bmv2] [T] [thread 2208] [45.0] [cxt 0] qos.p4(175) Primitive standard_metadata.egress_spec = port
[20:03:25.665] [bmv2] [T] [thread 2208] [45.0] [cxt 0] qos.p4(176) Primitive hdr.ethernet.srcAddr = hdr.ethernet.dstAddr
[20:03:25.665] [bmv2] [T] [thread 2208] [45.0] [cxt 0] qos.p4(177) Primitive hdr.ethernet.dstAddr = dstAddr
[20:03:25.665] [bmv2] [T] [thread 2208] [45.0] [cxt 0] qos.p4(178) Primitive hdr.ipv4.ttl = hdr.ipv4.ttl - 1
[20:03:25.665] [bmv2] [D] [thread 2208] [45.0] [cxt 0] Pipeline 'ingress': end
[20:03:25.665] [bmv2] [D] [thread 2208] [45.0] [cxt 0] Egress port is 2
[20:03:25.665] [bmv2] [D] [thread 2211] [45.0] [cxt 0] Pipeline 'egress': start
[20:03:25.665] [bmv2] [D] [thread 2211] [45.0] [cxt 0] Pipeline 'egress': end
[20:03:25.665] [bmv2] [D] [thread 2211] [45.0] [cxt 0] Deparser 'deparser': start
[20:03:25.665] [bmv2] [D] [thread 2211] [45.0] [cxt 0] Updating checksum 'cksum'
[20:03:25.665] [bmv2] [D] [thread 2211] [45.0] [cxt 0] Deparsing header 'ethernet'
[20:03:25.665] [bmv2] [D] [thread 2211] [45.0] [cxt 0] Deparsing header 'vlan'
[20:03:25.665] [bmv2] [D] [thread 2211] [45.0] [cxt 0] Deparsing header 'ipv4'
[20:03:25.665] [bmv2] [D] [thread 2211] [45.0] [cxt 0] Deparsing header 'ipv4_option'
[20:03:25.665] [bmv2] [D] [thread 2211] [45.0] [cxt 0] Deparsing header 'link_qos'
[20:03:25.665] [bmv2] [D] [thread 2211] [45.0] [cxt 0] Deparser 'deparser': end
[20:03:25.665] [bmv2] [D] [thread 2213] [45.0] [cxt 0] Transmitting packet of size 50 out of port 2
[20:03:26.288] [bmv2] [D] [thread 2208] [46.0] [cxt 0] Processing packet received on port 2
[20:03:26.288] [bmv2] [D] [thread 2208] [46.0] [cxt 0] Parser 'parser': start
[20:03:26.288] [bmv2] [D] [thread 2208] [46.0] [cxt 0] Parser 'parser' entering state 'start'
[20:03:26.288] [bmv2] [D] [thread 2208] [46.0] [cxt 0] Extracting header 'ethernet'
[20:03:26.288] [bmv2] [D] [thread 2208] [46.0] [cxt 0] Parser state 'start': key is 8100
[20:03:26.288] [bmv2] [T] [thread 2208] [46.0] [cxt 0] Bytes parsed: 14
[20:03:26.289] [bmv2] [D] [thread 2208] [46.0] [cxt 0] Parser 'parser' entering state 'parse_vlan'
[20:03:26.289] [bmv2] [D] [thread 2208] [46.0] [cxt 0] Extracting header 'vlan'
[20:03:26.289] [bmv2] [D] [thread 2208] [46.0] [cxt 0] Parser state 'parse_vlan': key is 0800
[20:03:26.289] [bmv2] [T] [thread 2208] [46.0] [cxt 0] Bytes parsed: 18
[20:03:26.289] [bmv2] [D] [thread 2208] [46.0] [cxt 0] Parser 'parser' entering state 'parse_ipv4'
[20:03:26.289] [bmv2] [D] [thread 2208] [46.0] [cxt 0] Extracting header 'ipv4'
[20:03:26.289] [bmv2] [D] [thread 2208] [46.0] [cxt 0] Parser set: setting field 'scalars.tmp' from expression, new value is 1
[20:03:26.289] [bmv2] [D] [thread 2208] [46.0] [cxt 0] Parser state 'parse_ipv4': key is 05
[20:03:26.289] [bmv2] [T] [thread 2208] [46.0] [cxt 0] Bytes parsed: 38
[20:03:26.289] [bmv2] [D] [thread 2208] [46.0] [cxt 0] Parser 'parser': end
[20:03:26.290] [bmv2] [D] [thread 2208] [46.0] [cxt 0] Pipeline 'ingress': start
[20:03:26.290] [bmv2] [T] [thread 2208] [46.0] [cxt 0] qos.p4(197) Condition "hdr.ipv4.isValid()" (node_2) is true
[20:03:26.290] [bmv2] [T] [thread 2208] [46.0] [cxt 0] qos.p4(198) Condition "hdr.link_qos.link_qos == TARGET_LINK_QOS" (node_3) is true
[20:03:26.290] [bmv2] [T] [thread 2208] [46.0] [cxt 0] Applying table 'tbl_qos199'
[20:03:26.290] [bmv2] [D] [thread 2208] [46.0] [cxt 0] Looking up key:

[20:03:26.290] [bmv2] [D] [thread 2208] [46.0] [cxt 0] Table 'tbl_qos199': miss
[20:03:26.290] [bmv2] [D] [thread 2208] [46.0] [cxt 0] Action entry is qos199 - 
[20:03:26.290] [bmv2] [T] [thread 2208] [46.0] [cxt 0] Action qos199
[20:03:26.290] [bmv2] [T] [thread 2208] [46.0] [cxt 0] qos.p4(199) Primitive hdr.ipv4.diffserv = (TARGET_DSCP << 2
[20:03:26.290] [bmv2] [T] [thread 2208] [46.0] [cxt 0] qos.p4(28) Primitive 7; ...
[20:03:26.290] [bmv2] [T] [thread 2208] [46.0] [cxt 0] Applying table 'MyIngress.ipv4_lpm'
[20:03:26.290] [bmv2] [D] [thread 2208] [46.0] [cxt 0] Looking up key:
* hdr.ipv4.dstAddr    : 0a000202

[20:03:26.290] [bmv2] [D] [thread 2208] [46.0] [cxt 0] Table 'MyIngress.ipv4_lpm': hit with handle 0
[20:03:26.291] [bmv2] [D] [thread 2208] [46.0] [cxt 0] Dumping entry 0
Match key:
* hdr.ipv4.dstAddr    : LPM       0a000202/32
Action entry: MyIngress.ipv4_forward - 80000000202,2,

[20:03:26.291] [bmv2] [D] [thread 2208] [46.0] [cxt 0] Action entry is MyIngress.ipv4_forward - 80000000202,2,
[20:03:26.291] [bmv2] [T] [thread 2208] [46.0] [cxt 0] Action MyIngress.ipv4_forward
[20:03:26.291] [bmv2] [T] [thread 2208] [46.0] [cxt 0] qos.p4(175) Primitive standard_metadata.egress_spec = port
[20:03:26.291] [bmv2] [T] [thread 2208] [46.0] [cxt 0] qos.p4(176) Primitive hdr.ethernet.srcAddr = hdr.ethernet.dstAddr
[20:03:26.291] [bmv2] [T] [thread 2208] [46.0] [cxt 0] qos.p4(177) Primitive hdr.ethernet.dstAddr = dstAddr
[20:03:26.291] [bmv2] [T] [thread 2208] [46.0] [cxt 0] qos.p4(178) Primitive hdr.ipv4.ttl = hdr.ipv4.ttl - 1
[20:03:26.291] [bmv2] [D] [thread 2208] [46.0] [cxt 0] Pipeline 'ingress': end
[20:03:26.291] [bmv2] [D] [thread 2208] [46.0] [cxt 0] Egress port is 2
[20:03:26.294] [bmv2] [D] [thread 2211] [46.0] [cxt 0] Pipeline 'egress': start
[20:03:26.294] [bmv2] [D] [thread 2211] [46.0] [cxt 0] Pipeline 'egress': end
[20:03:26.294] [bmv2] [D] [thread 2211] [46.0] [cxt 0] Deparser 'deparser': start
[20:03:26.294] [bmv2] [D] [thread 2211] [46.0] [cxt 0] Updating checksum 'cksum'
[20:03:26.294] [bmv2] [D] [thread 2211] [46.0] [cxt 0] Deparsing header 'ethernet'
[20:03:26.294] [bmv2] [D] [thread 2211] [46.0] [cxt 0] Deparsing header 'vlan'
[20:03:26.294] [bmv2] [D] [thread 2211] [46.0] [cxt 0] Deparsing header 'ipv4'
[20:03:26.294] [bmv2] [D] [thread 2211] [46.0] [cxt 0] Deparser 'deparser': end
[20:03:26.295] [bmv2] [D] [thread 2213] [46.0] [cxt 0] Transmitting packet of size 46 out of port 2
[20:03:26.694] [bmv2] [D] [thread 2208] [47.0] [cxt 0] Processing packet received on port 3
[20:03:26.695] [bmv2] [D] [thread 2208] [47.0] [cxt 0] Parser 'parser': start
[20:03:26.695] [bmv2] [D] [thread 2208] [47.0] [cxt 0] Parser 'parser' entering state 'start'
[20:03:26.695] [bmv2] [D] [thread 2208] [47.0] [cxt 0] Extracting header 'ethernet'
[20:03:26.695] [bmv2] [D] [thread 2208] [47.0] [cxt 0] Parser state 'start': key is 8100
[20:03:26.695] [bmv2] [T] [thread 2208] [47.0] [cxt 0] Bytes parsed: 14
[20:03:26.695] [bmv2] [D] [thread 2208] [47.0] [cxt 0] Parser 'parser' entering state 'parse_vlan'
[20:03:26.695] [bmv2] [D] [thread 2208] [47.0] [cxt 0] Extracting header 'vlan'
[20:03:26.696] [bmv2] [D] [thread 2208] [47.0] [cxt 0] Parser state 'parse_vlan': key is 0800
[20:03:26.696] [bmv2] [T] [thread 2208] [47.0] [cxt 0] Bytes parsed: 18
[20:03:26.696] [bmv2] [D] [thread 2208] [47.0] [cxt 0] Parser 'parser' entering state 'parse_ipv4'
[20:03:26.696] [bmv2] [D] [thread 2208] [47.0] [cxt 0] Extracting header 'ipv4'
[20:03:26.696] [bmv2] [D] [thread 2208] [47.0] [cxt 0] Parser set: setting field 'scalars.tmp' from expression, new value is 1
[20:03:26.697] [bmv2] [D] [thread 2208] [47.0] [cxt 0] Parser state 'parse_ipv4': key is 06
[20:03:26.697] [bmv2] [T] [thread 2208] [47.0] [cxt 0] Bytes parsed: 38
[20:03:26.697] [bmv2] [D] [thread 2208] [47.0] [cxt 0] Parser 'parser' entering state 'parse_ipv4_option'
[20:03:26.697] [bmv2] [D] [thread 2208] [47.0] [cxt 0] Extracting header 'ipv4_option'
[20:03:26.697] [bmv2] [D] [thread 2208] [47.0] [cxt 0] Parser state 'parse_ipv4_option': key is 1f
[20:03:26.697] [bmv2] [T] [thread 2208] [47.0] [cxt 0] Bytes parsed: 40
[20:03:26.697] [bmv2] [D] [thread 2208] [47.0] [cxt 0] Parser 'parser' entering state 'parse_link_qos'
[20:03:26.697] [bmv2] [D] [thread 2208] [47.0] [cxt 0] Extracting header 'link_qos'
[20:03:26.697] [bmv2] [D] [thread 2208] [47.0] [cxt 0] Parser state 'parse_link_qos' has no switch, going to default next state
[20:03:26.697] [bmv2] [T] [thread 2208] [47.0] [cxt 0] Bytes parsed: 42
[20:03:26.697] [bmv2] [D] [thread 2208] [47.0] [cxt 0] Parser 'parser': end
[20:03:26.697] [bmv2] [D] [thread 2208] [47.0] [cxt 0] Pipeline 'ingress': start
[20:03:26.697] [bmv2] [T] [thread 2208] [47.0] [cxt 0] qos.p4(197) Condition "hdr.ipv4.isValid()" (node_2) is true
[20:03:26.697] [bmv2] [T] [thread 2208] [47.0] [cxt 0] qos.p4(198) Condition "hdr.link_qos.link_qos == TARGET_LINK_QOS" (node_3) is true
[20:03:26.697] [bmv2] [T] [thread 2208] [47.0] [cxt 0] Applying table 'tbl_qos199'
[20:03:26.698] [bmv2] [D] [thread 2208] [47.0] [cxt 0] Looking up key:

[20:03:26.698] [bmv2] [D] [thread 2208] [47.0] [cxt 0] Table 'tbl_qos199': miss
[20:03:26.699] [bmv2] [D] [thread 2208] [47.0] [cxt 0] Action entry is qos199 - 
[20:03:26.699] [bmv2] [T] [thread 2208] [47.0] [cxt 0] Action qos199
[20:03:26.699] [bmv2] [T] [thread 2208] [47.0] [cxt 0] qos.p4(199) Primitive hdr.ipv4.diffserv = (TARGET_DSCP << 2
[20:03:26.699] [bmv2] [T] [thread 2208] [47.0] [cxt 0] qos.p4(28) Primitive 7; ...
[20:03:26.699] [bmv2] [T] [thread 2208] [47.0] [cxt 0] Applying table 'MyIngress.ipv4_lpm'
[20:03:26.699] [bmv2] [D] [thread 2208] [47.0] [cxt 0] Looking up key:
* hdr.ipv4.dstAddr    : 0a000202

[20:03:26.699] [bmv2] [D] [thread 2208] [47.0] [cxt 0] Table 'MyIngress.ipv4_lpm': hit with handle 0
[20:03:26.700] [bmv2] [D] [thread 2208] [47.0] [cxt 0] Dumping entry 0
Match key:
* hdr.ipv4.dstAddr    : LPM       0a000202/32
Action entry: MyIngress.ipv4_forward - 80000000202,2,

[20:03:26.700] [bmv2] [D] [thread 2208] [47.0] [cxt 0] Action entry is MyIngress.ipv4_forward - 80000000202,2,
[20:03:26.700] [bmv2] [T] [thread 2208] [47.0] [cxt 0] Action MyIngress.ipv4_forward
[20:03:26.700] [bmv2] [T] [thread 2208] [47.0] [cxt 0] qos.p4(175) Primitive standard_metadata.egress_spec = port
[20:03:26.700] [bmv2] [T] [thread 2208] [47.0] [cxt 0] qos.p4(176) Primitive hdr.ethernet.srcAddr = hdr.ethernet.dstAddr
[20:03:26.700] [bmv2] [T] [thread 2208] [47.0] [cxt 0] qos.p4(177) Primitive hdr.ethernet.dstAddr = dstAddr
[20:03:26.700] [bmv2] [T] [thread 2208] [47.0] [cxt 0] qos.p4(178) Primitive hdr.ipv4.ttl = hdr.ipv4.ttl - 1
[20:03:26.700] [bmv2] [D] [thread 2208] [47.0] [cxt 0] Pipeline 'ingress': end
[20:03:26.700] [bmv2] [D] [thread 2208] [47.0] [cxt 0] Egress port is 2
[20:03:26.701] [bmv2] [D] [thread 2211] [47.0] [cxt 0] Pipeline 'egress': start
[20:03:26.701] [bmv2] [D] [thread 2211] [47.0] [cxt 0] Pipeline 'egress': end
[20:03:26.701] [bmv2] [D] [thread 2211] [47.0] [cxt 0] Deparser 'deparser': start
[20:03:26.701] [bmv2] [D] [thread 2211] [47.0] [cxt 0] Updating checksum 'cksum'
[20:03:26.701] [bmv2] [D] [thread 2211] [47.0] [cxt 0] Deparsing header 'ethernet'
[20:03:26.701] [bmv2] [D] [thread 2211] [47.0] [cxt 0] Deparsing header 'vlan'
[20:03:26.701] [bmv2] [D] [thread 2211] [47.0] [cxt 0] Deparsing header 'ipv4'
[20:03:26.701] [bmv2] [D] [thread 2211] [47.0] [cxt 0] Deparsing header 'ipv4_option'
[20:03:26.701] [bmv2] [D] [thread 2211] [47.0] [cxt 0] Deparsing header 'link_qos'
[20:03:26.701] [bmv2] [D] [thread 2211] [47.0] [cxt 0] Deparser 'deparser': end
[20:03:26.702] [bmv2] [D] [thread 2213] [47.0] [cxt 0] Transmitting packet of size 50 out of port 2
[20:03:27.325] [bmv2] [D] [thread 2208] [48.0] [cxt 0] Processing packet received on port 2
[20:03:27.325] [bmv2] [D] [thread 2208] [48.0] [cxt 0] Parser 'parser': start
[20:03:27.325] [bmv2] [D] [thread 2208] [48.0] [cxt 0] Parser 'parser' entering state 'start'
[20:03:27.325] [bmv2] [D] [thread 2208] [48.0] [cxt 0] Extracting header 'ethernet'
[20:03:27.325] [bmv2] [D] [thread 2208] [48.0] [cxt 0] Parser state 'start': key is 8100
[20:03:27.325] [bmv2] [T] [thread 2208] [48.0] [cxt 0] Bytes parsed: 14
[20:03:27.325] [bmv2] [D] [thread 2208] [48.0] [cxt 0] Parser 'parser' entering state 'parse_vlan'
[20:03:27.325] [bmv2] [D] [thread 2208] [48.0] [cxt 0] Extracting header 'vlan'
[20:03:27.325] [bmv2] [D] [thread 2208] [48.0] [cxt 0] Parser state 'parse_vlan': key is 0800
[20:03:27.325] [bmv2] [T] [thread 2208] [48.0] [cxt 0] Bytes parsed: 18
[20:03:27.325] [bmv2] [D] [thread 2208] [48.0] [cxt 0] Parser 'parser' entering state 'parse_ipv4'
[20:03:27.326] [bmv2] [D] [thread 2208] [48.0] [cxt 0] Extracting header 'ipv4'
[20:03:27.326] [bmv2] [D] [thread 2208] [48.0] [cxt 0] Parser set: setting field 'scalars.tmp' from expression, new value is 1
[20:03:27.326] [bmv2] [D] [thread 2208] [48.0] [cxt 0] Parser state 'parse_ipv4': key is 05
[20:03:27.326] [bmv2] [T] [thread 2208] [48.0] [cxt 0] Bytes parsed: 38
[20:03:27.326] [bmv2] [D] [thread 2208] [48.0] [cxt 0] Parser 'parser': end
[20:03:27.326] [bmv2] [D] [thread 2208] [48.0] [cxt 0] Pipeline 'ingress': start
[20:03:27.326] [bmv2] [T] [thread 2208] [48.0] [cxt 0] qos.p4(197) Condition "hdr.ipv4.isValid()" (node_2) is true
[20:03:27.326] [bmv2] [T] [thread 2208] [48.0] [cxt 0] qos.p4(198) Condition "hdr.link_qos.link_qos == TARGET_LINK_QOS" (node_3) is true
[20:03:27.326] [bmv2] [T] [thread 2208] [48.0] [cxt 0] Applying table 'tbl_qos199'
[20:03:27.326] [bmv2] [D] [thread 2208] [48.0] [cxt 0] Looking up key:

[20:03:27.326] [bmv2] [D] [thread 2208] [48.0] [cxt 0] Table 'tbl_qos199': miss
[20:03:27.326] [bmv2] [D] [thread 2208] [48.0] [cxt 0] Action entry is qos199 - 
[20:03:27.326] [bmv2] [T] [thread 2208] [48.0] [cxt 0] Action qos199
[20:03:27.326] [bmv2] [T] [thread 2208] [48.0] [cxt 0] qos.p4(199) Primitive hdr.ipv4.diffserv = (TARGET_DSCP << 2
[20:03:27.326] [bmv2] [T] [thread 2208] [48.0] [cxt 0] qos.p4(28) Primitive 7; ...
[20:03:27.326] [bmv2] [T] [thread 2208] [48.0] [cxt 0] Applying table 'MyIngress.ipv4_lpm'
[20:03:27.327] [bmv2] [D] [thread 2208] [48.0] [cxt 0] Looking up key:
* hdr.ipv4.dstAddr    : 0a000202

[20:03:27.327] [bmv2] [D] [thread 2208] [48.0] [cxt 0] Table 'MyIngress.ipv4_lpm': hit with handle 0
[20:03:27.327] [bmv2] [D] [thread 2208] [48.0] [cxt 0] Dumping entry 0
Match key:
* hdr.ipv4.dstAddr    : LPM       0a000202/32
Action entry: MyIngress.ipv4_forward - 80000000202,2,

[20:03:27.327] [bmv2] [D] [thread 2208] [48.0] [cxt 0] Action entry is MyIngress.ipv4_forward - 80000000202,2,
[20:03:27.327] [bmv2] [T] [thread 2208] [48.0] [cxt 0] Action MyIngress.ipv4_forward
[20:03:27.327] [bmv2] [T] [thread 2208] [48.0] [cxt 0] qos.p4(175) Primitive standard_metadata.egress_spec = port
[20:03:27.327] [bmv2] [T] [thread 2208] [48.0] [cxt 0] qos.p4(176) Primitive hdr.ethernet.srcAddr = hdr.ethernet.dstAddr
[20:03:27.327] [bmv2] [T] [thread 2208] [48.0] [cxt 0] qos.p4(177) Primitive hdr.ethernet.dstAddr = dstAddr
[20:03:27.327] [bmv2] [T] [thread 2208] [48.0] [cxt 0] qos.p4(178) Primitive hdr.ipv4.ttl = hdr.ipv4.ttl - 1
[20:03:27.327] [bmv2] [D] [thread 2208] [48.0] [cxt 0] Pipeline 'ingress': end
[20:03:27.327] [bmv2] [D] [thread 2208] [48.0] [cxt 0] Egress port is 2
[20:03:27.327] [bmv2] [D] [thread 2211] [48.0] [cxt 0] Pipeline 'egress': start
[20:03:27.328] [bmv2] [D] [thread 2211] [48.0] [cxt 0] Pipeline 'egress': end
[20:03:27.328] [bmv2] [D] [thread 2211] [48.0] [cxt 0] Deparser 'deparser': start
[20:03:27.328] [bmv2] [D] [thread 2211] [48.0] [cxt 0] Updating checksum 'cksum'
[20:03:27.328] [bmv2] [D] [thread 2211] [48.0] [cxt 0] Deparsing header 'ethernet'
[20:03:27.328] [bmv2] [D] [thread 2211] [48.0] [cxt 0] Deparsing header 'vlan'
[20:03:27.328] [bmv2] [D] [thread 2211] [48.0] [cxt 0] Deparsing header 'ipv4'
[20:03:27.328] [bmv2] [D] [thread 2211] [48.0] [cxt 0] Deparser 'deparser': end
[20:03:27.328] [bmv2] [D] [thread 2213] [48.0] [cxt 0] Transmitting packet of size 46 out of port 2
[20:03:27.723] [bmv2] [D] [thread 2208] [49.0] [cxt 0] Processing packet received on port 3
[20:03:27.723] [bmv2] [D] [thread 2208] [49.0] [cxt 0] Parser 'parser': start
[20:03:27.723] [bmv2] [D] [thread 2208] [49.0] [cxt 0] Parser 'parser' entering state 'start'
[20:03:27.723] [bmv2] [D] [thread 2208] [49.0] [cxt 0] Extracting header 'ethernet'
[20:03:27.723] [bmv2] [D] [thread 2208] [49.0] [cxt 0] Parser state 'start': key is 8100
[20:03:27.723] [bmv2] [T] [thread 2208] [49.0] [cxt 0] Bytes parsed: 14
[20:03:27.723] [bmv2] [D] [thread 2208] [49.0] [cxt 0] Parser 'parser' entering state 'parse_vlan'
[20:03:27.723] [bmv2] [D] [thread 2208] [49.0] [cxt 0] Extracting header 'vlan'
[20:03:27.723] [bmv2] [D] [thread 2208] [49.0] [cxt 0] Parser state 'parse_vlan': key is 0800
[20:03:27.724] [bmv2] [T] [thread 2208] [49.0] [cxt 0] Bytes parsed: 18
[20:03:27.724] [bmv2] [D] [thread 2208] [49.0] [cxt 0] Parser 'parser' entering state 'parse_ipv4'
[20:03:27.724] [bmv2] [D] [thread 2208] [49.0] [cxt 0] Extracting header 'ipv4'
[20:03:27.724] [bmv2] [D] [thread 2208] [49.0] [cxt 0] Parser set: setting field 'scalars.tmp' from expression, new value is 1
[20:03:27.724] [bmv2] [D] [thread 2208] [49.0] [cxt 0] Parser state 'parse_ipv4': key is 06
[20:03:27.724] [bmv2] [T] [thread 2208] [49.0] [cxt 0] Bytes parsed: 38
[20:03:27.724] [bmv2] [D] [thread 2208] [49.0] [cxt 0] Parser 'parser' entering state 'parse_ipv4_option'
[20:03:27.724] [bmv2] [D] [thread 2208] [49.0] [cxt 0] Extracting header 'ipv4_option'
[20:03:27.724] [bmv2] [D] [thread 2208] [49.0] [cxt 0] Parser state 'parse_ipv4_option': key is 1f
[20:03:27.724] [bmv2] [T] [thread 2208] [49.0] [cxt 0] Bytes parsed: 40
[20:03:27.724] [bmv2] [D] [thread 2208] [49.0] [cxt 0] Parser 'parser' entering state 'parse_link_qos'
[20:03:27.724] [bmv2] [D] [thread 2208] [49.0] [cxt 0] Extracting header 'link_qos'
[20:03:27.724] [bmv2] [D] [thread 2208] [49.0] [cxt 0] Parser state 'parse_link_qos' has no switch, going to default next state
[20:03:27.725] [bmv2] [T] [thread 2208] [49.0] [cxt 0] Bytes parsed: 42
[20:03:27.725] [bmv2] [D] [thread 2208] [49.0] [cxt 0] Parser 'parser': end
[20:03:27.725] [bmv2] [D] [thread 2208] [49.0] [cxt 0] Pipeline 'ingress': start
[20:03:27.725] [bmv2] [T] [thread 2208] [49.0] [cxt 0] qos.p4(197) Condition "hdr.ipv4.isValid()" (node_2) is true
[20:03:27.725] [bmv2] [T] [thread 2208] [49.0] [cxt 0] qos.p4(198) Condition "hdr.link_qos.link_qos == TARGET_LINK_QOS" (node_3) is true
[20:03:27.725] [bmv2] [T] [thread 2208] [49.0] [cxt 0] Applying table 'tbl_qos199'
[20:03:27.725] [bmv2] [D] [thread 2208] [49.0] [cxt 0] Looking up key:

[20:03:27.725] [bmv2] [D] [thread 2208] [49.0] [cxt 0] Table 'tbl_qos199': miss
[20:03:27.725] [bmv2] [D] [thread 2208] [49.0] [cxt 0] Action entry is qos199 - 
[20:03:27.725] [bmv2] [T] [thread 2208] [49.0] [cxt 0] Action qos199
[20:03:27.725] [bmv2] [T] [thread 2208] [49.0] [cxt 0] qos.p4(199) Primitive hdr.ipv4.diffserv = (TARGET_DSCP << 2
[20:03:27.725] [bmv2] [T] [thread 2208] [49.0] [cxt 0] qos.p4(28) Primitive 7; ...
[20:03:27.725] [bmv2] [T] [thread 2208] [49.0] [cxt 0] Applying table 'MyIngress.ipv4_lpm'
[20:03:27.726] [bmv2] [D] [thread 2208] [49.0] [cxt 0] Looking up key:
* hdr.ipv4.dstAddr    : 0a000202

[20:03:27.726] [bmv2] [D] [thread 2208] [49.0] [cxt 0] Table 'MyIngress.ipv4_lpm': hit with handle 0
[20:03:27.726] [bmv2] [D] [thread 2208] [49.0] [cxt 0] Dumping entry 0
Match key:
* hdr.ipv4.dstAddr    : LPM       0a000202/32
Action entry: MyIngress.ipv4_forward - 80000000202,2,

[20:03:27.726] [bmv2] [D] [thread 2208] [49.0] [cxt 0] Action entry is MyIngress.ipv4_forward - 80000000202,2,
[20:03:27.726] [bmv2] [T] [thread 2208] [49.0] [cxt 0] Action MyIngress.ipv4_forward
[20:03:27.726] [bmv2] [T] [thread 2208] [49.0] [cxt 0] qos.p4(175) Primitive standard_metadata.egress_spec = port
[20:03:27.726] [bmv2] [T] [thread 2208] [49.0] [cxt 0] qos.p4(176) Primitive hdr.ethernet.srcAddr = hdr.ethernet.dstAddr
[20:03:27.726] [bmv2] [T] [thread 2208] [49.0] [cxt 0] qos.p4(177) Primitive hdr.ethernet.dstAddr = dstAddr
[20:03:27.726] [bmv2] [T] [thread 2208] [49.0] [cxt 0] qos.p4(178) Primitive hdr.ipv4.ttl = hdr.ipv4.ttl - 1
[20:03:27.726] [bmv2] [D] [thread 2208] [49.0] [cxt 0] Pipeline 'ingress': end
[20:03:27.726] [bmv2] [D] [thread 2208] [49.0] [cxt 0] Egress port is 2
[20:03:27.727] [bmv2] [D] [thread 2211] [49.0] [cxt 0] Pipeline 'egress': start
[20:03:27.727] [bmv2] [D] [thread 2211] [49.0] [cxt 0] Pipeline 'egress': end
[20:03:27.727] [bmv2] [D] [thread 2211] [49.0] [cxt 0] Deparser 'deparser': start
[20:03:27.727] [bmv2] [D] [thread 2211] [49.0] [cxt 0] Updating checksum 'cksum'
[20:03:27.727] [bmv2] [D] [thread 2211] [49.0] [cxt 0] Deparsing header 'ethernet'
[20:03:27.727] [bmv2] [D] [thread 2211] [49.0] [cxt 0] Deparsing header 'vlan'
[20:03:27.727] [bmv2] [D] [thread 2211] [49.0] [cxt 0] Deparsing header 'ipv4'
[20:03:27.727] [bmv2] [D] [thread 2211] [49.0] [cxt 0] Deparsing header 'ipv4_option'
[20:03:27.727] [bmv2] [D] [thread 2211] [49.0] [cxt 0] Deparsing header 'link_qos'
[20:03:27.727] [bmv2] [D] [thread 2211] [49.0] [cxt 0] Deparser 'deparser': end
[20:03:27.727] [bmv2] [D] [thread 2213] [49.0] [cxt 0] Transmitting packet of size 50 out of port 2
[20:03:28.353] [bmv2] [D] [thread 2208] [50.0] [cxt 0] Processing packet received on port 2
[20:03:28.354] [bmv2] [D] [thread 2208] [50.0] [cxt 0] Parser 'parser': start
[20:03:28.354] [bmv2] [D] [thread 2208] [50.0] [cxt 0] Parser 'parser' entering state 'start'
[20:03:28.354] [bmv2] [D] [thread 2208] [50.0] [cxt 0] Extracting header 'ethernet'
[20:03:28.354] [bmv2] [D] [thread 2208] [50.0] [cxt 0] Parser state 'start': key is 8100
[20:03:28.354] [bmv2] [T] [thread 2208] [50.0] [cxt 0] Bytes parsed: 14
[20:03:28.354] [bmv2] [D] [thread 2208] [50.0] [cxt 0] Parser 'parser' entering state 'parse_vlan'
[20:03:28.354] [bmv2] [D] [thread 2208] [50.0] [cxt 0] Extracting header 'vlan'
[20:03:28.354] [bmv2] [D] [thread 2208] [50.0] [cxt 0] Parser state 'parse_vlan': key is 0800
[20:03:28.354] [bmv2] [T] [thread 2208] [50.0] [cxt 0] Bytes parsed: 18
[20:03:28.354] [bmv2] [D] [thread 2208] [50.0] [cxt 0] Parser 'parser' entering state 'parse_ipv4'
[20:03:28.354] [bmv2] [D] [thread 2208] [50.0] [cxt 0] Extracting header 'ipv4'
[20:03:28.354] [bmv2] [D] [thread 2208] [50.0] [cxt 0] Parser set: setting field 'scalars.tmp' from expression, new value is 1
[20:03:28.354] [bmv2] [D] [thread 2208] [50.0] [cxt 0] Parser state 'parse_ipv4': key is 05
[20:03:28.355] [bmv2] [T] [thread 2208] [50.0] [cxt 0] Bytes parsed: 38
[20:03:28.355] [bmv2] [D] [thread 2208] [50.0] [cxt 0] Parser 'parser': end
[20:03:28.355] [bmv2] [D] [thread 2208] [50.0] [cxt 0] Pipeline 'ingress': start
[20:03:28.355] [bmv2] [T] [thread 2208] [50.0] [cxt 0] qos.p4(197) Condition "hdr.ipv4.isValid()" (node_2) is true
[20:03:28.355] [bmv2] [T] [thread 2208] [50.0] [cxt 0] qos.p4(198) Condition "hdr.link_qos.link_qos == TARGET_LINK_QOS" (node_3) is true
[20:03:28.355] [bmv2] [T] [thread 2208] [50.0] [cxt 0] Applying table 'tbl_qos199'
[20:03:28.355] [bmv2] [D] [thread 2208] [50.0] [cxt 0] Looking up key:

[20:03:28.355] [bmv2] [D] [thread 2208] [50.0] [cxt 0] Table 'tbl_qos199': miss
[20:03:28.355] [bmv2] [D] [thread 2208] [50.0] [cxt 0] Action entry is qos199 - 
[20:03:28.355] [bmv2] [T] [thread 2208] [50.0] [cxt 0] Action qos199
[20:03:28.355] [bmv2] [T] [thread 2208] [50.0] [cxt 0] qos.p4(199) Primitive hdr.ipv4.diffserv = (TARGET_DSCP << 2
[20:03:28.355] [bmv2] [T] [thread 2208] [50.0] [cxt 0] qos.p4(28) Primitive 7; ...
[20:03:28.356] [bmv2] [T] [thread 2208] [50.0] [cxt 0] Applying table 'MyIngress.ipv4_lpm'
[20:03:28.356] [bmv2] [D] [thread 2208] [50.0] [cxt 0] Looking up key:
* hdr.ipv4.dstAddr    : 0a000202

[20:03:28.356] [bmv2] [D] [thread 2208] [50.0] [cxt 0] Table 'MyIngress.ipv4_lpm': hit with handle 0
[20:03:28.356] [bmv2] [D] [thread 2208] [50.0] [cxt 0] Dumping entry 0
Match key:
* hdr.ipv4.dstAddr    : LPM       0a000202/32
Action entry: MyIngress.ipv4_forward - 80000000202,2,

[20:03:28.356] [bmv2] [D] [thread 2208] [50.0] [cxt 0] Action entry is MyIngress.ipv4_forward - 80000000202,2,
[20:03:28.356] [bmv2] [T] [thread 2208] [50.0] [cxt 0] Action MyIngress.ipv4_forward
[20:03:28.356] [bmv2] [T] [thread 2208] [50.0] [cxt 0] qos.p4(175) Primitive standard_metadata.egress_spec = port
[20:03:28.356] [bmv2] [T] [thread 2208] [50.0] [cxt 0] qos.p4(176) Primitive hdr.ethernet.srcAddr = hdr.ethernet.dstAddr
[20:03:28.356] [bmv2] [T] [thread 2208] [50.0] [cxt 0] qos.p4(177) Primitive hdr.ethernet.dstAddr = dstAddr
[20:03:28.356] [bmv2] [T] [thread 2208] [50.0] [cxt 0] qos.p4(178) Primitive hdr.ipv4.ttl = hdr.ipv4.ttl - 1
[20:03:28.356] [bmv2] [D] [thread 2208] [50.0] [cxt 0] Pipeline 'ingress': end
[20:03:28.356] [bmv2] [D] [thread 2208] [50.0] [cxt 0] Egress port is 2
[20:03:28.358] [bmv2] [D] [thread 2211] [50.0] [cxt 0] Pipeline 'egress': start
[20:03:28.358] [bmv2] [D] [thread 2211] [50.0] [cxt 0] Pipeline 'egress': end
[20:03:28.358] [bmv2] [D] [thread 2211] [50.0] [cxt 0] Deparser 'deparser': start
[20:03:28.358] [bmv2] [D] [thread 2211] [50.0] [cxt 0] Updating checksum 'cksum'
[20:03:28.358] [bmv2] [D] [thread 2211] [50.0] [cxt 0] Deparsing header 'ethernet'
[20:03:28.359] [bmv2] [D] [thread 2211] [50.0] [cxt 0] Deparsing header 'vlan'
[20:03:28.359] [bmv2] [D] [thread 2211] [50.0] [cxt 0] Deparsing header 'ipv4'
[20:03:28.359] [bmv2] [D] [thread 2211] [50.0] [cxt 0] Deparser 'deparser': end
[20:03:28.359] [bmv2] [D] [thread 2213] [50.0] [cxt 0] Transmitting packet of size 46 out of port 2
[20:03:28.746] [bmv2] [D] [thread 2208] [51.0] [cxt 0] Processing packet received on port 3
[20:03:28.747] [bmv2] [D] [thread 2208] [51.0] [cxt 0] Parser 'parser': start
[20:03:28.747] [bmv2] [D] [thread 2208] [51.0] [cxt 0] Parser 'parser' entering state 'start'
[20:03:28.747] [bmv2] [D] [thread 2208] [51.0] [cxt 0] Extracting header 'ethernet'
[20:03:28.748] [bmv2] [D] [thread 2208] [51.0] [cxt 0] Parser state 'start': key is 8100
[20:03:28.748] [bmv2] [T] [thread 2208] [51.0] [cxt 0] Bytes parsed: 14
[20:03:28.748] [bmv2] [D] [thread 2208] [51.0] [cxt 0] Parser 'parser' entering state 'parse_vlan'
[20:03:28.748] [bmv2] [D] [thread 2208] [51.0] [cxt 0] Extracting header 'vlan'
[20:03:28.748] [bmv2] [D] [thread 2208] [51.0] [cxt 0] Parser state 'parse_vlan': key is 0800
[20:03:28.748] [bmv2] [T] [thread 2208] [51.0] [cxt 0] Bytes parsed: 18
[20:03:28.748] [bmv2] [D] [thread 2208] [51.0] [cxt 0] Parser 'parser' entering state 'parse_ipv4'
[20:03:28.748] [bmv2] [D] [thread 2208] [51.0] [cxt 0] Extracting header 'ipv4'
[20:03:28.748] [bmv2] [D] [thread 2208] [51.0] [cxt 0] Parser set: setting field 'scalars.tmp' from expression, new value is 1
[20:03:28.748] [bmv2] [D] [thread 2208] [51.0] [cxt 0] Parser state 'parse_ipv4': key is 06
[20:03:28.749] [bmv2] [T] [thread 2208] [51.0] [cxt 0] Bytes parsed: 38
[20:03:28.749] [bmv2] [D] [thread 2208] [51.0] [cxt 0] Parser 'parser' entering state 'parse_ipv4_option'
[20:03:28.749] [bmv2] [D] [thread 2208] [51.0] [cxt 0] Extracting header 'ipv4_option'
[20:03:28.749] [bmv2] [D] [thread 2208] [51.0] [cxt 0] Parser state 'parse_ipv4_option': key is 1f
[20:03:28.749] [bmv2] [T] [thread 2208] [51.0] [cxt 0] Bytes parsed: 40
[20:03:28.749] [bmv2] [D] [thread 2208] [51.0] [cxt 0] Parser 'parser' entering state 'parse_link_qos'
[20:03:28.749] [bmv2] [D] [thread 2208] [51.0] [cxt 0] Extracting header 'link_qos'
[20:03:28.749] [bmv2] [D] [thread 2208] [51.0] [cxt 0] Parser state 'parse_link_qos' has no switch, going to default next state
[20:03:28.749] [bmv2] [T] [thread 2208] [51.0] [cxt 0] Bytes parsed: 42
[20:03:28.749] [bmv2] [D] [thread 2208] [51.0] [cxt 0] Parser 'parser': end
[20:03:28.749] [bmv2] [D] [thread 2208] [51.0] [cxt 0] Pipeline 'ingress': start
[20:03:28.750] [bmv2] [T] [thread 2208] [51.0] [cxt 0] qos.p4(197) Condition "hdr.ipv4.isValid()" (node_2) is true
[20:03:28.750] [bmv2] [T] [thread 2208] [51.0] [cxt 0] qos.p4(198) Condition "hdr.link_qos.link_qos == TARGET_LINK_QOS" (node_3) is true
[20:03:28.750] [bmv2] [T] [thread 2208] [51.0] [cxt 0] Applying table 'tbl_qos199'
[20:03:28.750] [bmv2] [D] [thread 2208] [51.0] [cxt 0] Looking up key:

[20:03:28.750] [bmv2] [D] [thread 2208] [51.0] [cxt 0] Table 'tbl_qos199': miss
[20:03:28.750] [bmv2] [D] [thread 2208] [51.0] [cxt 0] Action entry is qos199 - 
[20:03:28.750] [bmv2] [T] [thread 2208] [51.0] [cxt 0] Action qos199
[20:03:28.750] [bmv2] [T] [thread 2208] [51.0] [cxt 0] qos.p4(199) Primitive hdr.ipv4.diffserv = (TARGET_DSCP << 2
[20:03:28.750] [bmv2] [T] [thread 2208] [51.0] [cxt 0] qos.p4(28) Primitive 7; ...
[20:03:28.750] [bmv2] [T] [thread 2208] [51.0] [cxt 0] Applying table 'MyIngress.ipv4_lpm'
[20:03:28.751] [bmv2] [D] [thread 2208] [51.0] [cxt 0] Looking up key:
* hdr.ipv4.dstAddr    : 0a000202

[20:03:28.751] [bmv2] [D] [thread 2208] [51.0] [cxt 0] Table 'MyIngress.ipv4_lpm': hit with handle 0
[20:03:28.751] [bmv2] [D] [thread 2208] [51.0] [cxt 0] Dumping entry 0
Match key:
* hdr.ipv4.dstAddr    : LPM       0a000202/32
Action entry: MyIngress.ipv4_forward - 80000000202,2,

[20:03:28.751] [bmv2] [D] [thread 2208] [51.0] [cxt 0] Action entry is MyIngress.ipv4_forward - 80000000202,2,
[20:03:28.751] [bmv2] [T] [thread 2208] [51.0] [cxt 0] Action MyIngress.ipv4_forward
[20:03:28.751] [bmv2] [T] [thread 2208] [51.0] [cxt 0] qos.p4(175) Primitive standard_metadata.egress_spec = port
[20:03:28.751] [bmv2] [T] [thread 2208] [51.0] [cxt 0] qos.p4(176) Primitive hdr.ethernet.srcAddr = hdr.ethernet.dstAddr
[20:03:28.751] [bmv2] [T] [thread 2208] [51.0] [cxt 0] qos.p4(177) Primitive hdr.ethernet.dstAddr = dstAddr
[20:03:28.751] [bmv2] [T] [thread 2208] [51.0] [cxt 0] qos.p4(178) Primitive hdr.ipv4.ttl = hdr.ipv4.ttl - 1
[20:03:28.751] [bmv2] [D] [thread 2208] [51.0] [cxt 0] Pipeline 'ingress': end
[20:03:28.751] [bmv2] [D] [thread 2208] [51.0] [cxt 0] Egress port is 2
[20:03:28.752] [bmv2] [D] [thread 2211] [51.0] [cxt 0] Pipeline 'egress': start
[20:03:28.752] [bmv2] [D] [thread 2211] [51.0] [cxt 0] Pipeline 'egress': end
[20:03:28.752] [bmv2] [D] [thread 2211] [51.0] [cxt 0] Deparser 'deparser': start
[20:03:28.752] [bmv2] [D] [thread 2211] [51.0] [cxt 0] Updating checksum 'cksum'
[20:03:28.752] [bmv2] [D] [thread 2211] [51.0] [cxt 0] Deparsing header 'ethernet'
[20:03:28.752] [bmv2] [D] [thread 2211] [51.0] [cxt 0] Deparsing header 'vlan'
[20:03:28.752] [bmv2] [D] [thread 2211] [51.0] [cxt 0] Deparsing header 'ipv4'
[20:03:28.752] [bmv2] [D] [thread 2211] [51.0] [cxt 0] Deparsing header 'ipv4_option'
[20:03:28.752] [bmv2] [D] [thread 2211] [51.0] [cxt 0] Deparsing header 'link_qos'
[20:03:28.752] [bmv2] [D] [thread 2211] [51.0] [cxt 0] Deparser 'deparser': end
[20:03:28.753] [bmv2] [D] [thread 2213] [51.0] [cxt 0] Transmitting packet of size 50 out of port 2
[20:03:29.384] [bmv2] [D] [thread 2208] [52.0] [cxt 0] Processing packet received on port 2
[20:03:29.384] [bmv2] [D] [thread 2208] [52.0] [cxt 0] Parser 'parser': start
[20:03:29.385] [bmv2] [D] [thread 2208] [52.0] [cxt 0] Parser 'parser' entering state 'start'
[20:03:29.385] [bmv2] [D] [thread 2208] [52.0] [cxt 0] Extracting header 'ethernet'
[20:03:29.385] [bmv2] [D] [thread 2208] [52.0] [cxt 0] Parser state 'start': key is 8100
[20:03:29.385] [bmv2] [T] [thread 2208] [52.0] [cxt 0] Bytes parsed: 14
[20:03:29.385] [bmv2] [D] [thread 2208] [52.0] [cxt 0] Parser 'parser' entering state 'parse_vlan'
[20:03:29.385] [bmv2] [D] [thread 2208] [52.0] [cxt 0] Extracting header 'vlan'
[20:03:29.385] [bmv2] [D] [thread 2208] [52.0] [cxt 0] Parser state 'parse_vlan': key is 0800
[20:03:29.385] [bmv2] [T] [thread 2208] [52.0] [cxt 0] Bytes parsed: 18
[20:03:29.385] [bmv2] [D] [thread 2208] [52.0] [cxt 0] Parser 'parser' entering state 'parse_ipv4'
[20:03:29.386] [bmv2] [D] [thread 2208] [52.0] [cxt 0] Extracting header 'ipv4'
[20:03:29.386] [bmv2] [D] [thread 2208] [52.0] [cxt 0] Parser set: setting field 'scalars.tmp' from expression, new value is 1
[20:03:29.386] [bmv2] [D] [thread 2208] [52.0] [cxt 0] Parser state 'parse_ipv4': key is 05
[20:03:29.386] [bmv2] [T] [thread 2208] [52.0] [cxt 0] Bytes parsed: 38
[20:03:29.386] [bmv2] [D] [thread 2208] [52.0] [cxt 0] Parser 'parser': end
[20:03:29.386] [bmv2] [D] [thread 2208] [52.0] [cxt 0] Pipeline 'ingress': start
[20:03:29.386] [bmv2] [T] [thread 2208] [52.0] [cxt 0] qos.p4(197) Condition "hdr.ipv4.isValid()" (node_2) is true
[20:03:29.386] [bmv2] [T] [thread 2208] [52.0] [cxt 0] qos.p4(198) Condition "hdr.link_qos.link_qos == TARGET_LINK_QOS" (node_3) is true
[20:03:29.386] [bmv2] [T] [thread 2208] [52.0] [cxt 0] Applying table 'tbl_qos199'
[20:03:29.386] [bmv2] [D] [thread 2208] [52.0] [cxt 0] Looking up key:

[20:03:29.386] [bmv2] [D] [thread 2208] [52.0] [cxt 0] Table 'tbl_qos199': miss
[20:03:29.386] [bmv2] [D] [thread 2208] [52.0] [cxt 0] Action entry is qos199 - 
[20:03:29.386] [bmv2] [T] [thread 2208] [52.0] [cxt 0] Action qos199
[20:03:29.386] [bmv2] [T] [thread 2208] [52.0] [cxt 0] qos.p4(199) Primitive hdr.ipv4.diffserv = (TARGET_DSCP << 2
[20:03:29.386] [bmv2] [T] [thread 2208] [52.0] [cxt 0] qos.p4(28) Primitive 7; ...
[20:03:29.387] [bmv2] [T] [thread 2208] [52.0] [cxt 0] Applying table 'MyIngress.ipv4_lpm'
[20:03:29.387] [bmv2] [D] [thread 2208] [52.0] [cxt 0] Looking up key:
* hdr.ipv4.dstAddr    : 0a000202

[20:03:29.387] [bmv2] [D] [thread 2208] [52.0] [cxt 0] Table 'MyIngress.ipv4_lpm': hit with handle 0
[20:03:29.387] [bmv2] [D] [thread 2208] [52.0] [cxt 0] Dumping entry 0
Match key:
* hdr.ipv4.dstAddr    : LPM       0a000202/32
Action entry: MyIngress.ipv4_forward - 80000000202,2,

[20:03:29.387] [bmv2] [D] [thread 2208] [52.0] [cxt 0] Action entry is MyIngress.ipv4_forward - 80000000202,2,
[20:03:29.387] [bmv2] [T] [thread 2208] [52.0] [cxt 0] Action MyIngress.ipv4_forward
[20:03:29.387] [bmv2] [T] [thread 2208] [52.0] [cxt 0] qos.p4(175) Primitive standard_metadata.egress_spec = port
[20:03:29.387] [bmv2] [T] [thread 2208] [52.0] [cxt 0] qos.p4(176) Primitive hdr.ethernet.srcAddr = hdr.ethernet.dstAddr
[20:03:29.387] [bmv2] [T] [thread 2208] [52.0] [cxt 0] qos.p4(177) Primitive hdr.ethernet.dstAddr = dstAddr
[20:03:29.387] [bmv2] [T] [thread 2208] [52.0] [cxt 0] qos.p4(178) Primitive hdr.ipv4.ttl = hdr.ipv4.ttl - 1
[20:03:29.387] [bmv2] [D] [thread 2208] [52.0] [cxt 0] Pipeline 'ingress': end
[20:03:29.387] [bmv2] [D] [thread 2208] [52.0] [cxt 0] Egress port is 2
[20:03:29.392] [bmv2] [D] [thread 2211] [52.0] [cxt 0] Pipeline 'egress': start
[20:03:29.392] [bmv2] [D] [thread 2211] [52.0] [cxt 0] Pipeline 'egress': end
[20:03:29.392] [bmv2] [D] [thread 2211] [52.0] [cxt 0] Deparser 'deparser': start
[20:03:29.392] [bmv2] [D] [thread 2211] [52.0] [cxt 0] Updating checksum 'cksum'
[20:03:29.392] [bmv2] [D] [thread 2211] [52.0] [cxt 0] Deparsing header 'ethernet'
[20:03:29.392] [bmv2] [D] [thread 2211] [52.0] [cxt 0] Deparsing header 'vlan'
[20:03:29.392] [bmv2] [D] [thread 2211] [52.0] [cxt 0] Deparsing header 'ipv4'
[20:03:29.392] [bmv2] [D] [thread 2211] [52.0] [cxt 0] Deparser 'deparser': end
[20:03:29.394] [bmv2] [D] [thread 2213] [52.0] [cxt 0] Transmitting packet of size 46 out of port 2
[20:03:29.797] [bmv2] [D] [thread 2208] [53.0] [cxt 0] Processing packet received on port 3
[20:03:29.797] [bmv2] [D] [thread 2208] [53.0] [cxt 0] Parser 'parser': start
[20:03:29.798] [bmv2] [D] [thread 2208] [53.0] [cxt 0] Parser 'parser' entering state 'start'
[20:03:29.798] [bmv2] [D] [thread 2208] [53.0] [cxt 0] Extracting header 'ethernet'
[20:03:29.798] [bmv2] [D] [thread 2208] [53.0] [cxt 0] Parser state 'start': key is 8100
[20:03:29.798] [bmv2] [T] [thread 2208] [53.0] [cxt 0] Bytes parsed: 14
[20:03:29.798] [bmv2] [D] [thread 2208] [53.0] [cxt 0] Parser 'parser' entering state 'parse_vlan'
[20:03:29.798] [bmv2] [D] [thread 2208] [53.0] [cxt 0] Extracting header 'vlan'
[20:03:29.798] [bmv2] [D] [thread 2208] [53.0] [cxt 0] Parser state 'parse_vlan': key is 0800
[20:03:29.798] [bmv2] [T] [thread 2208] [53.0] [cxt 0] Bytes parsed: 18
[20:03:29.798] [bmv2] [D] [thread 2208] [53.0] [cxt 0] Parser 'parser' entering state 'parse_ipv4'
[20:03:29.798] [bmv2] [D] [thread 2208] [53.0] [cxt 0] Extracting header 'ipv4'
[20:03:29.798] [bmv2] [D] [thread 2208] [53.0] [cxt 0] Parser set: setting field 'scalars.tmp' from expression, new value is 1
[20:03:29.798] [bmv2] [D] [thread 2208] [53.0] [cxt 0] Parser state 'parse_ipv4': key is 06
[20:03:29.798] [bmv2] [T] [thread 2208] [53.0] [cxt 0] Bytes parsed: 38
[20:03:29.798] [bmv2] [D] [thread 2208] [53.0] [cxt 0] Parser 'parser' entering state 'parse_ipv4_option'
[20:03:29.798] [bmv2] [D] [thread 2208] [53.0] [cxt 0] Extracting header 'ipv4_option'
[20:03:29.798] [bmv2] [D] [thread 2208] [53.0] [cxt 0] Parser state 'parse_ipv4_option': key is 1f
[20:03:29.798] [bmv2] [T] [thread 2208] [53.0] [cxt 0] Bytes parsed: 40
[20:03:29.798] [bmv2] [D] [thread 2208] [53.0] [cxt 0] Parser 'parser' entering state 'parse_link_qos'
[20:03:29.798] [bmv2] [D] [thread 2208] [53.0] [cxt 0] Extracting header 'link_qos'
[20:03:29.798] [bmv2] [D] [thread 2208] [53.0] [cxt 0] Parser state 'parse_link_qos' has no switch, going to default next state
[20:03:29.798] [bmv2] [T] [thread 2208] [53.0] [cxt 0] Bytes parsed: 42
[20:03:29.798] [bmv2] [D] [thread 2208] [53.0] [cxt 0] Parser 'parser': end
[20:03:29.798] [bmv2] [D] [thread 2208] [53.0] [cxt 0] Pipeline 'ingress': start
[20:03:29.798] [bmv2] [T] [thread 2208] [53.0] [cxt 0] qos.p4(197) Condition "hdr.ipv4.isValid()" (node_2) is true
[20:03:29.798] [bmv2] [T] [thread 2208] [53.0] [cxt 0] qos.p4(198) Condition "hdr.link_qos.link_qos == TARGET_LINK_QOS" (node_3) is true
[20:03:29.798] [bmv2] [T] [thread 2208] [53.0] [cxt 0] Applying table 'tbl_qos199'
[20:03:29.798] [bmv2] [D] [thread 2208] [53.0] [cxt 0] Looking up key:

[20:03:29.798] [bmv2] [D] [thread 2208] [53.0] [cxt 0] Table 'tbl_qos199': miss
[20:03:29.798] [bmv2] [D] [thread 2208] [53.0] [cxt 0] Action entry is qos199 - 
[20:03:29.798] [bmv2] [T] [thread 2208] [53.0] [cxt 0] Action qos199
[20:03:29.798] [bmv2] [T] [thread 2208] [53.0] [cxt 0] qos.p4(199) Primitive hdr.ipv4.diffserv = (TARGET_DSCP << 2
[20:03:29.798] [bmv2] [T] [thread 2208] [53.0] [cxt 0] qos.p4(28) Primitive 7; ...
[20:03:29.799] [bmv2] [T] [thread 2208] [53.0] [cxt 0] Applying table 'MyIngress.ipv4_lpm'
[20:03:29.799] [bmv2] [D] [thread 2208] [53.0] [cxt 0] Looking up key:
* hdr.ipv4.dstAddr    : 0a000202

[20:03:29.799] [bmv2] [D] [thread 2208] [53.0] [cxt 0] Table 'MyIngress.ipv4_lpm': hit with handle 0
[20:03:29.799] [bmv2] [D] [thread 2208] [53.0] [cxt 0] Dumping entry 0
Match key:
* hdr.ipv4.dstAddr    : LPM       0a000202/32
Action entry: MyIngress.ipv4_forward - 80000000202,2,

[20:03:29.799] [bmv2] [D] [thread 2208] [53.0] [cxt 0] Action entry is MyIngress.ipv4_forward - 80000000202,2,
[20:03:29.799] [bmv2] [T] [thread 2208] [53.0] [cxt 0] Action MyIngress.ipv4_forward
[20:03:29.799] [bmv2] [T] [thread 2208] [53.0] [cxt 0] qos.p4(175) Primitive standard_metadata.egress_spec = port
[20:03:29.799] [bmv2] [T] [thread 2208] [53.0] [cxt 0] qos.p4(176) Primitive hdr.ethernet.srcAddr = hdr.ethernet.dstAddr
[20:03:29.799] [bmv2] [T] [thread 2208] [53.0] [cxt 0] qos.p4(177) Primitive hdr.ethernet.dstAddr = dstAddr
[20:03:29.799] [bmv2] [T] [thread 2208] [53.0] [cxt 0] qos.p4(178) Primitive hdr.ipv4.ttl = hdr.ipv4.ttl - 1
[20:03:29.799] [bmv2] [D] [thread 2208] [53.0] [cxt 0] Pipeline 'ingress': end
[20:03:29.799] [bmv2] [D] [thread 2208] [53.0] [cxt 0] Egress port is 2
[20:03:29.799] [bmv2] [D] [thread 2211] [53.0] [cxt 0] Pipeline 'egress': start
[20:03:29.799] [bmv2] [D] [thread 2211] [53.0] [cxt 0] Pipeline 'egress': end
[20:03:29.799] [bmv2] [D] [thread 2211] [53.0] [cxt 0] Deparser 'deparser': start
[20:03:29.799] [bmv2] [D] [thread 2211] [53.0] [cxt 0] Updating checksum 'cksum'
[20:03:29.799] [bmv2] [D] [thread 2211] [53.0] [cxt 0] Deparsing header 'ethernet'
[20:03:29.799] [bmv2] [D] [thread 2211] [53.0] [cxt 0] Deparsing header 'vlan'
[20:03:29.799] [bmv2] [D] [thread 2211] [53.0] [cxt 0] Deparsing header 'ipv4'
[20:03:29.799] [bmv2] [D] [thread 2211] [53.0] [cxt 0] Deparsing header 'ipv4_option'
[20:03:29.799] [bmv2] [D] [thread 2211] [53.0] [cxt 0] Deparsing header 'link_qos'
[20:03:29.799] [bmv2] [D] [thread 2211] [53.0] [cxt 0] Deparser 'deparser': end
[20:03:29.799] [bmv2] [D] [thread 2213] [53.0] [cxt 0] Transmitting packet of size 50 out of port 2
[20:03:30.413] [bmv2] [D] [thread 2208] [54.0] [cxt 0] Processing packet received on port 2
[20:03:30.413] [bmv2] [D] [thread 2208] [54.0] [cxt 0] Parser 'parser': start
[20:03:30.413] [bmv2] [D] [thread 2208] [54.0] [cxt 0] Parser 'parser' entering state 'start'
[20:03:30.413] [bmv2] [D] [thread 2208] [54.0] [cxt 0] Extracting header 'ethernet'
[20:03:30.413] [bmv2] [D] [thread 2208] [54.0] [cxt 0] Parser state 'start': key is 8100
[20:03:30.413] [bmv2] [T] [thread 2208] [54.0] [cxt 0] Bytes parsed: 14
[20:03:30.413] [bmv2] [D] [thread 2208] [54.0] [cxt 0] Parser 'parser' entering state 'parse_vlan'
[20:03:30.413] [bmv2] [D] [thread 2208] [54.0] [cxt 0] Extracting header 'vlan'
[20:03:30.413] [bmv2] [D] [thread 2208] [54.0] [cxt 0] Parser state 'parse_vlan': key is 0800
[20:03:30.413] [bmv2] [T] [thread 2208] [54.0] [cxt 0] Bytes parsed: 18
[20:03:30.413] [bmv2] [D] [thread 2208] [54.0] [cxt 0] Parser 'parser' entering state 'parse_ipv4'
[20:03:30.413] [bmv2] [D] [thread 2208] [54.0] [cxt 0] Extracting header 'ipv4'
[20:03:30.414] [bmv2] [D] [thread 2208] [54.0] [cxt 0] Parser set: setting field 'scalars.tmp' from expression, new value is 1
[20:03:30.414] [bmv2] [D] [thread 2208] [54.0] [cxt 0] Parser state 'parse_ipv4': key is 05
[20:03:30.414] [bmv2] [T] [thread 2208] [54.0] [cxt 0] Bytes parsed: 38
[20:03:30.414] [bmv2] [D] [thread 2208] [54.0] [cxt 0] Parser 'parser': end
[20:03:30.414] [bmv2] [D] [thread 2208] [54.0] [cxt 0] Pipeline 'ingress': start
[20:03:30.414] [bmv2] [T] [thread 2208] [54.0] [cxt 0] qos.p4(197) Condition "hdr.ipv4.isValid()" (node_2) is true
[20:03:30.414] [bmv2] [T] [thread 2208] [54.0] [cxt 0] qos.p4(198) Condition "hdr.link_qos.link_qos == TARGET_LINK_QOS" (node_3) is true
[20:03:30.414] [bmv2] [T] [thread 2208] [54.0] [cxt 0] Applying table 'tbl_qos199'
[20:03:30.414] [bmv2] [D] [thread 2208] [54.0] [cxt 0] Looking up key:

[20:03:30.414] [bmv2] [D] [thread 2208] [54.0] [cxt 0] Table 'tbl_qos199': miss
[20:03:30.414] [bmv2] [D] [thread 2208] [54.0] [cxt 0] Action entry is qos199 - 
[20:03:30.414] [bmv2] [T] [thread 2208] [54.0] [cxt 0] Action qos199
[20:03:30.414] [bmv2] [T] [thread 2208] [54.0] [cxt 0] qos.p4(199) Primitive hdr.ipv4.diffserv = (TARGET_DSCP << 2
[20:03:30.414] [bmv2] [T] [thread 2208] [54.0] [cxt 0] qos.p4(28) Primitive 7; ...
[20:03:30.414] [bmv2] [T] [thread 2208] [54.0] [cxt 0] Applying table 'MyIngress.ipv4_lpm'
[20:03:30.415] [bmv2] [D] [thread 2208] [54.0] [cxt 0] Looking up key:
* hdr.ipv4.dstAddr    : 0a000202

[20:03:30.415] [bmv2] [D] [thread 2208] [54.0] [cxt 0] Table 'MyIngress.ipv4_lpm': hit with handle 0
[20:03:30.415] [bmv2] [D] [thread 2208] [54.0] [cxt 0] Dumping entry 0
Match key:
* hdr.ipv4.dstAddr    : LPM       0a000202/32
Action entry: MyIngress.ipv4_forward - 80000000202,2,

[20:03:30.415] [bmv2] [D] [thread 2208] [54.0] [cxt 0] Action entry is MyIngress.ipv4_forward - 80000000202,2,
[20:03:30.415] [bmv2] [T] [thread 2208] [54.0] [cxt 0] Action MyIngress.ipv4_forward
[20:03:30.415] [bmv2] [T] [thread 2208] [54.0] [cxt 0] qos.p4(175) Primitive standard_metadata.egress_spec = port
[20:03:30.415] [bmv2] [T] [thread 2208] [54.0] [cxt 0] qos.p4(176) Primitive hdr.ethernet.srcAddr = hdr.ethernet.dstAddr
[20:03:30.415] [bmv2] [T] [thread 2208] [54.0] [cxt 0] qos.p4(177) Primitive hdr.ethernet.dstAddr = dstAddr
[20:03:30.415] [bmv2] [T] [thread 2208] [54.0] [cxt 0] qos.p4(178) Primitive hdr.ipv4.ttl = hdr.ipv4.ttl - 1
[20:03:30.415] [bmv2] [D] [thread 2208] [54.0] [cxt 0] Pipeline 'ingress': end
[20:03:30.415] [bmv2] [D] [thread 2208] [54.0] [cxt 0] Egress port is 2
[20:03:30.416] [bmv2] [D] [thread 2211] [54.0] [cxt 0] Pipeline 'egress': start
[20:03:30.416] [bmv2] [D] [thread 2211] [54.0] [cxt 0] Pipeline 'egress': end
[20:03:30.416] [bmv2] [D] [thread 2211] [54.0] [cxt 0] Deparser 'deparser': start
[20:03:30.416] [bmv2] [D] [thread 2211] [54.0] [cxt 0] Updating checksum 'cksum'
[20:03:30.416] [bmv2] [D] [thread 2211] [54.0] [cxt 0] Deparsing header 'ethernet'
[20:03:30.416] [bmv2] [D] [thread 2211] [54.0] [cxt 0] Deparsing header 'vlan'
[20:03:30.416] [bmv2] [D] [thread 2211] [54.0] [cxt 0] Deparsing header 'ipv4'
[20:03:30.416] [bmv2] [D] [thread 2211] [54.0] [cxt 0] Deparser 'deparser': end
[20:03:30.416] [bmv2] [D] [thread 2213] [54.0] [cxt 0] Transmitting packet of size 46 out of port 2
open: No such file or directory
open: No such file or directory
open: No such file or directory
open: No such file or directory
open: No such file or directory
open: No such file or directory
