Calling target program-options parser
[22:30:56.876] [bmv2] [D] [thread 6383] Set default default entry for table 'tbl_qos200': qos200 - 
[22:30:56.876] [bmv2] [D] [thread 6383] Set default default entry for table 'MyIngress.ipv4_lpm': NoAction - 
Adding interface s1-eth1 as port 1
[22:30:56.901] [bmv2] [D] [thread 6383] Adding interface s1-eth1 as port 1
Adding interface s1-eth2 as port 2
[22:30:56.906] [bmv2] [D] [thread 6383] Adding interface s1-eth2 as port 2
Adding interface s1-eth3 as port 3
[22:30:56.913] [bmv2] [D] [thread 6383] Adding interface s1-eth3 as port 3
Adding interface s1-eth4 as port 4
[22:30:56.915] [bmv2] [D] [thread 6383] Adding interface s1-eth4 as port 4
Server listening on 0.0.0.0:50051
[22:30:56.929] [bmv2] [I] [thread 6383] Starting Thrift server on port 9090
[22:30:56.930] [bmv2] [I] [thread 6383] Thrift server was started
[22:30:56.936] [bmv2] [D] [thread 6402] [0.0] [cxt 0] Processing packet received on port 3
[22:30:56.936] [bmv2] [D] [thread 6402] [0.0] [cxt 0] Parser 'parser': start
[22:30:56.936] [bmv2] [D] [thread 6402] [0.0] [cxt 0] Parser 'parser' entering state 'start'
[22:30:56.936] [bmv2] [D] [thread 6402] [0.0] [cxt 0] Extracting header 'ethernet'
[22:30:56.937] [bmv2] [D] [thread 6402] [0.0] [cxt 0] Parser state 'start': key is 86dd
[22:30:56.937] [bmv2] [T] [thread 6402] [0.0] [cxt 0] Bytes parsed: 14
[22:30:56.937] [bmv2] [D] [thread 6402] [0.0] [cxt 0] Parser 'parser': end
[22:30:56.937] [bmv2] [D] [thread 6402] [0.0] [cxt 0] Pipeline 'ingress': start
[22:30:56.937] [bmv2] [T] [thread 6402] [0.0] [cxt 0] qos.p4(197) Condition "hdr.ipv4.isValid()" (node_2) is false
[22:30:56.937] [bmv2] [D] [thread 6402] [0.0] [cxt 0] Pipeline 'ingress': end
[22:30:56.937] [bmv2] [D] [thread 6402] [0.0] [cxt 0] Egress port is 0
[22:30:56.937] [bmv2] [D] [thread 6403] [0.0] [cxt 0] Pipeline 'egress': start
[22:30:56.937] [bmv2] [D] [thread 6403] [0.0] [cxt 0] Pipeline 'egress': end
[22:30:56.937] [bmv2] [D] [thread 6403] [0.0] [cxt 0] Deparser 'deparser': start
[22:30:56.937] [bmv2] [T] [thread 6403] [0.0] [cxt 0] Skipping checksum 'cksum' update because condition not met
[22:30:56.937] [bmv2] [D] [thread 6403] [0.0] [cxt 0] Deparsing header 'ethernet'
[22:30:56.937] [bmv2] [D] [thread 6403] [0.0] [cxt 0] Deparser 'deparser': end
[22:30:56.937] [bmv2] [D] [thread 6407] [0.0] [cxt 0] Transmitting packet of size 90 out of port 0
[22:30:56.981] [bmv2] [D] [thread 6402] [1.0] [cxt 0] Processing packet received on port 1
[22:30:56.981] [bmv2] [D] [thread 6402] [1.0] [cxt 0] Parser 'parser': start
[22:30:56.981] [bmv2] [D] [thread 6402] [1.0] [cxt 0] Parser 'parser' entering state 'start'
[22:30:56.981] [bmv2] [D] [thread 6402] [1.0] [cxt 0] Extracting header 'ethernet'
[22:30:56.981] [bmv2] [D] [thread 6402] [1.0] [cxt 0] Parser state 'start': key is 86dd
[22:30:56.981] [bmv2] [T] [thread 6402] [1.0] [cxt 0] Bytes parsed: 14
[22:30:56.981] [bmv2] [D] [thread 6402] [1.0] [cxt 0] Parser 'parser': end
[22:30:56.981] [bmv2] [D] [thread 6402] [1.0] [cxt 0] Pipeline 'ingress': start
[22:30:56.981] [bmv2] [T] [thread 6402] [1.0] [cxt 0] qos.p4(197) Condition "hdr.ipv4.isValid()" (node_2) is false
[22:30:56.981] [bmv2] [D] [thread 6402] [1.0] [cxt 0] Pipeline 'ingress': end
[22:30:56.981] [bmv2] [D] [thread 6402] [1.0] [cxt 0] Egress port is 0
[22:30:56.981] [bmv2] [D] [thread 6402] [2.0] [cxt 0] Processing packet received on port 4
[22:30:56.981] [bmv2] [D] [thread 6402] [2.0] [cxt 0] Parser 'parser': start
[22:30:56.981] [bmv2] [D] [thread 6402] [2.0] [cxt 0] Parser 'parser' entering state 'start'
[22:30:56.981] [bmv2] [D] [thread 6402] [2.0] [cxt 0] Extracting header 'ethernet'
[22:30:56.981] [bmv2] [D] [thread 6402] [2.0] [cxt 0] Parser state 'start': key is 86dd
[22:30:56.981] [bmv2] [T] [thread 6402] [2.0] [cxt 0] Bytes parsed: 14
[22:30:56.981] [bmv2] [D] [thread 6402] [2.0] [cxt 0] Parser 'parser': end
[22:30:56.981] [bmv2] [D] [thread 6402] [2.0] [cxt 0] Pipeline 'ingress': start
[22:30:56.981] [bmv2] [T] [thread 6402] [2.0] [cxt 0] qos.p4(197) Condition "hdr.ipv4.isValid()" (node_2) is false
[22:30:56.981] [bmv2] [D] [thread 6402] [2.0] [cxt 0] Pipeline 'ingress': end
[22:30:56.981] [bmv2] [D] [thread 6402] [2.0] [cxt 0] Egress port is 0
[22:30:56.981] [bmv2] [D] [thread 6403] [1.0] [cxt 0] Pipeline 'egress': start
[22:30:56.982] [bmv2] [D] [thread 6403] [1.0] [cxt 0] Pipeline 'egress': end
[22:30:56.982] [bmv2] [D] [thread 6403] [1.0] [cxt 0] Deparser 'deparser': start
[22:30:56.982] [bmv2] [T] [thread 6403] [1.0] [cxt 0] Skipping checksum 'cksum' update because condition not met
[22:30:56.982] [bmv2] [D] [thread 6403] [1.0] [cxt 0] Deparsing header 'ethernet'
[22:30:56.982] [bmv2] [D] [thread 6403] [1.0] [cxt 0] Deparser 'deparser': end
[22:30:56.982] [bmv2] [D] [thread 6403] [2.0] [cxt 0] Pipeline 'egress': start
[22:30:56.982] [bmv2] [D] [thread 6403] [2.0] [cxt 0] Pipeline 'egress': end
[22:30:56.982] [bmv2] [D] [thread 6403] [2.0] [cxt 0] Deparser 'deparser': start
[22:30:56.982] [bmv2] [T] [thread 6403] [2.0] [cxt 0] Skipping checksum 'cksum' update because condition not met
[22:30:56.982] [bmv2] [D] [thread 6403] [2.0] [cxt 0] Deparsing header 'ethernet'
[22:30:56.982] [bmv2] [D] [thread 6403] [2.0] [cxt 0] Deparser 'deparser': end
[22:30:56.982] [bmv2] [D] [thread 6407] [1.0] [cxt 0] Transmitting packet of size 90 out of port 0
[22:30:56.982] [bmv2] [D] [thread 6407] [2.0] [cxt 0] Transmitting packet of size 90 out of port 0
[22:30:57.524] [bmv2] [D] [thread 6402] [3.0] [cxt 0] Processing packet received on port 3
[22:30:57.524] [bmv2] [D] [thread 6402] [3.0] [cxt 0] Parser 'parser': start
[22:30:57.524] [bmv2] [D] [thread 6402] [3.0] [cxt 0] Parser 'parser' entering state 'start'
[22:30:57.524] [bmv2] [D] [thread 6402] [3.0] [cxt 0] Extracting header 'ethernet'
[22:30:57.525] [bmv2] [D] [thread 6402] [3.0] [cxt 0] Parser state 'start': key is 86dd
[22:30:57.525] [bmv2] [T] [thread 6402] [3.0] [cxt 0] Bytes parsed: 14
[22:30:57.525] [bmv2] [D] [thread 6402] [3.0] [cxt 0] Parser 'parser': end
[22:30:57.525] [bmv2] [D] [thread 6402] [3.0] [cxt 0] Pipeline 'ingress': start
[22:30:57.525] [bmv2] [T] [thread 6402] [3.0] [cxt 0] qos.p4(197) Condition "hdr.ipv4.isValid()" (node_2) is false
[22:30:57.525] [bmv2] [D] [thread 6402] [3.0] [cxt 0] Pipeline 'ingress': end
[22:30:57.525] [bmv2] [D] [thread 6402] [3.0] [cxt 0] Egress port is 0
[22:30:57.525] [bmv2] [D] [thread 6403] [3.0] [cxt 0] Pipeline 'egress': start
[22:30:57.525] [bmv2] [D] [thread 6403] [3.0] [cxt 0] Pipeline 'egress': end
[22:30:57.525] [bmv2] [D] [thread 6403] [3.0] [cxt 0] Deparser 'deparser': start
[22:30:57.525] [bmv2] [T] [thread 6403] [3.0] [cxt 0] Skipping checksum 'cksum' update because condition not met
[22:30:57.525] [bmv2] [D] [thread 6403] [3.0] [cxt 0] Deparsing header 'ethernet'
[22:30:57.525] [bmv2] [D] [thread 6403] [3.0] [cxt 0] Deparser 'deparser': end
[22:30:57.525] [bmv2] [D] [thread 6407] [3.0] [cxt 0] Transmitting packet of size 90 out of port 0
[22:31:00.277] [bmv2] [D] [thread 6402] [4.0] [cxt 0] Processing packet received on port 1
[22:31:00.277] [bmv2] [D] [thread 6402] [4.0] [cxt 0] Parser 'parser': start
[22:31:00.277] [bmv2] [D] [thread 6402] [4.0] [cxt 0] Parser 'parser' entering state 'start'
[22:31:00.277] [bmv2] [D] [thread 6402] [4.0] [cxt 0] Extracting header 'ethernet'
[22:31:00.277] [bmv2] [D] [thread 6402] [4.0] [cxt 0] Parser state 'start': key is 86dd
[22:31:00.277] [bmv2] [T] [thread 6402] [4.0] [cxt 0] Bytes parsed: 14
[22:31:00.277] [bmv2] [D] [thread 6402] [4.0] [cxt 0] Parser 'parser': end
[22:31:00.277] [bmv2] [D] [thread 6402] [4.0] [cxt 0] Pipeline 'ingress': start
[22:31:00.277] [bmv2] [T] [thread 6402] [4.0] [cxt 0] qos.p4(197) Condition "hdr.ipv4.isValid()" (node_2) is false
[22:31:00.277] [bmv2] [D] [thread 6402] [4.0] [cxt 0] Pipeline 'ingress': end
[22:31:00.277] [bmv2] [D] [thread 6402] [4.0] [cxt 0] Egress port is 0
[22:31:00.277] [bmv2] [D] [thread 6402] [5.0] [cxt 0] Processing packet received on port 2
[22:31:00.277] [bmv2] [D] [thread 6402] [5.0] [cxt 0] Parser 'parser': start
[22:31:00.277] [bmv2] [D] [thread 6402] [5.0] [cxt 0] Parser 'parser' entering state 'start'
[22:31:00.277] [bmv2] [D] [thread 6402] [5.0] [cxt 0] Extracting header 'ethernet'
[22:31:00.277] [bmv2] [D] [thread 6402] [5.0] [cxt 0] Parser state 'start': key is 86dd
[22:31:00.277] [bmv2] [T] [thread 6402] [5.0] [cxt 0] Bytes parsed: 14
[22:31:00.277] [bmv2] [D] [thread 6402] [5.0] [cxt 0] Parser 'parser': end
[22:31:00.277] [bmv2] [D] [thread 6402] [5.0] [cxt 0] Pipeline 'ingress': start
[22:31:00.277] [bmv2] [T] [thread 6402] [5.0] [cxt 0] qos.p4(197) Condition "hdr.ipv4.isValid()" (node_2) is false
[22:31:00.277] [bmv2] [D] [thread 6402] [5.0] [cxt 0] Pipeline 'ingress': end
[22:31:00.277] [bmv2] [D] [thread 6402] [5.0] [cxt 0] Egress port is 0
[22:31:00.278] [bmv2] [D] [thread 6403] [4.0] [cxt 0] Pipeline 'egress': start
[22:31:00.278] [bmv2] [D] [thread 6403] [4.0] [cxt 0] Pipeline 'egress': end
[22:31:00.278] [bmv2] [D] [thread 6403] [4.0] [cxt 0] Deparser 'deparser': start
[22:31:00.278] [bmv2] [T] [thread 6403] [4.0] [cxt 0] Skipping checksum 'cksum' update because condition not met
[22:31:00.278] [bmv2] [D] [thread 6403] [4.0] [cxt 0] Deparsing header 'ethernet'
[22:31:00.278] [bmv2] [D] [thread 6403] [4.0] [cxt 0] Deparser 'deparser': end
[22:31:00.278] [bmv2] [D] [thread 6403] [5.0] [cxt 0] Pipeline 'egress': start
[22:31:00.278] [bmv2] [D] [thread 6403] [5.0] [cxt 0] Pipeline 'egress': end
[22:31:00.278] [bmv2] [D] [thread 6403] [5.0] [cxt 0] Deparser 'deparser': start
[22:31:00.278] [bmv2] [T] [thread 6403] [5.0] [cxt 0] Skipping checksum 'cksum' update because condition not met
[22:31:00.278] [bmv2] [D] [thread 6403] [5.0] [cxt 0] Deparsing header 'ethernet'
[22:31:00.278] [bmv2] [D] [thread 6403] [5.0] [cxt 0] Deparser 'deparser': end
[22:31:00.279] [bmv2] [D] [thread 6407] [4.0] [cxt 0] Transmitting packet of size 70 out of port 0
[22:31:00.279] [bmv2] [D] [thread 6407] [5.0] [cxt 0] Transmitting packet of size 70 out of port 0
[22:31:00.342] [bmv2] [W] [thread 6467] [P4Runtime] p4::tmp::P4DeviceConfig is deprecated
[22:31:00.357] [bmv2] [D] [thread 6467] Set default default entry for table 'tbl_qos200': qos200 - 
[22:31:00.357] [bmv2] [D] [thread 6467] Set default default entry for table 'MyIngress.ipv4_lpm': NoAction - 
[22:31:00.363] [bmv2] [D] [thread 6467] simple_switch target has been notified of a config swap
[22:31:00.373] [bmv2] [D] [thread 6468] Entry 0 added to table 'MyIngress.ipv4_lpm'
[22:31:00.373] [bmv2] [D] [thread 6468] Dumping entry 0
Match key:
* hdr.ipv4.dstAddr    : LPM       0a000101/32
Action entry: MyIngress.ipv4_forward - 80000000101,2,

[22:31:00.379] [bmv2] [D] [thread 6467] Entry 1 added to table 'MyIngress.ipv4_lpm'
[22:31:00.380] [bmv2] [D] [thread 6467] Dumping entry 1
Match key:
* hdr.ipv4.dstAddr    : LPM       0a00010b/32
Action entry: MyIngress.ipv4_forward - 80000000111,1,

[22:31:00.384] [bmv2] [D] [thread 6468] Entry 2 added to table 'MyIngress.ipv4_lpm'
[22:31:00.385] [bmv2] [D] [thread 6468] Dumping entry 2
Match key:
* hdr.ipv4.dstAddr    : LPM       0a000200/24
Action entry: MyIngress.ipv4_forward - 80000000200,3,

[22:31:00.391] [bmv2] [D] [thread 6467] Entry 3 added to table 'MyIngress.ipv4_lpm'
[22:31:00.391] [bmv2] [D] [thread 6467] Dumping entry 3
Match key:
* hdr.ipv4.dstAddr    : LPM       0a000300/24
Action entry: MyIngress.ipv4_forward - 80000000300,4,

[22:31:00.535] [bmv2] [D] [thread 6402] [6.0] [cxt 0] Processing packet received on port 3
[22:31:00.536] [bmv2] [D] [thread 6402] [6.0] [cxt 0] Parser 'parser': start
[22:31:00.536] [bmv2] [D] [thread 6402] [6.0] [cxt 0] Parser 'parser' entering state 'start'
[22:31:00.536] [bmv2] [D] [thread 6402] [6.0] [cxt 0] Extracting header 'ethernet'
[22:31:00.536] [bmv2] [D] [thread 6402] [6.0] [cxt 0] Parser state 'start': key is 86dd
[22:31:00.536] [bmv2] [T] [thread 6402] [6.0] [cxt 0] Bytes parsed: 14
[22:31:00.536] [bmv2] [D] [thread 6402] [6.0] [cxt 0] Parser 'parser': end
[22:31:00.536] [bmv2] [D] [thread 6402] [6.0] [cxt 0] Pipeline 'ingress': start
[22:31:00.536] [bmv2] [T] [thread 6402] [6.0] [cxt 0] qos.p4(197) Condition "hdr.ipv4.isValid()" (node_2) is false
[22:31:00.536] [bmv2] [D] [thread 6402] [6.0] [cxt 0] Pipeline 'ingress': end
[22:31:00.536] [bmv2] [D] [thread 6402] [6.0] [cxt 0] Egress port is 0
[22:31:00.536] [bmv2] [D] [thread 6402] [7.0] [cxt 0] Processing packet received on port 4
[22:31:00.536] [bmv2] [D] [thread 6402] [7.0] [cxt 0] Parser 'parser': start
[22:31:00.536] [bmv2] [D] [thread 6402] [7.0] [cxt 0] Parser 'parser' entering state 'start'
[22:31:00.536] [bmv2] [D] [thread 6402] [7.0] [cxt 0] Extracting header 'ethernet'
[22:31:00.536] [bmv2] [D] [thread 6402] [7.0] [cxt 0] Parser state 'start': key is 86dd
[22:31:00.536] [bmv2] [T] [thread 6402] [7.0] [cxt 0] Bytes parsed: 14
[22:31:00.536] [bmv2] [D] [thread 6402] [7.0] [cxt 0] Parser 'parser': end
[22:31:00.536] [bmv2] [D] [thread 6402] [7.0] [cxt 0] Pipeline 'ingress': start
[22:31:00.536] [bmv2] [T] [thread 6402] [7.0] [cxt 0] qos.p4(197) Condition "hdr.ipv4.isValid()" (node_2) is false
[22:31:00.536] [bmv2] [D] [thread 6402] [7.0] [cxt 0] Pipeline 'ingress': end
[22:31:00.536] [bmv2] [D] [thread 6402] [7.0] [cxt 0] Egress port is 0
[22:31:00.537] [bmv2] [D] [thread 6403] [6.0] [cxt 0] Pipeline 'egress': start
[22:31:00.537] [bmv2] [D] [thread 6403] [6.0] [cxt 0] Pipeline 'egress': end
[22:31:00.537] [bmv2] [D] [thread 6403] [6.0] [cxt 0] Deparser 'deparser': start
[22:31:00.537] [bmv2] [T] [thread 6403] [6.0] [cxt 0] Skipping checksum 'cksum' update because condition not met
[22:31:00.537] [bmv2] [D] [thread 6403] [6.0] [cxt 0] Deparsing header 'ethernet'
[22:31:00.537] [bmv2] [D] [thread 6403] [6.0] [cxt 0] Deparser 'deparser': end
[22:31:00.537] [bmv2] [D] [thread 6403] [7.0] [cxt 0] Pipeline 'egress': start
[22:31:00.537] [bmv2] [D] [thread 6403] [7.0] [cxt 0] Pipeline 'egress': end
[22:31:00.537] [bmv2] [D] [thread 6403] [7.0] [cxt 0] Deparser 'deparser': start
[22:31:00.537] [bmv2] [T] [thread 6403] [7.0] [cxt 0] Skipping checksum 'cksum' update because condition not met
[22:31:00.537] [bmv2] [D] [thread 6403] [7.0] [cxt 0] Deparsing header 'ethernet'
[22:31:00.537] [bmv2] [D] [thread 6403] [7.0] [cxt 0] Deparser 'deparser': end
[22:31:00.537] [bmv2] [D] [thread 6407] [6.0] [cxt 0] Transmitting packet of size 70 out of port 0
[22:31:00.537] [bmv2] [D] [thread 6407] [7.0] [cxt 0] Transmitting packet of size 70 out of port 0
[22:31:00.794] [bmv2] [D] [thread 6402] [8.0] [cxt 0] Processing packet received on port 3
[22:31:00.794] [bmv2] [D] [thread 6402] [8.0] [cxt 0] Parser 'parser': start
[22:31:00.795] [bmv2] [D] [thread 6402] [8.0] [cxt 0] Parser 'parser' entering state 'start'
[22:31:00.795] [bmv2] [D] [thread 6402] [8.0] [cxt 0] Extracting header 'ethernet'
[22:31:00.795] [bmv2] [D] [thread 6402] [8.0] [cxt 0] Parser state 'start': key is 86dd
[22:31:00.795] [bmv2] [T] [thread 6402] [8.0] [cxt 0] Bytes parsed: 14
[22:31:00.795] [bmv2] [D] [thread 6402] [8.0] [cxt 0] Parser 'parser': end
[22:31:00.795] [bmv2] [D] [thread 6402] [8.0] [cxt 0] Pipeline 'ingress': start
[22:31:00.795] [bmv2] [T] [thread 6402] [8.0] [cxt 0] qos.p4(197) Condition "hdr.ipv4.isValid()" (node_2) is false
[22:31:00.795] [bmv2] [D] [thread 6402] [8.0] [cxt 0] Pipeline 'ingress': end
[22:31:00.795] [bmv2] [D] [thread 6402] [8.0] [cxt 0] Egress port is 0
[22:31:00.795] [bmv2] [D] [thread 6403] [8.0] [cxt 0] Pipeline 'egress': start
[22:31:00.795] [bmv2] [D] [thread 6403] [8.0] [cxt 0] Pipeline 'egress': end
[22:31:00.795] [bmv2] [D] [thread 6403] [8.0] [cxt 0] Deparser 'deparser': start
[22:31:00.795] [bmv2] [T] [thread 6403] [8.0] [cxt 0] Skipping checksum 'cksum' update because condition not met
[22:31:00.796] [bmv2] [D] [thread 6403] [8.0] [cxt 0] Deparsing header 'ethernet'
[22:31:00.796] [bmv2] [D] [thread 6403] [8.0] [cxt 0] Deparser 'deparser': end
[22:31:00.796] [bmv2] [D] [thread 6407] [8.0] [cxt 0] Transmitting packet of size 70 out of port 0
[22:31:01.062] [bmv2] [D] [thread 6402] [9.0] [cxt 0] Processing packet received on port 4
[22:31:01.063] [bmv2] [D] [thread 6402] [9.0] [cxt 0] Parser 'parser': start
[22:31:01.063] [bmv2] [D] [thread 6402] [9.0] [cxt 0] Parser 'parser' entering state 'start'
[22:31:01.063] [bmv2] [D] [thread 6402] [9.0] [cxt 0] Extracting header 'ethernet'
[22:31:01.063] [bmv2] [D] [thread 6402] [9.0] [cxt 0] Parser state 'start': key is 86dd
[22:31:01.063] [bmv2] [T] [thread 6402] [9.0] [cxt 0] Bytes parsed: 14
[22:31:01.063] [bmv2] [D] [thread 6402] [9.0] [cxt 0] Parser 'parser': end
[22:31:01.064] [bmv2] [D] [thread 6402] [9.0] [cxt 0] Pipeline 'ingress': start
[22:31:01.064] [bmv2] [T] [thread 6402] [9.0] [cxt 0] qos.p4(197) Condition "hdr.ipv4.isValid()" (node_2) is false
[22:31:01.064] [bmv2] [D] [thread 6402] [9.0] [cxt 0] Pipeline 'ingress': end
[22:31:01.064] [bmv2] [D] [thread 6402] [9.0] [cxt 0] Egress port is 0
[22:31:01.065] [bmv2] [D] [thread 6403] [9.0] [cxt 0] Pipeline 'egress': start
[22:31:01.065] [bmv2] [D] [thread 6403] [9.0] [cxt 0] Pipeline 'egress': end
[22:31:01.065] [bmv2] [D] [thread 6403] [9.0] [cxt 0] Deparser 'deparser': start
[22:31:01.065] [bmv2] [T] [thread 6403] [9.0] [cxt 0] Skipping checksum 'cksum' update because condition not met
[22:31:01.065] [bmv2] [D] [thread 6403] [9.0] [cxt 0] Deparsing header 'ethernet'
[22:31:01.065] [bmv2] [D] [thread 6403] [9.0] [cxt 0] Deparser 'deparser': end
[22:31:01.065] [bmv2] [D] [thread 6407] [9.0] [cxt 0] Transmitting packet of size 70 out of port 0
[22:31:08.726] [bmv2] [D] [thread 6402] [10.0] [cxt 0] Processing packet received on port 1
[22:31:08.726] [bmv2] [D] [thread 6402] [10.0] [cxt 0] Parser 'parser': start
[22:31:08.726] [bmv2] [D] [thread 6402] [10.0] [cxt 0] Parser 'parser' entering state 'start'
[22:31:08.727] [bmv2] [D] [thread 6402] [10.0] [cxt 0] Extracting header 'ethernet'
[22:31:08.727] [bmv2] [D] [thread 6402] [10.0] [cxt 0] Parser state 'start': key is 86dd
[22:31:08.727] [bmv2] [T] [thread 6402] [10.0] [cxt 0] Bytes parsed: 14
[22:31:08.727] [bmv2] [D] [thread 6402] [10.0] [cxt 0] Parser 'parser': end
[22:31:08.727] [bmv2] [D] [thread 6402] [10.0] [cxt 0] Pipeline 'ingress': start
[22:31:08.727] [bmv2] [T] [thread 6402] [10.0] [cxt 0] qos.p4(197) Condition "hdr.ipv4.isValid()" (node_2) is false
[22:31:08.727] [bmv2] [D] [thread 6402] [10.0] [cxt 0] Pipeline 'ingress': end
[22:31:08.727] [bmv2] [D] [thread 6402] [10.0] [cxt 0] Egress port is 0
[22:31:08.727] [bmv2] [D] [thread 6402] [11.0] [cxt 0] Processing packet received on port 3
[22:31:08.727] [bmv2] [D] [thread 6402] [11.0] [cxt 0] Parser 'parser': start
[22:31:08.727] [bmv2] [D] [thread 6402] [11.0] [cxt 0] Parser 'parser' entering state 'start'
[22:31:08.727] [bmv2] [D] [thread 6402] [11.0] [cxt 0] Extracting header 'ethernet'
[22:31:08.727] [bmv2] [D] [thread 6402] [11.0] [cxt 0] Parser state 'start': key is 86dd
[22:31:08.727] [bmv2] [T] [thread 6402] [11.0] [cxt 0] Bytes parsed: 14
[22:31:08.727] [bmv2] [D] [thread 6402] [11.0] [cxt 0] Parser 'parser': end
[22:31:08.727] [bmv2] [D] [thread 6402] [11.0] [cxt 0] Pipeline 'ingress': start
[22:31:08.727] [bmv2] [T] [thread 6402] [11.0] [cxt 0] qos.p4(197) Condition "hdr.ipv4.isValid()" (node_2) is false
[22:31:08.727] [bmv2] [D] [thread 6402] [11.0] [cxt 0] Pipeline 'ingress': end
[22:31:08.727] [bmv2] [D] [thread 6402] [11.0] [cxt 0] Egress port is 0
[22:31:08.728] [bmv2] [D] [thread 6403] [10.0] [cxt 0] Pipeline 'egress': start
[22:31:08.729] [bmv2] [D] [thread 6403] [10.0] [cxt 0] Pipeline 'egress': end
[22:31:08.729] [bmv2] [D] [thread 6403] [10.0] [cxt 0] Deparser 'deparser': start
[22:31:08.729] [bmv2] [T] [thread 6403] [10.0] [cxt 0] Skipping checksum 'cksum' update because condition not met
[22:31:08.729] [bmv2] [D] [thread 6403] [10.0] [cxt 0] Deparsing header 'ethernet'
[22:31:08.729] [bmv2] [D] [thread 6403] [10.0] [cxt 0] Deparser 'deparser': end
[22:31:08.729] [bmv2] [D] [thread 6403] [11.0] [cxt 0] Pipeline 'egress': start
[22:31:08.729] [bmv2] [D] [thread 6403] [11.0] [cxt 0] Pipeline 'egress': end
[22:31:08.729] [bmv2] [D] [thread 6403] [11.0] [cxt 0] Deparser 'deparser': start
[22:31:08.729] [bmv2] [T] [thread 6403] [11.0] [cxt 0] Skipping checksum 'cksum' update because condition not met
[22:31:08.729] [bmv2] [D] [thread 6403] [11.0] [cxt 0] Deparsing header 'ethernet'
[22:31:08.729] [bmv2] [D] [thread 6403] [11.0] [cxt 0] Deparser 'deparser': end
[22:31:08.729] [bmv2] [D] [thread 6407] [10.0] [cxt 0] Transmitting packet of size 70 out of port 0
[22:31:08.729] [bmv2] [D] [thread 6407] [11.0] [cxt 0] Transmitting packet of size 70 out of port 0
[22:31:08.982] [bmv2] [D] [thread 6402] [12.0] [cxt 0] Processing packet received on port 2
[22:31:08.983] [bmv2] [D] [thread 6402] [12.0] [cxt 0] Parser 'parser': start
[22:31:08.983] [bmv2] [D] [thread 6402] [12.0] [cxt 0] Parser 'parser' entering state 'start'
[22:31:08.983] [bmv2] [D] [thread 6402] [12.0] [cxt 0] Extracting header 'ethernet'
[22:31:08.983] [bmv2] [D] [thread 6402] [12.0] [cxt 0] Parser state 'start': key is 86dd
[22:31:08.983] [bmv2] [T] [thread 6402] [12.0] [cxt 0] Bytes parsed: 14
[22:31:08.983] [bmv2] [D] [thread 6402] [12.0] [cxt 0] Parser 'parser': end
[22:31:08.983] [bmv2] [D] [thread 6402] [12.0] [cxt 0] Pipeline 'ingress': start
[22:31:08.983] [bmv2] [T] [thread 6402] [12.0] [cxt 0] qos.p4(197) Condition "hdr.ipv4.isValid()" (node_2) is false
[22:31:08.983] [bmv2] [D] [thread 6402] [12.0] [cxt 0] Pipeline 'ingress': end
[22:31:08.983] [bmv2] [D] [thread 6402] [12.0] [cxt 0] Egress port is 0
[22:31:08.983] [bmv2] [D] [thread 6402] [13.0] [cxt 0] Processing packet received on port 4
[22:31:08.983] [bmv2] [D] [thread 6402] [13.0] [cxt 0] Parser 'parser': start
[22:31:08.983] [bmv2] [D] [thread 6402] [13.0] [cxt 0] Parser 'parser' entering state 'start'
[22:31:08.983] [bmv2] [D] [thread 6402] [13.0] [cxt 0] Extracting header 'ethernet'
[22:31:08.983] [bmv2] [D] [thread 6402] [13.0] [cxt 0] Parser state 'start': key is 86dd
[22:31:08.983] [bmv2] [T] [thread 6402] [13.0] [cxt 0] Bytes parsed: 14
[22:31:08.983] [bmv2] [D] [thread 6402] [13.0] [cxt 0] Parser 'parser': end
[22:31:08.983] [bmv2] [D] [thread 6402] [13.0] [cxt 0] Pipeline 'ingress': start
[22:31:08.983] [bmv2] [T] [thread 6402] [13.0] [cxt 0] qos.p4(197) Condition "hdr.ipv4.isValid()" (node_2) is false
[22:31:08.983] [bmv2] [D] [thread 6402] [13.0] [cxt 0] Pipeline 'ingress': end
[22:31:08.983] [bmv2] [D] [thread 6402] [13.0] [cxt 0] Egress port is 0
[22:31:08.983] [bmv2] [D] [thread 6403] [12.0] [cxt 0] Pipeline 'egress': start
[22:31:08.983] [bmv2] [D] [thread 6403] [12.0] [cxt 0] Pipeline 'egress': end
[22:31:08.983] [bmv2] [D] [thread 6403] [12.0] [cxt 0] Deparser 'deparser': start
[22:31:08.983] [bmv2] [T] [thread 6403] [12.0] [cxt 0] Skipping checksum 'cksum' update because condition not met
[22:31:08.983] [bmv2] [D] [thread 6403] [12.0] [cxt 0] Deparsing header 'ethernet'
[22:31:08.983] [bmv2] [D] [thread 6403] [12.0] [cxt 0] Deparser 'deparser': end
[22:31:08.984] [bmv2] [D] [thread 6403] [13.0] [cxt 0] Pipeline 'egress': start
[22:31:08.984] [bmv2] [D] [thread 6403] [13.0] [cxt 0] Pipeline 'egress': end
[22:31:08.984] [bmv2] [D] [thread 6403] [13.0] [cxt 0] Deparser 'deparser': start
[22:31:08.984] [bmv2] [T] [thread 6403] [13.0] [cxt 0] Skipping checksum 'cksum' update because condition not met
[22:31:08.984] [bmv2] [D] [thread 6403] [13.0] [cxt 0] Deparsing header 'ethernet'
[22:31:08.984] [bmv2] [D] [thread 6403] [13.0] [cxt 0] Deparser 'deparser': end
[22:31:08.984] [bmv2] [D] [thread 6407] [12.0] [cxt 0] Transmitting packet of size 70 out of port 0
[22:31:08.984] [bmv2] [D] [thread 6407] [13.0] [cxt 0] Transmitting packet of size 70 out of port 0
[22:31:09.238] [bmv2] [D] [thread 6402] [14.0] [cxt 0] Processing packet received on port 3
[22:31:09.238] [bmv2] [D] [thread 6402] [14.0] [cxt 0] Parser 'parser': start
[22:31:09.238] [bmv2] [D] [thread 6402] [14.0] [cxt 0] Parser 'parser' entering state 'start'
[22:31:09.238] [bmv2] [D] [thread 6402] [14.0] [cxt 0] Extracting header 'ethernet'
[22:31:09.238] [bmv2] [D] [thread 6402] [14.0] [cxt 0] Parser state 'start': key is 86dd
[22:31:09.238] [bmv2] [T] [thread 6402] [14.0] [cxt 0] Bytes parsed: 14
[22:31:09.238] [bmv2] [D] [thread 6402] [14.0] [cxt 0] Parser 'parser': end
[22:31:09.238] [bmv2] [D] [thread 6402] [14.0] [cxt 0] Pipeline 'ingress': start
[22:31:09.238] [bmv2] [T] [thread 6402] [14.0] [cxt 0] qos.p4(197) Condition "hdr.ipv4.isValid()" (node_2) is false
[22:31:09.238] [bmv2] [D] [thread 6402] [14.0] [cxt 0] Pipeline 'ingress': end
[22:31:09.238] [bmv2] [D] [thread 6402] [14.0] [cxt 0] Egress port is 0
[22:31:09.238] [bmv2] [D] [thread 6402] [15.0] [cxt 0] Processing packet received on port 4
[22:31:09.238] [bmv2] [D] [thread 6402] [15.0] [cxt 0] Parser 'parser': start
[22:31:09.238] [bmv2] [D] [thread 6402] [15.0] [cxt 0] Parser 'parser' entering state 'start'
[22:31:09.238] [bmv2] [D] [thread 6402] [15.0] [cxt 0] Extracting header 'ethernet'
[22:31:09.238] [bmv2] [D] [thread 6402] [15.0] [cxt 0] Parser state 'start': key is 86dd
[22:31:09.238] [bmv2] [T] [thread 6402] [15.0] [cxt 0] Bytes parsed: 14
[22:31:09.238] [bmv2] [D] [thread 6402] [15.0] [cxt 0] Parser 'parser': end
[22:31:09.238] [bmv2] [D] [thread 6402] [15.0] [cxt 0] Pipeline 'ingress': start
[22:31:09.238] [bmv2] [T] [thread 6402] [15.0] [cxt 0] qos.p4(197) Condition "hdr.ipv4.isValid()" (node_2) is false
[22:31:09.239] [bmv2] [D] [thread 6402] [15.0] [cxt 0] Pipeline 'ingress': end
[22:31:09.239] [bmv2] [D] [thread 6402] [15.0] [cxt 0] Egress port is 0
[22:31:09.239] [bmv2] [D] [thread 6403] [14.0] [cxt 0] Pipeline 'egress': start
[22:31:09.239] [bmv2] [D] [thread 6403] [14.0] [cxt 0] Pipeline 'egress': end
[22:31:09.239] [bmv2] [D] [thread 6403] [14.0] [cxt 0] Deparser 'deparser': start
[22:31:09.239] [bmv2] [T] [thread 6403] [14.0] [cxt 0] Skipping checksum 'cksum' update because condition not met
[22:31:09.239] [bmv2] [D] [thread 6403] [14.0] [cxt 0] Deparsing header 'ethernet'
[22:31:09.239] [bmv2] [D] [thread 6403] [14.0] [cxt 0] Deparser 'deparser': end
[22:31:09.240] [bmv2] [D] [thread 6403] [15.0] [cxt 0] Pipeline 'egress': start
[22:31:09.240] [bmv2] [D] [thread 6403] [15.0] [cxt 0] Pipeline 'egress': end
[22:31:09.240] [bmv2] [D] [thread 6403] [15.0] [cxt 0] Deparser 'deparser': start
[22:31:09.240] [bmv2] [T] [thread 6403] [15.0] [cxt 0] Skipping checksum 'cksum' update because condition not met
[22:31:09.240] [bmv2] [D] [thread 6403] [15.0] [cxt 0] Deparsing header 'ethernet'
[22:31:09.240] [bmv2] [D] [thread 6403] [15.0] [cxt 0] Deparser 'deparser': end
[22:31:09.240] [bmv2] [D] [thread 6407] [14.0] [cxt 0] Transmitting packet of size 70 out of port 0
[22:31:09.240] [bmv2] [D] [thread 6407] [15.0] [cxt 0] Transmitting packet of size 70 out of port 0
[22:31:24.601] [bmv2] [D] [thread 6402] [16.0] [cxt 0] Processing packet received on port 3
[22:31:24.601] [bmv2] [D] [thread 6402] [16.0] [cxt 0] Parser 'parser': start
[22:31:24.601] [bmv2] [D] [thread 6402] [16.0] [cxt 0] Parser 'parser' entering state 'start'
[22:31:24.602] [bmv2] [D] [thread 6402] [16.0] [cxt 0] Extracting header 'ethernet'
[22:31:24.602] [bmv2] [D] [thread 6402] [16.0] [cxt 0] Parser state 'start': key is 86dd
[22:31:24.602] [bmv2] [T] [thread 6402] [16.0] [cxt 0] Bytes parsed: 14
[22:31:24.602] [bmv2] [D] [thread 6402] [16.0] [cxt 0] Parser 'parser': end
[22:31:24.602] [bmv2] [D] [thread 6402] [16.0] [cxt 0] Pipeline 'ingress': start
[22:31:24.602] [bmv2] [T] [thread 6402] [16.0] [cxt 0] qos.p4(197) Condition "hdr.ipv4.isValid()" (node_2) is false
[22:31:24.602] [bmv2] [D] [thread 6402] [16.0] [cxt 0] Pipeline 'ingress': end
[22:31:24.602] [bmv2] [D] [thread 6402] [16.0] [cxt 0] Egress port is 0
[22:31:24.603] [bmv2] [D] [thread 6403] [16.0] [cxt 0] Pipeline 'egress': start
[22:31:24.603] [bmv2] [D] [thread 6403] [16.0] [cxt 0] Pipeline 'egress': end
[22:31:24.603] [bmv2] [D] [thread 6403] [16.0] [cxt 0] Deparser 'deparser': start
[22:31:24.603] [bmv2] [T] [thread 6403] [16.0] [cxt 0] Skipping checksum 'cksum' update because condition not met
[22:31:24.603] [bmv2] [D] [thread 6403] [16.0] [cxt 0] Deparsing header 'ethernet'
[22:31:24.603] [bmv2] [D] [thread 6403] [16.0] [cxt 0] Deparser 'deparser': end
[22:31:24.603] [bmv2] [D] [thread 6407] [16.0] [cxt 0] Transmitting packet of size 70 out of port 0
[22:31:25.366] [bmv2] [D] [thread 6402] [17.0] [cxt 0] Processing packet received on port 4
[22:31:25.366] [bmv2] [D] [thread 6402] [17.0] [cxt 0] Parser 'parser': start
[22:31:25.366] [bmv2] [D] [thread 6402] [17.0] [cxt 0] Parser 'parser' entering state 'start'
[22:31:25.367] [bmv2] [D] [thread 6402] [17.0] [cxt 0] Extracting header 'ethernet'
[22:31:25.367] [bmv2] [D] [thread 6402] [17.0] [cxt 0] Parser state 'start': key is 86dd
[22:31:25.367] [bmv2] [T] [thread 6402] [17.0] [cxt 0] Bytes parsed: 14
[22:31:25.367] [bmv2] [D] [thread 6402] [17.0] [cxt 0] Parser 'parser': end
[22:31:25.367] [bmv2] [D] [thread 6402] [17.0] [cxt 0] Pipeline 'ingress': start
[22:31:25.367] [bmv2] [T] [thread 6402] [17.0] [cxt 0] qos.p4(197) Condition "hdr.ipv4.isValid()" (node_2) is false
[22:31:25.367] [bmv2] [D] [thread 6402] [17.0] [cxt 0] Pipeline 'ingress': end
[22:31:25.367] [bmv2] [D] [thread 6402] [17.0] [cxt 0] Egress port is 0
[22:31:25.374] [bmv2] [D] [thread 6403] [17.0] [cxt 0] Pipeline 'egress': start
[22:31:25.374] [bmv2] [D] [thread 6403] [17.0] [cxt 0] Pipeline 'egress': end
[22:31:25.374] [bmv2] [D] [thread 6403] [17.0] [cxt 0] Deparser 'deparser': start
[22:31:25.374] [bmv2] [T] [thread 6403] [17.0] [cxt 0] Skipping checksum 'cksum' update because condition not met
[22:31:25.374] [bmv2] [D] [thread 6403] [17.0] [cxt 0] Deparsing header 'ethernet'
[22:31:25.374] [bmv2] [D] [thread 6403] [17.0] [cxt 0] Deparser 'deparser': end
[22:31:25.374] [bmv2] [D] [thread 6407] [17.0] [cxt 0] Transmitting packet of size 70 out of port 0
[22:31:25.879] [bmv2] [D] [thread 6402] [18.0] [cxt 0] Processing packet received on port 1
[22:31:25.879] [bmv2] [D] [thread 6402] [18.0] [cxt 0] Parser 'parser': start
[22:31:25.879] [bmv2] [D] [thread 6402] [18.0] [cxt 0] Parser 'parser' entering state 'start'
[22:31:25.880] [bmv2] [D] [thread 6402] [18.0] [cxt 0] Extracting header 'ethernet'
[22:31:25.880] [bmv2] [D] [thread 6402] [18.0] [cxt 0] Parser state 'start': key is 86dd
[22:31:25.880] [bmv2] [T] [thread 6402] [18.0] [cxt 0] Bytes parsed: 14
[22:31:25.880] [bmv2] [D] [thread 6402] [18.0] [cxt 0] Parser 'parser': end
[22:31:25.881] [bmv2] [D] [thread 6402] [18.0] [cxt 0] Pipeline 'ingress': start
[22:31:25.881] [bmv2] [T] [thread 6402] [18.0] [cxt 0] qos.p4(197) Condition "hdr.ipv4.isValid()" (node_2) is false
[22:31:25.881] [bmv2] [D] [thread 6402] [18.0] [cxt 0] Pipeline 'ingress': end
[22:31:25.881] [bmv2] [D] [thread 6402] [18.0] [cxt 0] Egress port is 0
[22:31:25.882] [bmv2] [D] [thread 6403] [18.0] [cxt 0] Pipeline 'egress': start
[22:31:25.882] [bmv2] [D] [thread 6403] [18.0] [cxt 0] Pipeline 'egress': end
[22:31:25.882] [bmv2] [D] [thread 6403] [18.0] [cxt 0] Deparser 'deparser': start
[22:31:25.882] [bmv2] [T] [thread 6403] [18.0] [cxt 0] Skipping checksum 'cksum' update because condition not met
[22:31:25.883] [bmv2] [D] [thread 6403] [18.0] [cxt 0] Deparsing header 'ethernet'
[22:31:25.883] [bmv2] [D] [thread 6403] [18.0] [cxt 0] Deparser 'deparser': end
[22:31:25.883] [bmv2] [D] [thread 6407] [18.0] [cxt 0] Transmitting packet of size 70 out of port 0
[22:31:27.942] [bmv2] [D] [thread 6402] [19.0] [cxt 0] Processing packet received on port 2
[22:31:27.943] [bmv2] [D] [thread 6402] [19.0] [cxt 0] Parser 'parser': start
[22:31:27.943] [bmv2] [D] [thread 6402] [19.0] [cxt 0] Parser 'parser' entering state 'start'
[22:31:27.943] [bmv2] [D] [thread 6402] [19.0] [cxt 0] Extracting header 'ethernet'
[22:31:27.943] [bmv2] [D] [thread 6402] [19.0] [cxt 0] Parser state 'start': key is 86dd
[22:31:27.943] [bmv2] [T] [thread 6402] [19.0] [cxt 0] Bytes parsed: 14
[22:31:27.944] [bmv2] [D] [thread 6402] [19.0] [cxt 0] Parser 'parser': end
[22:31:27.944] [bmv2] [D] [thread 6402] [19.0] [cxt 0] Pipeline 'ingress': start
[22:31:27.944] [bmv2] [T] [thread 6402] [19.0] [cxt 0] qos.p4(197) Condition "hdr.ipv4.isValid()" (node_2) is false
[22:31:27.944] [bmv2] [D] [thread 6402] [19.0] [cxt 0] Pipeline 'ingress': end
[22:31:27.944] [bmv2] [D] [thread 6402] [19.0] [cxt 0] Egress port is 0
[22:31:27.945] [bmv2] [D] [thread 6403] [19.0] [cxt 0] Pipeline 'egress': start
[22:31:27.945] [bmv2] [D] [thread 6403] [19.0] [cxt 0] Pipeline 'egress': end
[22:31:27.945] [bmv2] [D] [thread 6403] [19.0] [cxt 0] Deparser 'deparser': start
[22:31:27.945] [bmv2] [T] [thread 6403] [19.0] [cxt 0] Skipping checksum 'cksum' update because condition not met
[22:31:27.945] [bmv2] [D] [thread 6403] [19.0] [cxt 0] Deparsing header 'ethernet'
[22:31:27.945] [bmv2] [D] [thread 6403] [19.0] [cxt 0] Deparser 'deparser': end
[22:31:27.945] [bmv2] [D] [thread 6407] [19.0] [cxt 0] Transmitting packet of size 70 out of port 0
[22:31:27.951] [bmv2] [D] [thread 6402] [20.0] [cxt 0] Processing packet received on port 3
[22:31:27.951] [bmv2] [D] [thread 6402] [20.0] [cxt 0] Parser 'parser': start
[22:31:27.952] [bmv2] [D] [thread 6402] [20.0] [cxt 0] Parser 'parser' entering state 'start'
[22:31:27.952] [bmv2] [D] [thread 6402] [20.0] [cxt 0] Extracting header 'ethernet'
[22:31:27.952] [bmv2] [D] [thread 6402] [20.0] [cxt 0] Parser state 'start': key is 86dd
[22:31:27.952] [bmv2] [T] [thread 6402] [20.0] [cxt 0] Bytes parsed: 14
[22:31:27.952] [bmv2] [D] [thread 6402] [20.0] [cxt 0] Parser 'parser': end
[22:31:27.952] [bmv2] [D] [thread 6402] [20.0] [cxt 0] Pipeline 'ingress': start
[22:31:27.952] [bmv2] [T] [thread 6402] [20.0] [cxt 0] qos.p4(197) Condition "hdr.ipv4.isValid()" (node_2) is false
[22:31:27.952] [bmv2] [D] [thread 6402] [20.0] [cxt 0] Pipeline 'ingress': end
[22:31:27.952] [bmv2] [D] [thread 6402] [20.0] [cxt 0] Egress port is 0
[22:31:27.954] [bmv2] [D] [thread 6403] [20.0] [cxt 0] Pipeline 'egress': start
[22:31:27.954] [bmv2] [D] [thread 6403] [20.0] [cxt 0] Pipeline 'egress': end
[22:31:27.954] [bmv2] [D] [thread 6403] [20.0] [cxt 0] Deparser 'deparser': start
[22:31:27.954] [bmv2] [T] [thread 6403] [20.0] [cxt 0] Skipping checksum 'cksum' update because condition not met
[22:31:27.954] [bmv2] [D] [thread 6403] [20.0] [cxt 0] Deparsing header 'ethernet'
[22:31:27.954] [bmv2] [D] [thread 6403] [20.0] [cxt 0] Deparser 'deparser': end
[22:31:27.955] [bmv2] [D] [thread 6407] [20.0] [cxt 0] Transmitting packet of size 70 out of port 0
[22:31:27.955] [bmv2] [D] [thread 6402] [21.0] [cxt 0] Processing packet received on port 4
[22:31:27.955] [bmv2] [D] [thread 6402] [21.0] [cxt 0] Parser 'parser': start
[22:31:27.955] [bmv2] [D] [thread 6402] [21.0] [cxt 0] Parser 'parser' entering state 'start'
[22:31:27.955] [bmv2] [D] [thread 6402] [21.0] [cxt 0] Extracting header 'ethernet'
[22:31:27.955] [bmv2] [D] [thread 6402] [21.0] [cxt 0] Parser state 'start': key is 86dd
[22:31:27.955] [bmv2] [T] [thread 6402] [21.0] [cxt 0] Bytes parsed: 14
[22:31:27.955] [bmv2] [D] [thread 6402] [21.0] [cxt 0] Parser 'parser': end
[22:31:27.955] [bmv2] [D] [thread 6402] [21.0] [cxt 0] Pipeline 'ingress': start
[22:31:27.955] [bmv2] [T] [thread 6402] [21.0] [cxt 0] qos.p4(197) Condition "hdr.ipv4.isValid()" (node_2) is false
[22:31:27.955] [bmv2] [D] [thread 6402] [21.0] [cxt 0] Pipeline 'ingress': end
[22:31:27.955] [bmv2] [D] [thread 6402] [21.0] [cxt 0] Egress port is 0
[22:31:27.956] [bmv2] [D] [thread 6403] [21.0] [cxt 0] Pipeline 'egress': start
[22:31:27.956] [bmv2] [D] [thread 6403] [21.0] [cxt 0] Pipeline 'egress': end
[22:31:27.956] [bmv2] [D] [thread 6403] [21.0] [cxt 0] Deparser 'deparser': start
[22:31:27.956] [bmv2] [T] [thread 6403] [21.0] [cxt 0] Skipping checksum 'cksum' update because condition not met
[22:31:27.956] [bmv2] [D] [thread 6403] [21.0] [cxt 0] Deparsing header 'ethernet'
[22:31:27.956] [bmv2] [D] [thread 6403] [21.0] [cxt 0] Deparser 'deparser': end
[22:31:27.956] [bmv2] [D] [thread 6407] [21.0] [cxt 0] Transmitting packet of size 70 out of port 0
[22:31:56.382] [bmv2] [D] [thread 6402] [22.0] [cxt 0] Processing packet received on port 1
[22:31:56.382] [bmv2] [D] [thread 6402] [22.0] [cxt 0] Parser 'parser': start
[22:31:56.382] [bmv2] [D] [thread 6402] [22.0] [cxt 0] Parser 'parser' entering state 'start'
[22:31:56.382] [bmv2] [D] [thread 6402] [22.0] [cxt 0] Extracting header 'ethernet'
[22:31:56.382] [bmv2] [D] [thread 6402] [22.0] [cxt 0] Parser state 'start': key is 8100
[22:31:56.382] [bmv2] [T] [thread 6402] [22.0] [cxt 0] Bytes parsed: 14
[22:31:56.382] [bmv2] [D] [thread 6402] [22.0] [cxt 0] Parser 'parser' entering state 'parse_vlan'
[22:31:56.383] [bmv2] [D] [thread 6402] [22.0] [cxt 0] Extracting header 'vlan'
[22:31:56.383] [bmv2] [D] [thread 6402] [22.0] [cxt 0] Parser state 'parse_vlan': key is 0800
[22:31:56.383] [bmv2] [T] [thread 6402] [22.0] [cxt 0] Bytes parsed: 18
[22:31:56.383] [bmv2] [D] [thread 6402] [22.0] [cxt 0] Parser 'parser' entering state 'parse_ipv4'
[22:31:56.383] [bmv2] [D] [thread 6402] [22.0] [cxt 0] Extracting header 'ipv4'
[22:31:56.383] [bmv2] [D] [thread 6402] [22.0] [cxt 0] Parser set: setting field 'scalars.tmp' from expression, new value is 1
[22:31:56.383] [bmv2] [D] [thread 6402] [22.0] [cxt 0] Parser state 'parse_ipv4': key is 05
[22:31:56.383] [bmv2] [T] [thread 6402] [22.0] [cxt 0] Bytes parsed: 38
[22:31:56.383] [bmv2] [D] [thread 6402] [22.0] [cxt 0] Parser 'parser': end
[22:31:56.383] [bmv2] [D] [thread 6402] [22.0] [cxt 0] Pipeline 'ingress': start
[22:31:56.383] [bmv2] [T] [thread 6402] [22.0] [cxt 0] qos.p4(197) Condition "hdr.ipv4.isValid()" (node_2) is true
[22:31:56.383] [bmv2] [T] [thread 6402] [22.0] [cxt 0] qos.p4(198) Condition "hdr.ipv4_option.isValid()" (node_3) is false
[22:31:56.383] [bmv2] [T] [thread 6402] [22.0] [cxt 0] Applying table 'MyIngress.ipv4_lpm'
[22:31:56.383] [bmv2] [D] [thread 6402] [22.0] [cxt 0] Looking up key:
* hdr.ipv4.dstAddr    : 0a000202

[22:31:56.383] [bmv2] [D] [thread 6402] [22.0] [cxt 0] Table 'MyIngress.ipv4_lpm': hit with handle 2
[22:31:56.383] [bmv2] [D] [thread 6402] [22.0] [cxt 0] Dumping entry 2
Match key:
* hdr.ipv4.dstAddr    : LPM       0a000200/24
Action entry: MyIngress.ipv4_forward - 80000000200,3,

[22:31:56.383] [bmv2] [D] [thread 6402] [22.0] [cxt 0] Action entry is MyIngress.ipv4_forward - 80000000200,3,
[22:31:56.383] [bmv2] [T] [thread 6402] [22.0] [cxt 0] Action MyIngress.ipv4_forward
[22:31:56.383] [bmv2] [T] [thread 6402] [22.0] [cxt 0] qos.p4(175) Primitive standard_metadata.egress_spec = port
[22:31:56.384] [bmv2] [T] [thread 6402] [22.0] [cxt 0] qos.p4(176) Primitive hdr.ethernet.srcAddr = hdr.ethernet.dstAddr
[22:31:56.384] [bmv2] [T] [thread 6402] [22.0] [cxt 0] qos.p4(177) Primitive hdr.ethernet.dstAddr = dstAddr
[22:31:56.384] [bmv2] [T] [thread 6402] [22.0] [cxt 0] qos.p4(178) Primitive hdr.ipv4.ttl = hdr.ipv4.ttl - 1
[22:31:56.384] [bmv2] [D] [thread 6402] [22.0] [cxt 0] Pipeline 'ingress': end
[22:31:56.384] [bmv2] [D] [thread 6402] [22.0] [cxt 0] Egress port is 3
[22:31:56.384] [bmv2] [D] [thread 6406] [22.0] [cxt 0] Pipeline 'egress': start
[22:31:56.384] [bmv2] [D] [thread 6406] [22.0] [cxt 0] Pipeline 'egress': end
[22:31:56.384] [bmv2] [D] [thread 6406] [22.0] [cxt 0] Deparser 'deparser': start
[22:31:56.384] [bmv2] [D] [thread 6406] [22.0] [cxt 0] Updating checksum 'cksum'
[22:31:56.384] [bmv2] [D] [thread 6406] [22.0] [cxt 0] Deparsing header 'ethernet'
[22:31:56.384] [bmv2] [D] [thread 6406] [22.0] [cxt 0] Deparsing header 'vlan'
[22:31:56.384] [bmv2] [D] [thread 6406] [22.0] [cxt 0] Deparsing header 'ipv4'
[22:31:56.384] [bmv2] [D] [thread 6406] [22.0] [cxt 0] Deparser 'deparser': end
[22:31:56.384] [bmv2] [D] [thread 6407] [22.0] [cxt 0] Transmitting packet of size 558 out of port 3
[22:31:56.516] [bmv2] [D] [thread 6402] [23.0] [cxt 0] Processing packet received on port 1
[22:31:56.517] [bmv2] [D] [thread 6402] [23.0] [cxt 0] Parser 'parser': start
[22:31:56.517] [bmv2] [D] [thread 6402] [23.0] [cxt 0] Parser 'parser' entering state 'start'
[22:31:56.517] [bmv2] [D] [thread 6402] [23.0] [cxt 0] Extracting header 'ethernet'
[22:31:56.517] [bmv2] [D] [thread 6402] [23.0] [cxt 0] Parser state 'start': key is 8100
[22:31:56.517] [bmv2] [T] [thread 6402] [23.0] [cxt 0] Bytes parsed: 14
[22:31:56.517] [bmv2] [D] [thread 6402] [23.0] [cxt 0] Parser 'parser' entering state 'parse_vlan'
[22:31:56.517] [bmv2] [D] [thread 6402] [23.0] [cxt 0] Extracting header 'vlan'
[22:31:56.517] [bmv2] [D] [thread 6402] [23.0] [cxt 0] Parser state 'parse_vlan': key is 0800
[22:31:56.517] [bmv2] [T] [thread 6402] [23.0] [cxt 0] Bytes parsed: 18
[22:31:56.517] [bmv2] [D] [thread 6402] [23.0] [cxt 0] Parser 'parser' entering state 'parse_ipv4'
[22:31:56.517] [bmv2] [D] [thread 6402] [23.0] [cxt 0] Extracting header 'ipv4'
[22:31:56.517] [bmv2] [D] [thread 6402] [23.0] [cxt 0] Parser set: setting field 'scalars.tmp' from expression, new value is 1
[22:31:56.517] [bmv2] [D] [thread 6402] [23.0] [cxt 0] Parser state 'parse_ipv4': key is 05
[22:31:56.517] [bmv2] [T] [thread 6402] [23.0] [cxt 0] Bytes parsed: 38
[22:31:56.517] [bmv2] [D] [thread 6402] [23.0] [cxt 0] Parser 'parser': end
[22:31:56.517] [bmv2] [D] [thread 6402] [23.0] [cxt 0] Pipeline 'ingress': start
[22:31:56.517] [bmv2] [T] [thread 6402] [23.0] [cxt 0] qos.p4(197) Condition "hdr.ipv4.isValid()" (node_2) is true
[22:31:56.517] [bmv2] [T] [thread 6402] [23.0] [cxt 0] qos.p4(198) Condition "hdr.ipv4_option.isValid()" (node_3) is false
[22:31:56.518] [bmv2] [T] [thread 6402] [23.0] [cxt 0] Applying table 'MyIngress.ipv4_lpm'
[22:31:56.518] [bmv2] [D] [thread 6402] [23.0] [cxt 0] Looking up key:
* hdr.ipv4.dstAddr    : 0a000202

[22:31:56.518] [bmv2] [D] [thread 6402] [23.0] [cxt 0] Table 'MyIngress.ipv4_lpm': hit with handle 2
[22:31:56.518] [bmv2] [D] [thread 6402] [23.0] [cxt 0] Dumping entry 2
Match key:
* hdr.ipv4.dstAddr    : LPM       0a000200/24
Action entry: MyIngress.ipv4_forward - 80000000200,3,

[22:31:56.518] [bmv2] [D] [thread 6402] [23.0] [cxt 0] Action entry is MyIngress.ipv4_forward - 80000000200,3,
[22:31:56.518] [bmv2] [T] [thread 6402] [23.0] [cxt 0] Action MyIngress.ipv4_forward
[22:31:56.518] [bmv2] [T] [thread 6402] [23.0] [cxt 0] qos.p4(175) Primitive standard_metadata.egress_spec = port
[22:31:56.518] [bmv2] [T] [thread 6402] [23.0] [cxt 0] qos.p4(176) Primitive hdr.ethernet.srcAddr = hdr.ethernet.dstAddr
[22:31:56.518] [bmv2] [T] [thread 6402] [23.0] [cxt 0] qos.p4(177) Primitive hdr.ethernet.dstAddr = dstAddr
[22:31:56.518] [bmv2] [T] [thread 6402] [23.0] [cxt 0] qos.p4(178) Primitive hdr.ipv4.ttl = hdr.ipv4.ttl - 1
[22:31:56.518] [bmv2] [D] [thread 6402] [23.0] [cxt 0] Pipeline 'ingress': end
[22:31:56.518] [bmv2] [D] [thread 6402] [23.0] [cxt 0] Egress port is 3
[22:31:56.518] [bmv2] [D] [thread 6406] [23.0] [cxt 0] Pipeline 'egress': start
[22:31:56.518] [bmv2] [D] [thread 6406] [23.0] [cxt 0] Pipeline 'egress': end
[22:31:56.518] [bmv2] [D] [thread 6406] [23.0] [cxt 0] Deparser 'deparser': start
[22:31:56.518] [bmv2] [D] [thread 6406] [23.0] [cxt 0] Updating checksum 'cksum'
[22:31:56.518] [bmv2] [D] [thread 6406] [23.0] [cxt 0] Deparsing header 'ethernet'
[22:31:56.518] [bmv2] [D] [thread 6406] [23.0] [cxt 0] Deparsing header 'vlan'
[22:31:56.518] [bmv2] [D] [thread 6406] [23.0] [cxt 0] Deparsing header 'ipv4'
[22:31:56.518] [bmv2] [D] [thread 6406] [23.0] [cxt 0] Deparser 'deparser': end
[22:31:56.518] [bmv2] [D] [thread 6407] [23.0] [cxt 0] Transmitting packet of size 558 out of port 3
[22:31:56.597] [bmv2] [D] [thread 6402] [24.0] [cxt 0] Processing packet received on port 3
[22:31:56.597] [bmv2] [D] [thread 6402] [24.0] [cxt 0] Parser 'parser': start
[22:31:56.597] [bmv2] [D] [thread 6402] [24.0] [cxt 0] Parser 'parser' entering state 'start'
[22:31:56.597] [bmv2] [D] [thread 6402] [24.0] [cxt 0] Extracting header 'ethernet'
[22:31:56.597] [bmv2] [D] [thread 6402] [24.0] [cxt 0] Parser state 'start': key is 86dd
[22:31:56.597] [bmv2] [T] [thread 6402] [24.0] [cxt 0] Bytes parsed: 14
[22:31:56.598] [bmv2] [D] [thread 6402] [24.0] [cxt 0] Parser 'parser': end
[22:31:56.598] [bmv2] [D] [thread 6402] [24.0] [cxt 0] Pipeline 'ingress': start
[22:31:56.598] [bmv2] [T] [thread 6402] [24.0] [cxt 0] qos.p4(197) Condition "hdr.ipv4.isValid()" (node_2) is false
[22:31:56.598] [bmv2] [D] [thread 6402] [24.0] [cxt 0] Pipeline 'ingress': end
[22:31:56.598] [bmv2] [D] [thread 6402] [24.0] [cxt 0] Egress port is 0
[22:31:56.598] [bmv2] [D] [thread 6403] [24.0] [cxt 0] Pipeline 'egress': start
[22:31:56.599] [bmv2] [D] [thread 6403] [24.0] [cxt 0] Pipeline 'egress': end
[22:31:56.599] [bmv2] [D] [thread 6403] [24.0] [cxt 0] Deparser 'deparser': start
[22:31:56.599] [bmv2] [T] [thread 6403] [24.0] [cxt 0] Skipping checksum 'cksum' update because condition not met
[22:31:56.599] [bmv2] [D] [thread 6403] [24.0] [cxt 0] Deparsing header 'ethernet'
[22:31:56.599] [bmv2] [D] [thread 6403] [24.0] [cxt 0] Deparser 'deparser': end
[22:31:56.599] [bmv2] [D] [thread 6407] [24.0] [cxt 0] Transmitting packet of size 70 out of port 0
[22:31:56.644] [bmv2] [D] [thread 6402] [25.0] [cxt 0] Processing packet received on port 1
[22:31:56.644] [bmv2] [D] [thread 6402] [25.0] [cxt 0] Parser 'parser': start
[22:31:56.644] [bmv2] [D] [thread 6402] [25.0] [cxt 0] Parser 'parser' entering state 'start'
[22:31:56.644] [bmv2] [D] [thread 6402] [25.0] [cxt 0] Extracting header 'ethernet'
[22:31:56.644] [bmv2] [D] [thread 6402] [25.0] [cxt 0] Parser state 'start': key is 8100
[22:31:56.644] [bmv2] [T] [thread 6402] [25.0] [cxt 0] Bytes parsed: 14
[22:31:56.644] [bmv2] [D] [thread 6402] [25.0] [cxt 0] Parser 'parser' entering state 'parse_vlan'
[22:31:56.644] [bmv2] [D] [thread 6402] [25.0] [cxt 0] Extracting header 'vlan'
[22:31:56.644] [bmv2] [D] [thread 6402] [25.0] [cxt 0] Parser state 'parse_vlan': key is 0800
[22:31:56.644] [bmv2] [T] [thread 6402] [25.0] [cxt 0] Bytes parsed: 18
[22:31:56.644] [bmv2] [D] [thread 6402] [25.0] [cxt 0] Parser 'parser' entering state 'parse_ipv4'
[22:31:56.644] [bmv2] [D] [thread 6402] [25.0] [cxt 0] Extracting header 'ipv4'
[22:31:56.644] [bmv2] [D] [thread 6402] [25.0] [cxt 0] Parser set: setting field 'scalars.tmp' from expression, new value is 1
[22:31:56.644] [bmv2] [D] [thread 6402] [25.0] [cxt 0] Parser state 'parse_ipv4': key is 05
[22:31:56.644] [bmv2] [T] [thread 6402] [25.0] [cxt 0] Bytes parsed: 38
[22:31:56.644] [bmv2] [D] [thread 6402] [25.0] [cxt 0] Parser 'parser': end
[22:31:56.645] [bmv2] [D] [thread 6402] [25.0] [cxt 0] Pipeline 'ingress': start
[22:31:56.645] [bmv2] [T] [thread 6402] [25.0] [cxt 0] qos.p4(197) Condition "hdr.ipv4.isValid()" (node_2) is true
[22:31:56.645] [bmv2] [T] [thread 6402] [25.0] [cxt 0] qos.p4(198) Condition "hdr.ipv4_option.isValid()" (node_3) is false
[22:31:56.645] [bmv2] [T] [thread 6402] [25.0] [cxt 0] Applying table 'MyIngress.ipv4_lpm'
[22:31:56.645] [bmv2] [D] [thread 6402] [25.0] [cxt 0] Looking up key:
* hdr.ipv4.dstAddr    : 0a000202

[22:31:56.645] [bmv2] [D] [thread 6402] [25.0] [cxt 0] Table 'MyIngress.ipv4_lpm': hit with handle 2
[22:31:56.645] [bmv2] [D] [thread 6402] [25.0] [cxt 0] Dumping entry 2
Match key:
* hdr.ipv4.dstAddr    : LPM       0a000200/24
Action entry: MyIngress.ipv4_forward - 80000000200,3,

[22:31:56.645] [bmv2] [D] [thread 6402] [25.0] [cxt 0] Action entry is MyIngress.ipv4_forward - 80000000200,3,
[22:31:56.645] [bmv2] [T] [thread 6402] [25.0] [cxt 0] Action MyIngress.ipv4_forward
[22:31:56.645] [bmv2] [T] [thread 6402] [25.0] [cxt 0] qos.p4(175) Primitive standard_metadata.egress_spec = port
[22:31:56.645] [bmv2] [T] [thread 6402] [25.0] [cxt 0] qos.p4(176) Primitive hdr.ethernet.srcAddr = hdr.ethernet.dstAddr
[22:31:56.645] [bmv2] [T] [thread 6402] [25.0] [cxt 0] qos.p4(177) Primitive hdr.ethernet.dstAddr = dstAddr
[22:31:56.645] [bmv2] [T] [thread 6402] [25.0] [cxt 0] qos.p4(178) Primitive hdr.ipv4.ttl = hdr.ipv4.ttl - 1
[22:31:56.645] [bmv2] [D] [thread 6402] [25.0] [cxt 0] Pipeline 'ingress': end
[22:31:56.645] [bmv2] [D] [thread 6402] [25.0] [cxt 0] Egress port is 3
[22:31:56.645] [bmv2] [D] [thread 6406] [25.0] [cxt 0] Pipeline 'egress': start
[22:31:56.645] [bmv2] [D] [thread 6406] [25.0] [cxt 0] Pipeline 'egress': end
[22:31:56.645] [bmv2] [D] [thread 6406] [25.0] [cxt 0] Deparser 'deparser': start
[22:31:56.645] [bmv2] [D] [thread 6406] [25.0] [cxt 0] Updating checksum 'cksum'
[22:31:56.645] [bmv2] [D] [thread 6406] [25.0] [cxt 0] Deparsing header 'ethernet'
[22:31:56.645] [bmv2] [D] [thread 6406] [25.0] [cxt 0] Deparsing header 'vlan'
[22:31:56.645] [bmv2] [D] [thread 6406] [25.0] [cxt 0] Deparsing header 'ipv4'
[22:31:56.645] [bmv2] [D] [thread 6406] [25.0] [cxt 0] Deparser 'deparser': end
[22:31:56.646] [bmv2] [D] [thread 6407] [25.0] [cxt 0] Transmitting packet of size 558 out of port 3
[22:31:56.768] [bmv2] [D] [thread 6402] [26.0] [cxt 0] Processing packet received on port 1
[22:31:56.768] [bmv2] [D] [thread 6402] [26.0] [cxt 0] Parser 'parser': start
[22:31:56.768] [bmv2] [D] [thread 6402] [26.0] [cxt 0] Parser 'parser' entering state 'start'
[22:31:56.768] [bmv2] [D] [thread 6402] [26.0] [cxt 0] Extracting header 'ethernet'
[22:31:56.768] [bmv2] [D] [thread 6402] [26.0] [cxt 0] Parser state 'start': key is 8100
[22:31:56.768] [bmv2] [T] [thread 6402] [26.0] [cxt 0] Bytes parsed: 14
[22:31:56.768] [bmv2] [D] [thread 6402] [26.0] [cxt 0] Parser 'parser' entering state 'parse_vlan'
[22:31:56.768] [bmv2] [D] [thread 6402] [26.0] [cxt 0] Extracting header 'vlan'
[22:31:56.768] [bmv2] [D] [thread 6402] [26.0] [cxt 0] Parser state 'parse_vlan': key is 0800
[22:31:56.768] [bmv2] [T] [thread 6402] [26.0] [cxt 0] Bytes parsed: 18
[22:31:56.768] [bmv2] [D] [thread 6402] [26.0] [cxt 0] Parser 'parser' entering state 'parse_ipv4'
[22:31:56.768] [bmv2] [D] [thread 6402] [26.0] [cxt 0] Extracting header 'ipv4'
[22:31:56.769] [bmv2] [D] [thread 6402] [26.0] [cxt 0] Parser set: setting field 'scalars.tmp' from expression, new value is 1
[22:31:56.769] [bmv2] [D] [thread 6402] [26.0] [cxt 0] Parser state 'parse_ipv4': key is 05
[22:31:56.769] [bmv2] [T] [thread 6402] [26.0] [cxt 0] Bytes parsed: 38
[22:31:56.769] [bmv2] [D] [thread 6402] [26.0] [cxt 0] Parser 'parser': end
[22:31:56.769] [bmv2] [D] [thread 6402] [26.0] [cxt 0] Pipeline 'ingress': start
[22:31:56.769] [bmv2] [T] [thread 6402] [26.0] [cxt 0] qos.p4(197) Condition "hdr.ipv4.isValid()" (node_2) is true
[22:31:56.769] [bmv2] [T] [thread 6402] [26.0] [cxt 0] qos.p4(198) Condition "hdr.ipv4_option.isValid()" (node_3) is false
[22:31:56.769] [bmv2] [T] [thread 6402] [26.0] [cxt 0] Applying table 'MyIngress.ipv4_lpm'
[22:31:56.769] [bmv2] [D] [thread 6402] [26.0] [cxt 0] Looking up key:
* hdr.ipv4.dstAddr    : 0a000202

[22:31:56.769] [bmv2] [D] [thread 6402] [26.0] [cxt 0] Table 'MyIngress.ipv4_lpm': hit with handle 2
[22:31:56.769] [bmv2] [D] [thread 6402] [26.0] [cxt 0] Dumping entry 2
Match key:
* hdr.ipv4.dstAddr    : LPM       0a000200/24
Action entry: MyIngress.ipv4_forward - 80000000200,3,

[22:31:56.769] [bmv2] [D] [thread 6402] [26.0] [cxt 0] Action entry is MyIngress.ipv4_forward - 80000000200,3,
[22:31:56.769] [bmv2] [T] [thread 6402] [26.0] [cxt 0] Action MyIngress.ipv4_forward
[22:31:56.769] [bmv2] [T] [thread 6402] [26.0] [cxt 0] qos.p4(175) Primitive standard_metadata.egress_spec = port
[22:31:56.770] [bmv2] [T] [thread 6402] [26.0] [cxt 0] qos.p4(176) Primitive hdr.ethernet.srcAddr = hdr.ethernet.dstAddr
[22:31:56.770] [bmv2] [T] [thread 6402] [26.0] [cxt 0] qos.p4(177) Primitive hdr.ethernet.dstAddr = dstAddr
[22:31:56.770] [bmv2] [T] [thread 6402] [26.0] [cxt 0] qos.p4(178) Primitive hdr.ipv4.ttl = hdr.ipv4.ttl - 1
[22:31:56.770] [bmv2] [D] [thread 6402] [26.0] [cxt 0] Pipeline 'ingress': end
[22:31:56.770] [bmv2] [D] [thread 6402] [26.0] [cxt 0] Egress port is 3
[22:31:56.770] [bmv2] [D] [thread 6406] [26.0] [cxt 0] Pipeline 'egress': start
[22:31:56.770] [bmv2] [D] [thread 6406] [26.0] [cxt 0] Pipeline 'egress': end
[22:31:56.770] [bmv2] [D] [thread 6406] [26.0] [cxt 0] Deparser 'deparser': start
[22:31:56.770] [bmv2] [D] [thread 6406] [26.0] [cxt 0] Updating checksum 'cksum'
[22:31:56.770] [bmv2] [D] [thread 6406] [26.0] [cxt 0] Deparsing header 'ethernet'
[22:31:56.770] [bmv2] [D] [thread 6406] [26.0] [cxt 0] Deparsing header 'vlan'
[22:31:56.770] [bmv2] [D] [thread 6406] [26.0] [cxt 0] Deparsing header 'ipv4'
[22:31:56.770] [bmv2] [D] [thread 6406] [26.0] [cxt 0] Deparser 'deparser': end
[22:31:56.770] [bmv2] [D] [thread 6407] [26.0] [cxt 0] Transmitting packet of size 558 out of port 3
[22:31:56.895] [bmv2] [D] [thread 6402] [27.0] [cxt 0] Processing packet received on port 1
[22:31:56.895] [bmv2] [D] [thread 6402] [27.0] [cxt 0] Parser 'parser': start
[22:31:56.895] [bmv2] [D] [thread 6402] [27.0] [cxt 0] Parser 'parser' entering state 'start'
[22:31:56.895] [bmv2] [D] [thread 6402] [27.0] [cxt 0] Extracting header 'ethernet'
[22:31:56.895] [bmv2] [D] [thread 6402] [27.0] [cxt 0] Parser state 'start': key is 8100
[22:31:56.895] [bmv2] [T] [thread 6402] [27.0] [cxt 0] Bytes parsed: 14
[22:31:56.895] [bmv2] [D] [thread 6402] [27.0] [cxt 0] Parser 'parser' entering state 'parse_vlan'
[22:31:56.895] [bmv2] [D] [thread 6402] [27.0] [cxt 0] Extracting header 'vlan'
[22:31:56.896] [bmv2] [D] [thread 6402] [27.0] [cxt 0] Parser state 'parse_vlan': key is 0800
[22:31:56.896] [bmv2] [T] [thread 6402] [27.0] [cxt 0] Bytes parsed: 18
[22:31:56.896] [bmv2] [D] [thread 6402] [27.0] [cxt 0] Parser 'parser' entering state 'parse_ipv4'
[22:31:56.896] [bmv2] [D] [thread 6402] [27.0] [cxt 0] Extracting header 'ipv4'
[22:31:56.896] [bmv2] [D] [thread 6402] [27.0] [cxt 0] Parser set: setting field 'scalars.tmp' from expression, new value is 1
[22:31:56.896] [bmv2] [D] [thread 6402] [27.0] [cxt 0] Parser state 'parse_ipv4': key is 05
[22:31:56.896] [bmv2] [T] [thread 6402] [27.0] [cxt 0] Bytes parsed: 38
[22:31:56.896] [bmv2] [D] [thread 6402] [27.0] [cxt 0] Parser 'parser': end
[22:31:56.896] [bmv2] [D] [thread 6402] [27.0] [cxt 0] Pipeline 'ingress': start
[22:31:56.896] [bmv2] [T] [thread 6402] [27.0] [cxt 0] qos.p4(197) Condition "hdr.ipv4.isValid()" (node_2) is true
[22:31:56.896] [bmv2] [T] [thread 6402] [27.0] [cxt 0] qos.p4(198) Condition "hdr.ipv4_option.isValid()" (node_3) is false
[22:31:56.896] [bmv2] [T] [thread 6402] [27.0] [cxt 0] Applying table 'MyIngress.ipv4_lpm'
[22:31:56.896] [bmv2] [D] [thread 6402] [27.0] [cxt 0] Looking up key:
* hdr.ipv4.dstAddr    : 0a000202

[22:31:56.896] [bmv2] [D] [thread 6402] [27.0] [cxt 0] Table 'MyIngress.ipv4_lpm': hit with handle 2
[22:31:56.896] [bmv2] [D] [thread 6402] [27.0] [cxt 0] Dumping entry 2
Match key:
* hdr.ipv4.dstAddr    : LPM       0a000200/24
Action entry: MyIngress.ipv4_forward - 80000000200,3,

[22:31:56.897] [bmv2] [D] [thread 6402] [27.0] [cxt 0] Action entry is MyIngress.ipv4_forward - 80000000200,3,
[22:31:56.897] [bmv2] [T] [thread 6402] [27.0] [cxt 0] Action MyIngress.ipv4_forward
[22:31:56.897] [bmv2] [T] [thread 6402] [27.0] [cxt 0] qos.p4(175) Primitive standard_metadata.egress_spec = port
[22:31:56.897] [bmv2] [T] [thread 6402] [27.0] [cxt 0] qos.p4(176) Primitive hdr.ethernet.srcAddr = hdr.ethernet.dstAddr
[22:31:56.897] [bmv2] [T] [thread 6402] [27.0] [cxt 0] qos.p4(177) Primitive hdr.ethernet.dstAddr = dstAddr
[22:31:56.897] [bmv2] [T] [thread 6402] [27.0] [cxt 0] qos.p4(178) Primitive hdr.ipv4.ttl = hdr.ipv4.ttl - 1
[22:31:56.897] [bmv2] [D] [thread 6402] [27.0] [cxt 0] Pipeline 'ingress': end
[22:31:56.897] [bmv2] [D] [thread 6402] [27.0] [cxt 0] Egress port is 3
[22:31:56.897] [bmv2] [D] [thread 6406] [27.0] [cxt 0] Pipeline 'egress': start
[22:31:56.897] [bmv2] [D] [thread 6406] [27.0] [cxt 0] Pipeline 'egress': end
[22:31:56.897] [bmv2] [D] [thread 6406] [27.0] [cxt 0] Deparser 'deparser': start
[22:31:56.897] [bmv2] [D] [thread 6406] [27.0] [cxt 0] Updating checksum 'cksum'
[22:31:56.897] [bmv2] [D] [thread 6406] [27.0] [cxt 0] Deparsing header 'ethernet'
[22:31:56.897] [bmv2] [D] [thread 6406] [27.0] [cxt 0] Deparsing header 'vlan'
[22:31:56.897] [bmv2] [D] [thread 6406] [27.0] [cxt 0] Deparsing header 'ipv4'
[22:31:56.897] [bmv2] [D] [thread 6406] [27.0] [cxt 0] Deparser 'deparser': end
[22:31:56.897] [bmv2] [D] [thread 6407] [27.0] [cxt 0] Transmitting packet of size 558 out of port 3
[22:31:57.026] [bmv2] [D] [thread 6402] [28.0] [cxt 0] Processing packet received on port 1
[22:31:57.026] [bmv2] [D] [thread 6402] [28.0] [cxt 0] Parser 'parser': start
[22:31:57.026] [bmv2] [D] [thread 6402] [28.0] [cxt 0] Parser 'parser' entering state 'start'
[22:31:57.026] [bmv2] [D] [thread 6402] [28.0] [cxt 0] Extracting header 'ethernet'
[22:31:57.026] [bmv2] [D] [thread 6402] [28.0] [cxt 0] Parser state 'start': key is 8100
[22:31:57.026] [bmv2] [T] [thread 6402] [28.0] [cxt 0] Bytes parsed: 14
[22:31:57.026] [bmv2] [D] [thread 6402] [28.0] [cxt 0] Parser 'parser' entering state 'parse_vlan'
[22:31:57.026] [bmv2] [D] [thread 6402] [28.0] [cxt 0] Extracting header 'vlan'
[22:31:57.026] [bmv2] [D] [thread 6402] [28.0] [cxt 0] Parser state 'parse_vlan': key is 0800
[22:31:57.026] [bmv2] [T] [thread 6402] [28.0] [cxt 0] Bytes parsed: 18
[22:31:57.026] [bmv2] [D] [thread 6402] [28.0] [cxt 0] Parser 'parser' entering state 'parse_ipv4'
[22:31:57.026] [bmv2] [D] [thread 6402] [28.0] [cxt 0] Extracting header 'ipv4'
[22:31:57.026] [bmv2] [D] [thread 6402] [28.0] [cxt 0] Parser set: setting field 'scalars.tmp' from expression, new value is 1
[22:31:57.026] [bmv2] [D] [thread 6402] [28.0] [cxt 0] Parser state 'parse_ipv4': key is 05
[22:31:57.026] [bmv2] [T] [thread 6402] [28.0] [cxt 0] Bytes parsed: 38
[22:31:57.026] [bmv2] [D] [thread 6402] [28.0] [cxt 0] Parser 'parser': end
[22:31:57.026] [bmv2] [D] [thread 6402] [28.0] [cxt 0] Pipeline 'ingress': start
[22:31:57.027] [bmv2] [T] [thread 6402] [28.0] [cxt 0] qos.p4(197) Condition "hdr.ipv4.isValid()" (node_2) is true
[22:31:57.027] [bmv2] [T] [thread 6402] [28.0] [cxt 0] qos.p4(198) Condition "hdr.ipv4_option.isValid()" (node_3) is false
[22:31:57.027] [bmv2] [T] [thread 6402] [28.0] [cxt 0] Applying table 'MyIngress.ipv4_lpm'
[22:31:57.027] [bmv2] [D] [thread 6402] [28.0] [cxt 0] Looking up key:
* hdr.ipv4.dstAddr    : 0a000202

[22:31:57.027] [bmv2] [D] [thread 6402] [28.0] [cxt 0] Table 'MyIngress.ipv4_lpm': hit with handle 2
[22:31:57.027] [bmv2] [D] [thread 6402] [28.0] [cxt 0] Dumping entry 2
Match key:
* hdr.ipv4.dstAddr    : LPM       0a000200/24
Action entry: MyIngress.ipv4_forward - 80000000200,3,

[22:31:57.027] [bmv2] [D] [thread 6402] [28.0] [cxt 0] Action entry is MyIngress.ipv4_forward - 80000000200,3,
[22:31:57.027] [bmv2] [T] [thread 6402] [28.0] [cxt 0] Action MyIngress.ipv4_forward
[22:31:57.027] [bmv2] [T] [thread 6402] [28.0] [cxt 0] qos.p4(175) Primitive standard_metadata.egress_spec = port
[22:31:57.027] [bmv2] [T] [thread 6402] [28.0] [cxt 0] qos.p4(176) Primitive hdr.ethernet.srcAddr = hdr.ethernet.dstAddr
[22:31:57.027] [bmv2] [T] [thread 6402] [28.0] [cxt 0] qos.p4(177) Primitive hdr.ethernet.dstAddr = dstAddr
[22:31:57.027] [bmv2] [T] [thread 6402] [28.0] [cxt 0] qos.p4(178) Primitive hdr.ipv4.ttl = hdr.ipv4.ttl - 1
[22:31:57.027] [bmv2] [D] [thread 6402] [28.0] [cxt 0] Pipeline 'ingress': end
[22:31:57.027] [bmv2] [D] [thread 6402] [28.0] [cxt 0] Egress port is 3
[22:31:57.027] [bmv2] [D] [thread 6406] [28.0] [cxt 0] Pipeline 'egress': start
[22:31:57.027] [bmv2] [D] [thread 6406] [28.0] [cxt 0] Pipeline 'egress': end
[22:31:57.027] [bmv2] [D] [thread 6406] [28.0] [cxt 0] Deparser 'deparser': start
[22:31:57.027] [bmv2] [D] [thread 6406] [28.0] [cxt 0] Updating checksum 'cksum'
[22:31:57.027] [bmv2] [D] [thread 6406] [28.0] [cxt 0] Deparsing header 'ethernet'
[22:31:57.027] [bmv2] [D] [thread 6406] [28.0] [cxt 0] Deparsing header 'vlan'
[22:31:57.027] [bmv2] [D] [thread 6406] [28.0] [cxt 0] Deparsing header 'ipv4'
[22:31:57.027] [bmv2] [D] [thread 6406] [28.0] [cxt 0] Deparser 'deparser': end
[22:31:57.028] [bmv2] [D] [thread 6407] [28.0] [cxt 0] Transmitting packet of size 558 out of port 3
[22:31:57.150] [bmv2] [D] [thread 6402] [29.0] [cxt 0] Processing packet received on port 1
[22:31:57.150] [bmv2] [D] [thread 6402] [29.0] [cxt 0] Parser 'parser': start
[22:31:57.150] [bmv2] [D] [thread 6402] [29.0] [cxt 0] Parser 'parser' entering state 'start'
[22:31:57.150] [bmv2] [D] [thread 6402] [29.0] [cxt 0] Extracting header 'ethernet'
[22:31:57.150] [bmv2] [D] [thread 6402] [29.0] [cxt 0] Parser state 'start': key is 8100
[22:31:57.150] [bmv2] [T] [thread 6402] [29.0] [cxt 0] Bytes parsed: 14
[22:31:57.150] [bmv2] [D] [thread 6402] [29.0] [cxt 0] Parser 'parser' entering state 'parse_vlan'
[22:31:57.150] [bmv2] [D] [thread 6402] [29.0] [cxt 0] Extracting header 'vlan'
[22:31:57.150] [bmv2] [D] [thread 6402] [29.0] [cxt 0] Parser state 'parse_vlan': key is 0800
[22:31:57.151] [bmv2] [T] [thread 6402] [29.0] [cxt 0] Bytes parsed: 18
[22:31:57.151] [bmv2] [D] [thread 6402] [29.0] [cxt 0] Parser 'parser' entering state 'parse_ipv4'
[22:31:57.151] [bmv2] [D] [thread 6402] [29.0] [cxt 0] Extracting header 'ipv4'
[22:31:57.151] [bmv2] [D] [thread 6402] [29.0] [cxt 0] Parser set: setting field 'scalars.tmp' from expression, new value is 1
[22:31:57.151] [bmv2] [D] [thread 6402] [29.0] [cxt 0] Parser state 'parse_ipv4': key is 05
[22:31:57.151] [bmv2] [T] [thread 6402] [29.0] [cxt 0] Bytes parsed: 38
[22:31:57.151] [bmv2] [D] [thread 6402] [29.0] [cxt 0] Parser 'parser': end
[22:31:57.151] [bmv2] [D] [thread 6402] [29.0] [cxt 0] Pipeline 'ingress': start
[22:31:57.151] [bmv2] [T] [thread 6402] [29.0] [cxt 0] qos.p4(197) Condition "hdr.ipv4.isValid()" (node_2) is true
[22:31:57.151] [bmv2] [T] [thread 6402] [29.0] [cxt 0] qos.p4(198) Condition "hdr.ipv4_option.isValid()" (node_3) is false
[22:31:57.151] [bmv2] [T] [thread 6402] [29.0] [cxt 0] Applying table 'MyIngress.ipv4_lpm'
[22:31:57.151] [bmv2] [D] [thread 6402] [29.0] [cxt 0] Looking up key:
* hdr.ipv4.dstAddr    : 0a000202

[22:31:57.151] [bmv2] [D] [thread 6402] [29.0] [cxt 0] Table 'MyIngress.ipv4_lpm': hit with handle 2
[22:31:57.151] [bmv2] [D] [thread 6402] [29.0] [cxt 0] Dumping entry 2
Match key:
* hdr.ipv4.dstAddr    : LPM       0a000200/24
Action entry: MyIngress.ipv4_forward - 80000000200,3,

[22:31:57.151] [bmv2] [D] [thread 6402] [29.0] [cxt 0] Action entry is MyIngress.ipv4_forward - 80000000200,3,
[22:31:57.151] [bmv2] [T] [thread 6402] [29.0] [cxt 0] Action MyIngress.ipv4_forward
[22:31:57.151] [bmv2] [T] [thread 6402] [29.0] [cxt 0] qos.p4(175) Primitive standard_metadata.egress_spec = port
[22:31:57.151] [bmv2] [T] [thread 6402] [29.0] [cxt 0] qos.p4(176) Primitive hdr.ethernet.srcAddr = hdr.ethernet.dstAddr
[22:31:57.151] [bmv2] [T] [thread 6402] [29.0] [cxt 0] qos.p4(177) Primitive hdr.ethernet.dstAddr = dstAddr
[22:31:57.151] [bmv2] [T] [thread 6402] [29.0] [cxt 0] qos.p4(178) Primitive hdr.ipv4.ttl = hdr.ipv4.ttl - 1
[22:31:57.152] [bmv2] [D] [thread 6402] [29.0] [cxt 0] Pipeline 'ingress': end
[22:31:57.152] [bmv2] [D] [thread 6402] [29.0] [cxt 0] Egress port is 3
[22:31:57.152] [bmv2] [D] [thread 6406] [29.0] [cxt 0] Pipeline 'egress': start
[22:31:57.152] [bmv2] [D] [thread 6406] [29.0] [cxt 0] Pipeline 'egress': end
[22:31:57.152] [bmv2] [D] [thread 6406] [29.0] [cxt 0] Deparser 'deparser': start
[22:31:57.152] [bmv2] [D] [thread 6406] [29.0] [cxt 0] Updating checksum 'cksum'
[22:31:57.152] [bmv2] [D] [thread 6406] [29.0] [cxt 0] Deparsing header 'ethernet'
[22:31:57.152] [bmv2] [D] [thread 6406] [29.0] [cxt 0] Deparsing header 'vlan'
[22:31:57.152] [bmv2] [D] [thread 6406] [29.0] [cxt 0] Deparsing header 'ipv4'
[22:31:57.152] [bmv2] [D] [thread 6406] [29.0] [cxt 0] Deparser 'deparser': end
[22:31:57.152] [bmv2] [D] [thread 6407] [29.0] [cxt 0] Transmitting packet of size 558 out of port 3
[22:31:57.277] [bmv2] [D] [thread 6402] [30.0] [cxt 0] Processing packet received on port 1
[22:31:57.277] [bmv2] [D] [thread 6402] [30.0] [cxt 0] Parser 'parser': start
[22:31:57.277] [bmv2] [D] [thread 6402] [30.0] [cxt 0] Parser 'parser' entering state 'start'
[22:31:57.277] [bmv2] [D] [thread 6402] [30.0] [cxt 0] Extracting header 'ethernet'
[22:31:57.277] [bmv2] [D] [thread 6402] [30.0] [cxt 0] Parser state 'start': key is 8100
[22:31:57.277] [bmv2] [T] [thread 6402] [30.0] [cxt 0] Bytes parsed: 14
[22:31:57.277] [bmv2] [D] [thread 6402] [30.0] [cxt 0] Parser 'parser' entering state 'parse_vlan'
[22:31:57.277] [bmv2] [D] [thread 6402] [30.0] [cxt 0] Extracting header 'vlan'
[22:31:57.277] [bmv2] [D] [thread 6402] [30.0] [cxt 0] Parser state 'parse_vlan': key is 0800
[22:31:57.277] [bmv2] [T] [thread 6402] [30.0] [cxt 0] Bytes parsed: 18
[22:31:57.277] [bmv2] [D] [thread 6402] [30.0] [cxt 0] Parser 'parser' entering state 'parse_ipv4'
[22:31:57.277] [bmv2] [D] [thread 6402] [30.0] [cxt 0] Extracting header 'ipv4'
[22:31:57.277] [bmv2] [D] [thread 6402] [30.0] [cxt 0] Parser set: setting field 'scalars.tmp' from expression, new value is 1
[22:31:57.277] [bmv2] [D] [thread 6402] [30.0] [cxt 0] Parser state 'parse_ipv4': key is 05
[22:31:57.277] [bmv2] [T] [thread 6402] [30.0] [cxt 0] Bytes parsed: 38
[22:31:57.277] [bmv2] [D] [thread 6402] [30.0] [cxt 0] Parser 'parser': end
[22:31:57.277] [bmv2] [D] [thread 6402] [30.0] [cxt 0] Pipeline 'ingress': start
[22:31:57.277] [bmv2] [T] [thread 6402] [30.0] [cxt 0] qos.p4(197) Condition "hdr.ipv4.isValid()" (node_2) is true
[22:31:57.277] [bmv2] [T] [thread 6402] [30.0] [cxt 0] qos.p4(198) Condition "hdr.ipv4_option.isValid()" (node_3) is false
[22:31:57.278] [bmv2] [T] [thread 6402] [30.0] [cxt 0] Applying table 'MyIngress.ipv4_lpm'
[22:31:57.278] [bmv2] [D] [thread 6402] [30.0] [cxt 0] Looking up key:
* hdr.ipv4.dstAddr    : 0a000202

[22:31:57.278] [bmv2] [D] [thread 6402] [30.0] [cxt 0] Table 'MyIngress.ipv4_lpm': hit with handle 2
[22:31:57.278] [bmv2] [D] [thread 6402] [30.0] [cxt 0] Dumping entry 2
Match key:
* hdr.ipv4.dstAddr    : LPM       0a000200/24
Action entry: MyIngress.ipv4_forward - 80000000200,3,

[22:31:57.278] [bmv2] [D] [thread 6402] [30.0] [cxt 0] Action entry is MyIngress.ipv4_forward - 80000000200,3,
[22:31:57.278] [bmv2] [T] [thread 6402] [30.0] [cxt 0] Action MyIngress.ipv4_forward
[22:31:57.278] [bmv2] [T] [thread 6402] [30.0] [cxt 0] qos.p4(175) Primitive standard_metadata.egress_spec = port
[22:31:57.278] [bmv2] [T] [thread 6402] [30.0] [cxt 0] qos.p4(176) Primitive hdr.ethernet.srcAddr = hdr.ethernet.dstAddr
[22:31:57.278] [bmv2] [T] [thread 6402] [30.0] [cxt 0] qos.p4(177) Primitive hdr.ethernet.dstAddr = dstAddr
[22:31:57.278] [bmv2] [T] [thread 6402] [30.0] [cxt 0] qos.p4(178) Primitive hdr.ipv4.ttl = hdr.ipv4.ttl - 1
[22:31:57.278] [bmv2] [D] [thread 6402] [30.0] [cxt 0] Pipeline 'ingress': end
[22:31:57.278] [bmv2] [D] [thread 6402] [30.0] [cxt 0] Egress port is 3
[22:31:57.278] [bmv2] [D] [thread 6406] [30.0] [cxt 0] Pipeline 'egress': start
[22:31:57.278] [bmv2] [D] [thread 6406] [30.0] [cxt 0] Pipeline 'egress': end
[22:31:57.278] [bmv2] [D] [thread 6406] [30.0] [cxt 0] Deparser 'deparser': start
[22:31:57.278] [bmv2] [D] [thread 6406] [30.0] [cxt 0] Updating checksum 'cksum'
[22:31:57.278] [bmv2] [D] [thread 6406] [30.0] [cxt 0] Deparsing header 'ethernet'
[22:31:57.278] [bmv2] [D] [thread 6406] [30.0] [cxt 0] Deparsing header 'vlan'
[22:31:57.278] [bmv2] [D] [thread 6406] [30.0] [cxt 0] Deparsing header 'ipv4'
[22:31:57.278] [bmv2] [D] [thread 6406] [30.0] [cxt 0] Deparser 'deparser': end
[22:31:57.279] [bmv2] [D] [thread 6407] [30.0] [cxt 0] Transmitting packet of size 558 out of port 3
[22:31:57.408] [bmv2] [D] [thread 6402] [31.0] [cxt 0] Processing packet received on port 1
[22:31:57.408] [bmv2] [D] [thread 6402] [31.0] [cxt 0] Parser 'parser': start
[22:31:57.409] [bmv2] [D] [thread 6402] [31.0] [cxt 0] Parser 'parser' entering state 'start'
[22:31:57.409] [bmv2] [D] [thread 6402] [31.0] [cxt 0] Extracting header 'ethernet'
[22:31:57.409] [bmv2] [D] [thread 6402] [31.0] [cxt 0] Parser state 'start': key is 8100
[22:31:57.409] [bmv2] [T] [thread 6402] [31.0] [cxt 0] Bytes parsed: 14
[22:31:57.409] [bmv2] [D] [thread 6402] [31.0] [cxt 0] Parser 'parser' entering state 'parse_vlan'
[22:31:57.409] [bmv2] [D] [thread 6402] [31.0] [cxt 0] Extracting header 'vlan'
[22:31:57.409] [bmv2] [D] [thread 6402] [31.0] [cxt 0] Parser state 'parse_vlan': key is 0800
[22:31:57.409] [bmv2] [T] [thread 6402] [31.0] [cxt 0] Bytes parsed: 18
[22:31:57.409] [bmv2] [D] [thread 6402] [31.0] [cxt 0] Parser 'parser' entering state 'parse_ipv4'
[22:31:57.409] [bmv2] [D] [thread 6402] [31.0] [cxt 0] Extracting header 'ipv4'
[22:31:57.409] [bmv2] [D] [thread 6402] [31.0] [cxt 0] Parser set: setting field 'scalars.tmp' from expression, new value is 1
[22:31:57.409] [bmv2] [D] [thread 6402] [31.0] [cxt 0] Parser state 'parse_ipv4': key is 05
[22:31:57.409] [bmv2] [T] [thread 6402] [31.0] [cxt 0] Bytes parsed: 38
[22:31:57.409] [bmv2] [D] [thread 6402] [31.0] [cxt 0] Parser 'parser': end
[22:31:57.409] [bmv2] [D] [thread 6402] [31.0] [cxt 0] Pipeline 'ingress': start
[22:31:57.409] [bmv2] [T] [thread 6402] [31.0] [cxt 0] qos.p4(197) Condition "hdr.ipv4.isValid()" (node_2) is true
[22:31:57.409] [bmv2] [T] [thread 6402] [31.0] [cxt 0] qos.p4(198) Condition "hdr.ipv4_option.isValid()" (node_3) is false
[22:31:57.409] [bmv2] [T] [thread 6402] [31.0] [cxt 0] Applying table 'MyIngress.ipv4_lpm'
[22:31:57.410] [bmv2] [D] [thread 6402] [31.0] [cxt 0] Looking up key:
* hdr.ipv4.dstAddr    : 0a000202

[22:31:57.410] [bmv2] [D] [thread 6402] [31.0] [cxt 0] Table 'MyIngress.ipv4_lpm': hit with handle 2
[22:31:57.410] [bmv2] [D] [thread 6402] [31.0] [cxt 0] Dumping entry 2
Match key:
* hdr.ipv4.dstAddr    : LPM       0a000200/24
Action entry: MyIngress.ipv4_forward - 80000000200,3,

[22:31:57.410] [bmv2] [D] [thread 6402] [31.0] [cxt 0] Action entry is MyIngress.ipv4_forward - 80000000200,3,
[22:31:57.410] [bmv2] [T] [thread 6402] [31.0] [cxt 0] Action MyIngress.ipv4_forward
[22:31:57.410] [bmv2] [T] [thread 6402] [31.0] [cxt 0] qos.p4(175) Primitive standard_metadata.egress_spec = port
[22:31:57.410] [bmv2] [T] [thread 6402] [31.0] [cxt 0] qos.p4(176) Primitive hdr.ethernet.srcAddr = hdr.ethernet.dstAddr
[22:31:57.410] [bmv2] [T] [thread 6402] [31.0] [cxt 0] qos.p4(177) Primitive hdr.ethernet.dstAddr = dstAddr
[22:31:57.410] [bmv2] [T] [thread 6402] [31.0] [cxt 0] qos.p4(178) Primitive hdr.ipv4.ttl = hdr.ipv4.ttl - 1
[22:31:57.410] [bmv2] [D] [thread 6402] [31.0] [cxt 0] Pipeline 'ingress': end
[22:31:57.410] [bmv2] [D] [thread 6402] [31.0] [cxt 0] Egress port is 3
[22:31:57.411] [bmv2] [D] [thread 6406] [31.0] [cxt 0] Pipeline 'egress': start
[22:31:57.411] [bmv2] [D] [thread 6406] [31.0] [cxt 0] Pipeline 'egress': end
[22:31:57.411] [bmv2] [D] [thread 6406] [31.0] [cxt 0] Deparser 'deparser': start
[22:31:57.411] [bmv2] [D] [thread 6406] [31.0] [cxt 0] Updating checksum 'cksum'
[22:31:57.411] [bmv2] [D] [thread 6406] [31.0] [cxt 0] Deparsing header 'ethernet'
[22:31:57.411] [bmv2] [D] [thread 6406] [31.0] [cxt 0] Deparsing header 'vlan'
[22:31:57.411] [bmv2] [D] [thread 6406] [31.0] [cxt 0] Deparsing header 'ipv4'
[22:31:57.411] [bmv2] [D] [thread 6406] [31.0] [cxt 0] Deparser 'deparser': end
[22:31:57.411] [bmv2] [D] [thread 6407] [31.0] [cxt 0] Transmitting packet of size 558 out of port 3
[22:31:57.540] [bmv2] [D] [thread 6402] [32.0] [cxt 0] Processing packet received on port 1
[22:31:57.540] [bmv2] [D] [thread 6402] [32.0] [cxt 0] Parser 'parser': start
[22:31:57.540] [bmv2] [D] [thread 6402] [32.0] [cxt 0] Parser 'parser' entering state 'start'
[22:31:57.540] [bmv2] [D] [thread 6402] [32.0] [cxt 0] Extracting header 'ethernet'
[22:31:57.540] [bmv2] [D] [thread 6402] [32.0] [cxt 0] Parser state 'start': key is 8100
[22:31:57.540] [bmv2] [T] [thread 6402] [32.0] [cxt 0] Bytes parsed: 14
[22:31:57.540] [bmv2] [D] [thread 6402] [32.0] [cxt 0] Parser 'parser' entering state 'parse_vlan'
[22:31:57.540] [bmv2] [D] [thread 6402] [32.0] [cxt 0] Extracting header 'vlan'
[22:31:57.540] [bmv2] [D] [thread 6402] [32.0] [cxt 0] Parser state 'parse_vlan': key is 0800
[22:31:57.540] [bmv2] [T] [thread 6402] [32.0] [cxt 0] Bytes parsed: 18
[22:31:57.540] [bmv2] [D] [thread 6402] [32.0] [cxt 0] Parser 'parser' entering state 'parse_ipv4'
[22:31:57.540] [bmv2] [D] [thread 6402] [32.0] [cxt 0] Extracting header 'ipv4'
[22:31:57.540] [bmv2] [D] [thread 6402] [32.0] [cxt 0] Parser set: setting field 'scalars.tmp' from expression, new value is 1
[22:31:57.541] [bmv2] [D] [thread 6402] [32.0] [cxt 0] Parser state 'parse_ipv4': key is 05
[22:31:57.541] [bmv2] [T] [thread 6402] [32.0] [cxt 0] Bytes parsed: 38
[22:31:57.541] [bmv2] [D] [thread 6402] [32.0] [cxt 0] Parser 'parser': end
[22:31:57.541] [bmv2] [D] [thread 6402] [32.0] [cxt 0] Pipeline 'ingress': start
[22:31:57.541] [bmv2] [T] [thread 6402] [32.0] [cxt 0] qos.p4(197) Condition "hdr.ipv4.isValid()" (node_2) is true
[22:31:57.541] [bmv2] [T] [thread 6402] [32.0] [cxt 0] qos.p4(198) Condition "hdr.ipv4_option.isValid()" (node_3) is false
[22:31:57.541] [bmv2] [T] [thread 6402] [32.0] [cxt 0] Applying table 'MyIngress.ipv4_lpm'
[22:31:57.541] [bmv2] [D] [thread 6402] [32.0] [cxt 0] Looking up key:
* hdr.ipv4.dstAddr    : 0a000202

[22:31:57.541] [bmv2] [D] [thread 6402] [32.0] [cxt 0] Table 'MyIngress.ipv4_lpm': hit with handle 2
[22:31:57.541] [bmv2] [D] [thread 6402] [32.0] [cxt 0] Dumping entry 2
Match key:
* hdr.ipv4.dstAddr    : LPM       0a000200/24
Action entry: MyIngress.ipv4_forward - 80000000200,3,

[22:31:57.541] [bmv2] [D] [thread 6402] [32.0] [cxt 0] Action entry is MyIngress.ipv4_forward - 80000000200,3,
[22:31:57.541] [bmv2] [T] [thread 6402] [32.0] [cxt 0] Action MyIngress.ipv4_forward
[22:31:57.541] [bmv2] [T] [thread 6402] [32.0] [cxt 0] qos.p4(175) Primitive standard_metadata.egress_spec = port
[22:31:57.541] [bmv2] [T] [thread 6402] [32.0] [cxt 0] qos.p4(176) Primitive hdr.ethernet.srcAddr = hdr.ethernet.dstAddr
[22:31:57.541] [bmv2] [T] [thread 6402] [32.0] [cxt 0] qos.p4(177) Primitive hdr.ethernet.dstAddr = dstAddr
[22:31:57.541] [bmv2] [T] [thread 6402] [32.0] [cxt 0] qos.p4(178) Primitive hdr.ipv4.ttl = hdr.ipv4.ttl - 1
[22:31:57.541] [bmv2] [D] [thread 6402] [32.0] [cxt 0] Pipeline 'ingress': end
[22:31:57.541] [bmv2] [D] [thread 6402] [32.0] [cxt 0] Egress port is 3
[22:31:57.542] [bmv2] [D] [thread 6406] [32.0] [cxt 0] Pipeline 'egress': start
[22:31:57.542] [bmv2] [D] [thread 6406] [32.0] [cxt 0] Pipeline 'egress': end
[22:31:57.542] [bmv2] [D] [thread 6406] [32.0] [cxt 0] Deparser 'deparser': start
[22:31:57.542] [bmv2] [D] [thread 6406] [32.0] [cxt 0] Updating checksum 'cksum'
[22:31:57.542] [bmv2] [D] [thread 6406] [32.0] [cxt 0] Deparsing header 'ethernet'
[22:31:57.542] [bmv2] [D] [thread 6406] [32.0] [cxt 0] Deparsing header 'vlan'
[22:31:57.542] [bmv2] [D] [thread 6406] [32.0] [cxt 0] Deparsing header 'ipv4'
[22:31:57.542] [bmv2] [D] [thread 6406] [32.0] [cxt 0] Deparser 'deparser': end
[22:31:57.542] [bmv2] [D] [thread 6407] [32.0] [cxt 0] Transmitting packet of size 558 out of port 3
[22:31:57.667] [bmv2] [D] [thread 6402] [33.0] [cxt 0] Processing packet received on port 1
[22:31:57.668] [bmv2] [D] [thread 6402] [33.0] [cxt 0] Parser 'parser': start
[22:31:57.668] [bmv2] [D] [thread 6402] [33.0] [cxt 0] Parser 'parser' entering state 'start'
[22:31:57.668] [bmv2] [D] [thread 6402] [33.0] [cxt 0] Extracting header 'ethernet'
[22:31:57.668] [bmv2] [D] [thread 6402] [33.0] [cxt 0] Parser state 'start': key is 8100
[22:31:57.668] [bmv2] [T] [thread 6402] [33.0] [cxt 0] Bytes parsed: 14
[22:31:57.668] [bmv2] [D] [thread 6402] [33.0] [cxt 0] Parser 'parser' entering state 'parse_vlan'
[22:31:57.668] [bmv2] [D] [thread 6402] [33.0] [cxt 0] Extracting header 'vlan'
[22:31:57.668] [bmv2] [D] [thread 6402] [33.0] [cxt 0] Parser state 'parse_vlan': key is 0800
[22:31:57.668] [bmv2] [T] [thread 6402] [33.0] [cxt 0] Bytes parsed: 18
[22:31:57.668] [bmv2] [D] [thread 6402] [33.0] [cxt 0] Parser 'parser' entering state 'parse_ipv4'
[22:31:57.668] [bmv2] [D] [thread 6402] [33.0] [cxt 0] Extracting header 'ipv4'
[22:31:57.668] [bmv2] [D] [thread 6402] [33.0] [cxt 0] Parser set: setting field 'scalars.tmp' from expression, new value is 1
[22:31:57.668] [bmv2] [D] [thread 6402] [33.0] [cxt 0] Parser state 'parse_ipv4': key is 05
[22:31:57.668] [bmv2] [T] [thread 6402] [33.0] [cxt 0] Bytes parsed: 38
[22:31:57.668] [bmv2] [D] [thread 6402] [33.0] [cxt 0] Parser 'parser': end
[22:31:57.669] [bmv2] [D] [thread 6402] [33.0] [cxt 0] Pipeline 'ingress': start
[22:31:57.669] [bmv2] [T] [thread 6402] [33.0] [cxt 0] qos.p4(197) Condition "hdr.ipv4.isValid()" (node_2) is true
[22:31:57.669] [bmv2] [T] [thread 6402] [33.0] [cxt 0] qos.p4(198) Condition "hdr.ipv4_option.isValid()" (node_3) is false
[22:31:57.669] [bmv2] [T] [thread 6402] [33.0] [cxt 0] Applying table 'MyIngress.ipv4_lpm'
[22:31:57.669] [bmv2] [D] [thread 6402] [33.0] [cxt 0] Looking up key:
* hdr.ipv4.dstAddr    : 0a000202

[22:31:57.669] [bmv2] [D] [thread 6402] [33.0] [cxt 0] Table 'MyIngress.ipv4_lpm': hit with handle 2
[22:31:57.669] [bmv2] [D] [thread 6402] [33.0] [cxt 0] Dumping entry 2
Match key:
* hdr.ipv4.dstAddr    : LPM       0a000200/24
Action entry: MyIngress.ipv4_forward - 80000000200,3,

[22:31:57.669] [bmv2] [D] [thread 6402] [33.0] [cxt 0] Action entry is MyIngress.ipv4_forward - 80000000200,3,
[22:31:57.669] [bmv2] [T] [thread 6402] [33.0] [cxt 0] Action MyIngress.ipv4_forward
[22:31:57.669] [bmv2] [T] [thread 6402] [33.0] [cxt 0] qos.p4(175) Primitive standard_metadata.egress_spec = port
[22:31:57.669] [bmv2] [T] [thread 6402] [33.0] [cxt 0] qos.p4(176) Primitive hdr.ethernet.srcAddr = hdr.ethernet.dstAddr
[22:31:57.669] [bmv2] [T] [thread 6402] [33.0] [cxt 0] qos.p4(177) Primitive hdr.ethernet.dstAddr = dstAddr
[22:31:57.669] [bmv2] [T] [thread 6402] [33.0] [cxt 0] qos.p4(178) Primitive hdr.ipv4.ttl = hdr.ipv4.ttl - 1
[22:31:57.669] [bmv2] [D] [thread 6402] [33.0] [cxt 0] Pipeline 'ingress': end
[22:31:57.669] [bmv2] [D] [thread 6402] [33.0] [cxt 0] Egress port is 3
[22:31:57.670] [bmv2] [D] [thread 6406] [33.0] [cxt 0] Pipeline 'egress': start
[22:31:57.670] [bmv2] [D] [thread 6406] [33.0] [cxt 0] Pipeline 'egress': end
[22:31:57.670] [bmv2] [D] [thread 6406] [33.0] [cxt 0] Deparser 'deparser': start
[22:31:57.670] [bmv2] [D] [thread 6406] [33.0] [cxt 0] Updating checksum 'cksum'
[22:31:57.670] [bmv2] [D] [thread 6406] [33.0] [cxt 0] Deparsing header 'ethernet'
[22:31:57.670] [bmv2] [D] [thread 6406] [33.0] [cxt 0] Deparsing header 'vlan'
[22:31:57.670] [bmv2] [D] [thread 6406] [33.0] [cxt 0] Deparsing header 'ipv4'
[22:31:57.670] [bmv2] [D] [thread 6406] [33.0] [cxt 0] Deparser 'deparser': end
[22:31:57.670] [bmv2] [D] [thread 6407] [33.0] [cxt 0] Transmitting packet of size 558 out of port 3
[22:31:57.797] [bmv2] [D] [thread 6402] [34.0] [cxt 0] Processing packet received on port 1
[22:31:57.797] [bmv2] [D] [thread 6402] [34.0] [cxt 0] Parser 'parser': start
[22:31:57.797] [bmv2] [D] [thread 6402] [34.0] [cxt 0] Parser 'parser' entering state 'start'
[22:31:57.797] [bmv2] [D] [thread 6402] [34.0] [cxt 0] Extracting header 'ethernet'
[22:31:57.797] [bmv2] [D] [thread 6402] [34.0] [cxt 0] Parser state 'start': key is 8100
[22:31:57.797] [bmv2] [T] [thread 6402] [34.0] [cxt 0] Bytes parsed: 14
[22:31:57.797] [bmv2] [D] [thread 6402] [34.0] [cxt 0] Parser 'parser' entering state 'parse_vlan'
[22:31:57.797] [bmv2] [D] [thread 6402] [34.0] [cxt 0] Extracting header 'vlan'
[22:31:57.797] [bmv2] [D] [thread 6402] [34.0] [cxt 0] Parser state 'parse_vlan': key is 0800
[22:31:57.797] [bmv2] [T] [thread 6402] [34.0] [cxt 0] Bytes parsed: 18
[22:31:57.797] [bmv2] [D] [thread 6402] [34.0] [cxt 0] Parser 'parser' entering state 'parse_ipv4'
[22:31:57.797] [bmv2] [D] [thread 6402] [34.0] [cxt 0] Extracting header 'ipv4'
[22:31:57.797] [bmv2] [D] [thread 6402] [34.0] [cxt 0] Parser set: setting field 'scalars.tmp' from expression, new value is 1
[22:31:57.797] [bmv2] [D] [thread 6402] [34.0] [cxt 0] Parser state 'parse_ipv4': key is 05
[22:31:57.797] [bmv2] [T] [thread 6402] [34.0] [cxt 0] Bytes parsed: 38
[22:31:57.797] [bmv2] [D] [thread 6402] [34.0] [cxt 0] Parser 'parser': end
[22:31:57.798] [bmv2] [D] [thread 6402] [34.0] [cxt 0] Pipeline 'ingress': start
[22:31:57.798] [bmv2] [T] [thread 6402] [34.0] [cxt 0] qos.p4(197) Condition "hdr.ipv4.isValid()" (node_2) is true
[22:31:57.798] [bmv2] [T] [thread 6402] [34.0] [cxt 0] qos.p4(198) Condition "hdr.ipv4_option.isValid()" (node_3) is false
[22:31:57.798] [bmv2] [T] [thread 6402] [34.0] [cxt 0] Applying table 'MyIngress.ipv4_lpm'
[22:31:57.798] [bmv2] [D] [thread 6402] [34.0] [cxt 0] Looking up key:
* hdr.ipv4.dstAddr    : 0a000202

[22:31:57.798] [bmv2] [D] [thread 6402] [34.0] [cxt 0] Table 'MyIngress.ipv4_lpm': hit with handle 2
[22:31:57.798] [bmv2] [D] [thread 6402] [34.0] [cxt 0] Dumping entry 2
Match key:
* hdr.ipv4.dstAddr    : LPM       0a000200/24
Action entry: MyIngress.ipv4_forward - 80000000200,3,

[22:31:57.798] [bmv2] [D] [thread 6402] [34.0] [cxt 0] Action entry is MyIngress.ipv4_forward - 80000000200,3,
[22:31:57.798] [bmv2] [T] [thread 6402] [34.0] [cxt 0] Action MyIngress.ipv4_forward
[22:31:57.798] [bmv2] [T] [thread 6402] [34.0] [cxt 0] qos.p4(175) Primitive standard_metadata.egress_spec = port
[22:31:57.798] [bmv2] [T] [thread 6402] [34.0] [cxt 0] qos.p4(176) Primitive hdr.ethernet.srcAddr = hdr.ethernet.dstAddr
[22:31:57.798] [bmv2] [T] [thread 6402] [34.0] [cxt 0] qos.p4(177) Primitive hdr.ethernet.dstAddr = dstAddr
[22:31:57.798] [bmv2] [T] [thread 6402] [34.0] [cxt 0] qos.p4(178) Primitive hdr.ipv4.ttl = hdr.ipv4.ttl - 1
[22:31:57.798] [bmv2] [D] [thread 6402] [34.0] [cxt 0] Pipeline 'ingress': end
[22:31:57.798] [bmv2] [D] [thread 6402] [34.0] [cxt 0] Egress port is 3
[22:31:57.798] [bmv2] [D] [thread 6406] [34.0] [cxt 0] Pipeline 'egress': start
[22:31:57.799] [bmv2] [D] [thread 6406] [34.0] [cxt 0] Pipeline 'egress': end
[22:31:57.799] [bmv2] [D] [thread 6406] [34.0] [cxt 0] Deparser 'deparser': start
[22:31:57.799] [bmv2] [D] [thread 6406] [34.0] [cxt 0] Updating checksum 'cksum'
[22:31:57.799] [bmv2] [D] [thread 6406] [34.0] [cxt 0] Deparsing header 'ethernet'
[22:31:57.799] [bmv2] [D] [thread 6406] [34.0] [cxt 0] Deparsing header 'vlan'
[22:31:57.799] [bmv2] [D] [thread 6406] [34.0] [cxt 0] Deparsing header 'ipv4'
[22:31:57.799] [bmv2] [D] [thread 6406] [34.0] [cxt 0] Deparser 'deparser': end
[22:31:57.799] [bmv2] [D] [thread 6407] [34.0] [cxt 0] Transmitting packet of size 558 out of port 3
[22:31:57.921] [bmv2] [D] [thread 6402] [35.0] [cxt 0] Processing packet received on port 1
[22:31:57.921] [bmv2] [D] [thread 6402] [35.0] [cxt 0] Parser 'parser': start
[22:31:57.921] [bmv2] [D] [thread 6402] [35.0] [cxt 0] Parser 'parser' entering state 'start'
[22:31:57.921] [bmv2] [D] [thread 6402] [35.0] [cxt 0] Extracting header 'ethernet'
[22:31:57.921] [bmv2] [D] [thread 6402] [35.0] [cxt 0] Parser state 'start': key is 8100
[22:31:57.921] [bmv2] [T] [thread 6402] [35.0] [cxt 0] Bytes parsed: 14
[22:31:57.921] [bmv2] [D] [thread 6402] [35.0] [cxt 0] Parser 'parser' entering state 'parse_vlan'
[22:31:57.921] [bmv2] [D] [thread 6402] [35.0] [cxt 0] Extracting header 'vlan'
[22:31:57.921] [bmv2] [D] [thread 6402] [35.0] [cxt 0] Parser state 'parse_vlan': key is 0800
[22:31:57.921] [bmv2] [T] [thread 6402] [35.0] [cxt 0] Bytes parsed: 18
[22:31:57.921] [bmv2] [D] [thread 6402] [35.0] [cxt 0] Parser 'parser' entering state 'parse_ipv4'
[22:31:57.921] [bmv2] [D] [thread 6402] [35.0] [cxt 0] Extracting header 'ipv4'
[22:31:57.922] [bmv2] [D] [thread 6402] [35.0] [cxt 0] Parser set: setting field 'scalars.tmp' from expression, new value is 1
[22:31:57.922] [bmv2] [D] [thread 6402] [35.0] [cxt 0] Parser state 'parse_ipv4': key is 05
[22:31:57.922] [bmv2] [T] [thread 6402] [35.0] [cxt 0] Bytes parsed: 38
[22:31:57.922] [bmv2] [D] [thread 6402] [35.0] [cxt 0] Parser 'parser': end
[22:31:57.922] [bmv2] [D] [thread 6402] [35.0] [cxt 0] Pipeline 'ingress': start
[22:31:57.922] [bmv2] [T] [thread 6402] [35.0] [cxt 0] qos.p4(197) Condition "hdr.ipv4.isValid()" (node_2) is true
[22:31:57.922] [bmv2] [T] [thread 6402] [35.0] [cxt 0] qos.p4(198) Condition "hdr.ipv4_option.isValid()" (node_3) is false
[22:31:57.922] [bmv2] [T] [thread 6402] [35.0] [cxt 0] Applying table 'MyIngress.ipv4_lpm'
[22:31:57.922] [bmv2] [D] [thread 6402] [35.0] [cxt 0] Looking up key:
* hdr.ipv4.dstAddr    : 0a000202

[22:31:57.922] [bmv2] [D] [thread 6402] [35.0] [cxt 0] Table 'MyIngress.ipv4_lpm': hit with handle 2
[22:31:57.922] [bmv2] [D] [thread 6402] [35.0] [cxt 0] Dumping entry 2
Match key:
* hdr.ipv4.dstAddr    : LPM       0a000200/24
Action entry: MyIngress.ipv4_forward - 80000000200,3,

[22:31:57.922] [bmv2] [D] [thread 6402] [35.0] [cxt 0] Action entry is MyIngress.ipv4_forward - 80000000200,3,
[22:31:57.922] [bmv2] [T] [thread 6402] [35.0] [cxt 0] Action MyIngress.ipv4_forward
[22:31:57.922] [bmv2] [T] [thread 6402] [35.0] [cxt 0] qos.p4(175) Primitive standard_metadata.egress_spec = port
[22:31:57.922] [bmv2] [T] [thread 6402] [35.0] [cxt 0] qos.p4(176) Primitive hdr.ethernet.srcAddr = hdr.ethernet.dstAddr
[22:31:57.922] [bmv2] [T] [thread 6402] [35.0] [cxt 0] qos.p4(177) Primitive hdr.ethernet.dstAddr = dstAddr
[22:31:57.922] [bmv2] [T] [thread 6402] [35.0] [cxt 0] qos.p4(178) Primitive hdr.ipv4.ttl = hdr.ipv4.ttl - 1
[22:31:57.923] [bmv2] [D] [thread 6402] [35.0] [cxt 0] Pipeline 'ingress': end
[22:31:57.923] [bmv2] [D] [thread 6402] [35.0] [cxt 0] Egress port is 3
[22:31:57.923] [bmv2] [D] [thread 6406] [35.0] [cxt 0] Pipeline 'egress': start
[22:31:57.923] [bmv2] [D] [thread 6406] [35.0] [cxt 0] Pipeline 'egress': end
[22:31:57.923] [bmv2] [D] [thread 6406] [35.0] [cxt 0] Deparser 'deparser': start
[22:31:57.923] [bmv2] [D] [thread 6406] [35.0] [cxt 0] Updating checksum 'cksum'
[22:31:57.923] [bmv2] [D] [thread 6406] [35.0] [cxt 0] Deparsing header 'ethernet'
[22:31:57.923] [bmv2] [D] [thread 6406] [35.0] [cxt 0] Deparsing header 'vlan'
[22:31:57.923] [bmv2] [D] [thread 6406] [35.0] [cxt 0] Deparsing header 'ipv4'
[22:31:57.923] [bmv2] [D] [thread 6406] [35.0] [cxt 0] Deparser 'deparser': end
[22:31:57.923] [bmv2] [D] [thread 6407] [35.0] [cxt 0] Transmitting packet of size 558 out of port 3
[22:31:58.045] [bmv2] [D] [thread 6402] [36.0] [cxt 0] Processing packet received on port 1
[22:31:58.046] [bmv2] [D] [thread 6402] [36.0] [cxt 0] Parser 'parser': start
[22:31:58.046] [bmv2] [D] [thread 6402] [36.0] [cxt 0] Parser 'parser' entering state 'start'
[22:31:58.046] [bmv2] [D] [thread 6402] [36.0] [cxt 0] Extracting header 'ethernet'
[22:31:58.046] [bmv2] [D] [thread 6402] [36.0] [cxt 0] Parser state 'start': key is 8100
[22:31:58.046] [bmv2] [T] [thread 6402] [36.0] [cxt 0] Bytes parsed: 14
[22:31:58.046] [bmv2] [D] [thread 6402] [36.0] [cxt 0] Parser 'parser' entering state 'parse_vlan'
[22:31:58.046] [bmv2] [D] [thread 6402] [36.0] [cxt 0] Extracting header 'vlan'
[22:31:58.046] [bmv2] [D] [thread 6402] [36.0] [cxt 0] Parser state 'parse_vlan': key is 0800
[22:31:58.046] [bmv2] [T] [thread 6402] [36.0] [cxt 0] Bytes parsed: 18
[22:31:58.046] [bmv2] [D] [thread 6402] [36.0] [cxt 0] Parser 'parser' entering state 'parse_ipv4'
[22:31:58.046] [bmv2] [D] [thread 6402] [36.0] [cxt 0] Extracting header 'ipv4'
[22:31:58.046] [bmv2] [D] [thread 6402] [36.0] [cxt 0] Parser set: setting field 'scalars.tmp' from expression, new value is 1
[22:31:58.046] [bmv2] [D] [thread 6402] [36.0] [cxt 0] Parser state 'parse_ipv4': key is 05
[22:31:58.046] [bmv2] [T] [thread 6402] [36.0] [cxt 0] Bytes parsed: 38
[22:31:58.046] [bmv2] [D] [thread 6402] [36.0] [cxt 0] Parser 'parser': end
[22:31:58.046] [bmv2] [D] [thread 6402] [36.0] [cxt 0] Pipeline 'ingress': start
[22:31:58.046] [bmv2] [T] [thread 6402] [36.0] [cxt 0] qos.p4(197) Condition "hdr.ipv4.isValid()" (node_2) is true
[22:31:58.046] [bmv2] [T] [thread 6402] [36.0] [cxt 0] qos.p4(198) Condition "hdr.ipv4_option.isValid()" (node_3) is false
[22:31:58.046] [bmv2] [T] [thread 6402] [36.0] [cxt 0] Applying table 'MyIngress.ipv4_lpm'
[22:31:58.047] [bmv2] [D] [thread 6402] [36.0] [cxt 0] Looking up key:
* hdr.ipv4.dstAddr    : 0a000202

[22:31:58.047] [bmv2] [D] [thread 6402] [36.0] [cxt 0] Table 'MyIngress.ipv4_lpm': hit with handle 2
[22:31:58.047] [bmv2] [D] [thread 6402] [36.0] [cxt 0] Dumping entry 2
Match key:
* hdr.ipv4.dstAddr    : LPM       0a000200/24
Action entry: MyIngress.ipv4_forward - 80000000200,3,

[22:31:58.047] [bmv2] [D] [thread 6402] [36.0] [cxt 0] Action entry is MyIngress.ipv4_forward - 80000000200,3,
[22:31:58.047] [bmv2] [T] [thread 6402] [36.0] [cxt 0] Action MyIngress.ipv4_forward
[22:31:58.047] [bmv2] [T] [thread 6402] [36.0] [cxt 0] qos.p4(175) Primitive standard_metadata.egress_spec = port
[22:31:58.047] [bmv2] [T] [thread 6402] [36.0] [cxt 0] qos.p4(176) Primitive hdr.ethernet.srcAddr = hdr.ethernet.dstAddr
[22:31:58.047] [bmv2] [T] [thread 6402] [36.0] [cxt 0] qos.p4(177) Primitive hdr.ethernet.dstAddr = dstAddr
[22:31:58.047] [bmv2] [T] [thread 6402] [36.0] [cxt 0] qos.p4(178) Primitive hdr.ipv4.ttl = hdr.ipv4.ttl - 1
[22:31:58.047] [bmv2] [D] [thread 6402] [36.0] [cxt 0] Pipeline 'ingress': end
[22:31:58.047] [bmv2] [D] [thread 6402] [36.0] [cxt 0] Egress port is 3
[22:31:58.047] [bmv2] [D] [thread 6406] [36.0] [cxt 0] Pipeline 'egress': start
[22:31:58.047] [bmv2] [D] [thread 6406] [36.0] [cxt 0] Pipeline 'egress': end
[22:31:58.047] [bmv2] [D] [thread 6406] [36.0] [cxt 0] Deparser 'deparser': start
[22:31:58.047] [bmv2] [D] [thread 6406] [36.0] [cxt 0] Updating checksum 'cksum'
[22:31:58.047] [bmv2] [D] [thread 6406] [36.0] [cxt 0] Deparsing header 'ethernet'
[22:31:58.047] [bmv2] [D] [thread 6406] [36.0] [cxt 0] Deparsing header 'vlan'
[22:31:58.047] [bmv2] [D] [thread 6406] [36.0] [cxt 0] Deparsing header 'ipv4'
[22:31:58.047] [bmv2] [D] [thread 6406] [36.0] [cxt 0] Deparser 'deparser': end
[22:31:58.047] [bmv2] [D] [thread 6407] [36.0] [cxt 0] Transmitting packet of size 558 out of port 3
[22:31:58.169] [bmv2] [D] [thread 6402] [37.0] [cxt 0] Processing packet received on port 1
[22:31:58.169] [bmv2] [D] [thread 6402] [37.0] [cxt 0] Parser 'parser': start
[22:31:58.169] [bmv2] [D] [thread 6402] [37.0] [cxt 0] Parser 'parser' entering state 'start'
[22:31:58.169] [bmv2] [D] [thread 6402] [37.0] [cxt 0] Extracting header 'ethernet'
[22:31:58.169] [bmv2] [D] [thread 6402] [37.0] [cxt 0] Parser state 'start': key is 8100
[22:31:58.169] [bmv2] [T] [thread 6402] [37.0] [cxt 0] Bytes parsed: 14
[22:31:58.169] [bmv2] [D] [thread 6402] [37.0] [cxt 0] Parser 'parser' entering state 'parse_vlan'
[22:31:58.169] [bmv2] [D] [thread 6402] [37.0] [cxt 0] Extracting header 'vlan'
[22:31:58.169] [bmv2] [D] [thread 6402] [37.0] [cxt 0] Parser state 'parse_vlan': key is 0800
[22:31:58.169] [bmv2] [T] [thread 6402] [37.0] [cxt 0] Bytes parsed: 18
[22:31:58.170] [bmv2] [D] [thread 6402] [37.0] [cxt 0] Parser 'parser' entering state 'parse_ipv4'
[22:31:58.170] [bmv2] [D] [thread 6402] [37.0] [cxt 0] Extracting header 'ipv4'
[22:31:58.170] [bmv2] [D] [thread 6402] [37.0] [cxt 0] Parser set: setting field 'scalars.tmp' from expression, new value is 1
[22:31:58.170] [bmv2] [D] [thread 6402] [37.0] [cxt 0] Parser state 'parse_ipv4': key is 05
[22:31:58.170] [bmv2] [T] [thread 6402] [37.0] [cxt 0] Bytes parsed: 38
[22:31:58.170] [bmv2] [D] [thread 6402] [37.0] [cxt 0] Parser 'parser': end
[22:31:58.170] [bmv2] [D] [thread 6402] [37.0] [cxt 0] Pipeline 'ingress': start
[22:31:58.170] [bmv2] [T] [thread 6402] [37.0] [cxt 0] qos.p4(197) Condition "hdr.ipv4.isValid()" (node_2) is true
[22:31:58.170] [bmv2] [T] [thread 6402] [37.0] [cxt 0] qos.p4(198) Condition "hdr.ipv4_option.isValid()" (node_3) is false
[22:31:58.170] [bmv2] [T] [thread 6402] [37.0] [cxt 0] Applying table 'MyIngress.ipv4_lpm'
[22:31:58.170] [bmv2] [D] [thread 6402] [37.0] [cxt 0] Looking up key:
* hdr.ipv4.dstAddr    : 0a000202

[22:31:58.170] [bmv2] [D] [thread 6402] [37.0] [cxt 0] Table 'MyIngress.ipv4_lpm': hit with handle 2
[22:31:58.170] [bmv2] [D] [thread 6402] [37.0] [cxt 0] Dumping entry 2
Match key:
* hdr.ipv4.dstAddr    : LPM       0a000200/24
Action entry: MyIngress.ipv4_forward - 80000000200,3,

[22:31:58.170] [bmv2] [D] [thread 6402] [37.0] [cxt 0] Action entry is MyIngress.ipv4_forward - 80000000200,3,
[22:31:58.170] [bmv2] [T] [thread 6402] [37.0] [cxt 0] Action MyIngress.ipv4_forward
[22:31:58.170] [bmv2] [T] [thread 6402] [37.0] [cxt 0] qos.p4(175) Primitive standard_metadata.egress_spec = port
[22:31:58.170] [bmv2] [T] [thread 6402] [37.0] [cxt 0] qos.p4(176) Primitive hdr.ethernet.srcAddr = hdr.ethernet.dstAddr
[22:31:58.171] [bmv2] [T] [thread 6402] [37.0] [cxt 0] qos.p4(177) Primitive hdr.ethernet.dstAddr = dstAddr
[22:31:58.171] [bmv2] [T] [thread 6402] [37.0] [cxt 0] qos.p4(178) Primitive hdr.ipv4.ttl = hdr.ipv4.ttl - 1
[22:31:58.171] [bmv2] [D] [thread 6402] [37.0] [cxt 0] Pipeline 'ingress': end
[22:31:58.171] [bmv2] [D] [thread 6402] [37.0] [cxt 0] Egress port is 3
[22:31:58.171] [bmv2] [D] [thread 6406] [37.0] [cxt 0] Pipeline 'egress': start
[22:31:58.171] [bmv2] [D] [thread 6406] [37.0] [cxt 0] Pipeline 'egress': end
[22:31:58.171] [bmv2] [D] [thread 6406] [37.0] [cxt 0] Deparser 'deparser': start
[22:31:58.171] [bmv2] [D] [thread 6406] [37.0] [cxt 0] Updating checksum 'cksum'
[22:31:58.171] [bmv2] [D] [thread 6406] [37.0] [cxt 0] Deparsing header 'ethernet'
[22:31:58.171] [bmv2] [D] [thread 6406] [37.0] [cxt 0] Deparsing header 'vlan'
[22:31:58.171] [bmv2] [D] [thread 6406] [37.0] [cxt 0] Deparsing header 'ipv4'
[22:31:58.171] [bmv2] [D] [thread 6406] [37.0] [cxt 0] Deparser 'deparser': end
[22:31:58.171] [bmv2] [D] [thread 6407] [37.0] [cxt 0] Transmitting packet of size 558 out of port 3
[22:31:58.299] [bmv2] [D] [thread 6402] [38.0] [cxt 0] Processing packet received on port 1
[22:31:58.299] [bmv2] [D] [thread 6402] [38.0] [cxt 0] Parser 'parser': start
[22:31:58.299] [bmv2] [D] [thread 6402] [38.0] [cxt 0] Parser 'parser' entering state 'start'
[22:31:58.299] [bmv2] [D] [thread 6402] [38.0] [cxt 0] Extracting header 'ethernet'
[22:31:58.299] [bmv2] [D] [thread 6402] [38.0] [cxt 0] Parser state 'start': key is 8100
[22:31:58.299] [bmv2] [T] [thread 6402] [38.0] [cxt 0] Bytes parsed: 14
[22:31:58.299] [bmv2] [D] [thread 6402] [38.0] [cxt 0] Parser 'parser' entering state 'parse_vlan'
[22:31:58.299] [bmv2] [D] [thread 6402] [38.0] [cxt 0] Extracting header 'vlan'
[22:31:58.299] [bmv2] [D] [thread 6402] [38.0] [cxt 0] Parser state 'parse_vlan': key is 0800
[22:31:58.299] [bmv2] [T] [thread 6402] [38.0] [cxt 0] Bytes parsed: 18
[22:31:58.300] [bmv2] [D] [thread 6402] [38.0] [cxt 0] Parser 'parser' entering state 'parse_ipv4'
[22:31:58.300] [bmv2] [D] [thread 6402] [38.0] [cxt 0] Extracting header 'ipv4'
[22:31:58.300] [bmv2] [D] [thread 6402] [38.0] [cxt 0] Parser set: setting field 'scalars.tmp' from expression, new value is 1
[22:31:58.300] [bmv2] [D] [thread 6402] [38.0] [cxt 0] Parser state 'parse_ipv4': key is 05
[22:31:58.300] [bmv2] [T] [thread 6402] [38.0] [cxt 0] Bytes parsed: 38
[22:31:58.300] [bmv2] [D] [thread 6402] [38.0] [cxt 0] Parser 'parser': end
[22:31:58.300] [bmv2] [D] [thread 6402] [38.0] [cxt 0] Pipeline 'ingress': start
[22:31:58.300] [bmv2] [T] [thread 6402] [38.0] [cxt 0] qos.p4(197) Condition "hdr.ipv4.isValid()" (node_2) is true
[22:31:58.300] [bmv2] [T] [thread 6402] [38.0] [cxt 0] qos.p4(198) Condition "hdr.ipv4_option.isValid()" (node_3) is false
[22:31:58.300] [bmv2] [T] [thread 6402] [38.0] [cxt 0] Applying table 'MyIngress.ipv4_lpm'
[22:31:58.300] [bmv2] [D] [thread 6402] [38.0] [cxt 0] Looking up key:
* hdr.ipv4.dstAddr    : 0a000202

[22:31:58.300] [bmv2] [D] [thread 6402] [38.0] [cxt 0] Table 'MyIngress.ipv4_lpm': hit with handle 2
[22:31:58.300] [bmv2] [D] [thread 6402] [38.0] [cxt 0] Dumping entry 2
Match key:
* hdr.ipv4.dstAddr    : LPM       0a000200/24
Action entry: MyIngress.ipv4_forward - 80000000200,3,

[22:31:58.301] [bmv2] [D] [thread 6402] [38.0] [cxt 0] Action entry is MyIngress.ipv4_forward - 80000000200,3,
[22:31:58.301] [bmv2] [T] [thread 6402] [38.0] [cxt 0] Action MyIngress.ipv4_forward
[22:31:58.301] [bmv2] [T] [thread 6402] [38.0] [cxt 0] qos.p4(175) Primitive standard_metadata.egress_spec = port
[22:31:58.301] [bmv2] [T] [thread 6402] [38.0] [cxt 0] qos.p4(176) Primitive hdr.ethernet.srcAddr = hdr.ethernet.dstAddr
[22:31:58.301] [bmv2] [T] [thread 6402] [38.0] [cxt 0] qos.p4(177) Primitive hdr.ethernet.dstAddr = dstAddr
[22:31:58.301] [bmv2] [T] [thread 6402] [38.0] [cxt 0] qos.p4(178) Primitive hdr.ipv4.ttl = hdr.ipv4.ttl - 1
[22:31:58.301] [bmv2] [D] [thread 6402] [38.0] [cxt 0] Pipeline 'ingress': end
[22:31:58.301] [bmv2] [D] [thread 6402] [38.0] [cxt 0] Egress port is 3
[22:31:58.301] [bmv2] [D] [thread 6406] [38.0] [cxt 0] Pipeline 'egress': start
[22:31:58.301] [bmv2] [D] [thread 6406] [38.0] [cxt 0] Pipeline 'egress': end
[22:31:58.301] [bmv2] [D] [thread 6406] [38.0] [cxt 0] Deparser 'deparser': start
[22:31:58.301] [bmv2] [D] [thread 6406] [38.0] [cxt 0] Updating checksum 'cksum'
[22:31:58.301] [bmv2] [D] [thread 6406] [38.0] [cxt 0] Deparsing header 'ethernet'
[22:31:58.301] [bmv2] [D] [thread 6406] [38.0] [cxt 0] Deparsing header 'vlan'
[22:31:58.301] [bmv2] [D] [thread 6406] [38.0] [cxt 0] Deparsing header 'ipv4'
[22:31:58.301] [bmv2] [D] [thread 6406] [38.0] [cxt 0] Deparser 'deparser': end
[22:31:58.301] [bmv2] [D] [thread 6407] [38.0] [cxt 0] Transmitting packet of size 558 out of port 3
[22:31:58.424] [bmv2] [D] [thread 6402] [39.0] [cxt 0] Processing packet received on port 1
[22:31:58.424] [bmv2] [D] [thread 6402] [39.0] [cxt 0] Parser 'parser': start
[22:31:58.424] [bmv2] [D] [thread 6402] [39.0] [cxt 0] Parser 'parser' entering state 'start'
[22:31:58.424] [bmv2] [D] [thread 6402] [39.0] [cxt 0] Extracting header 'ethernet'
[22:31:58.425] [bmv2] [D] [thread 6402] [39.0] [cxt 0] Parser state 'start': key is 8100
[22:31:58.425] [bmv2] [T] [thread 6402] [39.0] [cxt 0] Bytes parsed: 14
[22:31:58.425] [bmv2] [D] [thread 6402] [39.0] [cxt 0] Parser 'parser' entering state 'parse_vlan'
[22:31:58.425] [bmv2] [D] [thread 6402] [39.0] [cxt 0] Extracting header 'vlan'
[22:31:58.425] [bmv2] [D] [thread 6402] [39.0] [cxt 0] Parser state 'parse_vlan': key is 0800
[22:31:58.425] [bmv2] [T] [thread 6402] [39.0] [cxt 0] Bytes parsed: 18
[22:31:58.425] [bmv2] [D] [thread 6402] [39.0] [cxt 0] Parser 'parser' entering state 'parse_ipv4'
[22:31:58.425] [bmv2] [D] [thread 6402] [39.0] [cxt 0] Extracting header 'ipv4'
[22:31:58.425] [bmv2] [D] [thread 6402] [39.0] [cxt 0] Parser set: setting field 'scalars.tmp' from expression, new value is 1
[22:31:58.425] [bmv2] [D] [thread 6402] [39.0] [cxt 0] Parser state 'parse_ipv4': key is 05
[22:31:58.425] [bmv2] [T] [thread 6402] [39.0] [cxt 0] Bytes parsed: 38
[22:31:58.425] [bmv2] [D] [thread 6402] [39.0] [cxt 0] Parser 'parser': end
[22:31:58.425] [bmv2] [D] [thread 6402] [39.0] [cxt 0] Pipeline 'ingress': start
[22:31:58.425] [bmv2] [T] [thread 6402] [39.0] [cxt 0] qos.p4(197) Condition "hdr.ipv4.isValid()" (node_2) is true
[22:31:58.425] [bmv2] [T] [thread 6402] [39.0] [cxt 0] qos.p4(198) Condition "hdr.ipv4_option.isValid()" (node_3) is false
[22:31:58.426] [bmv2] [T] [thread 6402] [39.0] [cxt 0] Applying table 'MyIngress.ipv4_lpm'
[22:31:58.426] [bmv2] [D] [thread 6402] [39.0] [cxt 0] Looking up key:
* hdr.ipv4.dstAddr    : 0a000202

[22:31:58.426] [bmv2] [D] [thread 6402] [39.0] [cxt 0] Table 'MyIngress.ipv4_lpm': hit with handle 2
[22:31:58.426] [bmv2] [D] [thread 6402] [39.0] [cxt 0] Dumping entry 2
Match key:
* hdr.ipv4.dstAddr    : LPM       0a000200/24
Action entry: MyIngress.ipv4_forward - 80000000200,3,

[22:31:58.426] [bmv2] [D] [thread 6402] [39.0] [cxt 0] Action entry is MyIngress.ipv4_forward - 80000000200,3,
[22:31:58.426] [bmv2] [T] [thread 6402] [39.0] [cxt 0] Action MyIngress.ipv4_forward
[22:31:58.426] [bmv2] [T] [thread 6402] [39.0] [cxt 0] qos.p4(175) Primitive standard_metadata.egress_spec = port
[22:31:58.426] [bmv2] [T] [thread 6402] [39.0] [cxt 0] qos.p4(176) Primitive hdr.ethernet.srcAddr = hdr.ethernet.dstAddr
[22:31:58.426] [bmv2] [T] [thread 6402] [39.0] [cxt 0] qos.p4(177) Primitive hdr.ethernet.dstAddr = dstAddr
[22:31:58.426] [bmv2] [T] [thread 6402] [39.0] [cxt 0] qos.p4(178) Primitive hdr.ipv4.ttl = hdr.ipv4.ttl - 1
[22:31:58.426] [bmv2] [D] [thread 6402] [39.0] [cxt 0] Pipeline 'ingress': end
[22:31:58.426] [bmv2] [D] [thread 6402] [39.0] [cxt 0] Egress port is 3
[22:31:58.426] [bmv2] [D] [thread 6406] [39.0] [cxt 0] Pipeline 'egress': start
[22:31:58.426] [bmv2] [D] [thread 6406] [39.0] [cxt 0] Pipeline 'egress': end
[22:31:58.426] [bmv2] [D] [thread 6406] [39.0] [cxt 0] Deparser 'deparser': start
[22:31:58.426] [bmv2] [D] [thread 6406] [39.0] [cxt 0] Updating checksum 'cksum'
[22:31:58.426] [bmv2] [D] [thread 6406] [39.0] [cxt 0] Deparsing header 'ethernet'
[22:31:58.426] [bmv2] [D] [thread 6406] [39.0] [cxt 0] Deparsing header 'vlan'
[22:31:58.426] [bmv2] [D] [thread 6406] [39.0] [cxt 0] Deparsing header 'ipv4'
[22:31:58.426] [bmv2] [D] [thread 6406] [39.0] [cxt 0] Deparser 'deparser': end
[22:31:58.427] [bmv2] [D] [thread 6407] [39.0] [cxt 0] Transmitting packet of size 558 out of port 3
[22:31:58.549] [bmv2] [D] [thread 6402] [40.0] [cxt 0] Processing packet received on port 1
[22:31:58.549] [bmv2] [D] [thread 6402] [40.0] [cxt 0] Parser 'parser': start
[22:31:58.549] [bmv2] [D] [thread 6402] [40.0] [cxt 0] Parser 'parser' entering state 'start'
[22:31:58.549] [bmv2] [D] [thread 6402] [40.0] [cxt 0] Extracting header 'ethernet'
[22:31:58.549] [bmv2] [D] [thread 6402] [40.0] [cxt 0] Parser state 'start': key is 8100
[22:31:58.549] [bmv2] [T] [thread 6402] [40.0] [cxt 0] Bytes parsed: 14
[22:31:58.549] [bmv2] [D] [thread 6402] [40.0] [cxt 0] Parser 'parser' entering state 'parse_vlan'
[22:31:58.549] [bmv2] [D] [thread 6402] [40.0] [cxt 0] Extracting header 'vlan'
[22:31:58.549] [bmv2] [D] [thread 6402] [40.0] [cxt 0] Parser state 'parse_vlan': key is 0800
[22:31:58.549] [bmv2] [T] [thread 6402] [40.0] [cxt 0] Bytes parsed: 18
[22:31:58.549] [bmv2] [D] [thread 6402] [40.0] [cxt 0] Parser 'parser' entering state 'parse_ipv4'
[22:31:58.549] [bmv2] [D] [thread 6402] [40.0] [cxt 0] Extracting header 'ipv4'
[22:31:58.550] [bmv2] [D] [thread 6402] [40.0] [cxt 0] Parser set: setting field 'scalars.tmp' from expression, new value is 1
[22:31:58.550] [bmv2] [D] [thread 6402] [40.0] [cxt 0] Parser state 'parse_ipv4': key is 05
[22:31:58.550] [bmv2] [T] [thread 6402] [40.0] [cxt 0] Bytes parsed: 38
[22:31:58.550] [bmv2] [D] [thread 6402] [40.0] [cxt 0] Parser 'parser': end
[22:31:58.550] [bmv2] [D] [thread 6402] [40.0] [cxt 0] Pipeline 'ingress': start
[22:31:58.550] [bmv2] [T] [thread 6402] [40.0] [cxt 0] qos.p4(197) Condition "hdr.ipv4.isValid()" (node_2) is true
[22:31:58.550] [bmv2] [T] [thread 6402] [40.0] [cxt 0] qos.p4(198) Condition "hdr.ipv4_option.isValid()" (node_3) is false
[22:31:58.550] [bmv2] [T] [thread 6402] [40.0] [cxt 0] Applying table 'MyIngress.ipv4_lpm'
[22:31:58.550] [bmv2] [D] [thread 6402] [40.0] [cxt 0] Looking up key:
* hdr.ipv4.dstAddr    : 0a000202

[22:31:58.550] [bmv2] [D] [thread 6402] [40.0] [cxt 0] Table 'MyIngress.ipv4_lpm': hit with handle 2
[22:31:58.550] [bmv2] [D] [thread 6402] [40.0] [cxt 0] Dumping entry 2
Match key:
* hdr.ipv4.dstAddr    : LPM       0a000200/24
Action entry: MyIngress.ipv4_forward - 80000000200,3,

[22:31:58.550] [bmv2] [D] [thread 6402] [40.0] [cxt 0] Action entry is MyIngress.ipv4_forward - 80000000200,3,
[22:31:58.550] [bmv2] [T] [thread 6402] [40.0] [cxt 0] Action MyIngress.ipv4_forward
[22:31:58.550] [bmv2] [T] [thread 6402] [40.0] [cxt 0] qos.p4(175) Primitive standard_metadata.egress_spec = port
[22:31:58.550] [bmv2] [T] [thread 6402] [40.0] [cxt 0] qos.p4(176) Primitive hdr.ethernet.srcAddr = hdr.ethernet.dstAddr
[22:31:58.550] [bmv2] [T] [thread 6402] [40.0] [cxt 0] qos.p4(177) Primitive hdr.ethernet.dstAddr = dstAddr
[22:31:58.550] [bmv2] [T] [thread 6402] [40.0] [cxt 0] qos.p4(178) Primitive hdr.ipv4.ttl = hdr.ipv4.ttl - 1
[22:31:58.550] [bmv2] [D] [thread 6402] [40.0] [cxt 0] Pipeline 'ingress': end
[22:31:58.551] [bmv2] [D] [thread 6402] [40.0] [cxt 0] Egress port is 3
[22:31:58.551] [bmv2] [D] [thread 6406] [40.0] [cxt 0] Pipeline 'egress': start
[22:31:58.551] [bmv2] [D] [thread 6406] [40.0] [cxt 0] Pipeline 'egress': end
[22:31:58.551] [bmv2] [D] [thread 6406] [40.0] [cxt 0] Deparser 'deparser': start
[22:31:58.551] [bmv2] [D] [thread 6406] [40.0] [cxt 0] Updating checksum 'cksum'
[22:31:58.551] [bmv2] [D] [thread 6406] [40.0] [cxt 0] Deparsing header 'ethernet'
[22:31:58.551] [bmv2] [D] [thread 6406] [40.0] [cxt 0] Deparsing header 'vlan'
[22:31:58.551] [bmv2] [D] [thread 6406] [40.0] [cxt 0] Deparsing header 'ipv4'
[22:31:58.551] [bmv2] [D] [thread 6406] [40.0] [cxt 0] Deparser 'deparser': end
[22:31:58.551] [bmv2] [D] [thread 6407] [40.0] [cxt 0] Transmitting packet of size 558 out of port 3
[22:31:58.647] [bmv2] [D] [thread 6402] [41.0] [cxt 0] Processing packet received on port 4
[22:31:58.647] [bmv2] [D] [thread 6402] [41.0] [cxt 0] Parser 'parser': start
[22:31:58.647] [bmv2] [D] [thread 6402] [41.0] [cxt 0] Parser 'parser' entering state 'start'
[22:31:58.647] [bmv2] [D] [thread 6402] [41.0] [cxt 0] Extracting header 'ethernet'
[22:31:58.647] [bmv2] [D] [thread 6402] [41.0] [cxt 0] Parser state 'start': key is 86dd
[22:31:58.647] [bmv2] [T] [thread 6402] [41.0] [cxt 0] Bytes parsed: 14
[22:31:58.647] [bmv2] [D] [thread 6402] [41.0] [cxt 0] Parser 'parser': end
[22:31:58.647] [bmv2] [D] [thread 6402] [41.0] [cxt 0] Pipeline 'ingress': start
[22:31:58.647] [bmv2] [T] [thread 6402] [41.0] [cxt 0] qos.p4(197) Condition "hdr.ipv4.isValid()" (node_2) is false
[22:31:58.647] [bmv2] [D] [thread 6402] [41.0] [cxt 0] Pipeline 'ingress': end
[22:31:58.648] [bmv2] [D] [thread 6402] [41.0] [cxt 0] Egress port is 0
[22:31:58.648] [bmv2] [D] [thread 6403] [41.0] [cxt 0] Pipeline 'egress': start
[22:31:58.648] [bmv2] [D] [thread 6403] [41.0] [cxt 0] Pipeline 'egress': end
[22:31:58.648] [bmv2] [D] [thread 6403] [41.0] [cxt 0] Deparser 'deparser': start
[22:31:58.648] [bmv2] [T] [thread 6403] [41.0] [cxt 0] Skipping checksum 'cksum' update because condition not met
[22:31:58.648] [bmv2] [D] [thread 6403] [41.0] [cxt 0] Deparsing header 'ethernet'
[22:31:58.648] [bmv2] [D] [thread 6403] [41.0] [cxt 0] Deparser 'deparser': end
[22:31:58.649] [bmv2] [D] [thread 6407] [41.0] [cxt 0] Transmitting packet of size 70 out of port 0
[22:31:58.673] [bmv2] [D] [thread 6402] [42.0] [cxt 0] Processing packet received on port 1
[22:31:58.673] [bmv2] [D] [thread 6402] [42.0] [cxt 0] Parser 'parser': start
[22:31:58.673] [bmv2] [D] [thread 6402] [42.0] [cxt 0] Parser 'parser' entering state 'start'
[22:31:58.673] [bmv2] [D] [thread 6402] [42.0] [cxt 0] Extracting header 'ethernet'
[22:31:58.673] [bmv2] [D] [thread 6402] [42.0] [cxt 0] Parser state 'start': key is 8100
[22:31:58.673] [bmv2] [T] [thread 6402] [42.0] [cxt 0] Bytes parsed: 14
[22:31:58.673] [bmv2] [D] [thread 6402] [42.0] [cxt 0] Parser 'parser' entering state 'parse_vlan'
[22:31:58.673] [bmv2] [D] [thread 6402] [42.0] [cxt 0] Extracting header 'vlan'
[22:31:58.673] [bmv2] [D] [thread 6402] [42.0] [cxt 0] Parser state 'parse_vlan': key is 0800
[22:31:58.673] [bmv2] [T] [thread 6402] [42.0] [cxt 0] Bytes parsed: 18
[22:31:58.673] [bmv2] [D] [thread 6402] [42.0] [cxt 0] Parser 'parser' entering state 'parse_ipv4'
[22:31:58.673] [bmv2] [D] [thread 6402] [42.0] [cxt 0] Extracting header 'ipv4'
[22:31:58.673] [bmv2] [D] [thread 6402] [42.0] [cxt 0] Parser set: setting field 'scalars.tmp' from expression, new value is 1
[22:31:58.673] [bmv2] [D] [thread 6402] [42.0] [cxt 0] Parser state 'parse_ipv4': key is 05
[22:31:58.673] [bmv2] [T] [thread 6402] [42.0] [cxt 0] Bytes parsed: 38
[22:31:58.673] [bmv2] [D] [thread 6402] [42.0] [cxt 0] Parser 'parser': end
[22:31:58.673] [bmv2] [D] [thread 6402] [42.0] [cxt 0] Pipeline 'ingress': start
[22:31:58.673] [bmv2] [T] [thread 6402] [42.0] [cxt 0] qos.p4(197) Condition "hdr.ipv4.isValid()" (node_2) is true
[22:31:58.674] [bmv2] [T] [thread 6402] [42.0] [cxt 0] qos.p4(198) Condition "hdr.ipv4_option.isValid()" (node_3) is false
[22:31:58.674] [bmv2] [T] [thread 6402] [42.0] [cxt 0] Applying table 'MyIngress.ipv4_lpm'
[22:31:58.674] [bmv2] [D] [thread 6402] [42.0] [cxt 0] Looking up key:
* hdr.ipv4.dstAddr    : 0a000202

[22:31:58.674] [bmv2] [D] [thread 6402] [42.0] [cxt 0] Table 'MyIngress.ipv4_lpm': hit with handle 2
[22:31:58.674] [bmv2] [D] [thread 6402] [42.0] [cxt 0] Dumping entry 2
Match key:
* hdr.ipv4.dstAddr    : LPM       0a000200/24
Action entry: MyIngress.ipv4_forward - 80000000200,3,

[22:31:58.674] [bmv2] [D] [thread 6402] [42.0] [cxt 0] Action entry is MyIngress.ipv4_forward - 80000000200,3,
[22:31:58.674] [bmv2] [T] [thread 6402] [42.0] [cxt 0] Action MyIngress.ipv4_forward
[22:31:58.674] [bmv2] [T] [thread 6402] [42.0] [cxt 0] qos.p4(175) Primitive standard_metadata.egress_spec = port
[22:31:58.674] [bmv2] [T] [thread 6402] [42.0] [cxt 0] qos.p4(176) Primitive hdr.ethernet.srcAddr = hdr.ethernet.dstAddr
[22:31:58.674] [bmv2] [T] [thread 6402] [42.0] [cxt 0] qos.p4(177) Primitive hdr.ethernet.dstAddr = dstAddr
[22:31:58.674] [bmv2] [T] [thread 6402] [42.0] [cxt 0] qos.p4(178) Primitive hdr.ipv4.ttl = hdr.ipv4.ttl - 1
[22:31:58.674] [bmv2] [D] [thread 6402] [42.0] [cxt 0] Pipeline 'ingress': end
[22:31:58.674] [bmv2] [D] [thread 6402] [42.0] [cxt 0] Egress port is 3
[22:31:58.674] [bmv2] [D] [thread 6406] [42.0] [cxt 0] Pipeline 'egress': start
[22:31:58.674] [bmv2] [D] [thread 6406] [42.0] [cxt 0] Pipeline 'egress': end
[22:31:58.674] [bmv2] [D] [thread 6406] [42.0] [cxt 0] Deparser 'deparser': start
[22:31:58.674] [bmv2] [D] [thread 6406] [42.0] [cxt 0] Updating checksum 'cksum'
[22:31:58.674] [bmv2] [D] [thread 6406] [42.0] [cxt 0] Deparsing header 'ethernet'
[22:31:58.674] [bmv2] [D] [thread 6406] [42.0] [cxt 0] Deparsing header 'vlan'
[22:31:58.675] [bmv2] [D] [thread 6406] [42.0] [cxt 0] Deparsing header 'ipv4'
[22:31:58.675] [bmv2] [D] [thread 6406] [42.0] [cxt 0] Deparser 'deparser': end
[22:31:58.675] [bmv2] [D] [thread 6407] [42.0] [cxt 0] Transmitting packet of size 558 out of port 3
[22:31:58.799] [bmv2] [D] [thread 6402] [43.0] [cxt 0] Processing packet received on port 1
[22:31:58.800] [bmv2] [D] [thread 6402] [43.0] [cxt 0] Parser 'parser': start
[22:31:58.800] [bmv2] [D] [thread 6402] [43.0] [cxt 0] Parser 'parser' entering state 'start'
[22:31:58.800] [bmv2] [D] [thread 6402] [43.0] [cxt 0] Extracting header 'ethernet'
[22:31:58.800] [bmv2] [D] [thread 6402] [43.0] [cxt 0] Parser state 'start': key is 8100
[22:31:58.800] [bmv2] [T] [thread 6402] [43.0] [cxt 0] Bytes parsed: 14
[22:31:58.800] [bmv2] [D] [thread 6402] [43.0] [cxt 0] Parser 'parser' entering state 'parse_vlan'
[22:31:58.800] [bmv2] [D] [thread 6402] [43.0] [cxt 0] Extracting header 'vlan'
[22:31:58.800] [bmv2] [D] [thread 6402] [43.0] [cxt 0] Parser state 'parse_vlan': key is 0800
[22:31:58.800] [bmv2] [T] [thread 6402] [43.0] [cxt 0] Bytes parsed: 18
[22:31:58.800] [bmv2] [D] [thread 6402] [43.0] [cxt 0] Parser 'parser' entering state 'parse_ipv4'
[22:31:58.800] [bmv2] [D] [thread 6402] [43.0] [cxt 0] Extracting header 'ipv4'
[22:31:58.800] [bmv2] [D] [thread 6402] [43.0] [cxt 0] Parser set: setting field 'scalars.tmp' from expression, new value is 1
[22:31:58.800] [bmv2] [D] [thread 6402] [43.0] [cxt 0] Parser state 'parse_ipv4': key is 05
[22:31:58.801] [bmv2] [T] [thread 6402] [43.0] [cxt 0] Bytes parsed: 38
[22:31:58.801] [bmv2] [D] [thread 6402] [43.0] [cxt 0] Parser 'parser': end
[22:31:58.801] [bmv2] [D] [thread 6402] [43.0] [cxt 0] Pipeline 'ingress': start
[22:31:58.801] [bmv2] [T] [thread 6402] [43.0] [cxt 0] qos.p4(197) Condition "hdr.ipv4.isValid()" (node_2) is true
[22:31:58.801] [bmv2] [T] [thread 6402] [43.0] [cxt 0] qos.p4(198) Condition "hdr.ipv4_option.isValid()" (node_3) is false
[22:31:58.801] [bmv2] [T] [thread 6402] [43.0] [cxt 0] Applying table 'MyIngress.ipv4_lpm'
[22:31:58.801] [bmv2] [D] [thread 6402] [43.0] [cxt 0] Looking up key:
* hdr.ipv4.dstAddr    : 0a000202

[22:31:58.801] [bmv2] [D] [thread 6402] [43.0] [cxt 0] Table 'MyIngress.ipv4_lpm': hit with handle 2
[22:31:58.801] [bmv2] [D] [thread 6402] [43.0] [cxt 0] Dumping entry 2
Match key:
* hdr.ipv4.dstAddr    : LPM       0a000200/24
Action entry: MyIngress.ipv4_forward - 80000000200,3,

[22:31:58.801] [bmv2] [D] [thread 6402] [43.0] [cxt 0] Action entry is MyIngress.ipv4_forward - 80000000200,3,
[22:31:58.801] [bmv2] [T] [thread 6402] [43.0] [cxt 0] Action MyIngress.ipv4_forward
[22:31:58.801] [bmv2] [T] [thread 6402] [43.0] [cxt 0] qos.p4(175) Primitive standard_metadata.egress_spec = port
[22:31:58.801] [bmv2] [T] [thread 6402] [43.0] [cxt 0] qos.p4(176) Primitive hdr.ethernet.srcAddr = hdr.ethernet.dstAddr
[22:31:58.801] [bmv2] [T] [thread 6402] [43.0] [cxt 0] qos.p4(177) Primitive hdr.ethernet.dstAddr = dstAddr
[22:31:58.801] [bmv2] [T] [thread 6402] [43.0] [cxt 0] qos.p4(178) Primitive hdr.ipv4.ttl = hdr.ipv4.ttl - 1
[22:31:58.801] [bmv2] [D] [thread 6402] [43.0] [cxt 0] Pipeline 'ingress': end
[22:31:58.801] [bmv2] [D] [thread 6402] [43.0] [cxt 0] Egress port is 3
[22:31:58.801] [bmv2] [D] [thread 6406] [43.0] [cxt 0] Pipeline 'egress': start
[22:31:58.801] [bmv2] [D] [thread 6406] [43.0] [cxt 0] Pipeline 'egress': end
[22:31:58.802] [bmv2] [D] [thread 6406] [43.0] [cxt 0] Deparser 'deparser': start
[22:31:58.802] [bmv2] [D] [thread 6406] [43.0] [cxt 0] Updating checksum 'cksum'
[22:31:58.802] [bmv2] [D] [thread 6406] [43.0] [cxt 0] Deparsing header 'ethernet'
[22:31:58.802] [bmv2] [D] [thread 6406] [43.0] [cxt 0] Deparsing header 'vlan'
[22:31:58.802] [bmv2] [D] [thread 6406] [43.0] [cxt 0] Deparsing header 'ipv4'
[22:31:58.802] [bmv2] [D] [thread 6406] [43.0] [cxt 0] Deparser 'deparser': end
[22:31:58.802] [bmv2] [D] [thread 6407] [43.0] [cxt 0] Transmitting packet of size 558 out of port 3
[22:31:58.923] [bmv2] [D] [thread 6402] [44.0] [cxt 0] Processing packet received on port 1
[22:31:58.923] [bmv2] [D] [thread 6402] [44.0] [cxt 0] Parser 'parser': start
[22:31:58.923] [bmv2] [D] [thread 6402] [44.0] [cxt 0] Parser 'parser' entering state 'start'
[22:31:58.924] [bmv2] [D] [thread 6402] [44.0] [cxt 0] Extracting header 'ethernet'
[22:31:58.924] [bmv2] [D] [thread 6402] [44.0] [cxt 0] Parser state 'start': key is 8100
[22:31:58.924] [bmv2] [T] [thread 6402] [44.0] [cxt 0] Bytes parsed: 14
[22:31:58.924] [bmv2] [D] [thread 6402] [44.0] [cxt 0] Parser 'parser' entering state 'parse_vlan'
[22:31:58.924] [bmv2] [D] [thread 6402] [44.0] [cxt 0] Extracting header 'vlan'
[22:31:58.924] [bmv2] [D] [thread 6402] [44.0] [cxt 0] Parser state 'parse_vlan': key is 0800
[22:31:58.924] [bmv2] [T] [thread 6402] [44.0] [cxt 0] Bytes parsed: 18
[22:31:58.924] [bmv2] [D] [thread 6402] [44.0] [cxt 0] Parser 'parser' entering state 'parse_ipv4'
[22:31:58.924] [bmv2] [D] [thread 6402] [44.0] [cxt 0] Extracting header 'ipv4'
[22:31:58.924] [bmv2] [D] [thread 6402] [44.0] [cxt 0] Parser set: setting field 'scalars.tmp' from expression, new value is 1
[22:31:58.924] [bmv2] [D] [thread 6402] [44.0] [cxt 0] Parser state 'parse_ipv4': key is 05
[22:31:58.924] [bmv2] [T] [thread 6402] [44.0] [cxt 0] Bytes parsed: 38
[22:31:58.924] [bmv2] [D] [thread 6402] [44.0] [cxt 0] Parser 'parser': end
[22:31:58.924] [bmv2] [D] [thread 6402] [44.0] [cxt 0] Pipeline 'ingress': start
[22:31:58.924] [bmv2] [T] [thread 6402] [44.0] [cxt 0] qos.p4(197) Condition "hdr.ipv4.isValid()" (node_2) is true
[22:31:58.924] [bmv2] [T] [thread 6402] [44.0] [cxt 0] qos.p4(198) Condition "hdr.ipv4_option.isValid()" (node_3) is false
[22:31:58.924] [bmv2] [T] [thread 6402] [44.0] [cxt 0] Applying table 'MyIngress.ipv4_lpm'
[22:31:58.925] [bmv2] [D] [thread 6402] [44.0] [cxt 0] Looking up key:
* hdr.ipv4.dstAddr    : 0a000202

[22:31:58.925] [bmv2] [D] [thread 6402] [44.0] [cxt 0] Table 'MyIngress.ipv4_lpm': hit with handle 2
[22:31:58.925] [bmv2] [D] [thread 6402] [44.0] [cxt 0] Dumping entry 2
Match key:
* hdr.ipv4.dstAddr    : LPM       0a000200/24
Action entry: MyIngress.ipv4_forward - 80000000200,3,

[22:31:58.925] [bmv2] [D] [thread 6402] [44.0] [cxt 0] Action entry is MyIngress.ipv4_forward - 80000000200,3,
[22:31:58.925] [bmv2] [T] [thread 6402] [44.0] [cxt 0] Action MyIngress.ipv4_forward
[22:31:58.925] [bmv2] [T] [thread 6402] [44.0] [cxt 0] qos.p4(175) Primitive standard_metadata.egress_spec = port
[22:31:58.925] [bmv2] [T] [thread 6402] [44.0] [cxt 0] qos.p4(176) Primitive hdr.ethernet.srcAddr = hdr.ethernet.dstAddr
[22:31:58.925] [bmv2] [T] [thread 6402] [44.0] [cxt 0] qos.p4(177) Primitive hdr.ethernet.dstAddr = dstAddr
[22:31:58.925] [bmv2] [T] [thread 6402] [44.0] [cxt 0] qos.p4(178) Primitive hdr.ipv4.ttl = hdr.ipv4.ttl - 1
[22:31:58.925] [bmv2] [D] [thread 6402] [44.0] [cxt 0] Pipeline 'ingress': end
[22:31:58.925] [bmv2] [D] [thread 6402] [44.0] [cxt 0] Egress port is 3
[22:31:58.925] [bmv2] [D] [thread 6406] [44.0] [cxt 0] Pipeline 'egress': start
[22:31:58.925] [bmv2] [D] [thread 6406] [44.0] [cxt 0] Pipeline 'egress': end
[22:31:58.925] [bmv2] [D] [thread 6406] [44.0] [cxt 0] Deparser 'deparser': start
[22:31:58.925] [bmv2] [D] [thread 6406] [44.0] [cxt 0] Updating checksum 'cksum'
[22:31:58.925] [bmv2] [D] [thread 6406] [44.0] [cxt 0] Deparsing header 'ethernet'
[22:31:58.925] [bmv2] [D] [thread 6406] [44.0] [cxt 0] Deparsing header 'vlan'
[22:31:58.925] [bmv2] [D] [thread 6406] [44.0] [cxt 0] Deparsing header 'ipv4'
[22:31:58.925] [bmv2] [D] [thread 6406] [44.0] [cxt 0] Deparser 'deparser': end
[22:31:58.926] [bmv2] [D] [thread 6407] [44.0] [cxt 0] Transmitting packet of size 558 out of port 3
[22:31:59.049] [bmv2] [D] [thread 6402] [45.0] [cxt 0] Processing packet received on port 1
[22:31:59.049] [bmv2] [D] [thread 6402] [45.0] [cxt 0] Parser 'parser': start
[22:31:59.049] [bmv2] [D] [thread 6402] [45.0] [cxt 0] Parser 'parser' entering state 'start'
[22:31:59.049] [bmv2] [D] [thread 6402] [45.0] [cxt 0] Extracting header 'ethernet'
[22:31:59.049] [bmv2] [D] [thread 6402] [45.0] [cxt 0] Parser state 'start': key is 8100
[22:31:59.049] [bmv2] [T] [thread 6402] [45.0] [cxt 0] Bytes parsed: 14
[22:31:59.049] [bmv2] [D] [thread 6402] [45.0] [cxt 0] Parser 'parser' entering state 'parse_vlan'
[22:31:59.049] [bmv2] [D] [thread 6402] [45.0] [cxt 0] Extracting header 'vlan'
[22:31:59.049] [bmv2] [D] [thread 6402] [45.0] [cxt 0] Parser state 'parse_vlan': key is 0800
[22:31:59.049] [bmv2] [T] [thread 6402] [45.0] [cxt 0] Bytes parsed: 18
[22:31:59.049] [bmv2] [D] [thread 6402] [45.0] [cxt 0] Parser 'parser' entering state 'parse_ipv4'
[22:31:59.049] [bmv2] [D] [thread 6402] [45.0] [cxt 0] Extracting header 'ipv4'
[22:31:59.050] [bmv2] [D] [thread 6402] [45.0] [cxt 0] Parser set: setting field 'scalars.tmp' from expression, new value is 1
[22:31:59.050] [bmv2] [D] [thread 6402] [45.0] [cxt 0] Parser state 'parse_ipv4': key is 05
[22:31:59.050] [bmv2] [T] [thread 6402] [45.0] [cxt 0] Bytes parsed: 38
[22:31:59.050] [bmv2] [D] [thread 6402] [45.0] [cxt 0] Parser 'parser': end
[22:31:59.050] [bmv2] [D] [thread 6402] [45.0] [cxt 0] Pipeline 'ingress': start
[22:31:59.050] [bmv2] [T] [thread 6402] [45.0] [cxt 0] qos.p4(197) Condition "hdr.ipv4.isValid()" (node_2) is true
[22:31:59.050] [bmv2] [T] [thread 6402] [45.0] [cxt 0] qos.p4(198) Condition "hdr.ipv4_option.isValid()" (node_3) is false
[22:31:59.050] [bmv2] [T] [thread 6402] [45.0] [cxt 0] Applying table 'MyIngress.ipv4_lpm'
[22:31:59.050] [bmv2] [D] [thread 6402] [45.0] [cxt 0] Looking up key:
* hdr.ipv4.dstAddr    : 0a000202

[22:31:59.050] [bmv2] [D] [thread 6402] [45.0] [cxt 0] Table 'MyIngress.ipv4_lpm': hit with handle 2
[22:31:59.050] [bmv2] [D] [thread 6402] [45.0] [cxt 0] Dumping entry 2
Match key:
* hdr.ipv4.dstAddr    : LPM       0a000200/24
Action entry: MyIngress.ipv4_forward - 80000000200,3,

[22:31:59.050] [bmv2] [D] [thread 6402] [45.0] [cxt 0] Action entry is MyIngress.ipv4_forward - 80000000200,3,
[22:31:59.050] [bmv2] [T] [thread 6402] [45.0] [cxt 0] Action MyIngress.ipv4_forward
[22:31:59.050] [bmv2] [T] [thread 6402] [45.0] [cxt 0] qos.p4(175) Primitive standard_metadata.egress_spec = port
[22:31:59.050] [bmv2] [T] [thread 6402] [45.0] [cxt 0] qos.p4(176) Primitive hdr.ethernet.srcAddr = hdr.ethernet.dstAddr
[22:31:59.050] [bmv2] [T] [thread 6402] [45.0] [cxt 0] qos.p4(177) Primitive hdr.ethernet.dstAddr = dstAddr
[22:31:59.050] [bmv2] [T] [thread 6402] [45.0] [cxt 0] qos.p4(178) Primitive hdr.ipv4.ttl = hdr.ipv4.ttl - 1
[22:31:59.050] [bmv2] [D] [thread 6402] [45.0] [cxt 0] Pipeline 'ingress': end
[22:31:59.050] [bmv2] [D] [thread 6402] [45.0] [cxt 0] Egress port is 3
[22:31:59.051] [bmv2] [D] [thread 6406] [45.0] [cxt 0] Pipeline 'egress': start
[22:31:59.051] [bmv2] [D] [thread 6406] [45.0] [cxt 0] Pipeline 'egress': end
[22:31:59.051] [bmv2] [D] [thread 6406] [45.0] [cxt 0] Deparser 'deparser': start
[22:31:59.051] [bmv2] [D] [thread 6406] [45.0] [cxt 0] Updating checksum 'cksum'
[22:31:59.051] [bmv2] [D] [thread 6406] [45.0] [cxt 0] Deparsing header 'ethernet'
[22:31:59.051] [bmv2] [D] [thread 6406] [45.0] [cxt 0] Deparsing header 'vlan'
[22:31:59.051] [bmv2] [D] [thread 6406] [45.0] [cxt 0] Deparsing header 'ipv4'
[22:31:59.051] [bmv2] [D] [thread 6406] [45.0] [cxt 0] Deparser 'deparser': end
[22:31:59.051] [bmv2] [D] [thread 6407] [45.0] [cxt 0] Transmitting packet of size 558 out of port 3
[22:31:59.173] [bmv2] [D] [thread 6402] [46.0] [cxt 0] Processing packet received on port 1
[22:31:59.173] [bmv2] [D] [thread 6402] [46.0] [cxt 0] Parser 'parser': start
[22:31:59.173] [bmv2] [D] [thread 6402] [46.0] [cxt 0] Parser 'parser' entering state 'start'
[22:31:59.173] [bmv2] [D] [thread 6402] [46.0] [cxt 0] Extracting header 'ethernet'
[22:31:59.173] [bmv2] [D] [thread 6402] [46.0] [cxt 0] Parser state 'start': key is 8100
[22:31:59.173] [bmv2] [T] [thread 6402] [46.0] [cxt 0] Bytes parsed: 14
[22:31:59.173] [bmv2] [D] [thread 6402] [46.0] [cxt 0] Parser 'parser' entering state 'parse_vlan'
[22:31:59.173] [bmv2] [D] [thread 6402] [46.0] [cxt 0] Extracting header 'vlan'
[22:31:59.173] [bmv2] [D] [thread 6402] [46.0] [cxt 0] Parser state 'parse_vlan': key is 0800
[22:31:59.173] [bmv2] [T] [thread 6402] [46.0] [cxt 0] Bytes parsed: 18
[22:31:59.173] [bmv2] [D] [thread 6402] [46.0] [cxt 0] Parser 'parser' entering state 'parse_ipv4'
[22:31:59.173] [bmv2] [D] [thread 6402] [46.0] [cxt 0] Extracting header 'ipv4'
[22:31:59.173] [bmv2] [D] [thread 6402] [46.0] [cxt 0] Parser set: setting field 'scalars.tmp' from expression, new value is 1
[22:31:59.174] [bmv2] [D] [thread 6402] [46.0] [cxt 0] Parser state 'parse_ipv4': key is 05
[22:31:59.174] [bmv2] [T] [thread 6402] [46.0] [cxt 0] Bytes parsed: 38
[22:31:59.174] [bmv2] [D] [thread 6402] [46.0] [cxt 0] Parser 'parser': end
[22:31:59.174] [bmv2] [D] [thread 6402] [46.0] [cxt 0] Pipeline 'ingress': start
[22:31:59.174] [bmv2] [T] [thread 6402] [46.0] [cxt 0] qos.p4(197) Condition "hdr.ipv4.isValid()" (node_2) is true
[22:31:59.174] [bmv2] [T] [thread 6402] [46.0] [cxt 0] qos.p4(198) Condition "hdr.ipv4_option.isValid()" (node_3) is false
[22:31:59.174] [bmv2] [T] [thread 6402] [46.0] [cxt 0] Applying table 'MyIngress.ipv4_lpm'
[22:31:59.174] [bmv2] [D] [thread 6402] [46.0] [cxt 0] Looking up key:
* hdr.ipv4.dstAddr    : 0a000202

[22:31:59.174] [bmv2] [D] [thread 6402] [46.0] [cxt 0] Table 'MyIngress.ipv4_lpm': hit with handle 2
[22:31:59.174] [bmv2] [D] [thread 6402] [46.0] [cxt 0] Dumping entry 2
Match key:
* hdr.ipv4.dstAddr    : LPM       0a000200/24
Action entry: MyIngress.ipv4_forward - 80000000200,3,

[22:31:59.174] [bmv2] [D] [thread 6402] [46.0] [cxt 0] Action entry is MyIngress.ipv4_forward - 80000000200,3,
[22:31:59.174] [bmv2] [T] [thread 6402] [46.0] [cxt 0] Action MyIngress.ipv4_forward
[22:31:59.174] [bmv2] [T] [thread 6402] [46.0] [cxt 0] qos.p4(175) Primitive standard_metadata.egress_spec = port
[22:31:59.174] [bmv2] [T] [thread 6402] [46.0] [cxt 0] qos.p4(176) Primitive hdr.ethernet.srcAddr = hdr.ethernet.dstAddr
[22:31:59.174] [bmv2] [T] [thread 6402] [46.0] [cxt 0] qos.p4(177) Primitive hdr.ethernet.dstAddr = dstAddr
[22:31:59.174] [bmv2] [T] [thread 6402] [46.0] [cxt 0] qos.p4(178) Primitive hdr.ipv4.ttl = hdr.ipv4.ttl - 1
[22:31:59.174] [bmv2] [D] [thread 6402] [46.0] [cxt 0] Pipeline 'ingress': end
[22:31:59.174] [bmv2] [D] [thread 6402] [46.0] [cxt 0] Egress port is 3
[22:31:59.175] [bmv2] [D] [thread 6406] [46.0] [cxt 0] Pipeline 'egress': start
[22:31:59.175] [bmv2] [D] [thread 6406] [46.0] [cxt 0] Pipeline 'egress': end
[22:31:59.175] [bmv2] [D] [thread 6406] [46.0] [cxt 0] Deparser 'deparser': start
[22:31:59.175] [bmv2] [D] [thread 6406] [46.0] [cxt 0] Updating checksum 'cksum'
[22:31:59.175] [bmv2] [D] [thread 6406] [46.0] [cxt 0] Deparsing header 'ethernet'
[22:31:59.175] [bmv2] [D] [thread 6406] [46.0] [cxt 0] Deparsing header 'vlan'
[22:31:59.175] [bmv2] [D] [thread 6406] [46.0] [cxt 0] Deparsing header 'ipv4'
[22:31:59.175] [bmv2] [D] [thread 6406] [46.0] [cxt 0] Deparser 'deparser': end
[22:31:59.175] [bmv2] [D] [thread 6407] [46.0] [cxt 0] Transmitting packet of size 558 out of port 3
[22:31:59.298] [bmv2] [D] [thread 6402] [47.0] [cxt 0] Processing packet received on port 1
[22:31:59.298] [bmv2] [D] [thread 6402] [47.0] [cxt 0] Parser 'parser': start
[22:31:59.298] [bmv2] [D] [thread 6402] [47.0] [cxt 0] Parser 'parser' entering state 'start'
[22:31:59.298] [bmv2] [D] [thread 6402] [47.0] [cxt 0] Extracting header 'ethernet'
[22:31:59.298] [bmv2] [D] [thread 6402] [47.0] [cxt 0] Parser state 'start': key is 8100
[22:31:59.298] [bmv2] [T] [thread 6402] [47.0] [cxt 0] Bytes parsed: 14
[22:31:59.298] [bmv2] [D] [thread 6402] [47.0] [cxt 0] Parser 'parser' entering state 'parse_vlan'
[22:31:59.298] [bmv2] [D] [thread 6402] [47.0] [cxt 0] Extracting header 'vlan'
[22:31:59.298] [bmv2] [D] [thread 6402] [47.0] [cxt 0] Parser state 'parse_vlan': key is 0800
[22:31:59.298] [bmv2] [T] [thread 6402] [47.0] [cxt 0] Bytes parsed: 18
[22:31:59.298] [bmv2] [D] [thread 6402] [47.0] [cxt 0] Parser 'parser' entering state 'parse_ipv4'
[22:31:59.298] [bmv2] [D] [thread 6402] [47.0] [cxt 0] Extracting header 'ipv4'
[22:31:59.298] [bmv2] [D] [thread 6402] [47.0] [cxt 0] Parser set: setting field 'scalars.tmp' from expression, new value is 1
[22:31:59.298] [bmv2] [D] [thread 6402] [47.0] [cxt 0] Parser state 'parse_ipv4': key is 05
[22:31:59.298] [bmv2] [T] [thread 6402] [47.0] [cxt 0] Bytes parsed: 38
[22:31:59.298] [bmv2] [D] [thread 6402] [47.0] [cxt 0] Parser 'parser': end
[22:31:59.299] [bmv2] [D] [thread 6402] [47.0] [cxt 0] Pipeline 'ingress': start
[22:31:59.299] [bmv2] [T] [thread 6402] [47.0] [cxt 0] qos.p4(197) Condition "hdr.ipv4.isValid()" (node_2) is true
[22:31:59.299] [bmv2] [T] [thread 6402] [47.0] [cxt 0] qos.p4(198) Condition "hdr.ipv4_option.isValid()" (node_3) is false
[22:31:59.299] [bmv2] [T] [thread 6402] [47.0] [cxt 0] Applying table 'MyIngress.ipv4_lpm'
[22:31:59.299] [bmv2] [D] [thread 6402] [47.0] [cxt 0] Looking up key:
* hdr.ipv4.dstAddr    : 0a000202

[22:31:59.299] [bmv2] [D] [thread 6402] [47.0] [cxt 0] Table 'MyIngress.ipv4_lpm': hit with handle 2
[22:31:59.299] [bmv2] [D] [thread 6402] [47.0] [cxt 0] Dumping entry 2
Match key:
* hdr.ipv4.dstAddr    : LPM       0a000200/24
Action entry: MyIngress.ipv4_forward - 80000000200,3,

[22:31:59.299] [bmv2] [D] [thread 6402] [47.0] [cxt 0] Action entry is MyIngress.ipv4_forward - 80000000200,3,
[22:31:59.299] [bmv2] [T] [thread 6402] [47.0] [cxt 0] Action MyIngress.ipv4_forward
[22:31:59.299] [bmv2] [T] [thread 6402] [47.0] [cxt 0] qos.p4(175) Primitive standard_metadata.egress_spec = port
[22:31:59.299] [bmv2] [T] [thread 6402] [47.0] [cxt 0] qos.p4(176) Primitive hdr.ethernet.srcAddr = hdr.ethernet.dstAddr
[22:31:59.299] [bmv2] [T] [thread 6402] [47.0] [cxt 0] qos.p4(177) Primitive hdr.ethernet.dstAddr = dstAddr
[22:31:59.299] [bmv2] [T] [thread 6402] [47.0] [cxt 0] qos.p4(178) Primitive hdr.ipv4.ttl = hdr.ipv4.ttl - 1
[22:31:59.299] [bmv2] [D] [thread 6402] [47.0] [cxt 0] Pipeline 'ingress': end
[22:31:59.299] [bmv2] [D] [thread 6402] [47.0] [cxt 0] Egress port is 3
[22:31:59.299] [bmv2] [D] [thread 6406] [47.0] [cxt 0] Pipeline 'egress': start
[22:31:59.300] [bmv2] [D] [thread 6406] [47.0] [cxt 0] Pipeline 'egress': end
[22:31:59.300] [bmv2] [D] [thread 6406] [47.0] [cxt 0] Deparser 'deparser': start
[22:31:59.300] [bmv2] [D] [thread 6406] [47.0] [cxt 0] Updating checksum 'cksum'
[22:31:59.300] [bmv2] [D] [thread 6406] [47.0] [cxt 0] Deparsing header 'ethernet'
[22:31:59.300] [bmv2] [D] [thread 6406] [47.0] [cxt 0] Deparsing header 'vlan'
[22:31:59.300] [bmv2] [D] [thread 6406] [47.0] [cxt 0] Deparsing header 'ipv4'
[22:31:59.300] [bmv2] [D] [thread 6406] [47.0] [cxt 0] Deparser 'deparser': end
[22:31:59.300] [bmv2] [D] [thread 6407] [47.0] [cxt 0] Transmitting packet of size 558 out of port 3
[22:31:59.422] [bmv2] [D] [thread 6402] [48.0] [cxt 0] Processing packet received on port 1
[22:31:59.422] [bmv2] [D] [thread 6402] [48.0] [cxt 0] Parser 'parser': start
[22:31:59.422] [bmv2] [D] [thread 6402] [48.0] [cxt 0] Parser 'parser' entering state 'start'
[22:31:59.422] [bmv2] [D] [thread 6402] [48.0] [cxt 0] Extracting header 'ethernet'
[22:31:59.423] [bmv2] [D] [thread 6402] [48.0] [cxt 0] Parser state 'start': key is 8100
[22:31:59.423] [bmv2] [T] [thread 6402] [48.0] [cxt 0] Bytes parsed: 14
[22:31:59.423] [bmv2] [D] [thread 6402] [48.0] [cxt 0] Parser 'parser' entering state 'parse_vlan'
[22:31:59.423] [bmv2] [D] [thread 6402] [48.0] [cxt 0] Extracting header 'vlan'
[22:31:59.423] [bmv2] [D] [thread 6402] [48.0] [cxt 0] Parser state 'parse_vlan': key is 0800
[22:31:59.423] [bmv2] [T] [thread 6402] [48.0] [cxt 0] Bytes parsed: 18
[22:31:59.423] [bmv2] [D] [thread 6402] [48.0] [cxt 0] Parser 'parser' entering state 'parse_ipv4'
[22:31:59.423] [bmv2] [D] [thread 6402] [48.0] [cxt 0] Extracting header 'ipv4'
[22:31:59.423] [bmv2] [D] [thread 6402] [48.0] [cxt 0] Parser set: setting field 'scalars.tmp' from expression, new value is 1
[22:31:59.423] [bmv2] [D] [thread 6402] [48.0] [cxt 0] Parser state 'parse_ipv4': key is 05
[22:31:59.423] [bmv2] [T] [thread 6402] [48.0] [cxt 0] Bytes parsed: 38
[22:31:59.423] [bmv2] [D] [thread 6402] [48.0] [cxt 0] Parser 'parser': end
[22:31:59.423] [bmv2] [D] [thread 6402] [48.0] [cxt 0] Pipeline 'ingress': start
[22:31:59.423] [bmv2] [T] [thread 6402] [48.0] [cxt 0] qos.p4(197) Condition "hdr.ipv4.isValid()" (node_2) is true
[22:31:59.423] [bmv2] [T] [thread 6402] [48.0] [cxt 0] qos.p4(198) Condition "hdr.ipv4_option.isValid()" (node_3) is false
[22:31:59.423] [bmv2] [T] [thread 6402] [48.0] [cxt 0] Applying table 'MyIngress.ipv4_lpm'
[22:31:59.423] [bmv2] [D] [thread 6402] [48.0] [cxt 0] Looking up key:
* hdr.ipv4.dstAddr    : 0a000202

[22:31:59.423] [bmv2] [D] [thread 6402] [48.0] [cxt 0] Table 'MyIngress.ipv4_lpm': hit with handle 2
[22:31:59.423] [bmv2] [D] [thread 6402] [48.0] [cxt 0] Dumping entry 2
Match key:
* hdr.ipv4.dstAddr    : LPM       0a000200/24
Action entry: MyIngress.ipv4_forward - 80000000200,3,

[22:31:59.423] [bmv2] [D] [thread 6402] [48.0] [cxt 0] Action entry is MyIngress.ipv4_forward - 80000000200,3,
[22:31:59.423] [bmv2] [T] [thread 6402] [48.0] [cxt 0] Action MyIngress.ipv4_forward
[22:31:59.423] [bmv2] [T] [thread 6402] [48.0] [cxt 0] qos.p4(175) Primitive standard_metadata.egress_spec = port
[22:31:59.424] [bmv2] [T] [thread 6402] [48.0] [cxt 0] qos.p4(176) Primitive hdr.ethernet.srcAddr = hdr.ethernet.dstAddr
[22:31:59.424] [bmv2] [T] [thread 6402] [48.0] [cxt 0] qos.p4(177) Primitive hdr.ethernet.dstAddr = dstAddr
[22:31:59.424] [bmv2] [T] [thread 6402] [48.0] [cxt 0] qos.p4(178) Primitive hdr.ipv4.ttl = hdr.ipv4.ttl - 1
[22:31:59.424] [bmv2] [D] [thread 6402] [48.0] [cxt 0] Pipeline 'ingress': end
[22:31:59.424] [bmv2] [D] [thread 6402] [48.0] [cxt 0] Egress port is 3
[22:31:59.424] [bmv2] [D] [thread 6406] [48.0] [cxt 0] Pipeline 'egress': start
[22:31:59.424] [bmv2] [D] [thread 6406] [48.0] [cxt 0] Pipeline 'egress': end
[22:31:59.424] [bmv2] [D] [thread 6406] [48.0] [cxt 0] Deparser 'deparser': start
[22:31:59.424] [bmv2] [D] [thread 6406] [48.0] [cxt 0] Updating checksum 'cksum'
[22:31:59.424] [bmv2] [D] [thread 6406] [48.0] [cxt 0] Deparsing header 'ethernet'
[22:31:59.424] [bmv2] [D] [thread 6406] [48.0] [cxt 0] Deparsing header 'vlan'
[22:31:59.424] [bmv2] [D] [thread 6406] [48.0] [cxt 0] Deparsing header 'ipv4'
[22:31:59.424] [bmv2] [D] [thread 6406] [48.0] [cxt 0] Deparser 'deparser': end
[22:31:59.424] [bmv2] [D] [thread 6407] [48.0] [cxt 0] Transmitting packet of size 558 out of port 3
[22:31:59.544] [bmv2] [D] [thread 6402] [49.0] [cxt 0] Processing packet received on port 1
[22:31:59.544] [bmv2] [D] [thread 6402] [49.0] [cxt 0] Parser 'parser': start
[22:31:59.544] [bmv2] [D] [thread 6402] [49.0] [cxt 0] Parser 'parser' entering state 'start'
[22:31:59.544] [bmv2] [D] [thread 6402] [49.0] [cxt 0] Extracting header 'ethernet'
[22:31:59.544] [bmv2] [D] [thread 6402] [49.0] [cxt 0] Parser state 'start': key is 8100
[22:31:59.544] [bmv2] [T] [thread 6402] [49.0] [cxt 0] Bytes parsed: 14
[22:31:59.544] [bmv2] [D] [thread 6402] [49.0] [cxt 0] Parser 'parser' entering state 'parse_vlan'
[22:31:59.544] [bmv2] [D] [thread 6402] [49.0] [cxt 0] Extracting header 'vlan'
[22:31:59.544] [bmv2] [D] [thread 6402] [49.0] [cxt 0] Parser state 'parse_vlan': key is 0800
[22:31:59.544] [bmv2] [T] [thread 6402] [49.0] [cxt 0] Bytes parsed: 18
[22:31:59.544] [bmv2] [D] [thread 6402] [49.0] [cxt 0] Parser 'parser' entering state 'parse_ipv4'
[22:31:59.544] [bmv2] [D] [thread 6402] [49.0] [cxt 0] Extracting header 'ipv4'
[22:31:59.544] [bmv2] [D] [thread 6402] [49.0] [cxt 0] Parser set: setting field 'scalars.tmp' from expression, new value is 1
[22:31:59.544] [bmv2] [D] [thread 6402] [49.0] [cxt 0] Parser state 'parse_ipv4': key is 05
[22:31:59.544] [bmv2] [T] [thread 6402] [49.0] [cxt 0] Bytes parsed: 38
[22:31:59.544] [bmv2] [D] [thread 6402] [49.0] [cxt 0] Parser 'parser': end
[22:31:59.544] [bmv2] [D] [thread 6402] [49.0] [cxt 0] Pipeline 'ingress': start
[22:31:59.544] [bmv2] [T] [thread 6402] [49.0] [cxt 0] qos.p4(197) Condition "hdr.ipv4.isValid()" (node_2) is true
[22:31:59.544] [bmv2] [T] [thread 6402] [49.0] [cxt 0] qos.p4(198) Condition "hdr.ipv4_option.isValid()" (node_3) is false
[22:31:59.545] [bmv2] [T] [thread 6402] [49.0] [cxt 0] Applying table 'MyIngress.ipv4_lpm'
[22:31:59.545] [bmv2] [D] [thread 6402] [49.0] [cxt 0] Looking up key:
* hdr.ipv4.dstAddr    : 0a000202

[22:31:59.545] [bmv2] [D] [thread 6402] [49.0] [cxt 0] Table 'MyIngress.ipv4_lpm': hit with handle 2
[22:31:59.545] [bmv2] [D] [thread 6402] [49.0] [cxt 0] Dumping entry 2
Match key:
* hdr.ipv4.dstAddr    : LPM       0a000200/24
Action entry: MyIngress.ipv4_forward - 80000000200,3,

[22:31:59.545] [bmv2] [D] [thread 6402] [49.0] [cxt 0] Action entry is MyIngress.ipv4_forward - 80000000200,3,
[22:31:59.545] [bmv2] [T] [thread 6402] [49.0] [cxt 0] Action MyIngress.ipv4_forward
[22:31:59.545] [bmv2] [T] [thread 6402] [49.0] [cxt 0] qos.p4(175) Primitive standard_metadata.egress_spec = port
[22:31:59.545] [bmv2] [T] [thread 6402] [49.0] [cxt 0] qos.p4(176) Primitive hdr.ethernet.srcAddr = hdr.ethernet.dstAddr
[22:31:59.545] [bmv2] [T] [thread 6402] [49.0] [cxt 0] qos.p4(177) Primitive hdr.ethernet.dstAddr = dstAddr
[22:31:59.545] [bmv2] [T] [thread 6402] [49.0] [cxt 0] qos.p4(178) Primitive hdr.ipv4.ttl = hdr.ipv4.ttl - 1
[22:31:59.545] [bmv2] [D] [thread 6402] [49.0] [cxt 0] Pipeline 'ingress': end
[22:31:59.545] [bmv2] [D] [thread 6402] [49.0] [cxt 0] Egress port is 3
[22:31:59.545] [bmv2] [D] [thread 6406] [49.0] [cxt 0] Pipeline 'egress': start
[22:31:59.545] [bmv2] [D] [thread 6406] [49.0] [cxt 0] Pipeline 'egress': end
[22:31:59.545] [bmv2] [D] [thread 6406] [49.0] [cxt 0] Deparser 'deparser': start
[22:31:59.545] [bmv2] [D] [thread 6406] [49.0] [cxt 0] Updating checksum 'cksum'
[22:31:59.546] [bmv2] [D] [thread 6406] [49.0] [cxt 0] Deparsing header 'ethernet'
[22:31:59.546] [bmv2] [D] [thread 6406] [49.0] [cxt 0] Deparsing header 'vlan'
[22:31:59.546] [bmv2] [D] [thread 6406] [49.0] [cxt 0] Deparsing header 'ipv4'
[22:31:59.546] [bmv2] [D] [thread 6406] [49.0] [cxt 0] Deparser 'deparser': end
[22:31:59.546] [bmv2] [D] [thread 6407] [49.0] [cxt 0] Transmitting packet of size 558 out of port 3
[22:31:59.673] [bmv2] [D] [thread 6402] [50.0] [cxt 0] Processing packet received on port 1
[22:31:59.673] [bmv2] [D] [thread 6402] [50.0] [cxt 0] Parser 'parser': start
[22:31:59.673] [bmv2] [D] [thread 6402] [50.0] [cxt 0] Parser 'parser' entering state 'start'
[22:31:59.673] [bmv2] [D] [thread 6402] [50.0] [cxt 0] Extracting header 'ethernet'
[22:31:59.673] [bmv2] [D] [thread 6402] [50.0] [cxt 0] Parser state 'start': key is 8100
[22:31:59.673] [bmv2] [T] [thread 6402] [50.0] [cxt 0] Bytes parsed: 14
[22:31:59.673] [bmv2] [D] [thread 6402] [50.0] [cxt 0] Parser 'parser' entering state 'parse_vlan'
[22:31:59.673] [bmv2] [D] [thread 6402] [50.0] [cxt 0] Extracting header 'vlan'
[22:31:59.673] [bmv2] [D] [thread 6402] [50.0] [cxt 0] Parser state 'parse_vlan': key is 0800
[22:31:59.673] [bmv2] [T] [thread 6402] [50.0] [cxt 0] Bytes parsed: 18
[22:31:59.673] [bmv2] [D] [thread 6402] [50.0] [cxt 0] Parser 'parser' entering state 'parse_ipv4'
[22:31:59.673] [bmv2] [D] [thread 6402] [50.0] [cxt 0] Extracting header 'ipv4'
[22:31:59.673] [bmv2] [D] [thread 6402] [50.0] [cxt 0] Parser set: setting field 'scalars.tmp' from expression, new value is 1
[22:31:59.673] [bmv2] [D] [thread 6402] [50.0] [cxt 0] Parser state 'parse_ipv4': key is 05
[22:31:59.673] [bmv2] [T] [thread 6402] [50.0] [cxt 0] Bytes parsed: 38
[22:31:59.673] [bmv2] [D] [thread 6402] [50.0] [cxt 0] Parser 'parser': end
[22:31:59.673] [bmv2] [D] [thread 6402] [50.0] [cxt 0] Pipeline 'ingress': start
[22:31:59.674] [bmv2] [T] [thread 6402] [50.0] [cxt 0] qos.p4(197) Condition "hdr.ipv4.isValid()" (node_2) is true
[22:31:59.674] [bmv2] [T] [thread 6402] [50.0] [cxt 0] qos.p4(198) Condition "hdr.ipv4_option.isValid()" (node_3) is false
[22:31:59.674] [bmv2] [T] [thread 6402] [50.0] [cxt 0] Applying table 'MyIngress.ipv4_lpm'
[22:31:59.674] [bmv2] [D] [thread 6402] [50.0] [cxt 0] Looking up key:
* hdr.ipv4.dstAddr    : 0a000202

[22:31:59.674] [bmv2] [D] [thread 6402] [50.0] [cxt 0] Table 'MyIngress.ipv4_lpm': hit with handle 2
[22:31:59.674] [bmv2] [D] [thread 6402] [50.0] [cxt 0] Dumping entry 2
Match key:
* hdr.ipv4.dstAddr    : LPM       0a000200/24
Action entry: MyIngress.ipv4_forward - 80000000200,3,

[22:31:59.674] [bmv2] [D] [thread 6402] [50.0] [cxt 0] Action entry is MyIngress.ipv4_forward - 80000000200,3,
[22:31:59.674] [bmv2] [T] [thread 6402] [50.0] [cxt 0] Action MyIngress.ipv4_forward
[22:31:59.674] [bmv2] [T] [thread 6402] [50.0] [cxt 0] qos.p4(175) Primitive standard_metadata.egress_spec = port
[22:31:59.674] [bmv2] [T] [thread 6402] [50.0] [cxt 0] qos.p4(176) Primitive hdr.ethernet.srcAddr = hdr.ethernet.dstAddr
[22:31:59.674] [bmv2] [T] [thread 6402] [50.0] [cxt 0] qos.p4(177) Primitive hdr.ethernet.dstAddr = dstAddr
[22:31:59.674] [bmv2] [T] [thread 6402] [50.0] [cxt 0] qos.p4(178) Primitive hdr.ipv4.ttl = hdr.ipv4.ttl - 1
[22:31:59.674] [bmv2] [D] [thread 6402] [50.0] [cxt 0] Pipeline 'ingress': end
[22:31:59.674] [bmv2] [D] [thread 6402] [50.0] [cxt 0] Egress port is 3
[22:31:59.674] [bmv2] [D] [thread 6406] [50.0] [cxt 0] Pipeline 'egress': start
[22:31:59.674] [bmv2] [D] [thread 6406] [50.0] [cxt 0] Pipeline 'egress': end
[22:31:59.674] [bmv2] [D] [thread 6406] [50.0] [cxt 0] Deparser 'deparser': start
[22:31:59.674] [bmv2] [D] [thread 6406] [50.0] [cxt 0] Updating checksum 'cksum'
[22:31:59.674] [bmv2] [D] [thread 6406] [50.0] [cxt 0] Deparsing header 'ethernet'
[22:31:59.675] [bmv2] [D] [thread 6406] [50.0] [cxt 0] Deparsing header 'vlan'
[22:31:59.675] [bmv2] [D] [thread 6406] [50.0] [cxt 0] Deparsing header 'ipv4'
[22:31:59.675] [bmv2] [D] [thread 6406] [50.0] [cxt 0] Deparser 'deparser': end
[22:31:59.675] [bmv2] [D] [thread 6407] [50.0] [cxt 0] Transmitting packet of size 558 out of port 3
[22:31:59.813] [bmv2] [D] [thread 6402] [51.0] [cxt 0] Processing packet received on port 1
[22:31:59.813] [bmv2] [D] [thread 6402] [51.0] [cxt 0] Parser 'parser': start
[22:31:59.813] [bmv2] [D] [thread 6402] [51.0] [cxt 0] Parser 'parser' entering state 'start'
[22:31:59.813] [bmv2] [D] [thread 6402] [51.0] [cxt 0] Extracting header 'ethernet'
[22:31:59.813] [bmv2] [D] [thread 6402] [51.0] [cxt 0] Parser state 'start': key is 8100
[22:31:59.813] [bmv2] [T] [thread 6402] [51.0] [cxt 0] Bytes parsed: 14
[22:31:59.813] [bmv2] [D] [thread 6402] [51.0] [cxt 0] Parser 'parser' entering state 'parse_vlan'
[22:31:59.814] [bmv2] [D] [thread 6402] [51.0] [cxt 0] Extracting header 'vlan'
[22:31:59.814] [bmv2] [D] [thread 6402] [51.0] [cxt 0] Parser state 'parse_vlan': key is 0800
[22:31:59.814] [bmv2] [T] [thread 6402] [51.0] [cxt 0] Bytes parsed: 18
[22:31:59.814] [bmv2] [D] [thread 6402] [51.0] [cxt 0] Parser 'parser' entering state 'parse_ipv4'
[22:31:59.814] [bmv2] [D] [thread 6402] [51.0] [cxt 0] Extracting header 'ipv4'
[22:31:59.814] [bmv2] [D] [thread 6402] [51.0] [cxt 0] Parser set: setting field 'scalars.tmp' from expression, new value is 1
[22:31:59.814] [bmv2] [D] [thread 6402] [51.0] [cxt 0] Parser state 'parse_ipv4': key is 05
[22:31:59.814] [bmv2] [T] [thread 6402] [51.0] [cxt 0] Bytes parsed: 38
[22:31:59.814] [bmv2] [D] [thread 6402] [51.0] [cxt 0] Parser 'parser': end
[22:31:59.814] [bmv2] [D] [thread 6402] [51.0] [cxt 0] Pipeline 'ingress': start
[22:31:59.814] [bmv2] [T] [thread 6402] [51.0] [cxt 0] qos.p4(197) Condition "hdr.ipv4.isValid()" (node_2) is true
[22:31:59.814] [bmv2] [T] [thread 6402] [51.0] [cxt 0] qos.p4(198) Condition "hdr.ipv4_option.isValid()" (node_3) is false
[22:31:59.814] [bmv2] [T] [thread 6402] [51.0] [cxt 0] Applying table 'MyIngress.ipv4_lpm'
[22:31:59.814] [bmv2] [D] [thread 6402] [51.0] [cxt 0] Looking up key:
* hdr.ipv4.dstAddr    : 0a000202

[22:31:59.814] [bmv2] [D] [thread 6402] [51.0] [cxt 0] Table 'MyIngress.ipv4_lpm': hit with handle 2
[22:31:59.814] [bmv2] [D] [thread 6402] [51.0] [cxt 0] Dumping entry 2
Match key:
* hdr.ipv4.dstAddr    : LPM       0a000200/24
Action entry: MyIngress.ipv4_forward - 80000000200,3,

[22:31:59.814] [bmv2] [D] [thread 6402] [51.0] [cxt 0] Action entry is MyIngress.ipv4_forward - 80000000200,3,
[22:31:59.814] [bmv2] [T] [thread 6402] [51.0] [cxt 0] Action MyIngress.ipv4_forward
[22:31:59.814] [bmv2] [T] [thread 6402] [51.0] [cxt 0] qos.p4(175) Primitive standard_metadata.egress_spec = port
[22:31:59.814] [bmv2] [T] [thread 6402] [51.0] [cxt 0] qos.p4(176) Primitive hdr.ethernet.srcAddr = hdr.ethernet.dstAddr
[22:31:59.814] [bmv2] [T] [thread 6402] [51.0] [cxt 0] qos.p4(177) Primitive hdr.ethernet.dstAddr = dstAddr
[22:31:59.814] [bmv2] [T] [thread 6402] [51.0] [cxt 0] qos.p4(178) Primitive hdr.ipv4.ttl = hdr.ipv4.ttl - 1
[22:31:59.814] [bmv2] [D] [thread 6402] [51.0] [cxt 0] Pipeline 'ingress': end
[22:31:59.814] [bmv2] [D] [thread 6402] [51.0] [cxt 0] Egress port is 3
[22:31:59.814] [bmv2] [D] [thread 6406] [51.0] [cxt 0] Pipeline 'egress': start
[22:31:59.814] [bmv2] [D] [thread 6406] [51.0] [cxt 0] Pipeline 'egress': end
[22:31:59.814] [bmv2] [D] [thread 6406] [51.0] [cxt 0] Deparser 'deparser': start
[22:31:59.814] [bmv2] [D] [thread 6406] [51.0] [cxt 0] Updating checksum 'cksum'
[22:31:59.815] [bmv2] [D] [thread 6406] [51.0] [cxt 0] Deparsing header 'ethernet'
[22:31:59.815] [bmv2] [D] [thread 6406] [51.0] [cxt 0] Deparsing header 'vlan'
[22:31:59.815] [bmv2] [D] [thread 6406] [51.0] [cxt 0] Deparsing header 'ipv4'
[22:31:59.815] [bmv2] [D] [thread 6406] [51.0] [cxt 0] Deparser 'deparser': end
[22:31:59.815] [bmv2] [D] [thread 6407] [51.0] [cxt 0] Transmitting packet of size 558 out of port 3
[22:31:59.940] [bmv2] [D] [thread 6402] [52.0] [cxt 0] Processing packet received on port 1
[22:31:59.940] [bmv2] [D] [thread 6402] [52.0] [cxt 0] Parser 'parser': start
[22:31:59.940] [bmv2] [D] [thread 6402] [52.0] [cxt 0] Parser 'parser' entering state 'start'
[22:31:59.940] [bmv2] [D] [thread 6402] [52.0] [cxt 0] Extracting header 'ethernet'
[22:31:59.940] [bmv2] [D] [thread 6402] [52.0] [cxt 0] Parser state 'start': key is 8100
[22:31:59.940] [bmv2] [T] [thread 6402] [52.0] [cxt 0] Bytes parsed: 14
[22:31:59.940] [bmv2] [D] [thread 6402] [52.0] [cxt 0] Parser 'parser' entering state 'parse_vlan'
[22:31:59.940] [bmv2] [D] [thread 6402] [52.0] [cxt 0] Extracting header 'vlan'
[22:31:59.940] [bmv2] [D] [thread 6402] [52.0] [cxt 0] Parser state 'parse_vlan': key is 0800
[22:31:59.940] [bmv2] [T] [thread 6402] [52.0] [cxt 0] Bytes parsed: 18
[22:31:59.940] [bmv2] [D] [thread 6402] [52.0] [cxt 0] Parser 'parser' entering state 'parse_ipv4'
[22:31:59.940] [bmv2] [D] [thread 6402] [52.0] [cxt 0] Extracting header 'ipv4'
[22:31:59.940] [bmv2] [D] [thread 6402] [52.0] [cxt 0] Parser set: setting field 'scalars.tmp' from expression, new value is 1
[22:31:59.940] [bmv2] [D] [thread 6402] [52.0] [cxt 0] Parser state 'parse_ipv4': key is 05
[22:31:59.940] [bmv2] [T] [thread 6402] [52.0] [cxt 0] Bytes parsed: 38
[22:31:59.940] [bmv2] [D] [thread 6402] [52.0] [cxt 0] Parser 'parser': end
[22:31:59.941] [bmv2] [D] [thread 6402] [52.0] [cxt 0] Pipeline 'ingress': start
[22:31:59.941] [bmv2] [T] [thread 6402] [52.0] [cxt 0] qos.p4(197) Condition "hdr.ipv4.isValid()" (node_2) is true
[22:31:59.941] [bmv2] [T] [thread 6402] [52.0] [cxt 0] qos.p4(198) Condition "hdr.ipv4_option.isValid()" (node_3) is false
[22:31:59.941] [bmv2] [T] [thread 6402] [52.0] [cxt 0] Applying table 'MyIngress.ipv4_lpm'
[22:31:59.941] [bmv2] [D] [thread 6402] [52.0] [cxt 0] Looking up key:
* hdr.ipv4.dstAddr    : 0a000202

[22:31:59.941] [bmv2] [D] [thread 6402] [52.0] [cxt 0] Table 'MyIngress.ipv4_lpm': hit with handle 2
[22:31:59.941] [bmv2] [D] [thread 6402] [52.0] [cxt 0] Dumping entry 2
Match key:
* hdr.ipv4.dstAddr    : LPM       0a000200/24
Action entry: MyIngress.ipv4_forward - 80000000200,3,

[22:31:59.941] [bmv2] [D] [thread 6402] [52.0] [cxt 0] Action entry is MyIngress.ipv4_forward - 80000000200,3,
[22:31:59.941] [bmv2] [T] [thread 6402] [52.0] [cxt 0] Action MyIngress.ipv4_forward
[22:31:59.941] [bmv2] [T] [thread 6402] [52.0] [cxt 0] qos.p4(175) Primitive standard_metadata.egress_spec = port
[22:31:59.941] [bmv2] [T] [thread 6402] [52.0] [cxt 0] qos.p4(176) Primitive hdr.ethernet.srcAddr = hdr.ethernet.dstAddr
[22:31:59.941] [bmv2] [T] [thread 6402] [52.0] [cxt 0] qos.p4(177) Primitive hdr.ethernet.dstAddr = dstAddr
[22:31:59.941] [bmv2] [T] [thread 6402] [52.0] [cxt 0] qos.p4(178) Primitive hdr.ipv4.ttl = hdr.ipv4.ttl - 1
[22:31:59.941] [bmv2] [D] [thread 6402] [52.0] [cxt 0] Pipeline 'ingress': end
[22:31:59.941] [bmv2] [D] [thread 6402] [52.0] [cxt 0] Egress port is 3
[22:31:59.941] [bmv2] [D] [thread 6406] [52.0] [cxt 0] Pipeline 'egress': start
[22:31:59.941] [bmv2] [D] [thread 6406] [52.0] [cxt 0] Pipeline 'egress': end
[22:31:59.941] [bmv2] [D] [thread 6406] [52.0] [cxt 0] Deparser 'deparser': start
[22:31:59.941] [bmv2] [D] [thread 6406] [52.0] [cxt 0] Updating checksum 'cksum'
[22:31:59.941] [bmv2] [D] [thread 6406] [52.0] [cxt 0] Deparsing header 'ethernet'
[22:31:59.941] [bmv2] [D] [thread 6406] [52.0] [cxt 0] Deparsing header 'vlan'
[22:31:59.941] [bmv2] [D] [thread 6406] [52.0] [cxt 0] Deparsing header 'ipv4'
[22:31:59.941] [bmv2] [D] [thread 6406] [52.0] [cxt 0] Deparser 'deparser': end
[22:31:59.941] [bmv2] [D] [thread 6407] [52.0] [cxt 0] Transmitting packet of size 558 out of port 3
[22:32:00.066] [bmv2] [D] [thread 6402] [53.0] [cxt 0] Processing packet received on port 1
[22:32:00.066] [bmv2] [D] [thread 6402] [53.0] [cxt 0] Parser 'parser': start
[22:32:00.066] [bmv2] [D] [thread 6402] [53.0] [cxt 0] Parser 'parser' entering state 'start'
[22:32:00.066] [bmv2] [D] [thread 6402] [53.0] [cxt 0] Extracting header 'ethernet'
[22:32:00.067] [bmv2] [D] [thread 6402] [53.0] [cxt 0] Parser state 'start': key is 8100
[22:32:00.067] [bmv2] [T] [thread 6402] [53.0] [cxt 0] Bytes parsed: 14
[22:32:00.067] [bmv2] [D] [thread 6402] [53.0] [cxt 0] Parser 'parser' entering state 'parse_vlan'
[22:32:00.067] [bmv2] [D] [thread 6402] [53.0] [cxt 0] Extracting header 'vlan'
[22:32:00.067] [bmv2] [D] [thread 6402] [53.0] [cxt 0] Parser state 'parse_vlan': key is 0800
[22:32:00.067] [bmv2] [T] [thread 6402] [53.0] [cxt 0] Bytes parsed: 18
[22:32:00.067] [bmv2] [D] [thread 6402] [53.0] [cxt 0] Parser 'parser' entering state 'parse_ipv4'
[22:32:00.067] [bmv2] [D] [thread 6402] [53.0] [cxt 0] Extracting header 'ipv4'
[22:32:00.067] [bmv2] [D] [thread 6402] [53.0] [cxt 0] Parser set: setting field 'scalars.tmp' from expression, new value is 1
[22:32:00.067] [bmv2] [D] [thread 6402] [53.0] [cxt 0] Parser state 'parse_ipv4': key is 05
[22:32:00.067] [bmv2] [T] [thread 6402] [53.0] [cxt 0] Bytes parsed: 38
[22:32:00.067] [bmv2] [D] [thread 6402] [53.0] [cxt 0] Parser 'parser': end
[22:32:00.067] [bmv2] [D] [thread 6402] [53.0] [cxt 0] Pipeline 'ingress': start
[22:32:00.067] [bmv2] [T] [thread 6402] [53.0] [cxt 0] qos.p4(197) Condition "hdr.ipv4.isValid()" (node_2) is true
[22:32:00.067] [bmv2] [T] [thread 6402] [53.0] [cxt 0] qos.p4(198) Condition "hdr.ipv4_option.isValid()" (node_3) is false
[22:32:00.067] [bmv2] [T] [thread 6402] [53.0] [cxt 0] Applying table 'MyIngress.ipv4_lpm'
[22:32:00.067] [bmv2] [D] [thread 6402] [53.0] [cxt 0] Looking up key:
* hdr.ipv4.dstAddr    : 0a000202

[22:32:00.067] [bmv2] [D] [thread 6402] [53.0] [cxt 0] Table 'MyIngress.ipv4_lpm': hit with handle 2
[22:32:00.067] [bmv2] [D] [thread 6402] [53.0] [cxt 0] Dumping entry 2
Match key:
* hdr.ipv4.dstAddr    : LPM       0a000200/24
Action entry: MyIngress.ipv4_forward - 80000000200,3,

[22:32:00.067] [bmv2] [D] [thread 6402] [53.0] [cxt 0] Action entry is MyIngress.ipv4_forward - 80000000200,3,
[22:32:00.067] [bmv2] [T] [thread 6402] [53.0] [cxt 0] Action MyIngress.ipv4_forward
[22:32:00.067] [bmv2] [T] [thread 6402] [53.0] [cxt 0] qos.p4(175) Primitive standard_metadata.egress_spec = port
[22:32:00.067] [bmv2] [T] [thread 6402] [53.0] [cxt 0] qos.p4(176) Primitive hdr.ethernet.srcAddr = hdr.ethernet.dstAddr
[22:32:00.067] [bmv2] [T] [thread 6402] [53.0] [cxt 0] qos.p4(177) Primitive hdr.ethernet.dstAddr = dstAddr
[22:32:00.067] [bmv2] [T] [thread 6402] [53.0] [cxt 0] qos.p4(178) Primitive hdr.ipv4.ttl = hdr.ipv4.ttl - 1
[22:32:00.067] [bmv2] [D] [thread 6402] [53.0] [cxt 0] Pipeline 'ingress': end
[22:32:00.067] [bmv2] [D] [thread 6402] [53.0] [cxt 0] Egress port is 3
[22:32:00.067] [bmv2] [D] [thread 6406] [53.0] [cxt 0] Pipeline 'egress': start
[22:32:00.068] [bmv2] [D] [thread 6406] [53.0] [cxt 0] Pipeline 'egress': end
[22:32:00.068] [bmv2] [D] [thread 6406] [53.0] [cxt 0] Deparser 'deparser': start
[22:32:00.068] [bmv2] [D] [thread 6406] [53.0] [cxt 0] Updating checksum 'cksum'
[22:32:00.068] [bmv2] [D] [thread 6406] [53.0] [cxt 0] Deparsing header 'ethernet'
[22:32:00.068] [bmv2] [D] [thread 6406] [53.0] [cxt 0] Deparsing header 'vlan'
[22:32:00.068] [bmv2] [D] [thread 6406] [53.0] [cxt 0] Deparsing header 'ipv4'
[22:32:00.068] [bmv2] [D] [thread 6406] [53.0] [cxt 0] Deparser 'deparser': end
[22:32:00.068] [bmv2] [D] [thread 6407] [53.0] [cxt 0] Transmitting packet of size 558 out of port 3
[22:32:00.212] [bmv2] [D] [thread 6402] [54.0] [cxt 0] Processing packet received on port 1
[22:32:00.212] [bmv2] [D] [thread 6402] [54.0] [cxt 0] Parser 'parser': start
[22:32:00.212] [bmv2] [D] [thread 6402] [54.0] [cxt 0] Parser 'parser' entering state 'start'
[22:32:00.212] [bmv2] [D] [thread 6402] [54.0] [cxt 0] Extracting header 'ethernet'
[22:32:00.213] [bmv2] [D] [thread 6402] [54.0] [cxt 0] Parser state 'start': key is 8100
[22:32:00.213] [bmv2] [T] [thread 6402] [54.0] [cxt 0] Bytes parsed: 14
[22:32:00.213] [bmv2] [D] [thread 6402] [54.0] [cxt 0] Parser 'parser' entering state 'parse_vlan'
[22:32:00.213] [bmv2] [D] [thread 6402] [54.0] [cxt 0] Extracting header 'vlan'
[22:32:00.213] [bmv2] [D] [thread 6402] [54.0] [cxt 0] Parser state 'parse_vlan': key is 0800
[22:32:00.213] [bmv2] [T] [thread 6402] [54.0] [cxt 0] Bytes parsed: 18
[22:32:00.213] [bmv2] [D] [thread 6402] [54.0] [cxt 0] Parser 'parser' entering state 'parse_ipv4'
[22:32:00.213] [bmv2] [D] [thread 6402] [54.0] [cxt 0] Extracting header 'ipv4'
[22:32:00.213] [bmv2] [D] [thread 6402] [54.0] [cxt 0] Parser set: setting field 'scalars.tmp' from expression, new value is 1
[22:32:00.213] [bmv2] [D] [thread 6402] [54.0] [cxt 0] Parser state 'parse_ipv4': key is 05
[22:32:00.213] [bmv2] [T] [thread 6402] [54.0] [cxt 0] Bytes parsed: 38
[22:32:00.213] [bmv2] [D] [thread 6402] [54.0] [cxt 0] Parser 'parser': end
[22:32:00.213] [bmv2] [D] [thread 6402] [54.0] [cxt 0] Pipeline 'ingress': start
[22:32:00.213] [bmv2] [T] [thread 6402] [54.0] [cxt 0] qos.p4(197) Condition "hdr.ipv4.isValid()" (node_2) is true
[22:32:00.213] [bmv2] [T] [thread 6402] [54.0] [cxt 0] qos.p4(198) Condition "hdr.ipv4_option.isValid()" (node_3) is false
[22:32:00.213] [bmv2] [T] [thread 6402] [54.0] [cxt 0] Applying table 'MyIngress.ipv4_lpm'
[22:32:00.213] [bmv2] [D] [thread 6402] [54.0] [cxt 0] Looking up key:
* hdr.ipv4.dstAddr    : 0a000202

[22:32:00.213] [bmv2] [D] [thread 6402] [54.0] [cxt 0] Table 'MyIngress.ipv4_lpm': hit with handle 2
[22:32:00.213] [bmv2] [D] [thread 6402] [54.0] [cxt 0] Dumping entry 2
Match key:
* hdr.ipv4.dstAddr    : LPM       0a000200/24
Action entry: MyIngress.ipv4_forward - 80000000200,3,

[22:32:00.213] [bmv2] [D] [thread 6402] [54.0] [cxt 0] Action entry is MyIngress.ipv4_forward - 80000000200,3,
[22:32:00.213] [bmv2] [T] [thread 6402] [54.0] [cxt 0] Action MyIngress.ipv4_forward
[22:32:00.213] [bmv2] [T] [thread 6402] [54.0] [cxt 0] qos.p4(175) Primitive standard_metadata.egress_spec = port
[22:32:00.213] [bmv2] [T] [thread 6402] [54.0] [cxt 0] qos.p4(176) Primitive hdr.ethernet.srcAddr = hdr.ethernet.dstAddr
[22:32:00.213] [bmv2] [T] [thread 6402] [54.0] [cxt 0] qos.p4(177) Primitive hdr.ethernet.dstAddr = dstAddr
[22:32:00.213] [bmv2] [T] [thread 6402] [54.0] [cxt 0] qos.p4(178) Primitive hdr.ipv4.ttl = hdr.ipv4.ttl - 1
[22:32:00.213] [bmv2] [D] [thread 6402] [54.0] [cxt 0] Pipeline 'ingress': end
[22:32:00.213] [bmv2] [D] [thread 6402] [54.0] [cxt 0] Egress port is 3
[22:32:00.213] [bmv2] [D] [thread 6406] [54.0] [cxt 0] Pipeline 'egress': start
[22:32:00.213] [bmv2] [D] [thread 6406] [54.0] [cxt 0] Pipeline 'egress': end
[22:32:00.213] [bmv2] [D] [thread 6406] [54.0] [cxt 0] Deparser 'deparser': start
[22:32:00.213] [bmv2] [D] [thread 6406] [54.0] [cxt 0] Updating checksum 'cksum'
[22:32:00.214] [bmv2] [D] [thread 6406] [54.0] [cxt 0] Deparsing header 'ethernet'
[22:32:00.214] [bmv2] [D] [thread 6406] [54.0] [cxt 0] Deparsing header 'vlan'
[22:32:00.214] [bmv2] [D] [thread 6406] [54.0] [cxt 0] Deparsing header 'ipv4'
[22:32:00.214] [bmv2] [D] [thread 6406] [54.0] [cxt 0] Deparser 'deparser': end
[22:32:00.214] [bmv2] [D] [thread 6407] [54.0] [cxt 0] Transmitting packet of size 558 out of port 3
[22:32:00.352] [bmv2] [D] [thread 6402] [55.0] [cxt 0] Processing packet received on port 1
[22:32:00.352] [bmv2] [D] [thread 6402] [55.0] [cxt 0] Parser 'parser': start
[22:32:00.352] [bmv2] [D] [thread 6402] [55.0] [cxt 0] Parser 'parser' entering state 'start'
[22:32:00.352] [bmv2] [D] [thread 6402] [55.0] [cxt 0] Extracting header 'ethernet'
[22:32:00.353] [bmv2] [D] [thread 6402] [55.0] [cxt 0] Parser state 'start': key is 8100
[22:32:00.353] [bmv2] [T] [thread 6402] [55.0] [cxt 0] Bytes parsed: 14
[22:32:00.353] [bmv2] [D] [thread 6402] [55.0] [cxt 0] Parser 'parser' entering state 'parse_vlan'
[22:32:00.353] [bmv2] [D] [thread 6402] [55.0] [cxt 0] Extracting header 'vlan'
[22:32:00.353] [bmv2] [D] [thread 6402] [55.0] [cxt 0] Parser state 'parse_vlan': key is 0800
[22:32:00.353] [bmv2] [T] [thread 6402] [55.0] [cxt 0] Bytes parsed: 18
[22:32:00.353] [bmv2] [D] [thread 6402] [55.0] [cxt 0] Parser 'parser' entering state 'parse_ipv4'
[22:32:00.353] [bmv2] [D] [thread 6402] [55.0] [cxt 0] Extracting header 'ipv4'
[22:32:00.353] [bmv2] [D] [thread 6402] [55.0] [cxt 0] Parser set: setting field 'scalars.tmp' from expression, new value is 1
[22:32:00.353] [bmv2] [D] [thread 6402] [55.0] [cxt 0] Parser state 'parse_ipv4': key is 05
[22:32:00.353] [bmv2] [T] [thread 6402] [55.0] [cxt 0] Bytes parsed: 38
[22:32:00.353] [bmv2] [D] [thread 6402] [55.0] [cxt 0] Parser 'parser': end
[22:32:00.353] [bmv2] [D] [thread 6402] [55.0] [cxt 0] Pipeline 'ingress': start
[22:32:00.353] [bmv2] [T] [thread 6402] [55.0] [cxt 0] qos.p4(197) Condition "hdr.ipv4.isValid()" (node_2) is true
[22:32:00.353] [bmv2] [T] [thread 6402] [55.0] [cxt 0] qos.p4(198) Condition "hdr.ipv4_option.isValid()" (node_3) is false
[22:32:00.353] [bmv2] [T] [thread 6402] [55.0] [cxt 0] Applying table 'MyIngress.ipv4_lpm'
[22:32:00.353] [bmv2] [D] [thread 6402] [55.0] [cxt 0] Looking up key:
* hdr.ipv4.dstAddr    : 0a000202

[22:32:00.353] [bmv2] [D] [thread 6402] [55.0] [cxt 0] Table 'MyIngress.ipv4_lpm': hit with handle 2
[22:32:00.353] [bmv2] [D] [thread 6402] [55.0] [cxt 0] Dumping entry 2
Match key:
* hdr.ipv4.dstAddr    : LPM       0a000200/24
Action entry: MyIngress.ipv4_forward - 80000000200,3,

[22:32:00.353] [bmv2] [D] [thread 6402] [55.0] [cxt 0] Action entry is MyIngress.ipv4_forward - 80000000200,3,
[22:32:00.353] [bmv2] [T] [thread 6402] [55.0] [cxt 0] Action MyIngress.ipv4_forward
[22:32:00.353] [bmv2] [T] [thread 6402] [55.0] [cxt 0] qos.p4(175) Primitive standard_metadata.egress_spec = port
[22:32:00.353] [bmv2] [T] [thread 6402] [55.0] [cxt 0] qos.p4(176) Primitive hdr.ethernet.srcAddr = hdr.ethernet.dstAddr
[22:32:00.353] [bmv2] [T] [thread 6402] [55.0] [cxt 0] qos.p4(177) Primitive hdr.ethernet.dstAddr = dstAddr
[22:32:00.353] [bmv2] [T] [thread 6402] [55.0] [cxt 0] qos.p4(178) Primitive hdr.ipv4.ttl = hdr.ipv4.ttl - 1
[22:32:00.353] [bmv2] [D] [thread 6402] [55.0] [cxt 0] Pipeline 'ingress': end
[22:32:00.353] [bmv2] [D] [thread 6402] [55.0] [cxt 0] Egress port is 3
[22:32:00.354] [bmv2] [D] [thread 6406] [55.0] [cxt 0] Pipeline 'egress': start
[22:32:00.354] [bmv2] [D] [thread 6406] [55.0] [cxt 0] Pipeline 'egress': end
[22:32:00.354] [bmv2] [D] [thread 6406] [55.0] [cxt 0] Deparser 'deparser': start
[22:32:00.354] [bmv2] [D] [thread 6406] [55.0] [cxt 0] Updating checksum 'cksum'
[22:32:00.354] [bmv2] [D] [thread 6406] [55.0] [cxt 0] Deparsing header 'ethernet'
[22:32:00.354] [bmv2] [D] [thread 6406] [55.0] [cxt 0] Deparsing header 'vlan'
[22:32:00.354] [bmv2] [D] [thread 6406] [55.0] [cxt 0] Deparsing header 'ipv4'
[22:32:00.354] [bmv2] [D] [thread 6406] [55.0] [cxt 0] Deparser 'deparser': end
[22:32:00.354] [bmv2] [D] [thread 6407] [55.0] [cxt 0] Transmitting packet of size 558 out of port 3
[22:32:00.476] [bmv2] [D] [thread 6402] [56.0] [cxt 0] Processing packet received on port 1
[22:32:00.476] [bmv2] [D] [thread 6402] [56.0] [cxt 0] Parser 'parser': start
[22:32:00.476] [bmv2] [D] [thread 6402] [56.0] [cxt 0] Parser 'parser' entering state 'start'
[22:32:00.476] [bmv2] [D] [thread 6402] [56.0] [cxt 0] Extracting header 'ethernet'
[22:32:00.478] [bmv2] [D] [thread 6402] [56.0] [cxt 0] Parser state 'start': key is 8100
[22:32:00.478] [bmv2] [T] [thread 6402] [56.0] [cxt 0] Bytes parsed: 14
[22:32:00.478] [bmv2] [D] [thread 6402] [56.0] [cxt 0] Parser 'parser' entering state 'parse_vlan'
[22:32:00.478] [bmv2] [D] [thread 6402] [56.0] [cxt 0] Extracting header 'vlan'
[22:32:00.478] [bmv2] [D] [thread 6402] [56.0] [cxt 0] Parser state 'parse_vlan': key is 0800
[22:32:00.478] [bmv2] [T] [thread 6402] [56.0] [cxt 0] Bytes parsed: 18
[22:32:00.478] [bmv2] [D] [thread 6402] [56.0] [cxt 0] Parser 'parser' entering state 'parse_ipv4'
[22:32:00.478] [bmv2] [D] [thread 6402] [56.0] [cxt 0] Extracting header 'ipv4'
[22:32:00.478] [bmv2] [D] [thread 6402] [56.0] [cxt 0] Parser set: setting field 'scalars.tmp' from expression, new value is 1
[22:32:00.478] [bmv2] [D] [thread 6402] [56.0] [cxt 0] Parser state 'parse_ipv4': key is 05
[22:32:00.478] [bmv2] [T] [thread 6402] [56.0] [cxt 0] Bytes parsed: 38
[22:32:00.478] [bmv2] [D] [thread 6402] [56.0] [cxt 0] Parser 'parser': end
[22:32:00.478] [bmv2] [D] [thread 6402] [56.0] [cxt 0] Pipeline 'ingress': start
[22:32:00.478] [bmv2] [T] [thread 6402] [56.0] [cxt 0] qos.p4(197) Condition "hdr.ipv4.isValid()" (node_2) is true
[22:32:00.478] [bmv2] [T] [thread 6402] [56.0] [cxt 0] qos.p4(198) Condition "hdr.ipv4_option.isValid()" (node_3) is false
[22:32:00.478] [bmv2] [T] [thread 6402] [56.0] [cxt 0] Applying table 'MyIngress.ipv4_lpm'
[22:32:00.478] [bmv2] [D] [thread 6402] [56.0] [cxt 0] Looking up key:
* hdr.ipv4.dstAddr    : 0a000202

[22:32:00.478] [bmv2] [D] [thread 6402] [56.0] [cxt 0] Table 'MyIngress.ipv4_lpm': hit with handle 2
[22:32:00.478] [bmv2] [D] [thread 6402] [56.0] [cxt 0] Dumping entry 2
Match key:
* hdr.ipv4.dstAddr    : LPM       0a000200/24
Action entry: MyIngress.ipv4_forward - 80000000200,3,

[22:32:00.478] [bmv2] [D] [thread 6402] [56.0] [cxt 0] Action entry is MyIngress.ipv4_forward - 80000000200,3,
[22:32:00.479] [bmv2] [T] [thread 6402] [56.0] [cxt 0] Action MyIngress.ipv4_forward
[22:32:00.479] [bmv2] [T] [thread 6402] [56.0] [cxt 0] qos.p4(175) Primitive standard_metadata.egress_spec = port
[22:32:00.479] [bmv2] [T] [thread 6402] [56.0] [cxt 0] qos.p4(176) Primitive hdr.ethernet.srcAddr = hdr.ethernet.dstAddr
[22:32:00.479] [bmv2] [T] [thread 6402] [56.0] [cxt 0] qos.p4(177) Primitive hdr.ethernet.dstAddr = dstAddr
[22:32:00.479] [bmv2] [T] [thread 6402] [56.0] [cxt 0] qos.p4(178) Primitive hdr.ipv4.ttl = hdr.ipv4.ttl - 1
[22:32:00.479] [bmv2] [D] [thread 6402] [56.0] [cxt 0] Pipeline 'ingress': end
[22:32:00.479] [bmv2] [D] [thread 6402] [56.0] [cxt 0] Egress port is 3
[22:32:00.479] [bmv2] [D] [thread 6406] [56.0] [cxt 0] Pipeline 'egress': start
[22:32:00.479] [bmv2] [D] [thread 6406] [56.0] [cxt 0] Pipeline 'egress': end
[22:32:00.479] [bmv2] [D] [thread 6406] [56.0] [cxt 0] Deparser 'deparser': start
[22:32:00.479] [bmv2] [D] [thread 6406] [56.0] [cxt 0] Updating checksum 'cksum'
[22:32:00.479] [bmv2] [D] [thread 6406] [56.0] [cxt 0] Deparsing header 'ethernet'
[22:32:00.479] [bmv2] [D] [thread 6406] [56.0] [cxt 0] Deparsing header 'vlan'
[22:32:00.479] [bmv2] [D] [thread 6406] [56.0] [cxt 0] Deparsing header 'ipv4'
[22:32:00.479] [bmv2] [D] [thread 6406] [56.0] [cxt 0] Deparser 'deparser': end
[22:32:00.479] [bmv2] [D] [thread 6407] [56.0] [cxt 0] Transmitting packet of size 558 out of port 3
[22:32:00.609] [bmv2] [D] [thread 6402] [57.0] [cxt 0] Processing packet received on port 1
[22:32:00.609] [bmv2] [D] [thread 6402] [57.0] [cxt 0] Parser 'parser': start
[22:32:00.609] [bmv2] [D] [thread 6402] [57.0] [cxt 0] Parser 'parser' entering state 'start'
[22:32:00.609] [bmv2] [D] [thread 6402] [57.0] [cxt 0] Extracting header 'ethernet'
[22:32:00.609] [bmv2] [D] [thread 6402] [57.0] [cxt 0] Parser state 'start': key is 8100
[22:32:00.609] [bmv2] [T] [thread 6402] [57.0] [cxt 0] Bytes parsed: 14
[22:32:00.609] [bmv2] [D] [thread 6402] [57.0] [cxt 0] Parser 'parser' entering state 'parse_vlan'
[22:32:00.609] [bmv2] [D] [thread 6402] [57.0] [cxt 0] Extracting header 'vlan'
[22:32:00.609] [bmv2] [D] [thread 6402] [57.0] [cxt 0] Parser state 'parse_vlan': key is 0800
[22:32:00.609] [bmv2] [T] [thread 6402] [57.0] [cxt 0] Bytes parsed: 18
[22:32:00.609] [bmv2] [D] [thread 6402] [57.0] [cxt 0] Parser 'parser' entering state 'parse_ipv4'
[22:32:00.609] [bmv2] [D] [thread 6402] [57.0] [cxt 0] Extracting header 'ipv4'
[22:32:00.609] [bmv2] [D] [thread 6402] [57.0] [cxt 0] Parser set: setting field 'scalars.tmp' from expression, new value is 1
[22:32:00.609] [bmv2] [D] [thread 6402] [57.0] [cxt 0] Parser state 'parse_ipv4': key is 05
[22:32:00.609] [bmv2] [T] [thread 6402] [57.0] [cxt 0] Bytes parsed: 38
[22:32:00.610] [bmv2] [D] [thread 6402] [57.0] [cxt 0] Parser 'parser': end
[22:32:00.610] [bmv2] [D] [thread 6402] [57.0] [cxt 0] Pipeline 'ingress': start
[22:32:00.610] [bmv2] [T] [thread 6402] [57.0] [cxt 0] qos.p4(197) Condition "hdr.ipv4.isValid()" (node_2) is true
[22:32:00.610] [bmv2] [T] [thread 6402] [57.0] [cxt 0] qos.p4(198) Condition "hdr.ipv4_option.isValid()" (node_3) is false
[22:32:00.610] [bmv2] [T] [thread 6402] [57.0] [cxt 0] Applying table 'MyIngress.ipv4_lpm'
[22:32:00.610] [bmv2] [D] [thread 6402] [57.0] [cxt 0] Looking up key:
* hdr.ipv4.dstAddr    : 0a000202

[22:32:00.610] [bmv2] [D] [thread 6402] [57.0] [cxt 0] Table 'MyIngress.ipv4_lpm': hit with handle 2
[22:32:00.610] [bmv2] [D] [thread 6402] [57.0] [cxt 0] Dumping entry 2
Match key:
* hdr.ipv4.dstAddr    : LPM       0a000200/24
Action entry: MyIngress.ipv4_forward - 80000000200,3,

[22:32:00.610] [bmv2] [D] [thread 6402] [57.0] [cxt 0] Action entry is MyIngress.ipv4_forward - 80000000200,3,
[22:32:00.610] [bmv2] [T] [thread 6402] [57.0] [cxt 0] Action MyIngress.ipv4_forward
[22:32:00.610] [bmv2] [T] [thread 6402] [57.0] [cxt 0] qos.p4(175) Primitive standard_metadata.egress_spec = port
[22:32:00.610] [bmv2] [T] [thread 6402] [57.0] [cxt 0] qos.p4(176) Primitive hdr.ethernet.srcAddr = hdr.ethernet.dstAddr
[22:32:00.610] [bmv2] [T] [thread 6402] [57.0] [cxt 0] qos.p4(177) Primitive hdr.ethernet.dstAddr = dstAddr
[22:32:00.610] [bmv2] [T] [thread 6402] [57.0] [cxt 0] qos.p4(178) Primitive hdr.ipv4.ttl = hdr.ipv4.ttl - 1
[22:32:00.610] [bmv2] [D] [thread 6402] [57.0] [cxt 0] Pipeline 'ingress': end
[22:32:00.610] [bmv2] [D] [thread 6402] [57.0] [cxt 0] Egress port is 3
[22:32:00.610] [bmv2] [D] [thread 6406] [57.0] [cxt 0] Pipeline 'egress': start
[22:32:00.610] [bmv2] [D] [thread 6406] [57.0] [cxt 0] Pipeline 'egress': end
[22:32:00.610] [bmv2] [D] [thread 6406] [57.0] [cxt 0] Deparser 'deparser': start
[22:32:00.610] [bmv2] [D] [thread 6406] [57.0] [cxt 0] Updating checksum 'cksum'
[22:32:00.610] [bmv2] [D] [thread 6406] [57.0] [cxt 0] Deparsing header 'ethernet'
[22:32:00.610] [bmv2] [D] [thread 6406] [57.0] [cxt 0] Deparsing header 'vlan'
[22:32:00.610] [bmv2] [D] [thread 6406] [57.0] [cxt 0] Deparsing header 'ipv4'
[22:32:00.610] [bmv2] [D] [thread 6406] [57.0] [cxt 0] Deparser 'deparser': end
[22:32:00.610] [bmv2] [D] [thread 6407] [57.0] [cxt 0] Transmitting packet of size 558 out of port 3
[22:32:00.693] [bmv2] [D] [thread 6402] [58.0] [cxt 0] Processing packet received on port 1
[22:32:00.693] [bmv2] [D] [thread 6402] [58.0] [cxt 0] Parser 'parser': start
[22:32:00.693] [bmv2] [D] [thread 6402] [58.0] [cxt 0] Parser 'parser' entering state 'start'
[22:32:00.693] [bmv2] [D] [thread 6402] [58.0] [cxt 0] Extracting header 'ethernet'
[22:32:00.693] [bmv2] [D] [thread 6402] [58.0] [cxt 0] Parser state 'start': key is 86dd
[22:32:00.693] [bmv2] [T] [thread 6402] [58.0] [cxt 0] Bytes parsed: 14
[22:32:00.693] [bmv2] [D] [thread 6402] [58.0] [cxt 0] Parser 'parser': end
[22:32:00.693] [bmv2] [D] [thread 6402] [58.0] [cxt 0] Pipeline 'ingress': start
[22:32:00.694] [bmv2] [T] [thread 6402] [58.0] [cxt 0] qos.p4(197) Condition "hdr.ipv4.isValid()" (node_2) is false
[22:32:00.694] [bmv2] [D] [thread 6402] [58.0] [cxt 0] Pipeline 'ingress': end
[22:32:00.694] [bmv2] [D] [thread 6402] [58.0] [cxt 0] Egress port is 0
[22:32:00.694] [bmv2] [D] [thread 6403] [58.0] [cxt 0] Pipeline 'egress': start
[22:32:00.694] [bmv2] [D] [thread 6403] [58.0] [cxt 0] Pipeline 'egress': end
[22:32:00.694] [bmv2] [D] [thread 6403] [58.0] [cxt 0] Deparser 'deparser': start
[22:32:00.694] [bmv2] [T] [thread 6403] [58.0] [cxt 0] Skipping checksum 'cksum' update because condition not met
[22:32:00.694] [bmv2] [D] [thread 6403] [58.0] [cxt 0] Deparsing header 'ethernet'
[22:32:00.694] [bmv2] [D] [thread 6403] [58.0] [cxt 0] Deparser 'deparser': end
[22:32:00.694] [bmv2] [D] [thread 6407] [58.0] [cxt 0] Transmitting packet of size 70 out of port 0
[22:32:00.732] [bmv2] [D] [thread 6402] [59.0] [cxt 0] Processing packet received on port 1
[22:32:00.732] [bmv2] [D] [thread 6402] [59.0] [cxt 0] Parser 'parser': start
[22:32:00.732] [bmv2] [D] [thread 6402] [59.0] [cxt 0] Parser 'parser' entering state 'start'
[22:32:00.732] [bmv2] [D] [thread 6402] [59.0] [cxt 0] Extracting header 'ethernet'
[22:32:00.733] [bmv2] [D] [thread 6402] [59.0] [cxt 0] Parser state 'start': key is 8100
[22:32:00.733] [bmv2] [T] [thread 6402] [59.0] [cxt 0] Bytes parsed: 14
[22:32:00.733] [bmv2] [D] [thread 6402] [59.0] [cxt 0] Parser 'parser' entering state 'parse_vlan'
[22:32:00.733] [bmv2] [D] [thread 6402] [59.0] [cxt 0] Extracting header 'vlan'
[22:32:00.733] [bmv2] [D] [thread 6402] [59.0] [cxt 0] Parser state 'parse_vlan': key is 0800
[22:32:00.733] [bmv2] [T] [thread 6402] [59.0] [cxt 0] Bytes parsed: 18
[22:32:00.733] [bmv2] [D] [thread 6402] [59.0] [cxt 0] Parser 'parser' entering state 'parse_ipv4'
[22:32:00.733] [bmv2] [D] [thread 6402] [59.0] [cxt 0] Extracting header 'ipv4'
[22:32:00.733] [bmv2] [D] [thread 6402] [59.0] [cxt 0] Parser set: setting field 'scalars.tmp' from expression, new value is 1
[22:32:00.733] [bmv2] [D] [thread 6402] [59.0] [cxt 0] Parser state 'parse_ipv4': key is 05
[22:32:00.733] [bmv2] [T] [thread 6402] [59.0] [cxt 0] Bytes parsed: 38
[22:32:00.733] [bmv2] [D] [thread 6402] [59.0] [cxt 0] Parser 'parser': end
[22:32:00.733] [bmv2] [D] [thread 6402] [59.0] [cxt 0] Pipeline 'ingress': start
[22:32:00.733] [bmv2] [T] [thread 6402] [59.0] [cxt 0] qos.p4(197) Condition "hdr.ipv4.isValid()" (node_2) is true
[22:32:00.733] [bmv2] [T] [thread 6402] [59.0] [cxt 0] qos.p4(198) Condition "hdr.ipv4_option.isValid()" (node_3) is false
[22:32:00.733] [bmv2] [T] [thread 6402] [59.0] [cxt 0] Applying table 'MyIngress.ipv4_lpm'
[22:32:00.733] [bmv2] [D] [thread 6402] [59.0] [cxt 0] Looking up key:
* hdr.ipv4.dstAddr    : 0a000202

[22:32:00.733] [bmv2] [D] [thread 6402] [59.0] [cxt 0] Table 'MyIngress.ipv4_lpm': hit with handle 2
[22:32:00.733] [bmv2] [D] [thread 6402] [59.0] [cxt 0] Dumping entry 2
Match key:
* hdr.ipv4.dstAddr    : LPM       0a000200/24
Action entry: MyIngress.ipv4_forward - 80000000200,3,

[22:32:00.733] [bmv2] [D] [thread 6402] [59.0] [cxt 0] Action entry is MyIngress.ipv4_forward - 80000000200,3,
[22:32:00.733] [bmv2] [T] [thread 6402] [59.0] [cxt 0] Action MyIngress.ipv4_forward
[22:32:00.733] [bmv2] [T] [thread 6402] [59.0] [cxt 0] qos.p4(175) Primitive standard_metadata.egress_spec = port
[22:32:00.733] [bmv2] [T] [thread 6402] [59.0] [cxt 0] qos.p4(176) Primitive hdr.ethernet.srcAddr = hdr.ethernet.dstAddr
[22:32:00.733] [bmv2] [T] [thread 6402] [59.0] [cxt 0] qos.p4(177) Primitive hdr.ethernet.dstAddr = dstAddr
[22:32:00.733] [bmv2] [T] [thread 6402] [59.0] [cxt 0] qos.p4(178) Primitive hdr.ipv4.ttl = hdr.ipv4.ttl - 1
[22:32:00.733] [bmv2] [D] [thread 6402] [59.0] [cxt 0] Pipeline 'ingress': end
[22:32:00.733] [bmv2] [D] [thread 6402] [59.0] [cxt 0] Egress port is 3
[22:32:00.734] [bmv2] [D] [thread 6406] [59.0] [cxt 0] Pipeline 'egress': start
[22:32:00.734] [bmv2] [D] [thread 6406] [59.0] [cxt 0] Pipeline 'egress': end
[22:32:00.734] [bmv2] [D] [thread 6406] [59.0] [cxt 0] Deparser 'deparser': start
[22:32:00.734] [bmv2] [D] [thread 6406] [59.0] [cxt 0] Updating checksum 'cksum'
[22:32:00.734] [bmv2] [D] [thread 6406] [59.0] [cxt 0] Deparsing header 'ethernet'
[22:32:00.734] [bmv2] [D] [thread 6406] [59.0] [cxt 0] Deparsing header 'vlan'
[22:32:00.734] [bmv2] [D] [thread 6406] [59.0] [cxt 0] Deparsing header 'ipv4'
[22:32:00.734] [bmv2] [D] [thread 6406] [59.0] [cxt 0] Deparser 'deparser': end
[22:32:00.734] [bmv2] [D] [thread 6407] [59.0] [cxt 0] Transmitting packet of size 558 out of port 3
[22:32:00.860] [bmv2] [D] [thread 6402] [60.0] [cxt 0] Processing packet received on port 1
[22:32:00.860] [bmv2] [D] [thread 6402] [60.0] [cxt 0] Parser 'parser': start
[22:32:00.860] [bmv2] [D] [thread 6402] [60.0] [cxt 0] Parser 'parser' entering state 'start'
[22:32:00.862] [bmv2] [D] [thread 6402] [60.0] [cxt 0] Extracting header 'ethernet'
[22:32:00.862] [bmv2] [D] [thread 6402] [60.0] [cxt 0] Parser state 'start': key is 8100
[22:32:00.862] [bmv2] [T] [thread 6402] [60.0] [cxt 0] Bytes parsed: 14
[22:32:00.862] [bmv2] [D] [thread 6402] [60.0] [cxt 0] Parser 'parser' entering state 'parse_vlan'
[22:32:00.862] [bmv2] [D] [thread 6402] [60.0] [cxt 0] Extracting header 'vlan'
[22:32:00.862] [bmv2] [D] [thread 6402] [60.0] [cxt 0] Parser state 'parse_vlan': key is 0800
[22:32:00.862] [bmv2] [T] [thread 6402] [60.0] [cxt 0] Bytes parsed: 18
[22:32:00.862] [bmv2] [D] [thread 6402] [60.0] [cxt 0] Parser 'parser' entering state 'parse_ipv4'
[22:32:00.862] [bmv2] [D] [thread 6402] [60.0] [cxt 0] Extracting header 'ipv4'
[22:32:00.862] [bmv2] [D] [thread 6402] [60.0] [cxt 0] Parser set: setting field 'scalars.tmp' from expression, new value is 1
[22:32:00.862] [bmv2] [D] [thread 6402] [60.0] [cxt 0] Parser state 'parse_ipv4': key is 05
[22:32:00.862] [bmv2] [T] [thread 6402] [60.0] [cxt 0] Bytes parsed: 38
[22:32:00.862] [bmv2] [D] [thread 6402] [60.0] [cxt 0] Parser 'parser': end
[22:32:00.862] [bmv2] [D] [thread 6402] [60.0] [cxt 0] Pipeline 'ingress': start
[22:32:00.862] [bmv2] [T] [thread 6402] [60.0] [cxt 0] qos.p4(197) Condition "hdr.ipv4.isValid()" (node_2) is true
[22:32:00.862] [bmv2] [T] [thread 6402] [60.0] [cxt 0] qos.p4(198) Condition "hdr.ipv4_option.isValid()" (node_3) is false
[22:32:00.862] [bmv2] [T] [thread 6402] [60.0] [cxt 0] Applying table 'MyIngress.ipv4_lpm'
[22:32:00.862] [bmv2] [D] [thread 6402] [60.0] [cxt 0] Looking up key:
* hdr.ipv4.dstAddr    : 0a000202

[22:32:00.862] [bmv2] [D] [thread 6402] [60.0] [cxt 0] Table 'MyIngress.ipv4_lpm': hit with handle 2
[22:32:00.862] [bmv2] [D] [thread 6402] [60.0] [cxt 0] Dumping entry 2
Match key:
* hdr.ipv4.dstAddr    : LPM       0a000200/24
Action entry: MyIngress.ipv4_forward - 80000000200,3,

[22:32:00.862] [bmv2] [D] [thread 6402] [60.0] [cxt 0] Action entry is MyIngress.ipv4_forward - 80000000200,3,
[22:32:00.862] [bmv2] [T] [thread 6402] [60.0] [cxt 0] Action MyIngress.ipv4_forward
[22:32:00.862] [bmv2] [T] [thread 6402] [60.0] [cxt 0] qos.p4(175) Primitive standard_metadata.egress_spec = port
[22:32:00.862] [bmv2] [T] [thread 6402] [60.0] [cxt 0] qos.p4(176) Primitive hdr.ethernet.srcAddr = hdr.ethernet.dstAddr
[22:32:00.862] [bmv2] [T] [thread 6402] [60.0] [cxt 0] qos.p4(177) Primitive hdr.ethernet.dstAddr = dstAddr
[22:32:00.862] [bmv2] [T] [thread 6402] [60.0] [cxt 0] qos.p4(178) Primitive hdr.ipv4.ttl = hdr.ipv4.ttl - 1
[22:32:00.863] [bmv2] [D] [thread 6402] [60.0] [cxt 0] Pipeline 'ingress': end
[22:32:00.863] [bmv2] [D] [thread 6402] [60.0] [cxt 0] Egress port is 3
[22:32:00.863] [bmv2] [D] [thread 6406] [60.0] [cxt 0] Pipeline 'egress': start
[22:32:00.863] [bmv2] [D] [thread 6406] [60.0] [cxt 0] Pipeline 'egress': end
[22:32:00.863] [bmv2] [D] [thread 6406] [60.0] [cxt 0] Deparser 'deparser': start
[22:32:00.863] [bmv2] [D] [thread 6406] [60.0] [cxt 0] Updating checksum 'cksum'
[22:32:00.863] [bmv2] [D] [thread 6406] [60.0] [cxt 0] Deparsing header 'ethernet'
[22:32:00.863] [bmv2] [D] [thread 6406] [60.0] [cxt 0] Deparsing header 'vlan'
[22:32:00.863] [bmv2] [D] [thread 6406] [60.0] [cxt 0] Deparsing header 'ipv4'
[22:32:00.863] [bmv2] [D] [thread 6406] [60.0] [cxt 0] Deparser 'deparser': end
[22:32:00.863] [bmv2] [D] [thread 6407] [60.0] [cxt 0] Transmitting packet of size 558 out of port 3
[22:32:00.992] [bmv2] [D] [thread 6402] [61.0] [cxt 0] Processing packet received on port 1
[22:32:00.993] [bmv2] [D] [thread 6402] [61.0] [cxt 0] Parser 'parser': start
[22:32:00.993] [bmv2] [D] [thread 6402] [61.0] [cxt 0] Parser 'parser' entering state 'start'
[22:32:00.993] [bmv2] [D] [thread 6402] [61.0] [cxt 0] Extracting header 'ethernet'
[22:32:00.993] [bmv2] [D] [thread 6402] [61.0] [cxt 0] Parser state 'start': key is 8100
[22:32:00.993] [bmv2] [T] [thread 6402] [61.0] [cxt 0] Bytes parsed: 14
[22:32:00.993] [bmv2] [D] [thread 6402] [61.0] [cxt 0] Parser 'parser' entering state 'parse_vlan'
[22:32:00.993] [bmv2] [D] [thread 6402] [61.0] [cxt 0] Extracting header 'vlan'
[22:32:00.993] [bmv2] [D] [thread 6402] [61.0] [cxt 0] Parser state 'parse_vlan': key is 0800
[22:32:00.993] [bmv2] [T] [thread 6402] [61.0] [cxt 0] Bytes parsed: 18
[22:32:00.993] [bmv2] [D] [thread 6402] [61.0] [cxt 0] Parser 'parser' entering state 'parse_ipv4'
[22:32:00.993] [bmv2] [D] [thread 6402] [61.0] [cxt 0] Extracting header 'ipv4'
[22:32:00.994] [bmv2] [D] [thread 6402] [61.0] [cxt 0] Parser set: setting field 'scalars.tmp' from expression, new value is 1
[22:32:00.994] [bmv2] [D] [thread 6402] [61.0] [cxt 0] Parser state 'parse_ipv4': key is 05
[22:32:00.994] [bmv2] [T] [thread 6402] [61.0] [cxt 0] Bytes parsed: 38
[22:32:00.994] [bmv2] [D] [thread 6402] [61.0] [cxt 0] Parser 'parser': end
[22:32:00.994] [bmv2] [D] [thread 6402] [61.0] [cxt 0] Pipeline 'ingress': start
[22:32:00.994] [bmv2] [T] [thread 6402] [61.0] [cxt 0] qos.p4(197) Condition "hdr.ipv4.isValid()" (node_2) is true
[22:32:00.994] [bmv2] [T] [thread 6402] [61.0] [cxt 0] qos.p4(198) Condition "hdr.ipv4_option.isValid()" (node_3) is false
[22:32:00.994] [bmv2] [T] [thread 6402] [61.0] [cxt 0] Applying table 'MyIngress.ipv4_lpm'
[22:32:00.994] [bmv2] [D] [thread 6402] [61.0] [cxt 0] Looking up key:
* hdr.ipv4.dstAddr    : 0a000202

[22:32:00.994] [bmv2] [D] [thread 6402] [61.0] [cxt 0] Table 'MyIngress.ipv4_lpm': hit with handle 2
[22:32:00.994] [bmv2] [D] [thread 6402] [61.0] [cxt 0] Dumping entry 2
Match key:
* hdr.ipv4.dstAddr    : LPM       0a000200/24
Action entry: MyIngress.ipv4_forward - 80000000200,3,

[22:32:00.994] [bmv2] [D] [thread 6402] [61.0] [cxt 0] Action entry is MyIngress.ipv4_forward - 80000000200,3,
[22:32:00.994] [bmv2] [T] [thread 6402] [61.0] [cxt 0] Action MyIngress.ipv4_forward
[22:32:00.994] [bmv2] [T] [thread 6402] [61.0] [cxt 0] qos.p4(175) Primitive standard_metadata.egress_spec = port
[22:32:00.994] [bmv2] [T] [thread 6402] [61.0] [cxt 0] qos.p4(176) Primitive hdr.ethernet.srcAddr = hdr.ethernet.dstAddr
[22:32:00.994] [bmv2] [T] [thread 6402] [61.0] [cxt 0] qos.p4(177) Primitive hdr.ethernet.dstAddr = dstAddr
[22:32:00.994] [bmv2] [T] [thread 6402] [61.0] [cxt 0] qos.p4(178) Primitive hdr.ipv4.ttl = hdr.ipv4.ttl - 1
[22:32:00.994] [bmv2] [D] [thread 6402] [61.0] [cxt 0] Pipeline 'ingress': end
[22:32:00.994] [bmv2] [D] [thread 6402] [61.0] [cxt 0] Egress port is 3
[22:32:00.994] [bmv2] [D] [thread 6406] [61.0] [cxt 0] Pipeline 'egress': start
[22:32:00.994] [bmv2] [D] [thread 6406] [61.0] [cxt 0] Pipeline 'egress': end
[22:32:00.994] [bmv2] [D] [thread 6406] [61.0] [cxt 0] Deparser 'deparser': start
[22:32:00.994] [bmv2] [D] [thread 6406] [61.0] [cxt 0] Updating checksum 'cksum'
[22:32:00.994] [bmv2] [D] [thread 6406] [61.0] [cxt 0] Deparsing header 'ethernet'
[22:32:00.994] [bmv2] [D] [thread 6406] [61.0] [cxt 0] Deparsing header 'vlan'
[22:32:00.994] [bmv2] [D] [thread 6406] [61.0] [cxt 0] Deparsing header 'ipv4'
[22:32:00.994] [bmv2] [D] [thread 6406] [61.0] [cxt 0] Deparser 'deparser': end
[22:32:00.995] [bmv2] [D] [thread 6407] [61.0] [cxt 0] Transmitting packet of size 558 out of port 3
[22:32:01.126] [bmv2] [D] [thread 6402] [62.0] [cxt 0] Processing packet received on port 1
[22:32:01.126] [bmv2] [D] [thread 6402] [62.0] [cxt 0] Parser 'parser': start
[22:32:01.126] [bmv2] [D] [thread 6402] [62.0] [cxt 0] Parser 'parser' entering state 'start'
[22:32:01.126] [bmv2] [D] [thread 6402] [62.0] [cxt 0] Extracting header 'ethernet'
[22:32:01.126] [bmv2] [D] [thread 6402] [62.0] [cxt 0] Parser state 'start': key is 8100
[22:32:01.126] [bmv2] [T] [thread 6402] [62.0] [cxt 0] Bytes parsed: 14
[22:32:01.126] [bmv2] [D] [thread 6402] [62.0] [cxt 0] Parser 'parser' entering state 'parse_vlan'
[22:32:01.126] [bmv2] [D] [thread 6402] [62.0] [cxt 0] Extracting header 'vlan'
[22:32:01.126] [bmv2] [D] [thread 6402] [62.0] [cxt 0] Parser state 'parse_vlan': key is 0800
[22:32:01.126] [bmv2] [T] [thread 6402] [62.0] [cxt 0] Bytes parsed: 18
[22:32:01.126] [bmv2] [D] [thread 6402] [62.0] [cxt 0] Parser 'parser' entering state 'parse_ipv4'
[22:32:01.126] [bmv2] [D] [thread 6402] [62.0] [cxt 0] Extracting header 'ipv4'
[22:32:01.126] [bmv2] [D] [thread 6402] [62.0] [cxt 0] Parser set: setting field 'scalars.tmp' from expression, new value is 1
[22:32:01.126] [bmv2] [D] [thread 6402] [62.0] [cxt 0] Parser state 'parse_ipv4': key is 05
[22:32:01.126] [bmv2] [T] [thread 6402] [62.0] [cxt 0] Bytes parsed: 38
[22:32:01.126] [bmv2] [D] [thread 6402] [62.0] [cxt 0] Parser 'parser': end
[22:32:01.126] [bmv2] [D] [thread 6402] [62.0] [cxt 0] Pipeline 'ingress': start
[22:32:01.126] [bmv2] [T] [thread 6402] [62.0] [cxt 0] qos.p4(197) Condition "hdr.ipv4.isValid()" (node_2) is true
[22:32:01.126] [bmv2] [T] [thread 6402] [62.0] [cxt 0] qos.p4(198) Condition "hdr.ipv4_option.isValid()" (node_3) is false
[22:32:01.127] [bmv2] [T] [thread 6402] [62.0] [cxt 0] Applying table 'MyIngress.ipv4_lpm'
[22:32:01.127] [bmv2] [D] [thread 6402] [62.0] [cxt 0] Looking up key:
* hdr.ipv4.dstAddr    : 0a000202

[22:32:01.127] [bmv2] [D] [thread 6402] [62.0] [cxt 0] Table 'MyIngress.ipv4_lpm': hit with handle 2
[22:32:01.127] [bmv2] [D] [thread 6402] [62.0] [cxt 0] Dumping entry 2
Match key:
* hdr.ipv4.dstAddr    : LPM       0a000200/24
Action entry: MyIngress.ipv4_forward - 80000000200,3,

[22:32:01.127] [bmv2] [D] [thread 6402] [62.0] [cxt 0] Action entry is MyIngress.ipv4_forward - 80000000200,3,
[22:32:01.127] [bmv2] [T] [thread 6402] [62.0] [cxt 0] Action MyIngress.ipv4_forward
[22:32:01.127] [bmv2] [T] [thread 6402] [62.0] [cxt 0] qos.p4(175) Primitive standard_metadata.egress_spec = port
[22:32:01.127] [bmv2] [T] [thread 6402] [62.0] [cxt 0] qos.p4(176) Primitive hdr.ethernet.srcAddr = hdr.ethernet.dstAddr
[22:32:01.127] [bmv2] [T] [thread 6402] [62.0] [cxt 0] qos.p4(177) Primitive hdr.ethernet.dstAddr = dstAddr
[22:32:01.127] [bmv2] [T] [thread 6402] [62.0] [cxt 0] qos.p4(178) Primitive hdr.ipv4.ttl = hdr.ipv4.ttl - 1
[22:32:01.127] [bmv2] [D] [thread 6402] [62.0] [cxt 0] Pipeline 'ingress': end
[22:32:01.127] [bmv2] [D] [thread 6402] [62.0] [cxt 0] Egress port is 3
[22:32:01.127] [bmv2] [D] [thread 6406] [62.0] [cxt 0] Pipeline 'egress': start
[22:32:01.127] [bmv2] [D] [thread 6406] [62.0] [cxt 0] Pipeline 'egress': end
[22:32:01.127] [bmv2] [D] [thread 6406] [62.0] [cxt 0] Deparser 'deparser': start
[22:32:01.127] [bmv2] [D] [thread 6406] [62.0] [cxt 0] Updating checksum 'cksum'
[22:32:01.128] [bmv2] [D] [thread 6406] [62.0] [cxt 0] Deparsing header 'ethernet'
[22:32:01.128] [bmv2] [D] [thread 6406] [62.0] [cxt 0] Deparsing header 'vlan'
[22:32:01.128] [bmv2] [D] [thread 6406] [62.0] [cxt 0] Deparsing header 'ipv4'
[22:32:01.128] [bmv2] [D] [thread 6406] [62.0] [cxt 0] Deparser 'deparser': end
[22:32:01.128] [bmv2] [D] [thread 6407] [62.0] [cxt 0] Transmitting packet of size 558 out of port 3
[22:32:01.248] [bmv2] [D] [thread 6402] [63.0] [cxt 0] Processing packet received on port 1
[22:32:01.248] [bmv2] [D] [thread 6402] [63.0] [cxt 0] Parser 'parser': start
[22:32:01.248] [bmv2] [D] [thread 6402] [63.0] [cxt 0] Parser 'parser' entering state 'start'
[22:32:01.248] [bmv2] [D] [thread 6402] [63.0] [cxt 0] Extracting header 'ethernet'
[22:32:01.248] [bmv2] [D] [thread 6402] [63.0] [cxt 0] Parser state 'start': key is 8100
[22:32:01.248] [bmv2] [T] [thread 6402] [63.0] [cxt 0] Bytes parsed: 14
[22:32:01.248] [bmv2] [D] [thread 6402] [63.0] [cxt 0] Parser 'parser' entering state 'parse_vlan'
[22:32:01.248] [bmv2] [D] [thread 6402] [63.0] [cxt 0] Extracting header 'vlan'
[22:32:01.248] [bmv2] [D] [thread 6402] [63.0] [cxt 0] Parser state 'parse_vlan': key is 0800
[22:32:01.248] [bmv2] [T] [thread 6402] [63.0] [cxt 0] Bytes parsed: 18
[22:32:01.248] [bmv2] [D] [thread 6402] [63.0] [cxt 0] Parser 'parser' entering state 'parse_ipv4'
[22:32:01.248] [bmv2] [D] [thread 6402] [63.0] [cxt 0] Extracting header 'ipv4'
[22:32:01.249] [bmv2] [D] [thread 6402] [63.0] [cxt 0] Parser set: setting field 'scalars.tmp' from expression, new value is 1
[22:32:01.249] [bmv2] [D] [thread 6402] [63.0] [cxt 0] Parser state 'parse_ipv4': key is 05
[22:32:01.249] [bmv2] [T] [thread 6402] [63.0] [cxt 0] Bytes parsed: 38
[22:32:01.249] [bmv2] [D] [thread 6402] [63.0] [cxt 0] Parser 'parser': end
[22:32:01.249] [bmv2] [D] [thread 6402] [63.0] [cxt 0] Pipeline 'ingress': start
[22:32:01.249] [bmv2] [T] [thread 6402] [63.0] [cxt 0] qos.p4(197) Condition "hdr.ipv4.isValid()" (node_2) is true
[22:32:01.249] [bmv2] [T] [thread 6402] [63.0] [cxt 0] qos.p4(198) Condition "hdr.ipv4_option.isValid()" (node_3) is false
[22:32:01.249] [bmv2] [T] [thread 6402] [63.0] [cxt 0] Applying table 'MyIngress.ipv4_lpm'
[22:32:01.249] [bmv2] [D] [thread 6402] [63.0] [cxt 0] Looking up key:
* hdr.ipv4.dstAddr    : 0a000202

[22:32:01.249] [bmv2] [D] [thread 6402] [63.0] [cxt 0] Table 'MyIngress.ipv4_lpm': hit with handle 2
[22:32:01.249] [bmv2] [D] [thread 6402] [63.0] [cxt 0] Dumping entry 2
Match key:
* hdr.ipv4.dstAddr    : LPM       0a000200/24
Action entry: MyIngress.ipv4_forward - 80000000200,3,

[22:32:01.249] [bmv2] [D] [thread 6402] [63.0] [cxt 0] Action entry is MyIngress.ipv4_forward - 80000000200,3,
[22:32:01.249] [bmv2] [T] [thread 6402] [63.0] [cxt 0] Action MyIngress.ipv4_forward
[22:32:01.249] [bmv2] [T] [thread 6402] [63.0] [cxt 0] qos.p4(175) Primitive standard_metadata.egress_spec = port
[22:32:01.249] [bmv2] [T] [thread 6402] [63.0] [cxt 0] qos.p4(176) Primitive hdr.ethernet.srcAddr = hdr.ethernet.dstAddr
[22:32:01.249] [bmv2] [T] [thread 6402] [63.0] [cxt 0] qos.p4(177) Primitive hdr.ethernet.dstAddr = dstAddr
[22:32:01.249] [bmv2] [T] [thread 6402] [63.0] [cxt 0] qos.p4(178) Primitive hdr.ipv4.ttl = hdr.ipv4.ttl - 1
[22:32:01.249] [bmv2] [D] [thread 6402] [63.0] [cxt 0] Pipeline 'ingress': end
[22:32:01.249] [bmv2] [D] [thread 6402] [63.0] [cxt 0] Egress port is 3
[22:32:01.249] [bmv2] [D] [thread 6406] [63.0] [cxt 0] Pipeline 'egress': start
[22:32:01.249] [bmv2] [D] [thread 6406] [63.0] [cxt 0] Pipeline 'egress': end
[22:32:01.249] [bmv2] [D] [thread 6406] [63.0] [cxt 0] Deparser 'deparser': start
[22:32:01.249] [bmv2] [D] [thread 6406] [63.0] [cxt 0] Updating checksum 'cksum'
[22:32:01.249] [bmv2] [D] [thread 6406] [63.0] [cxt 0] Deparsing header 'ethernet'
[22:32:01.249] [bmv2] [D] [thread 6406] [63.0] [cxt 0] Deparsing header 'vlan'
[22:32:01.249] [bmv2] [D] [thread 6406] [63.0] [cxt 0] Deparsing header 'ipv4'
[22:32:01.250] [bmv2] [D] [thread 6406] [63.0] [cxt 0] Deparser 'deparser': end
[22:32:01.250] [bmv2] [D] [thread 6407] [63.0] [cxt 0] Transmitting packet of size 558 out of port 3
[22:32:01.386] [bmv2] [D] [thread 6402] [64.0] [cxt 0] Processing packet received on port 1
[22:32:01.386] [bmv2] [D] [thread 6402] [64.0] [cxt 0] Parser 'parser': start
[22:32:01.386] [bmv2] [D] [thread 6402] [64.0] [cxt 0] Parser 'parser' entering state 'start'
[22:32:01.386] [bmv2] [D] [thread 6402] [64.0] [cxt 0] Extracting header 'ethernet'
[22:32:01.386] [bmv2] [D] [thread 6402] [64.0] [cxt 0] Parser state 'start': key is 8100
[22:32:01.386] [bmv2] [T] [thread 6402] [64.0] [cxt 0] Bytes parsed: 14
[22:32:01.386] [bmv2] [D] [thread 6402] [64.0] [cxt 0] Parser 'parser' entering state 'parse_vlan'
[22:32:01.386] [bmv2] [D] [thread 6402] [64.0] [cxt 0] Extracting header 'vlan'
[22:32:01.386] [bmv2] [D] [thread 6402] [64.0] [cxt 0] Parser state 'parse_vlan': key is 0800
[22:32:01.386] [bmv2] [T] [thread 6402] [64.0] [cxt 0] Bytes parsed: 18
[22:32:01.386] [bmv2] [D] [thread 6402] [64.0] [cxt 0] Parser 'parser' entering state 'parse_ipv4'
[22:32:01.386] [bmv2] [D] [thread 6402] [64.0] [cxt 0] Extracting header 'ipv4'
[22:32:01.386] [bmv2] [D] [thread 6402] [64.0] [cxt 0] Parser set: setting field 'scalars.tmp' from expression, new value is 1
[22:32:01.386] [bmv2] [D] [thread 6402] [64.0] [cxt 0] Parser state 'parse_ipv4': key is 05
[22:32:01.386] [bmv2] [T] [thread 6402] [64.0] [cxt 0] Bytes parsed: 38
[22:32:01.386] [bmv2] [D] [thread 6402] [64.0] [cxt 0] Parser 'parser': end
[22:32:01.386] [bmv2] [D] [thread 6402] [64.0] [cxt 0] Pipeline 'ingress': start
[22:32:01.386] [bmv2] [T] [thread 6402] [64.0] [cxt 0] qos.p4(197) Condition "hdr.ipv4.isValid()" (node_2) is true
[22:32:01.386] [bmv2] [T] [thread 6402] [64.0] [cxt 0] qos.p4(198) Condition "hdr.ipv4_option.isValid()" (node_3) is false
[22:32:01.386] [bmv2] [T] [thread 6402] [64.0] [cxt 0] Applying table 'MyIngress.ipv4_lpm'
[22:32:01.386] [bmv2] [D] [thread 6402] [64.0] [cxt 0] Looking up key:
* hdr.ipv4.dstAddr    : 0a000202

[22:32:01.386] [bmv2] [D] [thread 6402] [64.0] [cxt 0] Table 'MyIngress.ipv4_lpm': hit with handle 2
[22:32:01.386] [bmv2] [D] [thread 6402] [64.0] [cxt 0] Dumping entry 2
Match key:
* hdr.ipv4.dstAddr    : LPM       0a000200/24
Action entry: MyIngress.ipv4_forward - 80000000200,3,

[22:32:01.386] [bmv2] [D] [thread 6402] [64.0] [cxt 0] Action entry is MyIngress.ipv4_forward - 80000000200,3,
[22:32:01.387] [bmv2] [T] [thread 6402] [64.0] [cxt 0] Action MyIngress.ipv4_forward
[22:32:01.387] [bmv2] [T] [thread 6402] [64.0] [cxt 0] qos.p4(175) Primitive standard_metadata.egress_spec = port
[22:32:01.387] [bmv2] [T] [thread 6402] [64.0] [cxt 0] qos.p4(176) Primitive hdr.ethernet.srcAddr = hdr.ethernet.dstAddr
[22:32:01.387] [bmv2] [T] [thread 6402] [64.0] [cxt 0] qos.p4(177) Primitive hdr.ethernet.dstAddr = dstAddr
[22:32:01.387] [bmv2] [T] [thread 6402] [64.0] [cxt 0] qos.p4(178) Primitive hdr.ipv4.ttl = hdr.ipv4.ttl - 1
[22:32:01.387] [bmv2] [D] [thread 6402] [64.0] [cxt 0] Pipeline 'ingress': end
[22:32:01.387] [bmv2] [D] [thread 6402] [64.0] [cxt 0] Egress port is 3
[22:32:01.387] [bmv2] [D] [thread 6406] [64.0] [cxt 0] Pipeline 'egress': start
[22:32:01.387] [bmv2] [D] [thread 6406] [64.0] [cxt 0] Pipeline 'egress': end
[22:32:01.387] [bmv2] [D] [thread 6406] [64.0] [cxt 0] Deparser 'deparser': start
[22:32:01.387] [bmv2] [D] [thread 6406] [64.0] [cxt 0] Updating checksum 'cksum'
[22:32:01.387] [bmv2] [D] [thread 6406] [64.0] [cxt 0] Deparsing header 'ethernet'
[22:32:01.387] [bmv2] [D] [thread 6406] [64.0] [cxt 0] Deparsing header 'vlan'
[22:32:01.387] [bmv2] [D] [thread 6406] [64.0] [cxt 0] Deparsing header 'ipv4'
[22:32:01.387] [bmv2] [D] [thread 6406] [64.0] [cxt 0] Deparser 'deparser': end
[22:32:01.387] [bmv2] [D] [thread 6407] [64.0] [cxt 0] Transmitting packet of size 558 out of port 3
[22:32:01.513] [bmv2] [D] [thread 6402] [65.0] [cxt 0] Processing packet received on port 1
[22:32:01.513] [bmv2] [D] [thread 6402] [65.0] [cxt 0] Parser 'parser': start
[22:32:01.513] [bmv2] [D] [thread 6402] [65.0] [cxt 0] Parser 'parser' entering state 'start'
[22:32:01.513] [bmv2] [D] [thread 6402] [65.0] [cxt 0] Extracting header 'ethernet'
[22:32:01.513] [bmv2] [D] [thread 6402] [65.0] [cxt 0] Parser state 'start': key is 8100
[22:32:01.513] [bmv2] [T] [thread 6402] [65.0] [cxt 0] Bytes parsed: 14
[22:32:01.513] [bmv2] [D] [thread 6402] [65.0] [cxt 0] Parser 'parser' entering state 'parse_vlan'
[22:32:01.513] [bmv2] [D] [thread 6402] [65.0] [cxt 0] Extracting header 'vlan'
[22:32:01.513] [bmv2] [D] [thread 6402] [65.0] [cxt 0] Parser state 'parse_vlan': key is 0800
[22:32:01.513] [bmv2] [T] [thread 6402] [65.0] [cxt 0] Bytes parsed: 18
[22:32:01.514] [bmv2] [D] [thread 6402] [65.0] [cxt 0] Parser 'parser' entering state 'parse_ipv4'
[22:32:01.514] [bmv2] [D] [thread 6402] [65.0] [cxt 0] Extracting header 'ipv4'
[22:32:01.514] [bmv2] [D] [thread 6402] [65.0] [cxt 0] Parser set: setting field 'scalars.tmp' from expression, new value is 1
[22:32:01.514] [bmv2] [D] [thread 6402] [65.0] [cxt 0] Parser state 'parse_ipv4': key is 05
[22:32:01.514] [bmv2] [T] [thread 6402] [65.0] [cxt 0] Bytes parsed: 38
[22:32:01.514] [bmv2] [D] [thread 6402] [65.0] [cxt 0] Parser 'parser': end
[22:32:01.514] [bmv2] [D] [thread 6402] [65.0] [cxt 0] Pipeline 'ingress': start
[22:32:01.514] [bmv2] [T] [thread 6402] [65.0] [cxt 0] qos.p4(197) Condition "hdr.ipv4.isValid()" (node_2) is true
[22:32:01.514] [bmv2] [T] [thread 6402] [65.0] [cxt 0] qos.p4(198) Condition "hdr.ipv4_option.isValid()" (node_3) is false
[22:32:01.514] [bmv2] [T] [thread 6402] [65.0] [cxt 0] Applying table 'MyIngress.ipv4_lpm'
[22:32:01.514] [bmv2] [D] [thread 6402] [65.0] [cxt 0] Looking up key:
* hdr.ipv4.dstAddr    : 0a000202

[22:32:01.514] [bmv2] [D] [thread 6402] [65.0] [cxt 0] Table 'MyIngress.ipv4_lpm': hit with handle 2
[22:32:01.514] [bmv2] [D] [thread 6402] [65.0] [cxt 0] Dumping entry 2
Match key:
* hdr.ipv4.dstAddr    : LPM       0a000200/24
Action entry: MyIngress.ipv4_forward - 80000000200,3,

[22:32:01.514] [bmv2] [D] [thread 6402] [65.0] [cxt 0] Action entry is MyIngress.ipv4_forward - 80000000200,3,
[22:32:01.514] [bmv2] [T] [thread 6402] [65.0] [cxt 0] Action MyIngress.ipv4_forward
[22:32:01.514] [bmv2] [T] [thread 6402] [65.0] [cxt 0] qos.p4(175) Primitive standard_metadata.egress_spec = port
[22:32:01.514] [bmv2] [T] [thread 6402] [65.0] [cxt 0] qos.p4(176) Primitive hdr.ethernet.srcAddr = hdr.ethernet.dstAddr
[22:32:01.514] [bmv2] [T] [thread 6402] [65.0] [cxt 0] qos.p4(177) Primitive hdr.ethernet.dstAddr = dstAddr
[22:32:01.514] [bmv2] [T] [thread 6402] [65.0] [cxt 0] qos.p4(178) Primitive hdr.ipv4.ttl = hdr.ipv4.ttl - 1
[22:32:01.514] [bmv2] [D] [thread 6402] [65.0] [cxt 0] Pipeline 'ingress': end
[22:32:01.514] [bmv2] [D] [thread 6402] [65.0] [cxt 0] Egress port is 3
[22:32:01.514] [bmv2] [D] [thread 6406] [65.0] [cxt 0] Pipeline 'egress': start
[22:32:01.514] [bmv2] [D] [thread 6406] [65.0] [cxt 0] Pipeline 'egress': end
[22:32:01.514] [bmv2] [D] [thread 6406] [65.0] [cxt 0] Deparser 'deparser': start
[22:32:01.514] [bmv2] [D] [thread 6406] [65.0] [cxt 0] Updating checksum 'cksum'
[22:32:01.515] [bmv2] [D] [thread 6406] [65.0] [cxt 0] Deparsing header 'ethernet'
[22:32:01.515] [bmv2] [D] [thread 6406] [65.0] [cxt 0] Deparsing header 'vlan'
[22:32:01.515] [bmv2] [D] [thread 6406] [65.0] [cxt 0] Deparsing header 'ipv4'
[22:32:01.515] [bmv2] [D] [thread 6406] [65.0] [cxt 0] Deparser 'deparser': end
[22:32:01.515] [bmv2] [D] [thread 6407] [65.0] [cxt 0] Transmitting packet of size 558 out of port 3
[22:32:01.636] [bmv2] [D] [thread 6402] [66.0] [cxt 0] Processing packet received on port 1
[22:32:01.636] [bmv2] [D] [thread 6402] [66.0] [cxt 0] Parser 'parser': start
[22:32:01.636] [bmv2] [D] [thread 6402] [66.0] [cxt 0] Parser 'parser' entering state 'start'
[22:32:01.636] [bmv2] [D] [thread 6402] [66.0] [cxt 0] Extracting header 'ethernet'
[22:32:01.636] [bmv2] [D] [thread 6402] [66.0] [cxt 0] Parser state 'start': key is 8100
[22:32:01.636] [bmv2] [T] [thread 6402] [66.0] [cxt 0] Bytes parsed: 14
[22:32:01.636] [bmv2] [D] [thread 6402] [66.0] [cxt 0] Parser 'parser' entering state 'parse_vlan'
[22:32:01.636] [bmv2] [D] [thread 6402] [66.0] [cxt 0] Extracting header 'vlan'
[22:32:01.638] [bmv2] [D] [thread 6402] [66.0] [cxt 0] Parser state 'parse_vlan': key is 0800
[22:32:01.638] [bmv2] [T] [thread 6402] [66.0] [cxt 0] Bytes parsed: 18
[22:32:01.638] [bmv2] [D] [thread 6402] [66.0] [cxt 0] Parser 'parser' entering state 'parse_ipv4'
[22:32:01.638] [bmv2] [D] [thread 6402] [66.0] [cxt 0] Extracting header 'ipv4'
[22:32:01.638] [bmv2] [D] [thread 6402] [66.0] [cxt 0] Parser set: setting field 'scalars.tmp' from expression, new value is 1
[22:32:01.638] [bmv2] [D] [thread 6402] [66.0] [cxt 0] Parser state 'parse_ipv4': key is 05
[22:32:01.638] [bmv2] [T] [thread 6402] [66.0] [cxt 0] Bytes parsed: 38
[22:32:01.638] [bmv2] [D] [thread 6402] [66.0] [cxt 0] Parser 'parser': end
[22:32:01.638] [bmv2] [D] [thread 6402] [66.0] [cxt 0] Pipeline 'ingress': start
[22:32:01.638] [bmv2] [T] [thread 6402] [66.0] [cxt 0] qos.p4(197) Condition "hdr.ipv4.isValid()" (node_2) is true
[22:32:01.638] [bmv2] [T] [thread 6402] [66.0] [cxt 0] qos.p4(198) Condition "hdr.ipv4_option.isValid()" (node_3) is false
[22:32:01.638] [bmv2] [T] [thread 6402] [66.0] [cxt 0] Applying table 'MyIngress.ipv4_lpm'
[22:32:01.638] [bmv2] [D] [thread 6402] [66.0] [cxt 0] Looking up key:
* hdr.ipv4.dstAddr    : 0a000202

[22:32:01.638] [bmv2] [D] [thread 6402] [66.0] [cxt 0] Table 'MyIngress.ipv4_lpm': hit with handle 2
[22:32:01.639] [bmv2] [D] [thread 6402] [66.0] [cxt 0] Dumping entry 2
Match key:
* hdr.ipv4.dstAddr    : LPM       0a000200/24
Action entry: MyIngress.ipv4_forward - 80000000200,3,

[22:32:01.639] [bmv2] [D] [thread 6402] [66.0] [cxt 0] Action entry is MyIngress.ipv4_forward - 80000000200,3,
[22:32:01.639] [bmv2] [T] [thread 6402] [66.0] [cxt 0] Action MyIngress.ipv4_forward
[22:32:01.639] [bmv2] [T] [thread 6402] [66.0] [cxt 0] qos.p4(175) Primitive standard_metadata.egress_spec = port
[22:32:01.639] [bmv2] [T] [thread 6402] [66.0] [cxt 0] qos.p4(176) Primitive hdr.ethernet.srcAddr = hdr.ethernet.dstAddr
[22:32:01.639] [bmv2] [T] [thread 6402] [66.0] [cxt 0] qos.p4(177) Primitive hdr.ethernet.dstAddr = dstAddr
[22:32:01.639] [bmv2] [T] [thread 6402] [66.0] [cxt 0] qos.p4(178) Primitive hdr.ipv4.ttl = hdr.ipv4.ttl - 1
[22:32:01.639] [bmv2] [D] [thread 6402] [66.0] [cxt 0] Pipeline 'ingress': end
[22:32:01.639] [bmv2] [D] [thread 6402] [66.0] [cxt 0] Egress port is 3
[22:32:01.639] [bmv2] [D] [thread 6406] [66.0] [cxt 0] Pipeline 'egress': start
[22:32:01.639] [bmv2] [D] [thread 6406] [66.0] [cxt 0] Pipeline 'egress': end
[22:32:01.639] [bmv2] [D] [thread 6406] [66.0] [cxt 0] Deparser 'deparser': start
[22:32:01.639] [bmv2] [D] [thread 6406] [66.0] [cxt 0] Updating checksum 'cksum'
[22:32:01.639] [bmv2] [D] [thread 6406] [66.0] [cxt 0] Deparsing header 'ethernet'
[22:32:01.639] [bmv2] [D] [thread 6406] [66.0] [cxt 0] Deparsing header 'vlan'
[22:32:01.639] [bmv2] [D] [thread 6406] [66.0] [cxt 0] Deparsing header 'ipv4'
[22:32:01.639] [bmv2] [D] [thread 6406] [66.0] [cxt 0] Deparser 'deparser': end
[22:32:01.639] [bmv2] [D] [thread 6407] [66.0] [cxt 0] Transmitting packet of size 558 out of port 3
[22:32:01.770] [bmv2] [D] [thread 6402] [67.0] [cxt 0] Processing packet received on port 1
[22:32:01.770] [bmv2] [D] [thread 6402] [67.0] [cxt 0] Parser 'parser': start
[22:32:01.770] [bmv2] [D] [thread 6402] [67.0] [cxt 0] Parser 'parser' entering state 'start'
[22:32:01.770] [bmv2] [D] [thread 6402] [67.0] [cxt 0] Extracting header 'ethernet'
[22:32:01.770] [bmv2] [D] [thread 6402] [67.0] [cxt 0] Parser state 'start': key is 8100
[22:32:01.770] [bmv2] [T] [thread 6402] [67.0] [cxt 0] Bytes parsed: 14
[22:32:01.770] [bmv2] [D] [thread 6402] [67.0] [cxt 0] Parser 'parser' entering state 'parse_vlan'
[22:32:01.770] [bmv2] [D] [thread 6402] [67.0] [cxt 0] Extracting header 'vlan'
[22:32:01.770] [bmv2] [D] [thread 6402] [67.0] [cxt 0] Parser state 'parse_vlan': key is 0800
[22:32:01.770] [bmv2] [T] [thread 6402] [67.0] [cxt 0] Bytes parsed: 18
[22:32:01.770] [bmv2] [D] [thread 6402] [67.0] [cxt 0] Parser 'parser' entering state 'parse_ipv4'
[22:32:01.770] [bmv2] [D] [thread 6402] [67.0] [cxt 0] Extracting header 'ipv4'
[22:32:01.771] [bmv2] [D] [thread 6402] [67.0] [cxt 0] Parser set: setting field 'scalars.tmp' from expression, new value is 1
[22:32:01.771] [bmv2] [D] [thread 6402] [67.0] [cxt 0] Parser state 'parse_ipv4': key is 05
[22:32:01.772] [bmv2] [T] [thread 6402] [67.0] [cxt 0] Bytes parsed: 38
[22:32:01.772] [bmv2] [D] [thread 6402] [67.0] [cxt 0] Parser 'parser': end
[22:32:01.772] [bmv2] [D] [thread 6402] [67.0] [cxt 0] Pipeline 'ingress': start
[22:32:01.772] [bmv2] [T] [thread 6402] [67.0] [cxt 0] qos.p4(197) Condition "hdr.ipv4.isValid()" (node_2) is true
[22:32:01.772] [bmv2] [T] [thread 6402] [67.0] [cxt 0] qos.p4(198) Condition "hdr.ipv4_option.isValid()" (node_3) is false
[22:32:01.772] [bmv2] [T] [thread 6402] [67.0] [cxt 0] Applying table 'MyIngress.ipv4_lpm'
[22:32:01.772] [bmv2] [D] [thread 6402] [67.0] [cxt 0] Looking up key:
* hdr.ipv4.dstAddr    : 0a000202

[22:32:01.772] [bmv2] [D] [thread 6402] [67.0] [cxt 0] Table 'MyIngress.ipv4_lpm': hit with handle 2
[22:32:01.772] [bmv2] [D] [thread 6402] [67.0] [cxt 0] Dumping entry 2
Match key:
* hdr.ipv4.dstAddr    : LPM       0a000200/24
Action entry: MyIngress.ipv4_forward - 80000000200,3,

[22:32:01.772] [bmv2] [D] [thread 6402] [67.0] [cxt 0] Action entry is MyIngress.ipv4_forward - 80000000200,3,
[22:32:01.772] [bmv2] [T] [thread 6402] [67.0] [cxt 0] Action MyIngress.ipv4_forward
[22:32:01.772] [bmv2] [T] [thread 6402] [67.0] [cxt 0] qos.p4(175) Primitive standard_metadata.egress_spec = port
[22:32:01.772] [bmv2] [T] [thread 6402] [67.0] [cxt 0] qos.p4(176) Primitive hdr.ethernet.srcAddr = hdr.ethernet.dstAddr
[22:32:01.772] [bmv2] [T] [thread 6402] [67.0] [cxt 0] qos.p4(177) Primitive hdr.ethernet.dstAddr = dstAddr
[22:32:01.772] [bmv2] [T] [thread 6402] [67.0] [cxt 0] qos.p4(178) Primitive hdr.ipv4.ttl = hdr.ipv4.ttl - 1
[22:32:01.772] [bmv2] [D] [thread 6402] [67.0] [cxt 0] Pipeline 'ingress': end
[22:32:01.772] [bmv2] [D] [thread 6402] [67.0] [cxt 0] Egress port is 3
[22:32:01.772] [bmv2] [D] [thread 6406] [67.0] [cxt 0] Pipeline 'egress': start
[22:32:01.772] [bmv2] [D] [thread 6406] [67.0] [cxt 0] Pipeline 'egress': end
[22:32:01.772] [bmv2] [D] [thread 6406] [67.0] [cxt 0] Deparser 'deparser': start
[22:32:01.772] [bmv2] [D] [thread 6406] [67.0] [cxt 0] Updating checksum 'cksum'
[22:32:01.773] [bmv2] [D] [thread 6406] [67.0] [cxt 0] Deparsing header 'ethernet'
[22:32:01.773] [bmv2] [D] [thread 6406] [67.0] [cxt 0] Deparsing header 'vlan'
[22:32:01.773] [bmv2] [D] [thread 6406] [67.0] [cxt 0] Deparsing header 'ipv4'
[22:32:01.773] [bmv2] [D] [thread 6406] [67.0] [cxt 0] Deparser 'deparser': end
[22:32:01.773] [bmv2] [D] [thread 6407] [67.0] [cxt 0] Transmitting packet of size 558 out of port 3
[22:32:01.908] [bmv2] [D] [thread 6402] [68.0] [cxt 0] Processing packet received on port 1
[22:32:01.908] [bmv2] [D] [thread 6402] [68.0] [cxt 0] Parser 'parser': start
[22:32:01.908] [bmv2] [D] [thread 6402] [68.0] [cxt 0] Parser 'parser' entering state 'start'
[22:32:01.908] [bmv2] [D] [thread 6402] [68.0] [cxt 0] Extracting header 'ethernet'
[22:32:01.908] [bmv2] [D] [thread 6402] [68.0] [cxt 0] Parser state 'start': key is 8100
[22:32:01.908] [bmv2] [T] [thread 6402] [68.0] [cxt 0] Bytes parsed: 14
[22:32:01.908] [bmv2] [D] [thread 6402] [68.0] [cxt 0] Parser 'parser' entering state 'parse_vlan'
[22:32:01.908] [bmv2] [D] [thread 6402] [68.0] [cxt 0] Extracting header 'vlan'
[22:32:01.908] [bmv2] [D] [thread 6402] [68.0] [cxt 0] Parser state 'parse_vlan': key is 0800
[22:32:01.908] [bmv2] [T] [thread 6402] [68.0] [cxt 0] Bytes parsed: 18
[22:32:01.908] [bmv2] [D] [thread 6402] [68.0] [cxt 0] Parser 'parser' entering state 'parse_ipv4'
[22:32:01.908] [bmv2] [D] [thread 6402] [68.0] [cxt 0] Extracting header 'ipv4'
[22:32:01.909] [bmv2] [D] [thread 6402] [68.0] [cxt 0] Parser set: setting field 'scalars.tmp' from expression, new value is 1
[22:32:01.909] [bmv2] [D] [thread 6402] [68.0] [cxt 0] Parser state 'parse_ipv4': key is 05
[22:32:01.909] [bmv2] [T] [thread 6402] [68.0] [cxt 0] Bytes parsed: 38
[22:32:01.909] [bmv2] [D] [thread 6402] [68.0] [cxt 0] Parser 'parser': end
[22:32:01.909] [bmv2] [D] [thread 6402] [68.0] [cxt 0] Pipeline 'ingress': start
[22:32:01.909] [bmv2] [T] [thread 6402] [68.0] [cxt 0] qos.p4(197) Condition "hdr.ipv4.isValid()" (node_2) is true
[22:32:01.909] [bmv2] [T] [thread 6402] [68.0] [cxt 0] qos.p4(198) Condition "hdr.ipv4_option.isValid()" (node_3) is false
[22:32:01.909] [bmv2] [T] [thread 6402] [68.0] [cxt 0] Applying table 'MyIngress.ipv4_lpm'
[22:32:01.909] [bmv2] [D] [thread 6402] [68.0] [cxt 0] Looking up key:
* hdr.ipv4.dstAddr    : 0a000202

[22:32:01.909] [bmv2] [D] [thread 6402] [68.0] [cxt 0] Table 'MyIngress.ipv4_lpm': hit with handle 2
[22:32:01.909] [bmv2] [D] [thread 6402] [68.0] [cxt 0] Dumping entry 2
Match key:
* hdr.ipv4.dstAddr    : LPM       0a000200/24
Action entry: MyIngress.ipv4_forward - 80000000200,3,

[22:32:01.909] [bmv2] [D] [thread 6402] [68.0] [cxt 0] Action entry is MyIngress.ipv4_forward - 80000000200,3,
[22:32:01.909] [bmv2] [T] [thread 6402] [68.0] [cxt 0] Action MyIngress.ipv4_forward
[22:32:01.909] [bmv2] [T] [thread 6402] [68.0] [cxt 0] qos.p4(175) Primitive standard_metadata.egress_spec = port
[22:32:01.909] [bmv2] [T] [thread 6402] [68.0] [cxt 0] qos.p4(176) Primitive hdr.ethernet.srcAddr = hdr.ethernet.dstAddr
[22:32:01.909] [bmv2] [T] [thread 6402] [68.0] [cxt 0] qos.p4(177) Primitive hdr.ethernet.dstAddr = dstAddr
[22:32:01.909] [bmv2] [T] [thread 6402] [68.0] [cxt 0] qos.p4(178) Primitive hdr.ipv4.ttl = hdr.ipv4.ttl - 1
[22:32:01.909] [bmv2] [D] [thread 6402] [68.0] [cxt 0] Pipeline 'ingress': end
[22:32:01.909] [bmv2] [D] [thread 6402] [68.0] [cxt 0] Egress port is 3
[22:32:01.909] [bmv2] [D] [thread 6406] [68.0] [cxt 0] Pipeline 'egress': start
[22:32:01.909] [bmv2] [D] [thread 6406] [68.0] [cxt 0] Pipeline 'egress': end
[22:32:01.909] [bmv2] [D] [thread 6406] [68.0] [cxt 0] Deparser 'deparser': start
[22:32:01.909] [bmv2] [D] [thread 6406] [68.0] [cxt 0] Updating checksum 'cksum'
[22:32:01.909] [bmv2] [D] [thread 6406] [68.0] [cxt 0] Deparsing header 'ethernet'
[22:32:01.909] [bmv2] [D] [thread 6406] [68.0] [cxt 0] Deparsing header 'vlan'
[22:32:01.909] [bmv2] [D] [thread 6406] [68.0] [cxt 0] Deparsing header 'ipv4'
[22:32:01.909] [bmv2] [D] [thread 6406] [68.0] [cxt 0] Deparser 'deparser': end
[22:32:01.910] [bmv2] [D] [thread 6407] [68.0] [cxt 0] Transmitting packet of size 558 out of port 3
[22:32:02.045] [bmv2] [D] [thread 6402] [69.0] [cxt 0] Processing packet received on port 1
[22:32:02.045] [bmv2] [D] [thread 6402] [69.0] [cxt 0] Parser 'parser': start
[22:32:02.045] [bmv2] [D] [thread 6402] [69.0] [cxt 0] Parser 'parser' entering state 'start'
[22:32:02.045] [bmv2] [D] [thread 6402] [69.0] [cxt 0] Extracting header 'ethernet'
[22:32:02.045] [bmv2] [D] [thread 6402] [69.0] [cxt 0] Parser state 'start': key is 8100
[22:32:02.045] [bmv2] [T] [thread 6402] [69.0] [cxt 0] Bytes parsed: 14
[22:32:02.045] [bmv2] [D] [thread 6402] [69.0] [cxt 0] Parser 'parser' entering state 'parse_vlan'
[22:32:02.045] [bmv2] [D] [thread 6402] [69.0] [cxt 0] Extracting header 'vlan'
[22:32:02.045] [bmv2] [D] [thread 6402] [69.0] [cxt 0] Parser state 'parse_vlan': key is 0800
[22:32:02.045] [bmv2] [T] [thread 6402] [69.0] [cxt 0] Bytes parsed: 18
[22:32:02.045] [bmv2] [D] [thread 6402] [69.0] [cxt 0] Parser 'parser' entering state 'parse_ipv4'
[22:32:02.045] [bmv2] [D] [thread 6402] [69.0] [cxt 0] Extracting header 'ipv4'
[22:32:02.045] [bmv2] [D] [thread 6402] [69.0] [cxt 0] Parser set: setting field 'scalars.tmp' from expression, new value is 1
[22:32:02.045] [bmv2] [D] [thread 6402] [69.0] [cxt 0] Parser state 'parse_ipv4': key is 05
[22:32:02.045] [bmv2] [T] [thread 6402] [69.0] [cxt 0] Bytes parsed: 38
[22:32:02.045] [bmv2] [D] [thread 6402] [69.0] [cxt 0] Parser 'parser': end
[22:32:02.045] [bmv2] [D] [thread 6402] [69.0] [cxt 0] Pipeline 'ingress': start
[22:32:02.045] [bmv2] [T] [thread 6402] [69.0] [cxt 0] qos.p4(197) Condition "hdr.ipv4.isValid()" (node_2) is true
[22:32:02.046] [bmv2] [T] [thread 6402] [69.0] [cxt 0] qos.p4(198) Condition "hdr.ipv4_option.isValid()" (node_3) is false
[22:32:02.046] [bmv2] [T] [thread 6402] [69.0] [cxt 0] Applying table 'MyIngress.ipv4_lpm'
[22:32:02.046] [bmv2] [D] [thread 6402] [69.0] [cxt 0] Looking up key:
* hdr.ipv4.dstAddr    : 0a000202

[22:32:02.046] [bmv2] [D] [thread 6402] [69.0] [cxt 0] Table 'MyIngress.ipv4_lpm': hit with handle 2
[22:32:02.046] [bmv2] [D] [thread 6402] [69.0] [cxt 0] Dumping entry 2
Match key:
* hdr.ipv4.dstAddr    : LPM       0a000200/24
Action entry: MyIngress.ipv4_forward - 80000000200,3,

[22:32:02.046] [bmv2] [D] [thread 6402] [69.0] [cxt 0] Action entry is MyIngress.ipv4_forward - 80000000200,3,
[22:32:02.046] [bmv2] [T] [thread 6402] [69.0] [cxt 0] Action MyIngress.ipv4_forward
[22:32:02.046] [bmv2] [T] [thread 6402] [69.0] [cxt 0] qos.p4(175) Primitive standard_metadata.egress_spec = port
[22:32:02.046] [bmv2] [T] [thread 6402] [69.0] [cxt 0] qos.p4(176) Primitive hdr.ethernet.srcAddr = hdr.ethernet.dstAddr
[22:32:02.046] [bmv2] [T] [thread 6402] [69.0] [cxt 0] qos.p4(177) Primitive hdr.ethernet.dstAddr = dstAddr
[22:32:02.046] [bmv2] [T] [thread 6402] [69.0] [cxt 0] qos.p4(178) Primitive hdr.ipv4.ttl = hdr.ipv4.ttl - 1
[22:32:02.046] [bmv2] [D] [thread 6402] [69.0] [cxt 0] Pipeline 'ingress': end
[22:32:02.046] [bmv2] [D] [thread 6402] [69.0] [cxt 0] Egress port is 3
[22:32:02.046] [bmv2] [D] [thread 6406] [69.0] [cxt 0] Pipeline 'egress': start
[22:32:02.046] [bmv2] [D] [thread 6406] [69.0] [cxt 0] Pipeline 'egress': end
[22:32:02.046] [bmv2] [D] [thread 6406] [69.0] [cxt 0] Deparser 'deparser': start
[22:32:02.046] [bmv2] [D] [thread 6406] [69.0] [cxt 0] Updating checksum 'cksum'
[22:32:02.046] [bmv2] [D] [thread 6406] [69.0] [cxt 0] Deparsing header 'ethernet'
[22:32:02.046] [bmv2] [D] [thread 6406] [69.0] [cxt 0] Deparsing header 'vlan'
[22:32:02.046] [bmv2] [D] [thread 6406] [69.0] [cxt 0] Deparsing header 'ipv4'
[22:32:02.046] [bmv2] [D] [thread 6406] [69.0] [cxt 0] Deparser 'deparser': end
[22:32:02.046] [bmv2] [D] [thread 6407] [69.0] [cxt 0] Transmitting packet of size 558 out of port 3
[22:32:02.178] [bmv2] [D] [thread 6402] [70.0] [cxt 0] Processing packet received on port 1
[22:32:02.178] [bmv2] [D] [thread 6402] [70.0] [cxt 0] Parser 'parser': start
[22:32:02.178] [bmv2] [D] [thread 6402] [70.0] [cxt 0] Parser 'parser' entering state 'start'
[22:32:02.178] [bmv2] [D] [thread 6402] [70.0] [cxt 0] Extracting header 'ethernet'
[22:32:02.178] [bmv2] [D] [thread 6402] [70.0] [cxt 0] Parser state 'start': key is 8100
[22:32:02.178] [bmv2] [T] [thread 6402] [70.0] [cxt 0] Bytes parsed: 14
[22:32:02.178] [bmv2] [D] [thread 6402] [70.0] [cxt 0] Parser 'parser' entering state 'parse_vlan'
[22:32:02.178] [bmv2] [D] [thread 6402] [70.0] [cxt 0] Extracting header 'vlan'
[22:32:02.178] [bmv2] [D] [thread 6402] [70.0] [cxt 0] Parser state 'parse_vlan': key is 0800
[22:32:02.178] [bmv2] [T] [thread 6402] [70.0] [cxt 0] Bytes parsed: 18
[22:32:02.178] [bmv2] [D] [thread 6402] [70.0] [cxt 0] Parser 'parser' entering state 'parse_ipv4'
[22:32:02.178] [bmv2] [D] [thread 6402] [70.0] [cxt 0] Extracting header 'ipv4'
[22:32:02.178] [bmv2] [D] [thread 6402] [70.0] [cxt 0] Parser set: setting field 'scalars.tmp' from expression, new value is 1
[22:32:02.178] [bmv2] [D] [thread 6402] [70.0] [cxt 0] Parser state 'parse_ipv4': key is 05
[22:32:02.178] [bmv2] [T] [thread 6402] [70.0] [cxt 0] Bytes parsed: 38
[22:32:02.178] [bmv2] [D] [thread 6402] [70.0] [cxt 0] Parser 'parser': end
[22:32:02.178] [bmv2] [D] [thread 6402] [70.0] [cxt 0] Pipeline 'ingress': start
[22:32:02.178] [bmv2] [T] [thread 6402] [70.0] [cxt 0] qos.p4(197) Condition "hdr.ipv4.isValid()" (node_2) is true
[22:32:02.178] [bmv2] [T] [thread 6402] [70.0] [cxt 0] qos.p4(198) Condition "hdr.ipv4_option.isValid()" (node_3) is false
[22:32:02.178] [bmv2] [T] [thread 6402] [70.0] [cxt 0] Applying table 'MyIngress.ipv4_lpm'
[22:32:02.178] [bmv2] [D] [thread 6402] [70.0] [cxt 0] Looking up key:
* hdr.ipv4.dstAddr    : 0a000202

[22:32:02.178] [bmv2] [D] [thread 6402] [70.0] [cxt 0] Table 'MyIngress.ipv4_lpm': hit with handle 2
[22:32:02.178] [bmv2] [D] [thread 6402] [70.0] [cxt 0] Dumping entry 2
Match key:
* hdr.ipv4.dstAddr    : LPM       0a000200/24
Action entry: MyIngress.ipv4_forward - 80000000200,3,

[22:32:02.178] [bmv2] [D] [thread 6402] [70.0] [cxt 0] Action entry is MyIngress.ipv4_forward - 80000000200,3,
[22:32:02.178] [bmv2] [T] [thread 6402] [70.0] [cxt 0] Action MyIngress.ipv4_forward
[22:32:02.178] [bmv2] [T] [thread 6402] [70.0] [cxt 0] qos.p4(175) Primitive standard_metadata.egress_spec = port
[22:32:02.178] [bmv2] [T] [thread 6402] [70.0] [cxt 0] qos.p4(176) Primitive hdr.ethernet.srcAddr = hdr.ethernet.dstAddr
[22:32:02.178] [bmv2] [T] [thread 6402] [70.0] [cxt 0] qos.p4(177) Primitive hdr.ethernet.dstAddr = dstAddr
[22:32:02.178] [bmv2] [T] [thread 6402] [70.0] [cxt 0] qos.p4(178) Primitive hdr.ipv4.ttl = hdr.ipv4.ttl - 1
[22:32:02.179] [bmv2] [D] [thread 6402] [70.0] [cxt 0] Pipeline 'ingress': end
[22:32:02.179] [bmv2] [D] [thread 6402] [70.0] [cxt 0] Egress port is 3
[22:32:02.179] [bmv2] [D] [thread 6406] [70.0] [cxt 0] Pipeline 'egress': start
[22:32:02.179] [bmv2] [D] [thread 6406] [70.0] [cxt 0] Pipeline 'egress': end
[22:32:02.179] [bmv2] [D] [thread 6406] [70.0] [cxt 0] Deparser 'deparser': start
[22:32:02.179] [bmv2] [D] [thread 6406] [70.0] [cxt 0] Updating checksum 'cksum'
[22:32:02.179] [bmv2] [D] [thread 6406] [70.0] [cxt 0] Deparsing header 'ethernet'
[22:32:02.179] [bmv2] [D] [thread 6406] [70.0] [cxt 0] Deparsing header 'vlan'
[22:32:02.179] [bmv2] [D] [thread 6406] [70.0] [cxt 0] Deparsing header 'ipv4'
[22:32:02.179] [bmv2] [D] [thread 6406] [70.0] [cxt 0] Deparser 'deparser': end
[22:32:02.179] [bmv2] [D] [thread 6407] [70.0] [cxt 0] Transmitting packet of size 558 out of port 3
[22:32:02.323] [bmv2] [D] [thread 6402] [71.0] [cxt 0] Processing packet received on port 1
[22:32:02.323] [bmv2] [D] [thread 6402] [71.0] [cxt 0] Parser 'parser': start
[22:32:02.323] [bmv2] [D] [thread 6402] [71.0] [cxt 0] Parser 'parser' entering state 'start'
[22:32:02.323] [bmv2] [D] [thread 6402] [71.0] [cxt 0] Extracting header 'ethernet'
[22:32:02.323] [bmv2] [D] [thread 6402] [71.0] [cxt 0] Parser state 'start': key is 8100
[22:32:02.323] [bmv2] [T] [thread 6402] [71.0] [cxt 0] Bytes parsed: 14
[22:32:02.323] [bmv2] [D] [thread 6402] [71.0] [cxt 0] Parser 'parser' entering state 'parse_vlan'
[22:32:02.323] [bmv2] [D] [thread 6402] [71.0] [cxt 0] Extracting header 'vlan'
[22:32:02.323] [bmv2] [D] [thread 6402] [71.0] [cxt 0] Parser state 'parse_vlan': key is 0800
[22:32:02.323] [bmv2] [T] [thread 6402] [71.0] [cxt 0] Bytes parsed: 18
[22:32:02.323] [bmv2] [D] [thread 6402] [71.0] [cxt 0] Parser 'parser' entering state 'parse_ipv4'
[22:32:02.323] [bmv2] [D] [thread 6402] [71.0] [cxt 0] Extracting header 'ipv4'
[22:32:02.323] [bmv2] [D] [thread 6402] [71.0] [cxt 0] Parser set: setting field 'scalars.tmp' from expression, new value is 1
[22:32:02.323] [bmv2] [D] [thread 6402] [71.0] [cxt 0] Parser state 'parse_ipv4': key is 05
[22:32:02.323] [bmv2] [T] [thread 6402] [71.0] [cxt 0] Bytes parsed: 38
[22:32:02.323] [bmv2] [D] [thread 6402] [71.0] [cxt 0] Parser 'parser': end
[22:32:02.323] [bmv2] [D] [thread 6402] [71.0] [cxt 0] Pipeline 'ingress': start
[22:32:02.323] [bmv2] [T] [thread 6402] [71.0] [cxt 0] qos.p4(197) Condition "hdr.ipv4.isValid()" (node_2) is true
[22:32:02.323] [bmv2] [T] [thread 6402] [71.0] [cxt 0] qos.p4(198) Condition "hdr.ipv4_option.isValid()" (node_3) is false
[22:32:02.323] [bmv2] [T] [thread 6402] [71.0] [cxt 0] Applying table 'MyIngress.ipv4_lpm'
[22:32:02.324] [bmv2] [D] [thread 6402] [71.0] [cxt 0] Looking up key:
* hdr.ipv4.dstAddr    : 0a000202

[22:32:02.324] [bmv2] [D] [thread 6402] [71.0] [cxt 0] Table 'MyIngress.ipv4_lpm': hit with handle 2
[22:32:02.324] [bmv2] [D] [thread 6402] [71.0] [cxt 0] Dumping entry 2
Match key:
* hdr.ipv4.dstAddr    : LPM       0a000200/24
Action entry: MyIngress.ipv4_forward - 80000000200,3,

[22:32:02.324] [bmv2] [D] [thread 6402] [71.0] [cxt 0] Action entry is MyIngress.ipv4_forward - 80000000200,3,
[22:32:02.324] [bmv2] [T] [thread 6402] [71.0] [cxt 0] Action MyIngress.ipv4_forward
[22:32:02.324] [bmv2] [T] [thread 6402] [71.0] [cxt 0] qos.p4(175) Primitive standard_metadata.egress_spec = port
[22:32:02.324] [bmv2] [T] [thread 6402] [71.0] [cxt 0] qos.p4(176) Primitive hdr.ethernet.srcAddr = hdr.ethernet.dstAddr
[22:32:02.324] [bmv2] [T] [thread 6402] [71.0] [cxt 0] qos.p4(177) Primitive hdr.ethernet.dstAddr = dstAddr
[22:32:02.324] [bmv2] [T] [thread 6402] [71.0] [cxt 0] qos.p4(178) Primitive hdr.ipv4.ttl = hdr.ipv4.ttl - 1
[22:32:02.324] [bmv2] [D] [thread 6402] [71.0] [cxt 0] Pipeline 'ingress': end
[22:32:02.324] [bmv2] [D] [thread 6402] [71.0] [cxt 0] Egress port is 3
[22:32:02.324] [bmv2] [D] [thread 6406] [71.0] [cxt 0] Pipeline 'egress': start
[22:32:02.324] [bmv2] [D] [thread 6406] [71.0] [cxt 0] Pipeline 'egress': end
[22:32:02.324] [bmv2] [D] [thread 6406] [71.0] [cxt 0] Deparser 'deparser': start
[22:32:02.325] [bmv2] [D] [thread 6406] [71.0] [cxt 0] Updating checksum 'cksum'
[22:32:02.325] [bmv2] [D] [thread 6406] [71.0] [cxt 0] Deparsing header 'ethernet'
[22:32:02.325] [bmv2] [D] [thread 6406] [71.0] [cxt 0] Deparsing header 'vlan'
[22:32:02.325] [bmv2] [D] [thread 6406] [71.0] [cxt 0] Deparsing header 'ipv4'
[22:32:02.325] [bmv2] [D] [thread 6406] [71.0] [cxt 0] Deparser 'deparser': end
[22:32:02.325] [bmv2] [D] [thread 6407] [71.0] [cxt 0] Transmitting packet of size 558 out of port 3
[22:32:02.444] [bmv2] [D] [thread 6402] [72.0] [cxt 0] Processing packet received on port 1
[22:32:02.444] [bmv2] [D] [thread 6402] [72.0] [cxt 0] Parser 'parser': start
[22:32:02.444] [bmv2] [D] [thread 6402] [72.0] [cxt 0] Parser 'parser' entering state 'start'
[22:32:02.444] [bmv2] [D] [thread 6402] [72.0] [cxt 0] Extracting header 'ethernet'
[22:32:02.444] [bmv2] [D] [thread 6402] [72.0] [cxt 0] Parser state 'start': key is 8100
[22:32:02.444] [bmv2] [T] [thread 6402] [72.0] [cxt 0] Bytes parsed: 14
[22:32:02.444] [bmv2] [D] [thread 6402] [72.0] [cxt 0] Parser 'parser' entering state 'parse_vlan'
[22:32:02.444] [bmv2] [D] [thread 6402] [72.0] [cxt 0] Extracting header 'vlan'
[22:32:02.444] [bmv2] [D] [thread 6402] [72.0] [cxt 0] Parser state 'parse_vlan': key is 0800
[22:32:02.444] [bmv2] [T] [thread 6402] [72.0] [cxt 0] Bytes parsed: 18
[22:32:02.444] [bmv2] [D] [thread 6402] [72.0] [cxt 0] Parser 'parser' entering state 'parse_ipv4'
[22:32:02.444] [bmv2] [D] [thread 6402] [72.0] [cxt 0] Extracting header 'ipv4'
[22:32:02.444] [bmv2] [D] [thread 6402] [72.0] [cxt 0] Parser set: setting field 'scalars.tmp' from expression, new value is 1
[22:32:02.444] [bmv2] [D] [thread 6402] [72.0] [cxt 0] Parser state 'parse_ipv4': key is 05
[22:32:02.444] [bmv2] [T] [thread 6402] [72.0] [cxt 0] Bytes parsed: 38
[22:32:02.444] [bmv2] [D] [thread 6402] [72.0] [cxt 0] Parser 'parser': end
[22:32:02.444] [bmv2] [D] [thread 6402] [72.0] [cxt 0] Pipeline 'ingress': start
[22:32:02.444] [bmv2] [T] [thread 6402] [72.0] [cxt 0] qos.p4(197) Condition "hdr.ipv4.isValid()" (node_2) is true
[22:32:02.445] [bmv2] [T] [thread 6402] [72.0] [cxt 0] qos.p4(198) Condition "hdr.ipv4_option.isValid()" (node_3) is false
[22:32:02.445] [bmv2] [T] [thread 6402] [72.0] [cxt 0] Applying table 'MyIngress.ipv4_lpm'
[22:32:02.445] [bmv2] [D] [thread 6402] [72.0] [cxt 0] Looking up key:
* hdr.ipv4.dstAddr    : 0a000202

[22:32:02.445] [bmv2] [D] [thread 6402] [72.0] [cxt 0] Table 'MyIngress.ipv4_lpm': hit with handle 2
[22:32:02.445] [bmv2] [D] [thread 6402] [72.0] [cxt 0] Dumping entry 2
Match key:
* hdr.ipv4.dstAddr    : LPM       0a000200/24
Action entry: MyIngress.ipv4_forward - 80000000200,3,

[22:32:02.445] [bmv2] [D] [thread 6402] [72.0] [cxt 0] Action entry is MyIngress.ipv4_forward - 80000000200,3,
[22:32:02.445] [bmv2] [T] [thread 6402] [72.0] [cxt 0] Action MyIngress.ipv4_forward
[22:32:02.445] [bmv2] [T] [thread 6402] [72.0] [cxt 0] qos.p4(175) Primitive standard_metadata.egress_spec = port
[22:32:02.445] [bmv2] [T] [thread 6402] [72.0] [cxt 0] qos.p4(176) Primitive hdr.ethernet.srcAddr = hdr.ethernet.dstAddr
[22:32:02.445] [bmv2] [T] [thread 6402] [72.0] [cxt 0] qos.p4(177) Primitive hdr.ethernet.dstAddr = dstAddr
[22:32:02.445] [bmv2] [T] [thread 6402] [72.0] [cxt 0] qos.p4(178) Primitive hdr.ipv4.ttl = hdr.ipv4.ttl - 1
[22:32:02.445] [bmv2] [D] [thread 6402] [72.0] [cxt 0] Pipeline 'ingress': end
[22:32:02.445] [bmv2] [D] [thread 6402] [72.0] [cxt 0] Egress port is 3
[22:32:02.445] [bmv2] [D] [thread 6406] [72.0] [cxt 0] Pipeline 'egress': start
[22:32:02.445] [bmv2] [D] [thread 6406] [72.0] [cxt 0] Pipeline 'egress': end
[22:32:02.445] [bmv2] [D] [thread 6406] [72.0] [cxt 0] Deparser 'deparser': start
[22:32:02.445] [bmv2] [D] [thread 6406] [72.0] [cxt 0] Updating checksum 'cksum'
[22:32:02.445] [bmv2] [D] [thread 6406] [72.0] [cxt 0] Deparsing header 'ethernet'
[22:32:02.445] [bmv2] [D] [thread 6406] [72.0] [cxt 0] Deparsing header 'vlan'
[22:32:02.445] [bmv2] [D] [thread 6406] [72.0] [cxt 0] Deparsing header 'ipv4'
[22:32:02.445] [bmv2] [D] [thread 6406] [72.0] [cxt 0] Deparser 'deparser': end
[22:32:02.445] [bmv2] [D] [thread 6407] [72.0] [cxt 0] Transmitting packet of size 558 out of port 3
[22:32:02.575] [bmv2] [D] [thread 6402] [73.0] [cxt 0] Processing packet received on port 1
[22:32:02.575] [bmv2] [D] [thread 6402] [73.0] [cxt 0] Parser 'parser': start
[22:32:02.575] [bmv2] [D] [thread 6402] [73.0] [cxt 0] Parser 'parser' entering state 'start'
[22:32:02.575] [bmv2] [D] [thread 6402] [73.0] [cxt 0] Extracting header 'ethernet'
[22:32:02.575] [bmv2] [D] [thread 6402] [73.0] [cxt 0] Parser state 'start': key is 8100
[22:32:02.575] [bmv2] [T] [thread 6402] [73.0] [cxt 0] Bytes parsed: 14
[22:32:02.575] [bmv2] [D] [thread 6402] [73.0] [cxt 0] Parser 'parser' entering state 'parse_vlan'
[22:32:02.575] [bmv2] [D] [thread 6402] [73.0] [cxt 0] Extracting header 'vlan'
[22:32:02.575] [bmv2] [D] [thread 6402] [73.0] [cxt 0] Parser state 'parse_vlan': key is 0800
[22:32:02.575] [bmv2] [T] [thread 6402] [73.0] [cxt 0] Bytes parsed: 18
[22:32:02.575] [bmv2] [D] [thread 6402] [73.0] [cxt 0] Parser 'parser' entering state 'parse_ipv4'
[22:32:02.575] [bmv2] [D] [thread 6402] [73.0] [cxt 0] Extracting header 'ipv4'
[22:32:02.575] [bmv2] [D] [thread 6402] [73.0] [cxt 0] Parser set: setting field 'scalars.tmp' from expression, new value is 1
[22:32:02.575] [bmv2] [D] [thread 6402] [73.0] [cxt 0] Parser state 'parse_ipv4': key is 05
[22:32:02.575] [bmv2] [T] [thread 6402] [73.0] [cxt 0] Bytes parsed: 38
[22:32:02.575] [bmv2] [D] [thread 6402] [73.0] [cxt 0] Parser 'parser': end
[22:32:02.575] [bmv2] [D] [thread 6402] [73.0] [cxt 0] Pipeline 'ingress': start
[22:32:02.576] [bmv2] [T] [thread 6402] [73.0] [cxt 0] qos.p4(197) Condition "hdr.ipv4.isValid()" (node_2) is true
[22:32:02.576] [bmv2] [T] [thread 6402] [73.0] [cxt 0] qos.p4(198) Condition "hdr.ipv4_option.isValid()" (node_3) is false
[22:32:02.576] [bmv2] [T] [thread 6402] [73.0] [cxt 0] Applying table 'MyIngress.ipv4_lpm'
[22:32:02.576] [bmv2] [D] [thread 6402] [73.0] [cxt 0] Looking up key:
* hdr.ipv4.dstAddr    : 0a000202

[22:32:02.576] [bmv2] [D] [thread 6402] [73.0] [cxt 0] Table 'MyIngress.ipv4_lpm': hit with handle 2
[22:32:02.576] [bmv2] [D] [thread 6402] [73.0] [cxt 0] Dumping entry 2
Match key:
* hdr.ipv4.dstAddr    : LPM       0a000200/24
Action entry: MyIngress.ipv4_forward - 80000000200,3,

[22:32:02.576] [bmv2] [D] [thread 6402] [73.0] [cxt 0] Action entry is MyIngress.ipv4_forward - 80000000200,3,
[22:32:02.576] [bmv2] [T] [thread 6402] [73.0] [cxt 0] Action MyIngress.ipv4_forward
[22:32:02.576] [bmv2] [T] [thread 6402] [73.0] [cxt 0] qos.p4(175) Primitive standard_metadata.egress_spec = port
[22:32:02.576] [bmv2] [T] [thread 6402] [73.0] [cxt 0] qos.p4(176) Primitive hdr.ethernet.srcAddr = hdr.ethernet.dstAddr
[22:32:02.576] [bmv2] [T] [thread 6402] [73.0] [cxt 0] qos.p4(177) Primitive hdr.ethernet.dstAddr = dstAddr
[22:32:02.576] [bmv2] [T] [thread 6402] [73.0] [cxt 0] qos.p4(178) Primitive hdr.ipv4.ttl = hdr.ipv4.ttl - 1
[22:32:02.576] [bmv2] [D] [thread 6402] [73.0] [cxt 0] Pipeline 'ingress': end
[22:32:02.576] [bmv2] [D] [thread 6402] [73.0] [cxt 0] Egress port is 3
[22:32:02.576] [bmv2] [D] [thread 6406] [73.0] [cxt 0] Pipeline 'egress': start
[22:32:02.576] [bmv2] [D] [thread 6406] [73.0] [cxt 0] Pipeline 'egress': end
[22:32:02.576] [bmv2] [D] [thread 6406] [73.0] [cxt 0] Deparser 'deparser': start
[22:32:02.576] [bmv2] [D] [thread 6406] [73.0] [cxt 0] Updating checksum 'cksum'
[22:32:02.576] [bmv2] [D] [thread 6406] [73.0] [cxt 0] Deparsing header 'ethernet'
[22:32:02.576] [bmv2] [D] [thread 6406] [73.0] [cxt 0] Deparsing header 'vlan'
[22:32:02.576] [bmv2] [D] [thread 6406] [73.0] [cxt 0] Deparsing header 'ipv4'
[22:32:02.576] [bmv2] [D] [thread 6406] [73.0] [cxt 0] Deparser 'deparser': end
[22:32:02.576] [bmv2] [D] [thread 6407] [73.0] [cxt 0] Transmitting packet of size 558 out of port 3
[22:32:02.702] [bmv2] [D] [thread 6402] [74.0] [cxt 0] Processing packet received on port 1
[22:32:02.702] [bmv2] [D] [thread 6402] [74.0] [cxt 0] Parser 'parser': start
[22:32:02.702] [bmv2] [D] [thread 6402] [74.0] [cxt 0] Parser 'parser' entering state 'start'
[22:32:02.702] [bmv2] [D] [thread 6402] [74.0] [cxt 0] Extracting header 'ethernet'
[22:32:02.702] [bmv2] [D] [thread 6402] [74.0] [cxt 0] Parser state 'start': key is 8100
[22:32:02.702] [bmv2] [T] [thread 6402] [74.0] [cxt 0] Bytes parsed: 14
[22:32:02.702] [bmv2] [D] [thread 6402] [74.0] [cxt 0] Parser 'parser' entering state 'parse_vlan'
[22:32:02.702] [bmv2] [D] [thread 6402] [74.0] [cxt 0] Extracting header 'vlan'
[22:32:02.702] [bmv2] [D] [thread 6402] [74.0] [cxt 0] Parser state 'parse_vlan': key is 0800
[22:32:02.702] [bmv2] [T] [thread 6402] [74.0] [cxt 0] Bytes parsed: 18
[22:32:02.702] [bmv2] [D] [thread 6402] [74.0] [cxt 0] Parser 'parser' entering state 'parse_ipv4'
[22:32:02.702] [bmv2] [D] [thread 6402] [74.0] [cxt 0] Extracting header 'ipv4'
[22:32:02.702] [bmv2] [D] [thread 6402] [74.0] [cxt 0] Parser set: setting field 'scalars.tmp' from expression, new value is 1
[22:32:02.702] [bmv2] [D] [thread 6402] [74.0] [cxt 0] Parser state 'parse_ipv4': key is 05
[22:32:02.702] [bmv2] [T] [thread 6402] [74.0] [cxt 0] Bytes parsed: 38
[22:32:02.702] [bmv2] [D] [thread 6402] [74.0] [cxt 0] Parser 'parser': end
[22:32:02.702] [bmv2] [D] [thread 6402] [74.0] [cxt 0] Pipeline 'ingress': start
[22:32:02.702] [bmv2] [T] [thread 6402] [74.0] [cxt 0] qos.p4(197) Condition "hdr.ipv4.isValid()" (node_2) is true
[22:32:02.702] [bmv2] [T] [thread 6402] [74.0] [cxt 0] qos.p4(198) Condition "hdr.ipv4_option.isValid()" (node_3) is false
[22:32:02.702] [bmv2] [T] [thread 6402] [74.0] [cxt 0] Applying table 'MyIngress.ipv4_lpm'
[22:32:02.702] [bmv2] [D] [thread 6402] [74.0] [cxt 0] Looking up key:
* hdr.ipv4.dstAddr    : 0a000202

[22:32:02.702] [bmv2] [D] [thread 6402] [74.0] [cxt 0] Table 'MyIngress.ipv4_lpm': hit with handle 2
[22:32:02.702] [bmv2] [D] [thread 6402] [74.0] [cxt 0] Dumping entry 2
Match key:
* hdr.ipv4.dstAddr    : LPM       0a000200/24
Action entry: MyIngress.ipv4_forward - 80000000200,3,

[22:32:02.702] [bmv2] [D] [thread 6402] [74.0] [cxt 0] Action entry is MyIngress.ipv4_forward - 80000000200,3,
[22:32:02.703] [bmv2] [T] [thread 6402] [74.0] [cxt 0] Action MyIngress.ipv4_forward
[22:32:02.703] [bmv2] [T] [thread 6402] [74.0] [cxt 0] qos.p4(175) Primitive standard_metadata.egress_spec = port
[22:32:02.703] [bmv2] [T] [thread 6402] [74.0] [cxt 0] qos.p4(176) Primitive hdr.ethernet.srcAddr = hdr.ethernet.dstAddr
[22:32:02.703] [bmv2] [T] [thread 6402] [74.0] [cxt 0] qos.p4(177) Primitive hdr.ethernet.dstAddr = dstAddr
[22:32:02.703] [bmv2] [T] [thread 6402] [74.0] [cxt 0] qos.p4(178) Primitive hdr.ipv4.ttl = hdr.ipv4.ttl - 1
[22:32:02.703] [bmv2] [D] [thread 6402] [74.0] [cxt 0] Pipeline 'ingress': end
[22:32:02.703] [bmv2] [D] [thread 6402] [74.0] [cxt 0] Egress port is 3
[22:32:02.703] [bmv2] [D] [thread 6406] [74.0] [cxt 0] Pipeline 'egress': start
[22:32:02.703] [bmv2] [D] [thread 6406] [74.0] [cxt 0] Pipeline 'egress': end
[22:32:02.703] [bmv2] [D] [thread 6406] [74.0] [cxt 0] Deparser 'deparser': start
[22:32:02.703] [bmv2] [D] [thread 6406] [74.0] [cxt 0] Updating checksum 'cksum'
[22:32:02.703] [bmv2] [D] [thread 6406] [74.0] [cxt 0] Deparsing header 'ethernet'
[22:32:02.703] [bmv2] [D] [thread 6406] [74.0] [cxt 0] Deparsing header 'vlan'
[22:32:02.703] [bmv2] [D] [thread 6406] [74.0] [cxt 0] Deparsing header 'ipv4'
[22:32:02.703] [bmv2] [D] [thread 6406] [74.0] [cxt 0] Deparser 'deparser': end
[22:32:02.703] [bmv2] [D] [thread 6407] [74.0] [cxt 0] Transmitting packet of size 558 out of port 3
[22:32:02.741] [bmv2] [D] [thread 6402] [75.0] [cxt 0] Processing packet received on port 2
[22:32:02.741] [bmv2] [D] [thread 6402] [75.0] [cxt 0] Parser 'parser': start
[22:32:02.741] [bmv2] [D] [thread 6402] [75.0] [cxt 0] Parser 'parser' entering state 'start'
[22:32:02.741] [bmv2] [D] [thread 6402] [75.0] [cxt 0] Extracting header 'ethernet'
[22:32:02.741] [bmv2] [D] [thread 6402] [75.0] [cxt 0] Parser state 'start': key is 86dd
[22:32:02.741] [bmv2] [T] [thread 6402] [75.0] [cxt 0] Bytes parsed: 14
[22:32:02.741] [bmv2] [D] [thread 6402] [75.0] [cxt 0] Parser 'parser': end
[22:32:02.741] [bmv2] [D] [thread 6402] [75.0] [cxt 0] Pipeline 'ingress': start
[22:32:02.741] [bmv2] [T] [thread 6402] [75.0] [cxt 0] qos.p4(197) Condition "hdr.ipv4.isValid()" (node_2) is false
[22:32:02.741] [bmv2] [D] [thread 6402] [75.0] [cxt 0] Pipeline 'ingress': end
[22:32:02.741] [bmv2] [D] [thread 6402] [75.0] [cxt 0] Egress port is 0
[22:32:02.741] [bmv2] [D] [thread 6402] [76.0] [cxt 0] Processing packet received on port 3
[22:32:02.741] [bmv2] [D] [thread 6402] [76.0] [cxt 0] Parser 'parser': start
[22:32:02.741] [bmv2] [D] [thread 6402] [76.0] [cxt 0] Parser 'parser' entering state 'start'
[22:32:02.741] [bmv2] [D] [thread 6402] [76.0] [cxt 0] Extracting header 'ethernet'
[22:32:02.741] [bmv2] [D] [thread 6402] [76.0] [cxt 0] Parser state 'start': key is 86dd
[22:32:02.741] [bmv2] [T] [thread 6402] [76.0] [cxt 0] Bytes parsed: 14
[22:32:02.741] [bmv2] [D] [thread 6402] [76.0] [cxt 0] Parser 'parser': end
[22:32:02.741] [bmv2] [D] [thread 6402] [76.0] [cxt 0] Pipeline 'ingress': start
[22:32:02.741] [bmv2] [T] [thread 6402] [76.0] [cxt 0] qos.p4(197) Condition "hdr.ipv4.isValid()" (node_2) is false
[22:32:02.741] [bmv2] [D] [thread 6402] [76.0] [cxt 0] Pipeline 'ingress': end
[22:32:02.741] [bmv2] [D] [thread 6402] [76.0] [cxt 0] Egress port is 0
[22:32:02.742] [bmv2] [D] [thread 6403] [75.0] [cxt 0] Pipeline 'egress': start
[22:32:02.742] [bmv2] [D] [thread 6403] [75.0] [cxt 0] Pipeline 'egress': end
[22:32:02.743] [bmv2] [D] [thread 6403] [75.0] [cxt 0] Deparser 'deparser': start
[22:32:02.743] [bmv2] [T] [thread 6403] [75.0] [cxt 0] Skipping checksum 'cksum' update because condition not met
[22:32:02.743] [bmv2] [D] [thread 6403] [75.0] [cxt 0] Deparsing header 'ethernet'
[22:32:02.743] [bmv2] [D] [thread 6403] [75.0] [cxt 0] Deparser 'deparser': end
[22:32:02.743] [bmv2] [D] [thread 6403] [76.0] [cxt 0] Pipeline 'egress': start
[22:32:02.743] [bmv2] [D] [thread 6403] [76.0] [cxt 0] Pipeline 'egress': end
[22:32:02.743] [bmv2] [D] [thread 6403] [76.0] [cxt 0] Deparser 'deparser': start
[22:32:02.743] [bmv2] [T] [thread 6403] [76.0] [cxt 0] Skipping checksum 'cksum' update because condition not met
[22:32:02.743] [bmv2] [D] [thread 6403] [76.0] [cxt 0] Deparsing header 'ethernet'
[22:32:02.743] [bmv2] [D] [thread 6403] [76.0] [cxt 0] Deparser 'deparser': end
[22:32:02.743] [bmv2] [D] [thread 6407] [75.0] [cxt 0] Transmitting packet of size 70 out of port 0
[22:32:02.743] [bmv2] [D] [thread 6407] [76.0] [cxt 0] Transmitting packet of size 70 out of port 0
[22:32:02.833] [bmv2] [D] [thread 6402] [77.0] [cxt 0] Processing packet received on port 1
[22:32:02.833] [bmv2] [D] [thread 6402] [77.0] [cxt 0] Parser 'parser': start
[22:32:02.833] [bmv2] [D] [thread 6402] [77.0] [cxt 0] Parser 'parser' entering state 'start'
[22:32:02.834] [bmv2] [D] [thread 6402] [77.0] [cxt 0] Extracting header 'ethernet'
[22:32:02.834] [bmv2] [D] [thread 6402] [77.0] [cxt 0] Parser state 'start': key is 8100
[22:32:02.834] [bmv2] [T] [thread 6402] [77.0] [cxt 0] Bytes parsed: 14
[22:32:02.834] [bmv2] [D] [thread 6402] [77.0] [cxt 0] Parser 'parser' entering state 'parse_vlan'
[22:32:02.834] [bmv2] [D] [thread 6402] [77.0] [cxt 0] Extracting header 'vlan'
[22:32:02.834] [bmv2] [D] [thread 6402] [77.0] [cxt 0] Parser state 'parse_vlan': key is 0800
[22:32:02.834] [bmv2] [T] [thread 6402] [77.0] [cxt 0] Bytes parsed: 18
[22:32:02.834] [bmv2] [D] [thread 6402] [77.0] [cxt 0] Parser 'parser' entering state 'parse_ipv4'
[22:32:02.834] [bmv2] [D] [thread 6402] [77.0] [cxt 0] Extracting header 'ipv4'
[22:32:02.834] [bmv2] [D] [thread 6402] [77.0] [cxt 0] Parser set: setting field 'scalars.tmp' from expression, new value is 1
[22:32:02.834] [bmv2] [D] [thread 6402] [77.0] [cxt 0] Parser state 'parse_ipv4': key is 05
[22:32:02.834] [bmv2] [T] [thread 6402] [77.0] [cxt 0] Bytes parsed: 38
[22:32:02.834] [bmv2] [D] [thread 6402] [77.0] [cxt 0] Parser 'parser': end
[22:32:02.834] [bmv2] [D] [thread 6402] [77.0] [cxt 0] Pipeline 'ingress': start
[22:32:02.834] [bmv2] [T] [thread 6402] [77.0] [cxt 0] qos.p4(197) Condition "hdr.ipv4.isValid()" (node_2) is true
[22:32:02.834] [bmv2] [T] [thread 6402] [77.0] [cxt 0] qos.p4(198) Condition "hdr.ipv4_option.isValid()" (node_3) is false
[22:32:02.834] [bmv2] [T] [thread 6402] [77.0] [cxt 0] Applying table 'MyIngress.ipv4_lpm'
[22:32:02.834] [bmv2] [D] [thread 6402] [77.0] [cxt 0] Looking up key:
* hdr.ipv4.dstAddr    : 0a000202

[22:32:02.834] [bmv2] [D] [thread 6402] [77.0] [cxt 0] Table 'MyIngress.ipv4_lpm': hit with handle 2
[22:32:02.834] [bmv2] [D] [thread 6402] [77.0] [cxt 0] Dumping entry 2
Match key:
* hdr.ipv4.dstAddr    : LPM       0a000200/24
Action entry: MyIngress.ipv4_forward - 80000000200,3,

[22:32:02.834] [bmv2] [D] [thread 6402] [77.0] [cxt 0] Action entry is MyIngress.ipv4_forward - 80000000200,3,
[22:32:02.834] [bmv2] [T] [thread 6402] [77.0] [cxt 0] Action MyIngress.ipv4_forward
[22:32:02.834] [bmv2] [T] [thread 6402] [77.0] [cxt 0] qos.p4(175) Primitive standard_metadata.egress_spec = port
[22:32:02.834] [bmv2] [T] [thread 6402] [77.0] [cxt 0] qos.p4(176) Primitive hdr.ethernet.srcAddr = hdr.ethernet.dstAddr
[22:32:02.834] [bmv2] [T] [thread 6402] [77.0] [cxt 0] qos.p4(177) Primitive hdr.ethernet.dstAddr = dstAddr
[22:32:02.834] [bmv2] [T] [thread 6402] [77.0] [cxt 0] qos.p4(178) Primitive hdr.ipv4.ttl = hdr.ipv4.ttl - 1
[22:32:02.835] [bmv2] [D] [thread 6402] [77.0] [cxt 0] Pipeline 'ingress': end
[22:32:02.835] [bmv2] [D] [thread 6402] [77.0] [cxt 0] Egress port is 3
[22:32:02.835] [bmv2] [D] [thread 6406] [77.0] [cxt 0] Pipeline 'egress': start
[22:32:02.835] [bmv2] [D] [thread 6406] [77.0] [cxt 0] Pipeline 'egress': end
[22:32:02.835] [bmv2] [D] [thread 6406] [77.0] [cxt 0] Deparser 'deparser': start
[22:32:02.835] [bmv2] [D] [thread 6406] [77.0] [cxt 0] Updating checksum 'cksum'
[22:32:02.835] [bmv2] [D] [thread 6406] [77.0] [cxt 0] Deparsing header 'ethernet'
[22:32:02.835] [bmv2] [D] [thread 6406] [77.0] [cxt 0] Deparsing header 'vlan'
[22:32:02.835] [bmv2] [D] [thread 6406] [77.0] [cxt 0] Deparsing header 'ipv4'
[22:32:02.835] [bmv2] [D] [thread 6406] [77.0] [cxt 0] Deparser 'deparser': end
[22:32:02.835] [bmv2] [D] [thread 6407] [77.0] [cxt 0] Transmitting packet of size 558 out of port 3
[22:32:02.964] [bmv2] [D] [thread 6402] [78.0] [cxt 0] Processing packet received on port 1
[22:32:02.964] [bmv2] [D] [thread 6402] [78.0] [cxt 0] Parser 'parser': start
[22:32:02.964] [bmv2] [D] [thread 6402] [78.0] [cxt 0] Parser 'parser' entering state 'start'
[22:32:02.964] [bmv2] [D] [thread 6402] [78.0] [cxt 0] Extracting header 'ethernet'
[22:32:02.964] [bmv2] [D] [thread 6402] [78.0] [cxt 0] Parser state 'start': key is 8100
[22:32:02.964] [bmv2] [T] [thread 6402] [78.0] [cxt 0] Bytes parsed: 14
[22:32:02.964] [bmv2] [D] [thread 6402] [78.0] [cxt 0] Parser 'parser' entering state 'parse_vlan'
[22:32:02.964] [bmv2] [D] [thread 6402] [78.0] [cxt 0] Extracting header 'vlan'
[22:32:02.964] [bmv2] [D] [thread 6402] [78.0] [cxt 0] Parser state 'parse_vlan': key is 0800
[22:32:02.964] [bmv2] [T] [thread 6402] [78.0] [cxt 0] Bytes parsed: 18
[22:32:02.964] [bmv2] [D] [thread 6402] [78.0] [cxt 0] Parser 'parser' entering state 'parse_ipv4'
[22:32:02.964] [bmv2] [D] [thread 6402] [78.0] [cxt 0] Extracting header 'ipv4'
[22:32:02.964] [bmv2] [D] [thread 6402] [78.0] [cxt 0] Parser set: setting field 'scalars.tmp' from expression, new value is 1
[22:32:02.964] [bmv2] [D] [thread 6402] [78.0] [cxt 0] Parser state 'parse_ipv4': key is 05
[22:32:02.964] [bmv2] [T] [thread 6402] [78.0] [cxt 0] Bytes parsed: 38
[22:32:02.964] [bmv2] [D] [thread 6402] [78.0] [cxt 0] Parser 'parser': end
[22:32:02.964] [bmv2] [D] [thread 6402] [78.0] [cxt 0] Pipeline 'ingress': start
[22:32:02.964] [bmv2] [T] [thread 6402] [78.0] [cxt 0] qos.p4(197) Condition "hdr.ipv4.isValid()" (node_2) is true
[22:32:02.964] [bmv2] [T] [thread 6402] [78.0] [cxt 0] qos.p4(198) Condition "hdr.ipv4_option.isValid()" (node_3) is false
[22:32:02.964] [bmv2] [T] [thread 6402] [78.0] [cxt 0] Applying table 'MyIngress.ipv4_lpm'
[22:32:02.964] [bmv2] [D] [thread 6402] [78.0] [cxt 0] Looking up key:
* hdr.ipv4.dstAddr    : 0a000202

[22:32:02.964] [bmv2] [D] [thread 6402] [78.0] [cxt 0] Table 'MyIngress.ipv4_lpm': hit with handle 2
[22:32:02.965] [bmv2] [D] [thread 6402] [78.0] [cxt 0] Dumping entry 2
Match key:
* hdr.ipv4.dstAddr    : LPM       0a000200/24
Action entry: MyIngress.ipv4_forward - 80000000200,3,

[22:32:02.965] [bmv2] [D] [thread 6402] [78.0] [cxt 0] Action entry is MyIngress.ipv4_forward - 80000000200,3,
[22:32:02.965] [bmv2] [T] [thread 6402] [78.0] [cxt 0] Action MyIngress.ipv4_forward
[22:32:02.965] [bmv2] [T] [thread 6402] [78.0] [cxt 0] qos.p4(175) Primitive standard_metadata.egress_spec = port
[22:32:02.965] [bmv2] [T] [thread 6402] [78.0] [cxt 0] qos.p4(176) Primitive hdr.ethernet.srcAddr = hdr.ethernet.dstAddr
[22:32:02.965] [bmv2] [T] [thread 6402] [78.0] [cxt 0] qos.p4(177) Primitive hdr.ethernet.dstAddr = dstAddr
[22:32:02.965] [bmv2] [T] [thread 6402] [78.0] [cxt 0] qos.p4(178) Primitive hdr.ipv4.ttl = hdr.ipv4.ttl - 1
[22:32:02.965] [bmv2] [D] [thread 6402] [78.0] [cxt 0] Pipeline 'ingress': end
[22:32:02.965] [bmv2] [D] [thread 6402] [78.0] [cxt 0] Egress port is 3
[22:32:02.965] [bmv2] [D] [thread 6406] [78.0] [cxt 0] Pipeline 'egress': start
[22:32:02.965] [bmv2] [D] [thread 6406] [78.0] [cxt 0] Pipeline 'egress': end
[22:32:02.965] [bmv2] [D] [thread 6406] [78.0] [cxt 0] Deparser 'deparser': start
[22:32:02.965] [bmv2] [D] [thread 6406] [78.0] [cxt 0] Updating checksum 'cksum'
[22:32:02.965] [bmv2] [D] [thread 6406] [78.0] [cxt 0] Deparsing header 'ethernet'
[22:32:02.965] [bmv2] [D] [thread 6406] [78.0] [cxt 0] Deparsing header 'vlan'
[22:32:02.965] [bmv2] [D] [thread 6406] [78.0] [cxt 0] Deparsing header 'ipv4'
[22:32:02.965] [bmv2] [D] [thread 6406] [78.0] [cxt 0] Deparser 'deparser': end
[22:32:02.965] [bmv2] [D] [thread 6407] [78.0] [cxt 0] Transmitting packet of size 558 out of port 3
[22:32:03.097] [bmv2] [D] [thread 6402] [79.0] [cxt 0] Processing packet received on port 1
[22:32:03.098] [bmv2] [D] [thread 6402] [79.0] [cxt 0] Parser 'parser': start
[22:32:03.098] [bmv2] [D] [thread 6402] [79.0] [cxt 0] Parser 'parser' entering state 'start'
[22:32:03.098] [bmv2] [D] [thread 6402] [79.0] [cxt 0] Extracting header 'ethernet'
[22:32:03.098] [bmv2] [D] [thread 6402] [79.0] [cxt 0] Parser state 'start': key is 8100
[22:32:03.098] [bmv2] [T] [thread 6402] [79.0] [cxt 0] Bytes parsed: 14
[22:32:03.098] [bmv2] [D] [thread 6402] [79.0] [cxt 0] Parser 'parser' entering state 'parse_vlan'
[22:32:03.098] [bmv2] [D] [thread 6402] [79.0] [cxt 0] Extracting header 'vlan'
[22:32:03.098] [bmv2] [D] [thread 6402] [79.0] [cxt 0] Parser state 'parse_vlan': key is 0800
[22:32:03.098] [bmv2] [T] [thread 6402] [79.0] [cxt 0] Bytes parsed: 18
[22:32:03.098] [bmv2] [D] [thread 6402] [79.0] [cxt 0] Parser 'parser' entering state 'parse_ipv4'
[22:32:03.098] [bmv2] [D] [thread 6402] [79.0] [cxt 0] Extracting header 'ipv4'
[22:32:03.098] [bmv2] [D] [thread 6402] [79.0] [cxt 0] Parser set: setting field 'scalars.tmp' from expression, new value is 1
[22:32:03.098] [bmv2] [D] [thread 6402] [79.0] [cxt 0] Parser state 'parse_ipv4': key is 05
[22:32:03.098] [bmv2] [T] [thread 6402] [79.0] [cxt 0] Bytes parsed: 38
[22:32:03.098] [bmv2] [D] [thread 6402] [79.0] [cxt 0] Parser 'parser': end
[22:32:03.098] [bmv2] [D] [thread 6402] [79.0] [cxt 0] Pipeline 'ingress': start
[22:32:03.098] [bmv2] [T] [thread 6402] [79.0] [cxt 0] qos.p4(197) Condition "hdr.ipv4.isValid()" (node_2) is true
[22:32:03.098] [bmv2] [T] [thread 6402] [79.0] [cxt 0] qos.p4(198) Condition "hdr.ipv4_option.isValid()" (node_3) is false
[22:32:03.098] [bmv2] [T] [thread 6402] [79.0] [cxt 0] Applying table 'MyIngress.ipv4_lpm'
[22:32:03.098] [bmv2] [D] [thread 6402] [79.0] [cxt 0] Looking up key:
* hdr.ipv4.dstAddr    : 0a000202

[22:32:03.098] [bmv2] [D] [thread 6402] [79.0] [cxt 0] Table 'MyIngress.ipv4_lpm': hit with handle 2
[22:32:03.098] [bmv2] [D] [thread 6402] [79.0] [cxt 0] Dumping entry 2
Match key:
* hdr.ipv4.dstAddr    : LPM       0a000200/24
Action entry: MyIngress.ipv4_forward - 80000000200,3,

[22:32:03.098] [bmv2] [D] [thread 6402] [79.0] [cxt 0] Action entry is MyIngress.ipv4_forward - 80000000200,3,
[22:32:03.098] [bmv2] [T] [thread 6402] [79.0] [cxt 0] Action MyIngress.ipv4_forward
[22:32:03.098] [bmv2] [T] [thread 6402] [79.0] [cxt 0] qos.p4(175) Primitive standard_metadata.egress_spec = port
[22:32:03.098] [bmv2] [T] [thread 6402] [79.0] [cxt 0] qos.p4(176) Primitive hdr.ethernet.srcAddr = hdr.ethernet.dstAddr
[22:32:03.098] [bmv2] [T] [thread 6402] [79.0] [cxt 0] qos.p4(177) Primitive hdr.ethernet.dstAddr = dstAddr
[22:32:03.098] [bmv2] [T] [thread 6402] [79.0] [cxt 0] qos.p4(178) Primitive hdr.ipv4.ttl = hdr.ipv4.ttl - 1
[22:32:03.099] [bmv2] [D] [thread 6402] [79.0] [cxt 0] Pipeline 'ingress': end
[22:32:03.099] [bmv2] [D] [thread 6402] [79.0] [cxt 0] Egress port is 3
[22:32:03.099] [bmv2] [D] [thread 6406] [79.0] [cxt 0] Pipeline 'egress': start
[22:32:03.099] [bmv2] [D] [thread 6406] [79.0] [cxt 0] Pipeline 'egress': end
[22:32:03.099] [bmv2] [D] [thread 6406] [79.0] [cxt 0] Deparser 'deparser': start
[22:32:03.099] [bmv2] [D] [thread 6406] [79.0] [cxt 0] Updating checksum 'cksum'
[22:32:03.099] [bmv2] [D] [thread 6406] [79.0] [cxt 0] Deparsing header 'ethernet'
[22:32:03.099] [bmv2] [D] [thread 6406] [79.0] [cxt 0] Deparsing header 'vlan'
[22:32:03.099] [bmv2] [D] [thread 6406] [79.0] [cxt 0] Deparsing header 'ipv4'
[22:32:03.099] [bmv2] [D] [thread 6406] [79.0] [cxt 0] Deparser 'deparser': end
[22:32:03.099] [bmv2] [D] [thread 6407] [79.0] [cxt 0] Transmitting packet of size 558 out of port 3
[22:32:03.225] [bmv2] [D] [thread 6402] [80.0] [cxt 0] Processing packet received on port 1
[22:32:03.225] [bmv2] [D] [thread 6402] [80.0] [cxt 0] Parser 'parser': start
[22:32:03.225] [bmv2] [D] [thread 6402] [80.0] [cxt 0] Parser 'parser' entering state 'start'
[22:32:03.225] [bmv2] [D] [thread 6402] [80.0] [cxt 0] Extracting header 'ethernet'
[22:32:03.225] [bmv2] [D] [thread 6402] [80.0] [cxt 0] Parser state 'start': key is 8100
[22:32:03.225] [bmv2] [T] [thread 6402] [80.0] [cxt 0] Bytes parsed: 14
[22:32:03.225] [bmv2] [D] [thread 6402] [80.0] [cxt 0] Parser 'parser' entering state 'parse_vlan'
[22:32:03.225] [bmv2] [D] [thread 6402] [80.0] [cxt 0] Extracting header 'vlan'
[22:32:03.225] [bmv2] [D] [thread 6402] [80.0] [cxt 0] Parser state 'parse_vlan': key is 0800
[22:32:03.225] [bmv2] [T] [thread 6402] [80.0] [cxt 0] Bytes parsed: 18
[22:32:03.225] [bmv2] [D] [thread 6402] [80.0] [cxt 0] Parser 'parser' entering state 'parse_ipv4'
[22:32:03.225] [bmv2] [D] [thread 6402] [80.0] [cxt 0] Extracting header 'ipv4'
[22:32:03.225] [bmv2] [D] [thread 6402] [80.0] [cxt 0] Parser set: setting field 'scalars.tmp' from expression, new value is 1
[22:32:03.225] [bmv2] [D] [thread 6402] [80.0] [cxt 0] Parser state 'parse_ipv4': key is 05
[22:32:03.225] [bmv2] [T] [thread 6402] [80.0] [cxt 0] Bytes parsed: 38
[22:32:03.225] [bmv2] [D] [thread 6402] [80.0] [cxt 0] Parser 'parser': end
[22:32:03.226] [bmv2] [D] [thread 6402] [80.0] [cxt 0] Pipeline 'ingress': start
[22:32:03.226] [bmv2] [T] [thread 6402] [80.0] [cxt 0] qos.p4(197) Condition "hdr.ipv4.isValid()" (node_2) is true
[22:32:03.226] [bmv2] [T] [thread 6402] [80.0] [cxt 0] qos.p4(198) Condition "hdr.ipv4_option.isValid()" (node_3) is false
[22:32:03.226] [bmv2] [T] [thread 6402] [80.0] [cxt 0] Applying table 'MyIngress.ipv4_lpm'
[22:32:03.226] [bmv2] [D] [thread 6402] [80.0] [cxt 0] Looking up key:
* hdr.ipv4.dstAddr    : 0a000202

[22:32:03.226] [bmv2] [D] [thread 6402] [80.0] [cxt 0] Table 'MyIngress.ipv4_lpm': hit with handle 2
[22:32:03.226] [bmv2] [D] [thread 6402] [80.0] [cxt 0] Dumping entry 2
Match key:
* hdr.ipv4.dstAddr    : LPM       0a000200/24
Action entry: MyIngress.ipv4_forward - 80000000200,3,

[22:32:03.226] [bmv2] [D] [thread 6402] [80.0] [cxt 0] Action entry is MyIngress.ipv4_forward - 80000000200,3,
[22:32:03.226] [bmv2] [T] [thread 6402] [80.0] [cxt 0] Action MyIngress.ipv4_forward
[22:32:03.226] [bmv2] [T] [thread 6402] [80.0] [cxt 0] qos.p4(175) Primitive standard_metadata.egress_spec = port
[22:32:03.226] [bmv2] [T] [thread 6402] [80.0] [cxt 0] qos.p4(176) Primitive hdr.ethernet.srcAddr = hdr.ethernet.dstAddr
[22:32:03.226] [bmv2] [T] [thread 6402] [80.0] [cxt 0] qos.p4(177) Primitive hdr.ethernet.dstAddr = dstAddr
[22:32:03.226] [bmv2] [T] [thread 6402] [80.0] [cxt 0] qos.p4(178) Primitive hdr.ipv4.ttl = hdr.ipv4.ttl - 1
[22:32:03.226] [bmv2] [D] [thread 6402] [80.0] [cxt 0] Pipeline 'ingress': end
[22:32:03.226] [bmv2] [D] [thread 6402] [80.0] [cxt 0] Egress port is 3
[22:32:03.226] [bmv2] [D] [thread 6406] [80.0] [cxt 0] Pipeline 'egress': start
[22:32:03.226] [bmv2] [D] [thread 6406] [80.0] [cxt 0] Pipeline 'egress': end
[22:32:03.226] [bmv2] [D] [thread 6406] [80.0] [cxt 0] Deparser 'deparser': start
[22:32:03.226] [bmv2] [D] [thread 6406] [80.0] [cxt 0] Updating checksum 'cksum'
[22:32:03.226] [bmv2] [D] [thread 6406] [80.0] [cxt 0] Deparsing header 'ethernet'
[22:32:03.226] [bmv2] [D] [thread 6406] [80.0] [cxt 0] Deparsing header 'vlan'
[22:32:03.226] [bmv2] [D] [thread 6406] [80.0] [cxt 0] Deparsing header 'ipv4'
[22:32:03.226] [bmv2] [D] [thread 6406] [80.0] [cxt 0] Deparser 'deparser': end
[22:32:03.226] [bmv2] [D] [thread 6407] [80.0] [cxt 0] Transmitting packet of size 558 out of port 3
[22:32:03.348] [bmv2] [D] [thread 6402] [81.0] [cxt 0] Processing packet received on port 1
[22:32:03.348] [bmv2] [D] [thread 6402] [81.0] [cxt 0] Parser 'parser': start
[22:32:03.348] [bmv2] [D] [thread 6402] [81.0] [cxt 0] Parser 'parser' entering state 'start'
[22:32:03.348] [bmv2] [D] [thread 6402] [81.0] [cxt 0] Extracting header 'ethernet'
[22:32:03.349] [bmv2] [D] [thread 6402] [81.0] [cxt 0] Parser state 'start': key is 8100
[22:32:03.350] [bmv2] [T] [thread 6402] [81.0] [cxt 0] Bytes parsed: 14
[22:32:03.350] [bmv2] [D] [thread 6402] [81.0] [cxt 0] Parser 'parser' entering state 'parse_vlan'
[22:32:03.350] [bmv2] [D] [thread 6402] [81.0] [cxt 0] Extracting header 'vlan'
[22:32:03.350] [bmv2] [D] [thread 6402] [81.0] [cxt 0] Parser state 'parse_vlan': key is 0800
[22:32:03.350] [bmv2] [T] [thread 6402] [81.0] [cxt 0] Bytes parsed: 18
[22:32:03.350] [bmv2] [D] [thread 6402] [81.0] [cxt 0] Parser 'parser' entering state 'parse_ipv4'
[22:32:03.350] [bmv2] [D] [thread 6402] [81.0] [cxt 0] Extracting header 'ipv4'
[22:32:03.350] [bmv2] [D] [thread 6402] [81.0] [cxt 0] Parser set: setting field 'scalars.tmp' from expression, new value is 1
[22:32:03.350] [bmv2] [D] [thread 6402] [81.0] [cxt 0] Parser state 'parse_ipv4': key is 05
[22:32:03.350] [bmv2] [T] [thread 6402] [81.0] [cxt 0] Bytes parsed: 38
[22:32:03.350] [bmv2] [D] [thread 6402] [81.0] [cxt 0] Parser 'parser': end
[22:32:03.350] [bmv2] [D] [thread 6402] [81.0] [cxt 0] Pipeline 'ingress': start
[22:32:03.350] [bmv2] [T] [thread 6402] [81.0] [cxt 0] qos.p4(197) Condition "hdr.ipv4.isValid()" (node_2) is true
[22:32:03.350] [bmv2] [T] [thread 6402] [81.0] [cxt 0] qos.p4(198) Condition "hdr.ipv4_option.isValid()" (node_3) is false
[22:32:03.350] [bmv2] [T] [thread 6402] [81.0] [cxt 0] Applying table 'MyIngress.ipv4_lpm'
[22:32:03.350] [bmv2] [D] [thread 6402] [81.0] [cxt 0] Looking up key:
* hdr.ipv4.dstAddr    : 0a000202

[22:32:03.350] [bmv2] [D] [thread 6402] [81.0] [cxt 0] Table 'MyIngress.ipv4_lpm': hit with handle 2
[22:32:03.350] [bmv2] [D] [thread 6402] [81.0] [cxt 0] Dumping entry 2
Match key:
* hdr.ipv4.dstAddr    : LPM       0a000200/24
Action entry: MyIngress.ipv4_forward - 80000000200,3,

[22:32:03.350] [bmv2] [D] [thread 6402] [81.0] [cxt 0] Action entry is MyIngress.ipv4_forward - 80000000200,3,
[22:32:03.350] [bmv2] [T] [thread 6402] [81.0] [cxt 0] Action MyIngress.ipv4_forward
[22:32:03.350] [bmv2] [T] [thread 6402] [81.0] [cxt 0] qos.p4(175) Primitive standard_metadata.egress_spec = port
[22:32:03.350] [bmv2] [T] [thread 6402] [81.0] [cxt 0] qos.p4(176) Primitive hdr.ethernet.srcAddr = hdr.ethernet.dstAddr
[22:32:03.350] [bmv2] [T] [thread 6402] [81.0] [cxt 0] qos.p4(177) Primitive hdr.ethernet.dstAddr = dstAddr
[22:32:03.350] [bmv2] [T] [thread 6402] [81.0] [cxt 0] qos.p4(178) Primitive hdr.ipv4.ttl = hdr.ipv4.ttl - 1
[22:32:03.350] [bmv2] [D] [thread 6402] [81.0] [cxt 0] Pipeline 'ingress': end
[22:32:03.350] [bmv2] [D] [thread 6402] [81.0] [cxt 0] Egress port is 3
[22:32:03.350] [bmv2] [D] [thread 6406] [81.0] [cxt 0] Pipeline 'egress': start
[22:32:03.350] [bmv2] [D] [thread 6406] [81.0] [cxt 0] Pipeline 'egress': end
[22:32:03.351] [bmv2] [D] [thread 6406] [81.0] [cxt 0] Deparser 'deparser': start
[22:32:03.351] [bmv2] [D] [thread 6406] [81.0] [cxt 0] Updating checksum 'cksum'
[22:32:03.351] [bmv2] [D] [thread 6406] [81.0] [cxt 0] Deparsing header 'ethernet'
[22:32:03.351] [bmv2] [D] [thread 6406] [81.0] [cxt 0] Deparsing header 'vlan'
[22:32:03.351] [bmv2] [D] [thread 6406] [81.0] [cxt 0] Deparsing header 'ipv4'
[22:32:03.351] [bmv2] [D] [thread 6406] [81.0] [cxt 0] Deparser 'deparser': end
[22:32:03.351] [bmv2] [D] [thread 6407] [81.0] [cxt 0] Transmitting packet of size 558 out of port 3
[22:32:03.485] [bmv2] [D] [thread 6402] [82.0] [cxt 0] Processing packet received on port 1
[22:32:03.485] [bmv2] [D] [thread 6402] [82.0] [cxt 0] Parser 'parser': start
[22:32:03.486] [bmv2] [D] [thread 6402] [82.0] [cxt 0] Parser 'parser' entering state 'start'
[22:32:03.486] [bmv2] [D] [thread 6402] [82.0] [cxt 0] Extracting header 'ethernet'
[22:32:03.486] [bmv2] [D] [thread 6402] [82.0] [cxt 0] Parser state 'start': key is 8100
[22:32:03.486] [bmv2] [T] [thread 6402] [82.0] [cxt 0] Bytes parsed: 14
[22:32:03.486] [bmv2] [D] [thread 6402] [82.0] [cxt 0] Parser 'parser' entering state 'parse_vlan'
[22:32:03.486] [bmv2] [D] [thread 6402] [82.0] [cxt 0] Extracting header 'vlan'
[22:32:03.486] [bmv2] [D] [thread 6402] [82.0] [cxt 0] Parser state 'parse_vlan': key is 0800
[22:32:03.486] [bmv2] [T] [thread 6402] [82.0] [cxt 0] Bytes parsed: 18
[22:32:03.486] [bmv2] [D] [thread 6402] [82.0] [cxt 0] Parser 'parser' entering state 'parse_ipv4'
[22:32:03.486] [bmv2] [D] [thread 6402] [82.0] [cxt 0] Extracting header 'ipv4'
[22:32:03.486] [bmv2] [D] [thread 6402] [82.0] [cxt 0] Parser set: setting field 'scalars.tmp' from expression, new value is 1
[22:32:03.486] [bmv2] [D] [thread 6402] [82.0] [cxt 0] Parser state 'parse_ipv4': key is 05
[22:32:03.486] [bmv2] [T] [thread 6402] [82.0] [cxt 0] Bytes parsed: 38
[22:32:03.486] [bmv2] [D] [thread 6402] [82.0] [cxt 0] Parser 'parser': end
[22:32:03.486] [bmv2] [D] [thread 6402] [82.0] [cxt 0] Pipeline 'ingress': start
[22:32:03.486] [bmv2] [T] [thread 6402] [82.0] [cxt 0] qos.p4(197) Condition "hdr.ipv4.isValid()" (node_2) is true
[22:32:03.486] [bmv2] [T] [thread 6402] [82.0] [cxt 0] qos.p4(198) Condition "hdr.ipv4_option.isValid()" (node_3) is false
[22:32:03.486] [bmv2] [T] [thread 6402] [82.0] [cxt 0] Applying table 'MyIngress.ipv4_lpm'
[22:32:03.486] [bmv2] [D] [thread 6402] [82.0] [cxt 0] Looking up key:
* hdr.ipv4.dstAddr    : 0a000202

[22:32:03.486] [bmv2] [D] [thread 6402] [82.0] [cxt 0] Table 'MyIngress.ipv4_lpm': hit with handle 2
[22:32:03.486] [bmv2] [D] [thread 6402] [82.0] [cxt 0] Dumping entry 2
Match key:
* hdr.ipv4.dstAddr    : LPM       0a000200/24
Action entry: MyIngress.ipv4_forward - 80000000200,3,

[22:32:03.486] [bmv2] [D] [thread 6402] [82.0] [cxt 0] Action entry is MyIngress.ipv4_forward - 80000000200,3,
[22:32:03.486] [bmv2] [T] [thread 6402] [82.0] [cxt 0] Action MyIngress.ipv4_forward
[22:32:03.486] [bmv2] [T] [thread 6402] [82.0] [cxt 0] qos.p4(175) Primitive standard_metadata.egress_spec = port
[22:32:03.486] [bmv2] [T] [thread 6402] [82.0] [cxt 0] qos.p4(176) Primitive hdr.ethernet.srcAddr = hdr.ethernet.dstAddr
[22:32:03.486] [bmv2] [T] [thread 6402] [82.0] [cxt 0] qos.p4(177) Primitive hdr.ethernet.dstAddr = dstAddr
[22:32:03.486] [bmv2] [T] [thread 6402] [82.0] [cxt 0] qos.p4(178) Primitive hdr.ipv4.ttl = hdr.ipv4.ttl - 1
[22:32:03.486] [bmv2] [D] [thread 6402] [82.0] [cxt 0] Pipeline 'ingress': end
[22:32:03.486] [bmv2] [D] [thread 6402] [82.0] [cxt 0] Egress port is 3
[22:32:03.487] [bmv2] [D] [thread 6406] [82.0] [cxt 0] Pipeline 'egress': start
[22:32:03.487] [bmv2] [D] [thread 6406] [82.0] [cxt 0] Pipeline 'egress': end
[22:32:03.487] [bmv2] [D] [thread 6406] [82.0] [cxt 0] Deparser 'deparser': start
[22:32:03.487] [bmv2] [D] [thread 6406] [82.0] [cxt 0] Updating checksum 'cksum'
[22:32:03.487] [bmv2] [D] [thread 6406] [82.0] [cxt 0] Deparsing header 'ethernet'
[22:32:03.487] [bmv2] [D] [thread 6406] [82.0] [cxt 0] Deparsing header 'vlan'
[22:32:03.487] [bmv2] [D] [thread 6406] [82.0] [cxt 0] Deparsing header 'ipv4'
[22:32:03.487] [bmv2] [D] [thread 6406] [82.0] [cxt 0] Deparser 'deparser': end
[22:32:03.487] [bmv2] [D] [thread 6407] [82.0] [cxt 0] Transmitting packet of size 558 out of port 3
[22:32:03.610] [bmv2] [D] [thread 6402] [83.0] [cxt 0] Processing packet received on port 1
[22:32:03.610] [bmv2] [D] [thread 6402] [83.0] [cxt 0] Parser 'parser': start
[22:32:03.610] [bmv2] [D] [thread 6402] [83.0] [cxt 0] Parser 'parser' entering state 'start'
[22:32:03.610] [bmv2] [D] [thread 6402] [83.0] [cxt 0] Extracting header 'ethernet'
[22:32:03.610] [bmv2] [D] [thread 6402] [83.0] [cxt 0] Parser state 'start': key is 8100
[22:32:03.610] [bmv2] [T] [thread 6402] [83.0] [cxt 0] Bytes parsed: 14
[22:32:03.610] [bmv2] [D] [thread 6402] [83.0] [cxt 0] Parser 'parser' entering state 'parse_vlan'
[22:32:03.610] [bmv2] [D] [thread 6402] [83.0] [cxt 0] Extracting header 'vlan'
[22:32:03.610] [bmv2] [D] [thread 6402] [83.0] [cxt 0] Parser state 'parse_vlan': key is 0800
[22:32:03.610] [bmv2] [T] [thread 6402] [83.0] [cxt 0] Bytes parsed: 18
[22:32:03.610] [bmv2] [D] [thread 6402] [83.0] [cxt 0] Parser 'parser' entering state 'parse_ipv4'
[22:32:03.610] [bmv2] [D] [thread 6402] [83.0] [cxt 0] Extracting header 'ipv4'
[22:32:03.610] [bmv2] [D] [thread 6402] [83.0] [cxt 0] Parser set: setting field 'scalars.tmp' from expression, new value is 1
[22:32:03.610] [bmv2] [D] [thread 6402] [83.0] [cxt 0] Parser state 'parse_ipv4': key is 05
[22:32:03.611] [bmv2] [T] [thread 6402] [83.0] [cxt 0] Bytes parsed: 38
[22:32:03.611] [bmv2] [D] [thread 6402] [83.0] [cxt 0] Parser 'parser': end
[22:32:03.611] [bmv2] [D] [thread 6402] [83.0] [cxt 0] Pipeline 'ingress': start
[22:32:03.611] [bmv2] [T] [thread 6402] [83.0] [cxt 0] qos.p4(197) Condition "hdr.ipv4.isValid()" (node_2) is true
[22:32:03.611] [bmv2] [T] [thread 6402] [83.0] [cxt 0] qos.p4(198) Condition "hdr.ipv4_option.isValid()" (node_3) is false
[22:32:03.611] [bmv2] [T] [thread 6402] [83.0] [cxt 0] Applying table 'MyIngress.ipv4_lpm'
[22:32:03.611] [bmv2] [D] [thread 6402] [83.0] [cxt 0] Looking up key:
* hdr.ipv4.dstAddr    : 0a000202

[22:32:03.611] [bmv2] [D] [thread 6402] [83.0] [cxt 0] Table 'MyIngress.ipv4_lpm': hit with handle 2
[22:32:03.611] [bmv2] [D] [thread 6402] [83.0] [cxt 0] Dumping entry 2
Match key:
* hdr.ipv4.dstAddr    : LPM       0a000200/24
Action entry: MyIngress.ipv4_forward - 80000000200,3,

[22:32:03.611] [bmv2] [D] [thread 6402] [83.0] [cxt 0] Action entry is MyIngress.ipv4_forward - 80000000200,3,
[22:32:03.611] [bmv2] [T] [thread 6402] [83.0] [cxt 0] Action MyIngress.ipv4_forward
[22:32:03.611] [bmv2] [T] [thread 6402] [83.0] [cxt 0] qos.p4(175) Primitive standard_metadata.egress_spec = port
[22:32:03.611] [bmv2] [T] [thread 6402] [83.0] [cxt 0] qos.p4(176) Primitive hdr.ethernet.srcAddr = hdr.ethernet.dstAddr
[22:32:03.611] [bmv2] [T] [thread 6402] [83.0] [cxt 0] qos.p4(177) Primitive hdr.ethernet.dstAddr = dstAddr
[22:32:03.611] [bmv2] [T] [thread 6402] [83.0] [cxt 0] qos.p4(178) Primitive hdr.ipv4.ttl = hdr.ipv4.ttl - 1
[22:32:03.611] [bmv2] [D] [thread 6402] [83.0] [cxt 0] Pipeline 'ingress': end
[22:32:03.611] [bmv2] [D] [thread 6402] [83.0] [cxt 0] Egress port is 3
[22:32:03.611] [bmv2] [D] [thread 6406] [83.0] [cxt 0] Pipeline 'egress': start
[22:32:03.611] [bmv2] [D] [thread 6406] [83.0] [cxt 0] Pipeline 'egress': end
[22:32:03.611] [bmv2] [D] [thread 6406] [83.0] [cxt 0] Deparser 'deparser': start
[22:32:03.611] [bmv2] [D] [thread 6406] [83.0] [cxt 0] Updating checksum 'cksum'
[22:32:03.611] [bmv2] [D] [thread 6406] [83.0] [cxt 0] Deparsing header 'ethernet'
[22:32:03.611] [bmv2] [D] [thread 6406] [83.0] [cxt 0] Deparsing header 'vlan'
[22:32:03.611] [bmv2] [D] [thread 6406] [83.0] [cxt 0] Deparsing header 'ipv4'
[22:32:03.611] [bmv2] [D] [thread 6406] [83.0] [cxt 0] Deparser 'deparser': end
[22:32:03.611] [bmv2] [D] [thread 6407] [83.0] [cxt 0] Transmitting packet of size 558 out of port 3
[22:32:03.744] [bmv2] [D] [thread 6402] [84.0] [cxt 0] Processing packet received on port 1
[22:32:03.745] [bmv2] [D] [thread 6402] [84.0] [cxt 0] Parser 'parser': start
[22:32:03.746] [bmv2] [D] [thread 6402] [84.0] [cxt 0] Parser 'parser' entering state 'start'
[22:32:03.746] [bmv2] [D] [thread 6402] [84.0] [cxt 0] Extracting header 'ethernet'
[22:32:03.746] [bmv2] [D] [thread 6402] [84.0] [cxt 0] Parser state 'start': key is 8100
[22:32:03.746] [bmv2] [T] [thread 6402] [84.0] [cxt 0] Bytes parsed: 14
[22:32:03.746] [bmv2] [D] [thread 6402] [84.0] [cxt 0] Parser 'parser' entering state 'parse_vlan'
[22:32:03.746] [bmv2] [D] [thread 6402] [84.0] [cxt 0] Extracting header 'vlan'
[22:32:03.746] [bmv2] [D] [thread 6402] [84.0] [cxt 0] Parser state 'parse_vlan': key is 0800
[22:32:03.746] [bmv2] [T] [thread 6402] [84.0] [cxt 0] Bytes parsed: 18
[22:32:03.746] [bmv2] [D] [thread 6402] [84.0] [cxt 0] Parser 'parser' entering state 'parse_ipv4'
[22:32:03.746] [bmv2] [D] [thread 6402] [84.0] [cxt 0] Extracting header 'ipv4'
[22:32:03.746] [bmv2] [D] [thread 6402] [84.0] [cxt 0] Parser set: setting field 'scalars.tmp' from expression, new value is 1
[22:32:03.746] [bmv2] [D] [thread 6402] [84.0] [cxt 0] Parser state 'parse_ipv4': key is 05
[22:32:03.746] [bmv2] [T] [thread 6402] [84.0] [cxt 0] Bytes parsed: 38
[22:32:03.746] [bmv2] [D] [thread 6402] [84.0] [cxt 0] Parser 'parser': end
[22:32:03.746] [bmv2] [D] [thread 6402] [84.0] [cxt 0] Pipeline 'ingress': start
[22:32:03.746] [bmv2] [T] [thread 6402] [84.0] [cxt 0] qos.p4(197) Condition "hdr.ipv4.isValid()" (node_2) is true
[22:32:03.746] [bmv2] [T] [thread 6402] [84.0] [cxt 0] qos.p4(198) Condition "hdr.ipv4_option.isValid()" (node_3) is false
[22:32:03.746] [bmv2] [T] [thread 6402] [84.0] [cxt 0] Applying table 'MyIngress.ipv4_lpm'
[22:32:03.746] [bmv2] [D] [thread 6402] [84.0] [cxt 0] Looking up key:
* hdr.ipv4.dstAddr    : 0a000202

[22:32:03.746] [bmv2] [D] [thread 6402] [84.0] [cxt 0] Table 'MyIngress.ipv4_lpm': hit with handle 2
[22:32:03.746] [bmv2] [D] [thread 6402] [84.0] [cxt 0] Dumping entry 2
Match key:
* hdr.ipv4.dstAddr    : LPM       0a000200/24
Action entry: MyIngress.ipv4_forward - 80000000200,3,

[22:32:03.746] [bmv2] [D] [thread 6402] [84.0] [cxt 0] Action entry is MyIngress.ipv4_forward - 80000000200,3,
[22:32:03.747] [bmv2] [T] [thread 6402] [84.0] [cxt 0] Action MyIngress.ipv4_forward
[22:32:03.747] [bmv2] [T] [thread 6402] [84.0] [cxt 0] qos.p4(175) Primitive standard_metadata.egress_spec = port
[22:32:03.747] [bmv2] [T] [thread 6402] [84.0] [cxt 0] qos.p4(176) Primitive hdr.ethernet.srcAddr = hdr.ethernet.dstAddr
[22:32:03.747] [bmv2] [T] [thread 6402] [84.0] [cxt 0] qos.p4(177) Primitive hdr.ethernet.dstAddr = dstAddr
[22:32:03.747] [bmv2] [T] [thread 6402] [84.0] [cxt 0] qos.p4(178) Primitive hdr.ipv4.ttl = hdr.ipv4.ttl - 1
[22:32:03.747] [bmv2] [D] [thread 6402] [84.0] [cxt 0] Pipeline 'ingress': end
[22:32:03.747] [bmv2] [D] [thread 6402] [84.0] [cxt 0] Egress port is 3
[22:32:03.747] [bmv2] [D] [thread 6406] [84.0] [cxt 0] Pipeline 'egress': start
[22:32:03.747] [bmv2] [D] [thread 6406] [84.0] [cxt 0] Pipeline 'egress': end
[22:32:03.747] [bmv2] [D] [thread 6406] [84.0] [cxt 0] Deparser 'deparser': start
[22:32:03.747] [bmv2] [D] [thread 6406] [84.0] [cxt 0] Updating checksum 'cksum'
[22:32:03.747] [bmv2] [D] [thread 6406] [84.0] [cxt 0] Deparsing header 'ethernet'
[22:32:03.747] [bmv2] [D] [thread 6406] [84.0] [cxt 0] Deparsing header 'vlan'
[22:32:03.747] [bmv2] [D] [thread 6406] [84.0] [cxt 0] Deparsing header 'ipv4'
[22:32:03.747] [bmv2] [D] [thread 6406] [84.0] [cxt 0] Deparser 'deparser': end
[22:32:03.747] [bmv2] [D] [thread 6407] [84.0] [cxt 0] Transmitting packet of size 558 out of port 3
[22:32:03.878] [bmv2] [D] [thread 6402] [85.0] [cxt 0] Processing packet received on port 1
[22:32:03.878] [bmv2] [D] [thread 6402] [85.0] [cxt 0] Parser 'parser': start
[22:32:03.878] [bmv2] [D] [thread 6402] [85.0] [cxt 0] Parser 'parser' entering state 'start'
[22:32:03.878] [bmv2] [D] [thread 6402] [85.0] [cxt 0] Extracting header 'ethernet'
[22:32:03.878] [bmv2] [D] [thread 6402] [85.0] [cxt 0] Parser state 'start': key is 8100
[22:32:03.878] [bmv2] [T] [thread 6402] [85.0] [cxt 0] Bytes parsed: 14
[22:32:03.878] [bmv2] [D] [thread 6402] [85.0] [cxt 0] Parser 'parser' entering state 'parse_vlan'
[22:32:03.878] [bmv2] [D] [thread 6402] [85.0] [cxt 0] Extracting header 'vlan'
[22:32:03.878] [bmv2] [D] [thread 6402] [85.0] [cxt 0] Parser state 'parse_vlan': key is 0800
[22:32:03.878] [bmv2] [T] [thread 6402] [85.0] [cxt 0] Bytes parsed: 18
[22:32:03.878] [bmv2] [D] [thread 6402] [85.0] [cxt 0] Parser 'parser' entering state 'parse_ipv4'
[22:32:03.878] [bmv2] [D] [thread 6402] [85.0] [cxt 0] Extracting header 'ipv4'
[22:32:03.878] [bmv2] [D] [thread 6402] [85.0] [cxt 0] Parser set: setting field 'scalars.tmp' from expression, new value is 1
[22:32:03.878] [bmv2] [D] [thread 6402] [85.0] [cxt 0] Parser state 'parse_ipv4': key is 05
[22:32:03.878] [bmv2] [T] [thread 6402] [85.0] [cxt 0] Bytes parsed: 38
[22:32:03.878] [bmv2] [D] [thread 6402] [85.0] [cxt 0] Parser 'parser': end
[22:32:03.878] [bmv2] [D] [thread 6402] [85.0] [cxt 0] Pipeline 'ingress': start
[22:32:03.878] [bmv2] [T] [thread 6402] [85.0] [cxt 0] qos.p4(197) Condition "hdr.ipv4.isValid()" (node_2) is true
[22:32:03.878] [bmv2] [T] [thread 6402] [85.0] [cxt 0] qos.p4(198) Condition "hdr.ipv4_option.isValid()" (node_3) is false
[22:32:03.878] [bmv2] [T] [thread 6402] [85.0] [cxt 0] Applying table 'MyIngress.ipv4_lpm'
[22:32:03.879] [bmv2] [D] [thread 6402] [85.0] [cxt 0] Looking up key:
* hdr.ipv4.dstAddr    : 0a000202

[22:32:03.879] [bmv2] [D] [thread 6402] [85.0] [cxt 0] Table 'MyIngress.ipv4_lpm': hit with handle 2
[22:32:03.879] [bmv2] [D] [thread 6402] [85.0] [cxt 0] Dumping entry 2
Match key:
* hdr.ipv4.dstAddr    : LPM       0a000200/24
Action entry: MyIngress.ipv4_forward - 80000000200,3,

[22:32:03.879] [bmv2] [D] [thread 6402] [85.0] [cxt 0] Action entry is MyIngress.ipv4_forward - 80000000200,3,
[22:32:03.879] [bmv2] [T] [thread 6402] [85.0] [cxt 0] Action MyIngress.ipv4_forward
[22:32:03.879] [bmv2] [T] [thread 6402] [85.0] [cxt 0] qos.p4(175) Primitive standard_metadata.egress_spec = port
[22:32:03.879] [bmv2] [T] [thread 6402] [85.0] [cxt 0] qos.p4(176) Primitive hdr.ethernet.srcAddr = hdr.ethernet.dstAddr
[22:32:03.879] [bmv2] [T] [thread 6402] [85.0] [cxt 0] qos.p4(177) Primitive hdr.ethernet.dstAddr = dstAddr
[22:32:03.879] [bmv2] [T] [thread 6402] [85.0] [cxt 0] qos.p4(178) Primitive hdr.ipv4.ttl = hdr.ipv4.ttl - 1
[22:32:03.879] [bmv2] [D] [thread 6402] [85.0] [cxt 0] Pipeline 'ingress': end
[22:32:03.879] [bmv2] [D] [thread 6402] [85.0] [cxt 0] Egress port is 3
[22:32:03.879] [bmv2] [D] [thread 6406] [85.0] [cxt 0] Pipeline 'egress': start
[22:32:03.879] [bmv2] [D] [thread 6406] [85.0] [cxt 0] Pipeline 'egress': end
[22:32:03.879] [bmv2] [D] [thread 6406] [85.0] [cxt 0] Deparser 'deparser': start
[22:32:03.879] [bmv2] [D] [thread 6406] [85.0] [cxt 0] Updating checksum 'cksum'
[22:32:03.879] [bmv2] [D] [thread 6406] [85.0] [cxt 0] Deparsing header 'ethernet'
[22:32:03.879] [bmv2] [D] [thread 6406] [85.0] [cxt 0] Deparsing header 'vlan'
[22:32:03.879] [bmv2] [D] [thread 6406] [85.0] [cxt 0] Deparsing header 'ipv4'
[22:32:03.879] [bmv2] [D] [thread 6406] [85.0] [cxt 0] Deparser 'deparser': end
[22:32:03.879] [bmv2] [D] [thread 6407] [85.0] [cxt 0] Transmitting packet of size 558 out of port 3
[22:32:04.009] [bmv2] [D] [thread 6402] [86.0] [cxt 0] Processing packet received on port 1
[22:32:04.009] [bmv2] [D] [thread 6402] [86.0] [cxt 0] Parser 'parser': start
[22:32:04.009] [bmv2] [D] [thread 6402] [86.0] [cxt 0] Parser 'parser' entering state 'start'
[22:32:04.009] [bmv2] [D] [thread 6402] [86.0] [cxt 0] Extracting header 'ethernet'
[22:32:04.009] [bmv2] [D] [thread 6402] [86.0] [cxt 0] Parser state 'start': key is 8100
[22:32:04.009] [bmv2] [T] [thread 6402] [86.0] [cxt 0] Bytes parsed: 14
[22:32:04.009] [bmv2] [D] [thread 6402] [86.0] [cxt 0] Parser 'parser' entering state 'parse_vlan'
[22:32:04.009] [bmv2] [D] [thread 6402] [86.0] [cxt 0] Extracting header 'vlan'
[22:32:04.009] [bmv2] [D] [thread 6402] [86.0] [cxt 0] Parser state 'parse_vlan': key is 0800
[22:32:04.009] [bmv2] [T] [thread 6402] [86.0] [cxt 0] Bytes parsed: 18
[22:32:04.009] [bmv2] [D] [thread 6402] [86.0] [cxt 0] Parser 'parser' entering state 'parse_ipv4'
[22:32:04.009] [bmv2] [D] [thread 6402] [86.0] [cxt 0] Extracting header 'ipv4'
[22:32:04.009] [bmv2] [D] [thread 6402] [86.0] [cxt 0] Parser set: setting field 'scalars.tmp' from expression, new value is 1
[22:32:04.009] [bmv2] [D] [thread 6402] [86.0] [cxt 0] Parser state 'parse_ipv4': key is 05
[22:32:04.009] [bmv2] [T] [thread 6402] [86.0] [cxt 0] Bytes parsed: 38
[22:32:04.009] [bmv2] [D] [thread 6402] [86.0] [cxt 0] Parser 'parser': end
[22:32:04.009] [bmv2] [D] [thread 6402] [86.0] [cxt 0] Pipeline 'ingress': start
[22:32:04.010] [bmv2] [T] [thread 6402] [86.0] [cxt 0] qos.p4(197) Condition "hdr.ipv4.isValid()" (node_2) is true
[22:32:04.010] [bmv2] [T] [thread 6402] [86.0] [cxt 0] qos.p4(198) Condition "hdr.ipv4_option.isValid()" (node_3) is false
[22:32:04.010] [bmv2] [T] [thread 6402] [86.0] [cxt 0] Applying table 'MyIngress.ipv4_lpm'
[22:32:04.010] [bmv2] [D] [thread 6402] [86.0] [cxt 0] Looking up key:
* hdr.ipv4.dstAddr    : 0a000202

[22:32:04.010] [bmv2] [D] [thread 6402] [86.0] [cxt 0] Table 'MyIngress.ipv4_lpm': hit with handle 2
[22:32:04.010] [bmv2] [D] [thread 6402] [86.0] [cxt 0] Dumping entry 2
Match key:
* hdr.ipv4.dstAddr    : LPM       0a000200/24
Action entry: MyIngress.ipv4_forward - 80000000200,3,

[22:32:04.010] [bmv2] [D] [thread 6402] [86.0] [cxt 0] Action entry is MyIngress.ipv4_forward - 80000000200,3,
[22:32:04.010] [bmv2] [T] [thread 6402] [86.0] [cxt 0] Action MyIngress.ipv4_forward
[22:32:04.010] [bmv2] [T] [thread 6402] [86.0] [cxt 0] qos.p4(175) Primitive standard_metadata.egress_spec = port
[22:32:04.010] [bmv2] [T] [thread 6402] [86.0] [cxt 0] qos.p4(176) Primitive hdr.ethernet.srcAddr = hdr.ethernet.dstAddr
[22:32:04.010] [bmv2] [T] [thread 6402] [86.0] [cxt 0] qos.p4(177) Primitive hdr.ethernet.dstAddr = dstAddr
[22:32:04.010] [bmv2] [T] [thread 6402] [86.0] [cxt 0] qos.p4(178) Primitive hdr.ipv4.ttl = hdr.ipv4.ttl - 1
[22:32:04.010] [bmv2] [D] [thread 6402] [86.0] [cxt 0] Pipeline 'ingress': end
[22:32:04.010] [bmv2] [D] [thread 6402] [86.0] [cxt 0] Egress port is 3
[22:32:04.010] [bmv2] [D] [thread 6406] [86.0] [cxt 0] Pipeline 'egress': start
[22:32:04.010] [bmv2] [D] [thread 6406] [86.0] [cxt 0] Pipeline 'egress': end
[22:32:04.010] [bmv2] [D] [thread 6406] [86.0] [cxt 0] Deparser 'deparser': start
[22:32:04.010] [bmv2] [D] [thread 6406] [86.0] [cxt 0] Updating checksum 'cksum'
[22:32:04.010] [bmv2] [D] [thread 6406] [86.0] [cxt 0] Deparsing header 'ethernet'
[22:32:04.010] [bmv2] [D] [thread 6406] [86.0] [cxt 0] Deparsing header 'vlan'
[22:32:04.010] [bmv2] [D] [thread 6406] [86.0] [cxt 0] Deparsing header 'ipv4'
[22:32:04.010] [bmv2] [D] [thread 6406] [86.0] [cxt 0] Deparser 'deparser': end
[22:32:04.010] [bmv2] [D] [thread 6407] [86.0] [cxt 0] Transmitting packet of size 558 out of port 3
[22:32:04.131] [bmv2] [D] [thread 6402] [87.0] [cxt 0] Processing packet received on port 1
[22:32:04.131] [bmv2] [D] [thread 6402] [87.0] [cxt 0] Parser 'parser': start
[22:32:04.131] [bmv2] [D] [thread 6402] [87.0] [cxt 0] Parser 'parser' entering state 'start'
[22:32:04.131] [bmv2] [D] [thread 6402] [87.0] [cxt 0] Extracting header 'ethernet'
[22:32:04.131] [bmv2] [D] [thread 6402] [87.0] [cxt 0] Parser state 'start': key is 8100
[22:32:04.132] [bmv2] [T] [thread 6402] [87.0] [cxt 0] Bytes parsed: 14
[22:32:04.132] [bmv2] [D] [thread 6402] [87.0] [cxt 0] Parser 'parser' entering state 'parse_vlan'
[22:32:04.132] [bmv2] [D] [thread 6402] [87.0] [cxt 0] Extracting header 'vlan'
[22:32:04.132] [bmv2] [D] [thread 6402] [87.0] [cxt 0] Parser state 'parse_vlan': key is 0800
[22:32:04.132] [bmv2] [T] [thread 6402] [87.0] [cxt 0] Bytes parsed: 18
[22:32:04.132] [bmv2] [D] [thread 6402] [87.0] [cxt 0] Parser 'parser' entering state 'parse_ipv4'
[22:32:04.132] [bmv2] [D] [thread 6402] [87.0] [cxt 0] Extracting header 'ipv4'
[22:32:04.132] [bmv2] [D] [thread 6402] [87.0] [cxt 0] Parser set: setting field 'scalars.tmp' from expression, new value is 1
[22:32:04.132] [bmv2] [D] [thread 6402] [87.0] [cxt 0] Parser state 'parse_ipv4': key is 05
[22:32:04.132] [bmv2] [T] [thread 6402] [87.0] [cxt 0] Bytes parsed: 38
[22:32:04.132] [bmv2] [D] [thread 6402] [87.0] [cxt 0] Parser 'parser': end
[22:32:04.132] [bmv2] [D] [thread 6402] [87.0] [cxt 0] Pipeline 'ingress': start
[22:32:04.132] [bmv2] [T] [thread 6402] [87.0] [cxt 0] qos.p4(197) Condition "hdr.ipv4.isValid()" (node_2) is true
[22:32:04.132] [bmv2] [T] [thread 6402] [87.0] [cxt 0] qos.p4(198) Condition "hdr.ipv4_option.isValid()" (node_3) is false
[22:32:04.132] [bmv2] [T] [thread 6402] [87.0] [cxt 0] Applying table 'MyIngress.ipv4_lpm'
[22:32:04.132] [bmv2] [D] [thread 6402] [87.0] [cxt 0] Looking up key:
* hdr.ipv4.dstAddr    : 0a000202

[22:32:04.132] [bmv2] [D] [thread 6402] [87.0] [cxt 0] Table 'MyIngress.ipv4_lpm': hit with handle 2
[22:32:04.132] [bmv2] [D] [thread 6402] [87.0] [cxt 0] Dumping entry 2
Match key:
* hdr.ipv4.dstAddr    : LPM       0a000200/24
Action entry: MyIngress.ipv4_forward - 80000000200,3,

[22:32:04.132] [bmv2] [D] [thread 6402] [87.0] [cxt 0] Action entry is MyIngress.ipv4_forward - 80000000200,3,
[22:32:04.132] [bmv2] [T] [thread 6402] [87.0] [cxt 0] Action MyIngress.ipv4_forward
[22:32:04.132] [bmv2] [T] [thread 6402] [87.0] [cxt 0] qos.p4(175) Primitive standard_metadata.egress_spec = port
[22:32:04.132] [bmv2] [T] [thread 6402] [87.0] [cxt 0] qos.p4(176) Primitive hdr.ethernet.srcAddr = hdr.ethernet.dstAddr
[22:32:04.132] [bmv2] [T] [thread 6402] [87.0] [cxt 0] qos.p4(177) Primitive hdr.ethernet.dstAddr = dstAddr
[22:32:04.132] [bmv2] [T] [thread 6402] [87.0] [cxt 0] qos.p4(178) Primitive hdr.ipv4.ttl = hdr.ipv4.ttl - 1
[22:32:04.132] [bmv2] [D] [thread 6402] [87.0] [cxt 0] Pipeline 'ingress': end
[22:32:04.132] [bmv2] [D] [thread 6402] [87.0] [cxt 0] Egress port is 3
[22:32:04.133] [bmv2] [D] [thread 6406] [87.0] [cxt 0] Pipeline 'egress': start
[22:32:04.133] [bmv2] [D] [thread 6406] [87.0] [cxt 0] Pipeline 'egress': end
[22:32:04.133] [bmv2] [D] [thread 6406] [87.0] [cxt 0] Deparser 'deparser': start
[22:32:04.133] [bmv2] [D] [thread 6406] [87.0] [cxt 0] Updating checksum 'cksum'
[22:32:04.133] [bmv2] [D] [thread 6406] [87.0] [cxt 0] Deparsing header 'ethernet'
[22:32:04.133] [bmv2] [D] [thread 6406] [87.0] [cxt 0] Deparsing header 'vlan'
[22:32:04.133] [bmv2] [D] [thread 6406] [87.0] [cxt 0] Deparsing header 'ipv4'
[22:32:04.133] [bmv2] [D] [thread 6406] [87.0] [cxt 0] Deparser 'deparser': end
[22:32:04.133] [bmv2] [D] [thread 6407] [87.0] [cxt 0] Transmitting packet of size 558 out of port 3
[22:32:04.260] [bmv2] [D] [thread 6402] [88.0] [cxt 0] Processing packet received on port 1
[22:32:04.260] [bmv2] [D] [thread 6402] [88.0] [cxt 0] Parser 'parser': start
[22:32:04.260] [bmv2] [D] [thread 6402] [88.0] [cxt 0] Parser 'parser' entering state 'start'
[22:32:04.260] [bmv2] [D] [thread 6402] [88.0] [cxt 0] Extracting header 'ethernet'
[22:32:04.260] [bmv2] [D] [thread 6402] [88.0] [cxt 0] Parser state 'start': key is 8100
[22:32:04.260] [bmv2] [T] [thread 6402] [88.0] [cxt 0] Bytes parsed: 14
[22:32:04.260] [bmv2] [D] [thread 6402] [88.0] [cxt 0] Parser 'parser' entering state 'parse_vlan'
[22:32:04.261] [bmv2] [D] [thread 6402] [88.0] [cxt 0] Extracting header 'vlan'
[22:32:04.261] [bmv2] [D] [thread 6402] [88.0] [cxt 0] Parser state 'parse_vlan': key is 0800
[22:32:04.261] [bmv2] [T] [thread 6402] [88.0] [cxt 0] Bytes parsed: 18
[22:32:04.261] [bmv2] [D] [thread 6402] [88.0] [cxt 0] Parser 'parser' entering state 'parse_ipv4'
[22:32:04.262] [bmv2] [D] [thread 6402] [88.0] [cxt 0] Extracting header 'ipv4'
[22:32:04.262] [bmv2] [D] [thread 6402] [88.0] [cxt 0] Parser set: setting field 'scalars.tmp' from expression, new value is 1
[22:32:04.262] [bmv2] [D] [thread 6402] [88.0] [cxt 0] Parser state 'parse_ipv4': key is 05
[22:32:04.262] [bmv2] [T] [thread 6402] [88.0] [cxt 0] Bytes parsed: 38
[22:32:04.262] [bmv2] [D] [thread 6402] [88.0] [cxt 0] Parser 'parser': end
[22:32:04.262] [bmv2] [D] [thread 6402] [88.0] [cxt 0] Pipeline 'ingress': start
[22:32:04.262] [bmv2] [T] [thread 6402] [88.0] [cxt 0] qos.p4(197) Condition "hdr.ipv4.isValid()" (node_2) is true
[22:32:04.262] [bmv2] [T] [thread 6402] [88.0] [cxt 0] qos.p4(198) Condition "hdr.ipv4_option.isValid()" (node_3) is false
[22:32:04.262] [bmv2] [T] [thread 6402] [88.0] [cxt 0] Applying table 'MyIngress.ipv4_lpm'
[22:32:04.262] [bmv2] [D] [thread 6402] [88.0] [cxt 0] Looking up key:
* hdr.ipv4.dstAddr    : 0a000202

[22:32:04.262] [bmv2] [D] [thread 6402] [88.0] [cxt 0] Table 'MyIngress.ipv4_lpm': hit with handle 2
[22:32:04.262] [bmv2] [D] [thread 6402] [88.0] [cxt 0] Dumping entry 2
Match key:
* hdr.ipv4.dstAddr    : LPM       0a000200/24
Action entry: MyIngress.ipv4_forward - 80000000200,3,

[22:32:04.263] [bmv2] [D] [thread 6402] [88.0] [cxt 0] Action entry is MyIngress.ipv4_forward - 80000000200,3,
[22:32:04.263] [bmv2] [T] [thread 6402] [88.0] [cxt 0] Action MyIngress.ipv4_forward
[22:32:04.263] [bmv2] [T] [thread 6402] [88.0] [cxt 0] qos.p4(175) Primitive standard_metadata.egress_spec = port
[22:32:04.263] [bmv2] [T] [thread 6402] [88.0] [cxt 0] qos.p4(176) Primitive hdr.ethernet.srcAddr = hdr.ethernet.dstAddr
[22:32:04.263] [bmv2] [T] [thread 6402] [88.0] [cxt 0] qos.p4(177) Primitive hdr.ethernet.dstAddr = dstAddr
[22:32:04.263] [bmv2] [T] [thread 6402] [88.0] [cxt 0] qos.p4(178) Primitive hdr.ipv4.ttl = hdr.ipv4.ttl - 1
[22:32:04.263] [bmv2] [D] [thread 6402] [88.0] [cxt 0] Pipeline 'ingress': end
[22:32:04.263] [bmv2] [D] [thread 6402] [88.0] [cxt 0] Egress port is 3
[22:32:04.263] [bmv2] [D] [thread 6406] [88.0] [cxt 0] Pipeline 'egress': start
[22:32:04.263] [bmv2] [D] [thread 6406] [88.0] [cxt 0] Pipeline 'egress': end
[22:32:04.263] [bmv2] [D] [thread 6406] [88.0] [cxt 0] Deparser 'deparser': start
[22:32:04.263] [bmv2] [D] [thread 6406] [88.0] [cxt 0] Updating checksum 'cksum'
[22:32:04.263] [bmv2] [D] [thread 6406] [88.0] [cxt 0] Deparsing header 'ethernet'
[22:32:04.263] [bmv2] [D] [thread 6406] [88.0] [cxt 0] Deparsing header 'vlan'
[22:32:04.263] [bmv2] [D] [thread 6406] [88.0] [cxt 0] Deparsing header 'ipv4'
[22:32:04.263] [bmv2] [D] [thread 6406] [88.0] [cxt 0] Deparser 'deparser': end
[22:32:04.263] [bmv2] [D] [thread 6407] [88.0] [cxt 0] Transmitting packet of size 558 out of port 3
[22:32:04.384] [bmv2] [D] [thread 6402] [89.0] [cxt 0] Processing packet received on port 1
[22:32:04.384] [bmv2] [D] [thread 6402] [89.0] [cxt 0] Parser 'parser': start
[22:32:04.384] [bmv2] [D] [thread 6402] [89.0] [cxt 0] Parser 'parser' entering state 'start'
[22:32:04.384] [bmv2] [D] [thread 6402] [89.0] [cxt 0] Extracting header 'ethernet'
[22:32:04.384] [bmv2] [D] [thread 6402] [89.0] [cxt 0] Parser state 'start': key is 8100
[22:32:04.384] [bmv2] [T] [thread 6402] [89.0] [cxt 0] Bytes parsed: 14
[22:32:04.384] [bmv2] [D] [thread 6402] [89.0] [cxt 0] Parser 'parser' entering state 'parse_vlan'
[22:32:04.384] [bmv2] [D] [thread 6402] [89.0] [cxt 0] Extracting header 'vlan'
[22:32:04.385] [bmv2] [D] [thread 6402] [89.0] [cxt 0] Parser state 'parse_vlan': key is 0800
[22:32:04.386] [bmv2] [T] [thread 6402] [89.0] [cxt 0] Bytes parsed: 18
[22:32:04.386] [bmv2] [D] [thread 6402] [89.0] [cxt 0] Parser 'parser' entering state 'parse_ipv4'
[22:32:04.386] [bmv2] [D] [thread 6402] [89.0] [cxt 0] Extracting header 'ipv4'
[22:32:04.386] [bmv2] [D] [thread 6402] [89.0] [cxt 0] Parser set: setting field 'scalars.tmp' from expression, new value is 1
[22:32:04.386] [bmv2] [D] [thread 6402] [89.0] [cxt 0] Parser state 'parse_ipv4': key is 05
[22:32:04.386] [bmv2] [T] [thread 6402] [89.0] [cxt 0] Bytes parsed: 38
[22:32:04.386] [bmv2] [D] [thread 6402] [89.0] [cxt 0] Parser 'parser': end
[22:32:04.386] [bmv2] [D] [thread 6402] [89.0] [cxt 0] Pipeline 'ingress': start
[22:32:04.386] [bmv2] [T] [thread 6402] [89.0] [cxt 0] qos.p4(197) Condition "hdr.ipv4.isValid()" (node_2) is true
[22:32:04.386] [bmv2] [T] [thread 6402] [89.0] [cxt 0] qos.p4(198) Condition "hdr.ipv4_option.isValid()" (node_3) is false
[22:32:04.386] [bmv2] [T] [thread 6402] [89.0] [cxt 0] Applying table 'MyIngress.ipv4_lpm'
[22:32:04.386] [bmv2] [D] [thread 6402] [89.0] [cxt 0] Looking up key:
* hdr.ipv4.dstAddr    : 0a000202

[22:32:04.386] [bmv2] [D] [thread 6402] [89.0] [cxt 0] Table 'MyIngress.ipv4_lpm': hit with handle 2
[22:32:04.386] [bmv2] [D] [thread 6402] [89.0] [cxt 0] Dumping entry 2
Match key:
* hdr.ipv4.dstAddr    : LPM       0a000200/24
Action entry: MyIngress.ipv4_forward - 80000000200,3,

[22:32:04.386] [bmv2] [D] [thread 6402] [89.0] [cxt 0] Action entry is MyIngress.ipv4_forward - 80000000200,3,
[22:32:04.386] [bmv2] [T] [thread 6402] [89.0] [cxt 0] Action MyIngress.ipv4_forward
[22:32:04.386] [bmv2] [T] [thread 6402] [89.0] [cxt 0] qos.p4(175) Primitive standard_metadata.egress_spec = port
[22:32:04.386] [bmv2] [T] [thread 6402] [89.0] [cxt 0] qos.p4(176) Primitive hdr.ethernet.srcAddr = hdr.ethernet.dstAddr
[22:32:04.386] [bmv2] [T] [thread 6402] [89.0] [cxt 0] qos.p4(177) Primitive hdr.ethernet.dstAddr = dstAddr
[22:32:04.386] [bmv2] [T] [thread 6402] [89.0] [cxt 0] qos.p4(178) Primitive hdr.ipv4.ttl = hdr.ipv4.ttl - 1
[22:32:04.386] [bmv2] [D] [thread 6402] [89.0] [cxt 0] Pipeline 'ingress': end
[22:32:04.386] [bmv2] [D] [thread 6402] [89.0] [cxt 0] Egress port is 3
[22:32:04.386] [bmv2] [D] [thread 6406] [89.0] [cxt 0] Pipeline 'egress': start
[22:32:04.387] [bmv2] [D] [thread 6406] [89.0] [cxt 0] Pipeline 'egress': end
[22:32:04.387] [bmv2] [D] [thread 6406] [89.0] [cxt 0] Deparser 'deparser': start
[22:32:04.387] [bmv2] [D] [thread 6406] [89.0] [cxt 0] Updating checksum 'cksum'
[22:32:04.387] [bmv2] [D] [thread 6406] [89.0] [cxt 0] Deparsing header 'ethernet'
[22:32:04.387] [bmv2] [D] [thread 6406] [89.0] [cxt 0] Deparsing header 'vlan'
[22:32:04.387] [bmv2] [D] [thread 6406] [89.0] [cxt 0] Deparsing header 'ipv4'
[22:32:04.387] [bmv2] [D] [thread 6406] [89.0] [cxt 0] Deparser 'deparser': end
[22:32:04.387] [bmv2] [D] [thread 6407] [89.0] [cxt 0] Transmitting packet of size 558 out of port 3
[22:32:04.510] [bmv2] [D] [thread 6402] [90.0] [cxt 0] Processing packet received on port 1
[22:32:04.510] [bmv2] [D] [thread 6402] [90.0] [cxt 0] Parser 'parser': start
[22:32:04.510] [bmv2] [D] [thread 6402] [90.0] [cxt 0] Parser 'parser' entering state 'start'
[22:32:04.510] [bmv2] [D] [thread 6402] [90.0] [cxt 0] Extracting header 'ethernet'
[22:32:04.510] [bmv2] [D] [thread 6402] [90.0] [cxt 0] Parser state 'start': key is 8100
[22:32:04.510] [bmv2] [T] [thread 6402] [90.0] [cxt 0] Bytes parsed: 14
[22:32:04.510] [bmv2] [D] [thread 6402] [90.0] [cxt 0] Parser 'parser' entering state 'parse_vlan'
[22:32:04.510] [bmv2] [D] [thread 6402] [90.0] [cxt 0] Extracting header 'vlan'
[22:32:04.510] [bmv2] [D] [thread 6402] [90.0] [cxt 0] Parser state 'parse_vlan': key is 0800
[22:32:04.511] [bmv2] [T] [thread 6402] [90.0] [cxt 0] Bytes parsed: 18
[22:32:04.511] [bmv2] [D] [thread 6402] [90.0] [cxt 0] Parser 'parser' entering state 'parse_ipv4'
[22:32:04.511] [bmv2] [D] [thread 6402] [90.0] [cxt 0] Extracting header 'ipv4'
[22:32:04.511] [bmv2] [D] [thread 6402] [90.0] [cxt 0] Parser set: setting field 'scalars.tmp' from expression, new value is 1
[22:32:04.511] [bmv2] [D] [thread 6402] [90.0] [cxt 0] Parser state 'parse_ipv4': key is 05
[22:32:04.511] [bmv2] [T] [thread 6402] [90.0] [cxt 0] Bytes parsed: 38
[22:32:04.511] [bmv2] [D] [thread 6402] [90.0] [cxt 0] Parser 'parser': end
[22:32:04.511] [bmv2] [D] [thread 6402] [90.0] [cxt 0] Pipeline 'ingress': start
[22:32:04.511] [bmv2] [T] [thread 6402] [90.0] [cxt 0] qos.p4(197) Condition "hdr.ipv4.isValid()" (node_2) is true
[22:32:04.511] [bmv2] [T] [thread 6402] [90.0] [cxt 0] qos.p4(198) Condition "hdr.ipv4_option.isValid()" (node_3) is false
[22:32:04.511] [bmv2] [T] [thread 6402] [90.0] [cxt 0] Applying table 'MyIngress.ipv4_lpm'
[22:32:04.511] [bmv2] [D] [thread 6402] [90.0] [cxt 0] Looking up key:
* hdr.ipv4.dstAddr    : 0a000202

[22:32:04.511] [bmv2] [D] [thread 6402] [90.0] [cxt 0] Table 'MyIngress.ipv4_lpm': hit with handle 2
[22:32:04.511] [bmv2] [D] [thread 6402] [90.0] [cxt 0] Dumping entry 2
Match key:
* hdr.ipv4.dstAddr    : LPM       0a000200/24
Action entry: MyIngress.ipv4_forward - 80000000200,3,

[22:32:04.511] [bmv2] [D] [thread 6402] [90.0] [cxt 0] Action entry is MyIngress.ipv4_forward - 80000000200,3,
[22:32:04.511] [bmv2] [T] [thread 6402] [90.0] [cxt 0] Action MyIngress.ipv4_forward
[22:32:04.511] [bmv2] [T] [thread 6402] [90.0] [cxt 0] qos.p4(175) Primitive standard_metadata.egress_spec = port
[22:32:04.511] [bmv2] [T] [thread 6402] [90.0] [cxt 0] qos.p4(176) Primitive hdr.ethernet.srcAddr = hdr.ethernet.dstAddr
[22:32:04.511] [bmv2] [T] [thread 6402] [90.0] [cxt 0] qos.p4(177) Primitive hdr.ethernet.dstAddr = dstAddr
[22:32:04.511] [bmv2] [T] [thread 6402] [90.0] [cxt 0] qos.p4(178) Primitive hdr.ipv4.ttl = hdr.ipv4.ttl - 1
[22:32:04.511] [bmv2] [D] [thread 6402] [90.0] [cxt 0] Pipeline 'ingress': end
[22:32:04.511] [bmv2] [D] [thread 6402] [90.0] [cxt 0] Egress port is 3
[22:32:04.511] [bmv2] [D] [thread 6406] [90.0] [cxt 0] Pipeline 'egress': start
[22:32:04.511] [bmv2] [D] [thread 6406] [90.0] [cxt 0] Pipeline 'egress': end
[22:32:04.511] [bmv2] [D] [thread 6406] [90.0] [cxt 0] Deparser 'deparser': start
[22:32:04.511] [bmv2] [D] [thread 6406] [90.0] [cxt 0] Updating checksum 'cksum'
[22:32:04.511] [bmv2] [D] [thread 6406] [90.0] [cxt 0] Deparsing header 'ethernet'
[22:32:04.511] [bmv2] [D] [thread 6406] [90.0] [cxt 0] Deparsing header 'vlan'
[22:32:04.512] [bmv2] [D] [thread 6406] [90.0] [cxt 0] Deparsing header 'ipv4'
[22:32:04.512] [bmv2] [D] [thread 6406] [90.0] [cxt 0] Deparser 'deparser': end
[22:32:04.512] [bmv2] [D] [thread 6407] [90.0] [cxt 0] Transmitting packet of size 558 out of port 3
[22:32:04.635] [bmv2] [D] [thread 6402] [91.0] [cxt 0] Processing packet received on port 1
[22:32:04.635] [bmv2] [D] [thread 6402] [91.0] [cxt 0] Parser 'parser': start
[22:32:04.635] [bmv2] [D] [thread 6402] [91.0] [cxt 0] Parser 'parser' entering state 'start'
[22:32:04.635] [bmv2] [D] [thread 6402] [91.0] [cxt 0] Extracting header 'ethernet'
[22:32:04.635] [bmv2] [D] [thread 6402] [91.0] [cxt 0] Parser state 'start': key is 8100
[22:32:04.635] [bmv2] [T] [thread 6402] [91.0] [cxt 0] Bytes parsed: 14
[22:32:04.635] [bmv2] [D] [thread 6402] [91.0] [cxt 0] Parser 'parser' entering state 'parse_vlan'
[22:32:04.635] [bmv2] [D] [thread 6402] [91.0] [cxt 0] Extracting header 'vlan'
[22:32:04.635] [bmv2] [D] [thread 6402] [91.0] [cxt 0] Parser state 'parse_vlan': key is 0800
[22:32:04.635] [bmv2] [T] [thread 6402] [91.0] [cxt 0] Bytes parsed: 18
[22:32:04.635] [bmv2] [D] [thread 6402] [91.0] [cxt 0] Parser 'parser' entering state 'parse_ipv4'
[22:32:04.635] [bmv2] [D] [thread 6402] [91.0] [cxt 0] Extracting header 'ipv4'
[22:32:04.635] [bmv2] [D] [thread 6402] [91.0] [cxt 0] Parser set: setting field 'scalars.tmp' from expression, new value is 1
[22:32:04.635] [bmv2] [D] [thread 6402] [91.0] [cxt 0] Parser state 'parse_ipv4': key is 05
[22:32:04.635] [bmv2] [T] [thread 6402] [91.0] [cxt 0] Bytes parsed: 38
[22:32:04.635] [bmv2] [D] [thread 6402] [91.0] [cxt 0] Parser 'parser': end
[22:32:04.635] [bmv2] [D] [thread 6402] [91.0] [cxt 0] Pipeline 'ingress': start
[22:32:04.635] [bmv2] [T] [thread 6402] [91.0] [cxt 0] qos.p4(197) Condition "hdr.ipv4.isValid()" (node_2) is true
[22:32:04.635] [bmv2] [T] [thread 6402] [91.0] [cxt 0] qos.p4(198) Condition "hdr.ipv4_option.isValid()" (node_3) is false
[22:32:04.635] [bmv2] [T] [thread 6402] [91.0] [cxt 0] Applying table 'MyIngress.ipv4_lpm'
[22:32:04.636] [bmv2] [D] [thread 6402] [91.0] [cxt 0] Looking up key:
* hdr.ipv4.dstAddr    : 0a000202

[22:32:04.636] [bmv2] [D] [thread 6402] [91.0] [cxt 0] Table 'MyIngress.ipv4_lpm': hit with handle 2
[22:32:04.636] [bmv2] [D] [thread 6402] [91.0] [cxt 0] Dumping entry 2
Match key:
* hdr.ipv4.dstAddr    : LPM       0a000200/24
Action entry: MyIngress.ipv4_forward - 80000000200,3,

[22:32:04.636] [bmv2] [D] [thread 6402] [91.0] [cxt 0] Action entry is MyIngress.ipv4_forward - 80000000200,3,
[22:32:04.636] [bmv2] [T] [thread 6402] [91.0] [cxt 0] Action MyIngress.ipv4_forward
[22:32:04.636] [bmv2] [T] [thread 6402] [91.0] [cxt 0] qos.p4(175) Primitive standard_metadata.egress_spec = port
[22:32:04.636] [bmv2] [T] [thread 6402] [91.0] [cxt 0] qos.p4(176) Primitive hdr.ethernet.srcAddr = hdr.ethernet.dstAddr
[22:32:04.636] [bmv2] [T] [thread 6402] [91.0] [cxt 0] qos.p4(177) Primitive hdr.ethernet.dstAddr = dstAddr
[22:32:04.636] [bmv2] [T] [thread 6402] [91.0] [cxt 0] qos.p4(178) Primitive hdr.ipv4.ttl = hdr.ipv4.ttl - 1
[22:32:04.636] [bmv2] [D] [thread 6402] [91.0] [cxt 0] Pipeline 'ingress': end
[22:32:04.636] [bmv2] [D] [thread 6402] [91.0] [cxt 0] Egress port is 3
[22:32:04.636] [bmv2] [D] [thread 6406] [91.0] [cxt 0] Pipeline 'egress': start
[22:32:04.636] [bmv2] [D] [thread 6406] [91.0] [cxt 0] Pipeline 'egress': end
[22:32:04.636] [bmv2] [D] [thread 6406] [91.0] [cxt 0] Deparser 'deparser': start
[22:32:04.636] [bmv2] [D] [thread 6406] [91.0] [cxt 0] Updating checksum 'cksum'
[22:32:04.636] [bmv2] [D] [thread 6406] [91.0] [cxt 0] Deparsing header 'ethernet'
[22:32:04.636] [bmv2] [D] [thread 6406] [91.0] [cxt 0] Deparsing header 'vlan'
[22:32:04.636] [bmv2] [D] [thread 6406] [91.0] [cxt 0] Deparsing header 'ipv4'
[22:32:04.636] [bmv2] [D] [thread 6406] [91.0] [cxt 0] Deparser 'deparser': end
[22:32:04.636] [bmv2] [D] [thread 6407] [91.0] [cxt 0] Transmitting packet of size 558 out of port 3
[22:32:04.765] [bmv2] [D] [thread 6402] [92.0] [cxt 0] Processing packet received on port 1
[22:32:04.765] [bmv2] [D] [thread 6402] [92.0] [cxt 0] Parser 'parser': start
[22:32:04.765] [bmv2] [D] [thread 6402] [92.0] [cxt 0] Parser 'parser' entering state 'start'
[22:32:04.765] [bmv2] [D] [thread 6402] [92.0] [cxt 0] Extracting header 'ethernet'
[22:32:04.765] [bmv2] [D] [thread 6402] [92.0] [cxt 0] Parser state 'start': key is 8100
[22:32:04.765] [bmv2] [T] [thread 6402] [92.0] [cxt 0] Bytes parsed: 14
[22:32:04.765] [bmv2] [D] [thread 6402] [92.0] [cxt 0] Parser 'parser' entering state 'parse_vlan'
[22:32:04.765] [bmv2] [D] [thread 6402] [92.0] [cxt 0] Extracting header 'vlan'
[22:32:04.766] [bmv2] [D] [thread 6402] [92.0] [cxt 0] Parser state 'parse_vlan': key is 0800
[22:32:04.766] [bmv2] [T] [thread 6402] [92.0] [cxt 0] Bytes parsed: 18
[22:32:04.766] [bmv2] [D] [thread 6402] [92.0] [cxt 0] Parser 'parser' entering state 'parse_ipv4'
[22:32:04.766] [bmv2] [D] [thread 6402] [92.0] [cxt 0] Extracting header 'ipv4'
[22:32:04.766] [bmv2] [D] [thread 6402] [92.0] [cxt 0] Parser set: setting field 'scalars.tmp' from expression, new value is 1
[22:32:04.766] [bmv2] [D] [thread 6402] [92.0] [cxt 0] Parser state 'parse_ipv4': key is 05
[22:32:04.766] [bmv2] [T] [thread 6402] [92.0] [cxt 0] Bytes parsed: 38
[22:32:04.766] [bmv2] [D] [thread 6402] [92.0] [cxt 0] Parser 'parser': end
[22:32:04.766] [bmv2] [D] [thread 6402] [92.0] [cxt 0] Pipeline 'ingress': start
[22:32:04.766] [bmv2] [T] [thread 6402] [92.0] [cxt 0] qos.p4(197) Condition "hdr.ipv4.isValid()" (node_2) is true
[22:32:04.766] [bmv2] [T] [thread 6402] [92.0] [cxt 0] qos.p4(198) Condition "hdr.ipv4_option.isValid()" (node_3) is false
[22:32:04.766] [bmv2] [T] [thread 6402] [92.0] [cxt 0] Applying table 'MyIngress.ipv4_lpm'
[22:32:04.766] [bmv2] [D] [thread 6402] [92.0] [cxt 0] Looking up key:
* hdr.ipv4.dstAddr    : 0a000202

[22:32:04.766] [bmv2] [D] [thread 6402] [92.0] [cxt 0] Table 'MyIngress.ipv4_lpm': hit with handle 2
[22:32:04.766] [bmv2] [D] [thread 6402] [92.0] [cxt 0] Dumping entry 2
Match key:
* hdr.ipv4.dstAddr    : LPM       0a000200/24
Action entry: MyIngress.ipv4_forward - 80000000200,3,

[22:32:04.766] [bmv2] [D] [thread 6402] [92.0] [cxt 0] Action entry is MyIngress.ipv4_forward - 80000000200,3,
[22:32:04.766] [bmv2] [T] [thread 6402] [92.0] [cxt 0] Action MyIngress.ipv4_forward
[22:32:04.766] [bmv2] [T] [thread 6402] [92.0] [cxt 0] qos.p4(175) Primitive standard_metadata.egress_spec = port
[22:32:04.766] [bmv2] [T] [thread 6402] [92.0] [cxt 0] qos.p4(176) Primitive hdr.ethernet.srcAddr = hdr.ethernet.dstAddr
[22:32:04.766] [bmv2] [T] [thread 6402] [92.0] [cxt 0] qos.p4(177) Primitive hdr.ethernet.dstAddr = dstAddr
[22:32:04.766] [bmv2] [T] [thread 6402] [92.0] [cxt 0] qos.p4(178) Primitive hdr.ipv4.ttl = hdr.ipv4.ttl - 1
[22:32:04.766] [bmv2] [D] [thread 6402] [92.0] [cxt 0] Pipeline 'ingress': end
[22:32:04.766] [bmv2] [D] [thread 6402] [92.0] [cxt 0] Egress port is 3
[22:32:04.766] [bmv2] [D] [thread 6406] [92.0] [cxt 0] Pipeline 'egress': start
[22:32:04.766] [bmv2] [D] [thread 6406] [92.0] [cxt 0] Pipeline 'egress': end
[22:32:04.766] [bmv2] [D] [thread 6406] [92.0] [cxt 0] Deparser 'deparser': start
[22:32:04.766] [bmv2] [D] [thread 6406] [92.0] [cxt 0] Updating checksum 'cksum'
[22:32:04.766] [bmv2] [D] [thread 6406] [92.0] [cxt 0] Deparsing header 'ethernet'
[22:32:04.766] [bmv2] [D] [thread 6406] [92.0] [cxt 0] Deparsing header 'vlan'
[22:32:04.766] [bmv2] [D] [thread 6406] [92.0] [cxt 0] Deparsing header 'ipv4'
[22:32:04.766] [bmv2] [D] [thread 6406] [92.0] [cxt 0] Deparser 'deparser': end
[22:32:04.767] [bmv2] [D] [thread 6407] [92.0] [cxt 0] Transmitting packet of size 558 out of port 3
[22:32:04.793] [bmv2] [D] [thread 6402] [93.0] [cxt 0] Processing packet received on port 4
[22:32:04.793] [bmv2] [D] [thread 6402] [93.0] [cxt 0] Parser 'parser': start
[22:32:04.793] [bmv2] [D] [thread 6402] [93.0] [cxt 0] Parser 'parser' entering state 'start'
[22:32:04.795] [bmv2] [D] [thread 6402] [93.0] [cxt 0] Extracting header 'ethernet'
[22:32:04.796] [bmv2] [D] [thread 6402] [93.0] [cxt 0] Parser state 'start': key is 86dd
[22:32:04.797] [bmv2] [T] [thread 6402] [93.0] [cxt 0] Bytes parsed: 14
[22:32:04.797] [bmv2] [D] [thread 6402] [93.0] [cxt 0] Parser 'parser': end
[22:32:04.800] [bmv2] [D] [thread 6402] [93.0] [cxt 0] Pipeline 'ingress': start
[22:32:04.801] [bmv2] [T] [thread 6402] [93.0] [cxt 0] qos.p4(197) Condition "hdr.ipv4.isValid()" (node_2) is false
[22:32:04.801] [bmv2] [D] [thread 6402] [93.0] [cxt 0] Pipeline 'ingress': end
[22:32:04.801] [bmv2] [D] [thread 6402] [93.0] [cxt 0] Egress port is 0
[22:32:04.801] [bmv2] [D] [thread 6403] [93.0] [cxt 0] Pipeline 'egress': start
[22:32:04.801] [bmv2] [D] [thread 6403] [93.0] [cxt 0] Pipeline 'egress': end
[22:32:04.801] [bmv2] [D] [thread 6403] [93.0] [cxt 0] Deparser 'deparser': start
[22:32:04.801] [bmv2] [T] [thread 6403] [93.0] [cxt 0] Skipping checksum 'cksum' update because condition not met
[22:32:04.801] [bmv2] [D] [thread 6403] [93.0] [cxt 0] Deparsing header 'ethernet'
[22:32:04.801] [bmv2] [D] [thread 6403] [93.0] [cxt 0] Deparser 'deparser': end
[22:32:04.801] [bmv2] [D] [thread 6407] [93.0] [cxt 0] Transmitting packet of size 70 out of port 0
[22:32:04.889] [bmv2] [D] [thread 6402] [94.0] [cxt 0] Processing packet received on port 1
[22:32:04.890] [bmv2] [D] [thread 6402] [94.0] [cxt 0] Parser 'parser': start
[22:32:04.890] [bmv2] [D] [thread 6402] [94.0] [cxt 0] Parser 'parser' entering state 'start'
[22:32:04.890] [bmv2] [D] [thread 6402] [94.0] [cxt 0] Extracting header 'ethernet'
[22:32:04.890] [bmv2] [D] [thread 6402] [94.0] [cxt 0] Parser state 'start': key is 8100
[22:32:04.890] [bmv2] [T] [thread 6402] [94.0] [cxt 0] Bytes parsed: 14
[22:32:04.890] [bmv2] [D] [thread 6402] [94.0] [cxt 0] Parser 'parser' entering state 'parse_vlan'
[22:32:04.890] [bmv2] [D] [thread 6402] [94.0] [cxt 0] Extracting header 'vlan'
[22:32:04.890] [bmv2] [D] [thread 6402] [94.0] [cxt 0] Parser state 'parse_vlan': key is 0800
[22:32:04.890] [bmv2] [T] [thread 6402] [94.0] [cxt 0] Bytes parsed: 18
[22:32:04.890] [bmv2] [D] [thread 6402] [94.0] [cxt 0] Parser 'parser' entering state 'parse_ipv4'
[22:32:04.890] [bmv2] [D] [thread 6402] [94.0] [cxt 0] Extracting header 'ipv4'
[22:32:04.890] [bmv2] [D] [thread 6402] [94.0] [cxt 0] Parser set: setting field 'scalars.tmp' from expression, new value is 1
[22:32:04.890] [bmv2] [D] [thread 6402] [94.0] [cxt 0] Parser state 'parse_ipv4': key is 05
[22:32:04.890] [bmv2] [T] [thread 6402] [94.0] [cxt 0] Bytes parsed: 38
[22:32:04.890] [bmv2] [D] [thread 6402] [94.0] [cxt 0] Parser 'parser': end
[22:32:04.890] [bmv2] [D] [thread 6402] [94.0] [cxt 0] Pipeline 'ingress': start
[22:32:04.890] [bmv2] [T] [thread 6402] [94.0] [cxt 0] qos.p4(197) Condition "hdr.ipv4.isValid()" (node_2) is true
[22:32:04.890] [bmv2] [T] [thread 6402] [94.0] [cxt 0] qos.p4(198) Condition "hdr.ipv4_option.isValid()" (node_3) is false
[22:32:04.890] [bmv2] [T] [thread 6402] [94.0] [cxt 0] Applying table 'MyIngress.ipv4_lpm'
[22:32:04.890] [bmv2] [D] [thread 6402] [94.0] [cxt 0] Looking up key:
* hdr.ipv4.dstAddr    : 0a000202

[22:32:04.890] [bmv2] [D] [thread 6402] [94.0] [cxt 0] Table 'MyIngress.ipv4_lpm': hit with handle 2
[22:32:04.890] [bmv2] [D] [thread 6402] [94.0] [cxt 0] Dumping entry 2
Match key:
* hdr.ipv4.dstAddr    : LPM       0a000200/24
Action entry: MyIngress.ipv4_forward - 80000000200,3,

[22:32:04.890] [bmv2] [D] [thread 6402] [94.0] [cxt 0] Action entry is MyIngress.ipv4_forward - 80000000200,3,
[22:32:04.890] [bmv2] [T] [thread 6402] [94.0] [cxt 0] Action MyIngress.ipv4_forward
[22:32:04.890] [bmv2] [T] [thread 6402] [94.0] [cxt 0] qos.p4(175) Primitive standard_metadata.egress_spec = port
[22:32:04.890] [bmv2] [T] [thread 6402] [94.0] [cxt 0] qos.p4(176) Primitive hdr.ethernet.srcAddr = hdr.ethernet.dstAddr
[22:32:04.890] [bmv2] [T] [thread 6402] [94.0] [cxt 0] qos.p4(177) Primitive hdr.ethernet.dstAddr = dstAddr
[22:32:04.891] [bmv2] [T] [thread 6402] [94.0] [cxt 0] qos.p4(178) Primitive hdr.ipv4.ttl = hdr.ipv4.ttl - 1
[22:32:04.891] [bmv2] [D] [thread 6402] [94.0] [cxt 0] Pipeline 'ingress': end
[22:32:04.891] [bmv2] [D] [thread 6402] [94.0] [cxt 0] Egress port is 3
[22:32:04.891] [bmv2] [D] [thread 6406] [94.0] [cxt 0] Pipeline 'egress': start
[22:32:04.891] [bmv2] [D] [thread 6406] [94.0] [cxt 0] Pipeline 'egress': end
[22:32:04.891] [bmv2] [D] [thread 6406] [94.0] [cxt 0] Deparser 'deparser': start
[22:32:04.891] [bmv2] [D] [thread 6406] [94.0] [cxt 0] Updating checksum 'cksum'
[22:32:04.891] [bmv2] [D] [thread 6406] [94.0] [cxt 0] Deparsing header 'ethernet'
[22:32:04.891] [bmv2] [D] [thread 6406] [94.0] [cxt 0] Deparsing header 'vlan'
[22:32:04.891] [bmv2] [D] [thread 6406] [94.0] [cxt 0] Deparsing header 'ipv4'
[22:32:04.891] [bmv2] [D] [thread 6406] [94.0] [cxt 0] Deparser 'deparser': end
[22:32:04.891] [bmv2] [D] [thread 6407] [94.0] [cxt 0] Transmitting packet of size 558 out of port 3
[22:32:05.012] [bmv2] [D] [thread 6402] [95.0] [cxt 0] Processing packet received on port 1
[22:32:05.012] [bmv2] [D] [thread 6402] [95.0] [cxt 0] Parser 'parser': start
[22:32:05.012] [bmv2] [D] [thread 6402] [95.0] [cxt 0] Parser 'parser' entering state 'start'
[22:32:05.012] [bmv2] [D] [thread 6402] [95.0] [cxt 0] Extracting header 'ethernet'
[22:32:05.012] [bmv2] [D] [thread 6402] [95.0] [cxt 0] Parser state 'start': key is 8100
[22:32:05.012] [bmv2] [T] [thread 6402] [95.0] [cxt 0] Bytes parsed: 14
[22:32:05.012] [bmv2] [D] [thread 6402] [95.0] [cxt 0] Parser 'parser' entering state 'parse_vlan'
[22:32:05.012] [bmv2] [D] [thread 6402] [95.0] [cxt 0] Extracting header 'vlan'
[22:32:05.012] [bmv2] [D] [thread 6402] [95.0] [cxt 0] Parser state 'parse_vlan': key is 0800
[22:32:05.012] [bmv2] [T] [thread 6402] [95.0] [cxt 0] Bytes parsed: 18
[22:32:05.012] [bmv2] [D] [thread 6402] [95.0] [cxt 0] Parser 'parser' entering state 'parse_ipv4'
[22:32:05.013] [bmv2] [D] [thread 6402] [95.0] [cxt 0] Extracting header 'ipv4'
[22:32:05.013] [bmv2] [D] [thread 6402] [95.0] [cxt 0] Parser set: setting field 'scalars.tmp' from expression, new value is 1
[22:32:05.013] [bmv2] [D] [thread 6402] [95.0] [cxt 0] Parser state 'parse_ipv4': key is 05
[22:32:05.013] [bmv2] [T] [thread 6402] [95.0] [cxt 0] Bytes parsed: 38
[22:32:05.013] [bmv2] [D] [thread 6402] [95.0] [cxt 0] Parser 'parser': end
[22:32:05.013] [bmv2] [D] [thread 6402] [95.0] [cxt 0] Pipeline 'ingress': start
[22:32:05.013] [bmv2] [T] [thread 6402] [95.0] [cxt 0] qos.p4(197) Condition "hdr.ipv4.isValid()" (node_2) is true
[22:32:05.013] [bmv2] [T] [thread 6402] [95.0] [cxt 0] qos.p4(198) Condition "hdr.ipv4_option.isValid()" (node_3) is false
[22:32:05.013] [bmv2] [T] [thread 6402] [95.0] [cxt 0] Applying table 'MyIngress.ipv4_lpm'
[22:32:05.013] [bmv2] [D] [thread 6402] [95.0] [cxt 0] Looking up key:
* hdr.ipv4.dstAddr    : 0a000202

[22:32:05.013] [bmv2] [D] [thread 6402] [95.0] [cxt 0] Table 'MyIngress.ipv4_lpm': hit with handle 2
[22:32:05.013] [bmv2] [D] [thread 6402] [95.0] [cxt 0] Dumping entry 2
Match key:
* hdr.ipv4.dstAddr    : LPM       0a000200/24
Action entry: MyIngress.ipv4_forward - 80000000200,3,

[22:32:05.013] [bmv2] [D] [thread 6402] [95.0] [cxt 0] Action entry is MyIngress.ipv4_forward - 80000000200,3,
[22:32:05.013] [bmv2] [T] [thread 6402] [95.0] [cxt 0] Action MyIngress.ipv4_forward
[22:32:05.013] [bmv2] [T] [thread 6402] [95.0] [cxt 0] qos.p4(175) Primitive standard_metadata.egress_spec = port
[22:32:05.013] [bmv2] [T] [thread 6402] [95.0] [cxt 0] qos.p4(176) Primitive hdr.ethernet.srcAddr = hdr.ethernet.dstAddr
[22:32:05.013] [bmv2] [T] [thread 6402] [95.0] [cxt 0] qos.p4(177) Primitive hdr.ethernet.dstAddr = dstAddr
[22:32:05.013] [bmv2] [T] [thread 6402] [95.0] [cxt 0] qos.p4(178) Primitive hdr.ipv4.ttl = hdr.ipv4.ttl - 1
[22:32:05.013] [bmv2] [D] [thread 6402] [95.0] [cxt 0] Pipeline 'ingress': end
[22:32:05.013] [bmv2] [D] [thread 6402] [95.0] [cxt 0] Egress port is 3
[22:32:05.013] [bmv2] [D] [thread 6406] [95.0] [cxt 0] Pipeline 'egress': start
[22:32:05.014] [bmv2] [D] [thread 6406] [95.0] [cxt 0] Pipeline 'egress': end
[22:32:05.014] [bmv2] [D] [thread 6406] [95.0] [cxt 0] Deparser 'deparser': start
[22:32:05.014] [bmv2] [D] [thread 6406] [95.0] [cxt 0] Updating checksum 'cksum'
[22:32:05.014] [bmv2] [D] [thread 6406] [95.0] [cxt 0] Deparsing header 'ethernet'
[22:32:05.014] [bmv2] [D] [thread 6406] [95.0] [cxt 0] Deparsing header 'vlan'
[22:32:05.014] [bmv2] [D] [thread 6406] [95.0] [cxt 0] Deparsing header 'ipv4'
[22:32:05.014] [bmv2] [D] [thread 6406] [95.0] [cxt 0] Deparser 'deparser': end
[22:32:05.014] [bmv2] [D] [thread 6407] [95.0] [cxt 0] Transmitting packet of size 558 out of port 3
[22:32:05.145] [bmv2] [D] [thread 6402] [96.0] [cxt 0] Processing packet received on port 1
[22:32:05.145] [bmv2] [D] [thread 6402] [96.0] [cxt 0] Parser 'parser': start
[22:32:05.145] [bmv2] [D] [thread 6402] [96.0] [cxt 0] Parser 'parser' entering state 'start'
[22:32:05.145] [bmv2] [D] [thread 6402] [96.0] [cxt 0] Extracting header 'ethernet'
[22:32:05.145] [bmv2] [D] [thread 6402] [96.0] [cxt 0] Parser state 'start': key is 8100
[22:32:05.145] [bmv2] [T] [thread 6402] [96.0] [cxt 0] Bytes parsed: 14
[22:32:05.145] [bmv2] [D] [thread 6402] [96.0] [cxt 0] Parser 'parser' entering state 'parse_vlan'
[22:32:05.145] [bmv2] [D] [thread 6402] [96.0] [cxt 0] Extracting header 'vlan'
[22:32:05.145] [bmv2] [D] [thread 6402] [96.0] [cxt 0] Parser state 'parse_vlan': key is 0800
[22:32:05.145] [bmv2] [T] [thread 6402] [96.0] [cxt 0] Bytes parsed: 18
[22:32:05.145] [bmv2] [D] [thread 6402] [96.0] [cxt 0] Parser 'parser' entering state 'parse_ipv4'
[22:32:05.145] [bmv2] [D] [thread 6402] [96.0] [cxt 0] Extracting header 'ipv4'
[22:32:05.145] [bmv2] [D] [thread 6402] [96.0] [cxt 0] Parser set: setting field 'scalars.tmp' from expression, new value is 1
[22:32:05.145] [bmv2] [D] [thread 6402] [96.0] [cxt 0] Parser state 'parse_ipv4': key is 05
[22:32:05.145] [bmv2] [T] [thread 6402] [96.0] [cxt 0] Bytes parsed: 38
[22:32:05.145] [bmv2] [D] [thread 6402] [96.0] [cxt 0] Parser 'parser': end
[22:32:05.145] [bmv2] [D] [thread 6402] [96.0] [cxt 0] Pipeline 'ingress': start
[22:32:05.145] [bmv2] [T] [thread 6402] [96.0] [cxt 0] qos.p4(197) Condition "hdr.ipv4.isValid()" (node_2) is true
[22:32:05.145] [bmv2] [T] [thread 6402] [96.0] [cxt 0] qos.p4(198) Condition "hdr.ipv4_option.isValid()" (node_3) is false
[22:32:05.145] [bmv2] [T] [thread 6402] [96.0] [cxt 0] Applying table 'MyIngress.ipv4_lpm'
[22:32:05.146] [bmv2] [D] [thread 6402] [96.0] [cxt 0] Looking up key:
* hdr.ipv4.dstAddr    : 0a000202

[22:32:05.146] [bmv2] [D] [thread 6402] [96.0] [cxt 0] Table 'MyIngress.ipv4_lpm': hit with handle 2
[22:32:05.146] [bmv2] [D] [thread 6402] [96.0] [cxt 0] Dumping entry 2
Match key:
* hdr.ipv4.dstAddr    : LPM       0a000200/24
Action entry: MyIngress.ipv4_forward - 80000000200,3,

[22:32:05.146] [bmv2] [D] [thread 6402] [96.0] [cxt 0] Action entry is MyIngress.ipv4_forward - 80000000200,3,
[22:32:05.146] [bmv2] [T] [thread 6402] [96.0] [cxt 0] Action MyIngress.ipv4_forward
[22:32:05.146] [bmv2] [T] [thread 6402] [96.0] [cxt 0] qos.p4(175) Primitive standard_metadata.egress_spec = port
[22:32:05.146] [bmv2] [T] [thread 6402] [96.0] [cxt 0] qos.p4(176) Primitive hdr.ethernet.srcAddr = hdr.ethernet.dstAddr
[22:32:05.146] [bmv2] [T] [thread 6402] [96.0] [cxt 0] qos.p4(177) Primitive hdr.ethernet.dstAddr = dstAddr
[22:32:05.146] [bmv2] [T] [thread 6402] [96.0] [cxt 0] qos.p4(178) Primitive hdr.ipv4.ttl = hdr.ipv4.ttl - 1
[22:32:05.146] [bmv2] [D] [thread 6402] [96.0] [cxt 0] Pipeline 'ingress': end
[22:32:05.146] [bmv2] [D] [thread 6402] [96.0] [cxt 0] Egress port is 3
[22:32:05.146] [bmv2] [D] [thread 6406] [96.0] [cxt 0] Pipeline 'egress': start
[22:32:05.146] [bmv2] [D] [thread 6406] [96.0] [cxt 0] Pipeline 'egress': end
[22:32:05.146] [bmv2] [D] [thread 6406] [96.0] [cxt 0] Deparser 'deparser': start
[22:32:05.146] [bmv2] [D] [thread 6406] [96.0] [cxt 0] Updating checksum 'cksum'
[22:32:05.146] [bmv2] [D] [thread 6406] [96.0] [cxt 0] Deparsing header 'ethernet'
[22:32:05.146] [bmv2] [D] [thread 6406] [96.0] [cxt 0] Deparsing header 'vlan'
[22:32:05.146] [bmv2] [D] [thread 6406] [96.0] [cxt 0] Deparsing header 'ipv4'
[22:32:05.146] [bmv2] [D] [thread 6406] [96.0] [cxt 0] Deparser 'deparser': end
[22:32:05.146] [bmv2] [D] [thread 6407] [96.0] [cxt 0] Transmitting packet of size 558 out of port 3
[22:32:05.269] [bmv2] [D] [thread 6402] [97.0] [cxt 0] Processing packet received on port 1
[22:32:05.269] [bmv2] [D] [thread 6402] [97.0] [cxt 0] Parser 'parser': start
[22:32:05.269] [bmv2] [D] [thread 6402] [97.0] [cxt 0] Parser 'parser' entering state 'start'
[22:32:05.269] [bmv2] [D] [thread 6402] [97.0] [cxt 0] Extracting header 'ethernet'
[22:32:05.269] [bmv2] [D] [thread 6402] [97.0] [cxt 0] Parser state 'start': key is 8100
[22:32:05.269] [bmv2] [T] [thread 6402] [97.0] [cxt 0] Bytes parsed: 14
[22:32:05.269] [bmv2] [D] [thread 6402] [97.0] [cxt 0] Parser 'parser' entering state 'parse_vlan'
[22:32:05.269] [bmv2] [D] [thread 6402] [97.0] [cxt 0] Extracting header 'vlan'
[22:32:05.269] [bmv2] [D] [thread 6402] [97.0] [cxt 0] Parser state 'parse_vlan': key is 0800
[22:32:05.269] [bmv2] [T] [thread 6402] [97.0] [cxt 0] Bytes parsed: 18
[22:32:05.269] [bmv2] [D] [thread 6402] [97.0] [cxt 0] Parser 'parser' entering state 'parse_ipv4'
[22:32:05.269] [bmv2] [D] [thread 6402] [97.0] [cxt 0] Extracting header 'ipv4'
[22:32:05.269] [bmv2] [D] [thread 6402] [97.0] [cxt 0] Parser set: setting field 'scalars.tmp' from expression, new value is 1
[22:32:05.269] [bmv2] [D] [thread 6402] [97.0] [cxt 0] Parser state 'parse_ipv4': key is 05
[22:32:05.269] [bmv2] [T] [thread 6402] [97.0] [cxt 0] Bytes parsed: 38
[22:32:05.269] [bmv2] [D] [thread 6402] [97.0] [cxt 0] Parser 'parser': end
[22:32:05.269] [bmv2] [D] [thread 6402] [97.0] [cxt 0] Pipeline 'ingress': start
[22:32:05.269] [bmv2] [T] [thread 6402] [97.0] [cxt 0] qos.p4(197) Condition "hdr.ipv4.isValid()" (node_2) is true
[22:32:05.269] [bmv2] [T] [thread 6402] [97.0] [cxt 0] qos.p4(198) Condition "hdr.ipv4_option.isValid()" (node_3) is false
[22:32:05.270] [bmv2] [T] [thread 6402] [97.0] [cxt 0] Applying table 'MyIngress.ipv4_lpm'
[22:32:05.270] [bmv2] [D] [thread 6402] [97.0] [cxt 0] Looking up key:
* hdr.ipv4.dstAddr    : 0a000202

[22:32:05.270] [bmv2] [D] [thread 6402] [97.0] [cxt 0] Table 'MyIngress.ipv4_lpm': hit with handle 2
[22:32:05.270] [bmv2] [D] [thread 6402] [97.0] [cxt 0] Dumping entry 2
Match key:
* hdr.ipv4.dstAddr    : LPM       0a000200/24
Action entry: MyIngress.ipv4_forward - 80000000200,3,

[22:32:05.270] [bmv2] [D] [thread 6402] [97.0] [cxt 0] Action entry is MyIngress.ipv4_forward - 80000000200,3,
[22:32:05.270] [bmv2] [T] [thread 6402] [97.0] [cxt 0] Action MyIngress.ipv4_forward
[22:32:05.270] [bmv2] [T] [thread 6402] [97.0] [cxt 0] qos.p4(175) Primitive standard_metadata.egress_spec = port
[22:32:05.270] [bmv2] [T] [thread 6402] [97.0] [cxt 0] qos.p4(176) Primitive hdr.ethernet.srcAddr = hdr.ethernet.dstAddr
[22:32:05.270] [bmv2] [T] [thread 6402] [97.0] [cxt 0] qos.p4(177) Primitive hdr.ethernet.dstAddr = dstAddr
[22:32:05.270] [bmv2] [T] [thread 6402] [97.0] [cxt 0] qos.p4(178) Primitive hdr.ipv4.ttl = hdr.ipv4.ttl - 1
[22:32:05.270] [bmv2] [D] [thread 6402] [97.0] [cxt 0] Pipeline 'ingress': end
[22:32:05.270] [bmv2] [D] [thread 6402] [97.0] [cxt 0] Egress port is 3
[22:32:05.270] [bmv2] [D] [thread 6406] [97.0] [cxt 0] Pipeline 'egress': start
[22:32:05.270] [bmv2] [D] [thread 6406] [97.0] [cxt 0] Pipeline 'egress': end
[22:32:05.270] [bmv2] [D] [thread 6406] [97.0] [cxt 0] Deparser 'deparser': start
[22:32:05.270] [bmv2] [D] [thread 6406] [97.0] [cxt 0] Updating checksum 'cksum'
[22:32:05.270] [bmv2] [D] [thread 6406] [97.0] [cxt 0] Deparsing header 'ethernet'
[22:32:05.270] [bmv2] [D] [thread 6406] [97.0] [cxt 0] Deparsing header 'vlan'
[22:32:05.270] [bmv2] [D] [thread 6406] [97.0] [cxt 0] Deparsing header 'ipv4'
[22:32:05.270] [bmv2] [D] [thread 6406] [97.0] [cxt 0] Deparser 'deparser': end
[22:32:05.270] [bmv2] [D] [thread 6407] [97.0] [cxt 0] Transmitting packet of size 558 out of port 3
[22:32:05.394] [bmv2] [D] [thread 6402] [98.0] [cxt 0] Processing packet received on port 1
[22:32:05.394] [bmv2] [D] [thread 6402] [98.0] [cxt 0] Parser 'parser': start
[22:32:05.394] [bmv2] [D] [thread 6402] [98.0] [cxt 0] Parser 'parser' entering state 'start'
[22:32:05.394] [bmv2] [D] [thread 6402] [98.0] [cxt 0] Extracting header 'ethernet'
[22:32:05.395] [bmv2] [D] [thread 6402] [98.0] [cxt 0] Parser state 'start': key is 8100
[22:32:05.395] [bmv2] [T] [thread 6402] [98.0] [cxt 0] Bytes parsed: 14
[22:32:05.395] [bmv2] [D] [thread 6402] [98.0] [cxt 0] Parser 'parser' entering state 'parse_vlan'
[22:32:05.395] [bmv2] [D] [thread 6402] [98.0] [cxt 0] Extracting header 'vlan'
[22:32:05.395] [bmv2] [D] [thread 6402] [98.0] [cxt 0] Parser state 'parse_vlan': key is 0800
[22:32:05.395] [bmv2] [T] [thread 6402] [98.0] [cxt 0] Bytes parsed: 18
[22:32:05.395] [bmv2] [D] [thread 6402] [98.0] [cxt 0] Parser 'parser' entering state 'parse_ipv4'
[22:32:05.395] [bmv2] [D] [thread 6402] [98.0] [cxt 0] Extracting header 'ipv4'
[22:32:05.395] [bmv2] [D] [thread 6402] [98.0] [cxt 0] Parser set: setting field 'scalars.tmp' from expression, new value is 1
[22:32:05.395] [bmv2] [D] [thread 6402] [98.0] [cxt 0] Parser state 'parse_ipv4': key is 05
[22:32:05.395] [bmv2] [T] [thread 6402] [98.0] [cxt 0] Bytes parsed: 38
[22:32:05.395] [bmv2] [D] [thread 6402] [98.0] [cxt 0] Parser 'parser': end
[22:32:05.395] [bmv2] [D] [thread 6402] [98.0] [cxt 0] Pipeline 'ingress': start
[22:32:05.395] [bmv2] [T] [thread 6402] [98.0] [cxt 0] qos.p4(197) Condition "hdr.ipv4.isValid()" (node_2) is true
[22:32:05.395] [bmv2] [T] [thread 6402] [98.0] [cxt 0] qos.p4(198) Condition "hdr.ipv4_option.isValid()" (node_3) is false
[22:32:05.395] [bmv2] [T] [thread 6402] [98.0] [cxt 0] Applying table 'MyIngress.ipv4_lpm'
[22:32:05.395] [bmv2] [D] [thread 6402] [98.0] [cxt 0] Looking up key:
* hdr.ipv4.dstAddr    : 0a000202

[22:32:05.395] [bmv2] [D] [thread 6402] [98.0] [cxt 0] Table 'MyIngress.ipv4_lpm': hit with handle 2
[22:32:05.395] [bmv2] [D] [thread 6402] [98.0] [cxt 0] Dumping entry 2
Match key:
* hdr.ipv4.dstAddr    : LPM       0a000200/24
Action entry: MyIngress.ipv4_forward - 80000000200,3,

[22:32:05.395] [bmv2] [D] [thread 6402] [98.0] [cxt 0] Action entry is MyIngress.ipv4_forward - 80000000200,3,
[22:32:05.395] [bmv2] [T] [thread 6402] [98.0] [cxt 0] Action MyIngress.ipv4_forward
[22:32:05.395] [bmv2] [T] [thread 6402] [98.0] [cxt 0] qos.p4(175) Primitive standard_metadata.egress_spec = port
[22:32:05.395] [bmv2] [T] [thread 6402] [98.0] [cxt 0] qos.p4(176) Primitive hdr.ethernet.srcAddr = hdr.ethernet.dstAddr
[22:32:05.395] [bmv2] [T] [thread 6402] [98.0] [cxt 0] qos.p4(177) Primitive hdr.ethernet.dstAddr = dstAddr
[22:32:05.396] [bmv2] [T] [thread 6402] [98.0] [cxt 0] qos.p4(178) Primitive hdr.ipv4.ttl = hdr.ipv4.ttl - 1
[22:32:05.396] [bmv2] [D] [thread 6402] [98.0] [cxt 0] Pipeline 'ingress': end
[22:32:05.396] [bmv2] [D] [thread 6402] [98.0] [cxt 0] Egress port is 3
[22:32:05.396] [bmv2] [D] [thread 6406] [98.0] [cxt 0] Pipeline 'egress': start
[22:32:05.396] [bmv2] [D] [thread 6406] [98.0] [cxt 0] Pipeline 'egress': end
[22:32:05.396] [bmv2] [D] [thread 6406] [98.0] [cxt 0] Deparser 'deparser': start
[22:32:05.396] [bmv2] [D] [thread 6406] [98.0] [cxt 0] Updating checksum 'cksum'
[22:32:05.396] [bmv2] [D] [thread 6406] [98.0] [cxt 0] Deparsing header 'ethernet'
[22:32:05.396] [bmv2] [D] [thread 6406] [98.0] [cxt 0] Deparsing header 'vlan'
[22:32:05.396] [bmv2] [D] [thread 6406] [98.0] [cxt 0] Deparsing header 'ipv4'
[22:32:05.396] [bmv2] [D] [thread 6406] [98.0] [cxt 0] Deparser 'deparser': end
[22:32:05.396] [bmv2] [D] [thread 6407] [98.0] [cxt 0] Transmitting packet of size 558 out of port 3
[22:32:05.521] [bmv2] [D] [thread 6402] [99.0] [cxt 0] Processing packet received on port 1
[22:32:05.521] [bmv2] [D] [thread 6402] [99.0] [cxt 0] Parser 'parser': start
[22:32:05.521] [bmv2] [D] [thread 6402] [99.0] [cxt 0] Parser 'parser' entering state 'start'
[22:32:05.521] [bmv2] [D] [thread 6402] [99.0] [cxt 0] Extracting header 'ethernet'
[22:32:05.521] [bmv2] [D] [thread 6402] [99.0] [cxt 0] Parser state 'start': key is 8100
[22:32:05.521] [bmv2] [T] [thread 6402] [99.0] [cxt 0] Bytes parsed: 14
[22:32:05.521] [bmv2] [D] [thread 6402] [99.0] [cxt 0] Parser 'parser' entering state 'parse_vlan'
[22:32:05.521] [bmv2] [D] [thread 6402] [99.0] [cxt 0] Extracting header 'vlan'
[22:32:05.521] [bmv2] [D] [thread 6402] [99.0] [cxt 0] Parser state 'parse_vlan': key is 0800
[22:32:05.521] [bmv2] [T] [thread 6402] [99.0] [cxt 0] Bytes parsed: 18
[22:32:05.521] [bmv2] [D] [thread 6402] [99.0] [cxt 0] Parser 'parser' entering state 'parse_ipv4'
[22:32:05.521] [bmv2] [D] [thread 6402] [99.0] [cxt 0] Extracting header 'ipv4'
[22:32:05.521] [bmv2] [D] [thread 6402] [99.0] [cxt 0] Parser set: setting field 'scalars.tmp' from expression, new value is 1
[22:32:05.521] [bmv2] [D] [thread 6402] [99.0] [cxt 0] Parser state 'parse_ipv4': key is 05
[22:32:05.521] [bmv2] [T] [thread 6402] [99.0] [cxt 0] Bytes parsed: 38
[22:32:05.521] [bmv2] [D] [thread 6402] [99.0] [cxt 0] Parser 'parser': end
[22:32:05.522] [bmv2] [D] [thread 6402] [99.0] [cxt 0] Pipeline 'ingress': start
[22:32:05.522] [bmv2] [T] [thread 6402] [99.0] [cxt 0] qos.p4(197) Condition "hdr.ipv4.isValid()" (node_2) is true
[22:32:05.522] [bmv2] [T] [thread 6402] [99.0] [cxt 0] qos.p4(198) Condition "hdr.ipv4_option.isValid()" (node_3) is false
[22:32:05.522] [bmv2] [T] [thread 6402] [99.0] [cxt 0] Applying table 'MyIngress.ipv4_lpm'
[22:32:05.522] [bmv2] [D] [thread 6402] [99.0] [cxt 0] Looking up key:
* hdr.ipv4.dstAddr    : 0a000202

[22:32:05.522] [bmv2] [D] [thread 6402] [99.0] [cxt 0] Table 'MyIngress.ipv4_lpm': hit with handle 2
[22:32:05.522] [bmv2] [D] [thread 6402] [99.0] [cxt 0] Dumping entry 2
Match key:
* hdr.ipv4.dstAddr    : LPM       0a000200/24
Action entry: MyIngress.ipv4_forward - 80000000200,3,

[22:32:05.522] [bmv2] [D] [thread 6402] [99.0] [cxt 0] Action entry is MyIngress.ipv4_forward - 80000000200,3,
[22:32:05.522] [bmv2] [T] [thread 6402] [99.0] [cxt 0] Action MyIngress.ipv4_forward
[22:32:05.522] [bmv2] [T] [thread 6402] [99.0] [cxt 0] qos.p4(175) Primitive standard_metadata.egress_spec = port
[22:32:05.522] [bmv2] [T] [thread 6402] [99.0] [cxt 0] qos.p4(176) Primitive hdr.ethernet.srcAddr = hdr.ethernet.dstAddr
[22:32:05.522] [bmv2] [T] [thread 6402] [99.0] [cxt 0] qos.p4(177) Primitive hdr.ethernet.dstAddr = dstAddr
[22:32:05.522] [bmv2] [T] [thread 6402] [99.0] [cxt 0] qos.p4(178) Primitive hdr.ipv4.ttl = hdr.ipv4.ttl - 1
[22:32:05.522] [bmv2] [D] [thread 6402] [99.0] [cxt 0] Pipeline 'ingress': end
[22:32:05.522] [bmv2] [D] [thread 6402] [99.0] [cxt 0] Egress port is 3
[22:32:05.522] [bmv2] [D] [thread 6406] [99.0] [cxt 0] Pipeline 'egress': start
[22:32:05.522] [bmv2] [D] [thread 6406] [99.0] [cxt 0] Pipeline 'egress': end
[22:32:05.522] [bmv2] [D] [thread 6406] [99.0] [cxt 0] Deparser 'deparser': start
[22:32:05.522] [bmv2] [D] [thread 6406] [99.0] [cxt 0] Updating checksum 'cksum'
[22:32:05.522] [bmv2] [D] [thread 6406] [99.0] [cxt 0] Deparsing header 'ethernet'
[22:32:05.522] [bmv2] [D] [thread 6406] [99.0] [cxt 0] Deparsing header 'vlan'
[22:32:05.522] [bmv2] [D] [thread 6406] [99.0] [cxt 0] Deparsing header 'ipv4'
[22:32:05.522] [bmv2] [D] [thread 6406] [99.0] [cxt 0] Deparser 'deparser': end
[22:32:05.522] [bmv2] [D] [thread 6407] [99.0] [cxt 0] Transmitting packet of size 558 out of port 3
[22:32:05.648] [bmv2] [D] [thread 6402] [100.0] [cxt 0] Processing packet received on port 1
[22:32:05.648] [bmv2] [D] [thread 6402] [100.0] [cxt 0] Parser 'parser': start
[22:32:05.648] [bmv2] [D] [thread 6402] [100.0] [cxt 0] Parser 'parser' entering state 'start'
[22:32:05.648] [bmv2] [D] [thread 6402] [100.0] [cxt 0] Extracting header 'ethernet'
[22:32:05.648] [bmv2] [D] [thread 6402] [100.0] [cxt 0] Parser state 'start': key is 8100
[22:32:05.648] [bmv2] [T] [thread 6402] [100.0] [cxt 0] Bytes parsed: 14
[22:32:05.648] [bmv2] [D] [thread 6402] [100.0] [cxt 0] Parser 'parser' entering state 'parse_vlan'
[22:32:05.648] [bmv2] [D] [thread 6402] [100.0] [cxt 0] Extracting header 'vlan'
[22:32:05.648] [bmv2] [D] [thread 6402] [100.0] [cxt 0] Parser state 'parse_vlan': key is 0800
[22:32:05.648] [bmv2] [T] [thread 6402] [100.0] [cxt 0] Bytes parsed: 18
[22:32:05.648] [bmv2] [D] [thread 6402] [100.0] [cxt 0] Parser 'parser' entering state 'parse_ipv4'
[22:32:05.648] [bmv2] [D] [thread 6402] [100.0] [cxt 0] Extracting header 'ipv4'
[22:32:05.648] [bmv2] [D] [thread 6402] [100.0] [cxt 0] Parser set: setting field 'scalars.tmp' from expression, new value is 1
[22:32:05.648] [bmv2] [D] [thread 6402] [100.0] [cxt 0] Parser state 'parse_ipv4': key is 05
[22:32:05.648] [bmv2] [T] [thread 6402] [100.0] [cxt 0] Bytes parsed: 38
[22:32:05.648] [bmv2] [D] [thread 6402] [100.0] [cxt 0] Parser 'parser': end
[22:32:05.648] [bmv2] [D] [thread 6402] [100.0] [cxt 0] Pipeline 'ingress': start
[22:32:05.648] [bmv2] [T] [thread 6402] [100.0] [cxt 0] qos.p4(197) Condition "hdr.ipv4.isValid()" (node_2) is true
[22:32:05.648] [bmv2] [T] [thread 6402] [100.0] [cxt 0] qos.p4(198) Condition "hdr.ipv4_option.isValid()" (node_3) is false
[22:32:05.649] [bmv2] [T] [thread 6402] [100.0] [cxt 0] Applying table 'MyIngress.ipv4_lpm'
[22:32:05.649] [bmv2] [D] [thread 6402] [100.0] [cxt 0] Looking up key:
* hdr.ipv4.dstAddr    : 0a000202

[22:32:05.649] [bmv2] [D] [thread 6402] [100.0] [cxt 0] Table 'MyIngress.ipv4_lpm': hit with handle 2
[22:32:05.649] [bmv2] [D] [thread 6402] [100.0] [cxt 0] Dumping entry 2
Match key:
* hdr.ipv4.dstAddr    : LPM       0a000200/24
Action entry: MyIngress.ipv4_forward - 80000000200,3,

[22:32:05.649] [bmv2] [D] [thread 6402] [100.0] [cxt 0] Action entry is MyIngress.ipv4_forward - 80000000200,3,
[22:32:05.649] [bmv2] [T] [thread 6402] [100.0] [cxt 0] Action MyIngress.ipv4_forward
[22:32:05.649] [bmv2] [T] [thread 6402] [100.0] [cxt 0] qos.p4(175) Primitive standard_metadata.egress_spec = port
[22:32:05.649] [bmv2] [T] [thread 6402] [100.0] [cxt 0] qos.p4(176) Primitive hdr.ethernet.srcAddr = hdr.ethernet.dstAddr
[22:32:05.649] [bmv2] [T] [thread 6402] [100.0] [cxt 0] qos.p4(177) Primitive hdr.ethernet.dstAddr = dstAddr
[22:32:05.649] [bmv2] [T] [thread 6402] [100.0] [cxt 0] qos.p4(178) Primitive hdr.ipv4.ttl = hdr.ipv4.ttl - 1
[22:32:05.649] [bmv2] [D] [thread 6402] [100.0] [cxt 0] Pipeline 'ingress': end
[22:32:05.649] [bmv2] [D] [thread 6402] [100.0] [cxt 0] Egress port is 3
[22:32:05.649] [bmv2] [D] [thread 6406] [100.0] [cxt 0] Pipeline 'egress': start
[22:32:05.649] [bmv2] [D] [thread 6406] [100.0] [cxt 0] Pipeline 'egress': end
[22:32:05.649] [bmv2] [D] [thread 6406] [100.0] [cxt 0] Deparser 'deparser': start
[22:32:05.649] [bmv2] [D] [thread 6406] [100.0] [cxt 0] Updating checksum 'cksum'
[22:32:05.649] [bmv2] [D] [thread 6406] [100.0] [cxt 0] Deparsing header 'ethernet'
[22:32:05.649] [bmv2] [D] [thread 6406] [100.0] [cxt 0] Deparsing header 'vlan'
[22:32:05.649] [bmv2] [D] [thread 6406] [100.0] [cxt 0] Deparsing header 'ipv4'
[22:32:05.649] [bmv2] [D] [thread 6406] [100.0] [cxt 0] Deparser 'deparser': end
[22:32:05.649] [bmv2] [D] [thread 6407] [100.0] [cxt 0] Transmitting packet of size 558 out of port 3
[22:32:05.772] [bmv2] [D] [thread 6402] [101.0] [cxt 0] Processing packet received on port 1
[22:32:05.772] [bmv2] [D] [thread 6402] [101.0] [cxt 0] Parser 'parser': start
[22:32:05.772] [bmv2] [D] [thread 6402] [101.0] [cxt 0] Parser 'parser' entering state 'start'
[22:32:05.772] [bmv2] [D] [thread 6402] [101.0] [cxt 0] Extracting header 'ethernet'
[22:32:05.772] [bmv2] [D] [thread 6402] [101.0] [cxt 0] Parser state 'start': key is 8100
[22:32:05.772] [bmv2] [T] [thread 6402] [101.0] [cxt 0] Bytes parsed: 14
[22:32:05.772] [bmv2] [D] [thread 6402] [101.0] [cxt 0] Parser 'parser' entering state 'parse_vlan'
[22:32:05.772] [bmv2] [D] [thread 6402] [101.0] [cxt 0] Extracting header 'vlan'
[22:32:05.774] [bmv2] [D] [thread 6402] [101.0] [cxt 0] Parser state 'parse_vlan': key is 0800
[22:32:05.774] [bmv2] [T] [thread 6402] [101.0] [cxt 0] Bytes parsed: 18
[22:32:05.774] [bmv2] [D] [thread 6402] [101.0] [cxt 0] Parser 'parser' entering state 'parse_ipv4'
[22:32:05.774] [bmv2] [D] [thread 6402] [101.0] [cxt 0] Extracting header 'ipv4'
[22:32:05.774] [bmv2] [D] [thread 6402] [101.0] [cxt 0] Parser set: setting field 'scalars.tmp' from expression, new value is 1
[22:32:05.774] [bmv2] [D] [thread 6402] [101.0] [cxt 0] Parser state 'parse_ipv4': key is 05
[22:32:05.774] [bmv2] [T] [thread 6402] [101.0] [cxt 0] Bytes parsed: 38
[22:32:05.774] [bmv2] [D] [thread 6402] [101.0] [cxt 0] Parser 'parser': end
[22:32:05.774] [bmv2] [D] [thread 6402] [101.0] [cxt 0] Pipeline 'ingress': start
[22:32:05.774] [bmv2] [T] [thread 6402] [101.0] [cxt 0] qos.p4(197) Condition "hdr.ipv4.isValid()" (node_2) is true
[22:32:05.774] [bmv2] [T] [thread 6402] [101.0] [cxt 0] qos.p4(198) Condition "hdr.ipv4_option.isValid()" (node_3) is false
[22:32:05.774] [bmv2] [T] [thread 6402] [101.0] [cxt 0] Applying table 'MyIngress.ipv4_lpm'
[22:32:05.774] [bmv2] [D] [thread 6402] [101.0] [cxt 0] Looking up key:
* hdr.ipv4.dstAddr    : 0a000202

[22:32:05.774] [bmv2] [D] [thread 6402] [101.0] [cxt 0] Table 'MyIngress.ipv4_lpm': hit with handle 2
[22:32:05.774] [bmv2] [D] [thread 6402] [101.0] [cxt 0] Dumping entry 2
Match key:
* hdr.ipv4.dstAddr    : LPM       0a000200/24
Action entry: MyIngress.ipv4_forward - 80000000200,3,

[22:32:05.774] [bmv2] [D] [thread 6402] [101.0] [cxt 0] Action entry is MyIngress.ipv4_forward - 80000000200,3,
[22:32:05.774] [bmv2] [T] [thread 6402] [101.0] [cxt 0] Action MyIngress.ipv4_forward
[22:32:05.774] [bmv2] [T] [thread 6402] [101.0] [cxt 0] qos.p4(175) Primitive standard_metadata.egress_spec = port
[22:32:05.774] [bmv2] [T] [thread 6402] [101.0] [cxt 0] qos.p4(176) Primitive hdr.ethernet.srcAddr = hdr.ethernet.dstAddr
[22:32:05.774] [bmv2] [T] [thread 6402] [101.0] [cxt 0] qos.p4(177) Primitive hdr.ethernet.dstAddr = dstAddr
[22:32:05.774] [bmv2] [T] [thread 6402] [101.0] [cxt 0] qos.p4(178) Primitive hdr.ipv4.ttl = hdr.ipv4.ttl - 1
[22:32:05.774] [bmv2] [D] [thread 6402] [101.0] [cxt 0] Pipeline 'ingress': end
[22:32:05.774] [bmv2] [D] [thread 6402] [101.0] [cxt 0] Egress port is 3
[22:32:05.775] [bmv2] [D] [thread 6406] [101.0] [cxt 0] Pipeline 'egress': start
[22:32:05.775] [bmv2] [D] [thread 6406] [101.0] [cxt 0] Pipeline 'egress': end
[22:32:05.775] [bmv2] [D] [thread 6406] [101.0] [cxt 0] Deparser 'deparser': start
[22:32:05.775] [bmv2] [D] [thread 6406] [101.0] [cxt 0] Updating checksum 'cksum'
[22:32:05.775] [bmv2] [D] [thread 6406] [101.0] [cxt 0] Deparsing header 'ethernet'
[22:32:05.775] [bmv2] [D] [thread 6406] [101.0] [cxt 0] Deparsing header 'vlan'
[22:32:05.775] [bmv2] [D] [thread 6406] [101.0] [cxt 0] Deparsing header 'ipv4'
[22:32:05.775] [bmv2] [D] [thread 6406] [101.0] [cxt 0] Deparser 'deparser': end
[22:32:05.775] [bmv2] [D] [thread 6407] [101.0] [cxt 0] Transmitting packet of size 558 out of port 3
[22:32:05.903] [bmv2] [D] [thread 6402] [102.0] [cxt 0] Processing packet received on port 1
[22:32:05.903] [bmv2] [D] [thread 6402] [102.0] [cxt 0] Parser 'parser': start
[22:32:05.903] [bmv2] [D] [thread 6402] [102.0] [cxt 0] Parser 'parser' entering state 'start'
[22:32:05.903] [bmv2] [D] [thread 6402] [102.0] [cxt 0] Extracting header 'ethernet'
[22:32:05.904] [bmv2] [D] [thread 6402] [102.0] [cxt 0] Parser state 'start': key is 8100
[22:32:05.904] [bmv2] [T] [thread 6402] [102.0] [cxt 0] Bytes parsed: 14
[22:32:05.904] [bmv2] [D] [thread 6402] [102.0] [cxt 0] Parser 'parser' entering state 'parse_vlan'
[22:32:05.904] [bmv2] [D] [thread 6402] [102.0] [cxt 0] Extracting header 'vlan'
[22:32:05.904] [bmv2] [D] [thread 6402] [102.0] [cxt 0] Parser state 'parse_vlan': key is 0800
[22:32:05.904] [bmv2] [T] [thread 6402] [102.0] [cxt 0] Bytes parsed: 18
[22:32:05.904] [bmv2] [D] [thread 6402] [102.0] [cxt 0] Parser 'parser' entering state 'parse_ipv4'
[22:32:05.904] [bmv2] [D] [thread 6402] [102.0] [cxt 0] Extracting header 'ipv4'
[22:32:05.904] [bmv2] [D] [thread 6402] [102.0] [cxt 0] Parser set: setting field 'scalars.tmp' from expression, new value is 1
[22:32:05.904] [bmv2] [D] [thread 6402] [102.0] [cxt 0] Parser state 'parse_ipv4': key is 05
[22:32:05.904] [bmv2] [T] [thread 6402] [102.0] [cxt 0] Bytes parsed: 38
[22:32:05.905] [bmv2] [D] [thread 6402] [102.0] [cxt 0] Parser 'parser': end
[22:32:05.905] [bmv2] [D] [thread 6402] [102.0] [cxt 0] Pipeline 'ingress': start
[22:32:05.905] [bmv2] [T] [thread 6402] [102.0] [cxt 0] qos.p4(197) Condition "hdr.ipv4.isValid()" (node_2) is true
[22:32:05.905] [bmv2] [T] [thread 6402] [102.0] [cxt 0] qos.p4(198) Condition "hdr.ipv4_option.isValid()" (node_3) is false
[22:32:05.905] [bmv2] [T] [thread 6402] [102.0] [cxt 0] Applying table 'MyIngress.ipv4_lpm'
[22:32:05.905] [bmv2] [D] [thread 6402] [102.0] [cxt 0] Looking up key:
* hdr.ipv4.dstAddr    : 0a000202

[22:32:05.905] [bmv2] [D] [thread 6402] [102.0] [cxt 0] Table 'MyIngress.ipv4_lpm': hit with handle 2
[22:32:05.905] [bmv2] [D] [thread 6402] [102.0] [cxt 0] Dumping entry 2
Match key:
* hdr.ipv4.dstAddr    : LPM       0a000200/24
Action entry: MyIngress.ipv4_forward - 80000000200,3,

[22:32:05.906] [bmv2] [D] [thread 6402] [102.0] [cxt 0] Action entry is MyIngress.ipv4_forward - 80000000200,3,
[22:32:05.906] [bmv2] [T] [thread 6402] [102.0] [cxt 0] Action MyIngress.ipv4_forward
[22:32:05.906] [bmv2] [T] [thread 6402] [102.0] [cxt 0] qos.p4(175) Primitive standard_metadata.egress_spec = port
[22:32:05.906] [bmv2] [T] [thread 6402] [102.0] [cxt 0] qos.p4(176) Primitive hdr.ethernet.srcAddr = hdr.ethernet.dstAddr
[22:32:05.906] [bmv2] [T] [thread 6402] [102.0] [cxt 0] qos.p4(177) Primitive hdr.ethernet.dstAddr = dstAddr
[22:32:05.906] [bmv2] [T] [thread 6402] [102.0] [cxt 0] qos.p4(178) Primitive hdr.ipv4.ttl = hdr.ipv4.ttl - 1
[22:32:05.906] [bmv2] [D] [thread 6402] [102.0] [cxt 0] Pipeline 'ingress': end
[22:32:05.906] [bmv2] [D] [thread 6402] [102.0] [cxt 0] Egress port is 3
[22:32:05.906] [bmv2] [D] [thread 6406] [102.0] [cxt 0] Pipeline 'egress': start
[22:32:05.906] [bmv2] [D] [thread 6406] [102.0] [cxt 0] Pipeline 'egress': end
[22:32:05.906] [bmv2] [D] [thread 6406] [102.0] [cxt 0] Deparser 'deparser': start
[22:32:05.906] [bmv2] [D] [thread 6406] [102.0] [cxt 0] Updating checksum 'cksum'
[22:32:05.906] [bmv2] [D] [thread 6406] [102.0] [cxt 0] Deparsing header 'ethernet'
[22:32:05.906] [bmv2] [D] [thread 6406] [102.0] [cxt 0] Deparsing header 'vlan'
[22:32:05.906] [bmv2] [D] [thread 6406] [102.0] [cxt 0] Deparsing header 'ipv4'
[22:32:05.906] [bmv2] [D] [thread 6406] [102.0] [cxt 0] Deparser 'deparser': end
[22:32:05.906] [bmv2] [D] [thread 6407] [102.0] [cxt 0] Transmitting packet of size 558 out of port 3
[22:32:05.950] [bmv2] [D] [thread 6402] [103.0] [cxt 0] Processing packet received on port 2
[22:32:05.950] [bmv2] [D] [thread 6402] [103.0] [cxt 0] Parser 'parser': start
[22:32:05.950] [bmv2] [D] [thread 6402] [103.0] [cxt 0] Parser 'parser' entering state 'start'
[22:32:05.950] [bmv2] [D] [thread 6402] [103.0] [cxt 0] Extracting header 'ethernet'
[22:32:05.951] [bmv2] [D] [thread 6402] [103.0] [cxt 0] Parser state 'start': key is 8100
[22:32:05.951] [bmv2] [T] [thread 6402] [103.0] [cxt 0] Bytes parsed: 14
[22:32:05.951] [bmv2] [D] [thread 6402] [103.0] [cxt 0] Parser 'parser' entering state 'parse_vlan'
[22:32:05.951] [bmv2] [D] [thread 6402] [103.0] [cxt 0] Extracting header 'vlan'
[22:32:05.951] [bmv2] [D] [thread 6402] [103.0] [cxt 0] Parser state 'parse_vlan': key is 0800
[22:32:05.951] [bmv2] [T] [thread 6402] [103.0] [cxt 0] Bytes parsed: 18
[22:32:05.951] [bmv2] [D] [thread 6402] [103.0] [cxt 0] Parser 'parser' entering state 'parse_ipv4'
[22:32:05.951] [bmv2] [D] [thread 6402] [103.0] [cxt 0] Extracting header 'ipv4'
[22:32:05.951] [bmv2] [D] [thread 6402] [103.0] [cxt 0] Parser set: setting field 'scalars.tmp' from expression, new value is 1
[22:32:05.951] [bmv2] [D] [thread 6402] [103.0] [cxt 0] Parser state 'parse_ipv4': key is 05
[22:32:05.951] [bmv2] [T] [thread 6402] [103.0] [cxt 0] Bytes parsed: 38
[22:32:05.951] [bmv2] [D] [thread 6402] [103.0] [cxt 0] Parser 'parser': end
[22:32:05.951] [bmv2] [D] [thread 6402] [103.0] [cxt 0] Pipeline 'ingress': start
[22:32:05.951] [bmv2] [T] [thread 6402] [103.0] [cxt 0] qos.p4(197) Condition "hdr.ipv4.isValid()" (node_2) is true
[22:32:05.951] [bmv2] [T] [thread 6402] [103.0] [cxt 0] qos.p4(198) Condition "hdr.ipv4_option.isValid()" (node_3) is false
[22:32:05.951] [bmv2] [T] [thread 6402] [103.0] [cxt 0] Applying table 'MyIngress.ipv4_lpm'
[22:32:05.951] [bmv2] [D] [thread 6402] [103.0] [cxt 0] Looking up key:
* hdr.ipv4.dstAddr    : 0a000202

[22:32:05.951] [bmv2] [D] [thread 6402] [103.0] [cxt 0] Table 'MyIngress.ipv4_lpm': hit with handle 2
[22:32:05.951] [bmv2] [D] [thread 6402] [103.0] [cxt 0] Dumping entry 2
Match key:
* hdr.ipv4.dstAddr    : LPM       0a000200/24
Action entry: MyIngress.ipv4_forward - 80000000200,3,

[22:32:05.951] [bmv2] [D] [thread 6402] [103.0] [cxt 0] Action entry is MyIngress.ipv4_forward - 80000000200,3,
[22:32:05.951] [bmv2] [T] [thread 6402] [103.0] [cxt 0] Action MyIngress.ipv4_forward
[22:32:05.951] [bmv2] [T] [thread 6402] [103.0] [cxt 0] qos.p4(175) Primitive standard_metadata.egress_spec = port
[22:32:05.951] [bmv2] [T] [thread 6402] [103.0] [cxt 0] qos.p4(176) Primitive hdr.ethernet.srcAddr = hdr.ethernet.dstAddr
[22:32:05.951] [bmv2] [T] [thread 6402] [103.0] [cxt 0] qos.p4(177) Primitive hdr.ethernet.dstAddr = dstAddr
[22:32:05.951] [bmv2] [T] [thread 6402] [103.0] [cxt 0] qos.p4(178) Primitive hdr.ipv4.ttl = hdr.ipv4.ttl - 1
[22:32:05.951] [bmv2] [D] [thread 6402] [103.0] [cxt 0] Pipeline 'ingress': end
[22:32:05.951] [bmv2] [D] [thread 6402] [103.0] [cxt 0] Egress port is 3
[22:32:05.952] [bmv2] [D] [thread 6406] [103.0] [cxt 0] Pipeline 'egress': start
[22:32:05.952] [bmv2] [D] [thread 6406] [103.0] [cxt 0] Pipeline 'egress': end
[22:32:05.952] [bmv2] [D] [thread 6406] [103.0] [cxt 0] Deparser 'deparser': start
[22:32:05.952] [bmv2] [D] [thread 6406] [103.0] [cxt 0] Updating checksum 'cksum'
[22:32:05.952] [bmv2] [D] [thread 6406] [103.0] [cxt 0] Deparsing header 'ethernet'
[22:32:05.952] [bmv2] [D] [thread 6406] [103.0] [cxt 0] Deparsing header 'vlan'
[22:32:05.952] [bmv2] [D] [thread 6406] [103.0] [cxt 0] Deparsing header 'ipv4'
[22:32:05.952] [bmv2] [D] [thread 6406] [103.0] [cxt 0] Deparser 'deparser': end
[22:32:05.952] [bmv2] [D] [thread 6407] [103.0] [cxt 0] Transmitting packet of size 558 out of port 3
[22:32:06.032] [bmv2] [D] [thread 6402] [104.0] [cxt 0] Processing packet received on port 1
[22:32:06.032] [bmv2] [D] [thread 6402] [104.0] [cxt 0] Parser 'parser': start
[22:32:06.032] [bmv2] [D] [thread 6402] [104.0] [cxt 0] Parser 'parser' entering state 'start'
[22:32:06.032] [bmv2] [D] [thread 6402] [104.0] [cxt 0] Extracting header 'ethernet'
[22:32:06.032] [bmv2] [D] [thread 6402] [104.0] [cxt 0] Parser state 'start': key is 8100
[22:32:06.032] [bmv2] [T] [thread 6402] [104.0] [cxt 0] Bytes parsed: 14
[22:32:06.032] [bmv2] [D] [thread 6402] [104.0] [cxt 0] Parser 'parser' entering state 'parse_vlan'
[22:32:06.032] [bmv2] [D] [thread 6402] [104.0] [cxt 0] Extracting header 'vlan'
[22:32:06.032] [bmv2] [D] [thread 6402] [104.0] [cxt 0] Parser state 'parse_vlan': key is 0800
[22:32:06.032] [bmv2] [T] [thread 6402] [104.0] [cxt 0] Bytes parsed: 18
[22:32:06.032] [bmv2] [D] [thread 6402] [104.0] [cxt 0] Parser 'parser' entering state 'parse_ipv4'
[22:32:06.032] [bmv2] [D] [thread 6402] [104.0] [cxt 0] Extracting header 'ipv4'
[22:32:06.032] [bmv2] [D] [thread 6402] [104.0] [cxt 0] Parser set: setting field 'scalars.tmp' from expression, new value is 1
[22:32:06.032] [bmv2] [D] [thread 6402] [104.0] [cxt 0] Parser state 'parse_ipv4': key is 05
[22:32:06.032] [bmv2] [T] [thread 6402] [104.0] [cxt 0] Bytes parsed: 38
[22:32:06.032] [bmv2] [D] [thread 6402] [104.0] [cxt 0] Parser 'parser': end
[22:32:06.032] [bmv2] [D] [thread 6402] [104.0] [cxt 0] Pipeline 'ingress': start
[22:32:06.033] [bmv2] [T] [thread 6402] [104.0] [cxt 0] qos.p4(197) Condition "hdr.ipv4.isValid()" (node_2) is true
[22:32:06.033] [bmv2] [T] [thread 6402] [104.0] [cxt 0] qos.p4(198) Condition "hdr.ipv4_option.isValid()" (node_3) is false
[22:32:06.033] [bmv2] [T] [thread 6402] [104.0] [cxt 0] Applying table 'MyIngress.ipv4_lpm'
[22:32:06.033] [bmv2] [D] [thread 6402] [104.0] [cxt 0] Looking up key:
* hdr.ipv4.dstAddr    : 0a000202

[22:32:06.033] [bmv2] [D] [thread 6402] [104.0] [cxt 0] Table 'MyIngress.ipv4_lpm': hit with handle 2
[22:32:06.033] [bmv2] [D] [thread 6402] [104.0] [cxt 0] Dumping entry 2
Match key:
* hdr.ipv4.dstAddr    : LPM       0a000200/24
Action entry: MyIngress.ipv4_forward - 80000000200,3,

[22:32:06.033] [bmv2] [D] [thread 6402] [104.0] [cxt 0] Action entry is MyIngress.ipv4_forward - 80000000200,3,
[22:32:06.033] [bmv2] [T] [thread 6402] [104.0] [cxt 0] Action MyIngress.ipv4_forward
[22:32:06.033] [bmv2] [T] [thread 6402] [104.0] [cxt 0] qos.p4(175) Primitive standard_metadata.egress_spec = port
[22:32:06.033] [bmv2] [T] [thread 6402] [104.0] [cxt 0] qos.p4(176) Primitive hdr.ethernet.srcAddr = hdr.ethernet.dstAddr
[22:32:06.033] [bmv2] [T] [thread 6402] [104.0] [cxt 0] qos.p4(177) Primitive hdr.ethernet.dstAddr = dstAddr
[22:32:06.033] [bmv2] [T] [thread 6402] [104.0] [cxt 0] qos.p4(178) Primitive hdr.ipv4.ttl = hdr.ipv4.ttl - 1
[22:32:06.033] [bmv2] [D] [thread 6402] [104.0] [cxt 0] Pipeline 'ingress': end
[22:32:06.033] [bmv2] [D] [thread 6402] [104.0] [cxt 0] Egress port is 3
[22:32:06.033] [bmv2] [D] [thread 6406] [104.0] [cxt 0] Pipeline 'egress': start
[22:32:06.033] [bmv2] [D] [thread 6406] [104.0] [cxt 0] Pipeline 'egress': end
[22:32:06.033] [bmv2] [D] [thread 6406] [104.0] [cxt 0] Deparser 'deparser': start
[22:32:06.033] [bmv2] [D] [thread 6406] [104.0] [cxt 0] Updating checksum 'cksum'
[22:32:06.033] [bmv2] [D] [thread 6406] [104.0] [cxt 0] Deparsing header 'ethernet'
[22:32:06.033] [bmv2] [D] [thread 6406] [104.0] [cxt 0] Deparsing header 'vlan'
[22:32:06.033] [bmv2] [D] [thread 6406] [104.0] [cxt 0] Deparsing header 'ipv4'
[22:32:06.033] [bmv2] [D] [thread 6406] [104.0] [cxt 0] Deparser 'deparser': end
[22:32:06.034] [bmv2] [D] [thread 6407] [104.0] [cxt 0] Transmitting packet of size 558 out of port 3
[22:32:06.156] [bmv2] [D] [thread 6402] [105.0] [cxt 0] Processing packet received on port 1
[22:32:06.156] [bmv2] [D] [thread 6402] [105.0] [cxt 0] Parser 'parser': start
[22:32:06.156] [bmv2] [D] [thread 6402] [105.0] [cxt 0] Parser 'parser' entering state 'start'
[22:32:06.156] [bmv2] [D] [thread 6402] [105.0] [cxt 0] Extracting header 'ethernet'
[22:32:06.156] [bmv2] [D] [thread 6402] [105.0] [cxt 0] Parser state 'start': key is 8100
[22:32:06.156] [bmv2] [T] [thread 6402] [105.0] [cxt 0] Bytes parsed: 14
[22:32:06.157] [bmv2] [D] [thread 6402] [105.0] [cxt 0] Parser 'parser' entering state 'parse_vlan'
[22:32:06.157] [bmv2] [D] [thread 6402] [105.0] [cxt 0] Extracting header 'vlan'
[22:32:06.157] [bmv2] [D] [thread 6402] [105.0] [cxt 0] Parser state 'parse_vlan': key is 0800
[22:32:06.157] [bmv2] [T] [thread 6402] [105.0] [cxt 0] Bytes parsed: 18
[22:32:06.157] [bmv2] [D] [thread 6402] [105.0] [cxt 0] Parser 'parser' entering state 'parse_ipv4'
[22:32:06.157] [bmv2] [D] [thread 6402] [105.0] [cxt 0] Extracting header 'ipv4'
[22:32:06.157] [bmv2] [D] [thread 6402] [105.0] [cxt 0] Parser set: setting field 'scalars.tmp' from expression, new value is 1
[22:32:06.157] [bmv2] [D] [thread 6402] [105.0] [cxt 0] Parser state 'parse_ipv4': key is 05
[22:32:06.157] [bmv2] [T] [thread 6402] [105.0] [cxt 0] Bytes parsed: 38
[22:32:06.157] [bmv2] [D] [thread 6402] [105.0] [cxt 0] Parser 'parser': end
[22:32:06.157] [bmv2] [D] [thread 6402] [105.0] [cxt 0] Pipeline 'ingress': start
[22:32:06.157] [bmv2] [T] [thread 6402] [105.0] [cxt 0] qos.p4(197) Condition "hdr.ipv4.isValid()" (node_2) is true
[22:32:06.157] [bmv2] [T] [thread 6402] [105.0] [cxt 0] qos.p4(198) Condition "hdr.ipv4_option.isValid()" (node_3) is false
[22:32:06.157] [bmv2] [T] [thread 6402] [105.0] [cxt 0] Applying table 'MyIngress.ipv4_lpm'
[22:32:06.157] [bmv2] [D] [thread 6402] [105.0] [cxt 0] Looking up key:
* hdr.ipv4.dstAddr    : 0a000202

[22:32:06.157] [bmv2] [D] [thread 6402] [105.0] [cxt 0] Table 'MyIngress.ipv4_lpm': hit with handle 2
[22:32:06.157] [bmv2] [D] [thread 6402] [105.0] [cxt 0] Dumping entry 2
Match key:
* hdr.ipv4.dstAddr    : LPM       0a000200/24
Action entry: MyIngress.ipv4_forward - 80000000200,3,

[22:32:06.157] [bmv2] [D] [thread 6402] [105.0] [cxt 0] Action entry is MyIngress.ipv4_forward - 80000000200,3,
[22:32:06.157] [bmv2] [T] [thread 6402] [105.0] [cxt 0] Action MyIngress.ipv4_forward
[22:32:06.157] [bmv2] [T] [thread 6402] [105.0] [cxt 0] qos.p4(175) Primitive standard_metadata.egress_spec = port
[22:32:06.157] [bmv2] [T] [thread 6402] [105.0] [cxt 0] qos.p4(176) Primitive hdr.ethernet.srcAddr = hdr.ethernet.dstAddr
[22:32:06.157] [bmv2] [T] [thread 6402] [105.0] [cxt 0] qos.p4(177) Primitive hdr.ethernet.dstAddr = dstAddr
[22:32:06.158] [bmv2] [T] [thread 6402] [105.0] [cxt 0] qos.p4(178) Primitive hdr.ipv4.ttl = hdr.ipv4.ttl - 1
[22:32:06.158] [bmv2] [D] [thread 6402] [105.0] [cxt 0] Pipeline 'ingress': end
[22:32:06.158] [bmv2] [D] [thread 6402] [105.0] [cxt 0] Egress port is 3
[22:32:06.158] [bmv2] [D] [thread 6406] [105.0] [cxt 0] Pipeline 'egress': start
[22:32:06.158] [bmv2] [D] [thread 6406] [105.0] [cxt 0] Pipeline 'egress': end
[22:32:06.158] [bmv2] [D] [thread 6406] [105.0] [cxt 0] Deparser 'deparser': start
[22:32:06.158] [bmv2] [D] [thread 6406] [105.0] [cxt 0] Updating checksum 'cksum'
[22:32:06.158] [bmv2] [D] [thread 6406] [105.0] [cxt 0] Deparsing header 'ethernet'
[22:32:06.158] [bmv2] [D] [thread 6406] [105.0] [cxt 0] Deparsing header 'vlan'
[22:32:06.158] [bmv2] [D] [thread 6406] [105.0] [cxt 0] Deparsing header 'ipv4'
[22:32:06.158] [bmv2] [D] [thread 6406] [105.0] [cxt 0] Deparser 'deparser': end
[22:32:06.158] [bmv2] [D] [thread 6407] [105.0] [cxt 0] Transmitting packet of size 558 out of port 3
[22:32:06.285] [bmv2] [D] [thread 6402] [106.0] [cxt 0] Processing packet received on port 1
[22:32:06.285] [bmv2] [D] [thread 6402] [106.0] [cxt 0] Parser 'parser': start
[22:32:06.285] [bmv2] [D] [thread 6402] [106.0] [cxt 0] Parser 'parser' entering state 'start'
[22:32:06.285] [bmv2] [D] [thread 6402] [106.0] [cxt 0] Extracting header 'ethernet'
[22:32:06.286] [bmv2] [D] [thread 6402] [106.0] [cxt 0] Parser state 'start': key is 8100
[22:32:06.286] [bmv2] [T] [thread 6402] [106.0] [cxt 0] Bytes parsed: 14
[22:32:06.286] [bmv2] [D] [thread 6402] [106.0] [cxt 0] Parser 'parser' entering state 'parse_vlan'
[22:32:06.286] [bmv2] [D] [thread 6402] [106.0] [cxt 0] Extracting header 'vlan'
[22:32:06.286] [bmv2] [D] [thread 6402] [106.0] [cxt 0] Parser state 'parse_vlan': key is 0800
[22:32:06.286] [bmv2] [T] [thread 6402] [106.0] [cxt 0] Bytes parsed: 18
[22:32:06.286] [bmv2] [D] [thread 6402] [106.0] [cxt 0] Parser 'parser' entering state 'parse_ipv4'
[22:32:06.286] [bmv2] [D] [thread 6402] [106.0] [cxt 0] Extracting header 'ipv4'
[22:32:06.286] [bmv2] [D] [thread 6402] [106.0] [cxt 0] Parser set: setting field 'scalars.tmp' from expression, new value is 1
[22:32:06.286] [bmv2] [D] [thread 6402] [106.0] [cxt 0] Parser state 'parse_ipv4': key is 05
[22:32:06.286] [bmv2] [T] [thread 6402] [106.0] [cxt 0] Bytes parsed: 38
[22:32:06.286] [bmv2] [D] [thread 6402] [106.0] [cxt 0] Parser 'parser': end
[22:32:06.286] [bmv2] [D] [thread 6402] [106.0] [cxt 0] Pipeline 'ingress': start
[22:32:06.286] [bmv2] [T] [thread 6402] [106.0] [cxt 0] qos.p4(197) Condition "hdr.ipv4.isValid()" (node_2) is true
[22:32:06.286] [bmv2] [T] [thread 6402] [106.0] [cxt 0] qos.p4(198) Condition "hdr.ipv4_option.isValid()" (node_3) is false
[22:32:06.286] [bmv2] [T] [thread 6402] [106.0] [cxt 0] Applying table 'MyIngress.ipv4_lpm'
[22:32:06.286] [bmv2] [D] [thread 6402] [106.0] [cxt 0] Looking up key:
* hdr.ipv4.dstAddr    : 0a000202

[22:32:06.286] [bmv2] [D] [thread 6402] [106.0] [cxt 0] Table 'MyIngress.ipv4_lpm': hit with handle 2
[22:32:06.286] [bmv2] [D] [thread 6402] [106.0] [cxt 0] Dumping entry 2
Match key:
* hdr.ipv4.dstAddr    : LPM       0a000200/24
Action entry: MyIngress.ipv4_forward - 80000000200,3,

[22:32:06.286] [bmv2] [D] [thread 6402] [106.0] [cxt 0] Action entry is MyIngress.ipv4_forward - 80000000200,3,
[22:32:06.286] [bmv2] [T] [thread 6402] [106.0] [cxt 0] Action MyIngress.ipv4_forward
[22:32:06.286] [bmv2] [T] [thread 6402] [106.0] [cxt 0] qos.p4(175) Primitive standard_metadata.egress_spec = port
[22:32:06.286] [bmv2] [T] [thread 6402] [106.0] [cxt 0] qos.p4(176) Primitive hdr.ethernet.srcAddr = hdr.ethernet.dstAddr
[22:32:06.286] [bmv2] [T] [thread 6402] [106.0] [cxt 0] qos.p4(177) Primitive hdr.ethernet.dstAddr = dstAddr
[22:32:06.286] [bmv2] [T] [thread 6402] [106.0] [cxt 0] qos.p4(178) Primitive hdr.ipv4.ttl = hdr.ipv4.ttl - 1
[22:32:06.286] [bmv2] [D] [thread 6402] [106.0] [cxt 0] Pipeline 'ingress': end
[22:32:06.286] [bmv2] [D] [thread 6402] [106.0] [cxt 0] Egress port is 3
[22:32:06.287] [bmv2] [D] [thread 6406] [106.0] [cxt 0] Pipeline 'egress': start
[22:32:06.287] [bmv2] [D] [thread 6406] [106.0] [cxt 0] Pipeline 'egress': end
[22:32:06.287] [bmv2] [D] [thread 6406] [106.0] [cxt 0] Deparser 'deparser': start
[22:32:06.287] [bmv2] [D] [thread 6406] [106.0] [cxt 0] Updating checksum 'cksum'
[22:32:06.287] [bmv2] [D] [thread 6406] [106.0] [cxt 0] Deparsing header 'ethernet'
[22:32:06.287] [bmv2] [D] [thread 6406] [106.0] [cxt 0] Deparsing header 'vlan'
[22:32:06.287] [bmv2] [D] [thread 6406] [106.0] [cxt 0] Deparsing header 'ipv4'
[22:32:06.287] [bmv2] [D] [thread 6406] [106.0] [cxt 0] Deparser 'deparser': end
[22:32:06.287] [bmv2] [D] [thread 6407] [106.0] [cxt 0] Transmitting packet of size 558 out of port 3
[22:32:06.406] [bmv2] [D] [thread 6402] [107.0] [cxt 0] Processing packet received on port 1
[22:32:06.406] [bmv2] [D] [thread 6402] [107.0] [cxt 0] Parser 'parser': start
[22:32:06.406] [bmv2] [D] [thread 6402] [107.0] [cxt 0] Parser 'parser' entering state 'start'
[22:32:06.406] [bmv2] [D] [thread 6402] [107.0] [cxt 0] Extracting header 'ethernet'
[22:32:06.406] [bmv2] [D] [thread 6402] [107.0] [cxt 0] Parser state 'start': key is 8100
[22:32:06.406] [bmv2] [T] [thread 6402] [107.0] [cxt 0] Bytes parsed: 14
[22:32:06.406] [bmv2] [D] [thread 6402] [107.0] [cxt 0] Parser 'parser' entering state 'parse_vlan'
[22:32:06.406] [bmv2] [D] [thread 6402] [107.0] [cxt 0] Extracting header 'vlan'
[22:32:06.406] [bmv2] [D] [thread 6402] [107.0] [cxt 0] Parser state 'parse_vlan': key is 0800
[22:32:06.406] [bmv2] [T] [thread 6402] [107.0] [cxt 0] Bytes parsed: 18
[22:32:06.406] [bmv2] [D] [thread 6402] [107.0] [cxt 0] Parser 'parser' entering state 'parse_ipv4'
[22:32:06.406] [bmv2] [D] [thread 6402] [107.0] [cxt 0] Extracting header 'ipv4'
[22:32:06.407] [bmv2] [D] [thread 6402] [107.0] [cxt 0] Parser set: setting field 'scalars.tmp' from expression, new value is 1
[22:32:06.407] [bmv2] [D] [thread 6402] [107.0] [cxt 0] Parser state 'parse_ipv4': key is 05
[22:32:06.407] [bmv2] [T] [thread 6402] [107.0] [cxt 0] Bytes parsed: 38
[22:32:06.407] [bmv2] [D] [thread 6402] [107.0] [cxt 0] Parser 'parser': end
[22:32:06.407] [bmv2] [D] [thread 6402] [107.0] [cxt 0] Pipeline 'ingress': start
[22:32:06.407] [bmv2] [T] [thread 6402] [107.0] [cxt 0] qos.p4(197) Condition "hdr.ipv4.isValid()" (node_2) is true
[22:32:06.407] [bmv2] [T] [thread 6402] [107.0] [cxt 0] qos.p4(198) Condition "hdr.ipv4_option.isValid()" (node_3) is false
[22:32:06.407] [bmv2] [T] [thread 6402] [107.0] [cxt 0] Applying table 'MyIngress.ipv4_lpm'
[22:32:06.407] [bmv2] [D] [thread 6402] [107.0] [cxt 0] Looking up key:
* hdr.ipv4.dstAddr    : 0a000202

[22:32:06.407] [bmv2] [D] [thread 6402] [107.0] [cxt 0] Table 'MyIngress.ipv4_lpm': hit with handle 2
[22:32:06.407] [bmv2] [D] [thread 6402] [107.0] [cxt 0] Dumping entry 2
Match key:
* hdr.ipv4.dstAddr    : LPM       0a000200/24
Action entry: MyIngress.ipv4_forward - 80000000200,3,

[22:32:06.407] [bmv2] [D] [thread 6402] [107.0] [cxt 0] Action entry is MyIngress.ipv4_forward - 80000000200,3,
[22:32:06.407] [bmv2] [T] [thread 6402] [107.0] [cxt 0] Action MyIngress.ipv4_forward
[22:32:06.407] [bmv2] [T] [thread 6402] [107.0] [cxt 0] qos.p4(175) Primitive standard_metadata.egress_spec = port
[22:32:06.407] [bmv2] [T] [thread 6402] [107.0] [cxt 0] qos.p4(176) Primitive hdr.ethernet.srcAddr = hdr.ethernet.dstAddr
[22:32:06.407] [bmv2] [T] [thread 6402] [107.0] [cxt 0] qos.p4(177) Primitive hdr.ethernet.dstAddr = dstAddr
[22:32:06.407] [bmv2] [T] [thread 6402] [107.0] [cxt 0] qos.p4(178) Primitive hdr.ipv4.ttl = hdr.ipv4.ttl - 1
[22:32:06.407] [bmv2] [D] [thread 6402] [107.0] [cxt 0] Pipeline 'ingress': end
[22:32:06.407] [bmv2] [D] [thread 6402] [107.0] [cxt 0] Egress port is 3
[22:32:06.407] [bmv2] [D] [thread 6406] [107.0] [cxt 0] Pipeline 'egress': start
[22:32:06.407] [bmv2] [D] [thread 6406] [107.0] [cxt 0] Pipeline 'egress': end
[22:32:06.407] [bmv2] [D] [thread 6406] [107.0] [cxt 0] Deparser 'deparser': start
[22:32:06.407] [bmv2] [D] [thread 6406] [107.0] [cxt 0] Updating checksum 'cksum'
[22:32:06.407] [bmv2] [D] [thread 6406] [107.0] [cxt 0] Deparsing header 'ethernet'
[22:32:06.407] [bmv2] [D] [thread 6406] [107.0] [cxt 0] Deparsing header 'vlan'
[22:32:06.407] [bmv2] [D] [thread 6406] [107.0] [cxt 0] Deparsing header 'ipv4'
[22:32:06.407] [bmv2] [D] [thread 6406] [107.0] [cxt 0] Deparser 'deparser': end
[22:32:06.408] [bmv2] [D] [thread 6407] [107.0] [cxt 0] Transmitting packet of size 558 out of port 3
[22:32:06.535] [bmv2] [D] [thread 6402] [108.0] [cxt 0] Processing packet received on port 1
[22:32:06.535] [bmv2] [D] [thread 6402] [108.0] [cxt 0] Parser 'parser': start
[22:32:06.535] [bmv2] [D] [thread 6402] [108.0] [cxt 0] Parser 'parser' entering state 'start'
[22:32:06.535] [bmv2] [D] [thread 6402] [108.0] [cxt 0] Extracting header 'ethernet'
[22:32:06.535] [bmv2] [D] [thread 6402] [108.0] [cxt 0] Parser state 'start': key is 8100
[22:32:06.535] [bmv2] [T] [thread 6402] [108.0] [cxt 0] Bytes parsed: 14
[22:32:06.535] [bmv2] [D] [thread 6402] [108.0] [cxt 0] Parser 'parser' entering state 'parse_vlan'
[22:32:06.535] [bmv2] [D] [thread 6402] [108.0] [cxt 0] Extracting header 'vlan'
[22:32:06.535] [bmv2] [D] [thread 6402] [108.0] [cxt 0] Parser state 'parse_vlan': key is 0800
[22:32:06.535] [bmv2] [T] [thread 6402] [108.0] [cxt 0] Bytes parsed: 18
[22:32:06.535] [bmv2] [D] [thread 6402] [108.0] [cxt 0] Parser 'parser' entering state 'parse_ipv4'
[22:32:06.535] [bmv2] [D] [thread 6402] [108.0] [cxt 0] Extracting header 'ipv4'
[22:32:06.535] [bmv2] [D] [thread 6402] [108.0] [cxt 0] Parser set: setting field 'scalars.tmp' from expression, new value is 1
[22:32:06.535] [bmv2] [D] [thread 6402] [108.0] [cxt 0] Parser state 'parse_ipv4': key is 05
[22:32:06.535] [bmv2] [T] [thread 6402] [108.0] [cxt 0] Bytes parsed: 38
[22:32:06.535] [bmv2] [D] [thread 6402] [108.0] [cxt 0] Parser 'parser': end
[22:32:06.536] [bmv2] [D] [thread 6402] [108.0] [cxt 0] Pipeline 'ingress': start
[22:32:06.536] [bmv2] [T] [thread 6402] [108.0] [cxt 0] qos.p4(197) Condition "hdr.ipv4.isValid()" (node_2) is true
[22:32:06.536] [bmv2] [T] [thread 6402] [108.0] [cxt 0] qos.p4(198) Condition "hdr.ipv4_option.isValid()" (node_3) is false
[22:32:06.536] [bmv2] [T] [thread 6402] [108.0] [cxt 0] Applying table 'MyIngress.ipv4_lpm'
[22:32:06.536] [bmv2] [D] [thread 6402] [108.0] [cxt 0] Looking up key:
* hdr.ipv4.dstAddr    : 0a000202

[22:32:06.536] [bmv2] [D] [thread 6402] [108.0] [cxt 0] Table 'MyIngress.ipv4_lpm': hit with handle 2
[22:32:06.536] [bmv2] [D] [thread 6402] [108.0] [cxt 0] Dumping entry 2
Match key:
* hdr.ipv4.dstAddr    : LPM       0a000200/24
Action entry: MyIngress.ipv4_forward - 80000000200,3,

[22:32:06.536] [bmv2] [D] [thread 6402] [108.0] [cxt 0] Action entry is MyIngress.ipv4_forward - 80000000200,3,
[22:32:06.536] [bmv2] [T] [thread 6402] [108.0] [cxt 0] Action MyIngress.ipv4_forward
[22:32:06.536] [bmv2] [T] [thread 6402] [108.0] [cxt 0] qos.p4(175) Primitive standard_metadata.egress_spec = port
[22:32:06.536] [bmv2] [T] [thread 6402] [108.0] [cxt 0] qos.p4(176) Primitive hdr.ethernet.srcAddr = hdr.ethernet.dstAddr
[22:32:06.536] [bmv2] [T] [thread 6402] [108.0] [cxt 0] qos.p4(177) Primitive hdr.ethernet.dstAddr = dstAddr
[22:32:06.536] [bmv2] [T] [thread 6402] [108.0] [cxt 0] qos.p4(178) Primitive hdr.ipv4.ttl = hdr.ipv4.ttl - 1
[22:32:06.536] [bmv2] [D] [thread 6402] [108.0] [cxt 0] Pipeline 'ingress': end
[22:32:06.536] [bmv2] [D] [thread 6402] [108.0] [cxt 0] Egress port is 3
[22:32:06.536] [bmv2] [D] [thread 6406] [108.0] [cxt 0] Pipeline 'egress': start
[22:32:06.536] [bmv2] [D] [thread 6406] [108.0] [cxt 0] Pipeline 'egress': end
[22:32:06.536] [bmv2] [D] [thread 6406] [108.0] [cxt 0] Deparser 'deparser': start
[22:32:06.536] [bmv2] [D] [thread 6406] [108.0] [cxt 0] Updating checksum 'cksum'
[22:32:06.536] [bmv2] [D] [thread 6406] [108.0] [cxt 0] Deparsing header 'ethernet'
[22:32:06.536] [bmv2] [D] [thread 6406] [108.0] [cxt 0] Deparsing header 'vlan'
[22:32:06.536] [bmv2] [D] [thread 6406] [108.0] [cxt 0] Deparsing header 'ipv4'
[22:32:06.536] [bmv2] [D] [thread 6406] [108.0] [cxt 0] Deparser 'deparser': end
[22:32:06.537] [bmv2] [D] [thread 6407] [108.0] [cxt 0] Transmitting packet of size 558 out of port 3
[22:32:06.617] [bmv2] [D] [thread 6402] [109.0] [cxt 0] Processing packet received on port 2
[22:32:06.617] [bmv2] [D] [thread 6402] [109.0] [cxt 0] Parser 'parser': start
[22:32:06.617] [bmv2] [D] [thread 6402] [109.0] [cxt 0] Parser 'parser' entering state 'start'
[22:32:06.617] [bmv2] [D] [thread 6402] [109.0] [cxt 0] Extracting header 'ethernet'
[22:32:06.617] [bmv2] [D] [thread 6402] [109.0] [cxt 0] Parser state 'start': key is 8100
[22:32:06.617] [bmv2] [T] [thread 6402] [109.0] [cxt 0] Bytes parsed: 14
[22:32:06.617] [bmv2] [D] [thread 6402] [109.0] [cxt 0] Parser 'parser' entering state 'parse_vlan'
[22:32:06.617] [bmv2] [D] [thread 6402] [109.0] [cxt 0] Extracting header 'vlan'
[22:32:06.618] [bmv2] [D] [thread 6402] [109.0] [cxt 0] Parser state 'parse_vlan': key is 0800
[22:32:06.618] [bmv2] [T] [thread 6402] [109.0] [cxt 0] Bytes parsed: 18
[22:32:06.618] [bmv2] [D] [thread 6402] [109.0] [cxt 0] Parser 'parser' entering state 'parse_ipv4'
[22:32:06.618] [bmv2] [D] [thread 6402] [109.0] [cxt 0] Extracting header 'ipv4'
[22:32:06.618] [bmv2] [D] [thread 6402] [109.0] [cxt 0] Parser set: setting field 'scalars.tmp' from expression, new value is 1
[22:32:06.618] [bmv2] [D] [thread 6402] [109.0] [cxt 0] Parser state 'parse_ipv4': key is 06
[22:32:06.618] [bmv2] [T] [thread 6402] [109.0] [cxt 0] Bytes parsed: 38
[22:32:06.618] [bmv2] [D] [thread 6402] [109.0] [cxt 0] Parser 'parser' entering state 'parse_ipv4_option'
[22:32:06.618] [bmv2] [D] [thread 6402] [109.0] [cxt 0] Extracting header 'ipv4_option'
[22:32:06.618] [bmv2] [D] [thread 6402] [109.0] [cxt 0] Parser state 'parse_ipv4_option': key is 1f
[22:32:06.618] [bmv2] [T] [thread 6402] [109.0] [cxt 0] Bytes parsed: 40
[22:32:06.618] [bmv2] [D] [thread 6402] [109.0] [cxt 0] Parser 'parser' entering state 'parse_link_qos'
[22:32:06.618] [bmv2] [D] [thread 6402] [109.0] [cxt 0] Extracting header 'link_qos'
[22:32:06.618] [bmv2] [D] [thread 6402] [109.0] [cxt 0] Parser state 'parse_link_qos' has no switch, going to default next state
[22:32:06.618] [bmv2] [T] [thread 6402] [109.0] [cxt 0] Bytes parsed: 42
[22:32:06.618] [bmv2] [D] [thread 6402] [109.0] [cxt 0] Parser 'parser': end
[22:32:06.618] [bmv2] [D] [thread 6402] [109.0] [cxt 0] Pipeline 'ingress': start
[22:32:06.618] [bmv2] [T] [thread 6402] [109.0] [cxt 0] qos.p4(197) Condition "hdr.ipv4.isValid()" (node_2) is true
[22:32:06.618] [bmv2] [T] [thread 6402] [109.0] [cxt 0] qos.p4(198) Condition "hdr.ipv4_option.isValid()" (node_3) is true
[22:32:06.618] [bmv2] [T] [thread 6402] [109.0] [cxt 0] qos.p4(199) Condition "hdr.link_qos.link_qos == TARGET_LINK_QOS" (node_4) is true
[22:32:06.618] [bmv2] [T] [thread 6402] [109.0] [cxt 0] Applying table 'tbl_qos200'
[22:32:06.618] [bmv2] [D] [thread 6402] [109.0] [cxt 0] Looking up key:

[22:32:06.618] [bmv2] [D] [thread 6402] [109.0] [cxt 0] Table 'tbl_qos200': miss
[22:32:06.618] [bmv2] [D] [thread 6402] [109.0] [cxt 0] Action entry is qos200 - 
[22:32:06.618] [bmv2] [T] [thread 6402] [109.0] [cxt 0] Action qos200
[22:32:06.618] [bmv2] [T] [thread 6402] [109.0] [cxt 0] qos.p4(200) Primitive hdr.ipv4.diffserv = (TARGET_DSCP << 2
[22:32:06.618] [bmv2] [T] [thread 6402] [109.0] [cxt 0] qos.p4(28) Primitive 7; ...
[22:32:06.618] [bmv2] [T] [thread 6402] [109.0] [cxt 0] Applying table 'MyIngress.ipv4_lpm'
[22:32:06.618] [bmv2] [D] [thread 6402] [109.0] [cxt 0] Looking up key:
* hdr.ipv4.dstAddr    : 0a000202

[22:32:06.618] [bmv2] [D] [thread 6402] [109.0] [cxt 0] Table 'MyIngress.ipv4_lpm': hit with handle 2
[22:32:06.618] [bmv2] [D] [thread 6402] [109.0] [cxt 0] Dumping entry 2
Match key:
* hdr.ipv4.dstAddr    : LPM       0a000200/24
Action entry: MyIngress.ipv4_forward - 80000000200,3,

[22:32:06.618] [bmv2] [D] [thread 6402] [109.0] [cxt 0] Action entry is MyIngress.ipv4_forward - 80000000200,3,
[22:32:06.618] [bmv2] [T] [thread 6402] [109.0] [cxt 0] Action MyIngress.ipv4_forward
[22:32:06.618] [bmv2] [T] [thread 6402] [109.0] [cxt 0] qos.p4(175) Primitive standard_metadata.egress_spec = port
[22:32:06.618] [bmv2] [T] [thread 6402] [109.0] [cxt 0] qos.p4(176) Primitive hdr.ethernet.srcAddr = hdr.ethernet.dstAddr
[22:32:06.619] [bmv2] [T] [thread 6402] [109.0] [cxt 0] qos.p4(177) Primitive hdr.ethernet.dstAddr = dstAddr
[22:32:06.619] [bmv2] [T] [thread 6402] [109.0] [cxt 0] qos.p4(178) Primitive hdr.ipv4.ttl = hdr.ipv4.ttl - 1
[22:32:06.619] [bmv2] [D] [thread 6402] [109.0] [cxt 0] Pipeline 'ingress': end
[22:32:06.619] [bmv2] [D] [thread 6402] [109.0] [cxt 0] Egress port is 3
[22:32:06.619] [bmv2] [D] [thread 6406] [109.0] [cxt 0] Pipeline 'egress': start
[22:32:06.619] [bmv2] [D] [thread 6406] [109.0] [cxt 0] Pipeline 'egress': end
[22:32:06.619] [bmv2] [D] [thread 6406] [109.0] [cxt 0] Deparser 'deparser': start
[22:32:06.619] [bmv2] [D] [thread 6406] [109.0] [cxt 0] Updating checksum 'cksum'
[22:32:06.619] [bmv2] [D] [thread 6406] [109.0] [cxt 0] Deparsing header 'ethernet'
[22:32:06.619] [bmv2] [D] [thread 6406] [109.0] [cxt 0] Deparsing header 'vlan'
[22:32:06.619] [bmv2] [D] [thread 6406] [109.0] [cxt 0] Deparsing header 'ipv4'
[22:32:06.619] [bmv2] [D] [thread 6406] [109.0] [cxt 0] Deparsing header 'ipv4_option'
[22:32:06.619] [bmv2] [D] [thread 6406] [109.0] [cxt 0] Deparsing header 'link_qos'
[22:32:06.619] [bmv2] [D] [thread 6406] [109.0] [cxt 0] Deparser 'deparser': end
[22:32:06.619] [bmv2] [D] [thread 6407] [109.0] [cxt 0] Transmitting packet of size 562 out of port 3
[22:32:06.659] [bmv2] [D] [thread 6402] [110.0] [cxt 0] Processing packet received on port 1
[22:32:06.659] [bmv2] [D] [thread 6402] [110.0] [cxt 0] Parser 'parser': start
[22:32:06.659] [bmv2] [D] [thread 6402] [110.0] [cxt 0] Parser 'parser' entering state 'start'
[22:32:06.659] [bmv2] [D] [thread 6402] [110.0] [cxt 0] Extracting header 'ethernet'
[22:32:06.659] [bmv2] [D] [thread 6402] [110.0] [cxt 0] Parser state 'start': key is 8100
[22:32:06.659] [bmv2] [T] [thread 6402] [110.0] [cxt 0] Bytes parsed: 14
[22:32:06.659] [bmv2] [D] [thread 6402] [110.0] [cxt 0] Parser 'parser' entering state 'parse_vlan'
[22:32:06.659] [bmv2] [D] [thread 6402] [110.0] [cxt 0] Extracting header 'vlan'
[22:32:06.659] [bmv2] [D] [thread 6402] [110.0] [cxt 0] Parser state 'parse_vlan': key is 0800
[22:32:06.659] [bmv2] [T] [thread 6402] [110.0] [cxt 0] Bytes parsed: 18
[22:32:06.659] [bmv2] [D] [thread 6402] [110.0] [cxt 0] Parser 'parser' entering state 'parse_ipv4'
[22:32:06.659] [bmv2] [D] [thread 6402] [110.0] [cxt 0] Extracting header 'ipv4'
[22:32:06.659] [bmv2] [D] [thread 6402] [110.0] [cxt 0] Parser set: setting field 'scalars.tmp' from expression, new value is 1
[22:32:06.659] [bmv2] [D] [thread 6402] [110.0] [cxt 0] Parser state 'parse_ipv4': key is 05
[22:32:06.659] [bmv2] [T] [thread 6402] [110.0] [cxt 0] Bytes parsed: 38
[22:32:06.659] [bmv2] [D] [thread 6402] [110.0] [cxt 0] Parser 'parser': end
[22:32:06.659] [bmv2] [D] [thread 6402] [110.0] [cxt 0] Pipeline 'ingress': start
[22:32:06.659] [bmv2] [T] [thread 6402] [110.0] [cxt 0] qos.p4(197) Condition "hdr.ipv4.isValid()" (node_2) is true
[22:32:06.659] [bmv2] [T] [thread 6402] [110.0] [cxt 0] qos.p4(198) Condition "hdr.ipv4_option.isValid()" (node_3) is false
[22:32:06.659] [bmv2] [T] [thread 6402] [110.0] [cxt 0] Applying table 'MyIngress.ipv4_lpm'
[22:32:06.659] [bmv2] [D] [thread 6402] [110.0] [cxt 0] Looking up key:
* hdr.ipv4.dstAddr    : 0a000202

[22:32:06.659] [bmv2] [D] [thread 6402] [110.0] [cxt 0] Table 'MyIngress.ipv4_lpm': hit with handle 2
[22:32:06.659] [bmv2] [D] [thread 6402] [110.0] [cxt 0] Dumping entry 2
Match key:
* hdr.ipv4.dstAddr    : LPM       0a000200/24
Action entry: MyIngress.ipv4_forward - 80000000200,3,

[22:32:06.660] [bmv2] [D] [thread 6402] [110.0] [cxt 0] Action entry is MyIngress.ipv4_forward - 80000000200,3,
[22:32:06.660] [bmv2] [T] [thread 6402] [110.0] [cxt 0] Action MyIngress.ipv4_forward
[22:32:06.660] [bmv2] [T] [thread 6402] [110.0] [cxt 0] qos.p4(175) Primitive standard_metadata.egress_spec = port
[22:32:06.660] [bmv2] [T] [thread 6402] [110.0] [cxt 0] qos.p4(176) Primitive hdr.ethernet.srcAddr = hdr.ethernet.dstAddr
[22:32:06.660] [bmv2] [T] [thread 6402] [110.0] [cxt 0] qos.p4(177) Primitive hdr.ethernet.dstAddr = dstAddr
[22:32:06.660] [bmv2] [T] [thread 6402] [110.0] [cxt 0] qos.p4(178) Primitive hdr.ipv4.ttl = hdr.ipv4.ttl - 1
[22:32:06.660] [bmv2] [D] [thread 6402] [110.0] [cxt 0] Pipeline 'ingress': end
[22:32:06.660] [bmv2] [D] [thread 6402] [110.0] [cxt 0] Egress port is 3
[22:32:06.660] [bmv2] [D] [thread 6406] [110.0] [cxt 0] Pipeline 'egress': start
[22:32:06.660] [bmv2] [D] [thread 6406] [110.0] [cxt 0] Pipeline 'egress': end
[22:32:06.660] [bmv2] [D] [thread 6406] [110.0] [cxt 0] Deparser 'deparser': start
[22:32:06.660] [bmv2] [D] [thread 6406] [110.0] [cxt 0] Updating checksum 'cksum'
[22:32:06.660] [bmv2] [D] [thread 6406] [110.0] [cxt 0] Deparsing header 'ethernet'
[22:32:06.660] [bmv2] [D] [thread 6406] [110.0] [cxt 0] Deparsing header 'vlan'
[22:32:06.660] [bmv2] [D] [thread 6406] [110.0] [cxt 0] Deparsing header 'ipv4'
[22:32:06.660] [bmv2] [D] [thread 6406] [110.0] [cxt 0] Deparser 'deparser': end
[22:32:06.660] [bmv2] [D] [thread 6407] [110.0] [cxt 0] Transmitting packet of size 558 out of port 3
[22:32:06.783] [bmv2] [D] [thread 6402] [111.0] [cxt 0] Processing packet received on port 1
[22:32:06.783] [bmv2] [D] [thread 6402] [111.0] [cxt 0] Parser 'parser': start
[22:32:06.784] [bmv2] [D] [thread 6402] [111.0] [cxt 0] Parser 'parser' entering state 'start'
[22:32:06.784] [bmv2] [D] [thread 6402] [111.0] [cxt 0] Extracting header 'ethernet'
[22:32:06.784] [bmv2] [D] [thread 6402] [111.0] [cxt 0] Parser state 'start': key is 8100
[22:32:06.784] [bmv2] [T] [thread 6402] [111.0] [cxt 0] Bytes parsed: 14
[22:32:06.784] [bmv2] [D] [thread 6402] [111.0] [cxt 0] Parser 'parser' entering state 'parse_vlan'
[22:32:06.784] [bmv2] [D] [thread 6402] [111.0] [cxt 0] Extracting header 'vlan'
[22:32:06.784] [bmv2] [D] [thread 6402] [111.0] [cxt 0] Parser state 'parse_vlan': key is 0800
[22:32:06.784] [bmv2] [T] [thread 6402] [111.0] [cxt 0] Bytes parsed: 18
[22:32:06.784] [bmv2] [D] [thread 6402] [111.0] [cxt 0] Parser 'parser' entering state 'parse_ipv4'
[22:32:06.784] [bmv2] [D] [thread 6402] [111.0] [cxt 0] Extracting header 'ipv4'
[22:32:06.784] [bmv2] [D] [thread 6402] [111.0] [cxt 0] Parser set: setting field 'scalars.tmp' from expression, new value is 1
[22:32:06.784] [bmv2] [D] [thread 6402] [111.0] [cxt 0] Parser state 'parse_ipv4': key is 05
[22:32:06.784] [bmv2] [T] [thread 6402] [111.0] [cxt 0] Bytes parsed: 38
[22:32:06.784] [bmv2] [D] [thread 6402] [111.0] [cxt 0] Parser 'parser': end
[22:32:06.784] [bmv2] [D] [thread 6402] [111.0] [cxt 0] Pipeline 'ingress': start
[22:32:06.784] [bmv2] [T] [thread 6402] [111.0] [cxt 0] qos.p4(197) Condition "hdr.ipv4.isValid()" (node_2) is true
[22:32:06.784] [bmv2] [T] [thread 6402] [111.0] [cxt 0] qos.p4(198) Condition "hdr.ipv4_option.isValid()" (node_3) is false
[22:32:06.784] [bmv2] [T] [thread 6402] [111.0] [cxt 0] Applying table 'MyIngress.ipv4_lpm'
[22:32:06.785] [bmv2] [D] [thread 6402] [111.0] [cxt 0] Looking up key:
* hdr.ipv4.dstAddr    : 0a000202

[22:32:06.785] [bmv2] [D] [thread 6402] [111.0] [cxt 0] Table 'MyIngress.ipv4_lpm': hit with handle 2
[22:32:06.785] [bmv2] [D] [thread 6402] [111.0] [cxt 0] Dumping entry 2
Match key:
* hdr.ipv4.dstAddr    : LPM       0a000200/24
Action entry: MyIngress.ipv4_forward - 80000000200,3,

[22:32:06.785] [bmv2] [D] [thread 6402] [111.0] [cxt 0] Action entry is MyIngress.ipv4_forward - 80000000200,3,
[22:32:06.785] [bmv2] [T] [thread 6402] [111.0] [cxt 0] Action MyIngress.ipv4_forward
[22:32:06.785] [bmv2] [T] [thread 6402] [111.0] [cxt 0] qos.p4(175) Primitive standard_metadata.egress_spec = port
[22:32:06.785] [bmv2] [T] [thread 6402] [111.0] [cxt 0] qos.p4(176) Primitive hdr.ethernet.srcAddr = hdr.ethernet.dstAddr
[22:32:06.785] [bmv2] [T] [thread 6402] [111.0] [cxt 0] qos.p4(177) Primitive hdr.ethernet.dstAddr = dstAddr
[22:32:06.785] [bmv2] [T] [thread 6402] [111.0] [cxt 0] qos.p4(178) Primitive hdr.ipv4.ttl = hdr.ipv4.ttl - 1
[22:32:06.785] [bmv2] [D] [thread 6402] [111.0] [cxt 0] Pipeline 'ingress': end
[22:32:06.785] [bmv2] [D] [thread 6402] [111.0] [cxt 0] Egress port is 3
[22:32:06.785] [bmv2] [D] [thread 6406] [111.0] [cxt 0] Pipeline 'egress': start
[22:32:06.785] [bmv2] [D] [thread 6406] [111.0] [cxt 0] Pipeline 'egress': end
[22:32:06.785] [bmv2] [D] [thread 6406] [111.0] [cxt 0] Deparser 'deparser': start
[22:32:06.786] [bmv2] [D] [thread 6406] [111.0] [cxt 0] Updating checksum 'cksum'
[22:32:06.786] [bmv2] [D] [thread 6406] [111.0] [cxt 0] Deparsing header 'ethernet'
[22:32:06.786] [bmv2] [D] [thread 6406] [111.0] [cxt 0] Deparsing header 'vlan'
[22:32:06.786] [bmv2] [D] [thread 6406] [111.0] [cxt 0] Deparsing header 'ipv4'
[22:32:06.786] [bmv2] [D] [thread 6406] [111.0] [cxt 0] Deparser 'deparser': end
[22:32:06.786] [bmv2] [D] [thread 6407] [111.0] [cxt 0] Transmitting packet of size 558 out of port 3
[22:32:06.911] [bmv2] [D] [thread 6402] [112.0] [cxt 0] Processing packet received on port 1
[22:32:06.911] [bmv2] [D] [thread 6402] [112.0] [cxt 0] Parser 'parser': start
[22:32:06.911] [bmv2] [D] [thread 6402] [112.0] [cxt 0] Parser 'parser' entering state 'start'
[22:32:06.911] [bmv2] [D] [thread 6402] [112.0] [cxt 0] Extracting header 'ethernet'
[22:32:06.911] [bmv2] [D] [thread 6402] [112.0] [cxt 0] Parser state 'start': key is 8100
[22:32:06.912] [bmv2] [T] [thread 6402] [112.0] [cxt 0] Bytes parsed: 14
[22:32:06.912] [bmv2] [D] [thread 6402] [112.0] [cxt 0] Parser 'parser' entering state 'parse_vlan'
[22:32:06.912] [bmv2] [D] [thread 6402] [112.0] [cxt 0] Extracting header 'vlan'
[22:32:06.912] [bmv2] [D] [thread 6402] [112.0] [cxt 0] Parser state 'parse_vlan': key is 0800
[22:32:06.912] [bmv2] [T] [thread 6402] [112.0] [cxt 0] Bytes parsed: 18
[22:32:06.912] [bmv2] [D] [thread 6402] [112.0] [cxt 0] Parser 'parser' entering state 'parse_ipv4'
[22:32:06.912] [bmv2] [D] [thread 6402] [112.0] [cxt 0] Extracting header 'ipv4'
[22:32:06.912] [bmv2] [D] [thread 6402] [112.0] [cxt 0] Parser set: setting field 'scalars.tmp' from expression, new value is 1
[22:32:06.912] [bmv2] [D] [thread 6402] [112.0] [cxt 0] Parser state 'parse_ipv4': key is 05
[22:32:06.912] [bmv2] [T] [thread 6402] [112.0] [cxt 0] Bytes parsed: 38
[22:32:06.912] [bmv2] [D] [thread 6402] [112.0] [cxt 0] Parser 'parser': end
[22:32:06.912] [bmv2] [D] [thread 6402] [112.0] [cxt 0] Pipeline 'ingress': start
[22:32:06.912] [bmv2] [T] [thread 6402] [112.0] [cxt 0] qos.p4(197) Condition "hdr.ipv4.isValid()" (node_2) is true
[22:32:06.912] [bmv2] [T] [thread 6402] [112.0] [cxt 0] qos.p4(198) Condition "hdr.ipv4_option.isValid()" (node_3) is false
[22:32:06.912] [bmv2] [T] [thread 6402] [112.0] [cxt 0] Applying table 'MyIngress.ipv4_lpm'
[22:32:06.912] [bmv2] [D] [thread 6402] [112.0] [cxt 0] Looking up key:
* hdr.ipv4.dstAddr    : 0a000202

[22:32:06.912] [bmv2] [D] [thread 6402] [112.0] [cxt 0] Table 'MyIngress.ipv4_lpm': hit with handle 2
[22:32:06.912] [bmv2] [D] [thread 6402] [112.0] [cxt 0] Dumping entry 2
Match key:
* hdr.ipv4.dstAddr    : LPM       0a000200/24
Action entry: MyIngress.ipv4_forward - 80000000200,3,

[22:32:06.912] [bmv2] [D] [thread 6402] [112.0] [cxt 0] Action entry is MyIngress.ipv4_forward - 80000000200,3,
[22:32:06.912] [bmv2] [T] [thread 6402] [112.0] [cxt 0] Action MyIngress.ipv4_forward
[22:32:06.912] [bmv2] [T] [thread 6402] [112.0] [cxt 0] qos.p4(175) Primitive standard_metadata.egress_spec = port
[22:32:06.912] [bmv2] [T] [thread 6402] [112.0] [cxt 0] qos.p4(176) Primitive hdr.ethernet.srcAddr = hdr.ethernet.dstAddr
[22:32:06.912] [bmv2] [T] [thread 6402] [112.0] [cxt 0] qos.p4(177) Primitive hdr.ethernet.dstAddr = dstAddr
[22:32:06.912] [bmv2] [T] [thread 6402] [112.0] [cxt 0] qos.p4(178) Primitive hdr.ipv4.ttl = hdr.ipv4.ttl - 1
[22:32:06.913] [bmv2] [D] [thread 6402] [112.0] [cxt 0] Pipeline 'ingress': end
[22:32:06.913] [bmv2] [D] [thread 6402] [112.0] [cxt 0] Egress port is 3
[22:32:06.913] [bmv2] [D] [thread 6406] [112.0] [cxt 0] Pipeline 'egress': start
[22:32:06.913] [bmv2] [D] [thread 6406] [112.0] [cxt 0] Pipeline 'egress': end
[22:32:06.913] [bmv2] [D] [thread 6406] [112.0] [cxt 0] Deparser 'deparser': start
[22:32:06.913] [bmv2] [D] [thread 6406] [112.0] [cxt 0] Updating checksum 'cksum'
[22:32:06.913] [bmv2] [D] [thread 6406] [112.0] [cxt 0] Deparsing header 'ethernet'
[22:32:06.913] [bmv2] [D] [thread 6406] [112.0] [cxt 0] Deparsing header 'vlan'
[22:32:06.913] [bmv2] [D] [thread 6406] [112.0] [cxt 0] Deparsing header 'ipv4'
[22:32:06.913] [bmv2] [D] [thread 6406] [112.0] [cxt 0] Deparser 'deparser': end
[22:32:06.913] [bmv2] [D] [thread 6407] [112.0] [cxt 0] Transmitting packet of size 558 out of port 3
[22:32:06.967] [bmv2] [D] [thread 6402] [113.0] [cxt 0] Processing packet received on port 2
[22:32:06.967] [bmv2] [D] [thread 6402] [113.0] [cxt 0] Parser 'parser': start
[22:32:06.967] [bmv2] [D] [thread 6402] [113.0] [cxt 0] Parser 'parser' entering state 'start'
[22:32:06.967] [bmv2] [D] [thread 6402] [113.0] [cxt 0] Extracting header 'ethernet'
[22:32:06.967] [bmv2] [D] [thread 6402] [113.0] [cxt 0] Parser state 'start': key is 8100
[22:32:06.967] [bmv2] [T] [thread 6402] [113.0] [cxt 0] Bytes parsed: 14
[22:32:06.967] [bmv2] [D] [thread 6402] [113.0] [cxt 0] Parser 'parser' entering state 'parse_vlan'
[22:32:06.967] [bmv2] [D] [thread 6402] [113.0] [cxt 0] Extracting header 'vlan'
[22:32:06.967] [bmv2] [D] [thread 6402] [113.0] [cxt 0] Parser state 'parse_vlan': key is 0800
[22:32:06.967] [bmv2] [T] [thread 6402] [113.0] [cxt 0] Bytes parsed: 18
[22:32:06.967] [bmv2] [D] [thread 6402] [113.0] [cxt 0] Parser 'parser' entering state 'parse_ipv4'
[22:32:06.967] [bmv2] [D] [thread 6402] [113.0] [cxt 0] Extracting header 'ipv4'
[22:32:06.967] [bmv2] [D] [thread 6402] [113.0] [cxt 0] Parser set: setting field 'scalars.tmp' from expression, new value is 1
[22:32:06.967] [bmv2] [D] [thread 6402] [113.0] [cxt 0] Parser state 'parse_ipv4': key is 05
[22:32:06.967] [bmv2] [T] [thread 6402] [113.0] [cxt 0] Bytes parsed: 38
[22:32:06.967] [bmv2] [D] [thread 6402] [113.0] [cxt 0] Parser 'parser': end
[22:32:06.967] [bmv2] [D] [thread 6402] [113.0] [cxt 0] Pipeline 'ingress': start
[22:32:06.967] [bmv2] [T] [thread 6402] [113.0] [cxt 0] qos.p4(197) Condition "hdr.ipv4.isValid()" (node_2) is true
[22:32:06.967] [bmv2] [T] [thread 6402] [113.0] [cxt 0] qos.p4(198) Condition "hdr.ipv4_option.isValid()" (node_3) is false
[22:32:06.967] [bmv2] [T] [thread 6402] [113.0] [cxt 0] Applying table 'MyIngress.ipv4_lpm'
[22:32:06.968] [bmv2] [D] [thread 6402] [113.0] [cxt 0] Looking up key:
* hdr.ipv4.dstAddr    : 0a000202

[22:32:06.968] [bmv2] [D] [thread 6402] [113.0] [cxt 0] Table 'MyIngress.ipv4_lpm': hit with handle 2
[22:32:06.968] [bmv2] [D] [thread 6402] [113.0] [cxt 0] Dumping entry 2
Match key:
* hdr.ipv4.dstAddr    : LPM       0a000200/24
Action entry: MyIngress.ipv4_forward - 80000000200,3,

[22:32:06.968] [bmv2] [D] [thread 6402] [113.0] [cxt 0] Action entry is MyIngress.ipv4_forward - 80000000200,3,
[22:32:06.968] [bmv2] [T] [thread 6402] [113.0] [cxt 0] Action MyIngress.ipv4_forward
[22:32:06.968] [bmv2] [T] [thread 6402] [113.0] [cxt 0] qos.p4(175) Primitive standard_metadata.egress_spec = port
[22:32:06.968] [bmv2] [T] [thread 6402] [113.0] [cxt 0] qos.p4(176) Primitive hdr.ethernet.srcAddr = hdr.ethernet.dstAddr
[22:32:06.968] [bmv2] [T] [thread 6402] [113.0] [cxt 0] qos.p4(177) Primitive hdr.ethernet.dstAddr = dstAddr
[22:32:06.968] [bmv2] [T] [thread 6402] [113.0] [cxt 0] qos.p4(178) Primitive hdr.ipv4.ttl = hdr.ipv4.ttl - 1
[22:32:06.968] [bmv2] [D] [thread 6402] [113.0] [cxt 0] Pipeline 'ingress': end
[22:32:06.968] [bmv2] [D] [thread 6402] [113.0] [cxt 0] Egress port is 3
[22:32:06.968] [bmv2] [D] [thread 6406] [113.0] [cxt 0] Pipeline 'egress': start
[22:32:06.968] [bmv2] [D] [thread 6406] [113.0] [cxt 0] Pipeline 'egress': end
[22:32:06.968] [bmv2] [D] [thread 6406] [113.0] [cxt 0] Deparser 'deparser': start
[22:32:06.968] [bmv2] [D] [thread 6406] [113.0] [cxt 0] Updating checksum 'cksum'
[22:32:06.968] [bmv2] [D] [thread 6406] [113.0] [cxt 0] Deparsing header 'ethernet'
[22:32:06.968] [bmv2] [D] [thread 6406] [113.0] [cxt 0] Deparsing header 'vlan'
[22:32:06.968] [bmv2] [D] [thread 6406] [113.0] [cxt 0] Deparsing header 'ipv4'
[22:32:06.968] [bmv2] [D] [thread 6406] [113.0] [cxt 0] Deparser 'deparser': end
[22:32:06.969] [bmv2] [D] [thread 6407] [113.0] [cxt 0] Transmitting packet of size 558 out of port 3
[22:32:07.032] [bmv2] [D] [thread 6402] [114.0] [cxt 0] Processing packet received on port 1
[22:32:07.032] [bmv2] [D] [thread 6402] [114.0] [cxt 0] Parser 'parser': start
[22:32:07.032] [bmv2] [D] [thread 6402] [114.0] [cxt 0] Parser 'parser' entering state 'start'
[22:32:07.032] [bmv2] [D] [thread 6402] [114.0] [cxt 0] Extracting header 'ethernet'
[22:32:07.032] [bmv2] [D] [thread 6402] [114.0] [cxt 0] Parser state 'start': key is 8100
[22:32:07.032] [bmv2] [T] [thread 6402] [114.0] [cxt 0] Bytes parsed: 14
[22:32:07.032] [bmv2] [D] [thread 6402] [114.0] [cxt 0] Parser 'parser' entering state 'parse_vlan'
[22:32:07.033] [bmv2] [D] [thread 6402] [114.0] [cxt 0] Extracting header 'vlan'
[22:32:07.033] [bmv2] [D] [thread 6402] [114.0] [cxt 0] Parser state 'parse_vlan': key is 0800
[22:32:07.033] [bmv2] [T] [thread 6402] [114.0] [cxt 0] Bytes parsed: 18
[22:32:07.033] [bmv2] [D] [thread 6402] [114.0] [cxt 0] Parser 'parser' entering state 'parse_ipv4'
[22:32:07.033] [bmv2] [D] [thread 6402] [114.0] [cxt 0] Extracting header 'ipv4'
[22:32:07.033] [bmv2] [D] [thread 6402] [114.0] [cxt 0] Parser set: setting field 'scalars.tmp' from expression, new value is 1
[22:32:07.033] [bmv2] [D] [thread 6402] [114.0] [cxt 0] Parser state 'parse_ipv4': key is 05
[22:32:07.033] [bmv2] [T] [thread 6402] [114.0] [cxt 0] Bytes parsed: 38
[22:32:07.033] [bmv2] [D] [thread 6402] [114.0] [cxt 0] Parser 'parser': end
[22:32:07.033] [bmv2] [D] [thread 6402] [114.0] [cxt 0] Pipeline 'ingress': start
[22:32:07.033] [bmv2] [T] [thread 6402] [114.0] [cxt 0] qos.p4(197) Condition "hdr.ipv4.isValid()" (node_2) is true
[22:32:07.033] [bmv2] [T] [thread 6402] [114.0] [cxt 0] qos.p4(198) Condition "hdr.ipv4_option.isValid()" (node_3) is false
[22:32:07.033] [bmv2] [T] [thread 6402] [114.0] [cxt 0] Applying table 'MyIngress.ipv4_lpm'
[22:32:07.033] [bmv2] [D] [thread 6402] [114.0] [cxt 0] Looking up key:
* hdr.ipv4.dstAddr    : 0a000202

[22:32:07.033] [bmv2] [D] [thread 6402] [114.0] [cxt 0] Table 'MyIngress.ipv4_lpm': hit with handle 2
[22:32:07.034] [bmv2] [D] [thread 6402] [114.0] [cxt 0] Dumping entry 2
Match key:
* hdr.ipv4.dstAddr    : LPM       0a000200/24
Action entry: MyIngress.ipv4_forward - 80000000200,3,

[22:32:07.034] [bmv2] [D] [thread 6402] [114.0] [cxt 0] Action entry is MyIngress.ipv4_forward - 80000000200,3,
[22:32:07.034] [bmv2] [T] [thread 6402] [114.0] [cxt 0] Action MyIngress.ipv4_forward
[22:32:07.034] [bmv2] [T] [thread 6402] [114.0] [cxt 0] qos.p4(175) Primitive standard_metadata.egress_spec = port
[22:32:07.034] [bmv2] [T] [thread 6402] [114.0] [cxt 0] qos.p4(176) Primitive hdr.ethernet.srcAddr = hdr.ethernet.dstAddr
[22:32:07.034] [bmv2] [T] [thread 6402] [114.0] [cxt 0] qos.p4(177) Primitive hdr.ethernet.dstAddr = dstAddr
[22:32:07.034] [bmv2] [T] [thread 6402] [114.0] [cxt 0] qos.p4(178) Primitive hdr.ipv4.ttl = hdr.ipv4.ttl - 1
[22:32:07.034] [bmv2] [D] [thread 6402] [114.0] [cxt 0] Pipeline 'ingress': end
[22:32:07.034] [bmv2] [D] [thread 6402] [114.0] [cxt 0] Egress port is 3
[22:32:07.034] [bmv2] [D] [thread 6406] [114.0] [cxt 0] Pipeline 'egress': start
[22:32:07.034] [bmv2] [D] [thread 6406] [114.0] [cxt 0] Pipeline 'egress': end
[22:32:07.034] [bmv2] [D] [thread 6406] [114.0] [cxt 0] Deparser 'deparser': start
[22:32:07.034] [bmv2] [D] [thread 6406] [114.0] [cxt 0] Updating checksum 'cksum'
[22:32:07.034] [bmv2] [D] [thread 6406] [114.0] [cxt 0] Deparsing header 'ethernet'
[22:32:07.034] [bmv2] [D] [thread 6406] [114.0] [cxt 0] Deparsing header 'vlan'
[22:32:07.034] [bmv2] [D] [thread 6406] [114.0] [cxt 0] Deparsing header 'ipv4'
[22:32:07.034] [bmv2] [D] [thread 6406] [114.0] [cxt 0] Deparser 'deparser': end
[22:32:07.034] [bmv2] [D] [thread 6407] [114.0] [cxt 0] Transmitting packet of size 558 out of port 3
[22:32:07.155] [bmv2] [D] [thread 6402] [115.0] [cxt 0] Processing packet received on port 1
[22:32:07.155] [bmv2] [D] [thread 6402] [115.0] [cxt 0] Parser 'parser': start
[22:32:07.155] [bmv2] [D] [thread 6402] [115.0] [cxt 0] Parser 'parser' entering state 'start'
[22:32:07.155] [bmv2] [D] [thread 6402] [115.0] [cxt 0] Extracting header 'ethernet'
[22:32:07.155] [bmv2] [D] [thread 6402] [115.0] [cxt 0] Parser state 'start': key is 8100
[22:32:07.155] [bmv2] [T] [thread 6402] [115.0] [cxt 0] Bytes parsed: 14
[22:32:07.155] [bmv2] [D] [thread 6402] [115.0] [cxt 0] Parser 'parser' entering state 'parse_vlan'
[22:32:07.155] [bmv2] [D] [thread 6402] [115.0] [cxt 0] Extracting header 'vlan'
[22:32:07.155] [bmv2] [D] [thread 6402] [115.0] [cxt 0] Parser state 'parse_vlan': key is 0800
[22:32:07.155] [bmv2] [T] [thread 6402] [115.0] [cxt 0] Bytes parsed: 18
[22:32:07.155] [bmv2] [D] [thread 6402] [115.0] [cxt 0] Parser 'parser' entering state 'parse_ipv4'
[22:32:07.155] [bmv2] [D] [thread 6402] [115.0] [cxt 0] Extracting header 'ipv4'
[22:32:07.155] [bmv2] [D] [thread 6402] [115.0] [cxt 0] Parser set: setting field 'scalars.tmp' from expression, new value is 1
[22:32:07.155] [bmv2] [D] [thread 6402] [115.0] [cxt 0] Parser state 'parse_ipv4': key is 05
[22:32:07.155] [bmv2] [T] [thread 6402] [115.0] [cxt 0] Bytes parsed: 38
[22:32:07.155] [bmv2] [D] [thread 6402] [115.0] [cxt 0] Parser 'parser': end
[22:32:07.155] [bmv2] [D] [thread 6402] [115.0] [cxt 0] Pipeline 'ingress': start
[22:32:07.155] [bmv2] [T] [thread 6402] [115.0] [cxt 0] qos.p4(197) Condition "hdr.ipv4.isValid()" (node_2) is true
[22:32:07.155] [bmv2] [T] [thread 6402] [115.0] [cxt 0] qos.p4(198) Condition "hdr.ipv4_option.isValid()" (node_3) is false
[22:32:07.156] [bmv2] [T] [thread 6402] [115.0] [cxt 0] Applying table 'MyIngress.ipv4_lpm'
[22:32:07.156] [bmv2] [D] [thread 6402] [115.0] [cxt 0] Looking up key:
* hdr.ipv4.dstAddr    : 0a000202

[22:32:07.156] [bmv2] [D] [thread 6402] [115.0] [cxt 0] Table 'MyIngress.ipv4_lpm': hit with handle 2
[22:32:07.156] [bmv2] [D] [thread 6402] [115.0] [cxt 0] Dumping entry 2
Match key:
* hdr.ipv4.dstAddr    : LPM       0a000200/24
Action entry: MyIngress.ipv4_forward - 80000000200,3,

[22:32:07.156] [bmv2] [D] [thread 6402] [115.0] [cxt 0] Action entry is MyIngress.ipv4_forward - 80000000200,3,
[22:32:07.156] [bmv2] [T] [thread 6402] [115.0] [cxt 0] Action MyIngress.ipv4_forward
[22:32:07.156] [bmv2] [T] [thread 6402] [115.0] [cxt 0] qos.p4(175) Primitive standard_metadata.egress_spec = port
[22:32:07.156] [bmv2] [T] [thread 6402] [115.0] [cxt 0] qos.p4(176) Primitive hdr.ethernet.srcAddr = hdr.ethernet.dstAddr
[22:32:07.156] [bmv2] [T] [thread 6402] [115.0] [cxt 0] qos.p4(177) Primitive hdr.ethernet.dstAddr = dstAddr
[22:32:07.156] [bmv2] [T] [thread 6402] [115.0] [cxt 0] qos.p4(178) Primitive hdr.ipv4.ttl = hdr.ipv4.ttl - 1
[22:32:07.156] [bmv2] [D] [thread 6402] [115.0] [cxt 0] Pipeline 'ingress': end
[22:32:07.156] [bmv2] [D] [thread 6402] [115.0] [cxt 0] Egress port is 3
[22:32:07.156] [bmv2] [D] [thread 6406] [115.0] [cxt 0] Pipeline 'egress': start
[22:32:07.156] [bmv2] [D] [thread 6406] [115.0] [cxt 0] Pipeline 'egress': end
[22:32:07.156] [bmv2] [D] [thread 6406] [115.0] [cxt 0] Deparser 'deparser': start
[22:32:07.156] [bmv2] [D] [thread 6406] [115.0] [cxt 0] Updating checksum 'cksum'
[22:32:07.156] [bmv2] [D] [thread 6406] [115.0] [cxt 0] Deparsing header 'ethernet'
[22:32:07.156] [bmv2] [D] [thread 6406] [115.0] [cxt 0] Deparsing header 'vlan'
[22:32:07.156] [bmv2] [D] [thread 6406] [115.0] [cxt 0] Deparsing header 'ipv4'
[22:32:07.156] [bmv2] [D] [thread 6406] [115.0] [cxt 0] Deparser 'deparser': end
[22:32:07.157] [bmv2] [D] [thread 6407] [115.0] [cxt 0] Transmitting packet of size 558 out of port 3
[22:32:07.280] [bmv2] [D] [thread 6402] [116.0] [cxt 0] Processing packet received on port 1
[22:32:07.281] [bmv2] [D] [thread 6402] [116.0] [cxt 0] Parser 'parser': start
[22:32:07.281] [bmv2] [D] [thread 6402] [116.0] [cxt 0] Parser 'parser' entering state 'start'
[22:32:07.281] [bmv2] [D] [thread 6402] [116.0] [cxt 0] Extracting header 'ethernet'
[22:32:07.281] [bmv2] [D] [thread 6402] [116.0] [cxt 0] Parser state 'start': key is 8100
[22:32:07.281] [bmv2] [T] [thread 6402] [116.0] [cxt 0] Bytes parsed: 14
[22:32:07.281] [bmv2] [D] [thread 6402] [116.0] [cxt 0] Parser 'parser' entering state 'parse_vlan'
[22:32:07.281] [bmv2] [D] [thread 6402] [116.0] [cxt 0] Extracting header 'vlan'
[22:32:07.281] [bmv2] [D] [thread 6402] [116.0] [cxt 0] Parser state 'parse_vlan': key is 0800
[22:32:07.281] [bmv2] [T] [thread 6402] [116.0] [cxt 0] Bytes parsed: 18
[22:32:07.281] [bmv2] [D] [thread 6402] [116.0] [cxt 0] Parser 'parser' entering state 'parse_ipv4'
[22:32:07.281] [bmv2] [D] [thread 6402] [116.0] [cxt 0] Extracting header 'ipv4'
[22:32:07.281] [bmv2] [D] [thread 6402] [116.0] [cxt 0] Parser set: setting field 'scalars.tmp' from expression, new value is 1
[22:32:07.281] [bmv2] [D] [thread 6402] [116.0] [cxt 0] Parser state 'parse_ipv4': key is 05
[22:32:07.281] [bmv2] [T] [thread 6402] [116.0] [cxt 0] Bytes parsed: 38
[22:32:07.281] [bmv2] [D] [thread 6402] [116.0] [cxt 0] Parser 'parser': end
[22:32:07.281] [bmv2] [D] [thread 6402] [116.0] [cxt 0] Pipeline 'ingress': start
[22:32:07.281] [bmv2] [T] [thread 6402] [116.0] [cxt 0] qos.p4(197) Condition "hdr.ipv4.isValid()" (node_2) is true
[22:32:07.281] [bmv2] [T] [thread 6402] [116.0] [cxt 0] qos.p4(198) Condition "hdr.ipv4_option.isValid()" (node_3) is false
[22:32:07.282] [bmv2] [T] [thread 6402] [116.0] [cxt 0] Applying table 'MyIngress.ipv4_lpm'
[22:32:07.282] [bmv2] [D] [thread 6402] [116.0] [cxt 0] Looking up key:
* hdr.ipv4.dstAddr    : 0a000202

[22:32:07.282] [bmv2] [D] [thread 6402] [116.0] [cxt 0] Table 'MyIngress.ipv4_lpm': hit with handle 2
[22:32:07.282] [bmv2] [D] [thread 6402] [116.0] [cxt 0] Dumping entry 2
Match key:
* hdr.ipv4.dstAddr    : LPM       0a000200/24
Action entry: MyIngress.ipv4_forward - 80000000200,3,

[22:32:07.282] [bmv2] [D] [thread 6402] [116.0] [cxt 0] Action entry is MyIngress.ipv4_forward - 80000000200,3,
[22:32:07.282] [bmv2] [T] [thread 6402] [116.0] [cxt 0] Action MyIngress.ipv4_forward
[22:32:07.282] [bmv2] [T] [thread 6402] [116.0] [cxt 0] qos.p4(175) Primitive standard_metadata.egress_spec = port
[22:32:07.282] [bmv2] [T] [thread 6402] [116.0] [cxt 0] qos.p4(176) Primitive hdr.ethernet.srcAddr = hdr.ethernet.dstAddr
[22:32:07.282] [bmv2] [T] [thread 6402] [116.0] [cxt 0] qos.p4(177) Primitive hdr.ethernet.dstAddr = dstAddr
[22:32:07.282] [bmv2] [T] [thread 6402] [116.0] [cxt 0] qos.p4(178) Primitive hdr.ipv4.ttl = hdr.ipv4.ttl - 1
[22:32:07.282] [bmv2] [D] [thread 6402] [116.0] [cxt 0] Pipeline 'ingress': end
[22:32:07.282] [bmv2] [D] [thread 6402] [116.0] [cxt 0] Egress port is 3
[22:32:07.282] [bmv2] [D] [thread 6406] [116.0] [cxt 0] Pipeline 'egress': start
[22:32:07.282] [bmv2] [D] [thread 6406] [116.0] [cxt 0] Pipeline 'egress': end
[22:32:07.282] [bmv2] [D] [thread 6406] [116.0] [cxt 0] Deparser 'deparser': start
[22:32:07.282] [bmv2] [D] [thread 6406] [116.0] [cxt 0] Updating checksum 'cksum'
[22:32:07.282] [bmv2] [D] [thread 6406] [116.0] [cxt 0] Deparsing header 'ethernet'
[22:32:07.282] [bmv2] [D] [thread 6406] [116.0] [cxt 0] Deparsing header 'vlan'
[22:32:07.282] [bmv2] [D] [thread 6406] [116.0] [cxt 0] Deparsing header 'ipv4'
[22:32:07.282] [bmv2] [D] [thread 6406] [116.0] [cxt 0] Deparser 'deparser': end
[22:32:07.283] [bmv2] [D] [thread 6407] [116.0] [cxt 0] Transmitting packet of size 558 out of port 3
[22:32:07.406] [bmv2] [D] [thread 6402] [117.0] [cxt 0] Processing packet received on port 1
[22:32:07.406] [bmv2] [D] [thread 6402] [117.0] [cxt 0] Parser 'parser': start
[22:32:07.407] [bmv2] [D] [thread 6402] [117.0] [cxt 0] Parser 'parser' entering state 'start'
[22:32:07.407] [bmv2] [D] [thread 6402] [117.0] [cxt 0] Extracting header 'ethernet'
[22:32:07.407] [bmv2] [D] [thread 6402] [117.0] [cxt 0] Parser state 'start': key is 8100
[22:32:07.407] [bmv2] [T] [thread 6402] [117.0] [cxt 0] Bytes parsed: 14
[22:32:07.407] [bmv2] [D] [thread 6402] [117.0] [cxt 0] Parser 'parser' entering state 'parse_vlan'
[22:32:07.407] [bmv2] [D] [thread 6402] [117.0] [cxt 0] Extracting header 'vlan'
[22:32:07.407] [bmv2] [D] [thread 6402] [117.0] [cxt 0] Parser state 'parse_vlan': key is 0800
[22:32:07.407] [bmv2] [T] [thread 6402] [117.0] [cxt 0] Bytes parsed: 18
[22:32:07.407] [bmv2] [D] [thread 6402] [117.0] [cxt 0] Parser 'parser' entering state 'parse_ipv4'
[22:32:07.407] [bmv2] [D] [thread 6402] [117.0] [cxt 0] Extracting header 'ipv4'
[22:32:07.407] [bmv2] [D] [thread 6402] [117.0] [cxt 0] Parser set: setting field 'scalars.tmp' from expression, new value is 1
[22:32:07.407] [bmv2] [D] [thread 6402] [117.0] [cxt 0] Parser state 'parse_ipv4': key is 05
[22:32:07.407] [bmv2] [T] [thread 6402] [117.0] [cxt 0] Bytes parsed: 38
[22:32:07.407] [bmv2] [D] [thread 6402] [117.0] [cxt 0] Parser 'parser': end
[22:32:07.407] [bmv2] [D] [thread 6402] [117.0] [cxt 0] Pipeline 'ingress': start
[22:32:07.407] [bmv2] [T] [thread 6402] [117.0] [cxt 0] qos.p4(197) Condition "hdr.ipv4.isValid()" (node_2) is true
[22:32:07.407] [bmv2] [T] [thread 6402] [117.0] [cxt 0] qos.p4(198) Condition "hdr.ipv4_option.isValid()" (node_3) is false
[22:32:07.407] [bmv2] [T] [thread 6402] [117.0] [cxt 0] Applying table 'MyIngress.ipv4_lpm'
[22:32:07.408] [bmv2] [D] [thread 6402] [117.0] [cxt 0] Looking up key:
* hdr.ipv4.dstAddr    : 0a000202

[22:32:07.408] [bmv2] [D] [thread 6402] [117.0] [cxt 0] Table 'MyIngress.ipv4_lpm': hit with handle 2
[22:32:07.408] [bmv2] [D] [thread 6402] [117.0] [cxt 0] Dumping entry 2
Match key:
* hdr.ipv4.dstAddr    : LPM       0a000200/24
Action entry: MyIngress.ipv4_forward - 80000000200,3,

[22:32:07.408] [bmv2] [D] [thread 6402] [117.0] [cxt 0] Action entry is MyIngress.ipv4_forward - 80000000200,3,
[22:32:07.408] [bmv2] [T] [thread 6402] [117.0] [cxt 0] Action MyIngress.ipv4_forward
[22:32:07.408] [bmv2] [T] [thread 6402] [117.0] [cxt 0] qos.p4(175) Primitive standard_metadata.egress_spec = port
[22:32:07.408] [bmv2] [T] [thread 6402] [117.0] [cxt 0] qos.p4(176) Primitive hdr.ethernet.srcAddr = hdr.ethernet.dstAddr
[22:32:07.408] [bmv2] [T] [thread 6402] [117.0] [cxt 0] qos.p4(177) Primitive hdr.ethernet.dstAddr = dstAddr
[22:32:07.408] [bmv2] [T] [thread 6402] [117.0] [cxt 0] qos.p4(178) Primitive hdr.ipv4.ttl = hdr.ipv4.ttl - 1
[22:32:07.408] [bmv2] [D] [thread 6402] [117.0] [cxt 0] Pipeline 'ingress': end
[22:32:07.408] [bmv2] [D] [thread 6402] [117.0] [cxt 0] Egress port is 3
[22:32:07.408] [bmv2] [D] [thread 6406] [117.0] [cxt 0] Pipeline 'egress': start
[22:32:07.408] [bmv2] [D] [thread 6406] [117.0] [cxt 0] Pipeline 'egress': end
[22:32:07.408] [bmv2] [D] [thread 6406] [117.0] [cxt 0] Deparser 'deparser': start
[22:32:07.408] [bmv2] [D] [thread 6406] [117.0] [cxt 0] Updating checksum 'cksum'
[22:32:07.408] [bmv2] [D] [thread 6406] [117.0] [cxt 0] Deparsing header 'ethernet'
[22:32:07.408] [bmv2] [D] [thread 6406] [117.0] [cxt 0] Deparsing header 'vlan'
[22:32:07.408] [bmv2] [D] [thread 6406] [117.0] [cxt 0] Deparsing header 'ipv4'
[22:32:07.408] [bmv2] [D] [thread 6406] [117.0] [cxt 0] Deparser 'deparser': end
[22:32:07.408] [bmv2] [D] [thread 6407] [117.0] [cxt 0] Transmitting packet of size 558 out of port 3
[22:32:07.535] [bmv2] [D] [thread 6402] [118.0] [cxt 0] Processing packet received on port 1
[22:32:07.535] [bmv2] [D] [thread 6402] [118.0] [cxt 0] Parser 'parser': start
[22:32:07.535] [bmv2] [D] [thread 6402] [118.0] [cxt 0] Parser 'parser' entering state 'start'
[22:32:07.535] [bmv2] [D] [thread 6402] [118.0] [cxt 0] Extracting header 'ethernet'
[22:32:07.535] [bmv2] [D] [thread 6402] [118.0] [cxt 0] Parser state 'start': key is 8100
[22:32:07.535] [bmv2] [T] [thread 6402] [118.0] [cxt 0] Bytes parsed: 14
[22:32:07.535] [bmv2] [D] [thread 6402] [118.0] [cxt 0] Parser 'parser' entering state 'parse_vlan'
[22:32:07.535] [bmv2] [D] [thread 6402] [118.0] [cxt 0] Extracting header 'vlan'
[22:32:07.535] [bmv2] [D] [thread 6402] [118.0] [cxt 0] Parser state 'parse_vlan': key is 0800
[22:32:07.535] [bmv2] [T] [thread 6402] [118.0] [cxt 0] Bytes parsed: 18
[22:32:07.535] [bmv2] [D] [thread 6402] [118.0] [cxt 0] Parser 'parser' entering state 'parse_ipv4'
[22:32:07.535] [bmv2] [D] [thread 6402] [118.0] [cxt 0] Extracting header 'ipv4'
[22:32:07.536] [bmv2] [D] [thread 6402] [118.0] [cxt 0] Parser set: setting field 'scalars.tmp' from expression, new value is 1
[22:32:07.536] [bmv2] [D] [thread 6402] [118.0] [cxt 0] Parser state 'parse_ipv4': key is 05
[22:32:07.536] [bmv2] [T] [thread 6402] [118.0] [cxt 0] Bytes parsed: 38
[22:32:07.536] [bmv2] [D] [thread 6402] [118.0] [cxt 0] Parser 'parser': end
[22:32:07.536] [bmv2] [D] [thread 6402] [118.0] [cxt 0] Pipeline 'ingress': start
[22:32:07.536] [bmv2] [T] [thread 6402] [118.0] [cxt 0] qos.p4(197) Condition "hdr.ipv4.isValid()" (node_2) is true
[22:32:07.536] [bmv2] [T] [thread 6402] [118.0] [cxt 0] qos.p4(198) Condition "hdr.ipv4_option.isValid()" (node_3) is false
[22:32:07.536] [bmv2] [T] [thread 6402] [118.0] [cxt 0] Applying table 'MyIngress.ipv4_lpm'
[22:32:07.536] [bmv2] [D] [thread 6402] [118.0] [cxt 0] Looking up key:
* hdr.ipv4.dstAddr    : 0a000202

[22:32:07.536] [bmv2] [D] [thread 6402] [118.0] [cxt 0] Table 'MyIngress.ipv4_lpm': hit with handle 2
[22:32:07.536] [bmv2] [D] [thread 6402] [118.0] [cxt 0] Dumping entry 2
Match key:
* hdr.ipv4.dstAddr    : LPM       0a000200/24
Action entry: MyIngress.ipv4_forward - 80000000200,3,

[22:32:07.536] [bmv2] [D] [thread 6402] [118.0] [cxt 0] Action entry is MyIngress.ipv4_forward - 80000000200,3,
[22:32:07.536] [bmv2] [T] [thread 6402] [118.0] [cxt 0] Action MyIngress.ipv4_forward
[22:32:07.536] [bmv2] [T] [thread 6402] [118.0] [cxt 0] qos.p4(175) Primitive standard_metadata.egress_spec = port
[22:32:07.536] [bmv2] [T] [thread 6402] [118.0] [cxt 0] qos.p4(176) Primitive hdr.ethernet.srcAddr = hdr.ethernet.dstAddr
[22:32:07.536] [bmv2] [T] [thread 6402] [118.0] [cxt 0] qos.p4(177) Primitive hdr.ethernet.dstAddr = dstAddr
[22:32:07.537] [bmv2] [T] [thread 6402] [118.0] [cxt 0] qos.p4(178) Primitive hdr.ipv4.ttl = hdr.ipv4.ttl - 1
[22:32:07.537] [bmv2] [D] [thread 6402] [118.0] [cxt 0] Pipeline 'ingress': end
[22:32:07.537] [bmv2] [D] [thread 6402] [118.0] [cxt 0] Egress port is 3
[22:32:07.537] [bmv2] [D] [thread 6406] [118.0] [cxt 0] Pipeline 'egress': start
[22:32:07.537] [bmv2] [D] [thread 6406] [118.0] [cxt 0] Pipeline 'egress': end
[22:32:07.537] [bmv2] [D] [thread 6406] [118.0] [cxt 0] Deparser 'deparser': start
[22:32:07.537] [bmv2] [D] [thread 6406] [118.0] [cxt 0] Updating checksum 'cksum'
[22:32:07.537] [bmv2] [D] [thread 6406] [118.0] [cxt 0] Deparsing header 'ethernet'
[22:32:07.537] [bmv2] [D] [thread 6406] [118.0] [cxt 0] Deparsing header 'vlan'
[22:32:07.537] [bmv2] [D] [thread 6406] [118.0] [cxt 0] Deparsing header 'ipv4'
[22:32:07.537] [bmv2] [D] [thread 6406] [118.0] [cxt 0] Deparser 'deparser': end
[22:32:07.537] [bmv2] [D] [thread 6407] [118.0] [cxt 0] Transmitting packet of size 558 out of port 3
[22:32:07.638] [bmv2] [D] [thread 6402] [119.0] [cxt 0] Processing packet received on port 2
[22:32:07.638] [bmv2] [D] [thread 6402] [119.0] [cxt 0] Parser 'parser': start
[22:32:07.638] [bmv2] [D] [thread 6402] [119.0] [cxt 0] Parser 'parser' entering state 'start'
[22:32:07.638] [bmv2] [D] [thread 6402] [119.0] [cxt 0] Extracting header 'ethernet'
[22:32:07.638] [bmv2] [D] [thread 6402] [119.0] [cxt 0] Parser state 'start': key is 8100
[22:32:07.638] [bmv2] [T] [thread 6402] [119.0] [cxt 0] Bytes parsed: 14
[22:32:07.638] [bmv2] [D] [thread 6402] [119.0] [cxt 0] Parser 'parser' entering state 'parse_vlan'
[22:32:07.638] [bmv2] [D] [thread 6402] [119.0] [cxt 0] Extracting header 'vlan'
[22:32:07.638] [bmv2] [D] [thread 6402] [119.0] [cxt 0] Parser state 'parse_vlan': key is 0800
[22:32:07.638] [bmv2] [T] [thread 6402] [119.0] [cxt 0] Bytes parsed: 18
[22:32:07.638] [bmv2] [D] [thread 6402] [119.0] [cxt 0] Parser 'parser' entering state 'parse_ipv4'
[22:32:07.639] [bmv2] [D] [thread 6402] [119.0] [cxt 0] Extracting header 'ipv4'
[22:32:07.639] [bmv2] [D] [thread 6402] [119.0] [cxt 0] Parser set: setting field 'scalars.tmp' from expression, new value is 1
[22:32:07.639] [bmv2] [D] [thread 6402] [119.0] [cxt 0] Parser state 'parse_ipv4': key is 06
[22:32:07.639] [bmv2] [T] [thread 6402] [119.0] [cxt 0] Bytes parsed: 38
[22:32:07.639] [bmv2] [D] [thread 6402] [119.0] [cxt 0] Parser 'parser' entering state 'parse_ipv4_option'
[22:32:07.639] [bmv2] [D] [thread 6402] [119.0] [cxt 0] Extracting header 'ipv4_option'
[22:32:07.639] [bmv2] [D] [thread 6402] [119.0] [cxt 0] Parser state 'parse_ipv4_option': key is 1f
[22:32:07.639] [bmv2] [T] [thread 6402] [119.0] [cxt 0] Bytes parsed: 40
[22:32:07.639] [bmv2] [D] [thread 6402] [119.0] [cxt 0] Parser 'parser' entering state 'parse_link_qos'
[22:32:07.639] [bmv2] [D] [thread 6402] [119.0] [cxt 0] Extracting header 'link_qos'
[22:32:07.639] [bmv2] [D] [thread 6402] [119.0] [cxt 0] Parser state 'parse_link_qos' has no switch, going to default next state
[22:32:07.639] [bmv2] [T] [thread 6402] [119.0] [cxt 0] Bytes parsed: 42
[22:32:07.639] [bmv2] [D] [thread 6402] [119.0] [cxt 0] Parser 'parser': end
[22:32:07.639] [bmv2] [D] [thread 6402] [119.0] [cxt 0] Pipeline 'ingress': start
[22:32:07.639] [bmv2] [T] [thread 6402] [119.0] [cxt 0] qos.p4(197) Condition "hdr.ipv4.isValid()" (node_2) is true
[22:32:07.639] [bmv2] [T] [thread 6402] [119.0] [cxt 0] qos.p4(198) Condition "hdr.ipv4_option.isValid()" (node_3) is true
[22:32:07.639] [bmv2] [T] [thread 6402] [119.0] [cxt 0] qos.p4(199) Condition "hdr.link_qos.link_qos == TARGET_LINK_QOS" (node_4) is true
[22:32:07.639] [bmv2] [T] [thread 6402] [119.0] [cxt 0] Applying table 'tbl_qos200'
[22:32:07.640] [bmv2] [D] [thread 6402] [119.0] [cxt 0] Looking up key:

[22:32:07.640] [bmv2] [D] [thread 6402] [119.0] [cxt 0] Table 'tbl_qos200': miss
[22:32:07.641] [bmv2] [D] [thread 6402] [119.0] [cxt 0] Action entry is qos200 - 
[22:32:07.641] [bmv2] [T] [thread 6402] [119.0] [cxt 0] Action qos200
[22:32:07.641] [bmv2] [T] [thread 6402] [119.0] [cxt 0] qos.p4(200) Primitive hdr.ipv4.diffserv = (TARGET_DSCP << 2
[22:32:07.641] [bmv2] [T] [thread 6402] [119.0] [cxt 0] qos.p4(28) Primitive 7; ...
[22:32:07.641] [bmv2] [T] [thread 6402] [119.0] [cxt 0] Applying table 'MyIngress.ipv4_lpm'
[22:32:07.641] [bmv2] [D] [thread 6402] [119.0] [cxt 0] Looking up key:
* hdr.ipv4.dstAddr    : 0a000202

[22:32:07.641] [bmv2] [D] [thread 6402] [119.0] [cxt 0] Table 'MyIngress.ipv4_lpm': hit with handle 2
[22:32:07.641] [bmv2] [D] [thread 6402] [119.0] [cxt 0] Dumping entry 2
Match key:
* hdr.ipv4.dstAddr    : LPM       0a000200/24
Action entry: MyIngress.ipv4_forward - 80000000200,3,

[22:32:07.641] [bmv2] [D] [thread 6402] [119.0] [cxt 0] Action entry is MyIngress.ipv4_forward - 80000000200,3,
[22:32:07.641] [bmv2] [T] [thread 6402] [119.0] [cxt 0] Action MyIngress.ipv4_forward
[22:32:07.641] [bmv2] [T] [thread 6402] [119.0] [cxt 0] qos.p4(175) Primitive standard_metadata.egress_spec = port
[22:32:07.641] [bmv2] [T] [thread 6402] [119.0] [cxt 0] qos.p4(176) Primitive hdr.ethernet.srcAddr = hdr.ethernet.dstAddr
[22:32:07.641] [bmv2] [T] [thread 6402] [119.0] [cxt 0] qos.p4(177) Primitive hdr.ethernet.dstAddr = dstAddr
[22:32:07.641] [bmv2] [T] [thread 6402] [119.0] [cxt 0] qos.p4(178) Primitive hdr.ipv4.ttl = hdr.ipv4.ttl - 1
[22:32:07.641] [bmv2] [D] [thread 6402] [119.0] [cxt 0] Pipeline 'ingress': end
[22:32:07.641] [bmv2] [D] [thread 6402] [119.0] [cxt 0] Egress port is 3
[22:32:07.642] [bmv2] [D] [thread 6406] [119.0] [cxt 0] Pipeline 'egress': start
[22:32:07.642] [bmv2] [D] [thread 6406] [119.0] [cxt 0] Pipeline 'egress': end
[22:32:07.642] [bmv2] [D] [thread 6406] [119.0] [cxt 0] Deparser 'deparser': start
[22:32:07.642] [bmv2] [D] [thread 6406] [119.0] [cxt 0] Updating checksum 'cksum'
[22:32:07.642] [bmv2] [D] [thread 6406] [119.0] [cxt 0] Deparsing header 'ethernet'
[22:32:07.642] [bmv2] [D] [thread 6406] [119.0] [cxt 0] Deparsing header 'vlan'
[22:32:07.642] [bmv2] [D] [thread 6406] [119.0] [cxt 0] Deparsing header 'ipv4'
[22:32:07.642] [bmv2] [D] [thread 6406] [119.0] [cxt 0] Deparsing header 'ipv4_option'
[22:32:07.642] [bmv2] [D] [thread 6406] [119.0] [cxt 0] Deparsing header 'link_qos'
[22:32:07.642] [bmv2] [D] [thread 6406] [119.0] [cxt 0] Deparser 'deparser': end
[22:32:07.642] [bmv2] [D] [thread 6407] [119.0] [cxt 0] Transmitting packet of size 562 out of port 3
[22:32:07.661] [bmv2] [D] [thread 6402] [120.0] [cxt 0] Processing packet received on port 1
[22:32:07.661] [bmv2] [D] [thread 6402] [120.0] [cxt 0] Parser 'parser': start
[22:32:07.661] [bmv2] [D] [thread 6402] [120.0] [cxt 0] Parser 'parser' entering state 'start'
[22:32:07.661] [bmv2] [D] [thread 6402] [120.0] [cxt 0] Extracting header 'ethernet'
[22:32:07.661] [bmv2] [D] [thread 6402] [120.0] [cxt 0] Parser state 'start': key is 8100
[22:32:07.661] [bmv2] [T] [thread 6402] [120.0] [cxt 0] Bytes parsed: 14
[22:32:07.661] [bmv2] [D] [thread 6402] [120.0] [cxt 0] Parser 'parser' entering state 'parse_vlan'
[22:32:07.661] [bmv2] [D] [thread 6402] [120.0] [cxt 0] Extracting header 'vlan'
[22:32:07.661] [bmv2] [D] [thread 6402] [120.0] [cxt 0] Parser state 'parse_vlan': key is 0800
[22:32:07.661] [bmv2] [T] [thread 6402] [120.0] [cxt 0] Bytes parsed: 18
[22:32:07.661] [bmv2] [D] [thread 6402] [120.0] [cxt 0] Parser 'parser' entering state 'parse_ipv4'
[22:32:07.661] [bmv2] [D] [thread 6402] [120.0] [cxt 0] Extracting header 'ipv4'
[22:32:07.661] [bmv2] [D] [thread 6402] [120.0] [cxt 0] Parser set: setting field 'scalars.tmp' from expression, new value is 1
[22:32:07.661] [bmv2] [D] [thread 6402] [120.0] [cxt 0] Parser state 'parse_ipv4': key is 05
[22:32:07.661] [bmv2] [T] [thread 6402] [120.0] [cxt 0] Bytes parsed: 38
[22:32:07.661] [bmv2] [D] [thread 6402] [120.0] [cxt 0] Parser 'parser': end
[22:32:07.661] [bmv2] [D] [thread 6402] [120.0] [cxt 0] Pipeline 'ingress': start
[22:32:07.661] [bmv2] [T] [thread 6402] [120.0] [cxt 0] qos.p4(197) Condition "hdr.ipv4.isValid()" (node_2) is true
[22:32:07.661] [bmv2] [T] [thread 6402] [120.0] [cxt 0] qos.p4(198) Condition "hdr.ipv4_option.isValid()" (node_3) is false
[22:32:07.661] [bmv2] [T] [thread 6402] [120.0] [cxt 0] Applying table 'MyIngress.ipv4_lpm'
[22:32:07.661] [bmv2] [D] [thread 6402] [120.0] [cxt 0] Looking up key:
* hdr.ipv4.dstAddr    : 0a000202

[22:32:07.661] [bmv2] [D] [thread 6402] [120.0] [cxt 0] Table 'MyIngress.ipv4_lpm': hit with handle 2
[22:32:07.661] [bmv2] [D] [thread 6402] [120.0] [cxt 0] Dumping entry 2
Match key:
* hdr.ipv4.dstAddr    : LPM       0a000200/24
Action entry: MyIngress.ipv4_forward - 80000000200,3,

[22:32:07.662] [bmv2] [D] [thread 6402] [120.0] [cxt 0] Action entry is MyIngress.ipv4_forward - 80000000200,3,
[22:32:07.662] [bmv2] [T] [thread 6402] [120.0] [cxt 0] Action MyIngress.ipv4_forward
[22:32:07.662] [bmv2] [T] [thread 6402] [120.0] [cxt 0] qos.p4(175) Primitive standard_metadata.egress_spec = port
[22:32:07.662] [bmv2] [T] [thread 6402] [120.0] [cxt 0] qos.p4(176) Primitive hdr.ethernet.srcAddr = hdr.ethernet.dstAddr
[22:32:07.662] [bmv2] [T] [thread 6402] [120.0] [cxt 0] qos.p4(177) Primitive hdr.ethernet.dstAddr = dstAddr
[22:32:07.662] [bmv2] [T] [thread 6402] [120.0] [cxt 0] qos.p4(178) Primitive hdr.ipv4.ttl = hdr.ipv4.ttl - 1
[22:32:07.662] [bmv2] [D] [thread 6402] [120.0] [cxt 0] Pipeline 'ingress': end
[22:32:07.662] [bmv2] [D] [thread 6402] [120.0] [cxt 0] Egress port is 3
[22:32:07.662] [bmv2] [D] [thread 6406] [120.0] [cxt 0] Pipeline 'egress': start
[22:32:07.662] [bmv2] [D] [thread 6406] [120.0] [cxt 0] Pipeline 'egress': end
[22:32:07.662] [bmv2] [D] [thread 6406] [120.0] [cxt 0] Deparser 'deparser': start
[22:32:07.662] [bmv2] [D] [thread 6406] [120.0] [cxt 0] Updating checksum 'cksum'
[22:32:07.662] [bmv2] [D] [thread 6406] [120.0] [cxt 0] Deparsing header 'ethernet'
[22:32:07.662] [bmv2] [D] [thread 6406] [120.0] [cxt 0] Deparsing header 'vlan'
[22:32:07.662] [bmv2] [D] [thread 6406] [120.0] [cxt 0] Deparsing header 'ipv4'
[22:32:07.662] [bmv2] [D] [thread 6406] [120.0] [cxt 0] Deparser 'deparser': end
[22:32:07.662] [bmv2] [D] [thread 6407] [120.0] [cxt 0] Transmitting packet of size 558 out of port 3
[22:32:07.779] [bmv2] [D] [thread 6402] [121.0] [cxt 0] Processing packet received on port 1
[22:32:07.780] [bmv2] [D] [thread 6402] [121.0] [cxt 0] Parser 'parser': start
[22:32:07.780] [bmv2] [D] [thread 6402] [121.0] [cxt 0] Parser 'parser' entering state 'start'
[22:32:07.780] [bmv2] [D] [thread 6402] [121.0] [cxt 0] Extracting header 'ethernet'
[22:32:07.780] [bmv2] [D] [thread 6402] [121.0] [cxt 0] Parser state 'start': key is 8100
[22:32:07.780] [bmv2] [T] [thread 6402] [121.0] [cxt 0] Bytes parsed: 14
[22:32:07.780] [bmv2] [D] [thread 6402] [121.0] [cxt 0] Parser 'parser' entering state 'parse_vlan'
[22:32:07.780] [bmv2] [D] [thread 6402] [121.0] [cxt 0] Extracting header 'vlan'
[22:32:07.780] [bmv2] [D] [thread 6402] [121.0] [cxt 0] Parser state 'parse_vlan': key is 0800
[22:32:07.780] [bmv2] [T] [thread 6402] [121.0] [cxt 0] Bytes parsed: 18
[22:32:07.780] [bmv2] [D] [thread 6402] [121.0] [cxt 0] Parser 'parser' entering state 'parse_ipv4'
[22:32:07.780] [bmv2] [D] [thread 6402] [121.0] [cxt 0] Extracting header 'ipv4'
[22:32:07.780] [bmv2] [D] [thread 6402] [121.0] [cxt 0] Parser set: setting field 'scalars.tmp' from expression, new value is 1
[22:32:07.780] [bmv2] [D] [thread 6402] [121.0] [cxt 0] Parser state 'parse_ipv4': key is 05
[22:32:07.780] [bmv2] [T] [thread 6402] [121.0] [cxt 0] Bytes parsed: 38
[22:32:07.780] [bmv2] [D] [thread 6402] [121.0] [cxt 0] Parser 'parser': end
[22:32:07.780] [bmv2] [D] [thread 6402] [121.0] [cxt 0] Pipeline 'ingress': start
[22:32:07.780] [bmv2] [T] [thread 6402] [121.0] [cxt 0] qos.p4(197) Condition "hdr.ipv4.isValid()" (node_2) is true
[22:32:07.780] [bmv2] [T] [thread 6402] [121.0] [cxt 0] qos.p4(198) Condition "hdr.ipv4_option.isValid()" (node_3) is false
[22:32:07.780] [bmv2] [T] [thread 6402] [121.0] [cxt 0] Applying table 'MyIngress.ipv4_lpm'
[22:32:07.780] [bmv2] [D] [thread 6402] [121.0] [cxt 0] Looking up key:
* hdr.ipv4.dstAddr    : 0a000202

[22:32:07.780] [bmv2] [D] [thread 6402] [121.0] [cxt 0] Table 'MyIngress.ipv4_lpm': hit with handle 2
[22:32:07.781] [bmv2] [D] [thread 6402] [121.0] [cxt 0] Dumping entry 2
Match key:
* hdr.ipv4.dstAddr    : LPM       0a000200/24
Action entry: MyIngress.ipv4_forward - 80000000200,3,

[22:32:07.781] [bmv2] [D] [thread 6402] [121.0] [cxt 0] Action entry is MyIngress.ipv4_forward - 80000000200,3,
[22:32:07.781] [bmv2] [T] [thread 6402] [121.0] [cxt 0] Action MyIngress.ipv4_forward
[22:32:07.781] [bmv2] [T] [thread 6402] [121.0] [cxt 0] qos.p4(175) Primitive standard_metadata.egress_spec = port
[22:32:07.781] [bmv2] [T] [thread 6402] [121.0] [cxt 0] qos.p4(176) Primitive hdr.ethernet.srcAddr = hdr.ethernet.dstAddr
[22:32:07.781] [bmv2] [T] [thread 6402] [121.0] [cxt 0] qos.p4(177) Primitive hdr.ethernet.dstAddr = dstAddr
[22:32:07.781] [bmv2] [T] [thread 6402] [121.0] [cxt 0] qos.p4(178) Primitive hdr.ipv4.ttl = hdr.ipv4.ttl - 1
[22:32:07.781] [bmv2] [D] [thread 6402] [121.0] [cxt 0] Pipeline 'ingress': end
[22:32:07.781] [bmv2] [D] [thread 6402] [121.0] [cxt 0] Egress port is 3
[22:32:07.781] [bmv2] [D] [thread 6406] [121.0] [cxt 0] Pipeline 'egress': start
[22:32:07.781] [bmv2] [D] [thread 6406] [121.0] [cxt 0] Pipeline 'egress': end
[22:32:07.781] [bmv2] [D] [thread 6406] [121.0] [cxt 0] Deparser 'deparser': start
[22:32:07.781] [bmv2] [D] [thread 6406] [121.0] [cxt 0] Updating checksum 'cksum'
[22:32:07.781] [bmv2] [D] [thread 6406] [121.0] [cxt 0] Deparsing header 'ethernet'
[22:32:07.781] [bmv2] [D] [thread 6406] [121.0] [cxt 0] Deparsing header 'vlan'
[22:32:07.781] [bmv2] [D] [thread 6406] [121.0] [cxt 0] Deparsing header 'ipv4'
[22:32:07.781] [bmv2] [D] [thread 6406] [121.0] [cxt 0] Deparser 'deparser': end
[22:32:07.781] [bmv2] [D] [thread 6407] [121.0] [cxt 0] Transmitting packet of size 558 out of port 3
[22:32:07.905] [bmv2] [D] [thread 6402] [122.0] [cxt 0] Processing packet received on port 1
[22:32:07.906] [bmv2] [D] [thread 6402] [122.0] [cxt 0] Parser 'parser': start
[22:32:07.906] [bmv2] [D] [thread 6402] [122.0] [cxt 0] Parser 'parser' entering state 'start'
[22:32:07.906] [bmv2] [D] [thread 6402] [122.0] [cxt 0] Extracting header 'ethernet'
[22:32:07.906] [bmv2] [D] [thread 6402] [122.0] [cxt 0] Parser state 'start': key is 8100
[22:32:07.906] [bmv2] [T] [thread 6402] [122.0] [cxt 0] Bytes parsed: 14
[22:32:07.906] [bmv2] [D] [thread 6402] [122.0] [cxt 0] Parser 'parser' entering state 'parse_vlan'
[22:32:07.906] [bmv2] [D] [thread 6402] [122.0] [cxt 0] Extracting header 'vlan'
[22:32:07.906] [bmv2] [D] [thread 6402] [122.0] [cxt 0] Parser state 'parse_vlan': key is 0800
[22:32:07.906] [bmv2] [T] [thread 6402] [122.0] [cxt 0] Bytes parsed: 18
[22:32:07.906] [bmv2] [D] [thread 6402] [122.0] [cxt 0] Parser 'parser' entering state 'parse_ipv4'
[22:32:07.906] [bmv2] [D] [thread 6402] [122.0] [cxt 0] Extracting header 'ipv4'
[22:32:07.906] [bmv2] [D] [thread 6402] [122.0] [cxt 0] Parser set: setting field 'scalars.tmp' from expression, new value is 1
[22:32:07.906] [bmv2] [D] [thread 6402] [122.0] [cxt 0] Parser state 'parse_ipv4': key is 05
[22:32:07.906] [bmv2] [T] [thread 6402] [122.0] [cxt 0] Bytes parsed: 38
[22:32:07.906] [bmv2] [D] [thread 6402] [122.0] [cxt 0] Parser 'parser': end
[22:32:07.906] [bmv2] [D] [thread 6402] [122.0] [cxt 0] Pipeline 'ingress': start
[22:32:07.906] [bmv2] [T] [thread 6402] [122.0] [cxt 0] qos.p4(197) Condition "hdr.ipv4.isValid()" (node_2) is true
[22:32:07.906] [bmv2] [T] [thread 6402] [122.0] [cxt 0] qos.p4(198) Condition "hdr.ipv4_option.isValid()" (node_3) is false
[22:32:07.906] [bmv2] [T] [thread 6402] [122.0] [cxt 0] Applying table 'MyIngress.ipv4_lpm'
[22:32:07.907] [bmv2] [D] [thread 6402] [122.0] [cxt 0] Looking up key:
* hdr.ipv4.dstAddr    : 0a000202

[22:32:07.907] [bmv2] [D] [thread 6402] [122.0] [cxt 0] Table 'MyIngress.ipv4_lpm': hit with handle 2
[22:32:07.907] [bmv2] [D] [thread 6402] [122.0] [cxt 0] Dumping entry 2
Match key:
* hdr.ipv4.dstAddr    : LPM       0a000200/24
Action entry: MyIngress.ipv4_forward - 80000000200,3,

[22:32:07.907] [bmv2] [D] [thread 6402] [122.0] [cxt 0] Action entry is MyIngress.ipv4_forward - 80000000200,3,
[22:32:07.907] [bmv2] [T] [thread 6402] [122.0] [cxt 0] Action MyIngress.ipv4_forward
[22:32:07.907] [bmv2] [T] [thread 6402] [122.0] [cxt 0] qos.p4(175) Primitive standard_metadata.egress_spec = port
[22:32:07.907] [bmv2] [T] [thread 6402] [122.0] [cxt 0] qos.p4(176) Primitive hdr.ethernet.srcAddr = hdr.ethernet.dstAddr
[22:32:07.907] [bmv2] [T] [thread 6402] [122.0] [cxt 0] qos.p4(177) Primitive hdr.ethernet.dstAddr = dstAddr
[22:32:07.907] [bmv2] [T] [thread 6402] [122.0] [cxt 0] qos.p4(178) Primitive hdr.ipv4.ttl = hdr.ipv4.ttl - 1
[22:32:07.907] [bmv2] [D] [thread 6402] [122.0] [cxt 0] Pipeline 'ingress': end
[22:32:07.907] [bmv2] [D] [thread 6402] [122.0] [cxt 0] Egress port is 3
[22:32:07.907] [bmv2] [D] [thread 6406] [122.0] [cxt 0] Pipeline 'egress': start
[22:32:07.907] [bmv2] [D] [thread 6406] [122.0] [cxt 0] Pipeline 'egress': end
[22:32:07.907] [bmv2] [D] [thread 6406] [122.0] [cxt 0] Deparser 'deparser': start
[22:32:07.907] [bmv2] [D] [thread 6406] [122.0] [cxt 0] Updating checksum 'cksum'
[22:32:07.907] [bmv2] [D] [thread 6406] [122.0] [cxt 0] Deparsing header 'ethernet'
[22:32:07.907] [bmv2] [D] [thread 6406] [122.0] [cxt 0] Deparsing header 'vlan'
[22:32:07.907] [bmv2] [D] [thread 6406] [122.0] [cxt 0] Deparsing header 'ipv4'
[22:32:07.907] [bmv2] [D] [thread 6406] [122.0] [cxt 0] Deparser 'deparser': end
[22:32:07.907] [bmv2] [D] [thread 6407] [122.0] [cxt 0] Transmitting packet of size 558 out of port 3
[22:32:07.985] [bmv2] [D] [thread 6402] [123.0] [cxt 0] Processing packet received on port 2
[22:32:07.985] [bmv2] [D] [thread 6402] [123.0] [cxt 0] Parser 'parser': start
[22:32:07.985] [bmv2] [D] [thread 6402] [123.0] [cxt 0] Parser 'parser' entering state 'start'
[22:32:07.985] [bmv2] [D] [thread 6402] [123.0] [cxt 0] Extracting header 'ethernet'
[22:32:07.985] [bmv2] [D] [thread 6402] [123.0] [cxt 0] Parser state 'start': key is 8100
[22:32:07.986] [bmv2] [T] [thread 6402] [123.0] [cxt 0] Bytes parsed: 14
[22:32:07.986] [bmv2] [D] [thread 6402] [123.0] [cxt 0] Parser 'parser' entering state 'parse_vlan'
[22:32:07.986] [bmv2] [D] [thread 6402] [123.0] [cxt 0] Extracting header 'vlan'
[22:32:07.986] [bmv2] [D] [thread 6402] [123.0] [cxt 0] Parser state 'parse_vlan': key is 0800
[22:32:07.986] [bmv2] [T] [thread 6402] [123.0] [cxt 0] Bytes parsed: 18
[22:32:07.986] [bmv2] [D] [thread 6402] [123.0] [cxt 0] Parser 'parser' entering state 'parse_ipv4'
[22:32:07.986] [bmv2] [D] [thread 6402] [123.0] [cxt 0] Extracting header 'ipv4'
[22:32:07.986] [bmv2] [D] [thread 6402] [123.0] [cxt 0] Parser set: setting field 'scalars.tmp' from expression, new value is 1
[22:32:07.986] [bmv2] [D] [thread 6402] [123.0] [cxt 0] Parser state 'parse_ipv4': key is 05
[22:32:07.986] [bmv2] [T] [thread 6402] [123.0] [cxt 0] Bytes parsed: 38
[22:32:07.986] [bmv2] [D] [thread 6402] [123.0] [cxt 0] Parser 'parser': end
[22:32:07.986] [bmv2] [D] [thread 6402] [123.0] [cxt 0] Pipeline 'ingress': start
[22:32:07.986] [bmv2] [T] [thread 6402] [123.0] [cxt 0] qos.p4(197) Condition "hdr.ipv4.isValid()" (node_2) is true
[22:32:07.986] [bmv2] [T] [thread 6402] [123.0] [cxt 0] qos.p4(198) Condition "hdr.ipv4_option.isValid()" (node_3) is false
[22:32:07.986] [bmv2] [T] [thread 6402] [123.0] [cxt 0] Applying table 'MyIngress.ipv4_lpm'
[22:32:07.986] [bmv2] [D] [thread 6402] [123.0] [cxt 0] Looking up key:
* hdr.ipv4.dstAddr    : 0a000202

[22:32:07.986] [bmv2] [D] [thread 6402] [123.0] [cxt 0] Table 'MyIngress.ipv4_lpm': hit with handle 2
[22:32:07.986] [bmv2] [D] [thread 6402] [123.0] [cxt 0] Dumping entry 2
Match key:
* hdr.ipv4.dstAddr    : LPM       0a000200/24
Action entry: MyIngress.ipv4_forward - 80000000200,3,

[22:32:07.986] [bmv2] [D] [thread 6402] [123.0] [cxt 0] Action entry is MyIngress.ipv4_forward - 80000000200,3,
[22:32:07.986] [bmv2] [T] [thread 6402] [123.0] [cxt 0] Action MyIngress.ipv4_forward
[22:32:07.986] [bmv2] [T] [thread 6402] [123.0] [cxt 0] qos.p4(175) Primitive standard_metadata.egress_spec = port
[22:32:07.986] [bmv2] [T] [thread 6402] [123.0] [cxt 0] qos.p4(176) Primitive hdr.ethernet.srcAddr = hdr.ethernet.dstAddr
[22:32:07.986] [bmv2] [T] [thread 6402] [123.0] [cxt 0] qos.p4(177) Primitive hdr.ethernet.dstAddr = dstAddr
[22:32:07.986] [bmv2] [T] [thread 6402] [123.0] [cxt 0] qos.p4(178) Primitive hdr.ipv4.ttl = hdr.ipv4.ttl - 1
[22:32:07.986] [bmv2] [D] [thread 6402] [123.0] [cxt 0] Pipeline 'ingress': end
[22:32:07.987] [bmv2] [D] [thread 6402] [123.0] [cxt 0] Egress port is 3
[22:32:07.987] [bmv2] [D] [thread 6406] [123.0] [cxt 0] Pipeline 'egress': start
[22:32:07.987] [bmv2] [D] [thread 6406] [123.0] [cxt 0] Pipeline 'egress': end
[22:32:07.987] [bmv2] [D] [thread 6406] [123.0] [cxt 0] Deparser 'deparser': start
[22:32:07.987] [bmv2] [D] [thread 6406] [123.0] [cxt 0] Updating checksum 'cksum'
[22:32:07.987] [bmv2] [D] [thread 6406] [123.0] [cxt 0] Deparsing header 'ethernet'
[22:32:07.987] [bmv2] [D] [thread 6406] [123.0] [cxt 0] Deparsing header 'vlan'
[22:32:07.987] [bmv2] [D] [thread 6406] [123.0] [cxt 0] Deparsing header 'ipv4'
[22:32:07.987] [bmv2] [D] [thread 6406] [123.0] [cxt 0] Deparser 'deparser': end
[22:32:07.987] [bmv2] [D] [thread 6407] [123.0] [cxt 0] Transmitting packet of size 558 out of port 3
[22:32:08.033] [bmv2] [D] [thread 6402] [124.0] [cxt 0] Processing packet received on port 1
[22:32:08.033] [bmv2] [D] [thread 6402] [124.0] [cxt 0] Parser 'parser': start
[22:32:08.033] [bmv2] [D] [thread 6402] [124.0] [cxt 0] Parser 'parser' entering state 'start'
[22:32:08.033] [bmv2] [D] [thread 6402] [124.0] [cxt 0] Extracting header 'ethernet'
[22:32:08.033] [bmv2] [D] [thread 6402] [124.0] [cxt 0] Parser state 'start': key is 8100
[22:32:08.033] [bmv2] [T] [thread 6402] [124.0] [cxt 0] Bytes parsed: 14
[22:32:08.033] [bmv2] [D] [thread 6402] [124.0] [cxt 0] Parser 'parser' entering state 'parse_vlan'
[22:32:08.033] [bmv2] [D] [thread 6402] [124.0] [cxt 0] Extracting header 'vlan'
[22:32:08.033] [bmv2] [D] [thread 6402] [124.0] [cxt 0] Parser state 'parse_vlan': key is 0800
[22:32:08.034] [bmv2] [T] [thread 6402] [124.0] [cxt 0] Bytes parsed: 18
[22:32:08.034] [bmv2] [D] [thread 6402] [124.0] [cxt 0] Parser 'parser' entering state 'parse_ipv4'
[22:32:08.034] [bmv2] [D] [thread 6402] [124.0] [cxt 0] Extracting header 'ipv4'
[22:32:08.034] [bmv2] [D] [thread 6402] [124.0] [cxt 0] Parser set: setting field 'scalars.tmp' from expression, new value is 1
[22:32:08.034] [bmv2] [D] [thread 6402] [124.0] [cxt 0] Parser state 'parse_ipv4': key is 05
[22:32:08.034] [bmv2] [T] [thread 6402] [124.0] [cxt 0] Bytes parsed: 38
[22:32:08.034] [bmv2] [D] [thread 6402] [124.0] [cxt 0] Parser 'parser': end
[22:32:08.034] [bmv2] [D] [thread 6402] [124.0] [cxt 0] Pipeline 'ingress': start
[22:32:08.034] [bmv2] [T] [thread 6402] [124.0] [cxt 0] qos.p4(197) Condition "hdr.ipv4.isValid()" (node_2) is true
[22:32:08.034] [bmv2] [T] [thread 6402] [124.0] [cxt 0] qos.p4(198) Condition "hdr.ipv4_option.isValid()" (node_3) is false
[22:32:08.034] [bmv2] [T] [thread 6402] [124.0] [cxt 0] Applying table 'MyIngress.ipv4_lpm'
[22:32:08.034] [bmv2] [D] [thread 6402] [124.0] [cxt 0] Looking up key:
* hdr.ipv4.dstAddr    : 0a000202

[22:32:08.034] [bmv2] [D] [thread 6402] [124.0] [cxt 0] Table 'MyIngress.ipv4_lpm': hit with handle 2
[22:32:08.034] [bmv2] [D] [thread 6402] [124.0] [cxt 0] Dumping entry 2
Match key:
* hdr.ipv4.dstAddr    : LPM       0a000200/24
Action entry: MyIngress.ipv4_forward - 80000000200,3,

[22:32:08.034] [bmv2] [D] [thread 6402] [124.0] [cxt 0] Action entry is MyIngress.ipv4_forward - 80000000200,3,
[22:32:08.034] [bmv2] [T] [thread 6402] [124.0] [cxt 0] Action MyIngress.ipv4_forward
[22:32:08.034] [bmv2] [T] [thread 6402] [124.0] [cxt 0] qos.p4(175) Primitive standard_metadata.egress_spec = port
[22:32:08.034] [bmv2] [T] [thread 6402] [124.0] [cxt 0] qos.p4(176) Primitive hdr.ethernet.srcAddr = hdr.ethernet.dstAddr
[22:32:08.034] [bmv2] [T] [thread 6402] [124.0] [cxt 0] qos.p4(177) Primitive hdr.ethernet.dstAddr = dstAddr
[22:32:08.034] [bmv2] [T] [thread 6402] [124.0] [cxt 0] qos.p4(178) Primitive hdr.ipv4.ttl = hdr.ipv4.ttl - 1
[22:32:08.034] [bmv2] [D] [thread 6402] [124.0] [cxt 0] Pipeline 'ingress': end
[22:32:08.034] [bmv2] [D] [thread 6402] [124.0] [cxt 0] Egress port is 3
[22:32:08.034] [bmv2] [D] [thread 6406] [124.0] [cxt 0] Pipeline 'egress': start
[22:32:08.034] [bmv2] [D] [thread 6406] [124.0] [cxt 0] Pipeline 'egress': end
[22:32:08.034] [bmv2] [D] [thread 6406] [124.0] [cxt 0] Deparser 'deparser': start
[22:32:08.034] [bmv2] [D] [thread 6406] [124.0] [cxt 0] Updating checksum 'cksum'
[22:32:08.034] [bmv2] [D] [thread 6406] [124.0] [cxt 0] Deparsing header 'ethernet'
[22:32:08.035] [bmv2] [D] [thread 6406] [124.0] [cxt 0] Deparsing header 'vlan'
[22:32:08.035] [bmv2] [D] [thread 6406] [124.0] [cxt 0] Deparsing header 'ipv4'
[22:32:08.035] [bmv2] [D] [thread 6406] [124.0] [cxt 0] Deparser 'deparser': end
[22:32:08.035] [bmv2] [D] [thread 6407] [124.0] [cxt 0] Transmitting packet of size 558 out of port 3
[22:32:08.157] [bmv2] [D] [thread 6402] [125.0] [cxt 0] Processing packet received on port 1
[22:32:08.157] [bmv2] [D] [thread 6402] [125.0] [cxt 0] Parser 'parser': start
[22:32:08.157] [bmv2] [D] [thread 6402] [125.0] [cxt 0] Parser 'parser' entering state 'start'
[22:32:08.157] [bmv2] [D] [thread 6402] [125.0] [cxt 0] Extracting header 'ethernet'
[22:32:08.157] [bmv2] [D] [thread 6402] [125.0] [cxt 0] Parser state 'start': key is 8100
[22:32:08.157] [bmv2] [T] [thread 6402] [125.0] [cxt 0] Bytes parsed: 14
[22:32:08.157] [bmv2] [D] [thread 6402] [125.0] [cxt 0] Parser 'parser' entering state 'parse_vlan'
[22:32:08.157] [bmv2] [D] [thread 6402] [125.0] [cxt 0] Extracting header 'vlan'
[22:32:08.157] [bmv2] [D] [thread 6402] [125.0] [cxt 0] Parser state 'parse_vlan': key is 0800
[22:32:08.158] [bmv2] [T] [thread 6402] [125.0] [cxt 0] Bytes parsed: 18
[22:32:08.158] [bmv2] [D] [thread 6402] [125.0] [cxt 0] Parser 'parser' entering state 'parse_ipv4'
[22:32:08.158] [bmv2] [D] [thread 6402] [125.0] [cxt 0] Extracting header 'ipv4'
[22:32:08.158] [bmv2] [D] [thread 6402] [125.0] [cxt 0] Parser set: setting field 'scalars.tmp' from expression, new value is 1
[22:32:08.158] [bmv2] [D] [thread 6402] [125.0] [cxt 0] Parser state 'parse_ipv4': key is 05
[22:32:08.158] [bmv2] [T] [thread 6402] [125.0] [cxt 0] Bytes parsed: 38
[22:32:08.158] [bmv2] [D] [thread 6402] [125.0] [cxt 0] Parser 'parser': end
[22:32:08.158] [bmv2] [D] [thread 6402] [125.0] [cxt 0] Pipeline 'ingress': start
[22:32:08.158] [bmv2] [T] [thread 6402] [125.0] [cxt 0] qos.p4(197) Condition "hdr.ipv4.isValid()" (node_2) is true
[22:32:08.158] [bmv2] [T] [thread 6402] [125.0] [cxt 0] qos.p4(198) Condition "hdr.ipv4_option.isValid()" (node_3) is false
[22:32:08.158] [bmv2] [T] [thread 6402] [125.0] [cxt 0] Applying table 'MyIngress.ipv4_lpm'
[22:32:08.158] [bmv2] [D] [thread 6402] [125.0] [cxt 0] Looking up key:
* hdr.ipv4.dstAddr    : 0a000202

[22:32:08.158] [bmv2] [D] [thread 6402] [125.0] [cxt 0] Table 'MyIngress.ipv4_lpm': hit with handle 2
[22:32:08.158] [bmv2] [D] [thread 6402] [125.0] [cxt 0] Dumping entry 2
Match key:
* hdr.ipv4.dstAddr    : LPM       0a000200/24
Action entry: MyIngress.ipv4_forward - 80000000200,3,

[22:32:08.158] [bmv2] [D] [thread 6402] [125.0] [cxt 0] Action entry is MyIngress.ipv4_forward - 80000000200,3,
[22:32:08.158] [bmv2] [T] [thread 6402] [125.0] [cxt 0] Action MyIngress.ipv4_forward
[22:32:08.158] [bmv2] [T] [thread 6402] [125.0] [cxt 0] qos.p4(175) Primitive standard_metadata.egress_spec = port
[22:32:08.158] [bmv2] [T] [thread 6402] [125.0] [cxt 0] qos.p4(176) Primitive hdr.ethernet.srcAddr = hdr.ethernet.dstAddr
[22:32:08.158] [bmv2] [T] [thread 6402] [125.0] [cxt 0] qos.p4(177) Primitive hdr.ethernet.dstAddr = dstAddr
[22:32:08.158] [bmv2] [T] [thread 6402] [125.0] [cxt 0] qos.p4(178) Primitive hdr.ipv4.ttl = hdr.ipv4.ttl - 1
[22:32:08.158] [bmv2] [D] [thread 6402] [125.0] [cxt 0] Pipeline 'ingress': end
[22:32:08.159] [bmv2] [D] [thread 6402] [125.0] [cxt 0] Egress port is 3
[22:32:08.159] [bmv2] [D] [thread 6406] [125.0] [cxt 0] Pipeline 'egress': start
[22:32:08.159] [bmv2] [D] [thread 6406] [125.0] [cxt 0] Pipeline 'egress': end
[22:32:08.159] [bmv2] [D] [thread 6406] [125.0] [cxt 0] Deparser 'deparser': start
[22:32:08.159] [bmv2] [D] [thread 6406] [125.0] [cxt 0] Updating checksum 'cksum'
[22:32:08.159] [bmv2] [D] [thread 6406] [125.0] [cxt 0] Deparsing header 'ethernet'
[22:32:08.159] [bmv2] [D] [thread 6406] [125.0] [cxt 0] Deparsing header 'vlan'
[22:32:08.159] [bmv2] [D] [thread 6406] [125.0] [cxt 0] Deparsing header 'ipv4'
[22:32:08.159] [bmv2] [D] [thread 6406] [125.0] [cxt 0] Deparser 'deparser': end
[22:32:08.159] [bmv2] [D] [thread 6407] [125.0] [cxt 0] Transmitting packet of size 558 out of port 3
[22:32:08.281] [bmv2] [D] [thread 6402] [126.0] [cxt 0] Processing packet received on port 1
[22:32:08.281] [bmv2] [D] [thread 6402] [126.0] [cxt 0] Parser 'parser': start
[22:32:08.281] [bmv2] [D] [thread 6402] [126.0] [cxt 0] Parser 'parser' entering state 'start'
[22:32:08.281] [bmv2] [D] [thread 6402] [126.0] [cxt 0] Extracting header 'ethernet'
[22:32:08.281] [bmv2] [D] [thread 6402] [126.0] [cxt 0] Parser state 'start': key is 8100
[22:32:08.281] [bmv2] [T] [thread 6402] [126.0] [cxt 0] Bytes parsed: 14
[22:32:08.281] [bmv2] [D] [thread 6402] [126.0] [cxt 0] Parser 'parser' entering state 'parse_vlan'
[22:32:08.281] [bmv2] [D] [thread 6402] [126.0] [cxt 0] Extracting header 'vlan'
[22:32:08.281] [bmv2] [D] [thread 6402] [126.0] [cxt 0] Parser state 'parse_vlan': key is 0800
[22:32:08.281] [bmv2] [T] [thread 6402] [126.0] [cxt 0] Bytes parsed: 18
[22:32:08.281] [bmv2] [D] [thread 6402] [126.0] [cxt 0] Parser 'parser' entering state 'parse_ipv4'
[22:32:08.281] [bmv2] [D] [thread 6402] [126.0] [cxt 0] Extracting header 'ipv4'
[22:32:08.281] [bmv2] [D] [thread 6402] [126.0] [cxt 0] Parser set: setting field 'scalars.tmp' from expression, new value is 1
[22:32:08.281] [bmv2] [D] [thread 6402] [126.0] [cxt 0] Parser state 'parse_ipv4': key is 05
[22:32:08.281] [bmv2] [T] [thread 6402] [126.0] [cxt 0] Bytes parsed: 38
[22:32:08.282] [bmv2] [D] [thread 6402] [126.0] [cxt 0] Parser 'parser': end
[22:32:08.282] [bmv2] [D] [thread 6402] [126.0] [cxt 0] Pipeline 'ingress': start
[22:32:08.282] [bmv2] [T] [thread 6402] [126.0] [cxt 0] qos.p4(197) Condition "hdr.ipv4.isValid()" (node_2) is true
[22:32:08.282] [bmv2] [T] [thread 6402] [126.0] [cxt 0] qos.p4(198) Condition "hdr.ipv4_option.isValid()" (node_3) is false
[22:32:08.282] [bmv2] [T] [thread 6402] [126.0] [cxt 0] Applying table 'MyIngress.ipv4_lpm'
[22:32:08.282] [bmv2] [D] [thread 6402] [126.0] [cxt 0] Looking up key:
* hdr.ipv4.dstAddr    : 0a000202

[22:32:08.282] [bmv2] [D] [thread 6402] [126.0] [cxt 0] Table 'MyIngress.ipv4_lpm': hit with handle 2
[22:32:08.282] [bmv2] [D] [thread 6402] [126.0] [cxt 0] Dumping entry 2
Match key:
* hdr.ipv4.dstAddr    : LPM       0a000200/24
Action entry: MyIngress.ipv4_forward - 80000000200,3,

[22:32:08.282] [bmv2] [D] [thread 6402] [126.0] [cxt 0] Action entry is MyIngress.ipv4_forward - 80000000200,3,
[22:32:08.282] [bmv2] [T] [thread 6402] [126.0] [cxt 0] Action MyIngress.ipv4_forward
[22:32:08.282] [bmv2] [T] [thread 6402] [126.0] [cxt 0] qos.p4(175) Primitive standard_metadata.egress_spec = port
[22:32:08.282] [bmv2] [T] [thread 6402] [126.0] [cxt 0] qos.p4(176) Primitive hdr.ethernet.srcAddr = hdr.ethernet.dstAddr
[22:32:08.282] [bmv2] [T] [thread 6402] [126.0] [cxt 0] qos.p4(177) Primitive hdr.ethernet.dstAddr = dstAddr
[22:32:08.282] [bmv2] [T] [thread 6402] [126.0] [cxt 0] qos.p4(178) Primitive hdr.ipv4.ttl = hdr.ipv4.ttl - 1
[22:32:08.282] [bmv2] [D] [thread 6402] [126.0] [cxt 0] Pipeline 'ingress': end
[22:32:08.282] [bmv2] [D] [thread 6402] [126.0] [cxt 0] Egress port is 3
[22:32:08.283] [bmv2] [D] [thread 6406] [126.0] [cxt 0] Pipeline 'egress': start
[22:32:08.283] [bmv2] [D] [thread 6406] [126.0] [cxt 0] Pipeline 'egress': end
[22:32:08.283] [bmv2] [D] [thread 6406] [126.0] [cxt 0] Deparser 'deparser': start
[22:32:08.283] [bmv2] [D] [thread 6406] [126.0] [cxt 0] Updating checksum 'cksum'
[22:32:08.283] [bmv2] [D] [thread 6406] [126.0] [cxt 0] Deparsing header 'ethernet'
[22:32:08.283] [bmv2] [D] [thread 6406] [126.0] [cxt 0] Deparsing header 'vlan'
[22:32:08.283] [bmv2] [D] [thread 6406] [126.0] [cxt 0] Deparsing header 'ipv4'
[22:32:08.283] [bmv2] [D] [thread 6406] [126.0] [cxt 0] Deparser 'deparser': end
[22:32:08.283] [bmv2] [D] [thread 6407] [126.0] [cxt 0] Transmitting packet of size 558 out of port 3
[22:32:08.407] [bmv2] [D] [thread 6402] [127.0] [cxt 0] Processing packet received on port 1
[22:32:08.407] [bmv2] [D] [thread 6402] [127.0] [cxt 0] Parser 'parser': start
[22:32:08.407] [bmv2] [D] [thread 6402] [127.0] [cxt 0] Parser 'parser' entering state 'start'
[22:32:08.407] [bmv2] [D] [thread 6402] [127.0] [cxt 0] Extracting header 'ethernet'
[22:32:08.407] [bmv2] [D] [thread 6402] [127.0] [cxt 0] Parser state 'start': key is 8100
[22:32:08.407] [bmv2] [T] [thread 6402] [127.0] [cxt 0] Bytes parsed: 14
[22:32:08.407] [bmv2] [D] [thread 6402] [127.0] [cxt 0] Parser 'parser' entering state 'parse_vlan'
[22:32:08.407] [bmv2] [D] [thread 6402] [127.0] [cxt 0] Extracting header 'vlan'
[22:32:08.408] [bmv2] [D] [thread 6402] [127.0] [cxt 0] Parser state 'parse_vlan': key is 0800
[22:32:08.408] [bmv2] [T] [thread 6402] [127.0] [cxt 0] Bytes parsed: 18
[22:32:08.408] [bmv2] [D] [thread 6402] [127.0] [cxt 0] Parser 'parser' entering state 'parse_ipv4'
[22:32:08.408] [bmv2] [D] [thread 6402] [127.0] [cxt 0] Extracting header 'ipv4'
[22:32:08.408] [bmv2] [D] [thread 6402] [127.0] [cxt 0] Parser set: setting field 'scalars.tmp' from expression, new value is 1
[22:32:08.408] [bmv2] [D] [thread 6402] [127.0] [cxt 0] Parser state 'parse_ipv4': key is 05
[22:32:08.408] [bmv2] [T] [thread 6402] [127.0] [cxt 0] Bytes parsed: 38
[22:32:08.408] [bmv2] [D] [thread 6402] [127.0] [cxt 0] Parser 'parser': end
[22:32:08.408] [bmv2] [D] [thread 6402] [127.0] [cxt 0] Pipeline 'ingress': start
[22:32:08.408] [bmv2] [T] [thread 6402] [127.0] [cxt 0] qos.p4(197) Condition "hdr.ipv4.isValid()" (node_2) is true
[22:32:08.408] [bmv2] [T] [thread 6402] [127.0] [cxt 0] qos.p4(198) Condition "hdr.ipv4_option.isValid()" (node_3) is false
[22:32:08.408] [bmv2] [T] [thread 6402] [127.0] [cxt 0] Applying table 'MyIngress.ipv4_lpm'
[22:32:08.408] [bmv2] [D] [thread 6402] [127.0] [cxt 0] Looking up key:
* hdr.ipv4.dstAddr    : 0a000202

[22:32:08.408] [bmv2] [D] [thread 6402] [127.0] [cxt 0] Table 'MyIngress.ipv4_lpm': hit with handle 2
[22:32:08.409] [bmv2] [D] [thread 6402] [127.0] [cxt 0] Dumping entry 2
Match key:
* hdr.ipv4.dstAddr    : LPM       0a000200/24
Action entry: MyIngress.ipv4_forward - 80000000200,3,

[22:32:08.409] [bmv2] [D] [thread 6402] [127.0] [cxt 0] Action entry is MyIngress.ipv4_forward - 80000000200,3,
[22:32:08.409] [bmv2] [T] [thread 6402] [127.0] [cxt 0] Action MyIngress.ipv4_forward
[22:32:08.409] [bmv2] [T] [thread 6402] [127.0] [cxt 0] qos.p4(175) Primitive standard_metadata.egress_spec = port
[22:32:08.409] [bmv2] [T] [thread 6402] [127.0] [cxt 0] qos.p4(176) Primitive hdr.ethernet.srcAddr = hdr.ethernet.dstAddr
[22:32:08.409] [bmv2] [T] [thread 6402] [127.0] [cxt 0] qos.p4(177) Primitive hdr.ethernet.dstAddr = dstAddr
[22:32:08.409] [bmv2] [T] [thread 6402] [127.0] [cxt 0] qos.p4(178) Primitive hdr.ipv4.ttl = hdr.ipv4.ttl - 1
[22:32:08.409] [bmv2] [D] [thread 6402] [127.0] [cxt 0] Pipeline 'ingress': end
[22:32:08.409] [bmv2] [D] [thread 6402] [127.0] [cxt 0] Egress port is 3
[22:32:08.409] [bmv2] [D] [thread 6406] [127.0] [cxt 0] Pipeline 'egress': start
[22:32:08.409] [bmv2] [D] [thread 6406] [127.0] [cxt 0] Pipeline 'egress': end
[22:32:08.409] [bmv2] [D] [thread 6406] [127.0] [cxt 0] Deparser 'deparser': start
[22:32:08.409] [bmv2] [D] [thread 6406] [127.0] [cxt 0] Updating checksum 'cksum'
[22:32:08.409] [bmv2] [D] [thread 6406] [127.0] [cxt 0] Deparsing header 'ethernet'
[22:32:08.409] [bmv2] [D] [thread 6406] [127.0] [cxt 0] Deparsing header 'vlan'
[22:32:08.409] [bmv2] [D] [thread 6406] [127.0] [cxt 0] Deparsing header 'ipv4'
[22:32:08.409] [bmv2] [D] [thread 6406] [127.0] [cxt 0] Deparser 'deparser': end
[22:32:08.410] [bmv2] [D] [thread 6407] [127.0] [cxt 0] Transmitting packet of size 558 out of port 3
[22:32:08.533] [bmv2] [D] [thread 6402] [128.0] [cxt 0] Processing packet received on port 1
[22:32:08.533] [bmv2] [D] [thread 6402] [128.0] [cxt 0] Parser 'parser': start
[22:32:08.533] [bmv2] [D] [thread 6402] [128.0] [cxt 0] Parser 'parser' entering state 'start'
[22:32:08.533] [bmv2] [D] [thread 6402] [128.0] [cxt 0] Extracting header 'ethernet'
[22:32:08.533] [bmv2] [D] [thread 6402] [128.0] [cxt 0] Parser state 'start': key is 8100
[22:32:08.533] [bmv2] [T] [thread 6402] [128.0] [cxt 0] Bytes parsed: 14
[22:32:08.533] [bmv2] [D] [thread 6402] [128.0] [cxt 0] Parser 'parser' entering state 'parse_vlan'
[22:32:08.533] [bmv2] [D] [thread 6402] [128.0] [cxt 0] Extracting header 'vlan'
[22:32:08.533] [bmv2] [D] [thread 6402] [128.0] [cxt 0] Parser state 'parse_vlan': key is 0800
[22:32:08.533] [bmv2] [T] [thread 6402] [128.0] [cxt 0] Bytes parsed: 18
[22:32:08.533] [bmv2] [D] [thread 6402] [128.0] [cxt 0] Parser 'parser' entering state 'parse_ipv4'
[22:32:08.534] [bmv2] [D] [thread 6402] [128.0] [cxt 0] Extracting header 'ipv4'
[22:32:08.534] [bmv2] [D] [thread 6402] [128.0] [cxt 0] Parser set: setting field 'scalars.tmp' from expression, new value is 1
[22:32:08.534] [bmv2] [D] [thread 6402] [128.0] [cxt 0] Parser state 'parse_ipv4': key is 05
[22:32:08.534] [bmv2] [T] [thread 6402] [128.0] [cxt 0] Bytes parsed: 38
[22:32:08.534] [bmv2] [D] [thread 6402] [128.0] [cxt 0] Parser 'parser': end
[22:32:08.534] [bmv2] [D] [thread 6402] [128.0] [cxt 0] Pipeline 'ingress': start
[22:32:08.534] [bmv2] [T] [thread 6402] [128.0] [cxt 0] qos.p4(197) Condition "hdr.ipv4.isValid()" (node_2) is true
[22:32:08.534] [bmv2] [T] [thread 6402] [128.0] [cxt 0] qos.p4(198) Condition "hdr.ipv4_option.isValid()" (node_3) is false
[22:32:08.534] [bmv2] [T] [thread 6402] [128.0] [cxt 0] Applying table 'MyIngress.ipv4_lpm'
[22:32:08.534] [bmv2] [D] [thread 6402] [128.0] [cxt 0] Looking up key:
* hdr.ipv4.dstAddr    : 0a000202

[22:32:08.534] [bmv2] [D] [thread 6402] [128.0] [cxt 0] Table 'MyIngress.ipv4_lpm': hit with handle 2
[22:32:08.534] [bmv2] [D] [thread 6402] [128.0] [cxt 0] Dumping entry 2
Match key:
* hdr.ipv4.dstAddr    : LPM       0a000200/24
Action entry: MyIngress.ipv4_forward - 80000000200,3,

[22:32:08.534] [bmv2] [D] [thread 6402] [128.0] [cxt 0] Action entry is MyIngress.ipv4_forward - 80000000200,3,
[22:32:08.534] [bmv2] [T] [thread 6402] [128.0] [cxt 0] Action MyIngress.ipv4_forward
[22:32:08.534] [bmv2] [T] [thread 6402] [128.0] [cxt 0] qos.p4(175) Primitive standard_metadata.egress_spec = port
[22:32:08.534] [bmv2] [T] [thread 6402] [128.0] [cxt 0] qos.p4(176) Primitive hdr.ethernet.srcAddr = hdr.ethernet.dstAddr
[22:32:08.534] [bmv2] [T] [thread 6402] [128.0] [cxt 0] qos.p4(177) Primitive hdr.ethernet.dstAddr = dstAddr
[22:32:08.534] [bmv2] [T] [thread 6402] [128.0] [cxt 0] qos.p4(178) Primitive hdr.ipv4.ttl = hdr.ipv4.ttl - 1
[22:32:08.534] [bmv2] [D] [thread 6402] [128.0] [cxt 0] Pipeline 'ingress': end
[22:32:08.535] [bmv2] [D] [thread 6402] [128.0] [cxt 0] Egress port is 3
[22:32:08.535] [bmv2] [D] [thread 6406] [128.0] [cxt 0] Pipeline 'egress': start
[22:32:08.535] [bmv2] [D] [thread 6406] [128.0] [cxt 0] Pipeline 'egress': end
[22:32:08.535] [bmv2] [D] [thread 6406] [128.0] [cxt 0] Deparser 'deparser': start
[22:32:08.535] [bmv2] [D] [thread 6406] [128.0] [cxt 0] Updating checksum 'cksum'
[22:32:08.535] [bmv2] [D] [thread 6406] [128.0] [cxt 0] Deparsing header 'ethernet'
[22:32:08.535] [bmv2] [D] [thread 6406] [128.0] [cxt 0] Deparsing header 'vlan'
[22:32:08.535] [bmv2] [D] [thread 6406] [128.0] [cxt 0] Deparsing header 'ipv4'
[22:32:08.535] [bmv2] [D] [thread 6406] [128.0] [cxt 0] Deparser 'deparser': end
[22:32:08.535] [bmv2] [D] [thread 6407] [128.0] [cxt 0] Transmitting packet of size 558 out of port 3
[22:32:08.662] [bmv2] [D] [thread 6402] [129.0] [cxt 0] Processing packet received on port 1
[22:32:08.662] [bmv2] [D] [thread 6402] [129.0] [cxt 0] Parser 'parser': start
[22:32:08.662] [bmv2] [D] [thread 6402] [129.0] [cxt 0] Parser 'parser' entering state 'start'
[22:32:08.662] [bmv2] [D] [thread 6402] [129.0] [cxt 0] Extracting header 'ethernet'
[22:32:08.662] [bmv2] [D] [thread 6402] [129.0] [cxt 0] Parser state 'start': key is 8100
[22:32:08.662] [bmv2] [T] [thread 6402] [129.0] [cxt 0] Bytes parsed: 14
[22:32:08.662] [bmv2] [D] [thread 6402] [129.0] [cxt 0] Parser 'parser' entering state 'parse_vlan'
[22:32:08.662] [bmv2] [D] [thread 6402] [129.0] [cxt 0] Extracting header 'vlan'
[22:32:08.662] [bmv2] [D] [thread 6402] [129.0] [cxt 0] Parser state 'parse_vlan': key is 0800
[22:32:08.662] [bmv2] [T] [thread 6402] [129.0] [cxt 0] Bytes parsed: 18
[22:32:08.662] [bmv2] [D] [thread 6402] [129.0] [cxt 0] Parser 'parser' entering state 'parse_ipv4'
[22:32:08.662] [bmv2] [D] [thread 6402] [129.0] [cxt 0] Extracting header 'ipv4'
[22:32:08.662] [bmv2] [D] [thread 6402] [129.0] [cxt 0] Parser set: setting field 'scalars.tmp' from expression, new value is 1
[22:32:08.662] [bmv2] [D] [thread 6402] [129.0] [cxt 0] Parser state 'parse_ipv4': key is 05
[22:32:08.662] [bmv2] [T] [thread 6402] [129.0] [cxt 0] Bytes parsed: 38
[22:32:08.662] [bmv2] [D] [thread 6402] [129.0] [cxt 0] Parser 'parser': end
[22:32:08.662] [bmv2] [D] [thread 6402] [129.0] [cxt 0] Pipeline 'ingress': start
[22:32:08.662] [bmv2] [T] [thread 6402] [129.0] [cxt 0] qos.p4(197) Condition "hdr.ipv4.isValid()" (node_2) is true
[22:32:08.662] [bmv2] [T] [thread 6402] [129.0] [cxt 0] qos.p4(198) Condition "hdr.ipv4_option.isValid()" (node_3) is false
[22:32:08.662] [bmv2] [T] [thread 6402] [129.0] [cxt 0] Applying table 'MyIngress.ipv4_lpm'
[22:32:08.663] [bmv2] [D] [thread 6402] [129.0] [cxt 0] Looking up key:
* hdr.ipv4.dstAddr    : 0a000202

[22:32:08.663] [bmv2] [D] [thread 6402] [129.0] [cxt 0] Table 'MyIngress.ipv4_lpm': hit with handle 2
[22:32:08.663] [bmv2] [D] [thread 6402] [129.0] [cxt 0] Dumping entry 2
Match key:
* hdr.ipv4.dstAddr    : LPM       0a000200/24
Action entry: MyIngress.ipv4_forward - 80000000200,3,

[22:32:08.663] [bmv2] [D] [thread 6402] [129.0] [cxt 0] Action entry is MyIngress.ipv4_forward - 80000000200,3,
[22:32:08.663] [bmv2] [T] [thread 6402] [129.0] [cxt 0] Action MyIngress.ipv4_forward
[22:32:08.663] [bmv2] [T] [thread 6402] [129.0] [cxt 0] qos.p4(175) Primitive standard_metadata.egress_spec = port
[22:32:08.663] [bmv2] [T] [thread 6402] [129.0] [cxt 0] qos.p4(176) Primitive hdr.ethernet.srcAddr = hdr.ethernet.dstAddr
[22:32:08.663] [bmv2] [T] [thread 6402] [129.0] [cxt 0] qos.p4(177) Primitive hdr.ethernet.dstAddr = dstAddr
[22:32:08.663] [bmv2] [T] [thread 6402] [129.0] [cxt 0] qos.p4(178) Primitive hdr.ipv4.ttl = hdr.ipv4.ttl - 1
[22:32:08.663] [bmv2] [D] [thread 6402] [129.0] [cxt 0] Pipeline 'ingress': end
[22:32:08.663] [bmv2] [D] [thread 6402] [129.0] [cxt 0] Egress port is 3
[22:32:08.663] [bmv2] [D] [thread 6406] [129.0] [cxt 0] Pipeline 'egress': start
[22:32:08.663] [bmv2] [D] [thread 6406] [129.0] [cxt 0] Pipeline 'egress': end
[22:32:08.663] [bmv2] [D] [thread 6406] [129.0] [cxt 0] Deparser 'deparser': start
[22:32:08.663] [bmv2] [D] [thread 6406] [129.0] [cxt 0] Updating checksum 'cksum'
[22:32:08.663] [bmv2] [D] [thread 6406] [129.0] [cxt 0] Deparsing header 'ethernet'
[22:32:08.663] [bmv2] [D] [thread 6406] [129.0] [cxt 0] Deparsing header 'vlan'
[22:32:08.663] [bmv2] [D] [thread 6406] [129.0] [cxt 0] Deparsing header 'ipv4'
[22:32:08.663] [bmv2] [D] [thread 6406] [129.0] [cxt 0] Deparser 'deparser': end
[22:32:08.663] [bmv2] [D] [thread 6407] [129.0] [cxt 0] Transmitting packet of size 558 out of port 3
[22:32:08.674] [bmv2] [D] [thread 6402] [130.0] [cxt 0] Processing packet received on port 2
[22:32:08.674] [bmv2] [D] [thread 6402] [130.0] [cxt 0] Parser 'parser': start
[22:32:08.674] [bmv2] [D] [thread 6402] [130.0] [cxt 0] Parser 'parser' entering state 'start'
[22:32:08.674] [bmv2] [D] [thread 6402] [130.0] [cxt 0] Extracting header 'ethernet'
[22:32:08.674] [bmv2] [D] [thread 6402] [130.0] [cxt 0] Parser state 'start': key is 8100
[22:32:08.674] [bmv2] [T] [thread 6402] [130.0] [cxt 0] Bytes parsed: 14
[22:32:08.674] [bmv2] [D] [thread 6402] [130.0] [cxt 0] Parser 'parser' entering state 'parse_vlan'
[22:32:08.674] [bmv2] [D] [thread 6402] [130.0] [cxt 0] Extracting header 'vlan'
[22:32:08.675] [bmv2] [D] [thread 6402] [130.0] [cxt 0] Parser state 'parse_vlan': key is 0800
[22:32:08.675] [bmv2] [T] [thread 6402] [130.0] [cxt 0] Bytes parsed: 18
[22:32:08.675] [bmv2] [D] [thread 6402] [130.0] [cxt 0] Parser 'parser' entering state 'parse_ipv4'
[22:32:08.675] [bmv2] [D] [thread 6402] [130.0] [cxt 0] Extracting header 'ipv4'
[22:32:08.675] [bmv2] [D] [thread 6402] [130.0] [cxt 0] Parser set: setting field 'scalars.tmp' from expression, new value is 1
[22:32:08.675] [bmv2] [D] [thread 6402] [130.0] [cxt 0] Parser state 'parse_ipv4': key is 06
[22:32:08.675] [bmv2] [T] [thread 6402] [130.0] [cxt 0] Bytes parsed: 38
[22:32:08.675] [bmv2] [D] [thread 6402] [130.0] [cxt 0] Parser 'parser' entering state 'parse_ipv4_option'
[22:32:08.675] [bmv2] [D] [thread 6402] [130.0] [cxt 0] Extracting header 'ipv4_option'
[22:32:08.675] [bmv2] [D] [thread 6402] [130.0] [cxt 0] Parser state 'parse_ipv4_option': key is 1f
[22:32:08.675] [bmv2] [T] [thread 6402] [130.0] [cxt 0] Bytes parsed: 40
[22:32:08.675] [bmv2] [D] [thread 6402] [130.0] [cxt 0] Parser 'parser' entering state 'parse_link_qos'
[22:32:08.675] [bmv2] [D] [thread 6402] [130.0] [cxt 0] Extracting header 'link_qos'
[22:32:08.675] [bmv2] [D] [thread 6402] [130.0] [cxt 0] Parser state 'parse_link_qos' has no switch, going to default next state
[22:32:08.675] [bmv2] [T] [thread 6402] [130.0] [cxt 0] Bytes parsed: 42
[22:32:08.675] [bmv2] [D] [thread 6402] [130.0] [cxt 0] Parser 'parser': end
[22:32:08.675] [bmv2] [D] [thread 6402] [130.0] [cxt 0] Pipeline 'ingress': start
[22:32:08.675] [bmv2] [T] [thread 6402] [130.0] [cxt 0] qos.p4(197) Condition "hdr.ipv4.isValid()" (node_2) is true
[22:32:08.675] [bmv2] [T] [thread 6402] [130.0] [cxt 0] qos.p4(198) Condition "hdr.ipv4_option.isValid()" (node_3) is true
[22:32:08.675] [bmv2] [T] [thread 6402] [130.0] [cxt 0] qos.p4(199) Condition "hdr.link_qos.link_qos == TARGET_LINK_QOS" (node_4) is true
[22:32:08.675] [bmv2] [T] [thread 6402] [130.0] [cxt 0] Applying table 'tbl_qos200'
[22:32:08.675] [bmv2] [D] [thread 6402] [130.0] [cxt 0] Looking up key:

[22:32:08.675] [bmv2] [D] [thread 6402] [130.0] [cxt 0] Table 'tbl_qos200': miss
[22:32:08.675] [bmv2] [D] [thread 6402] [130.0] [cxt 0] Action entry is qos200 - 
[22:32:08.675] [bmv2] [T] [thread 6402] [130.0] [cxt 0] Action qos200
[22:32:08.675] [bmv2] [T] [thread 6402] [130.0] [cxt 0] qos.p4(200) Primitive hdr.ipv4.diffserv = (TARGET_DSCP << 2
[22:32:08.675] [bmv2] [T] [thread 6402] [130.0] [cxt 0] qos.p4(28) Primitive 7; ...
[22:32:08.675] [bmv2] [T] [thread 6402] [130.0] [cxt 0] Applying table 'MyIngress.ipv4_lpm'
[22:32:08.675] [bmv2] [D] [thread 6402] [130.0] [cxt 0] Looking up key:
* hdr.ipv4.dstAddr    : 0a000202

[22:32:08.675] [bmv2] [D] [thread 6402] [130.0] [cxt 0] Table 'MyIngress.ipv4_lpm': hit with handle 2
[22:32:08.675] [bmv2] [D] [thread 6402] [130.0] [cxt 0] Dumping entry 2
Match key:
* hdr.ipv4.dstAddr    : LPM       0a000200/24
Action entry: MyIngress.ipv4_forward - 80000000200,3,

[22:32:08.676] [bmv2] [D] [thread 6402] [130.0] [cxt 0] Action entry is MyIngress.ipv4_forward - 80000000200,3,
[22:32:08.676] [bmv2] [T] [thread 6402] [130.0] [cxt 0] Action MyIngress.ipv4_forward
[22:32:08.676] [bmv2] [T] [thread 6402] [130.0] [cxt 0] qos.p4(175) Primitive standard_metadata.egress_spec = port
[22:32:08.676] [bmv2] [T] [thread 6402] [130.0] [cxt 0] qos.p4(176) Primitive hdr.ethernet.srcAddr = hdr.ethernet.dstAddr
[22:32:08.676] [bmv2] [T] [thread 6402] [130.0] [cxt 0] qos.p4(177) Primitive hdr.ethernet.dstAddr = dstAddr
[22:32:08.676] [bmv2] [T] [thread 6402] [130.0] [cxt 0] qos.p4(178) Primitive hdr.ipv4.ttl = hdr.ipv4.ttl - 1
[22:32:08.676] [bmv2] [D] [thread 6402] [130.0] [cxt 0] Pipeline 'ingress': end
[22:32:08.676] [bmv2] [D] [thread 6402] [130.0] [cxt 0] Egress port is 3
[22:32:08.676] [bmv2] [D] [thread 6406] [130.0] [cxt 0] Pipeline 'egress': start
[22:32:08.676] [bmv2] [D] [thread 6406] [130.0] [cxt 0] Pipeline 'egress': end
[22:32:08.676] [bmv2] [D] [thread 6406] [130.0] [cxt 0] Deparser 'deparser': start
[22:32:08.676] [bmv2] [D] [thread 6406] [130.0] [cxt 0] Updating checksum 'cksum'
[22:32:08.676] [bmv2] [D] [thread 6406] [130.0] [cxt 0] Deparsing header 'ethernet'
[22:32:08.676] [bmv2] [D] [thread 6406] [130.0] [cxt 0] Deparsing header 'vlan'
[22:32:08.676] [bmv2] [D] [thread 6406] [130.0] [cxt 0] Deparsing header 'ipv4'
[22:32:08.676] [bmv2] [D] [thread 6406] [130.0] [cxt 0] Deparsing header 'ipv4_option'
[22:32:08.676] [bmv2] [D] [thread 6406] [130.0] [cxt 0] Deparsing header 'link_qos'
[22:32:08.676] [bmv2] [D] [thread 6406] [130.0] [cxt 0] Deparser 'deparser': end
[22:32:08.676] [bmv2] [D] [thread 6407] [130.0] [cxt 0] Transmitting packet of size 562 out of port 3
[22:32:08.791] [bmv2] [D] [thread 6402] [131.0] [cxt 0] Processing packet received on port 1
[22:32:08.791] [bmv2] [D] [thread 6402] [131.0] [cxt 0] Parser 'parser': start
[22:32:08.791] [bmv2] [D] [thread 6402] [131.0] [cxt 0] Parser 'parser' entering state 'start'
[22:32:08.791] [bmv2] [D] [thread 6402] [131.0] [cxt 0] Extracting header 'ethernet'
[22:32:08.791] [bmv2] [D] [thread 6402] [131.0] [cxt 0] Parser state 'start': key is 8100
[22:32:08.791] [bmv2] [T] [thread 6402] [131.0] [cxt 0] Bytes parsed: 14
[22:32:08.791] [bmv2] [D] [thread 6402] [131.0] [cxt 0] Parser 'parser' entering state 'parse_vlan'
[22:32:08.791] [bmv2] [D] [thread 6402] [131.0] [cxt 0] Extracting header 'vlan'
[22:32:08.791] [bmv2] [D] [thread 6402] [131.0] [cxt 0] Parser state 'parse_vlan': key is 0800
[22:32:08.791] [bmv2] [T] [thread 6402] [131.0] [cxt 0] Bytes parsed: 18
[22:32:08.791] [bmv2] [D] [thread 6402] [131.0] [cxt 0] Parser 'parser' entering state 'parse_ipv4'
[22:32:08.791] [bmv2] [D] [thread 6402] [131.0] [cxt 0] Extracting header 'ipv4'
[22:32:08.791] [bmv2] [D] [thread 6402] [131.0] [cxt 0] Parser set: setting field 'scalars.tmp' from expression, new value is 1
[22:32:08.791] [bmv2] [D] [thread 6402] [131.0] [cxt 0] Parser state 'parse_ipv4': key is 05
[22:32:08.791] [bmv2] [T] [thread 6402] [131.0] [cxt 0] Bytes parsed: 38
[22:32:08.791] [bmv2] [D] [thread 6402] [131.0] [cxt 0] Parser 'parser': end
[22:32:08.791] [bmv2] [D] [thread 6402] [131.0] [cxt 0] Pipeline 'ingress': start
[22:32:08.792] [bmv2] [T] [thread 6402] [131.0] [cxt 0] qos.p4(197) Condition "hdr.ipv4.isValid()" (node_2) is true
[22:32:08.792] [bmv2] [T] [thread 6402] [131.0] [cxt 0] qos.p4(198) Condition "hdr.ipv4_option.isValid()" (node_3) is false
[22:32:08.792] [bmv2] [T] [thread 6402] [131.0] [cxt 0] Applying table 'MyIngress.ipv4_lpm'
[22:32:08.792] [bmv2] [D] [thread 6402] [131.0] [cxt 0] Looking up key:
* hdr.ipv4.dstAddr    : 0a000202

[22:32:08.792] [bmv2] [D] [thread 6402] [131.0] [cxt 0] Table 'MyIngress.ipv4_lpm': hit with handle 2
[22:32:08.792] [bmv2] [D] [thread 6402] [131.0] [cxt 0] Dumping entry 2
Match key:
* hdr.ipv4.dstAddr    : LPM       0a000200/24
Action entry: MyIngress.ipv4_forward - 80000000200,3,

[22:32:08.792] [bmv2] [D] [thread 6402] [131.0] [cxt 0] Action entry is MyIngress.ipv4_forward - 80000000200,3,
[22:32:08.792] [bmv2] [T] [thread 6402] [131.0] [cxt 0] Action MyIngress.ipv4_forward
[22:32:08.792] [bmv2] [T] [thread 6402] [131.0] [cxt 0] qos.p4(175) Primitive standard_metadata.egress_spec = port
[22:32:08.792] [bmv2] [T] [thread 6402] [131.0] [cxt 0] qos.p4(176) Primitive hdr.ethernet.srcAddr = hdr.ethernet.dstAddr
[22:32:08.792] [bmv2] [T] [thread 6402] [131.0] [cxt 0] qos.p4(177) Primitive hdr.ethernet.dstAddr = dstAddr
[22:32:08.792] [bmv2] [T] [thread 6402] [131.0] [cxt 0] qos.p4(178) Primitive hdr.ipv4.ttl = hdr.ipv4.ttl - 1
[22:32:08.792] [bmv2] [D] [thread 6402] [131.0] [cxt 0] Pipeline 'ingress': end
[22:32:08.792] [bmv2] [D] [thread 6402] [131.0] [cxt 0] Egress port is 3
[22:32:08.792] [bmv2] [D] [thread 6406] [131.0] [cxt 0] Pipeline 'egress': start
[22:32:08.792] [bmv2] [D] [thread 6406] [131.0] [cxt 0] Pipeline 'egress': end
[22:32:08.792] [bmv2] [D] [thread 6406] [131.0] [cxt 0] Deparser 'deparser': start
[22:32:08.792] [bmv2] [D] [thread 6406] [131.0] [cxt 0] Updating checksum 'cksum'
[22:32:08.792] [bmv2] [D] [thread 6406] [131.0] [cxt 0] Deparsing header 'ethernet'
[22:32:08.792] [bmv2] [D] [thread 6406] [131.0] [cxt 0] Deparsing header 'vlan'
[22:32:08.792] [bmv2] [D] [thread 6406] [131.0] [cxt 0] Deparsing header 'ipv4'
[22:32:08.793] [bmv2] [D] [thread 6406] [131.0] [cxt 0] Deparser 'deparser': end
[22:32:08.793] [bmv2] [D] [thread 6407] [131.0] [cxt 0] Transmitting packet of size 558 out of port 3
[22:32:08.917] [bmv2] [D] [thread 6402] [132.0] [cxt 0] Processing packet received on port 1
[22:32:08.917] [bmv2] [D] [thread 6402] [132.0] [cxt 0] Parser 'parser': start
[22:32:08.917] [bmv2] [D] [thread 6402] [132.0] [cxt 0] Parser 'parser' entering state 'start'
[22:32:08.917] [bmv2] [D] [thread 6402] [132.0] [cxt 0] Extracting header 'ethernet'
[22:32:08.917] [bmv2] [D] [thread 6402] [132.0] [cxt 0] Parser state 'start': key is 8100
[22:32:08.918] [bmv2] [T] [thread 6402] [132.0] [cxt 0] Bytes parsed: 14
[22:32:08.918] [bmv2] [D] [thread 6402] [132.0] [cxt 0] Parser 'parser' entering state 'parse_vlan'
[22:32:08.918] [bmv2] [D] [thread 6402] [132.0] [cxt 0] Extracting header 'vlan'
[22:32:08.918] [bmv2] [D] [thread 6402] [132.0] [cxt 0] Parser state 'parse_vlan': key is 0800
[22:32:08.918] [bmv2] [T] [thread 6402] [132.0] [cxt 0] Bytes parsed: 18
[22:32:08.918] [bmv2] [D] [thread 6402] [132.0] [cxt 0] Parser 'parser' entering state 'parse_ipv4'
[22:32:08.918] [bmv2] [D] [thread 6402] [132.0] [cxt 0] Extracting header 'ipv4'
[22:32:08.918] [bmv2] [D] [thread 6402] [132.0] [cxt 0] Parser set: setting field 'scalars.tmp' from expression, new value is 1
[22:32:08.918] [bmv2] [D] [thread 6402] [132.0] [cxt 0] Parser state 'parse_ipv4': key is 05
[22:32:08.918] [bmv2] [T] [thread 6402] [132.0] [cxt 0] Bytes parsed: 38
[22:32:08.918] [bmv2] [D] [thread 6402] [132.0] [cxt 0] Parser 'parser': end
[22:32:08.918] [bmv2] [D] [thread 6402] [132.0] [cxt 0] Pipeline 'ingress': start
[22:32:08.918] [bmv2] [T] [thread 6402] [132.0] [cxt 0] qos.p4(197) Condition "hdr.ipv4.isValid()" (node_2) is true
[22:32:08.918] [bmv2] [T] [thread 6402] [132.0] [cxt 0] qos.p4(198) Condition "hdr.ipv4_option.isValid()" (node_3) is false
[22:32:08.918] [bmv2] [T] [thread 6402] [132.0] [cxt 0] Applying table 'MyIngress.ipv4_lpm'
[22:32:08.918] [bmv2] [D] [thread 6402] [132.0] [cxt 0] Looking up key:
* hdr.ipv4.dstAddr    : 0a000202

[22:32:08.918] [bmv2] [D] [thread 6402] [132.0] [cxt 0] Table 'MyIngress.ipv4_lpm': hit with handle 2
[22:32:08.918] [bmv2] [D] [thread 6402] [132.0] [cxt 0] Dumping entry 2
Match key:
* hdr.ipv4.dstAddr    : LPM       0a000200/24
Action entry: MyIngress.ipv4_forward - 80000000200,3,

[22:32:08.918] [bmv2] [D] [thread 6402] [132.0] [cxt 0] Action entry is MyIngress.ipv4_forward - 80000000200,3,
[22:32:08.919] [bmv2] [T] [thread 6402] [132.0] [cxt 0] Action MyIngress.ipv4_forward
[22:32:08.919] [bmv2] [T] [thread 6402] [132.0] [cxt 0] qos.p4(175) Primitive standard_metadata.egress_spec = port
[22:32:08.919] [bmv2] [T] [thread 6402] [132.0] [cxt 0] qos.p4(176) Primitive hdr.ethernet.srcAddr = hdr.ethernet.dstAddr
[22:32:08.919] [bmv2] [T] [thread 6402] [132.0] [cxt 0] qos.p4(177) Primitive hdr.ethernet.dstAddr = dstAddr
[22:32:08.919] [bmv2] [T] [thread 6402] [132.0] [cxt 0] qos.p4(178) Primitive hdr.ipv4.ttl = hdr.ipv4.ttl - 1
[22:32:08.919] [bmv2] [D] [thread 6402] [132.0] [cxt 0] Pipeline 'ingress': end
[22:32:08.919] [bmv2] [D] [thread 6402] [132.0] [cxt 0] Egress port is 3
[22:32:08.919] [bmv2] [D] [thread 6406] [132.0] [cxt 0] Pipeline 'egress': start
[22:32:08.919] [bmv2] [D] [thread 6406] [132.0] [cxt 0] Pipeline 'egress': end
[22:32:08.919] [bmv2] [D] [thread 6406] [132.0] [cxt 0] Deparser 'deparser': start
[22:32:08.919] [bmv2] [D] [thread 6406] [132.0] [cxt 0] Updating checksum 'cksum'
[22:32:08.919] [bmv2] [D] [thread 6406] [132.0] [cxt 0] Deparsing header 'ethernet'
[22:32:08.919] [bmv2] [D] [thread 6406] [132.0] [cxt 0] Deparsing header 'vlan'
[22:32:08.919] [bmv2] [D] [thread 6406] [132.0] [cxt 0] Deparsing header 'ipv4'
[22:32:08.919] [bmv2] [D] [thread 6406] [132.0] [cxt 0] Deparser 'deparser': end
[22:32:08.919] [bmv2] [D] [thread 6407] [132.0] [cxt 0] Transmitting packet of size 558 out of port 3
[22:32:09.005] [bmv2] [D] [thread 6402] [133.0] [cxt 0] Processing packet received on port 2
[22:32:09.005] [bmv2] [D] [thread 6402] [133.0] [cxt 0] Parser 'parser': start
[22:32:09.006] [bmv2] [D] [thread 6402] [133.0] [cxt 0] Parser 'parser' entering state 'start'
[22:32:09.006] [bmv2] [D] [thread 6402] [133.0] [cxt 0] Extracting header 'ethernet'
[22:32:09.006] [bmv2] [D] [thread 6402] [133.0] [cxt 0] Parser state 'start': key is 8100
[22:32:09.006] [bmv2] [T] [thread 6402] [133.0] [cxt 0] Bytes parsed: 14
[22:32:09.006] [bmv2] [D] [thread 6402] [133.0] [cxt 0] Parser 'parser' entering state 'parse_vlan'
[22:32:09.006] [bmv2] [D] [thread 6402] [133.0] [cxt 0] Extracting header 'vlan'
[22:32:09.006] [bmv2] [D] [thread 6402] [133.0] [cxt 0] Parser state 'parse_vlan': key is 0800
[22:32:09.006] [bmv2] [T] [thread 6402] [133.0] [cxt 0] Bytes parsed: 18
[22:32:09.006] [bmv2] [D] [thread 6402] [133.0] [cxt 0] Parser 'parser' entering state 'parse_ipv4'
[22:32:09.006] [bmv2] [D] [thread 6402] [133.0] [cxt 0] Extracting header 'ipv4'
[22:32:09.006] [bmv2] [D] [thread 6402] [133.0] [cxt 0] Parser set: setting field 'scalars.tmp' from expression, new value is 1
[22:32:09.006] [bmv2] [D] [thread 6402] [133.0] [cxt 0] Parser state 'parse_ipv4': key is 05
[22:32:09.006] [bmv2] [T] [thread 6402] [133.0] [cxt 0] Bytes parsed: 38
[22:32:09.006] [bmv2] [D] [thread 6402] [133.0] [cxt 0] Parser 'parser': end
[22:32:09.006] [bmv2] [D] [thread 6402] [133.0] [cxt 0] Pipeline 'ingress': start
[22:32:09.006] [bmv2] [T] [thread 6402] [133.0] [cxt 0] qos.p4(197) Condition "hdr.ipv4.isValid()" (node_2) is true
[22:32:09.006] [bmv2] [T] [thread 6402] [133.0] [cxt 0] qos.p4(198) Condition "hdr.ipv4_option.isValid()" (node_3) is false
[22:32:09.006] [bmv2] [T] [thread 6402] [133.0] [cxt 0] Applying table 'MyIngress.ipv4_lpm'
[22:32:09.006] [bmv2] [D] [thread 6402] [133.0] [cxt 0] Looking up key:
* hdr.ipv4.dstAddr    : 0a000202

[22:32:09.006] [bmv2] [D] [thread 6402] [133.0] [cxt 0] Table 'MyIngress.ipv4_lpm': hit with handle 2
[22:32:09.006] [bmv2] [D] [thread 6402] [133.0] [cxt 0] Dumping entry 2
Match key:
* hdr.ipv4.dstAddr    : LPM       0a000200/24
Action entry: MyIngress.ipv4_forward - 80000000200,3,

[22:32:09.007] [bmv2] [D] [thread 6402] [133.0] [cxt 0] Action entry is MyIngress.ipv4_forward - 80000000200,3,
[22:32:09.007] [bmv2] [T] [thread 6402] [133.0] [cxt 0] Action MyIngress.ipv4_forward
[22:32:09.007] [bmv2] [T] [thread 6402] [133.0] [cxt 0] qos.p4(175) Primitive standard_metadata.egress_spec = port
[22:32:09.007] [bmv2] [T] [thread 6402] [133.0] [cxt 0] qos.p4(176) Primitive hdr.ethernet.srcAddr = hdr.ethernet.dstAddr
[22:32:09.007] [bmv2] [T] [thread 6402] [133.0] [cxt 0] qos.p4(177) Primitive hdr.ethernet.dstAddr = dstAddr
[22:32:09.007] [bmv2] [T] [thread 6402] [133.0] [cxt 0] qos.p4(178) Primitive hdr.ipv4.ttl = hdr.ipv4.ttl - 1
[22:32:09.007] [bmv2] [D] [thread 6402] [133.0] [cxt 0] Pipeline 'ingress': end
[22:32:09.007] [bmv2] [D] [thread 6402] [133.0] [cxt 0] Egress port is 3
[22:32:09.007] [bmv2] [D] [thread 6406] [133.0] [cxt 0] Pipeline 'egress': start
[22:32:09.007] [bmv2] [D] [thread 6406] [133.0] [cxt 0] Pipeline 'egress': end
[22:32:09.007] [bmv2] [D] [thread 6406] [133.0] [cxt 0] Deparser 'deparser': start
[22:32:09.007] [bmv2] [D] [thread 6406] [133.0] [cxt 0] Updating checksum 'cksum'
[22:32:09.007] [bmv2] [D] [thread 6406] [133.0] [cxt 0] Deparsing header 'ethernet'
[22:32:09.007] [bmv2] [D] [thread 6406] [133.0] [cxt 0] Deparsing header 'vlan'
[22:32:09.007] [bmv2] [D] [thread 6406] [133.0] [cxt 0] Deparsing header 'ipv4'
[22:32:09.007] [bmv2] [D] [thread 6406] [133.0] [cxt 0] Deparser 'deparser': end
[22:32:09.007] [bmv2] [D] [thread 6407] [133.0] [cxt 0] Transmitting packet of size 558 out of port 3
[22:32:09.041] [bmv2] [D] [thread 6402] [134.0] [cxt 0] Processing packet received on port 1
[22:32:09.041] [bmv2] [D] [thread 6402] [134.0] [cxt 0] Parser 'parser': start
[22:32:09.041] [bmv2] [D] [thread 6402] [134.0] [cxt 0] Parser 'parser' entering state 'start'
[22:32:09.041] [bmv2] [D] [thread 6402] [134.0] [cxt 0] Extracting header 'ethernet'
[22:32:09.041] [bmv2] [D] [thread 6402] [134.0] [cxt 0] Parser state 'start': key is 8100
[22:32:09.041] [bmv2] [T] [thread 6402] [134.0] [cxt 0] Bytes parsed: 14
[22:32:09.041] [bmv2] [D] [thread 6402] [134.0] [cxt 0] Parser 'parser' entering state 'parse_vlan'
[22:32:09.041] [bmv2] [D] [thread 6402] [134.0] [cxt 0] Extracting header 'vlan'
[22:32:09.041] [bmv2] [D] [thread 6402] [134.0] [cxt 0] Parser state 'parse_vlan': key is 0800
[22:32:09.041] [bmv2] [T] [thread 6402] [134.0] [cxt 0] Bytes parsed: 18
[22:32:09.041] [bmv2] [D] [thread 6402] [134.0] [cxt 0] Parser 'parser' entering state 'parse_ipv4'
[22:32:09.041] [bmv2] [D] [thread 6402] [134.0] [cxt 0] Extracting header 'ipv4'
[22:32:09.041] [bmv2] [D] [thread 6402] [134.0] [cxt 0] Parser set: setting field 'scalars.tmp' from expression, new value is 1
[22:32:09.041] [bmv2] [D] [thread 6402] [134.0] [cxt 0] Parser state 'parse_ipv4': key is 05
[22:32:09.041] [bmv2] [T] [thread 6402] [134.0] [cxt 0] Bytes parsed: 38
[22:32:09.041] [bmv2] [D] [thread 6402] [134.0] [cxt 0] Parser 'parser': end
[22:32:09.041] [bmv2] [D] [thread 6402] [134.0] [cxt 0] Pipeline 'ingress': start
[22:32:09.041] [bmv2] [T] [thread 6402] [134.0] [cxt 0] qos.p4(197) Condition "hdr.ipv4.isValid()" (node_2) is true
[22:32:09.041] [bmv2] [T] [thread 6402] [134.0] [cxt 0] qos.p4(198) Condition "hdr.ipv4_option.isValid()" (node_3) is false
[22:32:09.042] [bmv2] [T] [thread 6402] [134.0] [cxt 0] Applying table 'MyIngress.ipv4_lpm'
[22:32:09.042] [bmv2] [D] [thread 6402] [134.0] [cxt 0] Looking up key:
* hdr.ipv4.dstAddr    : 0a000202

[22:32:09.042] [bmv2] [D] [thread 6402] [134.0] [cxt 0] Table 'MyIngress.ipv4_lpm': hit with handle 2
[22:32:09.042] [bmv2] [D] [thread 6402] [134.0] [cxt 0] Dumping entry 2
Match key:
* hdr.ipv4.dstAddr    : LPM       0a000200/24
Action entry: MyIngress.ipv4_forward - 80000000200,3,

[22:32:09.042] [bmv2] [D] [thread 6402] [134.0] [cxt 0] Action entry is MyIngress.ipv4_forward - 80000000200,3,
[22:32:09.042] [bmv2] [T] [thread 6402] [134.0] [cxt 0] Action MyIngress.ipv4_forward
[22:32:09.042] [bmv2] [T] [thread 6402] [134.0] [cxt 0] qos.p4(175) Primitive standard_metadata.egress_spec = port
[22:32:09.042] [bmv2] [T] [thread 6402] [134.0] [cxt 0] qos.p4(176) Primitive hdr.ethernet.srcAddr = hdr.ethernet.dstAddr
[22:32:09.042] [bmv2] [T] [thread 6402] [134.0] [cxt 0] qos.p4(177) Primitive hdr.ethernet.dstAddr = dstAddr
[22:32:09.042] [bmv2] [T] [thread 6402] [134.0] [cxt 0] qos.p4(178) Primitive hdr.ipv4.ttl = hdr.ipv4.ttl - 1
[22:32:09.042] [bmv2] [D] [thread 6402] [134.0] [cxt 0] Pipeline 'ingress': end
[22:32:09.042] [bmv2] [D] [thread 6402] [134.0] [cxt 0] Egress port is 3
[22:32:09.042] [bmv2] [D] [thread 6406] [134.0] [cxt 0] Pipeline 'egress': start
[22:32:09.042] [bmv2] [D] [thread 6406] [134.0] [cxt 0] Pipeline 'egress': end
[22:32:09.042] [bmv2] [D] [thread 6406] [134.0] [cxt 0] Deparser 'deparser': start
[22:32:09.042] [bmv2] [D] [thread 6406] [134.0] [cxt 0] Updating checksum 'cksum'
[22:32:09.042] [bmv2] [D] [thread 6406] [134.0] [cxt 0] Deparsing header 'ethernet'
[22:32:09.042] [bmv2] [D] [thread 6406] [134.0] [cxt 0] Deparsing header 'vlan'
[22:32:09.042] [bmv2] [D] [thread 6406] [134.0] [cxt 0] Deparsing header 'ipv4'
[22:32:09.042] [bmv2] [D] [thread 6406] [134.0] [cxt 0] Deparser 'deparser': end
[22:32:09.042] [bmv2] [D] [thread 6407] [134.0] [cxt 0] Transmitting packet of size 558 out of port 3
[22:32:09.164] [bmv2] [D] [thread 6402] [135.0] [cxt 0] Processing packet received on port 1
[22:32:09.164] [bmv2] [D] [thread 6402] [135.0] [cxt 0] Parser 'parser': start
[22:32:09.164] [bmv2] [D] [thread 6402] [135.0] [cxt 0] Parser 'parser' entering state 'start'
[22:32:09.164] [bmv2] [D] [thread 6402] [135.0] [cxt 0] Extracting header 'ethernet'
[22:32:09.164] [bmv2] [D] [thread 6402] [135.0] [cxt 0] Parser state 'start': key is 8100
[22:32:09.164] [bmv2] [T] [thread 6402] [135.0] [cxt 0] Bytes parsed: 14
[22:32:09.164] [bmv2] [D] [thread 6402] [135.0] [cxt 0] Parser 'parser' entering state 'parse_vlan'
[22:32:09.164] [bmv2] [D] [thread 6402] [135.0] [cxt 0] Extracting header 'vlan'
[22:32:09.164] [bmv2] [D] [thread 6402] [135.0] [cxt 0] Parser state 'parse_vlan': key is 0800
[22:32:09.164] [bmv2] [T] [thread 6402] [135.0] [cxt 0] Bytes parsed: 18
[22:32:09.164] [bmv2] [D] [thread 6402] [135.0] [cxt 0] Parser 'parser' entering state 'parse_ipv4'
[22:32:09.164] [bmv2] [D] [thread 6402] [135.0] [cxt 0] Extracting header 'ipv4'
[22:32:09.164] [bmv2] [D] [thread 6402] [135.0] [cxt 0] Parser set: setting field 'scalars.tmp' from expression, new value is 1
[22:32:09.164] [bmv2] [D] [thread 6402] [135.0] [cxt 0] Parser state 'parse_ipv4': key is 05
[22:32:09.164] [bmv2] [T] [thread 6402] [135.0] [cxt 0] Bytes parsed: 38
[22:32:09.164] [bmv2] [D] [thread 6402] [135.0] [cxt 0] Parser 'parser': end
[22:32:09.164] [bmv2] [D] [thread 6402] [135.0] [cxt 0] Pipeline 'ingress': start
[22:32:09.165] [bmv2] [T] [thread 6402] [135.0] [cxt 0] qos.p4(197) Condition "hdr.ipv4.isValid()" (node_2) is true
[22:32:09.165] [bmv2] [T] [thread 6402] [135.0] [cxt 0] qos.p4(198) Condition "hdr.ipv4_option.isValid()" (node_3) is false
[22:32:09.165] [bmv2] [T] [thread 6402] [135.0] [cxt 0] Applying table 'MyIngress.ipv4_lpm'
[22:32:09.165] [bmv2] [D] [thread 6402] [135.0] [cxt 0] Looking up key:
* hdr.ipv4.dstAddr    : 0a000202

[22:32:09.165] [bmv2] [D] [thread 6402] [135.0] [cxt 0] Table 'MyIngress.ipv4_lpm': hit with handle 2
[22:32:09.165] [bmv2] [D] [thread 6402] [135.0] [cxt 0] Dumping entry 2
Match key:
* hdr.ipv4.dstAddr    : LPM       0a000200/24
Action entry: MyIngress.ipv4_forward - 80000000200,3,

[22:32:09.165] [bmv2] [D] [thread 6402] [135.0] [cxt 0] Action entry is MyIngress.ipv4_forward - 80000000200,3,
[22:32:09.165] [bmv2] [T] [thread 6402] [135.0] [cxt 0] Action MyIngress.ipv4_forward
[22:32:09.165] [bmv2] [T] [thread 6402] [135.0] [cxt 0] qos.p4(175) Primitive standard_metadata.egress_spec = port
[22:32:09.165] [bmv2] [T] [thread 6402] [135.0] [cxt 0] qos.p4(176) Primitive hdr.ethernet.srcAddr = hdr.ethernet.dstAddr
[22:32:09.165] [bmv2] [T] [thread 6402] [135.0] [cxt 0] qos.p4(177) Primitive hdr.ethernet.dstAddr = dstAddr
[22:32:09.165] [bmv2] [T] [thread 6402] [135.0] [cxt 0] qos.p4(178) Primitive hdr.ipv4.ttl = hdr.ipv4.ttl - 1
[22:32:09.165] [bmv2] [D] [thread 6402] [135.0] [cxt 0] Pipeline 'ingress': end
[22:32:09.165] [bmv2] [D] [thread 6402] [135.0] [cxt 0] Egress port is 3
[22:32:09.166] [bmv2] [D] [thread 6406] [135.0] [cxt 0] Pipeline 'egress': start
[22:32:09.166] [bmv2] [D] [thread 6406] [135.0] [cxt 0] Pipeline 'egress': end
[22:32:09.166] [bmv2] [D] [thread 6406] [135.0] [cxt 0] Deparser 'deparser': start
[22:32:09.166] [bmv2] [D] [thread 6406] [135.0] [cxt 0] Updating checksum 'cksum'
[22:32:09.166] [bmv2] [D] [thread 6406] [135.0] [cxt 0] Deparsing header 'ethernet'
[22:32:09.166] [bmv2] [D] [thread 6406] [135.0] [cxt 0] Deparsing header 'vlan'
[22:32:09.166] [bmv2] [D] [thread 6406] [135.0] [cxt 0] Deparsing header 'ipv4'
[22:32:09.166] [bmv2] [D] [thread 6406] [135.0] [cxt 0] Deparser 'deparser': end
[22:32:09.166] [bmv2] [D] [thread 6407] [135.0] [cxt 0] Transmitting packet of size 558 out of port 3
[22:32:09.292] [bmv2] [D] [thread 6402] [136.0] [cxt 0] Processing packet received on port 1
[22:32:09.292] [bmv2] [D] [thread 6402] [136.0] [cxt 0] Parser 'parser': start
[22:32:09.292] [bmv2] [D] [thread 6402] [136.0] [cxt 0] Parser 'parser' entering state 'start'
[22:32:09.292] [bmv2] [D] [thread 6402] [136.0] [cxt 0] Extracting header 'ethernet'
[22:32:09.292] [bmv2] [D] [thread 6402] [136.0] [cxt 0] Parser state 'start': key is 8100
[22:32:09.292] [bmv2] [T] [thread 6402] [136.0] [cxt 0] Bytes parsed: 14
[22:32:09.292] [bmv2] [D] [thread 6402] [136.0] [cxt 0] Parser 'parser' entering state 'parse_vlan'
[22:32:09.293] [bmv2] [D] [thread 6402] [136.0] [cxt 0] Extracting header 'vlan'
[22:32:09.293] [bmv2] [D] [thread 6402] [136.0] [cxt 0] Parser state 'parse_vlan': key is 0800
[22:32:09.293] [bmv2] [T] [thread 6402] [136.0] [cxt 0] Bytes parsed: 18
[22:32:09.293] [bmv2] [D] [thread 6402] [136.0] [cxt 0] Parser 'parser' entering state 'parse_ipv4'
[22:32:09.293] [bmv2] [D] [thread 6402] [136.0] [cxt 0] Extracting header 'ipv4'
[22:32:09.293] [bmv2] [D] [thread 6402] [136.0] [cxt 0] Parser set: setting field 'scalars.tmp' from expression, new value is 1
[22:32:09.293] [bmv2] [D] [thread 6402] [136.0] [cxt 0] Parser state 'parse_ipv4': key is 05
[22:32:09.293] [bmv2] [T] [thread 6402] [136.0] [cxt 0] Bytes parsed: 38
[22:32:09.293] [bmv2] [D] [thread 6402] [136.0] [cxt 0] Parser 'parser': end
[22:32:09.293] [bmv2] [D] [thread 6402] [136.0] [cxt 0] Pipeline 'ingress': start
[22:32:09.293] [bmv2] [T] [thread 6402] [136.0] [cxt 0] qos.p4(197) Condition "hdr.ipv4.isValid()" (node_2) is true
[22:32:09.293] [bmv2] [T] [thread 6402] [136.0] [cxt 0] qos.p4(198) Condition "hdr.ipv4_option.isValid()" (node_3) is false
[22:32:09.293] [bmv2] [T] [thread 6402] [136.0] [cxt 0] Applying table 'MyIngress.ipv4_lpm'
[22:32:09.293] [bmv2] [D] [thread 6402] [136.0] [cxt 0] Looking up key:
* hdr.ipv4.dstAddr    : 0a000202

[22:32:09.293] [bmv2] [D] [thread 6402] [136.0] [cxt 0] Table 'MyIngress.ipv4_lpm': hit with handle 2
[22:32:09.293] [bmv2] [D] [thread 6402] [136.0] [cxt 0] Dumping entry 2
Match key:
* hdr.ipv4.dstAddr    : LPM       0a000200/24
Action entry: MyIngress.ipv4_forward - 80000000200,3,

[22:32:09.293] [bmv2] [D] [thread 6402] [136.0] [cxt 0] Action entry is MyIngress.ipv4_forward - 80000000200,3,
[22:32:09.293] [bmv2] [T] [thread 6402] [136.0] [cxt 0] Action MyIngress.ipv4_forward
[22:32:09.293] [bmv2] [T] [thread 6402] [136.0] [cxt 0] qos.p4(175) Primitive standard_metadata.egress_spec = port
[22:32:09.293] [bmv2] [T] [thread 6402] [136.0] [cxt 0] qos.p4(176) Primitive hdr.ethernet.srcAddr = hdr.ethernet.dstAddr
[22:32:09.293] [bmv2] [T] [thread 6402] [136.0] [cxt 0] qos.p4(177) Primitive hdr.ethernet.dstAddr = dstAddr
[22:32:09.293] [bmv2] [T] [thread 6402] [136.0] [cxt 0] qos.p4(178) Primitive hdr.ipv4.ttl = hdr.ipv4.ttl - 1
[22:32:09.294] [bmv2] [D] [thread 6402] [136.0] [cxt 0] Pipeline 'ingress': end
[22:32:09.294] [bmv2] [D] [thread 6402] [136.0] [cxt 0] Egress port is 3
[22:32:09.294] [bmv2] [D] [thread 6406] [136.0] [cxt 0] Pipeline 'egress': start
[22:32:09.294] [bmv2] [D] [thread 6406] [136.0] [cxt 0] Pipeline 'egress': end
[22:32:09.294] [bmv2] [D] [thread 6406] [136.0] [cxt 0] Deparser 'deparser': start
[22:32:09.294] [bmv2] [D] [thread 6406] [136.0] [cxt 0] Updating checksum 'cksum'
[22:32:09.294] [bmv2] [D] [thread 6406] [136.0] [cxt 0] Deparsing header 'ethernet'
[22:32:09.294] [bmv2] [D] [thread 6406] [136.0] [cxt 0] Deparsing header 'vlan'
[22:32:09.294] [bmv2] [D] [thread 6406] [136.0] [cxt 0] Deparsing header 'ipv4'
[22:32:09.294] [bmv2] [D] [thread 6406] [136.0] [cxt 0] Deparser 'deparser': end
[22:32:09.294] [bmv2] [D] [thread 6407] [136.0] [cxt 0] Transmitting packet of size 558 out of port 3
[22:32:09.420] [bmv2] [D] [thread 6402] [137.0] [cxt 0] Processing packet received on port 1
[22:32:09.420] [bmv2] [D] [thread 6402] [137.0] [cxt 0] Parser 'parser': start
[22:32:09.420] [bmv2] [D] [thread 6402] [137.0] [cxt 0] Parser 'parser' entering state 'start'
[22:32:09.420] [bmv2] [D] [thread 6402] [137.0] [cxt 0] Extracting header 'ethernet'
[22:32:09.420] [bmv2] [D] [thread 6402] [137.0] [cxt 0] Parser state 'start': key is 8100
[22:32:09.420] [bmv2] [T] [thread 6402] [137.0] [cxt 0] Bytes parsed: 14
[22:32:09.420] [bmv2] [D] [thread 6402] [137.0] [cxt 0] Parser 'parser' entering state 'parse_vlan'
[22:32:09.420] [bmv2] [D] [thread 6402] [137.0] [cxt 0] Extracting header 'vlan'
[22:32:09.420] [bmv2] [D] [thread 6402] [137.0] [cxt 0] Parser state 'parse_vlan': key is 0800
[22:32:09.420] [bmv2] [T] [thread 6402] [137.0] [cxt 0] Bytes parsed: 18
[22:32:09.420] [bmv2] [D] [thread 6402] [137.0] [cxt 0] Parser 'parser' entering state 'parse_ipv4'
[22:32:09.420] [bmv2] [D] [thread 6402] [137.0] [cxt 0] Extracting header 'ipv4'
[22:32:09.421] [bmv2] [D] [thread 6402] [137.0] [cxt 0] Parser set: setting field 'scalars.tmp' from expression, new value is 1
[22:32:09.421] [bmv2] [D] [thread 6402] [137.0] [cxt 0] Parser state 'parse_ipv4': key is 05
[22:32:09.421] [bmv2] [T] [thread 6402] [137.0] [cxt 0] Bytes parsed: 38
[22:32:09.421] [bmv2] [D] [thread 6402] [137.0] [cxt 0] Parser 'parser': end
[22:32:09.421] [bmv2] [D] [thread 6402] [137.0] [cxt 0] Pipeline 'ingress': start
[22:32:09.421] [bmv2] [T] [thread 6402] [137.0] [cxt 0] qos.p4(197) Condition "hdr.ipv4.isValid()" (node_2) is true
[22:32:09.421] [bmv2] [T] [thread 6402] [137.0] [cxt 0] qos.p4(198) Condition "hdr.ipv4_option.isValid()" (node_3) is false
[22:32:09.421] [bmv2] [T] [thread 6402] [137.0] [cxt 0] Applying table 'MyIngress.ipv4_lpm'
[22:32:09.421] [bmv2] [D] [thread 6402] [137.0] [cxt 0] Looking up key:
* hdr.ipv4.dstAddr    : 0a000202

[22:32:09.421] [bmv2] [D] [thread 6402] [137.0] [cxt 0] Table 'MyIngress.ipv4_lpm': hit with handle 2
[22:32:09.421] [bmv2] [D] [thread 6402] [137.0] [cxt 0] Dumping entry 2
Match key:
* hdr.ipv4.dstAddr    : LPM       0a000200/24
Action entry: MyIngress.ipv4_forward - 80000000200,3,

[22:32:09.421] [bmv2] [D] [thread 6402] [137.0] [cxt 0] Action entry is MyIngress.ipv4_forward - 80000000200,3,
[22:32:09.421] [bmv2] [T] [thread 6402] [137.0] [cxt 0] Action MyIngress.ipv4_forward
[22:32:09.421] [bmv2] [T] [thread 6402] [137.0] [cxt 0] qos.p4(175) Primitive standard_metadata.egress_spec = port
[22:32:09.421] [bmv2] [T] [thread 6402] [137.0] [cxt 0] qos.p4(176) Primitive hdr.ethernet.srcAddr = hdr.ethernet.dstAddr
[22:32:09.421] [bmv2] [T] [thread 6402] [137.0] [cxt 0] qos.p4(177) Primitive hdr.ethernet.dstAddr = dstAddr
[22:32:09.421] [bmv2] [T] [thread 6402] [137.0] [cxt 0] qos.p4(178) Primitive hdr.ipv4.ttl = hdr.ipv4.ttl - 1
[22:32:09.421] [bmv2] [D] [thread 6402] [137.0] [cxt 0] Pipeline 'ingress': end
[22:32:09.421] [bmv2] [D] [thread 6402] [137.0] [cxt 0] Egress port is 3
[22:32:09.422] [bmv2] [D] [thread 6406] [137.0] [cxt 0] Pipeline 'egress': start
[22:32:09.422] [bmv2] [D] [thread 6406] [137.0] [cxt 0] Pipeline 'egress': end
[22:32:09.422] [bmv2] [D] [thread 6406] [137.0] [cxt 0] Deparser 'deparser': start
[22:32:09.422] [bmv2] [D] [thread 6406] [137.0] [cxt 0] Updating checksum 'cksum'
[22:32:09.422] [bmv2] [D] [thread 6406] [137.0] [cxt 0] Deparsing header 'ethernet'
[22:32:09.422] [bmv2] [D] [thread 6406] [137.0] [cxt 0] Deparsing header 'vlan'
[22:32:09.422] [bmv2] [D] [thread 6406] [137.0] [cxt 0] Deparsing header 'ipv4'
[22:32:09.422] [bmv2] [D] [thread 6406] [137.0] [cxt 0] Deparser 'deparser': end
[22:32:09.422] [bmv2] [D] [thread 6407] [137.0] [cxt 0] Transmitting packet of size 558 out of port 3
[22:32:09.549] [bmv2] [D] [thread 6402] [138.0] [cxt 0] Processing packet received on port 1
[22:32:09.549] [bmv2] [D] [thread 6402] [138.0] [cxt 0] Parser 'parser': start
[22:32:09.549] [bmv2] [D] [thread 6402] [138.0] [cxt 0] Parser 'parser' entering state 'start'
[22:32:09.549] [bmv2] [D] [thread 6402] [138.0] [cxt 0] Extracting header 'ethernet'
[22:32:09.549] [bmv2] [D] [thread 6402] [138.0] [cxt 0] Parser state 'start': key is 8100
[22:32:09.549] [bmv2] [T] [thread 6402] [138.0] [cxt 0] Bytes parsed: 14
[22:32:09.550] [bmv2] [D] [thread 6402] [138.0] [cxt 0] Parser 'parser' entering state 'parse_vlan'
[22:32:09.550] [bmv2] [D] [thread 6402] [138.0] [cxt 0] Extracting header 'vlan'
[22:32:09.550] [bmv2] [D] [thread 6402] [138.0] [cxt 0] Parser state 'parse_vlan': key is 0800
[22:32:09.550] [bmv2] [T] [thread 6402] [138.0] [cxt 0] Bytes parsed: 18
[22:32:09.550] [bmv2] [D] [thread 6402] [138.0] [cxt 0] Parser 'parser' entering state 'parse_ipv4'
[22:32:09.550] [bmv2] [D] [thread 6402] [138.0] [cxt 0] Extracting header 'ipv4'
[22:32:09.550] [bmv2] [D] [thread 6402] [138.0] [cxt 0] Parser set: setting field 'scalars.tmp' from expression, new value is 1
[22:32:09.550] [bmv2] [D] [thread 6402] [138.0] [cxt 0] Parser state 'parse_ipv4': key is 05
[22:32:09.550] [bmv2] [T] [thread 6402] [138.0] [cxt 0] Bytes parsed: 38
[22:32:09.550] [bmv2] [D] [thread 6402] [138.0] [cxt 0] Parser 'parser': end
[22:32:09.550] [bmv2] [D] [thread 6402] [138.0] [cxt 0] Pipeline 'ingress': start
[22:32:09.550] [bmv2] [T] [thread 6402] [138.0] [cxt 0] qos.p4(197) Condition "hdr.ipv4.isValid()" (node_2) is true
[22:32:09.550] [bmv2] [T] [thread 6402] [138.0] [cxt 0] qos.p4(198) Condition "hdr.ipv4_option.isValid()" (node_3) is false
[22:32:09.550] [bmv2] [T] [thread 6402] [138.0] [cxt 0] Applying table 'MyIngress.ipv4_lpm'
[22:32:09.550] [bmv2] [D] [thread 6402] [138.0] [cxt 0] Looking up key:
* hdr.ipv4.dstAddr    : 0a000202

[22:32:09.550] [bmv2] [D] [thread 6402] [138.0] [cxt 0] Table 'MyIngress.ipv4_lpm': hit with handle 2
[22:32:09.550] [bmv2] [D] [thread 6402] [138.0] [cxt 0] Dumping entry 2
Match key:
* hdr.ipv4.dstAddr    : LPM       0a000200/24
Action entry: MyIngress.ipv4_forward - 80000000200,3,

[22:32:09.550] [bmv2] [D] [thread 6402] [138.0] [cxt 0] Action entry is MyIngress.ipv4_forward - 80000000200,3,
[22:32:09.550] [bmv2] [T] [thread 6402] [138.0] [cxt 0] Action MyIngress.ipv4_forward
[22:32:09.550] [bmv2] [T] [thread 6402] [138.0] [cxt 0] qos.p4(175) Primitive standard_metadata.egress_spec = port
[22:32:09.550] [bmv2] [T] [thread 6402] [138.0] [cxt 0] qos.p4(176) Primitive hdr.ethernet.srcAddr = hdr.ethernet.dstAddr
[22:32:09.550] [bmv2] [T] [thread 6402] [138.0] [cxt 0] qos.p4(177) Primitive hdr.ethernet.dstAddr = dstAddr
[22:32:09.550] [bmv2] [T] [thread 6402] [138.0] [cxt 0] qos.p4(178) Primitive hdr.ipv4.ttl = hdr.ipv4.ttl - 1
[22:32:09.551] [bmv2] [D] [thread 6402] [138.0] [cxt 0] Pipeline 'ingress': end
[22:32:09.551] [bmv2] [D] [thread 6402] [138.0] [cxt 0] Egress port is 3
[22:32:09.551] [bmv2] [D] [thread 6406] [138.0] [cxt 0] Pipeline 'egress': start
[22:32:09.551] [bmv2] [D] [thread 6406] [138.0] [cxt 0] Pipeline 'egress': end
[22:32:09.551] [bmv2] [D] [thread 6406] [138.0] [cxt 0] Deparser 'deparser': start
[22:32:09.551] [bmv2] [D] [thread 6406] [138.0] [cxt 0] Updating checksum 'cksum'
[22:32:09.551] [bmv2] [D] [thread 6406] [138.0] [cxt 0] Deparsing header 'ethernet'
[22:32:09.551] [bmv2] [D] [thread 6406] [138.0] [cxt 0] Deparsing header 'vlan'
[22:32:09.551] [bmv2] [D] [thread 6406] [138.0] [cxt 0] Deparsing header 'ipv4'
[22:32:09.551] [bmv2] [D] [thread 6406] [138.0] [cxt 0] Deparser 'deparser': end
[22:32:09.551] [bmv2] [D] [thread 6407] [138.0] [cxt 0] Transmitting packet of size 558 out of port 3
[22:32:09.676] [bmv2] [D] [thread 6402] [139.0] [cxt 0] Processing packet received on port 1
[22:32:09.676] [bmv2] [D] [thread 6402] [139.0] [cxt 0] Parser 'parser': start
[22:32:09.676] [bmv2] [D] [thread 6402] [139.0] [cxt 0] Parser 'parser' entering state 'start'
[22:32:09.676] [bmv2] [D] [thread 6402] [139.0] [cxt 0] Extracting header 'ethernet'
[22:32:09.676] [bmv2] [D] [thread 6402] [139.0] [cxt 0] Parser state 'start': key is 8100
[22:32:09.676] [bmv2] [T] [thread 6402] [139.0] [cxt 0] Bytes parsed: 14
[22:32:09.676] [bmv2] [D] [thread 6402] [139.0] [cxt 0] Parser 'parser' entering state 'parse_vlan'
[22:32:09.676] [bmv2] [D] [thread 6402] [139.0] [cxt 0] Extracting header 'vlan'
[22:32:09.676] [bmv2] [D] [thread 6402] [139.0] [cxt 0] Parser state 'parse_vlan': key is 0800
[22:32:09.677] [bmv2] [T] [thread 6402] [139.0] [cxt 0] Bytes parsed: 18
[22:32:09.677] [bmv2] [D] [thread 6402] [139.0] [cxt 0] Parser 'parser' entering state 'parse_ipv4'
[22:32:09.677] [bmv2] [D] [thread 6402] [139.0] [cxt 0] Extracting header 'ipv4'
[22:32:09.677] [bmv2] [D] [thread 6402] [139.0] [cxt 0] Parser set: setting field 'scalars.tmp' from expression, new value is 1
[22:32:09.677] [bmv2] [D] [thread 6402] [139.0] [cxt 0] Parser state 'parse_ipv4': key is 05
[22:32:09.677] [bmv2] [T] [thread 6402] [139.0] [cxt 0] Bytes parsed: 38
[22:32:09.677] [bmv2] [D] [thread 6402] [139.0] [cxt 0] Parser 'parser': end
[22:32:09.677] [bmv2] [D] [thread 6402] [139.0] [cxt 0] Pipeline 'ingress': start
[22:32:09.677] [bmv2] [T] [thread 6402] [139.0] [cxt 0] qos.p4(197) Condition "hdr.ipv4.isValid()" (node_2) is true
[22:32:09.677] [bmv2] [T] [thread 6402] [139.0] [cxt 0] qos.p4(198) Condition "hdr.ipv4_option.isValid()" (node_3) is false
[22:32:09.677] [bmv2] [T] [thread 6402] [139.0] [cxt 0] Applying table 'MyIngress.ipv4_lpm'
[22:32:09.677] [bmv2] [D] [thread 6402] [139.0] [cxt 0] Looking up key:
* hdr.ipv4.dstAddr    : 0a000202

[22:32:09.677] [bmv2] [D] [thread 6402] [139.0] [cxt 0] Table 'MyIngress.ipv4_lpm': hit with handle 2
[22:32:09.677] [bmv2] [D] [thread 6402] [139.0] [cxt 0] Dumping entry 2
Match key:
* hdr.ipv4.dstAddr    : LPM       0a000200/24
Action entry: MyIngress.ipv4_forward - 80000000200,3,

[22:32:09.677] [bmv2] [D] [thread 6402] [139.0] [cxt 0] Action entry is MyIngress.ipv4_forward - 80000000200,3,
[22:32:09.677] [bmv2] [T] [thread 6402] [139.0] [cxt 0] Action MyIngress.ipv4_forward
[22:32:09.677] [bmv2] [T] [thread 6402] [139.0] [cxt 0] qos.p4(175) Primitive standard_metadata.egress_spec = port
[22:32:09.677] [bmv2] [T] [thread 6402] [139.0] [cxt 0] qos.p4(176) Primitive hdr.ethernet.srcAddr = hdr.ethernet.dstAddr
[22:32:09.677] [bmv2] [T] [thread 6402] [139.0] [cxt 0] qos.p4(177) Primitive hdr.ethernet.dstAddr = dstAddr
[22:32:09.677] [bmv2] [T] [thread 6402] [139.0] [cxt 0] qos.p4(178) Primitive hdr.ipv4.ttl = hdr.ipv4.ttl - 1
[22:32:09.677] [bmv2] [D] [thread 6402] [139.0] [cxt 0] Pipeline 'ingress': end
[22:32:09.678] [bmv2] [D] [thread 6402] [139.0] [cxt 0] Egress port is 3
[22:32:09.678] [bmv2] [D] [thread 6406] [139.0] [cxt 0] Pipeline 'egress': start
[22:32:09.678] [bmv2] [D] [thread 6406] [139.0] [cxt 0] Pipeline 'egress': end
[22:32:09.678] [bmv2] [D] [thread 6406] [139.0] [cxt 0] Deparser 'deparser': start
[22:32:09.678] [bmv2] [D] [thread 6406] [139.0] [cxt 0] Updating checksum 'cksum'
[22:32:09.678] [bmv2] [D] [thread 6406] [139.0] [cxt 0] Deparsing header 'ethernet'
[22:32:09.678] [bmv2] [D] [thread 6406] [139.0] [cxt 0] Deparsing header 'vlan'
[22:32:09.678] [bmv2] [D] [thread 6406] [139.0] [cxt 0] Deparsing header 'ipv4'
[22:32:09.678] [bmv2] [D] [thread 6406] [139.0] [cxt 0] Deparser 'deparser': end
[22:32:09.678] [bmv2] [D] [thread 6407] [139.0] [cxt 0] Transmitting packet of size 558 out of port 3
[22:32:09.704] [bmv2] [D] [thread 6402] [140.0] [cxt 0] Processing packet received on port 2
[22:32:09.704] [bmv2] [D] [thread 6402] [140.0] [cxt 0] Parser 'parser': start
[22:32:09.704] [bmv2] [D] [thread 6402] [140.0] [cxt 0] Parser 'parser' entering state 'start'
[22:32:09.704] [bmv2] [D] [thread 6402] [140.0] [cxt 0] Extracting header 'ethernet'
[22:32:09.704] [bmv2] [D] [thread 6402] [140.0] [cxt 0] Parser state 'start': key is 8100
[22:32:09.704] [bmv2] [T] [thread 6402] [140.0] [cxt 0] Bytes parsed: 14
[22:32:09.704] [bmv2] [D] [thread 6402] [140.0] [cxt 0] Parser 'parser' entering state 'parse_vlan'
[22:32:09.704] [bmv2] [D] [thread 6402] [140.0] [cxt 0] Extracting header 'vlan'
[22:32:09.704] [bmv2] [D] [thread 6402] [140.0] [cxt 0] Parser state 'parse_vlan': key is 0800
[22:32:09.704] [bmv2] [T] [thread 6402] [140.0] [cxt 0] Bytes parsed: 18
[22:32:09.704] [bmv2] [D] [thread 6402] [140.0] [cxt 0] Parser 'parser' entering state 'parse_ipv4'
[22:32:09.704] [bmv2] [D] [thread 6402] [140.0] [cxt 0] Extracting header 'ipv4'
[22:32:09.705] [bmv2] [D] [thread 6402] [140.0] [cxt 0] Parser set: setting field 'scalars.tmp' from expression, new value is 1
[22:32:09.705] [bmv2] [D] [thread 6402] [140.0] [cxt 0] Parser state 'parse_ipv4': key is 06
[22:32:09.705] [bmv2] [T] [thread 6402] [140.0] [cxt 0] Bytes parsed: 38
[22:32:09.705] [bmv2] [D] [thread 6402] [140.0] [cxt 0] Parser 'parser' entering state 'parse_ipv4_option'
[22:32:09.705] [bmv2] [D] [thread 6402] [140.0] [cxt 0] Extracting header 'ipv4_option'
[22:32:09.705] [bmv2] [D] [thread 6402] [140.0] [cxt 0] Parser state 'parse_ipv4_option': key is 1f
[22:32:09.705] [bmv2] [T] [thread 6402] [140.0] [cxt 0] Bytes parsed: 40
[22:32:09.705] [bmv2] [D] [thread 6402] [140.0] [cxt 0] Parser 'parser' entering state 'parse_link_qos'
[22:32:09.705] [bmv2] [D] [thread 6402] [140.0] [cxt 0] Extracting header 'link_qos'
[22:32:09.705] [bmv2] [D] [thread 6402] [140.0] [cxt 0] Parser state 'parse_link_qos' has no switch, going to default next state
[22:32:09.705] [bmv2] [T] [thread 6402] [140.0] [cxt 0] Bytes parsed: 42
[22:32:09.705] [bmv2] [D] [thread 6402] [140.0] [cxt 0] Parser 'parser': end
[22:32:09.705] [bmv2] [D] [thread 6402] [140.0] [cxt 0] Pipeline 'ingress': start
[22:32:09.705] [bmv2] [T] [thread 6402] [140.0] [cxt 0] qos.p4(197) Condition "hdr.ipv4.isValid()" (node_2) is true
[22:32:09.705] [bmv2] [T] [thread 6402] [140.0] [cxt 0] qos.p4(198) Condition "hdr.ipv4_option.isValid()" (node_3) is true
[22:32:09.705] [bmv2] [T] [thread 6402] [140.0] [cxt 0] qos.p4(199) Condition "hdr.link_qos.link_qos == TARGET_LINK_QOS" (node_4) is true
[22:32:09.705] [bmv2] [T] [thread 6402] [140.0] [cxt 0] Applying table 'tbl_qos200'
[22:32:09.705] [bmv2] [D] [thread 6402] [140.0] [cxt 0] Looking up key:

[22:32:09.705] [bmv2] [D] [thread 6402] [140.0] [cxt 0] Table 'tbl_qos200': miss
[22:32:09.705] [bmv2] [D] [thread 6402] [140.0] [cxt 0] Action entry is qos200 - 
[22:32:09.705] [bmv2] [T] [thread 6402] [140.0] [cxt 0] Action qos200
[22:32:09.705] [bmv2] [T] [thread 6402] [140.0] [cxt 0] qos.p4(200) Primitive hdr.ipv4.diffserv = (TARGET_DSCP << 2
[22:32:09.705] [bmv2] [T] [thread 6402] [140.0] [cxt 0] qos.p4(28) Primitive 7; ...
[22:32:09.705] [bmv2] [T] [thread 6402] [140.0] [cxt 0] Applying table 'MyIngress.ipv4_lpm'
[22:32:09.705] [bmv2] [D] [thread 6402] [140.0] [cxt 0] Looking up key:
* hdr.ipv4.dstAddr    : 0a000202

[22:32:09.705] [bmv2] [D] [thread 6402] [140.0] [cxt 0] Table 'MyIngress.ipv4_lpm': hit with handle 2
[22:32:09.705] [bmv2] [D] [thread 6402] [140.0] [cxt 0] Dumping entry 2
Match key:
* hdr.ipv4.dstAddr    : LPM       0a000200/24
Action entry: MyIngress.ipv4_forward - 80000000200,3,

[22:32:09.705] [bmv2] [D] [thread 6402] [140.0] [cxt 0] Action entry is MyIngress.ipv4_forward - 80000000200,3,
[22:32:09.705] [bmv2] [T] [thread 6402] [140.0] [cxt 0] Action MyIngress.ipv4_forward
[22:32:09.705] [bmv2] [T] [thread 6402] [140.0] [cxt 0] qos.p4(175) Primitive standard_metadata.egress_spec = port
[22:32:09.705] [bmv2] [T] [thread 6402] [140.0] [cxt 0] qos.p4(176) Primitive hdr.ethernet.srcAddr = hdr.ethernet.dstAddr
[22:32:09.706] [bmv2] [T] [thread 6402] [140.0] [cxt 0] qos.p4(177) Primitive hdr.ethernet.dstAddr = dstAddr
[22:32:09.706] [bmv2] [T] [thread 6402] [140.0] [cxt 0] qos.p4(178) Primitive hdr.ipv4.ttl = hdr.ipv4.ttl - 1
[22:32:09.706] [bmv2] [D] [thread 6402] [140.0] [cxt 0] Pipeline 'ingress': end
[22:32:09.706] [bmv2] [D] [thread 6402] [140.0] [cxt 0] Egress port is 3
[22:32:09.706] [bmv2] [D] [thread 6406] [140.0] [cxt 0] Pipeline 'egress': start
[22:32:09.706] [bmv2] [D] [thread 6406] [140.0] [cxt 0] Pipeline 'egress': end
[22:32:09.706] [bmv2] [D] [thread 6406] [140.0] [cxt 0] Deparser 'deparser': start
[22:32:09.706] [bmv2] [D] [thread 6406] [140.0] [cxt 0] Updating checksum 'cksum'
[22:32:09.706] [bmv2] [D] [thread 6406] [140.0] [cxt 0] Deparsing header 'ethernet'
[22:32:09.706] [bmv2] [D] [thread 6406] [140.0] [cxt 0] Deparsing header 'vlan'
[22:32:09.706] [bmv2] [D] [thread 6406] [140.0] [cxt 0] Deparsing header 'ipv4'
[22:32:09.706] [bmv2] [D] [thread 6406] [140.0] [cxt 0] Deparsing header 'ipv4_option'
[22:32:09.706] [bmv2] [D] [thread 6406] [140.0] [cxt 0] Deparsing header 'link_qos'
[22:32:09.706] [bmv2] [D] [thread 6406] [140.0] [cxt 0] Deparser 'deparser': end
[22:32:09.706] [bmv2] [D] [thread 6407] [140.0] [cxt 0] Transmitting packet of size 562 out of port 3
[22:32:09.805] [bmv2] [D] [thread 6402] [141.0] [cxt 0] Processing packet received on port 1
[22:32:09.805] [bmv2] [D] [thread 6402] [141.0] [cxt 0] Parser 'parser': start
[22:32:09.805] [bmv2] [D] [thread 6402] [141.0] [cxt 0] Parser 'parser' entering state 'start'
[22:32:09.805] [bmv2] [D] [thread 6402] [141.0] [cxt 0] Extracting header 'ethernet'
[22:32:09.805] [bmv2] [D] [thread 6402] [141.0] [cxt 0] Parser state 'start': key is 8100
[22:32:09.805] [bmv2] [T] [thread 6402] [141.0] [cxt 0] Bytes parsed: 14
[22:32:09.805] [bmv2] [D] [thread 6402] [141.0] [cxt 0] Parser 'parser' entering state 'parse_vlan'
[22:32:09.805] [bmv2] [D] [thread 6402] [141.0] [cxt 0] Extracting header 'vlan'
[22:32:09.805] [bmv2] [D] [thread 6402] [141.0] [cxt 0] Parser state 'parse_vlan': key is 0800
[22:32:09.805] [bmv2] [T] [thread 6402] [141.0] [cxt 0] Bytes parsed: 18
[22:32:09.805] [bmv2] [D] [thread 6402] [141.0] [cxt 0] Parser 'parser' entering state 'parse_ipv4'
[22:32:09.805] [bmv2] [D] [thread 6402] [141.0] [cxt 0] Extracting header 'ipv4'
[22:32:09.806] [bmv2] [D] [thread 6402] [141.0] [cxt 0] Parser set: setting field 'scalars.tmp' from expression, new value is 1
[22:32:09.806] [bmv2] [D] [thread 6402] [141.0] [cxt 0] Parser state 'parse_ipv4': key is 05
[22:32:09.806] [bmv2] [T] [thread 6402] [141.0] [cxt 0] Bytes parsed: 38
[22:32:09.806] [bmv2] [D] [thread 6402] [141.0] [cxt 0] Parser 'parser': end
[22:32:09.806] [bmv2] [D] [thread 6402] [141.0] [cxt 0] Pipeline 'ingress': start
[22:32:09.806] [bmv2] [T] [thread 6402] [141.0] [cxt 0] qos.p4(197) Condition "hdr.ipv4.isValid()" (node_2) is true
[22:32:09.806] [bmv2] [T] [thread 6402] [141.0] [cxt 0] qos.p4(198) Condition "hdr.ipv4_option.isValid()" (node_3) is false
[22:32:09.806] [bmv2] [T] [thread 6402] [141.0] [cxt 0] Applying table 'MyIngress.ipv4_lpm'
[22:32:09.806] [bmv2] [D] [thread 6402] [141.0] [cxt 0] Looking up key:
* hdr.ipv4.dstAddr    : 0a000202

[22:32:09.806] [bmv2] [D] [thread 6402] [141.0] [cxt 0] Table 'MyIngress.ipv4_lpm': hit with handle 2
[22:32:09.806] [bmv2] [D] [thread 6402] [141.0] [cxt 0] Dumping entry 2
Match key:
* hdr.ipv4.dstAddr    : LPM       0a000200/24
Action entry: MyIngress.ipv4_forward - 80000000200,3,

[22:32:09.806] [bmv2] [D] [thread 6402] [141.0] [cxt 0] Action entry is MyIngress.ipv4_forward - 80000000200,3,
[22:32:09.806] [bmv2] [T] [thread 6402] [141.0] [cxt 0] Action MyIngress.ipv4_forward
[22:32:09.806] [bmv2] [T] [thread 6402] [141.0] [cxt 0] qos.p4(175) Primitive standard_metadata.egress_spec = port
[22:32:09.806] [bmv2] [T] [thread 6402] [141.0] [cxt 0] qos.p4(176) Primitive hdr.ethernet.srcAddr = hdr.ethernet.dstAddr
[22:32:09.806] [bmv2] [T] [thread 6402] [141.0] [cxt 0] qos.p4(177) Primitive hdr.ethernet.dstAddr = dstAddr
[22:32:09.806] [bmv2] [T] [thread 6402] [141.0] [cxt 0] qos.p4(178) Primitive hdr.ipv4.ttl = hdr.ipv4.ttl - 1
[22:32:09.806] [bmv2] [D] [thread 6402] [141.0] [cxt 0] Pipeline 'ingress': end
[22:32:09.806] [bmv2] [D] [thread 6402] [141.0] [cxt 0] Egress port is 3
[22:32:09.806] [bmv2] [D] [thread 6406] [141.0] [cxt 0] Pipeline 'egress': start
[22:32:09.806] [bmv2] [D] [thread 6406] [141.0] [cxt 0] Pipeline 'egress': end
[22:32:09.806] [bmv2] [D] [thread 6406] [141.0] [cxt 0] Deparser 'deparser': start
[22:32:09.807] [bmv2] [D] [thread 6406] [141.0] [cxt 0] Updating checksum 'cksum'
[22:32:09.807] [bmv2] [D] [thread 6406] [141.0] [cxt 0] Deparsing header 'ethernet'
[22:32:09.807] [bmv2] [D] [thread 6406] [141.0] [cxt 0] Deparsing header 'vlan'
[22:32:09.807] [bmv2] [D] [thread 6406] [141.0] [cxt 0] Deparsing header 'ipv4'
[22:32:09.807] [bmv2] [D] [thread 6406] [141.0] [cxt 0] Deparser 'deparser': end
[22:32:09.807] [bmv2] [D] [thread 6407] [141.0] [cxt 0] Transmitting packet of size 558 out of port 3
[22:32:09.931] [bmv2] [D] [thread 6402] [142.0] [cxt 0] Processing packet received on port 1
[22:32:09.931] [bmv2] [D] [thread 6402] [142.0] [cxt 0] Parser 'parser': start
[22:32:09.931] [bmv2] [D] [thread 6402] [142.0] [cxt 0] Parser 'parser' entering state 'start'
[22:32:09.931] [bmv2] [D] [thread 6402] [142.0] [cxt 0] Extracting header 'ethernet'
[22:32:09.931] [bmv2] [D] [thread 6402] [142.0] [cxt 0] Parser state 'start': key is 8100
[22:32:09.931] [bmv2] [T] [thread 6402] [142.0] [cxt 0] Bytes parsed: 14
[22:32:09.931] [bmv2] [D] [thread 6402] [142.0] [cxt 0] Parser 'parser' entering state 'parse_vlan'
[22:32:09.931] [bmv2] [D] [thread 6402] [142.0] [cxt 0] Extracting header 'vlan'
[22:32:09.931] [bmv2] [D] [thread 6402] [142.0] [cxt 0] Parser state 'parse_vlan': key is 0800
[22:32:09.931] [bmv2] [T] [thread 6402] [142.0] [cxt 0] Bytes parsed: 18
[22:32:09.931] [bmv2] [D] [thread 6402] [142.0] [cxt 0] Parser 'parser' entering state 'parse_ipv4'
[22:32:09.931] [bmv2] [D] [thread 6402] [142.0] [cxt 0] Extracting header 'ipv4'
[22:32:09.931] [bmv2] [D] [thread 6402] [142.0] [cxt 0] Parser set: setting field 'scalars.tmp' from expression, new value is 1
[22:32:09.931] [bmv2] [D] [thread 6402] [142.0] [cxt 0] Parser state 'parse_ipv4': key is 05
[22:32:09.931] [bmv2] [T] [thread 6402] [142.0] [cxt 0] Bytes parsed: 38
[22:32:09.931] [bmv2] [D] [thread 6402] [142.0] [cxt 0] Parser 'parser': end
[22:32:09.932] [bmv2] [D] [thread 6402] [142.0] [cxt 0] Pipeline 'ingress': start
[22:32:09.932] [bmv2] [T] [thread 6402] [142.0] [cxt 0] qos.p4(197) Condition "hdr.ipv4.isValid()" (node_2) is true
[22:32:09.932] [bmv2] [T] [thread 6402] [142.0] [cxt 0] qos.p4(198) Condition "hdr.ipv4_option.isValid()" (node_3) is false
[22:32:09.932] [bmv2] [T] [thread 6402] [142.0] [cxt 0] Applying table 'MyIngress.ipv4_lpm'
[22:32:09.932] [bmv2] [D] [thread 6402] [142.0] [cxt 0] Looking up key:
* hdr.ipv4.dstAddr    : 0a000202

[22:32:09.932] [bmv2] [D] [thread 6402] [142.0] [cxt 0] Table 'MyIngress.ipv4_lpm': hit with handle 2
[22:32:09.932] [bmv2] [D] [thread 6402] [142.0] [cxt 0] Dumping entry 2
Match key:
* hdr.ipv4.dstAddr    : LPM       0a000200/24
Action entry: MyIngress.ipv4_forward - 80000000200,3,

[22:32:09.932] [bmv2] [D] [thread 6402] [142.0] [cxt 0] Action entry is MyIngress.ipv4_forward - 80000000200,3,
[22:32:09.932] [bmv2] [T] [thread 6402] [142.0] [cxt 0] Action MyIngress.ipv4_forward
[22:32:09.932] [bmv2] [T] [thread 6402] [142.0] [cxt 0] qos.p4(175) Primitive standard_metadata.egress_spec = port
[22:32:09.932] [bmv2] [T] [thread 6402] [142.0] [cxt 0] qos.p4(176) Primitive hdr.ethernet.srcAddr = hdr.ethernet.dstAddr
[22:32:09.932] [bmv2] [T] [thread 6402] [142.0] [cxt 0] qos.p4(177) Primitive hdr.ethernet.dstAddr = dstAddr
[22:32:09.932] [bmv2] [T] [thread 6402] [142.0] [cxt 0] qos.p4(178) Primitive hdr.ipv4.ttl = hdr.ipv4.ttl - 1
[22:32:09.932] [bmv2] [D] [thread 6402] [142.0] [cxt 0] Pipeline 'ingress': end
[22:32:09.932] [bmv2] [D] [thread 6402] [142.0] [cxt 0] Egress port is 3
[22:32:09.932] [bmv2] [D] [thread 6406] [142.0] [cxt 0] Pipeline 'egress': start
[22:32:09.933] [bmv2] [D] [thread 6406] [142.0] [cxt 0] Pipeline 'egress': end
[22:32:09.933] [bmv2] [D] [thread 6406] [142.0] [cxt 0] Deparser 'deparser': start
[22:32:09.933] [bmv2] [D] [thread 6406] [142.0] [cxt 0] Updating checksum 'cksum'
[22:32:09.933] [bmv2] [D] [thread 6406] [142.0] [cxt 0] Deparsing header 'ethernet'
[22:32:09.933] [bmv2] [D] [thread 6406] [142.0] [cxt 0] Deparsing header 'vlan'
[22:32:09.933] [bmv2] [D] [thread 6406] [142.0] [cxt 0] Deparsing header 'ipv4'
[22:32:09.933] [bmv2] [D] [thread 6406] [142.0] [cxt 0] Deparser 'deparser': end
[22:32:09.933] [bmv2] [D] [thread 6407] [142.0] [cxt 0] Transmitting packet of size 558 out of port 3
[22:32:10.026] [bmv2] [D] [thread 6402] [143.0] [cxt 0] Processing packet received on port 2
[22:32:10.026] [bmv2] [D] [thread 6402] [143.0] [cxt 0] Parser 'parser': start
[22:32:10.026] [bmv2] [D] [thread 6402] [143.0] [cxt 0] Parser 'parser' entering state 'start'
[22:32:10.026] [bmv2] [D] [thread 6402] [143.0] [cxt 0] Extracting header 'ethernet'
[22:32:10.026] [bmv2] [D] [thread 6402] [143.0] [cxt 0] Parser state 'start': key is 8100
[22:32:10.026] [bmv2] [T] [thread 6402] [143.0] [cxt 0] Bytes parsed: 14
[22:32:10.026] [bmv2] [D] [thread 6402] [143.0] [cxt 0] Parser 'parser' entering state 'parse_vlan'
[22:32:10.026] [bmv2] [D] [thread 6402] [143.0] [cxt 0] Extracting header 'vlan'
[22:32:10.026] [bmv2] [D] [thread 6402] [143.0] [cxt 0] Parser state 'parse_vlan': key is 0800
[22:32:10.026] [bmv2] [T] [thread 6402] [143.0] [cxt 0] Bytes parsed: 18
[22:32:10.026] [bmv2] [D] [thread 6402] [143.0] [cxt 0] Parser 'parser' entering state 'parse_ipv4'
[22:32:10.026] [bmv2] [D] [thread 6402] [143.0] [cxt 0] Extracting header 'ipv4'
[22:32:10.026] [bmv2] [D] [thread 6402] [143.0] [cxt 0] Parser set: setting field 'scalars.tmp' from expression, new value is 1
[22:32:10.026] [bmv2] [D] [thread 6402] [143.0] [cxt 0] Parser state 'parse_ipv4': key is 05
[22:32:10.026] [bmv2] [T] [thread 6402] [143.0] [cxt 0] Bytes parsed: 38
[22:32:10.026] [bmv2] [D] [thread 6402] [143.0] [cxt 0] Parser 'parser': end
[22:32:10.026] [bmv2] [D] [thread 6402] [143.0] [cxt 0] Pipeline 'ingress': start
[22:32:10.026] [bmv2] [T] [thread 6402] [143.0] [cxt 0] qos.p4(197) Condition "hdr.ipv4.isValid()" (node_2) is true
[22:32:10.026] [bmv2] [T] [thread 6402] [143.0] [cxt 0] qos.p4(198) Condition "hdr.ipv4_option.isValid()" (node_3) is false
[22:32:10.026] [bmv2] [T] [thread 6402] [143.0] [cxt 0] Applying table 'MyIngress.ipv4_lpm'
[22:32:10.026] [bmv2] [D] [thread 6402] [143.0] [cxt 0] Looking up key:
* hdr.ipv4.dstAddr    : 0a000202

[22:32:10.027] [bmv2] [D] [thread 6402] [143.0] [cxt 0] Table 'MyIngress.ipv4_lpm': hit with handle 2
[22:32:10.027] [bmv2] [D] [thread 6402] [143.0] [cxt 0] Dumping entry 2
Match key:
* hdr.ipv4.dstAddr    : LPM       0a000200/24
Action entry: MyIngress.ipv4_forward - 80000000200,3,

[22:32:10.027] [bmv2] [D] [thread 6402] [143.0] [cxt 0] Action entry is MyIngress.ipv4_forward - 80000000200,3,
[22:32:10.027] [bmv2] [T] [thread 6402] [143.0] [cxt 0] Action MyIngress.ipv4_forward
[22:32:10.027] [bmv2] [T] [thread 6402] [143.0] [cxt 0] qos.p4(175) Primitive standard_metadata.egress_spec = port
[22:32:10.027] [bmv2] [T] [thread 6402] [143.0] [cxt 0] qos.p4(176) Primitive hdr.ethernet.srcAddr = hdr.ethernet.dstAddr
[22:32:10.027] [bmv2] [T] [thread 6402] [143.0] [cxt 0] qos.p4(177) Primitive hdr.ethernet.dstAddr = dstAddr
[22:32:10.027] [bmv2] [T] [thread 6402] [143.0] [cxt 0] qos.p4(178) Primitive hdr.ipv4.ttl = hdr.ipv4.ttl - 1
[22:32:10.027] [bmv2] [D] [thread 6402] [143.0] [cxt 0] Pipeline 'ingress': end
[22:32:10.027] [bmv2] [D] [thread 6402] [143.0] [cxt 0] Egress port is 3
[22:32:10.027] [bmv2] [D] [thread 6406] [143.0] [cxt 0] Pipeline 'egress': start
[22:32:10.027] [bmv2] [D] [thread 6406] [143.0] [cxt 0] Pipeline 'egress': end
[22:32:10.027] [bmv2] [D] [thread 6406] [143.0] [cxt 0] Deparser 'deparser': start
[22:32:10.027] [bmv2] [D] [thread 6406] [143.0] [cxt 0] Updating checksum 'cksum'
[22:32:10.027] [bmv2] [D] [thread 6406] [143.0] [cxt 0] Deparsing header 'ethernet'
[22:32:10.027] [bmv2] [D] [thread 6406] [143.0] [cxt 0] Deparsing header 'vlan'
[22:32:10.027] [bmv2] [D] [thread 6406] [143.0] [cxt 0] Deparsing header 'ipv4'
[22:32:10.027] [bmv2] [D] [thread 6406] [143.0] [cxt 0] Deparser 'deparser': end
[22:32:10.027] [bmv2] [D] [thread 6407] [143.0] [cxt 0] Transmitting packet of size 558 out of port 3
[22:32:10.064] [bmv2] [D] [thread 6402] [144.0] [cxt 0] Processing packet received on port 1
[22:32:10.064] [bmv2] [D] [thread 6402] [144.0] [cxt 0] Parser 'parser': start
[22:32:10.064] [bmv2] [D] [thread 6402] [144.0] [cxt 0] Parser 'parser' entering state 'start'
[22:32:10.064] [bmv2] [D] [thread 6402] [144.0] [cxt 0] Extracting header 'ethernet'
[22:32:10.064] [bmv2] [D] [thread 6402] [144.0] [cxt 0] Parser state 'start': key is 8100
[22:32:10.064] [bmv2] [T] [thread 6402] [144.0] [cxt 0] Bytes parsed: 14
[22:32:10.064] [bmv2] [D] [thread 6402] [144.0] [cxt 0] Parser 'parser' entering state 'parse_vlan'
[22:32:10.064] [bmv2] [D] [thread 6402] [144.0] [cxt 0] Extracting header 'vlan'
[22:32:10.064] [bmv2] [D] [thread 6402] [144.0] [cxt 0] Parser state 'parse_vlan': key is 0800
[22:32:10.064] [bmv2] [T] [thread 6402] [144.0] [cxt 0] Bytes parsed: 18
[22:32:10.064] [bmv2] [D] [thread 6402] [144.0] [cxt 0] Parser 'parser' entering state 'parse_ipv4'
[22:32:10.064] [bmv2] [D] [thread 6402] [144.0] [cxt 0] Extracting header 'ipv4'
[22:32:10.064] [bmv2] [D] [thread 6402] [144.0] [cxt 0] Parser set: setting field 'scalars.tmp' from expression, new value is 1
[22:32:10.064] [bmv2] [D] [thread 6402] [144.0] [cxt 0] Parser state 'parse_ipv4': key is 05
[22:32:10.064] [bmv2] [T] [thread 6402] [144.0] [cxt 0] Bytes parsed: 38
[22:32:10.064] [bmv2] [D] [thread 6402] [144.0] [cxt 0] Parser 'parser': end
[22:32:10.064] [bmv2] [D] [thread 6402] [144.0] [cxt 0] Pipeline 'ingress': start
[22:32:10.064] [bmv2] [T] [thread 6402] [144.0] [cxt 0] qos.p4(197) Condition "hdr.ipv4.isValid()" (node_2) is true
[22:32:10.064] [bmv2] [T] [thread 6402] [144.0] [cxt 0] qos.p4(198) Condition "hdr.ipv4_option.isValid()" (node_3) is false
[22:32:10.064] [bmv2] [T] [thread 6402] [144.0] [cxt 0] Applying table 'MyIngress.ipv4_lpm'
[22:32:10.065] [bmv2] [D] [thread 6402] [144.0] [cxt 0] Looking up key:
* hdr.ipv4.dstAddr    : 0a000202

[22:32:10.065] [bmv2] [D] [thread 6402] [144.0] [cxt 0] Table 'MyIngress.ipv4_lpm': hit with handle 2
[22:32:10.065] [bmv2] [D] [thread 6402] [144.0] [cxt 0] Dumping entry 2
Match key:
* hdr.ipv4.dstAddr    : LPM       0a000200/24
Action entry: MyIngress.ipv4_forward - 80000000200,3,

[22:32:10.065] [bmv2] [D] [thread 6402] [144.0] [cxt 0] Action entry is MyIngress.ipv4_forward - 80000000200,3,
[22:32:10.065] [bmv2] [T] [thread 6402] [144.0] [cxt 0] Action MyIngress.ipv4_forward
[22:32:10.065] [bmv2] [T] [thread 6402] [144.0] [cxt 0] qos.p4(175) Primitive standard_metadata.egress_spec = port
[22:32:10.065] [bmv2] [T] [thread 6402] [144.0] [cxt 0] qos.p4(176) Primitive hdr.ethernet.srcAddr = hdr.ethernet.dstAddr
[22:32:10.065] [bmv2] [T] [thread 6402] [144.0] [cxt 0] qos.p4(177) Primitive hdr.ethernet.dstAddr = dstAddr
[22:32:10.065] [bmv2] [T] [thread 6402] [144.0] [cxt 0] qos.p4(178) Primitive hdr.ipv4.ttl = hdr.ipv4.ttl - 1
[22:32:10.065] [bmv2] [D] [thread 6402] [144.0] [cxt 0] Pipeline 'ingress': end
[22:32:10.065] [bmv2] [D] [thread 6402] [144.0] [cxt 0] Egress port is 3
[22:32:10.065] [bmv2] [D] [thread 6406] [144.0] [cxt 0] Pipeline 'egress': start
[22:32:10.065] [bmv2] [D] [thread 6406] [144.0] [cxt 0] Pipeline 'egress': end
[22:32:10.065] [bmv2] [D] [thread 6406] [144.0] [cxt 0] Deparser 'deparser': start
[22:32:10.065] [bmv2] [D] [thread 6406] [144.0] [cxt 0] Updating checksum 'cksum'
[22:32:10.065] [bmv2] [D] [thread 6406] [144.0] [cxt 0] Deparsing header 'ethernet'
[22:32:10.065] [bmv2] [D] [thread 6406] [144.0] [cxt 0] Deparsing header 'vlan'
[22:32:10.065] [bmv2] [D] [thread 6406] [144.0] [cxt 0] Deparsing header 'ipv4'
[22:32:10.065] [bmv2] [D] [thread 6406] [144.0] [cxt 0] Deparser 'deparser': end
[22:32:10.065] [bmv2] [D] [thread 6407] [144.0] [cxt 0] Transmitting packet of size 558 out of port 3
[22:32:10.185] [bmv2] [D] [thread 6402] [145.0] [cxt 0] Processing packet received on port 1
[22:32:10.185] [bmv2] [D] [thread 6402] [145.0] [cxt 0] Parser 'parser': start
[22:32:10.185] [bmv2] [D] [thread 6402] [145.0] [cxt 0] Parser 'parser' entering state 'start'
[22:32:10.185] [bmv2] [D] [thread 6402] [145.0] [cxt 0] Extracting header 'ethernet'
[22:32:10.185] [bmv2] [D] [thread 6402] [145.0] [cxt 0] Parser state 'start': key is 8100
[22:32:10.185] [bmv2] [T] [thread 6402] [145.0] [cxt 0] Bytes parsed: 14
[22:32:10.185] [bmv2] [D] [thread 6402] [145.0] [cxt 0] Parser 'parser' entering state 'parse_vlan'
[22:32:10.185] [bmv2] [D] [thread 6402] [145.0] [cxt 0] Extracting header 'vlan'
[22:32:10.186] [bmv2] [D] [thread 6402] [145.0] [cxt 0] Parser state 'parse_vlan': key is 0800
[22:32:10.186] [bmv2] [T] [thread 6402] [145.0] [cxt 0] Bytes parsed: 18
[22:32:10.186] [bmv2] [D] [thread 6402] [145.0] [cxt 0] Parser 'parser' entering state 'parse_ipv4'
[22:32:10.186] [bmv2] [D] [thread 6402] [145.0] [cxt 0] Extracting header 'ipv4'
[22:32:10.186] [bmv2] [D] [thread 6402] [145.0] [cxt 0] Parser set: setting field 'scalars.tmp' from expression, new value is 1
[22:32:10.186] [bmv2] [D] [thread 6402] [145.0] [cxt 0] Parser state 'parse_ipv4': key is 05
[22:32:10.186] [bmv2] [T] [thread 6402] [145.0] [cxt 0] Bytes parsed: 38
[22:32:10.186] [bmv2] [D] [thread 6402] [145.0] [cxt 0] Parser 'parser': end
[22:32:10.186] [bmv2] [D] [thread 6402] [145.0] [cxt 0] Pipeline 'ingress': start
[22:32:10.186] [bmv2] [T] [thread 6402] [145.0] [cxt 0] qos.p4(197) Condition "hdr.ipv4.isValid()" (node_2) is true
[22:32:10.186] [bmv2] [T] [thread 6402] [145.0] [cxt 0] qos.p4(198) Condition "hdr.ipv4_option.isValid()" (node_3) is false
[22:32:10.186] [bmv2] [T] [thread 6402] [145.0] [cxt 0] Applying table 'MyIngress.ipv4_lpm'
[22:32:10.186] [bmv2] [D] [thread 6402] [145.0] [cxt 0] Looking up key:
* hdr.ipv4.dstAddr    : 0a000202

[22:32:10.186] [bmv2] [D] [thread 6402] [145.0] [cxt 0] Table 'MyIngress.ipv4_lpm': hit with handle 2
[22:32:10.186] [bmv2] [D] [thread 6402] [145.0] [cxt 0] Dumping entry 2
Match key:
* hdr.ipv4.dstAddr    : LPM       0a000200/24
Action entry: MyIngress.ipv4_forward - 80000000200,3,

[22:32:10.186] [bmv2] [D] [thread 6402] [145.0] [cxt 0] Action entry is MyIngress.ipv4_forward - 80000000200,3,
[22:32:10.186] [bmv2] [T] [thread 6402] [145.0] [cxt 0] Action MyIngress.ipv4_forward
[22:32:10.186] [bmv2] [T] [thread 6402] [145.0] [cxt 0] qos.p4(175) Primitive standard_metadata.egress_spec = port
[22:32:10.186] [bmv2] [T] [thread 6402] [145.0] [cxt 0] qos.p4(176) Primitive hdr.ethernet.srcAddr = hdr.ethernet.dstAddr
[22:32:10.186] [bmv2] [T] [thread 6402] [145.0] [cxt 0] qos.p4(177) Primitive hdr.ethernet.dstAddr = dstAddr
[22:32:10.186] [bmv2] [T] [thread 6402] [145.0] [cxt 0] qos.p4(178) Primitive hdr.ipv4.ttl = hdr.ipv4.ttl - 1
[22:32:10.186] [bmv2] [D] [thread 6402] [145.0] [cxt 0] Pipeline 'ingress': end
[22:32:10.186] [bmv2] [D] [thread 6402] [145.0] [cxt 0] Egress port is 3
[22:32:10.187] [bmv2] [D] [thread 6406] [145.0] [cxt 0] Pipeline 'egress': start
[22:32:10.187] [bmv2] [D] [thread 6406] [145.0] [cxt 0] Pipeline 'egress': end
[22:32:10.187] [bmv2] [D] [thread 6406] [145.0] [cxt 0] Deparser 'deparser': start
[22:32:10.187] [bmv2] [D] [thread 6406] [145.0] [cxt 0] Updating checksum 'cksum'
[22:32:10.187] [bmv2] [D] [thread 6406] [145.0] [cxt 0] Deparsing header 'ethernet'
[22:32:10.187] [bmv2] [D] [thread 6406] [145.0] [cxt 0] Deparsing header 'vlan'
[22:32:10.187] [bmv2] [D] [thread 6406] [145.0] [cxt 0] Deparsing header 'ipv4'
[22:32:10.187] [bmv2] [D] [thread 6406] [145.0] [cxt 0] Deparser 'deparser': end
[22:32:10.187] [bmv2] [D] [thread 6407] [145.0] [cxt 0] Transmitting packet of size 558 out of port 3
[22:32:10.308] [bmv2] [D] [thread 6402] [146.0] [cxt 0] Processing packet received on port 1
[22:32:10.308] [bmv2] [D] [thread 6402] [146.0] [cxt 0] Parser 'parser': start
[22:32:10.308] [bmv2] [D] [thread 6402] [146.0] [cxt 0] Parser 'parser' entering state 'start'
[22:32:10.308] [bmv2] [D] [thread 6402] [146.0] [cxt 0] Extracting header 'ethernet'
[22:32:10.308] [bmv2] [D] [thread 6402] [146.0] [cxt 0] Parser state 'start': key is 8100
[22:32:10.308] [bmv2] [T] [thread 6402] [146.0] [cxt 0] Bytes parsed: 14
[22:32:10.308] [bmv2] [D] [thread 6402] [146.0] [cxt 0] Parser 'parser' entering state 'parse_vlan'
[22:32:10.308] [bmv2] [D] [thread 6402] [146.0] [cxt 0] Extracting header 'vlan'
[22:32:10.308] [bmv2] [D] [thread 6402] [146.0] [cxt 0] Parser state 'parse_vlan': key is 0800
[22:32:10.309] [bmv2] [T] [thread 6402] [146.0] [cxt 0] Bytes parsed: 18
[22:32:10.309] [bmv2] [D] [thread 6402] [146.0] [cxt 0] Parser 'parser' entering state 'parse_ipv4'
[22:32:10.309] [bmv2] [D] [thread 6402] [146.0] [cxt 0] Extracting header 'ipv4'
[22:32:10.309] [bmv2] [D] [thread 6402] [146.0] [cxt 0] Parser set: setting field 'scalars.tmp' from expression, new value is 1
[22:32:10.309] [bmv2] [D] [thread 6402] [146.0] [cxt 0] Parser state 'parse_ipv4': key is 05
[22:32:10.309] [bmv2] [T] [thread 6402] [146.0] [cxt 0] Bytes parsed: 38
[22:32:10.309] [bmv2] [D] [thread 6402] [146.0] [cxt 0] Parser 'parser': end
[22:32:10.309] [bmv2] [D] [thread 6402] [146.0] [cxt 0] Pipeline 'ingress': start
[22:32:10.309] [bmv2] [T] [thread 6402] [146.0] [cxt 0] qos.p4(197) Condition "hdr.ipv4.isValid()" (node_2) is true
[22:32:10.309] [bmv2] [T] [thread 6402] [146.0] [cxt 0] qos.p4(198) Condition "hdr.ipv4_option.isValid()" (node_3) is false
[22:32:10.309] [bmv2] [T] [thread 6402] [146.0] [cxt 0] Applying table 'MyIngress.ipv4_lpm'
[22:32:10.309] [bmv2] [D] [thread 6402] [146.0] [cxt 0] Looking up key:
* hdr.ipv4.dstAddr    : 0a000202

[22:32:10.309] [bmv2] [D] [thread 6402] [146.0] [cxt 0] Table 'MyIngress.ipv4_lpm': hit with handle 2
[22:32:10.309] [bmv2] [D] [thread 6402] [146.0] [cxt 0] Dumping entry 2
Match key:
* hdr.ipv4.dstAddr    : LPM       0a000200/24
Action entry: MyIngress.ipv4_forward - 80000000200,3,

[22:32:10.309] [bmv2] [D] [thread 6402] [146.0] [cxt 0] Action entry is MyIngress.ipv4_forward - 80000000200,3,
[22:32:10.309] [bmv2] [T] [thread 6402] [146.0] [cxt 0] Action MyIngress.ipv4_forward
[22:32:10.309] [bmv2] [T] [thread 6402] [146.0] [cxt 0] qos.p4(175) Primitive standard_metadata.egress_spec = port
[22:32:10.309] [bmv2] [T] [thread 6402] [146.0] [cxt 0] qos.p4(176) Primitive hdr.ethernet.srcAddr = hdr.ethernet.dstAddr
[22:32:10.309] [bmv2] [T] [thread 6402] [146.0] [cxt 0] qos.p4(177) Primitive hdr.ethernet.dstAddr = dstAddr
[22:32:10.309] [bmv2] [T] [thread 6402] [146.0] [cxt 0] qos.p4(178) Primitive hdr.ipv4.ttl = hdr.ipv4.ttl - 1
[22:32:10.309] [bmv2] [D] [thread 6402] [146.0] [cxt 0] Pipeline 'ingress': end
[22:32:10.309] [bmv2] [D] [thread 6402] [146.0] [cxt 0] Egress port is 3
[22:32:10.310] [bmv2] [D] [thread 6406] [146.0] [cxt 0] Pipeline 'egress': start
[22:32:10.310] [bmv2] [D] [thread 6406] [146.0] [cxt 0] Pipeline 'egress': end
[22:32:10.310] [bmv2] [D] [thread 6406] [146.0] [cxt 0] Deparser 'deparser': start
[22:32:10.310] [bmv2] [D] [thread 6406] [146.0] [cxt 0] Updating checksum 'cksum'
[22:32:10.310] [bmv2] [D] [thread 6406] [146.0] [cxt 0] Deparsing header 'ethernet'
[22:32:10.310] [bmv2] [D] [thread 6406] [146.0] [cxt 0] Deparsing header 'vlan'
[22:32:10.310] [bmv2] [D] [thread 6406] [146.0] [cxt 0] Deparsing header 'ipv4'
[22:32:10.310] [bmv2] [D] [thread 6406] [146.0] [cxt 0] Deparser 'deparser': end
[22:32:10.310] [bmv2] [D] [thread 6407] [146.0] [cxt 0] Transmitting packet of size 558 out of port 3
[22:32:10.434] [bmv2] [D] [thread 6402] [147.0] [cxt 0] Processing packet received on port 1
[22:32:10.435] [bmv2] [D] [thread 6402] [147.0] [cxt 0] Parser 'parser': start
[22:32:10.435] [bmv2] [D] [thread 6402] [147.0] [cxt 0] Parser 'parser' entering state 'start'
[22:32:10.435] [bmv2] [D] [thread 6402] [147.0] [cxt 0] Extracting header 'ethernet'
[22:32:10.435] [bmv2] [D] [thread 6402] [147.0] [cxt 0] Parser state 'start': key is 8100
[22:32:10.435] [bmv2] [T] [thread 6402] [147.0] [cxt 0] Bytes parsed: 14
[22:32:10.435] [bmv2] [D] [thread 6402] [147.0] [cxt 0] Parser 'parser' entering state 'parse_vlan'
[22:32:10.435] [bmv2] [D] [thread 6402] [147.0] [cxt 0] Extracting header 'vlan'
[22:32:10.435] [bmv2] [D] [thread 6402] [147.0] [cxt 0] Parser state 'parse_vlan': key is 0800
[22:32:10.435] [bmv2] [T] [thread 6402] [147.0] [cxt 0] Bytes parsed: 18
[22:32:10.435] [bmv2] [D] [thread 6402] [147.0] [cxt 0] Parser 'parser' entering state 'parse_ipv4'
[22:32:10.435] [bmv2] [D] [thread 6402] [147.0] [cxt 0] Extracting header 'ipv4'
[22:32:10.435] [bmv2] [D] [thread 6402] [147.0] [cxt 0] Parser set: setting field 'scalars.tmp' from expression, new value is 1
[22:32:10.435] [bmv2] [D] [thread 6402] [147.0] [cxt 0] Parser state 'parse_ipv4': key is 05
[22:32:10.435] [bmv2] [T] [thread 6402] [147.0] [cxt 0] Bytes parsed: 38
[22:32:10.435] [bmv2] [D] [thread 6402] [147.0] [cxt 0] Parser 'parser': end
[22:32:10.435] [bmv2] [D] [thread 6402] [147.0] [cxt 0] Pipeline 'ingress': start
[22:32:10.435] [bmv2] [T] [thread 6402] [147.0] [cxt 0] qos.p4(197) Condition "hdr.ipv4.isValid()" (node_2) is true
[22:32:10.435] [bmv2] [T] [thread 6402] [147.0] [cxt 0] qos.p4(198) Condition "hdr.ipv4_option.isValid()" (node_3) is false
[22:32:10.435] [bmv2] [T] [thread 6402] [147.0] [cxt 0] Applying table 'MyIngress.ipv4_lpm'
[22:32:10.436] [bmv2] [D] [thread 6402] [147.0] [cxt 0] Looking up key:
* hdr.ipv4.dstAddr    : 0a000202

[22:32:10.436] [bmv2] [D] [thread 6402] [147.0] [cxt 0] Table 'MyIngress.ipv4_lpm': hit with handle 2
[22:32:10.436] [bmv2] [D] [thread 6402] [147.0] [cxt 0] Dumping entry 2
Match key:
* hdr.ipv4.dstAddr    : LPM       0a000200/24
Action entry: MyIngress.ipv4_forward - 80000000200,3,

[22:32:10.436] [bmv2] [D] [thread 6402] [147.0] [cxt 0] Action entry is MyIngress.ipv4_forward - 80000000200,3,
[22:32:10.436] [bmv2] [T] [thread 6402] [147.0] [cxt 0] Action MyIngress.ipv4_forward
[22:32:10.436] [bmv2] [T] [thread 6402] [147.0] [cxt 0] qos.p4(175) Primitive standard_metadata.egress_spec = port
[22:32:10.436] [bmv2] [T] [thread 6402] [147.0] [cxt 0] qos.p4(176) Primitive hdr.ethernet.srcAddr = hdr.ethernet.dstAddr
[22:32:10.436] [bmv2] [T] [thread 6402] [147.0] [cxt 0] qos.p4(177) Primitive hdr.ethernet.dstAddr = dstAddr
[22:32:10.436] [bmv2] [T] [thread 6402] [147.0] [cxt 0] qos.p4(178) Primitive hdr.ipv4.ttl = hdr.ipv4.ttl - 1
[22:32:10.436] [bmv2] [D] [thread 6402] [147.0] [cxt 0] Pipeline 'ingress': end
[22:32:10.436] [bmv2] [D] [thread 6402] [147.0] [cxt 0] Egress port is 3
[22:32:10.436] [bmv2] [D] [thread 6406] [147.0] [cxt 0] Pipeline 'egress': start
[22:32:10.436] [bmv2] [D] [thread 6406] [147.0] [cxt 0] Pipeline 'egress': end
[22:32:10.436] [bmv2] [D] [thread 6406] [147.0] [cxt 0] Deparser 'deparser': start
[22:32:10.436] [bmv2] [D] [thread 6406] [147.0] [cxt 0] Updating checksum 'cksum'
[22:32:10.436] [bmv2] [D] [thread 6406] [147.0] [cxt 0] Deparsing header 'ethernet'
[22:32:10.436] [bmv2] [D] [thread 6406] [147.0] [cxt 0] Deparsing header 'vlan'
[22:32:10.437] [bmv2] [D] [thread 6406] [147.0] [cxt 0] Deparsing header 'ipv4'
[22:32:10.437] [bmv2] [D] [thread 6406] [147.0] [cxt 0] Deparser 'deparser': end
[22:32:10.437] [bmv2] [D] [thread 6407] [147.0] [cxt 0] Transmitting packet of size 558 out of port 3
[22:32:10.562] [bmv2] [D] [thread 6402] [148.0] [cxt 0] Processing packet received on port 1
[22:32:10.562] [bmv2] [D] [thread 6402] [148.0] [cxt 0] Parser 'parser': start
[22:32:10.562] [bmv2] [D] [thread 6402] [148.0] [cxt 0] Parser 'parser' entering state 'start'
[22:32:10.562] [bmv2] [D] [thread 6402] [148.0] [cxt 0] Extracting header 'ethernet'
[22:32:10.562] [bmv2] [D] [thread 6402] [148.0] [cxt 0] Parser state 'start': key is 8100
[22:32:10.562] [bmv2] [T] [thread 6402] [148.0] [cxt 0] Bytes parsed: 14
[22:32:10.562] [bmv2] [D] [thread 6402] [148.0] [cxt 0] Parser 'parser' entering state 'parse_vlan'
[22:32:10.562] [bmv2] [D] [thread 6402] [148.0] [cxt 0] Extracting header 'vlan'
[22:32:10.562] [bmv2] [D] [thread 6402] [148.0] [cxt 0] Parser state 'parse_vlan': key is 0800
[22:32:10.562] [bmv2] [T] [thread 6402] [148.0] [cxt 0] Bytes parsed: 18
[22:32:10.563] [bmv2] [D] [thread 6402] [148.0] [cxt 0] Parser 'parser' entering state 'parse_ipv4'
[22:32:10.563] [bmv2] [D] [thread 6402] [148.0] [cxt 0] Extracting header 'ipv4'
[22:32:10.563] [bmv2] [D] [thread 6402] [148.0] [cxt 0] Parser set: setting field 'scalars.tmp' from expression, new value is 1
[22:32:10.563] [bmv2] [D] [thread 6402] [148.0] [cxt 0] Parser state 'parse_ipv4': key is 05
[22:32:10.563] [bmv2] [T] [thread 6402] [148.0] [cxt 0] Bytes parsed: 38
[22:32:10.563] [bmv2] [D] [thread 6402] [148.0] [cxt 0] Parser 'parser': end
[22:32:10.563] [bmv2] [D] [thread 6402] [148.0] [cxt 0] Pipeline 'ingress': start
[22:32:10.563] [bmv2] [T] [thread 6402] [148.0] [cxt 0] qos.p4(197) Condition "hdr.ipv4.isValid()" (node_2) is true
[22:32:10.563] [bmv2] [T] [thread 6402] [148.0] [cxt 0] qos.p4(198) Condition "hdr.ipv4_option.isValid()" (node_3) is false
[22:32:10.563] [bmv2] [T] [thread 6402] [148.0] [cxt 0] Applying table 'MyIngress.ipv4_lpm'
[22:32:10.563] [bmv2] [D] [thread 6402] [148.0] [cxt 0] Looking up key:
* hdr.ipv4.dstAddr    : 0a000202

[22:32:10.563] [bmv2] [D] [thread 6402] [148.0] [cxt 0] Table 'MyIngress.ipv4_lpm': hit with handle 2
[22:32:10.563] [bmv2] [D] [thread 6402] [148.0] [cxt 0] Dumping entry 2
Match key:
* hdr.ipv4.dstAddr    : LPM       0a000200/24
Action entry: MyIngress.ipv4_forward - 80000000200,3,

[22:32:10.563] [bmv2] [D] [thread 6402] [148.0] [cxt 0] Action entry is MyIngress.ipv4_forward - 80000000200,3,
[22:32:10.563] [bmv2] [T] [thread 6402] [148.0] [cxt 0] Action MyIngress.ipv4_forward
[22:32:10.563] [bmv2] [T] [thread 6402] [148.0] [cxt 0] qos.p4(175) Primitive standard_metadata.egress_spec = port
[22:32:10.563] [bmv2] [T] [thread 6402] [148.0] [cxt 0] qos.p4(176) Primitive hdr.ethernet.srcAddr = hdr.ethernet.dstAddr
[22:32:10.563] [bmv2] [T] [thread 6402] [148.0] [cxt 0] qos.p4(177) Primitive hdr.ethernet.dstAddr = dstAddr
[22:32:10.563] [bmv2] [T] [thread 6402] [148.0] [cxt 0] qos.p4(178) Primitive hdr.ipv4.ttl = hdr.ipv4.ttl - 1
[22:32:10.563] [bmv2] [D] [thread 6402] [148.0] [cxt 0] Pipeline 'ingress': end
[22:32:10.563] [bmv2] [D] [thread 6402] [148.0] [cxt 0] Egress port is 3
[22:32:10.564] [bmv2] [D] [thread 6406] [148.0] [cxt 0] Pipeline 'egress': start
[22:32:10.564] [bmv2] [D] [thread 6406] [148.0] [cxt 0] Pipeline 'egress': end
[22:32:10.564] [bmv2] [D] [thread 6406] [148.0] [cxt 0] Deparser 'deparser': start
[22:32:10.564] [bmv2] [D] [thread 6406] [148.0] [cxt 0] Updating checksum 'cksum'
[22:32:10.564] [bmv2] [D] [thread 6406] [148.0] [cxt 0] Deparsing header 'ethernet'
[22:32:10.564] [bmv2] [D] [thread 6406] [148.0] [cxt 0] Deparsing header 'vlan'
[22:32:10.564] [bmv2] [D] [thread 6406] [148.0] [cxt 0] Deparsing header 'ipv4'
[22:32:10.564] [bmv2] [D] [thread 6406] [148.0] [cxt 0] Deparser 'deparser': end
[22:32:10.564] [bmv2] [D] [thread 6407] [148.0] [cxt 0] Transmitting packet of size 558 out of port 3
[22:32:10.688] [bmv2] [D] [thread 6402] [149.0] [cxt 0] Processing packet received on port 1
[22:32:10.688] [bmv2] [D] [thread 6402] [149.0] [cxt 0] Parser 'parser': start
[22:32:10.688] [bmv2] [D] [thread 6402] [149.0] [cxt 0] Parser 'parser' entering state 'start'
[22:32:10.688] [bmv2] [D] [thread 6402] [149.0] [cxt 0] Extracting header 'ethernet'
[22:32:10.688] [bmv2] [D] [thread 6402] [149.0] [cxt 0] Parser state 'start': key is 8100
[22:32:10.689] [bmv2] [T] [thread 6402] [149.0] [cxt 0] Bytes parsed: 14
[22:32:10.689] [bmv2] [D] [thread 6402] [149.0] [cxt 0] Parser 'parser' entering state 'parse_vlan'
[22:32:10.689] [bmv2] [D] [thread 6402] [149.0] [cxt 0] Extracting header 'vlan'
[22:32:10.689] [bmv2] [D] [thread 6402] [149.0] [cxt 0] Parser state 'parse_vlan': key is 0800
[22:32:10.689] [bmv2] [T] [thread 6402] [149.0] [cxt 0] Bytes parsed: 18
[22:32:10.689] [bmv2] [D] [thread 6402] [149.0] [cxt 0] Parser 'parser' entering state 'parse_ipv4'
[22:32:10.689] [bmv2] [D] [thread 6402] [149.0] [cxt 0] Extracting header 'ipv4'
[22:32:10.689] [bmv2] [D] [thread 6402] [149.0] [cxt 0] Parser set: setting field 'scalars.tmp' from expression, new value is 1
[22:32:10.690] [bmv2] [D] [thread 6402] [149.0] [cxt 0] Parser state 'parse_ipv4': key is 05
[22:32:10.690] [bmv2] [T] [thread 6402] [149.0] [cxt 0] Bytes parsed: 38
[22:32:10.690] [bmv2] [D] [thread 6402] [149.0] [cxt 0] Parser 'parser': end
[22:32:10.690] [bmv2] [D] [thread 6402] [149.0] [cxt 0] Pipeline 'ingress': start
[22:32:10.690] [bmv2] [T] [thread 6402] [149.0] [cxt 0] qos.p4(197) Condition "hdr.ipv4.isValid()" (node_2) is true
[22:32:10.690] [bmv2] [T] [thread 6402] [149.0] [cxt 0] qos.p4(198) Condition "hdr.ipv4_option.isValid()" (node_3) is false
[22:32:10.690] [bmv2] [T] [thread 6402] [149.0] [cxt 0] Applying table 'MyIngress.ipv4_lpm'
[22:32:10.690] [bmv2] [D] [thread 6402] [149.0] [cxt 0] Looking up key:
* hdr.ipv4.dstAddr    : 0a000202

[22:32:10.690] [bmv2] [D] [thread 6402] [149.0] [cxt 0] Table 'MyIngress.ipv4_lpm': hit with handle 2
[22:32:10.690] [bmv2] [D] [thread 6402] [149.0] [cxt 0] Dumping entry 2
Match key:
* hdr.ipv4.dstAddr    : LPM       0a000200/24
Action entry: MyIngress.ipv4_forward - 80000000200,3,

[22:32:10.690] [bmv2] [D] [thread 6402] [149.0] [cxt 0] Action entry is MyIngress.ipv4_forward - 80000000200,3,
[22:32:10.690] [bmv2] [T] [thread 6402] [149.0] [cxt 0] Action MyIngress.ipv4_forward
[22:32:10.690] [bmv2] [T] [thread 6402] [149.0] [cxt 0] qos.p4(175) Primitive standard_metadata.egress_spec = port
[22:32:10.691] [bmv2] [T] [thread 6402] [149.0] [cxt 0] qos.p4(176) Primitive hdr.ethernet.srcAddr = hdr.ethernet.dstAddr
[22:32:10.691] [bmv2] [T] [thread 6402] [149.0] [cxt 0] qos.p4(177) Primitive hdr.ethernet.dstAddr = dstAddr
[22:32:10.691] [bmv2] [T] [thread 6402] [149.0] [cxt 0] qos.p4(178) Primitive hdr.ipv4.ttl = hdr.ipv4.ttl - 1
[22:32:10.691] [bmv2] [D] [thread 6402] [149.0] [cxt 0] Pipeline 'ingress': end
[22:32:10.691] [bmv2] [D] [thread 6402] [149.0] [cxt 0] Egress port is 3
[22:32:10.691] [bmv2] [D] [thread 6406] [149.0] [cxt 0] Pipeline 'egress': start
[22:32:10.691] [bmv2] [D] [thread 6406] [149.0] [cxt 0] Pipeline 'egress': end
[22:32:10.691] [bmv2] [D] [thread 6406] [149.0] [cxt 0] Deparser 'deparser': start
[22:32:10.691] [bmv2] [D] [thread 6406] [149.0] [cxt 0] Updating checksum 'cksum'
[22:32:10.691] [bmv2] [D] [thread 6406] [149.0] [cxt 0] Deparsing header 'ethernet'
[22:32:10.691] [bmv2] [D] [thread 6406] [149.0] [cxt 0] Deparsing header 'vlan'
[22:32:10.691] [bmv2] [D] [thread 6406] [149.0] [cxt 0] Deparsing header 'ipv4'
[22:32:10.691] [bmv2] [D] [thread 6406] [149.0] [cxt 0] Deparser 'deparser': end
[22:32:10.691] [bmv2] [D] [thread 6407] [149.0] [cxt 0] Transmitting packet of size 558 out of port 3
[22:32:10.732] [bmv2] [D] [thread 6402] [150.0] [cxt 0] Processing packet received on port 2
[22:32:10.732] [bmv2] [D] [thread 6402] [150.0] [cxt 0] Parser 'parser': start
[22:32:10.732] [bmv2] [D] [thread 6402] [150.0] [cxt 0] Parser 'parser' entering state 'start'
[22:32:10.732] [bmv2] [D] [thread 6402] [150.0] [cxt 0] Extracting header 'ethernet'
[22:32:10.733] [bmv2] [D] [thread 6402] [150.0] [cxt 0] Parser state 'start': key is 8100
[22:32:10.733] [bmv2] [T] [thread 6402] [150.0] [cxt 0] Bytes parsed: 14
[22:32:10.733] [bmv2] [D] [thread 6402] [150.0] [cxt 0] Parser 'parser' entering state 'parse_vlan'
[22:32:10.733] [bmv2] [D] [thread 6402] [150.0] [cxt 0] Extracting header 'vlan'
[22:32:10.733] [bmv2] [D] [thread 6402] [150.0] [cxt 0] Parser state 'parse_vlan': key is 0800
[22:32:10.733] [bmv2] [T] [thread 6402] [150.0] [cxt 0] Bytes parsed: 18
[22:32:10.733] [bmv2] [D] [thread 6402] [150.0] [cxt 0] Parser 'parser' entering state 'parse_ipv4'
[22:32:10.733] [bmv2] [D] [thread 6402] [150.0] [cxt 0] Extracting header 'ipv4'
[22:32:10.733] [bmv2] [D] [thread 6402] [150.0] [cxt 0] Parser set: setting field 'scalars.tmp' from expression, new value is 1
[22:32:10.733] [bmv2] [D] [thread 6402] [150.0] [cxt 0] Parser state 'parse_ipv4': key is 06
[22:32:10.733] [bmv2] [T] [thread 6402] [150.0] [cxt 0] Bytes parsed: 38
[22:32:10.733] [bmv2] [D] [thread 6402] [150.0] [cxt 0] Parser 'parser' entering state 'parse_ipv4_option'
[22:32:10.733] [bmv2] [D] [thread 6402] [150.0] [cxt 0] Extracting header 'ipv4_option'
[22:32:10.733] [bmv2] [D] [thread 6402] [150.0] [cxt 0] Parser state 'parse_ipv4_option': key is 1f
[22:32:10.733] [bmv2] [T] [thread 6402] [150.0] [cxt 0] Bytes parsed: 40
[22:32:10.733] [bmv2] [D] [thread 6402] [150.0] [cxt 0] Parser 'parser' entering state 'parse_link_qos'
[22:32:10.733] [bmv2] [D] [thread 6402] [150.0] [cxt 0] Extracting header 'link_qos'
[22:32:10.733] [bmv2] [D] [thread 6402] [150.0] [cxt 0] Parser state 'parse_link_qos' has no switch, going to default next state
[22:32:10.733] [bmv2] [T] [thread 6402] [150.0] [cxt 0] Bytes parsed: 42
[22:32:10.733] [bmv2] [D] [thread 6402] [150.0] [cxt 0] Parser 'parser': end
[22:32:10.733] [bmv2] [D] [thread 6402] [150.0] [cxt 0] Pipeline 'ingress': start
[22:32:10.733] [bmv2] [T] [thread 6402] [150.0] [cxt 0] qos.p4(197) Condition "hdr.ipv4.isValid()" (node_2) is true
[22:32:10.733] [bmv2] [T] [thread 6402] [150.0] [cxt 0] qos.p4(198) Condition "hdr.ipv4_option.isValid()" (node_3) is true
[22:32:10.733] [bmv2] [T] [thread 6402] [150.0] [cxt 0] qos.p4(199) Condition "hdr.link_qos.link_qos == TARGET_LINK_QOS" (node_4) is true
[22:32:10.733] [bmv2] [T] [thread 6402] [150.0] [cxt 0] Applying table 'tbl_qos200'
[22:32:10.733] [bmv2] [D] [thread 6402] [150.0] [cxt 0] Looking up key:

[22:32:10.733] [bmv2] [D] [thread 6402] [150.0] [cxt 0] Table 'tbl_qos200': miss
[22:32:10.733] [bmv2] [D] [thread 6402] [150.0] [cxt 0] Action entry is qos200 - 
[22:32:10.733] [bmv2] [T] [thread 6402] [150.0] [cxt 0] Action qos200
[22:32:10.733] [bmv2] [T] [thread 6402] [150.0] [cxt 0] qos.p4(200) Primitive hdr.ipv4.diffserv = (TARGET_DSCP << 2
[22:32:10.733] [bmv2] [T] [thread 6402] [150.0] [cxt 0] qos.p4(28) Primitive 7; ...
[22:32:10.733] [bmv2] [T] [thread 6402] [150.0] [cxt 0] Applying table 'MyIngress.ipv4_lpm'
[22:32:10.734] [bmv2] [D] [thread 6402] [150.0] [cxt 0] Looking up key:
* hdr.ipv4.dstAddr    : 0a000202

[22:32:10.734] [bmv2] [D] [thread 6402] [150.0] [cxt 0] Table 'MyIngress.ipv4_lpm': hit with handle 2
[22:32:10.734] [bmv2] [D] [thread 6402] [150.0] [cxt 0] Dumping entry 2
Match key:
* hdr.ipv4.dstAddr    : LPM       0a000200/24
Action entry: MyIngress.ipv4_forward - 80000000200,3,

[22:32:10.734] [bmv2] [D] [thread 6402] [150.0] [cxt 0] Action entry is MyIngress.ipv4_forward - 80000000200,3,
[22:32:10.734] [bmv2] [T] [thread 6402] [150.0] [cxt 0] Action MyIngress.ipv4_forward
[22:32:10.734] [bmv2] [T] [thread 6402] [150.0] [cxt 0] qos.p4(175) Primitive standard_metadata.egress_spec = port
[22:32:10.734] [bmv2] [T] [thread 6402] [150.0] [cxt 0] qos.p4(176) Primitive hdr.ethernet.srcAddr = hdr.ethernet.dstAddr
[22:32:10.734] [bmv2] [T] [thread 6402] [150.0] [cxt 0] qos.p4(177) Primitive hdr.ethernet.dstAddr = dstAddr
[22:32:10.734] [bmv2] [T] [thread 6402] [150.0] [cxt 0] qos.p4(178) Primitive hdr.ipv4.ttl = hdr.ipv4.ttl - 1
[22:32:10.734] [bmv2] [D] [thread 6402] [150.0] [cxt 0] Pipeline 'ingress': end
[22:32:10.734] [bmv2] [D] [thread 6402] [150.0] [cxt 0] Egress port is 3
[22:32:10.734] [bmv2] [D] [thread 6406] [150.0] [cxt 0] Pipeline 'egress': start
[22:32:10.734] [bmv2] [D] [thread 6406] [150.0] [cxt 0] Pipeline 'egress': end
[22:32:10.734] [bmv2] [D] [thread 6406] [150.0] [cxt 0] Deparser 'deparser': start
[22:32:10.734] [bmv2] [D] [thread 6406] [150.0] [cxt 0] Updating checksum 'cksum'
[22:32:10.734] [bmv2] [D] [thread 6406] [150.0] [cxt 0] Deparsing header 'ethernet'
[22:32:10.734] [bmv2] [D] [thread 6406] [150.0] [cxt 0] Deparsing header 'vlan'
[22:32:10.734] [bmv2] [D] [thread 6406] [150.0] [cxt 0] Deparsing header 'ipv4'
[22:32:10.734] [bmv2] [D] [thread 6406] [150.0] [cxt 0] Deparsing header 'ipv4_option'
[22:32:10.734] [bmv2] [D] [thread 6406] [150.0] [cxt 0] Deparsing header 'link_qos'
[22:32:10.734] [bmv2] [D] [thread 6406] [150.0] [cxt 0] Deparser 'deparser': end
[22:32:10.734] [bmv2] [D] [thread 6407] [150.0] [cxt 0] Transmitting packet of size 562 out of port 3
[22:32:10.813] [bmv2] [D] [thread 6402] [151.0] [cxt 0] Processing packet received on port 1
[22:32:10.813] [bmv2] [D] [thread 6402] [151.0] [cxt 0] Parser 'parser': start
[22:32:10.813] [bmv2] [D] [thread 6402] [151.0] [cxt 0] Parser 'parser' entering state 'start'
[22:32:10.813] [bmv2] [D] [thread 6402] [151.0] [cxt 0] Extracting header 'ethernet'
[22:32:10.813] [bmv2] [D] [thread 6402] [151.0] [cxt 0] Parser state 'start': key is 8100
[22:32:10.813] [bmv2] [T] [thread 6402] [151.0] [cxt 0] Bytes parsed: 14
[22:32:10.813] [bmv2] [D] [thread 6402] [151.0] [cxt 0] Parser 'parser' entering state 'parse_vlan'
[22:32:10.813] [bmv2] [D] [thread 6402] [151.0] [cxt 0] Extracting header 'vlan'
[22:32:10.813] [bmv2] [D] [thread 6402] [151.0] [cxt 0] Parser state 'parse_vlan': key is 0800
[22:32:10.813] [bmv2] [T] [thread 6402] [151.0] [cxt 0] Bytes parsed: 18
[22:32:10.813] [bmv2] [D] [thread 6402] [151.0] [cxt 0] Parser 'parser' entering state 'parse_ipv4'
[22:32:10.813] [bmv2] [D] [thread 6402] [151.0] [cxt 0] Extracting header 'ipv4'
[22:32:10.813] [bmv2] [D] [thread 6402] [151.0] [cxt 0] Parser set: setting field 'scalars.tmp' from expression, new value is 1
[22:32:10.813] [bmv2] [D] [thread 6402] [151.0] [cxt 0] Parser state 'parse_ipv4': key is 05
[22:32:10.813] [bmv2] [T] [thread 6402] [151.0] [cxt 0] Bytes parsed: 38
[22:32:10.813] [bmv2] [D] [thread 6402] [151.0] [cxt 0] Parser 'parser': end
[22:32:10.813] [bmv2] [D] [thread 6402] [151.0] [cxt 0] Pipeline 'ingress': start
[22:32:10.813] [bmv2] [T] [thread 6402] [151.0] [cxt 0] qos.p4(197) Condition "hdr.ipv4.isValid()" (node_2) is true
[22:32:10.813] [bmv2] [T] [thread 6402] [151.0] [cxt 0] qos.p4(198) Condition "hdr.ipv4_option.isValid()" (node_3) is false
[22:32:10.814] [bmv2] [T] [thread 6402] [151.0] [cxt 0] Applying table 'MyIngress.ipv4_lpm'
[22:32:10.814] [bmv2] [D] [thread 6402] [151.0] [cxt 0] Looking up key:
* hdr.ipv4.dstAddr    : 0a000202

[22:32:10.814] [bmv2] [D] [thread 6402] [151.0] [cxt 0] Table 'MyIngress.ipv4_lpm': hit with handle 2
[22:32:10.814] [bmv2] [D] [thread 6402] [151.0] [cxt 0] Dumping entry 2
Match key:
* hdr.ipv4.dstAddr    : LPM       0a000200/24
Action entry: MyIngress.ipv4_forward - 80000000200,3,

[22:32:10.814] [bmv2] [D] [thread 6402] [151.0] [cxt 0] Action entry is MyIngress.ipv4_forward - 80000000200,3,
[22:32:10.814] [bmv2] [T] [thread 6402] [151.0] [cxt 0] Action MyIngress.ipv4_forward
[22:32:10.814] [bmv2] [T] [thread 6402] [151.0] [cxt 0] qos.p4(175) Primitive standard_metadata.egress_spec = port
[22:32:10.814] [bmv2] [T] [thread 6402] [151.0] [cxt 0] qos.p4(176) Primitive hdr.ethernet.srcAddr = hdr.ethernet.dstAddr
[22:32:10.814] [bmv2] [T] [thread 6402] [151.0] [cxt 0] qos.p4(177) Primitive hdr.ethernet.dstAddr = dstAddr
[22:32:10.814] [bmv2] [T] [thread 6402] [151.0] [cxt 0] qos.p4(178) Primitive hdr.ipv4.ttl = hdr.ipv4.ttl - 1
[22:32:10.814] [bmv2] [D] [thread 6402] [151.0] [cxt 0] Pipeline 'ingress': end
[22:32:10.814] [bmv2] [D] [thread 6402] [151.0] [cxt 0] Egress port is 3
[22:32:10.814] [bmv2] [D] [thread 6406] [151.0] [cxt 0] Pipeline 'egress': start
[22:32:10.814] [bmv2] [D] [thread 6406] [151.0] [cxt 0] Pipeline 'egress': end
[22:32:10.814] [bmv2] [D] [thread 6406] [151.0] [cxt 0] Deparser 'deparser': start
[22:32:10.814] [bmv2] [D] [thread 6406] [151.0] [cxt 0] Updating checksum 'cksum'
[22:32:10.814] [bmv2] [D] [thread 6406] [151.0] [cxt 0] Deparsing header 'ethernet'
[22:32:10.814] [bmv2] [D] [thread 6406] [151.0] [cxt 0] Deparsing header 'vlan'
[22:32:10.814] [bmv2] [D] [thread 6406] [151.0] [cxt 0] Deparsing header 'ipv4'
[22:32:10.814] [bmv2] [D] [thread 6406] [151.0] [cxt 0] Deparser 'deparser': end
[22:32:10.814] [bmv2] [D] [thread 6407] [151.0] [cxt 0] Transmitting packet of size 558 out of port 3
[22:32:10.937] [bmv2] [D] [thread 6402] [152.0] [cxt 0] Processing packet received on port 1
[22:32:10.937] [bmv2] [D] [thread 6402] [152.0] [cxt 0] Parser 'parser': start
[22:32:10.937] [bmv2] [D] [thread 6402] [152.0] [cxt 0] Parser 'parser' entering state 'start'
[22:32:10.937] [bmv2] [D] [thread 6402] [152.0] [cxt 0] Extracting header 'ethernet'
[22:32:10.937] [bmv2] [D] [thread 6402] [152.0] [cxt 0] Parser state 'start': key is 8100
[22:32:10.937] [bmv2] [T] [thread 6402] [152.0] [cxt 0] Bytes parsed: 14
[22:32:10.937] [bmv2] [D] [thread 6402] [152.0] [cxt 0] Parser 'parser' entering state 'parse_vlan'
[22:32:10.938] [bmv2] [D] [thread 6402] [152.0] [cxt 0] Extracting header 'vlan'
[22:32:10.938] [bmv2] [D] [thread 6402] [152.0] [cxt 0] Parser state 'parse_vlan': key is 0800
[22:32:10.938] [bmv2] [T] [thread 6402] [152.0] [cxt 0] Bytes parsed: 18
[22:32:10.938] [bmv2] [D] [thread 6402] [152.0] [cxt 0] Parser 'parser' entering state 'parse_ipv4'
[22:32:10.938] [bmv2] [D] [thread 6402] [152.0] [cxt 0] Extracting header 'ipv4'
[22:32:10.938] [bmv2] [D] [thread 6402] [152.0] [cxt 0] Parser set: setting field 'scalars.tmp' from expression, new value is 1
[22:32:10.938] [bmv2] [D] [thread 6402] [152.0] [cxt 0] Parser state 'parse_ipv4': key is 05
[22:32:10.938] [bmv2] [T] [thread 6402] [152.0] [cxt 0] Bytes parsed: 38
[22:32:10.938] [bmv2] [D] [thread 6402] [152.0] [cxt 0] Parser 'parser': end
[22:32:10.938] [bmv2] [D] [thread 6402] [152.0] [cxt 0] Pipeline 'ingress': start
[22:32:10.938] [bmv2] [T] [thread 6402] [152.0] [cxt 0] qos.p4(197) Condition "hdr.ipv4.isValid()" (node_2) is true
[22:32:10.938] [bmv2] [T] [thread 6402] [152.0] [cxt 0] qos.p4(198) Condition "hdr.ipv4_option.isValid()" (node_3) is false
[22:32:10.938] [bmv2] [T] [thread 6402] [152.0] [cxt 0] Applying table 'MyIngress.ipv4_lpm'
[22:32:10.938] [bmv2] [D] [thread 6402] [152.0] [cxt 0] Looking up key:
* hdr.ipv4.dstAddr    : 0a000202

[22:32:10.938] [bmv2] [D] [thread 6402] [152.0] [cxt 0] Table 'MyIngress.ipv4_lpm': hit with handle 2
[22:32:10.938] [bmv2] [D] [thread 6402] [152.0] [cxt 0] Dumping entry 2
Match key:
* hdr.ipv4.dstAddr    : LPM       0a000200/24
Action entry: MyIngress.ipv4_forward - 80000000200,3,

[22:32:10.938] [bmv2] [D] [thread 6402] [152.0] [cxt 0] Action entry is MyIngress.ipv4_forward - 80000000200,3,
[22:32:10.938] [bmv2] [T] [thread 6402] [152.0] [cxt 0] Action MyIngress.ipv4_forward
[22:32:10.938] [bmv2] [T] [thread 6402] [152.0] [cxt 0] qos.p4(175) Primitive standard_metadata.egress_spec = port
[22:32:10.938] [bmv2] [T] [thread 6402] [152.0] [cxt 0] qos.p4(176) Primitive hdr.ethernet.srcAddr = hdr.ethernet.dstAddr
[22:32:10.938] [bmv2] [T] [thread 6402] [152.0] [cxt 0] qos.p4(177) Primitive hdr.ethernet.dstAddr = dstAddr
[22:32:10.938] [bmv2] [T] [thread 6402] [152.0] [cxt 0] qos.p4(178) Primitive hdr.ipv4.ttl = hdr.ipv4.ttl - 1
[22:32:10.938] [bmv2] [D] [thread 6402] [152.0] [cxt 0] Pipeline 'ingress': end
[22:32:10.939] [bmv2] [D] [thread 6402] [152.0] [cxt 0] Egress port is 3
[22:32:10.939] [bmv2] [D] [thread 6406] [152.0] [cxt 0] Pipeline 'egress': start
[22:32:10.939] [bmv2] [D] [thread 6406] [152.0] [cxt 0] Pipeline 'egress': end
[22:32:10.939] [bmv2] [D] [thread 6406] [152.0] [cxt 0] Deparser 'deparser': start
[22:32:10.939] [bmv2] [D] [thread 6406] [152.0] [cxt 0] Updating checksum 'cksum'
[22:32:10.939] [bmv2] [D] [thread 6406] [152.0] [cxt 0] Deparsing header 'ethernet'
[22:32:10.939] [bmv2] [D] [thread 6406] [152.0] [cxt 0] Deparsing header 'vlan'
[22:32:10.939] [bmv2] [D] [thread 6406] [152.0] [cxt 0] Deparsing header 'ipv4'
[22:32:10.939] [bmv2] [D] [thread 6406] [152.0] [cxt 0] Deparser 'deparser': end
[22:32:10.939] [bmv2] [D] [thread 6407] [152.0] [cxt 0] Transmitting packet of size 558 out of port 3
[22:32:11.064] [bmv2] [D] [thread 6402] [153.0] [cxt 0] Processing packet received on port 1
[22:32:11.064] [bmv2] [D] [thread 6402] [153.0] [cxt 0] Parser 'parser': start
[22:32:11.064] [bmv2] [D] [thread 6402] [153.0] [cxt 0] Parser 'parser' entering state 'start'
[22:32:11.064] [bmv2] [D] [thread 6402] [153.0] [cxt 0] Extracting header 'ethernet'
[22:32:11.064] [bmv2] [D] [thread 6402] [153.0] [cxt 0] Parser state 'start': key is 8100
[22:32:11.064] [bmv2] [T] [thread 6402] [153.0] [cxt 0] Bytes parsed: 14
[22:32:11.064] [bmv2] [D] [thread 6402] [153.0] [cxt 0] Parser 'parser' entering state 'parse_vlan'
[22:32:11.064] [bmv2] [D] [thread 6402] [153.0] [cxt 0] Extracting header 'vlan'
[22:32:11.064] [bmv2] [D] [thread 6402] [153.0] [cxt 0] Parser state 'parse_vlan': key is 0800
[22:32:11.064] [bmv2] [T] [thread 6402] [153.0] [cxt 0] Bytes parsed: 18
[22:32:11.064] [bmv2] [D] [thread 6402] [153.0] [cxt 0] Parser 'parser' entering state 'parse_ipv4'
[22:32:11.064] [bmv2] [D] [thread 6402] [153.0] [cxt 0] Extracting header 'ipv4'
[22:32:11.064] [bmv2] [D] [thread 6402] [153.0] [cxt 0] Parser set: setting field 'scalars.tmp' from expression, new value is 1
[22:32:11.064] [bmv2] [D] [thread 6402] [153.0] [cxt 0] Parser state 'parse_ipv4': key is 05
[22:32:11.064] [bmv2] [T] [thread 6402] [153.0] [cxt 0] Bytes parsed: 38
[22:32:11.064] [bmv2] [D] [thread 6402] [153.0] [cxt 0] Parser 'parser': end
[22:32:11.064] [bmv2] [D] [thread 6402] [153.0] [cxt 0] Pipeline 'ingress': start
[22:32:11.065] [bmv2] [T] [thread 6402] [153.0] [cxt 0] qos.p4(197) Condition "hdr.ipv4.isValid()" (node_2) is true
[22:32:11.065] [bmv2] [T] [thread 6402] [153.0] [cxt 0] qos.p4(198) Condition "hdr.ipv4_option.isValid()" (node_3) is false
[22:32:11.065] [bmv2] [T] [thread 6402] [153.0] [cxt 0] Applying table 'MyIngress.ipv4_lpm'
[22:32:11.065] [bmv2] [D] [thread 6402] [153.0] [cxt 0] Looking up key:
* hdr.ipv4.dstAddr    : 0a000202

[22:32:11.065] [bmv2] [D] [thread 6402] [153.0] [cxt 0] Table 'MyIngress.ipv4_lpm': hit with handle 2
[22:32:11.065] [bmv2] [D] [thread 6402] [153.0] [cxt 0] Dumping entry 2
Match key:
* hdr.ipv4.dstAddr    : LPM       0a000200/24
Action entry: MyIngress.ipv4_forward - 80000000200,3,

[22:32:11.065] [bmv2] [D] [thread 6402] [153.0] [cxt 0] Action entry is MyIngress.ipv4_forward - 80000000200,3,
[22:32:11.065] [bmv2] [T] [thread 6402] [153.0] [cxt 0] Action MyIngress.ipv4_forward
[22:32:11.065] [bmv2] [T] [thread 6402] [153.0] [cxt 0] qos.p4(175) Primitive standard_metadata.egress_spec = port
[22:32:11.065] [bmv2] [T] [thread 6402] [153.0] [cxt 0] qos.p4(176) Primitive hdr.ethernet.srcAddr = hdr.ethernet.dstAddr
[22:32:11.065] [bmv2] [T] [thread 6402] [153.0] [cxt 0] qos.p4(177) Primitive hdr.ethernet.dstAddr = dstAddr
[22:32:11.065] [bmv2] [T] [thread 6402] [153.0] [cxt 0] qos.p4(178) Primitive hdr.ipv4.ttl = hdr.ipv4.ttl - 1
[22:32:11.065] [bmv2] [D] [thread 6402] [153.0] [cxt 0] Pipeline 'ingress': end
[22:32:11.065] [bmv2] [D] [thread 6402] [153.0] [cxt 0] Egress port is 3
[22:32:11.065] [bmv2] [D] [thread 6406] [153.0] [cxt 0] Pipeline 'egress': start
[22:32:11.065] [bmv2] [D] [thread 6406] [153.0] [cxt 0] Pipeline 'egress': end
[22:32:11.065] [bmv2] [D] [thread 6406] [153.0] [cxt 0] Deparser 'deparser': start
[22:32:11.065] [bmv2] [D] [thread 6406] [153.0] [cxt 0] Updating checksum 'cksum'
[22:32:11.065] [bmv2] [D] [thread 6406] [153.0] [cxt 0] Deparsing header 'ethernet'
[22:32:11.065] [bmv2] [D] [thread 6406] [153.0] [cxt 0] Deparsing header 'vlan'
[22:32:11.065] [bmv2] [D] [thread 6406] [153.0] [cxt 0] Deparsing header 'ipv4'
[22:32:11.065] [bmv2] [D] [thread 6406] [153.0] [cxt 0] Deparser 'deparser': end
[22:32:11.065] [bmv2] [D] [thread 6407] [153.0] [cxt 0] Transmitting packet of size 558 out of port 3
[22:32:11.196] [bmv2] [D] [thread 6402] [154.0] [cxt 0] Processing packet received on port 1
[22:32:11.196] [bmv2] [D] [thread 6402] [154.0] [cxt 0] Parser 'parser': start
[22:32:11.196] [bmv2] [D] [thread 6402] [154.0] [cxt 0] Parser 'parser' entering state 'start'
[22:32:11.196] [bmv2] [D] [thread 6402] [154.0] [cxt 0] Extracting header 'ethernet'
[22:32:11.196] [bmv2] [D] [thread 6402] [154.0] [cxt 0] Parser state 'start': key is 8100
[22:32:11.196] [bmv2] [T] [thread 6402] [154.0] [cxt 0] Bytes parsed: 14
[22:32:11.196] [bmv2] [D] [thread 6402] [154.0] [cxt 0] Parser 'parser' entering state 'parse_vlan'
[22:32:11.196] [bmv2] [D] [thread 6402] [154.0] [cxt 0] Extracting header 'vlan'
[22:32:11.196] [bmv2] [D] [thread 6402] [154.0] [cxt 0] Parser state 'parse_vlan': key is 0800
[22:32:11.196] [bmv2] [T] [thread 6402] [154.0] [cxt 0] Bytes parsed: 18
[22:32:11.196] [bmv2] [D] [thread 6402] [154.0] [cxt 0] Parser 'parser' entering state 'parse_ipv4'
[22:32:11.196] [bmv2] [D] [thread 6402] [154.0] [cxt 0] Extracting header 'ipv4'
[22:32:11.197] [bmv2] [D] [thread 6402] [154.0] [cxt 0] Parser set: setting field 'scalars.tmp' from expression, new value is 1
[22:32:11.197] [bmv2] [D] [thread 6402] [154.0] [cxt 0] Parser state 'parse_ipv4': key is 05
[22:32:11.197] [bmv2] [T] [thread 6402] [154.0] [cxt 0] Bytes parsed: 38
[22:32:11.197] [bmv2] [D] [thread 6402] [154.0] [cxt 0] Parser 'parser': end
[22:32:11.197] [bmv2] [D] [thread 6402] [154.0] [cxt 0] Pipeline 'ingress': start
[22:32:11.197] [bmv2] [T] [thread 6402] [154.0] [cxt 0] qos.p4(197) Condition "hdr.ipv4.isValid()" (node_2) is true
[22:32:11.197] [bmv2] [T] [thread 6402] [154.0] [cxt 0] qos.p4(198) Condition "hdr.ipv4_option.isValid()" (node_3) is false
[22:32:11.197] [bmv2] [T] [thread 6402] [154.0] [cxt 0] Applying table 'MyIngress.ipv4_lpm'
[22:32:11.197] [bmv2] [D] [thread 6402] [154.0] [cxt 0] Looking up key:
* hdr.ipv4.dstAddr    : 0a000202

[22:32:11.197] [bmv2] [D] [thread 6402] [154.0] [cxt 0] Table 'MyIngress.ipv4_lpm': hit with handle 2
[22:32:11.197] [bmv2] [D] [thread 6402] [154.0] [cxt 0] Dumping entry 2
Match key:
* hdr.ipv4.dstAddr    : LPM       0a000200/24
Action entry: MyIngress.ipv4_forward - 80000000200,3,

[22:32:11.197] [bmv2] [D] [thread 6402] [154.0] [cxt 0] Action entry is MyIngress.ipv4_forward - 80000000200,3,
[22:32:11.197] [bmv2] [T] [thread 6402] [154.0] [cxt 0] Action MyIngress.ipv4_forward
[22:32:11.197] [bmv2] [T] [thread 6402] [154.0] [cxt 0] qos.p4(175) Primitive standard_metadata.egress_spec = port
[22:32:11.197] [bmv2] [T] [thread 6402] [154.0] [cxt 0] qos.p4(176) Primitive hdr.ethernet.srcAddr = hdr.ethernet.dstAddr
[22:32:11.197] [bmv2] [T] [thread 6402] [154.0] [cxt 0] qos.p4(177) Primitive hdr.ethernet.dstAddr = dstAddr
[22:32:11.197] [bmv2] [T] [thread 6402] [154.0] [cxt 0] qos.p4(178) Primitive hdr.ipv4.ttl = hdr.ipv4.ttl - 1
[22:32:11.197] [bmv2] [D] [thread 6402] [154.0] [cxt 0] Pipeline 'ingress': end
[22:32:11.197] [bmv2] [D] [thread 6402] [154.0] [cxt 0] Egress port is 3
[22:32:11.197] [bmv2] [D] [thread 6406] [154.0] [cxt 0] Pipeline 'egress': start
[22:32:11.197] [bmv2] [D] [thread 6406] [154.0] [cxt 0] Pipeline 'egress': end
[22:32:11.198] [bmv2] [D] [thread 6406] [154.0] [cxt 0] Deparser 'deparser': start
[22:32:11.198] [bmv2] [D] [thread 6406] [154.0] [cxt 0] Updating checksum 'cksum'
[22:32:11.198] [bmv2] [D] [thread 6406] [154.0] [cxt 0] Deparsing header 'ethernet'
[22:32:11.198] [bmv2] [D] [thread 6406] [154.0] [cxt 0] Deparsing header 'vlan'
[22:32:11.198] [bmv2] [D] [thread 6406] [154.0] [cxt 0] Deparsing header 'ipv4'
[22:32:11.198] [bmv2] [D] [thread 6406] [154.0] [cxt 0] Deparser 'deparser': end
[22:32:11.198] [bmv2] [D] [thread 6407] [154.0] [cxt 0] Transmitting packet of size 558 out of port 3
[22:32:11.321] [bmv2] [D] [thread 6402] [155.0] [cxt 0] Processing packet received on port 1
[22:32:11.321] [bmv2] [D] [thread 6402] [155.0] [cxt 0] Parser 'parser': start
[22:32:11.321] [bmv2] [D] [thread 6402] [155.0] [cxt 0] Parser 'parser' entering state 'start'
[22:32:11.321] [bmv2] [D] [thread 6402] [155.0] [cxt 0] Extracting header 'ethernet'
[22:32:11.321] [bmv2] [D] [thread 6402] [155.0] [cxt 0] Parser state 'start': key is 8100
[22:32:11.321] [bmv2] [T] [thread 6402] [155.0] [cxt 0] Bytes parsed: 14
[22:32:11.321] [bmv2] [D] [thread 6402] [155.0] [cxt 0] Parser 'parser' entering state 'parse_vlan'
[22:32:11.321] [bmv2] [D] [thread 6402] [155.0] [cxt 0] Extracting header 'vlan'
[22:32:11.321] [bmv2] [D] [thread 6402] [155.0] [cxt 0] Parser state 'parse_vlan': key is 0800
[22:32:11.321] [bmv2] [T] [thread 6402] [155.0] [cxt 0] Bytes parsed: 18
[22:32:11.321] [bmv2] [D] [thread 6402] [155.0] [cxt 0] Parser 'parser' entering state 'parse_ipv4'
[22:32:11.321] [bmv2] [D] [thread 6402] [155.0] [cxt 0] Extracting header 'ipv4'
[22:32:11.321] [bmv2] [D] [thread 6402] [155.0] [cxt 0] Parser set: setting field 'scalars.tmp' from expression, new value is 1
[22:32:11.321] [bmv2] [D] [thread 6402] [155.0] [cxt 0] Parser state 'parse_ipv4': key is 05
[22:32:11.321] [bmv2] [T] [thread 6402] [155.0] [cxt 0] Bytes parsed: 38
[22:32:11.321] [bmv2] [D] [thread 6402] [155.0] [cxt 0] Parser 'parser': end
[22:32:11.321] [bmv2] [D] [thread 6402] [155.0] [cxt 0] Pipeline 'ingress': start
[22:32:11.321] [bmv2] [T] [thread 6402] [155.0] [cxt 0] qos.p4(197) Condition "hdr.ipv4.isValid()" (node_2) is true
[22:32:11.321] [bmv2] [T] [thread 6402] [155.0] [cxt 0] qos.p4(198) Condition "hdr.ipv4_option.isValid()" (node_3) is false
[22:32:11.321] [bmv2] [T] [thread 6402] [155.0] [cxt 0] Applying table 'MyIngress.ipv4_lpm'
[22:32:11.322] [bmv2] [D] [thread 6402] [155.0] [cxt 0] Looking up key:
* hdr.ipv4.dstAddr    : 0a000202

[22:32:11.322] [bmv2] [D] [thread 6402] [155.0] [cxt 0] Table 'MyIngress.ipv4_lpm': hit with handle 2
[22:32:11.322] [bmv2] [D] [thread 6402] [155.0] [cxt 0] Dumping entry 2
Match key:
* hdr.ipv4.dstAddr    : LPM       0a000200/24
Action entry: MyIngress.ipv4_forward - 80000000200,3,

[22:32:11.322] [bmv2] [D] [thread 6402] [155.0] [cxt 0] Action entry is MyIngress.ipv4_forward - 80000000200,3,
[22:32:11.322] [bmv2] [T] [thread 6402] [155.0] [cxt 0] Action MyIngress.ipv4_forward
[22:32:11.322] [bmv2] [T] [thread 6402] [155.0] [cxt 0] qos.p4(175) Primitive standard_metadata.egress_spec = port
[22:32:11.322] [bmv2] [T] [thread 6402] [155.0] [cxt 0] qos.p4(176) Primitive hdr.ethernet.srcAddr = hdr.ethernet.dstAddr
[22:32:11.322] [bmv2] [T] [thread 6402] [155.0] [cxt 0] qos.p4(177) Primitive hdr.ethernet.dstAddr = dstAddr
[22:32:11.322] [bmv2] [T] [thread 6402] [155.0] [cxt 0] qos.p4(178) Primitive hdr.ipv4.ttl = hdr.ipv4.ttl - 1
[22:32:11.322] [bmv2] [D] [thread 6402] [155.0] [cxt 0] Pipeline 'ingress': end
[22:32:11.322] [bmv2] [D] [thread 6402] [155.0] [cxt 0] Egress port is 3
[22:32:11.322] [bmv2] [D] [thread 6406] [155.0] [cxt 0] Pipeline 'egress': start
[22:32:11.322] [bmv2] [D] [thread 6406] [155.0] [cxt 0] Pipeline 'egress': end
[22:32:11.322] [bmv2] [D] [thread 6406] [155.0] [cxt 0] Deparser 'deparser': start
[22:32:11.322] [bmv2] [D] [thread 6406] [155.0] [cxt 0] Updating checksum 'cksum'
[22:32:11.322] [bmv2] [D] [thread 6406] [155.0] [cxt 0] Deparsing header 'ethernet'
[22:32:11.322] [bmv2] [D] [thread 6406] [155.0] [cxt 0] Deparsing header 'vlan'
[22:32:11.322] [bmv2] [D] [thread 6406] [155.0] [cxt 0] Deparsing header 'ipv4'
[22:32:11.322] [bmv2] [D] [thread 6406] [155.0] [cxt 0] Deparser 'deparser': end
[22:32:11.322] [bmv2] [D] [thread 6407] [155.0] [cxt 0] Transmitting packet of size 558 out of port 3
[22:32:11.453] [bmv2] [D] [thread 6402] [156.0] [cxt 0] Processing packet received on port 1
[22:32:11.453] [bmv2] [D] [thread 6402] [156.0] [cxt 0] Parser 'parser': start
[22:32:11.453] [bmv2] [D] [thread 6402] [156.0] [cxt 0] Parser 'parser' entering state 'start'
[22:32:11.453] [bmv2] [D] [thread 6402] [156.0] [cxt 0] Extracting header 'ethernet'
[22:32:11.453] [bmv2] [D] [thread 6402] [156.0] [cxt 0] Parser state 'start': key is 8100
[22:32:11.453] [bmv2] [T] [thread 6402] [156.0] [cxt 0] Bytes parsed: 14
[22:32:11.453] [bmv2] [D] [thread 6402] [156.0] [cxt 0] Parser 'parser' entering state 'parse_vlan'
[22:32:11.453] [bmv2] [D] [thread 6402] [156.0] [cxt 0] Extracting header 'vlan'
[22:32:11.453] [bmv2] [D] [thread 6402] [156.0] [cxt 0] Parser state 'parse_vlan': key is 0800
[22:32:11.453] [bmv2] [T] [thread 6402] [156.0] [cxt 0] Bytes parsed: 18
[22:32:11.454] [bmv2] [D] [thread 6402] [156.0] [cxt 0] Parser 'parser' entering state 'parse_ipv4'
[22:32:11.454] [bmv2] [D] [thread 6402] [156.0] [cxt 0] Extracting header 'ipv4'
[22:32:11.454] [bmv2] [D] [thread 6402] [156.0] [cxt 0] Parser set: setting field 'scalars.tmp' from expression, new value is 1
[22:32:11.454] [bmv2] [D] [thread 6402] [156.0] [cxt 0] Parser state 'parse_ipv4': key is 05
[22:32:11.454] [bmv2] [T] [thread 6402] [156.0] [cxt 0] Bytes parsed: 38
[22:32:11.454] [bmv2] [D] [thread 6402] [156.0] [cxt 0] Parser 'parser': end
[22:32:11.454] [bmv2] [D] [thread 6402] [156.0] [cxt 0] Pipeline 'ingress': start
[22:32:11.454] [bmv2] [T] [thread 6402] [156.0] [cxt 0] qos.p4(197) Condition "hdr.ipv4.isValid()" (node_2) is true
[22:32:11.454] [bmv2] [T] [thread 6402] [156.0] [cxt 0] qos.p4(198) Condition "hdr.ipv4_option.isValid()" (node_3) is false
[22:32:11.454] [bmv2] [T] [thread 6402] [156.0] [cxt 0] Applying table 'MyIngress.ipv4_lpm'
[22:32:11.454] [bmv2] [D] [thread 6402] [156.0] [cxt 0] Looking up key:
* hdr.ipv4.dstAddr    : 0a000202

[22:32:11.454] [bmv2] [D] [thread 6402] [156.0] [cxt 0] Table 'MyIngress.ipv4_lpm': hit with handle 2
[22:32:11.454] [bmv2] [D] [thread 6402] [156.0] [cxt 0] Dumping entry 2
Match key:
* hdr.ipv4.dstAddr    : LPM       0a000200/24
Action entry: MyIngress.ipv4_forward - 80000000200,3,

[22:32:11.454] [bmv2] [D] [thread 6402] [156.0] [cxt 0] Action entry is MyIngress.ipv4_forward - 80000000200,3,
[22:32:11.454] [bmv2] [T] [thread 6402] [156.0] [cxt 0] Action MyIngress.ipv4_forward
[22:32:11.454] [bmv2] [T] [thread 6402] [156.0] [cxt 0] qos.p4(175) Primitive standard_metadata.egress_spec = port
[22:32:11.454] [bmv2] [T] [thread 6402] [156.0] [cxt 0] qos.p4(176) Primitive hdr.ethernet.srcAddr = hdr.ethernet.dstAddr
[22:32:11.454] [bmv2] [T] [thread 6402] [156.0] [cxt 0] qos.p4(177) Primitive hdr.ethernet.dstAddr = dstAddr
[22:32:11.454] [bmv2] [T] [thread 6402] [156.0] [cxt 0] qos.p4(178) Primitive hdr.ipv4.ttl = hdr.ipv4.ttl - 1
[22:32:11.454] [bmv2] [D] [thread 6402] [156.0] [cxt 0] Pipeline 'ingress': end
[22:32:11.454] [bmv2] [D] [thread 6402] [156.0] [cxt 0] Egress port is 3
[22:32:11.455] [bmv2] [D] [thread 6406] [156.0] [cxt 0] Pipeline 'egress': start
[22:32:11.455] [bmv2] [D] [thread 6406] [156.0] [cxt 0] Pipeline 'egress': end
[22:32:11.455] [bmv2] [D] [thread 6406] [156.0] [cxt 0] Deparser 'deparser': start
[22:32:11.455] [bmv2] [D] [thread 6406] [156.0] [cxt 0] Updating checksum 'cksum'
[22:32:11.455] [bmv2] [D] [thread 6406] [156.0] [cxt 0] Deparsing header 'ethernet'
[22:32:11.455] [bmv2] [D] [thread 6406] [156.0] [cxt 0] Deparsing header 'vlan'
[22:32:11.455] [bmv2] [D] [thread 6406] [156.0] [cxt 0] Deparsing header 'ipv4'
[22:32:11.455] [bmv2] [D] [thread 6406] [156.0] [cxt 0] Deparser 'deparser': end
[22:32:11.455] [bmv2] [D] [thread 6407] [156.0] [cxt 0] Transmitting packet of size 558 out of port 3
[22:32:11.578] [bmv2] [D] [thread 6402] [157.0] [cxt 0] Processing packet received on port 1
[22:32:11.578] [bmv2] [D] [thread 6402] [157.0] [cxt 0] Parser 'parser': start
[22:32:11.578] [bmv2] [D] [thread 6402] [157.0] [cxt 0] Parser 'parser' entering state 'start'
[22:32:11.578] [bmv2] [D] [thread 6402] [157.0] [cxt 0] Extracting header 'ethernet'
[22:32:11.579] [bmv2] [D] [thread 6402] [157.0] [cxt 0] Parser state 'start': key is 8100
[22:32:11.579] [bmv2] [T] [thread 6402] [157.0] [cxt 0] Bytes parsed: 14
[22:32:11.579] [bmv2] [D] [thread 6402] [157.0] [cxt 0] Parser 'parser' entering state 'parse_vlan'
[22:32:11.579] [bmv2] [D] [thread 6402] [157.0] [cxt 0] Extracting header 'vlan'
[22:32:11.579] [bmv2] [D] [thread 6402] [157.0] [cxt 0] Parser state 'parse_vlan': key is 0800
[22:32:11.579] [bmv2] [T] [thread 6402] [157.0] [cxt 0] Bytes parsed: 18
[22:32:11.579] [bmv2] [D] [thread 6402] [157.0] [cxt 0] Parser 'parser' entering state 'parse_ipv4'
[22:32:11.579] [bmv2] [D] [thread 6402] [157.0] [cxt 0] Extracting header 'ipv4'
[22:32:11.579] [bmv2] [D] [thread 6402] [157.0] [cxt 0] Parser set: setting field 'scalars.tmp' from expression, new value is 1
[22:32:11.579] [bmv2] [D] [thread 6402] [157.0] [cxt 0] Parser state 'parse_ipv4': key is 05
[22:32:11.579] [bmv2] [T] [thread 6402] [157.0] [cxt 0] Bytes parsed: 38
[22:32:11.579] [bmv2] [D] [thread 6402] [157.0] [cxt 0] Parser 'parser': end
[22:32:11.579] [bmv2] [D] [thread 6402] [157.0] [cxt 0] Pipeline 'ingress': start
[22:32:11.579] [bmv2] [T] [thread 6402] [157.0] [cxt 0] qos.p4(197) Condition "hdr.ipv4.isValid()" (node_2) is true
[22:32:11.579] [bmv2] [T] [thread 6402] [157.0] [cxt 0] qos.p4(198) Condition "hdr.ipv4_option.isValid()" (node_3) is false
[22:32:11.579] [bmv2] [T] [thread 6402] [157.0] [cxt 0] Applying table 'MyIngress.ipv4_lpm'
[22:32:11.579] [bmv2] [D] [thread 6402] [157.0] [cxt 0] Looking up key:
* hdr.ipv4.dstAddr    : 0a000202

[22:32:11.579] [bmv2] [D] [thread 6402] [157.0] [cxt 0] Table 'MyIngress.ipv4_lpm': hit with handle 2
[22:32:11.580] [bmv2] [D] [thread 6402] [157.0] [cxt 0] Dumping entry 2
Match key:
* hdr.ipv4.dstAddr    : LPM       0a000200/24
Action entry: MyIngress.ipv4_forward - 80000000200,3,

[22:32:11.580] [bmv2] [D] [thread 6402] [157.0] [cxt 0] Action entry is MyIngress.ipv4_forward - 80000000200,3,
[22:32:11.580] [bmv2] [T] [thread 6402] [157.0] [cxt 0] Action MyIngress.ipv4_forward
[22:32:11.580] [bmv2] [T] [thread 6402] [157.0] [cxt 0] qos.p4(175) Primitive standard_metadata.egress_spec = port
[22:32:11.580] [bmv2] [T] [thread 6402] [157.0] [cxt 0] qos.p4(176) Primitive hdr.ethernet.srcAddr = hdr.ethernet.dstAddr
[22:32:11.580] [bmv2] [T] [thread 6402] [157.0] [cxt 0] qos.p4(177) Primitive hdr.ethernet.dstAddr = dstAddr
[22:32:11.580] [bmv2] [T] [thread 6402] [157.0] [cxt 0] qos.p4(178) Primitive hdr.ipv4.ttl = hdr.ipv4.ttl - 1
[22:32:11.580] [bmv2] [D] [thread 6402] [157.0] [cxt 0] Pipeline 'ingress': end
[22:32:11.580] [bmv2] [D] [thread 6402] [157.0] [cxt 0] Egress port is 3
[22:32:11.580] [bmv2] [D] [thread 6406] [157.0] [cxt 0] Pipeline 'egress': start
[22:32:11.580] [bmv2] [D] [thread 6406] [157.0] [cxt 0] Pipeline 'egress': end
[22:32:11.581] [bmv2] [D] [thread 6406] [157.0] [cxt 0] Deparser 'deparser': start
[22:32:11.581] [bmv2] [D] [thread 6406] [157.0] [cxt 0] Updating checksum 'cksum'
[22:32:11.581] [bmv2] [D] [thread 6406] [157.0] [cxt 0] Deparsing header 'ethernet'
[22:32:11.581] [bmv2] [D] [thread 6406] [157.0] [cxt 0] Deparsing header 'vlan'
[22:32:11.581] [bmv2] [D] [thread 6406] [157.0] [cxt 0] Deparsing header 'ipv4'
[22:32:11.581] [bmv2] [D] [thread 6406] [157.0] [cxt 0] Deparser 'deparser': end
[22:32:11.581] [bmv2] [D] [thread 6407] [157.0] [cxt 0] Transmitting packet of size 558 out of port 3
[22:32:11.703] [bmv2] [D] [thread 6402] [158.0] [cxt 0] Processing packet received on port 1
[22:32:11.703] [bmv2] [D] [thread 6402] [158.0] [cxt 0] Parser 'parser': start
[22:32:11.703] [bmv2] [D] [thread 6402] [158.0] [cxt 0] Parser 'parser' entering state 'start'
[22:32:11.703] [bmv2] [D] [thread 6402] [158.0] [cxt 0] Extracting header 'ethernet'
[22:32:11.704] [bmv2] [D] [thread 6402] [158.0] [cxt 0] Parser state 'start': key is 8100
[22:32:11.704] [bmv2] [T] [thread 6402] [158.0] [cxt 0] Bytes parsed: 14
[22:32:11.704] [bmv2] [D] [thread 6402] [158.0] [cxt 0] Parser 'parser' entering state 'parse_vlan'
[22:32:11.704] [bmv2] [D] [thread 6402] [158.0] [cxt 0] Extracting header 'vlan'
[22:32:11.704] [bmv2] [D] [thread 6402] [158.0] [cxt 0] Parser state 'parse_vlan': key is 0800
[22:32:11.704] [bmv2] [T] [thread 6402] [158.0] [cxt 0] Bytes parsed: 18
[22:32:11.704] [bmv2] [D] [thread 6402] [158.0] [cxt 0] Parser 'parser' entering state 'parse_ipv4'
[22:32:11.704] [bmv2] [D] [thread 6402] [158.0] [cxt 0] Extracting header 'ipv4'
[22:32:11.704] [bmv2] [D] [thread 6402] [158.0] [cxt 0] Parser set: setting field 'scalars.tmp' from expression, new value is 1
[22:32:11.704] [bmv2] [D] [thread 6402] [158.0] [cxt 0] Parser state 'parse_ipv4': key is 05
[22:32:11.704] [bmv2] [T] [thread 6402] [158.0] [cxt 0] Bytes parsed: 38
[22:32:11.704] [bmv2] [D] [thread 6402] [158.0] [cxt 0] Parser 'parser': end
[22:32:11.704] [bmv2] [D] [thread 6402] [158.0] [cxt 0] Pipeline 'ingress': start
[22:32:11.704] [bmv2] [T] [thread 6402] [158.0] [cxt 0] qos.p4(197) Condition "hdr.ipv4.isValid()" (node_2) is true
[22:32:11.704] [bmv2] [T] [thread 6402] [158.0] [cxt 0] qos.p4(198) Condition "hdr.ipv4_option.isValid()" (node_3) is false
[22:32:11.704] [bmv2] [T] [thread 6402] [158.0] [cxt 0] Applying table 'MyIngress.ipv4_lpm'
[22:32:11.704] [bmv2] [D] [thread 6402] [158.0] [cxt 0] Looking up key:
* hdr.ipv4.dstAddr    : 0a000202

[22:32:11.704] [bmv2] [D] [thread 6402] [158.0] [cxt 0] Table 'MyIngress.ipv4_lpm': hit with handle 2
[22:32:11.704] [bmv2] [D] [thread 6402] [158.0] [cxt 0] Dumping entry 2
Match key:
* hdr.ipv4.dstAddr    : LPM       0a000200/24
Action entry: MyIngress.ipv4_forward - 80000000200,3,

[22:32:11.705] [bmv2] [D] [thread 6402] [158.0] [cxt 0] Action entry is MyIngress.ipv4_forward - 80000000200,3,
[22:32:11.705] [bmv2] [T] [thread 6402] [158.0] [cxt 0] Action MyIngress.ipv4_forward
[22:32:11.705] [bmv2] [T] [thread 6402] [158.0] [cxt 0] qos.p4(175) Primitive standard_metadata.egress_spec = port
[22:32:11.705] [bmv2] [T] [thread 6402] [158.0] [cxt 0] qos.p4(176) Primitive hdr.ethernet.srcAddr = hdr.ethernet.dstAddr
[22:32:11.705] [bmv2] [T] [thread 6402] [158.0] [cxt 0] qos.p4(177) Primitive hdr.ethernet.dstAddr = dstAddr
[22:32:11.705] [bmv2] [T] [thread 6402] [158.0] [cxt 0] qos.p4(178) Primitive hdr.ipv4.ttl = hdr.ipv4.ttl - 1
[22:32:11.705] [bmv2] [D] [thread 6402] [158.0] [cxt 0] Pipeline 'ingress': end
[22:32:11.705] [bmv2] [D] [thread 6402] [158.0] [cxt 0] Egress port is 3
[22:32:11.705] [bmv2] [D] [thread 6406] [158.0] [cxt 0] Pipeline 'egress': start
[22:32:11.705] [bmv2] [D] [thread 6406] [158.0] [cxt 0] Pipeline 'egress': end
[22:32:11.705] [bmv2] [D] [thread 6406] [158.0] [cxt 0] Deparser 'deparser': start
[22:32:11.705] [bmv2] [D] [thread 6406] [158.0] [cxt 0] Updating checksum 'cksum'
[22:32:11.705] [bmv2] [D] [thread 6406] [158.0] [cxt 0] Deparsing header 'ethernet'
[22:32:11.705] [bmv2] [D] [thread 6406] [158.0] [cxt 0] Deparsing header 'vlan'
[22:32:11.705] [bmv2] [D] [thread 6406] [158.0] [cxt 0] Deparsing header 'ipv4'
[22:32:11.705] [bmv2] [D] [thread 6406] [158.0] [cxt 0] Deparser 'deparser': end
[22:32:11.705] [bmv2] [D] [thread 6407] [158.0] [cxt 0] Transmitting packet of size 558 out of port 3
[22:32:11.829] [bmv2] [D] [thread 6402] [159.0] [cxt 0] Processing packet received on port 1
[22:32:11.830] [bmv2] [D] [thread 6402] [159.0] [cxt 0] Parser 'parser': start
[22:32:11.830] [bmv2] [D] [thread 6402] [159.0] [cxt 0] Parser 'parser' entering state 'start'
[22:32:11.830] [bmv2] [D] [thread 6402] [159.0] [cxt 0] Extracting header 'ethernet'
[22:32:11.830] [bmv2] [D] [thread 6402] [159.0] [cxt 0] Parser state 'start': key is 8100
[22:32:11.830] [bmv2] [T] [thread 6402] [159.0] [cxt 0] Bytes parsed: 14
[22:32:11.830] [bmv2] [D] [thread 6402] [159.0] [cxt 0] Parser 'parser' entering state 'parse_vlan'
[22:32:11.830] [bmv2] [D] [thread 6402] [159.0] [cxt 0] Extracting header 'vlan'
[22:32:11.830] [bmv2] [D] [thread 6402] [159.0] [cxt 0] Parser state 'parse_vlan': key is 0800
[22:32:11.830] [bmv2] [T] [thread 6402] [159.0] [cxt 0] Bytes parsed: 18
[22:32:11.830] [bmv2] [D] [thread 6402] [159.0] [cxt 0] Parser 'parser' entering state 'parse_ipv4'
[22:32:11.830] [bmv2] [D] [thread 6402] [159.0] [cxt 0] Extracting header 'ipv4'
[22:32:11.830] [bmv2] [D] [thread 6402] [159.0] [cxt 0] Parser set: setting field 'scalars.tmp' from expression, new value is 1
[22:32:11.830] [bmv2] [D] [thread 6402] [159.0] [cxt 0] Parser state 'parse_ipv4': key is 05
[22:32:11.830] [bmv2] [T] [thread 6402] [159.0] [cxt 0] Bytes parsed: 38
[22:32:11.830] [bmv2] [D] [thread 6402] [159.0] [cxt 0] Parser 'parser': end
[22:32:11.830] [bmv2] [D] [thread 6402] [159.0] [cxt 0] Pipeline 'ingress': start
[22:32:11.830] [bmv2] [T] [thread 6402] [159.0] [cxt 0] qos.p4(197) Condition "hdr.ipv4.isValid()" (node_2) is true
[22:32:11.830] [bmv2] [T] [thread 6402] [159.0] [cxt 0] qos.p4(198) Condition "hdr.ipv4_option.isValid()" (node_3) is false
[22:32:11.830] [bmv2] [T] [thread 6402] [159.0] [cxt 0] Applying table 'MyIngress.ipv4_lpm'
[22:32:11.830] [bmv2] [D] [thread 6402] [159.0] [cxt 0] Looking up key:
* hdr.ipv4.dstAddr    : 0a000202

[22:32:11.830] [bmv2] [D] [thread 6402] [159.0] [cxt 0] Table 'MyIngress.ipv4_lpm': hit with handle 2
[22:32:11.830] [bmv2] [D] [thread 6402] [159.0] [cxt 0] Dumping entry 2
Match key:
* hdr.ipv4.dstAddr    : LPM       0a000200/24
Action entry: MyIngress.ipv4_forward - 80000000200,3,

[22:32:11.830] [bmv2] [D] [thread 6402] [159.0] [cxt 0] Action entry is MyIngress.ipv4_forward - 80000000200,3,
[22:32:11.830] [bmv2] [T] [thread 6402] [159.0] [cxt 0] Action MyIngress.ipv4_forward
[22:32:11.830] [bmv2] [T] [thread 6402] [159.0] [cxt 0] qos.p4(175) Primitive standard_metadata.egress_spec = port
[22:32:11.830] [bmv2] [T] [thread 6402] [159.0] [cxt 0] qos.p4(176) Primitive hdr.ethernet.srcAddr = hdr.ethernet.dstAddr
[22:32:11.830] [bmv2] [T] [thread 6402] [159.0] [cxt 0] qos.p4(177) Primitive hdr.ethernet.dstAddr = dstAddr
[22:32:11.831] [bmv2] [T] [thread 6402] [159.0] [cxt 0] qos.p4(178) Primitive hdr.ipv4.ttl = hdr.ipv4.ttl - 1
[22:32:11.831] [bmv2] [D] [thread 6402] [159.0] [cxt 0] Pipeline 'ingress': end
[22:32:11.831] [bmv2] [D] [thread 6402] [159.0] [cxt 0] Egress port is 3
[22:32:11.831] [bmv2] [D] [thread 6406] [159.0] [cxt 0] Pipeline 'egress': start
[22:32:11.831] [bmv2] [D] [thread 6406] [159.0] [cxt 0] Pipeline 'egress': end
[22:32:11.831] [bmv2] [D] [thread 6406] [159.0] [cxt 0] Deparser 'deparser': start
[22:32:11.831] [bmv2] [D] [thread 6406] [159.0] [cxt 0] Updating checksum 'cksum'
[22:32:11.831] [bmv2] [D] [thread 6406] [159.0] [cxt 0] Deparsing header 'ethernet'
[22:32:11.831] [bmv2] [D] [thread 6406] [159.0] [cxt 0] Deparsing header 'vlan'
[22:32:11.831] [bmv2] [D] [thread 6406] [159.0] [cxt 0] Deparsing header 'ipv4'
[22:32:11.831] [bmv2] [D] [thread 6406] [159.0] [cxt 0] Deparser 'deparser': end
[22:32:11.831] [bmv2] [D] [thread 6407] [159.0] [cxt 0] Transmitting packet of size 558 out of port 3
[22:32:11.957] [bmv2] [D] [thread 6402] [160.0] [cxt 0] Processing packet received on port 1
[22:32:11.957] [bmv2] [D] [thread 6402] [160.0] [cxt 0] Parser 'parser': start
[22:32:11.957] [bmv2] [D] [thread 6402] [160.0] [cxt 0] Parser 'parser' entering state 'start'
[22:32:11.957] [bmv2] [D] [thread 6402] [160.0] [cxt 0] Extracting header 'ethernet'
[22:32:11.957] [bmv2] [D] [thread 6402] [160.0] [cxt 0] Parser state 'start': key is 8100
[22:32:11.957] [bmv2] [T] [thread 6402] [160.0] [cxt 0] Bytes parsed: 14
[22:32:11.957] [bmv2] [D] [thread 6402] [160.0] [cxt 0] Parser 'parser' entering state 'parse_vlan'
[22:32:11.957] [bmv2] [D] [thread 6402] [160.0] [cxt 0] Extracting header 'vlan'
[22:32:11.957] [bmv2] [D] [thread 6402] [160.0] [cxt 0] Parser state 'parse_vlan': key is 0800
[22:32:11.957] [bmv2] [T] [thread 6402] [160.0] [cxt 0] Bytes parsed: 18
[22:32:11.957] [bmv2] [D] [thread 6402] [160.0] [cxt 0] Parser 'parser' entering state 'parse_ipv4'
[22:32:11.958] [bmv2] [D] [thread 6402] [160.0] [cxt 0] Extracting header 'ipv4'
[22:32:11.958] [bmv2] [D] [thread 6402] [160.0] [cxt 0] Parser set: setting field 'scalars.tmp' from expression, new value is 1
[22:32:11.958] [bmv2] [D] [thread 6402] [160.0] [cxt 0] Parser state 'parse_ipv4': key is 05
[22:32:11.958] [bmv2] [T] [thread 6402] [160.0] [cxt 0] Bytes parsed: 38
[22:32:11.958] [bmv2] [D] [thread 6402] [160.0] [cxt 0] Parser 'parser': end
[22:32:11.958] [bmv2] [D] [thread 6402] [160.0] [cxt 0] Pipeline 'ingress': start
[22:32:11.958] [bmv2] [T] [thread 6402] [160.0] [cxt 0] qos.p4(197) Condition "hdr.ipv4.isValid()" (node_2) is true
[22:32:11.958] [bmv2] [T] [thread 6402] [160.0] [cxt 0] qos.p4(198) Condition "hdr.ipv4_option.isValid()" (node_3) is false
[22:32:11.958] [bmv2] [T] [thread 6402] [160.0] [cxt 0] Applying table 'MyIngress.ipv4_lpm'
[22:32:11.958] [bmv2] [D] [thread 6402] [160.0] [cxt 0] Looking up key:
* hdr.ipv4.dstAddr    : 0a000202

[22:32:11.958] [bmv2] [D] [thread 6402] [160.0] [cxt 0] Table 'MyIngress.ipv4_lpm': hit with handle 2
[22:32:11.958] [bmv2] [D] [thread 6402] [160.0] [cxt 0] Dumping entry 2
Match key:
* hdr.ipv4.dstAddr    : LPM       0a000200/24
Action entry: MyIngress.ipv4_forward - 80000000200,3,

[22:32:11.958] [bmv2] [D] [thread 6402] [160.0] [cxt 0] Action entry is MyIngress.ipv4_forward - 80000000200,3,
[22:32:11.958] [bmv2] [T] [thread 6402] [160.0] [cxt 0] Action MyIngress.ipv4_forward
[22:32:11.958] [bmv2] [T] [thread 6402] [160.0] [cxt 0] qos.p4(175) Primitive standard_metadata.egress_spec = port
[22:32:11.958] [bmv2] [T] [thread 6402] [160.0] [cxt 0] qos.p4(176) Primitive hdr.ethernet.srcAddr = hdr.ethernet.dstAddr
[22:32:11.958] [bmv2] [T] [thread 6402] [160.0] [cxt 0] qos.p4(177) Primitive hdr.ethernet.dstAddr = dstAddr
[22:32:11.958] [bmv2] [T] [thread 6402] [160.0] [cxt 0] qos.p4(178) Primitive hdr.ipv4.ttl = hdr.ipv4.ttl - 1
[22:32:11.958] [bmv2] [D] [thread 6402] [160.0] [cxt 0] Pipeline 'ingress': end
[22:32:11.958] [bmv2] [D] [thread 6402] [160.0] [cxt 0] Egress port is 3
[22:32:11.958] [bmv2] [D] [thread 6406] [160.0] [cxt 0] Pipeline 'egress': start
[22:32:11.958] [bmv2] [D] [thread 6406] [160.0] [cxt 0] Pipeline 'egress': end
[22:32:11.958] [bmv2] [D] [thread 6406] [160.0] [cxt 0] Deparser 'deparser': start
[22:32:11.958] [bmv2] [D] [thread 6406] [160.0] [cxt 0] Updating checksum 'cksum'
[22:32:11.958] [bmv2] [D] [thread 6406] [160.0] [cxt 0] Deparsing header 'ethernet'
[22:32:11.958] [bmv2] [D] [thread 6406] [160.0] [cxt 0] Deparsing header 'vlan'
[22:32:11.958] [bmv2] [D] [thread 6406] [160.0] [cxt 0] Deparsing header 'ipv4'
[22:32:11.959] [bmv2] [D] [thread 6406] [160.0] [cxt 0] Deparser 'deparser': end
[22:32:11.959] [bmv2] [D] [thread 6407] [160.0] [cxt 0] Transmitting packet of size 558 out of port 3
[22:32:12.091] [bmv2] [D] [thread 6402] [161.0] [cxt 0] Processing packet received on port 1
[22:32:12.091] [bmv2] [D] [thread 6402] [161.0] [cxt 0] Parser 'parser': start
[22:32:12.091] [bmv2] [D] [thread 6402] [161.0] [cxt 0] Parser 'parser' entering state 'start'
[22:32:12.091] [bmv2] [D] [thread 6402] [161.0] [cxt 0] Extracting header 'ethernet'
[22:32:12.091] [bmv2] [D] [thread 6402] [161.0] [cxt 0] Parser state 'start': key is 8100
[22:32:12.091] [bmv2] [T] [thread 6402] [161.0] [cxt 0] Bytes parsed: 14
[22:32:12.091] [bmv2] [D] [thread 6402] [161.0] [cxt 0] Parser 'parser' entering state 'parse_vlan'
[22:32:12.091] [bmv2] [D] [thread 6402] [161.0] [cxt 0] Extracting header 'vlan'
[22:32:12.091] [bmv2] [D] [thread 6402] [161.0] [cxt 0] Parser state 'parse_vlan': key is 0800
[22:32:12.091] [bmv2] [T] [thread 6402] [161.0] [cxt 0] Bytes parsed: 18
[22:32:12.091] [bmv2] [D] [thread 6402] [161.0] [cxt 0] Parser 'parser' entering state 'parse_ipv4'
[22:32:12.091] [bmv2] [D] [thread 6402] [161.0] [cxt 0] Extracting header 'ipv4'
[22:32:12.091] [bmv2] [D] [thread 6402] [161.0] [cxt 0] Parser set: setting field 'scalars.tmp' from expression, new value is 1
[22:32:12.091] [bmv2] [D] [thread 6402] [161.0] [cxt 0] Parser state 'parse_ipv4': key is 05
[22:32:12.091] [bmv2] [T] [thread 6402] [161.0] [cxt 0] Bytes parsed: 38
[22:32:12.091] [bmv2] [D] [thread 6402] [161.0] [cxt 0] Parser 'parser': end
[22:32:12.091] [bmv2] [D] [thread 6402] [161.0] [cxt 0] Pipeline 'ingress': start
[22:32:12.091] [bmv2] [T] [thread 6402] [161.0] [cxt 0] qos.p4(197) Condition "hdr.ipv4.isValid()" (node_2) is true
[22:32:12.091] [bmv2] [T] [thread 6402] [161.0] [cxt 0] qos.p4(198) Condition "hdr.ipv4_option.isValid()" (node_3) is false
[22:32:12.091] [bmv2] [T] [thread 6402] [161.0] [cxt 0] Applying table 'MyIngress.ipv4_lpm'
[22:32:12.091] [bmv2] [D] [thread 6402] [161.0] [cxt 0] Looking up key:
* hdr.ipv4.dstAddr    : 0a000202

[22:32:12.091] [bmv2] [D] [thread 6402] [161.0] [cxt 0] Table 'MyIngress.ipv4_lpm': hit with handle 2
[22:32:12.092] [bmv2] [D] [thread 6402] [161.0] [cxt 0] Dumping entry 2
Match key:
* hdr.ipv4.dstAddr    : LPM       0a000200/24
Action entry: MyIngress.ipv4_forward - 80000000200,3,

[22:32:12.092] [bmv2] [D] [thread 6402] [161.0] [cxt 0] Action entry is MyIngress.ipv4_forward - 80000000200,3,
[22:32:12.092] [bmv2] [T] [thread 6402] [161.0] [cxt 0] Action MyIngress.ipv4_forward
[22:32:12.092] [bmv2] [T] [thread 6402] [161.0] [cxt 0] qos.p4(175) Primitive standard_metadata.egress_spec = port
[22:32:12.092] [bmv2] [T] [thread 6402] [161.0] [cxt 0] qos.p4(176) Primitive hdr.ethernet.srcAddr = hdr.ethernet.dstAddr
[22:32:12.092] [bmv2] [T] [thread 6402] [161.0] [cxt 0] qos.p4(177) Primitive hdr.ethernet.dstAddr = dstAddr
[22:32:12.092] [bmv2] [T] [thread 6402] [161.0] [cxt 0] qos.p4(178) Primitive hdr.ipv4.ttl = hdr.ipv4.ttl - 1
[22:32:12.092] [bmv2] [D] [thread 6402] [161.0] [cxt 0] Pipeline 'ingress': end
[22:32:12.092] [bmv2] [D] [thread 6402] [161.0] [cxt 0] Egress port is 3
[22:32:12.092] [bmv2] [D] [thread 6406] [161.0] [cxt 0] Pipeline 'egress': start
[22:32:12.092] [bmv2] [D] [thread 6406] [161.0] [cxt 0] Pipeline 'egress': end
[22:32:12.092] [bmv2] [D] [thread 6406] [161.0] [cxt 0] Deparser 'deparser': start
[22:32:12.092] [bmv2] [D] [thread 6406] [161.0] [cxt 0] Updating checksum 'cksum'
[22:32:12.092] [bmv2] [D] [thread 6406] [161.0] [cxt 0] Deparsing header 'ethernet'
[22:32:12.092] [bmv2] [D] [thread 6406] [161.0] [cxt 0] Deparsing header 'vlan'
[22:32:12.092] [bmv2] [D] [thread 6406] [161.0] [cxt 0] Deparsing header 'ipv4'
[22:32:12.092] [bmv2] [D] [thread 6406] [161.0] [cxt 0] Deparser 'deparser': end
[22:32:12.092] [bmv2] [D] [thread 6407] [161.0] [cxt 0] Transmitting packet of size 558 out of port 3
[22:32:12.216] [bmv2] [D] [thread 6402] [162.0] [cxt 0] Processing packet received on port 1
[22:32:12.216] [bmv2] [D] [thread 6402] [162.0] [cxt 0] Parser 'parser': start
[22:32:12.216] [bmv2] [D] [thread 6402] [162.0] [cxt 0] Parser 'parser' entering state 'start'
[22:32:12.216] [bmv2] [D] [thread 6402] [162.0] [cxt 0] Extracting header 'ethernet'
[22:32:12.216] [bmv2] [D] [thread 6402] [162.0] [cxt 0] Parser state 'start': key is 8100
[22:32:12.216] [bmv2] [T] [thread 6402] [162.0] [cxt 0] Bytes parsed: 14
[22:32:12.216] [bmv2] [D] [thread 6402] [162.0] [cxt 0] Parser 'parser' entering state 'parse_vlan'
[22:32:12.216] [bmv2] [D] [thread 6402] [162.0] [cxt 0] Extracting header 'vlan'
[22:32:12.216] [bmv2] [D] [thread 6402] [162.0] [cxt 0] Parser state 'parse_vlan': key is 0800
[22:32:12.216] [bmv2] [T] [thread 6402] [162.0] [cxt 0] Bytes parsed: 18
[22:32:12.216] [bmv2] [D] [thread 6402] [162.0] [cxt 0] Parser 'parser' entering state 'parse_ipv4'
[22:32:12.216] [bmv2] [D] [thread 6402] [162.0] [cxt 0] Extracting header 'ipv4'
[22:32:12.216] [bmv2] [D] [thread 6402] [162.0] [cxt 0] Parser set: setting field 'scalars.tmp' from expression, new value is 1
[22:32:12.216] [bmv2] [D] [thread 6402] [162.0] [cxt 0] Parser state 'parse_ipv4': key is 05
[22:32:12.217] [bmv2] [T] [thread 6402] [162.0] [cxt 0] Bytes parsed: 38
[22:32:12.217] [bmv2] [D] [thread 6402] [162.0] [cxt 0] Parser 'parser': end
[22:32:12.217] [bmv2] [D] [thread 6402] [162.0] [cxt 0] Pipeline 'ingress': start
[22:32:12.217] [bmv2] [T] [thread 6402] [162.0] [cxt 0] qos.p4(197) Condition "hdr.ipv4.isValid()" (node_2) is true
[22:32:12.217] [bmv2] [T] [thread 6402] [162.0] [cxt 0] qos.p4(198) Condition "hdr.ipv4_option.isValid()" (node_3) is false
[22:32:12.217] [bmv2] [T] [thread 6402] [162.0] [cxt 0] Applying table 'MyIngress.ipv4_lpm'
[22:32:12.217] [bmv2] [D] [thread 6402] [162.0] [cxt 0] Looking up key:
* hdr.ipv4.dstAddr    : 0a000202

[22:32:12.217] [bmv2] [D] [thread 6402] [162.0] [cxt 0] Table 'MyIngress.ipv4_lpm': hit with handle 2
[22:32:12.217] [bmv2] [D] [thread 6402] [162.0] [cxt 0] Dumping entry 2
Match key:
* hdr.ipv4.dstAddr    : LPM       0a000200/24
Action entry: MyIngress.ipv4_forward - 80000000200,3,

[22:32:12.217] [bmv2] [D] [thread 6402] [162.0] [cxt 0] Action entry is MyIngress.ipv4_forward - 80000000200,3,
[22:32:12.217] [bmv2] [T] [thread 6402] [162.0] [cxt 0] Action MyIngress.ipv4_forward
[22:32:12.217] [bmv2] [T] [thread 6402] [162.0] [cxt 0] qos.p4(175) Primitive standard_metadata.egress_spec = port
[22:32:12.217] [bmv2] [T] [thread 6402] [162.0] [cxt 0] qos.p4(176) Primitive hdr.ethernet.srcAddr = hdr.ethernet.dstAddr
[22:32:12.217] [bmv2] [T] [thread 6402] [162.0] [cxt 0] qos.p4(177) Primitive hdr.ethernet.dstAddr = dstAddr
[22:32:12.217] [bmv2] [T] [thread 6402] [162.0] [cxt 0] qos.p4(178) Primitive hdr.ipv4.ttl = hdr.ipv4.ttl - 1
[22:32:12.217] [bmv2] [D] [thread 6402] [162.0] [cxt 0] Pipeline 'ingress': end
[22:32:12.217] [bmv2] [D] [thread 6402] [162.0] [cxt 0] Egress port is 3
[22:32:12.217] [bmv2] [D] [thread 6406] [162.0] [cxt 0] Pipeline 'egress': start
[22:32:12.217] [bmv2] [D] [thread 6406] [162.0] [cxt 0] Pipeline 'egress': end
[22:32:12.217] [bmv2] [D] [thread 6406] [162.0] [cxt 0] Deparser 'deparser': start
[22:32:12.217] [bmv2] [D] [thread 6406] [162.0] [cxt 0] Updating checksum 'cksum'
[22:32:12.218] [bmv2] [D] [thread 6406] [162.0] [cxt 0] Deparsing header 'ethernet'
[22:32:12.218] [bmv2] [D] [thread 6406] [162.0] [cxt 0] Deparsing header 'vlan'
[22:32:12.218] [bmv2] [D] [thread 6406] [162.0] [cxt 0] Deparsing header 'ipv4'
[22:32:12.218] [bmv2] [D] [thread 6406] [162.0] [cxt 0] Deparser 'deparser': end
[22:32:12.218] [bmv2] [D] [thread 6407] [162.0] [cxt 0] Transmitting packet of size 558 out of port 3
[22:32:12.343] [bmv2] [D] [thread 6402] [163.0] [cxt 0] Processing packet received on port 1
[22:32:12.344] [bmv2] [D] [thread 6402] [163.0] [cxt 0] Parser 'parser': start
[22:32:12.344] [bmv2] [D] [thread 6402] [163.0] [cxt 0] Parser 'parser' entering state 'start'
[22:32:12.344] [bmv2] [D] [thread 6402] [163.0] [cxt 0] Extracting header 'ethernet'
[22:32:12.344] [bmv2] [D] [thread 6402] [163.0] [cxt 0] Parser state 'start': key is 8100
[22:32:12.344] [bmv2] [T] [thread 6402] [163.0] [cxt 0] Bytes parsed: 14
[22:32:12.344] [bmv2] [D] [thread 6402] [163.0] [cxt 0] Parser 'parser' entering state 'parse_vlan'
[22:32:12.344] [bmv2] [D] [thread 6402] [163.0] [cxt 0] Extracting header 'vlan'
[22:32:12.344] [bmv2] [D] [thread 6402] [163.0] [cxt 0] Parser state 'parse_vlan': key is 0800
[22:32:12.344] [bmv2] [T] [thread 6402] [163.0] [cxt 0] Bytes parsed: 18
[22:32:12.344] [bmv2] [D] [thread 6402] [163.0] [cxt 0] Parser 'parser' entering state 'parse_ipv4'
[22:32:12.344] [bmv2] [D] [thread 6402] [163.0] [cxt 0] Extracting header 'ipv4'
[22:32:12.344] [bmv2] [D] [thread 6402] [163.0] [cxt 0] Parser set: setting field 'scalars.tmp' from expression, new value is 1
[22:32:12.344] [bmv2] [D] [thread 6402] [163.0] [cxt 0] Parser state 'parse_ipv4': key is 05
[22:32:12.344] [bmv2] [T] [thread 6402] [163.0] [cxt 0] Bytes parsed: 38
[22:32:12.344] [bmv2] [D] [thread 6402] [163.0] [cxt 0] Parser 'parser': end
[22:32:12.344] [bmv2] [D] [thread 6402] [163.0] [cxt 0] Pipeline 'ingress': start
[22:32:12.344] [bmv2] [T] [thread 6402] [163.0] [cxt 0] qos.p4(197) Condition "hdr.ipv4.isValid()" (node_2) is true
[22:32:12.344] [bmv2] [T] [thread 6402] [163.0] [cxt 0] qos.p4(198) Condition "hdr.ipv4_option.isValid()" (node_3) is false
[22:32:12.345] [bmv2] [T] [thread 6402] [163.0] [cxt 0] Applying table 'MyIngress.ipv4_lpm'
[22:32:12.345] [bmv2] [D] [thread 6402] [163.0] [cxt 0] Looking up key:
* hdr.ipv4.dstAddr    : 0a000202

[22:32:12.345] [bmv2] [D] [thread 6402] [163.0] [cxt 0] Table 'MyIngress.ipv4_lpm': hit with handle 2
[22:32:12.345] [bmv2] [D] [thread 6402] [163.0] [cxt 0] Dumping entry 2
Match key:
* hdr.ipv4.dstAddr    : LPM       0a000200/24
Action entry: MyIngress.ipv4_forward - 80000000200,3,

[22:32:12.345] [bmv2] [D] [thread 6402] [163.0] [cxt 0] Action entry is MyIngress.ipv4_forward - 80000000200,3,
[22:32:12.345] [bmv2] [T] [thread 6402] [163.0] [cxt 0] Action MyIngress.ipv4_forward
[22:32:12.345] [bmv2] [T] [thread 6402] [163.0] [cxt 0] qos.p4(175) Primitive standard_metadata.egress_spec = port
[22:32:12.345] [bmv2] [T] [thread 6402] [163.0] [cxt 0] qos.p4(176) Primitive hdr.ethernet.srcAddr = hdr.ethernet.dstAddr
[22:32:12.345] [bmv2] [T] [thread 6402] [163.0] [cxt 0] qos.p4(177) Primitive hdr.ethernet.dstAddr = dstAddr
[22:32:12.345] [bmv2] [T] [thread 6402] [163.0] [cxt 0] qos.p4(178) Primitive hdr.ipv4.ttl = hdr.ipv4.ttl - 1
[22:32:12.345] [bmv2] [D] [thread 6402] [163.0] [cxt 0] Pipeline 'ingress': end
[22:32:12.345] [bmv2] [D] [thread 6402] [163.0] [cxt 0] Egress port is 3
[22:32:12.345] [bmv2] [D] [thread 6406] [163.0] [cxt 0] Pipeline 'egress': start
[22:32:12.345] [bmv2] [D] [thread 6406] [163.0] [cxt 0] Pipeline 'egress': end
[22:32:12.345] [bmv2] [D] [thread 6406] [163.0] [cxt 0] Deparser 'deparser': start
[22:32:12.345] [bmv2] [D] [thread 6406] [163.0] [cxt 0] Updating checksum 'cksum'
[22:32:12.345] [bmv2] [D] [thread 6406] [163.0] [cxt 0] Deparsing header 'ethernet'
[22:32:12.345] [bmv2] [D] [thread 6406] [163.0] [cxt 0] Deparsing header 'vlan'
[22:32:12.345] [bmv2] [D] [thread 6406] [163.0] [cxt 0] Deparsing header 'ipv4'
[22:32:12.345] [bmv2] [D] [thread 6406] [163.0] [cxt 0] Deparser 'deparser': end
[22:32:12.345] [bmv2] [D] [thread 6407] [163.0] [cxt 0] Transmitting packet of size 558 out of port 3
[22:32:12.470] [bmv2] [D] [thread 6402] [164.0] [cxt 0] Processing packet received on port 1
[22:32:12.470] [bmv2] [D] [thread 6402] [164.0] [cxt 0] Parser 'parser': start
[22:32:12.470] [bmv2] [D] [thread 6402] [164.0] [cxt 0] Parser 'parser' entering state 'start'
[22:32:12.470] [bmv2] [D] [thread 6402] [164.0] [cxt 0] Extracting header 'ethernet'
[22:32:12.471] [bmv2] [D] [thread 6402] [164.0] [cxt 0] Parser state 'start': key is 8100
[22:32:12.471] [bmv2] [T] [thread 6402] [164.0] [cxt 0] Bytes parsed: 14
[22:32:12.471] [bmv2] [D] [thread 6402] [164.0] [cxt 0] Parser 'parser' entering state 'parse_vlan'
[22:32:12.471] [bmv2] [D] [thread 6402] [164.0] [cxt 0] Extracting header 'vlan'
[22:32:12.471] [bmv2] [D] [thread 6402] [164.0] [cxt 0] Parser state 'parse_vlan': key is 0800
[22:32:12.471] [bmv2] [T] [thread 6402] [164.0] [cxt 0] Bytes parsed: 18
[22:32:12.471] [bmv2] [D] [thread 6402] [164.0] [cxt 0] Parser 'parser' entering state 'parse_ipv4'
[22:32:12.471] [bmv2] [D] [thread 6402] [164.0] [cxt 0] Extracting header 'ipv4'
[22:32:12.471] [bmv2] [D] [thread 6402] [164.0] [cxt 0] Parser set: setting field 'scalars.tmp' from expression, new value is 1
[22:32:12.471] [bmv2] [D] [thread 6402] [164.0] [cxt 0] Parser state 'parse_ipv4': key is 05
[22:32:12.471] [bmv2] [T] [thread 6402] [164.0] [cxt 0] Bytes parsed: 38
[22:32:12.471] [bmv2] [D] [thread 6402] [164.0] [cxt 0] Parser 'parser': end
[22:32:12.471] [bmv2] [D] [thread 6402] [164.0] [cxt 0] Pipeline 'ingress': start
[22:32:12.471] [bmv2] [T] [thread 6402] [164.0] [cxt 0] qos.p4(197) Condition "hdr.ipv4.isValid()" (node_2) is true
[22:32:12.471] [bmv2] [T] [thread 6402] [164.0] [cxt 0] qos.p4(198) Condition "hdr.ipv4_option.isValid()" (node_3) is false
[22:32:12.471] [bmv2] [T] [thread 6402] [164.0] [cxt 0] Applying table 'MyIngress.ipv4_lpm'
[22:32:12.471] [bmv2] [D] [thread 6402] [164.0] [cxt 0] Looking up key:
* hdr.ipv4.dstAddr    : 0a000202

[22:32:12.471] [bmv2] [D] [thread 6402] [164.0] [cxt 0] Table 'MyIngress.ipv4_lpm': hit with handle 2
[22:32:12.471] [bmv2] [D] [thread 6402] [164.0] [cxt 0] Dumping entry 2
Match key:
* hdr.ipv4.dstAddr    : LPM       0a000200/24
Action entry: MyIngress.ipv4_forward - 80000000200,3,

[22:32:12.471] [bmv2] [D] [thread 6402] [164.0] [cxt 0] Action entry is MyIngress.ipv4_forward - 80000000200,3,
[22:32:12.471] [bmv2] [T] [thread 6402] [164.0] [cxt 0] Action MyIngress.ipv4_forward
[22:32:12.471] [bmv2] [T] [thread 6402] [164.0] [cxt 0] qos.p4(175) Primitive standard_metadata.egress_spec = port
[22:32:12.471] [bmv2] [T] [thread 6402] [164.0] [cxt 0] qos.p4(176) Primitive hdr.ethernet.srcAddr = hdr.ethernet.dstAddr
[22:32:12.471] [bmv2] [T] [thread 6402] [164.0] [cxt 0] qos.p4(177) Primitive hdr.ethernet.dstAddr = dstAddr
[22:32:12.471] [bmv2] [T] [thread 6402] [164.0] [cxt 0] qos.p4(178) Primitive hdr.ipv4.ttl = hdr.ipv4.ttl - 1
[22:32:12.472] [bmv2] [D] [thread 6402] [164.0] [cxt 0] Pipeline 'ingress': end
[22:32:12.472] [bmv2] [D] [thread 6402] [164.0] [cxt 0] Egress port is 3
[22:32:12.472] [bmv2] [D] [thread 6406] [164.0] [cxt 0] Pipeline 'egress': start
[22:32:12.472] [bmv2] [D] [thread 6406] [164.0] [cxt 0] Pipeline 'egress': end
[22:32:12.472] [bmv2] [D] [thread 6406] [164.0] [cxt 0] Deparser 'deparser': start
[22:32:12.472] [bmv2] [D] [thread 6406] [164.0] [cxt 0] Updating checksum 'cksum'
[22:32:12.472] [bmv2] [D] [thread 6406] [164.0] [cxt 0] Deparsing header 'ethernet'
[22:32:12.472] [bmv2] [D] [thread 6406] [164.0] [cxt 0] Deparsing header 'vlan'
[22:32:12.472] [bmv2] [D] [thread 6406] [164.0] [cxt 0] Deparsing header 'ipv4'
[22:32:12.472] [bmv2] [D] [thread 6406] [164.0] [cxt 0] Deparser 'deparser': end
[22:32:12.472] [bmv2] [D] [thread 6407] [164.0] [cxt 0] Transmitting packet of size 558 out of port 3
[22:32:12.598] [bmv2] [D] [thread 6402] [165.0] [cxt 0] Processing packet received on port 1
[22:32:12.598] [bmv2] [D] [thread 6402] [165.0] [cxt 0] Parser 'parser': start
[22:32:12.598] [bmv2] [D] [thread 6402] [165.0] [cxt 0] Parser 'parser' entering state 'start'
[22:32:12.598] [bmv2] [D] [thread 6402] [165.0] [cxt 0] Extracting header 'ethernet'
[22:32:12.599] [bmv2] [D] [thread 6402] [165.0] [cxt 0] Parser state 'start': key is 8100
[22:32:12.599] [bmv2] [T] [thread 6402] [165.0] [cxt 0] Bytes parsed: 14
[22:32:12.599] [bmv2] [D] [thread 6402] [165.0] [cxt 0] Parser 'parser' entering state 'parse_vlan'
[22:32:12.599] [bmv2] [D] [thread 6402] [165.0] [cxt 0] Extracting header 'vlan'
[22:32:12.599] [bmv2] [D] [thread 6402] [165.0] [cxt 0] Parser state 'parse_vlan': key is 0800
[22:32:12.599] [bmv2] [T] [thread 6402] [165.0] [cxt 0] Bytes parsed: 18
[22:32:12.599] [bmv2] [D] [thread 6402] [165.0] [cxt 0] Parser 'parser' entering state 'parse_ipv4'
[22:32:12.599] [bmv2] [D] [thread 6402] [165.0] [cxt 0] Extracting header 'ipv4'
[22:32:12.599] [bmv2] [D] [thread 6402] [165.0] [cxt 0] Parser set: setting field 'scalars.tmp' from expression, new value is 1
[22:32:12.599] [bmv2] [D] [thread 6402] [165.0] [cxt 0] Parser state 'parse_ipv4': key is 05
[22:32:12.599] [bmv2] [T] [thread 6402] [165.0] [cxt 0] Bytes parsed: 38
[22:32:12.599] [bmv2] [D] [thread 6402] [165.0] [cxt 0] Parser 'parser': end
[22:32:12.599] [bmv2] [D] [thread 6402] [165.0] [cxt 0] Pipeline 'ingress': start
[22:32:12.599] [bmv2] [T] [thread 6402] [165.0] [cxt 0] qos.p4(197) Condition "hdr.ipv4.isValid()" (node_2) is true
[22:32:12.599] [bmv2] [T] [thread 6402] [165.0] [cxt 0] qos.p4(198) Condition "hdr.ipv4_option.isValid()" (node_3) is false
[22:32:12.599] [bmv2] [T] [thread 6402] [165.0] [cxt 0] Applying table 'MyIngress.ipv4_lpm'
[22:32:12.599] [bmv2] [D] [thread 6402] [165.0] [cxt 0] Looking up key:
* hdr.ipv4.dstAddr    : 0a000202

[22:32:12.599] [bmv2] [D] [thread 6402] [165.0] [cxt 0] Table 'MyIngress.ipv4_lpm': hit with handle 2
[22:32:12.599] [bmv2] [D] [thread 6402] [165.0] [cxt 0] Dumping entry 2
Match key:
* hdr.ipv4.dstAddr    : LPM       0a000200/24
Action entry: MyIngress.ipv4_forward - 80000000200,3,

[22:32:12.599] [bmv2] [D] [thread 6402] [165.0] [cxt 0] Action entry is MyIngress.ipv4_forward - 80000000200,3,
[22:32:12.599] [bmv2] [T] [thread 6402] [165.0] [cxt 0] Action MyIngress.ipv4_forward
[22:32:12.599] [bmv2] [T] [thread 6402] [165.0] [cxt 0] qos.p4(175) Primitive standard_metadata.egress_spec = port
[22:32:12.600] [bmv2] [T] [thread 6402] [165.0] [cxt 0] qos.p4(176) Primitive hdr.ethernet.srcAddr = hdr.ethernet.dstAddr
[22:32:12.600] [bmv2] [T] [thread 6402] [165.0] [cxt 0] qos.p4(177) Primitive hdr.ethernet.dstAddr = dstAddr
[22:32:12.600] [bmv2] [T] [thread 6402] [165.0] [cxt 0] qos.p4(178) Primitive hdr.ipv4.ttl = hdr.ipv4.ttl - 1
[22:32:12.600] [bmv2] [D] [thread 6402] [165.0] [cxt 0] Pipeline 'ingress': end
[22:32:12.600] [bmv2] [D] [thread 6402] [165.0] [cxt 0] Egress port is 3
[22:32:12.600] [bmv2] [D] [thread 6406] [165.0] [cxt 0] Pipeline 'egress': start
[22:32:12.600] [bmv2] [D] [thread 6406] [165.0] [cxt 0] Pipeline 'egress': end
[22:32:12.600] [bmv2] [D] [thread 6406] [165.0] [cxt 0] Deparser 'deparser': start
[22:32:12.600] [bmv2] [D] [thread 6406] [165.0] [cxt 0] Updating checksum 'cksum'
[22:32:12.600] [bmv2] [D] [thread 6406] [165.0] [cxt 0] Deparsing header 'ethernet'
[22:32:12.600] [bmv2] [D] [thread 6406] [165.0] [cxt 0] Deparsing header 'vlan'
[22:32:12.600] [bmv2] [D] [thread 6406] [165.0] [cxt 0] Deparsing header 'ipv4'
[22:32:12.600] [bmv2] [D] [thread 6406] [165.0] [cxt 0] Deparser 'deparser': end
[22:32:12.600] [bmv2] [D] [thread 6407] [165.0] [cxt 0] Transmitting packet of size 558 out of port 3
[22:32:12.727] [bmv2] [D] [thread 6402] [166.0] [cxt 0] Processing packet received on port 1
[22:32:12.728] [bmv2] [D] [thread 6402] [166.0] [cxt 0] Parser 'parser': start
[22:32:12.728] [bmv2] [D] [thread 6402] [166.0] [cxt 0] Parser 'parser' entering state 'start'
[22:32:12.728] [bmv2] [D] [thread 6402] [166.0] [cxt 0] Extracting header 'ethernet'
[22:32:12.728] [bmv2] [D] [thread 6402] [166.0] [cxt 0] Parser state 'start': key is 8100
[22:32:12.728] [bmv2] [T] [thread 6402] [166.0] [cxt 0] Bytes parsed: 14
[22:32:12.728] [bmv2] [D] [thread 6402] [166.0] [cxt 0] Parser 'parser' entering state 'parse_vlan'
[22:32:12.728] [bmv2] [D] [thread 6402] [166.0] [cxt 0] Extracting header 'vlan'
[22:32:12.728] [bmv2] [D] [thread 6402] [166.0] [cxt 0] Parser state 'parse_vlan': key is 0800
[22:32:12.728] [bmv2] [T] [thread 6402] [166.0] [cxt 0] Bytes parsed: 18
[22:32:12.728] [bmv2] [D] [thread 6402] [166.0] [cxt 0] Parser 'parser' entering state 'parse_ipv4'
[22:32:12.728] [bmv2] [D] [thread 6402] [166.0] [cxt 0] Extracting header 'ipv4'
[22:32:12.728] [bmv2] [D] [thread 6402] [166.0] [cxt 0] Parser set: setting field 'scalars.tmp' from expression, new value is 1
[22:32:12.728] [bmv2] [D] [thread 6402] [166.0] [cxt 0] Parser state 'parse_ipv4': key is 05
[22:32:12.728] [bmv2] [T] [thread 6402] [166.0] [cxt 0] Bytes parsed: 38
[22:32:12.728] [bmv2] [D] [thread 6402] [166.0] [cxt 0] Parser 'parser': end
[22:32:12.728] [bmv2] [D] [thread 6402] [166.0] [cxt 0] Pipeline 'ingress': start
[22:32:12.728] [bmv2] [T] [thread 6402] [166.0] [cxt 0] qos.p4(197) Condition "hdr.ipv4.isValid()" (node_2) is true
[22:32:12.728] [bmv2] [T] [thread 6402] [166.0] [cxt 0] qos.p4(198) Condition "hdr.ipv4_option.isValid()" (node_3) is false
[22:32:12.728] [bmv2] [T] [thread 6402] [166.0] [cxt 0] Applying table 'MyIngress.ipv4_lpm'
[22:32:12.728] [bmv2] [D] [thread 6402] [166.0] [cxt 0] Looking up key:
* hdr.ipv4.dstAddr    : 0a000202

[22:32:12.728] [bmv2] [D] [thread 6402] [166.0] [cxt 0] Table 'MyIngress.ipv4_lpm': hit with handle 2
[22:32:12.729] [bmv2] [D] [thread 6402] [166.0] [cxt 0] Dumping entry 2
Match key:
* hdr.ipv4.dstAddr    : LPM       0a000200/24
Action entry: MyIngress.ipv4_forward - 80000000200,3,

[22:32:12.729] [bmv2] [D] [thread 6402] [166.0] [cxt 0] Action entry is MyIngress.ipv4_forward - 80000000200,3,
[22:32:12.729] [bmv2] [T] [thread 6402] [166.0] [cxt 0] Action MyIngress.ipv4_forward
[22:32:12.729] [bmv2] [T] [thread 6402] [166.0] [cxt 0] qos.p4(175) Primitive standard_metadata.egress_spec = port
[22:32:12.729] [bmv2] [T] [thread 6402] [166.0] [cxt 0] qos.p4(176) Primitive hdr.ethernet.srcAddr = hdr.ethernet.dstAddr
[22:32:12.729] [bmv2] [T] [thread 6402] [166.0] [cxt 0] qos.p4(177) Primitive hdr.ethernet.dstAddr = dstAddr
[22:32:12.729] [bmv2] [T] [thread 6402] [166.0] [cxt 0] qos.p4(178) Primitive hdr.ipv4.ttl = hdr.ipv4.ttl - 1
[22:32:12.729] [bmv2] [D] [thread 6402] [166.0] [cxt 0] Pipeline 'ingress': end
[22:32:12.729] [bmv2] [D] [thread 6402] [166.0] [cxt 0] Egress port is 3
[22:32:12.729] [bmv2] [D] [thread 6406] [166.0] [cxt 0] Pipeline 'egress': start
[22:32:12.729] [bmv2] [D] [thread 6406] [166.0] [cxt 0] Pipeline 'egress': end
[22:32:12.729] [bmv2] [D] [thread 6406] [166.0] [cxt 0] Deparser 'deparser': start
[22:32:12.729] [bmv2] [D] [thread 6406] [166.0] [cxt 0] Updating checksum 'cksum'
[22:32:12.729] [bmv2] [D] [thread 6406] [166.0] [cxt 0] Deparsing header 'ethernet'
[22:32:12.729] [bmv2] [D] [thread 6406] [166.0] [cxt 0] Deparsing header 'vlan'
[22:32:12.729] [bmv2] [D] [thread 6406] [166.0] [cxt 0] Deparsing header 'ipv4'
[22:32:12.729] [bmv2] [D] [thread 6406] [166.0] [cxt 0] Deparser 'deparser': end
[22:32:12.729] [bmv2] [D] [thread 6407] [166.0] [cxt 0] Transmitting packet of size 558 out of port 3
[22:32:12.850] [bmv2] [D] [thread 6402] [167.0] [cxt 0] Processing packet received on port 1
[22:32:12.850] [bmv2] [D] [thread 6402] [167.0] [cxt 0] Parser 'parser': start
[22:32:12.850] [bmv2] [D] [thread 6402] [167.0] [cxt 0] Parser 'parser' entering state 'start'
[22:32:12.850] [bmv2] [D] [thread 6402] [167.0] [cxt 0] Extracting header 'ethernet'
[22:32:12.850] [bmv2] [D] [thread 6402] [167.0] [cxt 0] Parser state 'start': key is 8100
[22:32:12.850] [bmv2] [T] [thread 6402] [167.0] [cxt 0] Bytes parsed: 14
[22:32:12.850] [bmv2] [D] [thread 6402] [167.0] [cxt 0] Parser 'parser' entering state 'parse_vlan'
[22:32:12.850] [bmv2] [D] [thread 6402] [167.0] [cxt 0] Extracting header 'vlan'
[22:32:12.850] [bmv2] [D] [thread 6402] [167.0] [cxt 0] Parser state 'parse_vlan': key is 0800
[22:32:12.850] [bmv2] [T] [thread 6402] [167.0] [cxt 0] Bytes parsed: 18
[22:32:12.850] [bmv2] [D] [thread 6402] [167.0] [cxt 0] Parser 'parser' entering state 'parse_ipv4'
[22:32:12.850] [bmv2] [D] [thread 6402] [167.0] [cxt 0] Extracting header 'ipv4'
[22:32:12.850] [bmv2] [D] [thread 6402] [167.0] [cxt 0] Parser set: setting field 'scalars.tmp' from expression, new value is 1
[22:32:12.851] [bmv2] [D] [thread 6402] [167.0] [cxt 0] Parser state 'parse_ipv4': key is 05
[22:32:12.851] [bmv2] [T] [thread 6402] [167.0] [cxt 0] Bytes parsed: 38
[22:32:12.851] [bmv2] [D] [thread 6402] [167.0] [cxt 0] Parser 'parser': end
[22:32:12.851] [bmv2] [D] [thread 6402] [167.0] [cxt 0] Pipeline 'ingress': start
[22:32:12.851] [bmv2] [T] [thread 6402] [167.0] [cxt 0] qos.p4(197) Condition "hdr.ipv4.isValid()" (node_2) is true
[22:32:12.851] [bmv2] [T] [thread 6402] [167.0] [cxt 0] qos.p4(198) Condition "hdr.ipv4_option.isValid()" (node_3) is false
[22:32:12.851] [bmv2] [T] [thread 6402] [167.0] [cxt 0] Applying table 'MyIngress.ipv4_lpm'
[22:32:12.851] [bmv2] [D] [thread 6402] [167.0] [cxt 0] Looking up key:
* hdr.ipv4.dstAddr    : 0a000202

[22:32:12.851] [bmv2] [D] [thread 6402] [167.0] [cxt 0] Table 'MyIngress.ipv4_lpm': hit with handle 2
[22:32:12.851] [bmv2] [D] [thread 6402] [167.0] [cxt 0] Dumping entry 2
Match key:
* hdr.ipv4.dstAddr    : LPM       0a000200/24
Action entry: MyIngress.ipv4_forward - 80000000200,3,

[22:32:12.851] [bmv2] [D] [thread 6402] [167.0] [cxt 0] Action entry is MyIngress.ipv4_forward - 80000000200,3,
[22:32:12.851] [bmv2] [T] [thread 6402] [167.0] [cxt 0] Action MyIngress.ipv4_forward
[22:32:12.851] [bmv2] [T] [thread 6402] [167.0] [cxt 0] qos.p4(175) Primitive standard_metadata.egress_spec = port
[22:32:12.851] [bmv2] [T] [thread 6402] [167.0] [cxt 0] qos.p4(176) Primitive hdr.ethernet.srcAddr = hdr.ethernet.dstAddr
[22:32:12.851] [bmv2] [T] [thread 6402] [167.0] [cxt 0] qos.p4(177) Primitive hdr.ethernet.dstAddr = dstAddr
[22:32:12.851] [bmv2] [T] [thread 6402] [167.0] [cxt 0] qos.p4(178) Primitive hdr.ipv4.ttl = hdr.ipv4.ttl - 1
[22:32:12.851] [bmv2] [D] [thread 6402] [167.0] [cxt 0] Pipeline 'ingress': end
[22:32:12.851] [bmv2] [D] [thread 6402] [167.0] [cxt 0] Egress port is 3
[22:32:12.851] [bmv2] [D] [thread 6406] [167.0] [cxt 0] Pipeline 'egress': start
[22:32:12.851] [bmv2] [D] [thread 6406] [167.0] [cxt 0] Pipeline 'egress': end
[22:32:12.851] [bmv2] [D] [thread 6406] [167.0] [cxt 0] Deparser 'deparser': start
[22:32:12.851] [bmv2] [D] [thread 6406] [167.0] [cxt 0] Updating checksum 'cksum'
[22:32:12.852] [bmv2] [D] [thread 6406] [167.0] [cxt 0] Deparsing header 'ethernet'
[22:32:12.852] [bmv2] [D] [thread 6406] [167.0] [cxt 0] Deparsing header 'vlan'
[22:32:12.852] [bmv2] [D] [thread 6406] [167.0] [cxt 0] Deparsing header 'ipv4'
[22:32:12.852] [bmv2] [D] [thread 6406] [167.0] [cxt 0] Deparser 'deparser': end
[22:32:12.852] [bmv2] [D] [thread 6407] [167.0] [cxt 0] Transmitting packet of size 558 out of port 3
[22:32:12.974] [bmv2] [D] [thread 6402] [168.0] [cxt 0] Processing packet received on port 1
[22:32:12.974] [bmv2] [D] [thread 6402] [168.0] [cxt 0] Parser 'parser': start
[22:32:12.974] [bmv2] [D] [thread 6402] [168.0] [cxt 0] Parser 'parser' entering state 'start'
[22:32:12.974] [bmv2] [D] [thread 6402] [168.0] [cxt 0] Extracting header 'ethernet'
[22:32:12.974] [bmv2] [D] [thread 6402] [168.0] [cxt 0] Parser state 'start': key is 8100
[22:32:12.974] [bmv2] [T] [thread 6402] [168.0] [cxt 0] Bytes parsed: 14
[22:32:12.974] [bmv2] [D] [thread 6402] [168.0] [cxt 0] Parser 'parser' entering state 'parse_vlan'
[22:32:12.974] [bmv2] [D] [thread 6402] [168.0] [cxt 0] Extracting header 'vlan'
[22:32:12.975] [bmv2] [D] [thread 6402] [168.0] [cxt 0] Parser state 'parse_vlan': key is 0800
[22:32:12.975] [bmv2] [T] [thread 6402] [168.0] [cxt 0] Bytes parsed: 18
[22:32:12.975] [bmv2] [D] [thread 6402] [168.0] [cxt 0] Parser 'parser' entering state 'parse_ipv4'
[22:32:12.975] [bmv2] [D] [thread 6402] [168.0] [cxt 0] Extracting header 'ipv4'
[22:32:12.975] [bmv2] [D] [thread 6402] [168.0] [cxt 0] Parser set: setting field 'scalars.tmp' from expression, new value is 1
[22:32:12.975] [bmv2] [D] [thread 6402] [168.0] [cxt 0] Parser state 'parse_ipv4': key is 05
[22:32:12.975] [bmv2] [T] [thread 6402] [168.0] [cxt 0] Bytes parsed: 38
[22:32:12.975] [bmv2] [D] [thread 6402] [168.0] [cxt 0] Parser 'parser': end
[22:32:12.975] [bmv2] [D] [thread 6402] [168.0] [cxt 0] Pipeline 'ingress': start
[22:32:12.975] [bmv2] [T] [thread 6402] [168.0] [cxt 0] qos.p4(197) Condition "hdr.ipv4.isValid()" (node_2) is true
[22:32:12.975] [bmv2] [T] [thread 6402] [168.0] [cxt 0] qos.p4(198) Condition "hdr.ipv4_option.isValid()" (node_3) is false
[22:32:12.975] [bmv2] [T] [thread 6402] [168.0] [cxt 0] Applying table 'MyIngress.ipv4_lpm'
[22:32:12.975] [bmv2] [D] [thread 6402] [168.0] [cxt 0] Looking up key:
* hdr.ipv4.dstAddr    : 0a000202

[22:32:12.975] [bmv2] [D] [thread 6402] [168.0] [cxt 0] Table 'MyIngress.ipv4_lpm': hit with handle 2
[22:32:12.975] [bmv2] [D] [thread 6402] [168.0] [cxt 0] Dumping entry 2
Match key:
* hdr.ipv4.dstAddr    : LPM       0a000200/24
Action entry: MyIngress.ipv4_forward - 80000000200,3,

[22:32:12.975] [bmv2] [D] [thread 6402] [168.0] [cxt 0] Action entry is MyIngress.ipv4_forward - 80000000200,3,
[22:32:12.975] [bmv2] [T] [thread 6402] [168.0] [cxt 0] Action MyIngress.ipv4_forward
[22:32:12.975] [bmv2] [T] [thread 6402] [168.0] [cxt 0] qos.p4(175) Primitive standard_metadata.egress_spec = port
[22:32:12.976] [bmv2] [T] [thread 6402] [168.0] [cxt 0] qos.p4(176) Primitive hdr.ethernet.srcAddr = hdr.ethernet.dstAddr
[22:32:12.976] [bmv2] [T] [thread 6402] [168.0] [cxt 0] qos.p4(177) Primitive hdr.ethernet.dstAddr = dstAddr
[22:32:12.976] [bmv2] [T] [thread 6402] [168.0] [cxt 0] qos.p4(178) Primitive hdr.ipv4.ttl = hdr.ipv4.ttl - 1
[22:32:12.976] [bmv2] [D] [thread 6402] [168.0] [cxt 0] Pipeline 'ingress': end
[22:32:12.976] [bmv2] [D] [thread 6402] [168.0] [cxt 0] Egress port is 3
[22:32:12.976] [bmv2] [D] [thread 6406] [168.0] [cxt 0] Pipeline 'egress': start
[22:32:12.976] [bmv2] [D] [thread 6406] [168.0] [cxt 0] Pipeline 'egress': end
[22:32:12.976] [bmv2] [D] [thread 6406] [168.0] [cxt 0] Deparser 'deparser': start
[22:32:12.976] [bmv2] [D] [thread 6406] [168.0] [cxt 0] Updating checksum 'cksum'
[22:32:12.976] [bmv2] [D] [thread 6406] [168.0] [cxt 0] Deparsing header 'ethernet'
[22:32:12.976] [bmv2] [D] [thread 6406] [168.0] [cxt 0] Deparsing header 'vlan'
[22:32:12.976] [bmv2] [D] [thread 6406] [168.0] [cxt 0] Deparsing header 'ipv4'
[22:32:12.976] [bmv2] [D] [thread 6406] [168.0] [cxt 0] Deparser 'deparser': end
[22:32:12.976] [bmv2] [D] [thread 6407] [168.0] [cxt 0] Transmitting packet of size 558 out of port 3
[22:32:13.099] [bmv2] [D] [thread 6402] [169.0] [cxt 0] Processing packet received on port 1
[22:32:13.099] [bmv2] [D] [thread 6402] [169.0] [cxt 0] Parser 'parser': start
[22:32:13.099] [bmv2] [D] [thread 6402] [169.0] [cxt 0] Parser 'parser' entering state 'start'
[22:32:13.099] [bmv2] [D] [thread 6402] [169.0] [cxt 0] Extracting header 'ethernet'
[22:32:13.099] [bmv2] [D] [thread 6402] [169.0] [cxt 0] Parser state 'start': key is 8100
[22:32:13.099] [bmv2] [T] [thread 6402] [169.0] [cxt 0] Bytes parsed: 14
[22:32:13.099] [bmv2] [D] [thread 6402] [169.0] [cxt 0] Parser 'parser' entering state 'parse_vlan'
[22:32:13.099] [bmv2] [D] [thread 6402] [169.0] [cxt 0] Extracting header 'vlan'
[22:32:13.099] [bmv2] [D] [thread 6402] [169.0] [cxt 0] Parser state 'parse_vlan': key is 0800
[22:32:13.099] [bmv2] [T] [thread 6402] [169.0] [cxt 0] Bytes parsed: 18
[22:32:13.099] [bmv2] [D] [thread 6402] [169.0] [cxt 0] Parser 'parser' entering state 'parse_ipv4'
[22:32:13.099] [bmv2] [D] [thread 6402] [169.0] [cxt 0] Extracting header 'ipv4'
[22:32:13.099] [bmv2] [D] [thread 6402] [169.0] [cxt 0] Parser set: setting field 'scalars.tmp' from expression, new value is 1
[22:32:13.099] [bmv2] [D] [thread 6402] [169.0] [cxt 0] Parser state 'parse_ipv4': key is 05
[22:32:13.099] [bmv2] [T] [thread 6402] [169.0] [cxt 0] Bytes parsed: 38
[22:32:13.099] [bmv2] [D] [thread 6402] [169.0] [cxt 0] Parser 'parser': end
[22:32:13.099] [bmv2] [D] [thread 6402] [169.0] [cxt 0] Pipeline 'ingress': start
[22:32:13.099] [bmv2] [T] [thread 6402] [169.0] [cxt 0] qos.p4(197) Condition "hdr.ipv4.isValid()" (node_2) is true
[22:32:13.099] [bmv2] [T] [thread 6402] [169.0] [cxt 0] qos.p4(198) Condition "hdr.ipv4_option.isValid()" (node_3) is false
[22:32:13.100] [bmv2] [T] [thread 6402] [169.0] [cxt 0] Applying table 'MyIngress.ipv4_lpm'
[22:32:13.100] [bmv2] [D] [thread 6402] [169.0] [cxt 0] Looking up key:
* hdr.ipv4.dstAddr    : 0a000202

[22:32:13.100] [bmv2] [D] [thread 6402] [169.0] [cxt 0] Table 'MyIngress.ipv4_lpm': hit with handle 2
[22:32:13.100] [bmv2] [D] [thread 6402] [169.0] [cxt 0] Dumping entry 2
Match key:
* hdr.ipv4.dstAddr    : LPM       0a000200/24
Action entry: MyIngress.ipv4_forward - 80000000200,3,

[22:32:13.100] [bmv2] [D] [thread 6402] [169.0] [cxt 0] Action entry is MyIngress.ipv4_forward - 80000000200,3,
[22:32:13.100] [bmv2] [T] [thread 6402] [169.0] [cxt 0] Action MyIngress.ipv4_forward
[22:32:13.100] [bmv2] [T] [thread 6402] [169.0] [cxt 0] qos.p4(175) Primitive standard_metadata.egress_spec = port
[22:32:13.100] [bmv2] [T] [thread 6402] [169.0] [cxt 0] qos.p4(176) Primitive hdr.ethernet.srcAddr = hdr.ethernet.dstAddr
[22:32:13.100] [bmv2] [T] [thread 6402] [169.0] [cxt 0] qos.p4(177) Primitive hdr.ethernet.dstAddr = dstAddr
[22:32:13.100] [bmv2] [T] [thread 6402] [169.0] [cxt 0] qos.p4(178) Primitive hdr.ipv4.ttl = hdr.ipv4.ttl - 1
[22:32:13.101] [bmv2] [D] [thread 6402] [169.0] [cxt 0] Pipeline 'ingress': end
[22:32:13.101] [bmv2] [D] [thread 6402] [169.0] [cxt 0] Egress port is 3
[22:32:13.101] [bmv2] [D] [thread 6406] [169.0] [cxt 0] Pipeline 'egress': start
[22:32:13.101] [bmv2] [D] [thread 6406] [169.0] [cxt 0] Pipeline 'egress': end
[22:32:13.101] [bmv2] [D] [thread 6406] [169.0] [cxt 0] Deparser 'deparser': start
[22:32:13.101] [bmv2] [D] [thread 6406] [169.0] [cxt 0] Updating checksum 'cksum'
[22:32:13.101] [bmv2] [D] [thread 6406] [169.0] [cxt 0] Deparsing header 'ethernet'
[22:32:13.101] [bmv2] [D] [thread 6406] [169.0] [cxt 0] Deparsing header 'vlan'
[22:32:13.101] [bmv2] [D] [thread 6406] [169.0] [cxt 0] Deparsing header 'ipv4'
[22:32:13.101] [bmv2] [D] [thread 6406] [169.0] [cxt 0] Deparser 'deparser': end
[22:32:13.101] [bmv2] [D] [thread 6407] [169.0] [cxt 0] Transmitting packet of size 558 out of port 3
[22:32:13.224] [bmv2] [D] [thread 6402] [170.0] [cxt 0] Processing packet received on port 1
[22:32:13.224] [bmv2] [D] [thread 6402] [170.0] [cxt 0] Parser 'parser': start
[22:32:13.224] [bmv2] [D] [thread 6402] [170.0] [cxt 0] Parser 'parser' entering state 'start'
[22:32:13.224] [bmv2] [D] [thread 6402] [170.0] [cxt 0] Extracting header 'ethernet'
[22:32:13.224] [bmv2] [D] [thread 6402] [170.0] [cxt 0] Parser state 'start': key is 8100
[22:32:13.224] [bmv2] [T] [thread 6402] [170.0] [cxt 0] Bytes parsed: 14
[22:32:13.224] [bmv2] [D] [thread 6402] [170.0] [cxt 0] Parser 'parser' entering state 'parse_vlan'
[22:32:13.224] [bmv2] [D] [thread 6402] [170.0] [cxt 0] Extracting header 'vlan'
[22:32:13.225] [bmv2] [D] [thread 6402] [170.0] [cxt 0] Parser state 'parse_vlan': key is 0800
[22:32:13.225] [bmv2] [T] [thread 6402] [170.0] [cxt 0] Bytes parsed: 18
[22:32:13.225] [bmv2] [D] [thread 6402] [170.0] [cxt 0] Parser 'parser' entering state 'parse_ipv4'
[22:32:13.225] [bmv2] [D] [thread 6402] [170.0] [cxt 0] Extracting header 'ipv4'
[22:32:13.225] [bmv2] [D] [thread 6402] [170.0] [cxt 0] Parser set: setting field 'scalars.tmp' from expression, new value is 1
[22:32:13.225] [bmv2] [D] [thread 6402] [170.0] [cxt 0] Parser state 'parse_ipv4': key is 05
[22:32:13.225] [bmv2] [T] [thread 6402] [170.0] [cxt 0] Bytes parsed: 38
[22:32:13.225] [bmv2] [D] [thread 6402] [170.0] [cxt 0] Parser 'parser': end
[22:32:13.225] [bmv2] [D] [thread 6402] [170.0] [cxt 0] Pipeline 'ingress': start
[22:32:13.225] [bmv2] [T] [thread 6402] [170.0] [cxt 0] qos.p4(197) Condition "hdr.ipv4.isValid()" (node_2) is true
[22:32:13.225] [bmv2] [T] [thread 6402] [170.0] [cxt 0] qos.p4(198) Condition "hdr.ipv4_option.isValid()" (node_3) is false
[22:32:13.225] [bmv2] [T] [thread 6402] [170.0] [cxt 0] Applying table 'MyIngress.ipv4_lpm'
[22:32:13.225] [bmv2] [D] [thread 6402] [170.0] [cxt 0] Looking up key:
* hdr.ipv4.dstAddr    : 0a000202

[22:32:13.225] [bmv2] [D] [thread 6402] [170.0] [cxt 0] Table 'MyIngress.ipv4_lpm': hit with handle 2
[22:32:13.225] [bmv2] [D] [thread 6402] [170.0] [cxt 0] Dumping entry 2
Match key:
* hdr.ipv4.dstAddr    : LPM       0a000200/24
Action entry: MyIngress.ipv4_forward - 80000000200,3,

[22:32:13.225] [bmv2] [D] [thread 6402] [170.0] [cxt 0] Action entry is MyIngress.ipv4_forward - 80000000200,3,
[22:32:13.225] [bmv2] [T] [thread 6402] [170.0] [cxt 0] Action MyIngress.ipv4_forward
[22:32:13.225] [bmv2] [T] [thread 6402] [170.0] [cxt 0] qos.p4(175) Primitive standard_metadata.egress_spec = port
[22:32:13.225] [bmv2] [T] [thread 6402] [170.0] [cxt 0] qos.p4(176) Primitive hdr.ethernet.srcAddr = hdr.ethernet.dstAddr
[22:32:13.226] [bmv2] [T] [thread 6402] [170.0] [cxt 0] qos.p4(177) Primitive hdr.ethernet.dstAddr = dstAddr
[22:32:13.226] [bmv2] [T] [thread 6402] [170.0] [cxt 0] qos.p4(178) Primitive hdr.ipv4.ttl = hdr.ipv4.ttl - 1
[22:32:13.226] [bmv2] [D] [thread 6402] [170.0] [cxt 0] Pipeline 'ingress': end
[22:32:13.226] [bmv2] [D] [thread 6402] [170.0] [cxt 0] Egress port is 3
[22:32:13.226] [bmv2] [D] [thread 6406] [170.0] [cxt 0] Pipeline 'egress': start
[22:32:13.226] [bmv2] [D] [thread 6406] [170.0] [cxt 0] Pipeline 'egress': end
[22:32:13.226] [bmv2] [D] [thread 6406] [170.0] [cxt 0] Deparser 'deparser': start
[22:32:13.226] [bmv2] [D] [thread 6406] [170.0] [cxt 0] Updating checksum 'cksum'
[22:32:13.226] [bmv2] [D] [thread 6406] [170.0] [cxt 0] Deparsing header 'ethernet'
[22:32:13.226] [bmv2] [D] [thread 6406] [170.0] [cxt 0] Deparsing header 'vlan'
[22:32:13.226] [bmv2] [D] [thread 6406] [170.0] [cxt 0] Deparsing header 'ipv4'
[22:32:13.226] [bmv2] [D] [thread 6406] [170.0] [cxt 0] Deparser 'deparser': end
[22:32:13.226] [bmv2] [D] [thread 6407] [170.0] [cxt 0] Transmitting packet of size 558 out of port 3
[22:32:13.350] [bmv2] [D] [thread 6402] [171.0] [cxt 0] Processing packet received on port 1
[22:32:13.350] [bmv2] [D] [thread 6402] [171.0] [cxt 0] Parser 'parser': start
[22:32:13.350] [bmv2] [D] [thread 6402] [171.0] [cxt 0] Parser 'parser' entering state 'start'
[22:32:13.350] [bmv2] [D] [thread 6402] [171.0] [cxt 0] Extracting header 'ethernet'
[22:32:13.350] [bmv2] [D] [thread 6402] [171.0] [cxt 0] Parser state 'start': key is 8100
[22:32:13.350] [bmv2] [T] [thread 6402] [171.0] [cxt 0] Bytes parsed: 14
[22:32:13.350] [bmv2] [D] [thread 6402] [171.0] [cxt 0] Parser 'parser' entering state 'parse_vlan'
[22:32:13.350] [bmv2] [D] [thread 6402] [171.0] [cxt 0] Extracting header 'vlan'
[22:32:13.350] [bmv2] [D] [thread 6402] [171.0] [cxt 0] Parser state 'parse_vlan': key is 0800
[22:32:13.350] [bmv2] [T] [thread 6402] [171.0] [cxt 0] Bytes parsed: 18
[22:32:13.350] [bmv2] [D] [thread 6402] [171.0] [cxt 0] Parser 'parser' entering state 'parse_ipv4'
[22:32:13.350] [bmv2] [D] [thread 6402] [171.0] [cxt 0] Extracting header 'ipv4'
[22:32:13.350] [bmv2] [D] [thread 6402] [171.0] [cxt 0] Parser set: setting field 'scalars.tmp' from expression, new value is 1
[22:32:13.350] [bmv2] [D] [thread 6402] [171.0] [cxt 0] Parser state 'parse_ipv4': key is 05
[22:32:13.350] [bmv2] [T] [thread 6402] [171.0] [cxt 0] Bytes parsed: 38
[22:32:13.350] [bmv2] [D] [thread 6402] [171.0] [cxt 0] Parser 'parser': end
[22:32:13.351] [bmv2] [D] [thread 6402] [171.0] [cxt 0] Pipeline 'ingress': start
[22:32:13.351] [bmv2] [T] [thread 6402] [171.0] [cxt 0] qos.p4(197) Condition "hdr.ipv4.isValid()" (node_2) is true
[22:32:13.351] [bmv2] [T] [thread 6402] [171.0] [cxt 0] qos.p4(198) Condition "hdr.ipv4_option.isValid()" (node_3) is false
[22:32:13.351] [bmv2] [T] [thread 6402] [171.0] [cxt 0] Applying table 'MyIngress.ipv4_lpm'
[22:32:13.351] [bmv2] [D] [thread 6402] [171.0] [cxt 0] Looking up key:
* hdr.ipv4.dstAddr    : 0a000202

[22:32:13.351] [bmv2] [D] [thread 6402] [171.0] [cxt 0] Table 'MyIngress.ipv4_lpm': hit with handle 2
[22:32:13.351] [bmv2] [D] [thread 6402] [171.0] [cxt 0] Dumping entry 2
Match key:
* hdr.ipv4.dstAddr    : LPM       0a000200/24
Action entry: MyIngress.ipv4_forward - 80000000200,3,

[22:32:13.351] [bmv2] [D] [thread 6402] [171.0] [cxt 0] Action entry is MyIngress.ipv4_forward - 80000000200,3,
[22:32:13.351] [bmv2] [T] [thread 6402] [171.0] [cxt 0] Action MyIngress.ipv4_forward
[22:32:13.351] [bmv2] [T] [thread 6402] [171.0] [cxt 0] qos.p4(175) Primitive standard_metadata.egress_spec = port
[22:32:13.351] [bmv2] [T] [thread 6402] [171.0] [cxt 0] qos.p4(176) Primitive hdr.ethernet.srcAddr = hdr.ethernet.dstAddr
[22:32:13.351] [bmv2] [T] [thread 6402] [171.0] [cxt 0] qos.p4(177) Primitive hdr.ethernet.dstAddr = dstAddr
[22:32:13.351] [bmv2] [T] [thread 6402] [171.0] [cxt 0] qos.p4(178) Primitive hdr.ipv4.ttl = hdr.ipv4.ttl - 1
[22:32:13.351] [bmv2] [D] [thread 6402] [171.0] [cxt 0] Pipeline 'ingress': end
[22:32:13.351] [bmv2] [D] [thread 6402] [171.0] [cxt 0] Egress port is 3
[22:32:13.352] [bmv2] [D] [thread 6406] [171.0] [cxt 0] Pipeline 'egress': start
[22:32:13.352] [bmv2] [D] [thread 6406] [171.0] [cxt 0] Pipeline 'egress': end
[22:32:13.352] [bmv2] [D] [thread 6406] [171.0] [cxt 0] Deparser 'deparser': start
[22:32:13.352] [bmv2] [D] [thread 6406] [171.0] [cxt 0] Updating checksum 'cksum'
[22:32:13.352] [bmv2] [D] [thread 6406] [171.0] [cxt 0] Deparsing header 'ethernet'
[22:32:13.352] [bmv2] [D] [thread 6406] [171.0] [cxt 0] Deparsing header 'vlan'
[22:32:13.352] [bmv2] [D] [thread 6406] [171.0] [cxt 0] Deparsing header 'ipv4'
[22:32:13.352] [bmv2] [D] [thread 6406] [171.0] [cxt 0] Deparser 'deparser': end
[22:32:13.352] [bmv2] [D] [thread 6407] [171.0] [cxt 0] Transmitting packet of size 558 out of port 3
[22:32:13.478] [bmv2] [D] [thread 6402] [172.0] [cxt 0] Processing packet received on port 1
[22:32:13.479] [bmv2] [D] [thread 6402] [172.0] [cxt 0] Parser 'parser': start
[22:32:13.479] [bmv2] [D] [thread 6402] [172.0] [cxt 0] Parser 'parser' entering state 'start'
[22:32:13.479] [bmv2] [D] [thread 6402] [172.0] [cxt 0] Extracting header 'ethernet'
[22:32:13.479] [bmv2] [D] [thread 6402] [172.0] [cxt 0] Parser state 'start': key is 8100
[22:32:13.479] [bmv2] [T] [thread 6402] [172.0] [cxt 0] Bytes parsed: 14
[22:32:13.479] [bmv2] [D] [thread 6402] [172.0] [cxt 0] Parser 'parser' entering state 'parse_vlan'
[22:32:13.479] [bmv2] [D] [thread 6402] [172.0] [cxt 0] Extracting header 'vlan'
[22:32:13.479] [bmv2] [D] [thread 6402] [172.0] [cxt 0] Parser state 'parse_vlan': key is 0800
[22:32:13.479] [bmv2] [T] [thread 6402] [172.0] [cxt 0] Bytes parsed: 18
[22:32:13.479] [bmv2] [D] [thread 6402] [172.0] [cxt 0] Parser 'parser' entering state 'parse_ipv4'
[22:32:13.479] [bmv2] [D] [thread 6402] [172.0] [cxt 0] Extracting header 'ipv4'
[22:32:13.479] [bmv2] [D] [thread 6402] [172.0] [cxt 0] Parser set: setting field 'scalars.tmp' from expression, new value is 1
[22:32:13.479] [bmv2] [D] [thread 6402] [172.0] [cxt 0] Parser state 'parse_ipv4': key is 05
[22:32:13.479] [bmv2] [T] [thread 6402] [172.0] [cxt 0] Bytes parsed: 38
[22:32:13.479] [bmv2] [D] [thread 6402] [172.0] [cxt 0] Parser 'parser': end
[22:32:13.479] [bmv2] [D] [thread 6402] [172.0] [cxt 0] Pipeline 'ingress': start
[22:32:13.479] [bmv2] [T] [thread 6402] [172.0] [cxt 0] qos.p4(197) Condition "hdr.ipv4.isValid()" (node_2) is true
[22:32:13.479] [bmv2] [T] [thread 6402] [172.0] [cxt 0] qos.p4(198) Condition "hdr.ipv4_option.isValid()" (node_3) is false
[22:32:13.479] [bmv2] [T] [thread 6402] [172.0] [cxt 0] Applying table 'MyIngress.ipv4_lpm'
[22:32:13.480] [bmv2] [D] [thread 6402] [172.0] [cxt 0] Looking up key:
* hdr.ipv4.dstAddr    : 0a000202

[22:32:13.480] [bmv2] [D] [thread 6402] [172.0] [cxt 0] Table 'MyIngress.ipv4_lpm': hit with handle 2
[22:32:13.480] [bmv2] [D] [thread 6402] [172.0] [cxt 0] Dumping entry 2
Match key:
* hdr.ipv4.dstAddr    : LPM       0a000200/24
Action entry: MyIngress.ipv4_forward - 80000000200,3,

[22:32:13.480] [bmv2] [D] [thread 6402] [172.0] [cxt 0] Action entry is MyIngress.ipv4_forward - 80000000200,3,
[22:32:13.480] [bmv2] [T] [thread 6402] [172.0] [cxt 0] Action MyIngress.ipv4_forward
[22:32:13.480] [bmv2] [T] [thread 6402] [172.0] [cxt 0] qos.p4(175) Primitive standard_metadata.egress_spec = port
[22:32:13.480] [bmv2] [T] [thread 6402] [172.0] [cxt 0] qos.p4(176) Primitive hdr.ethernet.srcAddr = hdr.ethernet.dstAddr
[22:32:13.480] [bmv2] [T] [thread 6402] [172.0] [cxt 0] qos.p4(177) Primitive hdr.ethernet.dstAddr = dstAddr
[22:32:13.480] [bmv2] [T] [thread 6402] [172.0] [cxt 0] qos.p4(178) Primitive hdr.ipv4.ttl = hdr.ipv4.ttl - 1
[22:32:13.480] [bmv2] [D] [thread 6402] [172.0] [cxt 0] Pipeline 'ingress': end
[22:32:13.480] [bmv2] [D] [thread 6402] [172.0] [cxt 0] Egress port is 3
[22:32:13.480] [bmv2] [D] [thread 6406] [172.0] [cxt 0] Pipeline 'egress': start
[22:32:13.481] [bmv2] [D] [thread 6406] [172.0] [cxt 0] Pipeline 'egress': end
[22:32:13.481] [bmv2] [D] [thread 6406] [172.0] [cxt 0] Deparser 'deparser': start
[22:32:13.481] [bmv2] [D] [thread 6406] [172.0] [cxt 0] Updating checksum 'cksum'
[22:32:13.481] [bmv2] [D] [thread 6406] [172.0] [cxt 0] Deparsing header 'ethernet'
[22:32:13.481] [bmv2] [D] [thread 6406] [172.0] [cxt 0] Deparsing header 'vlan'
[22:32:13.481] [bmv2] [D] [thread 6406] [172.0] [cxt 0] Deparsing header 'ipv4'
[22:32:13.481] [bmv2] [D] [thread 6406] [172.0] [cxt 0] Deparser 'deparser': end
[22:32:13.481] [bmv2] [D] [thread 6407] [172.0] [cxt 0] Transmitting packet of size 558 out of port 3
[22:32:13.602] [bmv2] [D] [thread 6402] [173.0] [cxt 0] Processing packet received on port 1
[22:32:13.603] [bmv2] [D] [thread 6402] [173.0] [cxt 0] Parser 'parser': start
[22:32:13.603] [bmv2] [D] [thread 6402] [173.0] [cxt 0] Parser 'parser' entering state 'start'
[22:32:13.603] [bmv2] [D] [thread 6402] [173.0] [cxt 0] Extracting header 'ethernet'
[22:32:13.603] [bmv2] [D] [thread 6402] [173.0] [cxt 0] Parser state 'start': key is 8100
[22:32:13.603] [bmv2] [T] [thread 6402] [173.0] [cxt 0] Bytes parsed: 14
[22:32:13.603] [bmv2] [D] [thread 6402] [173.0] [cxt 0] Parser 'parser' entering state 'parse_vlan'
[22:32:13.603] [bmv2] [D] [thread 6402] [173.0] [cxt 0] Extracting header 'vlan'
[22:32:13.603] [bmv2] [D] [thread 6402] [173.0] [cxt 0] Parser state 'parse_vlan': key is 0800
[22:32:13.603] [bmv2] [T] [thread 6402] [173.0] [cxt 0] Bytes parsed: 18
[22:32:13.603] [bmv2] [D] [thread 6402] [173.0] [cxt 0] Parser 'parser' entering state 'parse_ipv4'
[22:32:13.603] [bmv2] [D] [thread 6402] [173.0] [cxt 0] Extracting header 'ipv4'
[22:32:13.603] [bmv2] [D] [thread 6402] [173.0] [cxt 0] Parser set: setting field 'scalars.tmp' from expression, new value is 1
[22:32:13.603] [bmv2] [D] [thread 6402] [173.0] [cxt 0] Parser state 'parse_ipv4': key is 05
[22:32:13.603] [bmv2] [T] [thread 6402] [173.0] [cxt 0] Bytes parsed: 38
[22:32:13.603] [bmv2] [D] [thread 6402] [173.0] [cxt 0] Parser 'parser': end
[22:32:13.603] [bmv2] [D] [thread 6402] [173.0] [cxt 0] Pipeline 'ingress': start
[22:32:13.603] [bmv2] [T] [thread 6402] [173.0] [cxt 0] qos.p4(197) Condition "hdr.ipv4.isValid()" (node_2) is true
[22:32:13.603] [bmv2] [T] [thread 6402] [173.0] [cxt 0] qos.p4(198) Condition "hdr.ipv4_option.isValid()" (node_3) is false
[22:32:13.603] [bmv2] [T] [thread 6402] [173.0] [cxt 0] Applying table 'MyIngress.ipv4_lpm'
[22:32:13.603] [bmv2] [D] [thread 6402] [173.0] [cxt 0] Looking up key:
* hdr.ipv4.dstAddr    : 0a000202

[22:32:13.603] [bmv2] [D] [thread 6402] [173.0] [cxt 0] Table 'MyIngress.ipv4_lpm': hit with handle 2
[22:32:13.603] [bmv2] [D] [thread 6402] [173.0] [cxt 0] Dumping entry 2
Match key:
* hdr.ipv4.dstAddr    : LPM       0a000200/24
Action entry: MyIngress.ipv4_forward - 80000000200,3,

[22:32:13.604] [bmv2] [D] [thread 6402] [173.0] [cxt 0] Action entry is MyIngress.ipv4_forward - 80000000200,3,
[22:32:13.604] [bmv2] [T] [thread 6402] [173.0] [cxt 0] Action MyIngress.ipv4_forward
[22:32:13.604] [bmv2] [T] [thread 6402] [173.0] [cxt 0] qos.p4(175) Primitive standard_metadata.egress_spec = port
[22:32:13.604] [bmv2] [T] [thread 6402] [173.0] [cxt 0] qos.p4(176) Primitive hdr.ethernet.srcAddr = hdr.ethernet.dstAddr
[22:32:13.604] [bmv2] [T] [thread 6402] [173.0] [cxt 0] qos.p4(177) Primitive hdr.ethernet.dstAddr = dstAddr
[22:32:13.604] [bmv2] [T] [thread 6402] [173.0] [cxt 0] qos.p4(178) Primitive hdr.ipv4.ttl = hdr.ipv4.ttl - 1
[22:32:13.604] [bmv2] [D] [thread 6402] [173.0] [cxt 0] Pipeline 'ingress': end
[22:32:13.604] [bmv2] [D] [thread 6402] [173.0] [cxt 0] Egress port is 3
[22:32:13.604] [bmv2] [D] [thread 6406] [173.0] [cxt 0] Pipeline 'egress': start
[22:32:13.604] [bmv2] [D] [thread 6406] [173.0] [cxt 0] Pipeline 'egress': end
[22:32:13.604] [bmv2] [D] [thread 6406] [173.0] [cxt 0] Deparser 'deparser': start
[22:32:13.604] [bmv2] [D] [thread 6406] [173.0] [cxt 0] Updating checksum 'cksum'
[22:32:13.604] [bmv2] [D] [thread 6406] [173.0] [cxt 0] Deparsing header 'ethernet'
[22:32:13.604] [bmv2] [D] [thread 6406] [173.0] [cxt 0] Deparsing header 'vlan'
[22:32:13.604] [bmv2] [D] [thread 6406] [173.0] [cxt 0] Deparsing header 'ipv4'
[22:32:13.604] [bmv2] [D] [thread 6406] [173.0] [cxt 0] Deparser 'deparser': end
[22:32:13.604] [bmv2] [D] [thread 6407] [173.0] [cxt 0] Transmitting packet of size 558 out of port 3
[22:32:13.730] [bmv2] [D] [thread 6402] [174.0] [cxt 0] Processing packet received on port 1
[22:32:13.731] [bmv2] [D] [thread 6402] [174.0] [cxt 0] Parser 'parser': start
[22:32:13.731] [bmv2] [D] [thread 6402] [174.0] [cxt 0] Parser 'parser' entering state 'start'
[22:32:13.731] [bmv2] [D] [thread 6402] [174.0] [cxt 0] Extracting header 'ethernet'
[22:32:13.731] [bmv2] [D] [thread 6402] [174.0] [cxt 0] Parser state 'start': key is 8100
[22:32:13.731] [bmv2] [T] [thread 6402] [174.0] [cxt 0] Bytes parsed: 14
[22:32:13.731] [bmv2] [D] [thread 6402] [174.0] [cxt 0] Parser 'parser' entering state 'parse_vlan'
[22:32:13.731] [bmv2] [D] [thread 6402] [174.0] [cxt 0] Extracting header 'vlan'
[22:32:13.731] [bmv2] [D] [thread 6402] [174.0] [cxt 0] Parser state 'parse_vlan': key is 0800
[22:32:13.731] [bmv2] [T] [thread 6402] [174.0] [cxt 0] Bytes parsed: 18
[22:32:13.731] [bmv2] [D] [thread 6402] [174.0] [cxt 0] Parser 'parser' entering state 'parse_ipv4'
[22:32:13.731] [bmv2] [D] [thread 6402] [174.0] [cxt 0] Extracting header 'ipv4'
[22:32:13.731] [bmv2] [D] [thread 6402] [174.0] [cxt 0] Parser set: setting field 'scalars.tmp' from expression, new value is 1
[22:32:13.731] [bmv2] [D] [thread 6402] [174.0] [cxt 0] Parser state 'parse_ipv4': key is 05
[22:32:13.731] [bmv2] [T] [thread 6402] [174.0] [cxt 0] Bytes parsed: 38
[22:32:13.731] [bmv2] [D] [thread 6402] [174.0] [cxt 0] Parser 'parser': end
[22:32:13.731] [bmv2] [D] [thread 6402] [174.0] [cxt 0] Pipeline 'ingress': start
[22:32:13.731] [bmv2] [T] [thread 6402] [174.0] [cxt 0] qos.p4(197) Condition "hdr.ipv4.isValid()" (node_2) is true
[22:32:13.731] [bmv2] [T] [thread 6402] [174.0] [cxt 0] qos.p4(198) Condition "hdr.ipv4_option.isValid()" (node_3) is false
[22:32:13.731] [bmv2] [T] [thread 6402] [174.0] [cxt 0] Applying table 'MyIngress.ipv4_lpm'
[22:32:13.732] [bmv2] [D] [thread 6402] [174.0] [cxt 0] Looking up key:
* hdr.ipv4.dstAddr    : 0a000202

[22:32:13.732] [bmv2] [D] [thread 6402] [174.0] [cxt 0] Table 'MyIngress.ipv4_lpm': hit with handle 2
[22:32:13.732] [bmv2] [D] [thread 6402] [174.0] [cxt 0] Dumping entry 2
Match key:
* hdr.ipv4.dstAddr    : LPM       0a000200/24
Action entry: MyIngress.ipv4_forward - 80000000200,3,

[22:32:13.732] [bmv2] [D] [thread 6402] [174.0] [cxt 0] Action entry is MyIngress.ipv4_forward - 80000000200,3,
[22:32:13.732] [bmv2] [T] [thread 6402] [174.0] [cxt 0] Action MyIngress.ipv4_forward
[22:32:13.732] [bmv2] [T] [thread 6402] [174.0] [cxt 0] qos.p4(175) Primitive standard_metadata.egress_spec = port
[22:32:13.732] [bmv2] [T] [thread 6402] [174.0] [cxt 0] qos.p4(176) Primitive hdr.ethernet.srcAddr = hdr.ethernet.dstAddr
[22:32:13.732] [bmv2] [T] [thread 6402] [174.0] [cxt 0] qos.p4(177) Primitive hdr.ethernet.dstAddr = dstAddr
[22:32:13.732] [bmv2] [T] [thread 6402] [174.0] [cxt 0] qos.p4(178) Primitive hdr.ipv4.ttl = hdr.ipv4.ttl - 1
[22:32:13.732] [bmv2] [D] [thread 6402] [174.0] [cxt 0] Pipeline 'ingress': end
[22:32:13.732] [bmv2] [D] [thread 6402] [174.0] [cxt 0] Egress port is 3
[22:32:13.732] [bmv2] [D] [thread 6406] [174.0] [cxt 0] Pipeline 'egress': start
[22:32:13.732] [bmv2] [D] [thread 6406] [174.0] [cxt 0] Pipeline 'egress': end
[22:32:13.732] [bmv2] [D] [thread 6406] [174.0] [cxt 0] Deparser 'deparser': start
[22:32:13.732] [bmv2] [D] [thread 6406] [174.0] [cxt 0] Updating checksum 'cksum'
[22:32:13.733] [bmv2] [D] [thread 6406] [174.0] [cxt 0] Deparsing header 'ethernet'
[22:32:13.733] [bmv2] [D] [thread 6406] [174.0] [cxt 0] Deparsing header 'vlan'
[22:32:13.733] [bmv2] [D] [thread 6406] [174.0] [cxt 0] Deparsing header 'ipv4'
[22:32:13.733] [bmv2] [D] [thread 6406] [174.0] [cxt 0] Deparser 'deparser': end
[22:32:13.733] [bmv2] [D] [thread 6407] [174.0] [cxt 0] Transmitting packet of size 558 out of port 3
[22:32:13.856] [bmv2] [D] [thread 6402] [175.0] [cxt 0] Processing packet received on port 1
[22:32:13.856] [bmv2] [D] [thread 6402] [175.0] [cxt 0] Parser 'parser': start
[22:32:13.856] [bmv2] [D] [thread 6402] [175.0] [cxt 0] Parser 'parser' entering state 'start'
[22:32:13.856] [bmv2] [D] [thread 6402] [175.0] [cxt 0] Extracting header 'ethernet'
[22:32:13.856] [bmv2] [D] [thread 6402] [175.0] [cxt 0] Parser state 'start': key is 8100
[22:32:13.856] [bmv2] [T] [thread 6402] [175.0] [cxt 0] Bytes parsed: 14
[22:32:13.856] [bmv2] [D] [thread 6402] [175.0] [cxt 0] Parser 'parser' entering state 'parse_vlan'
[22:32:13.856] [bmv2] [D] [thread 6402] [175.0] [cxt 0] Extracting header 'vlan'
[22:32:13.856] [bmv2] [D] [thread 6402] [175.0] [cxt 0] Parser state 'parse_vlan': key is 0800
[22:32:13.857] [bmv2] [T] [thread 6402] [175.0] [cxt 0] Bytes parsed: 18
[22:32:13.857] [bmv2] [D] [thread 6402] [175.0] [cxt 0] Parser 'parser' entering state 'parse_ipv4'
[22:32:13.857] [bmv2] [D] [thread 6402] [175.0] [cxt 0] Extracting header 'ipv4'
[22:32:13.857] [bmv2] [D] [thread 6402] [175.0] [cxt 0] Parser set: setting field 'scalars.tmp' from expression, new value is 1
[22:32:13.857] [bmv2] [D] [thread 6402] [175.0] [cxt 0] Parser state 'parse_ipv4': key is 05
[22:32:13.857] [bmv2] [T] [thread 6402] [175.0] [cxt 0] Bytes parsed: 38
[22:32:13.857] [bmv2] [D] [thread 6402] [175.0] [cxt 0] Parser 'parser': end
[22:32:13.857] [bmv2] [D] [thread 6402] [175.0] [cxt 0] Pipeline 'ingress': start
[22:32:13.857] [bmv2] [T] [thread 6402] [175.0] [cxt 0] qos.p4(197) Condition "hdr.ipv4.isValid()" (node_2) is true
[22:32:13.857] [bmv2] [T] [thread 6402] [175.0] [cxt 0] qos.p4(198) Condition "hdr.ipv4_option.isValid()" (node_3) is false
[22:32:13.857] [bmv2] [T] [thread 6402] [175.0] [cxt 0] Applying table 'MyIngress.ipv4_lpm'
[22:32:13.857] [bmv2] [D] [thread 6402] [175.0] [cxt 0] Looking up key:
* hdr.ipv4.dstAddr    : 0a000202

[22:32:13.857] [bmv2] [D] [thread 6402] [175.0] [cxt 0] Table 'MyIngress.ipv4_lpm': hit with handle 2
[22:32:13.857] [bmv2] [D] [thread 6402] [175.0] [cxt 0] Dumping entry 2
Match key:
* hdr.ipv4.dstAddr    : LPM       0a000200/24
Action entry: MyIngress.ipv4_forward - 80000000200,3,

[22:32:13.857] [bmv2] [D] [thread 6402] [175.0] [cxt 0] Action entry is MyIngress.ipv4_forward - 80000000200,3,
[22:32:13.857] [bmv2] [T] [thread 6402] [175.0] [cxt 0] Action MyIngress.ipv4_forward
[22:32:13.857] [bmv2] [T] [thread 6402] [175.0] [cxt 0] qos.p4(175) Primitive standard_metadata.egress_spec = port
[22:32:13.857] [bmv2] [T] [thread 6402] [175.0] [cxt 0] qos.p4(176) Primitive hdr.ethernet.srcAddr = hdr.ethernet.dstAddr
[22:32:13.857] [bmv2] [T] [thread 6402] [175.0] [cxt 0] qos.p4(177) Primitive hdr.ethernet.dstAddr = dstAddr
[22:32:13.857] [bmv2] [T] [thread 6402] [175.0] [cxt 0] qos.p4(178) Primitive hdr.ipv4.ttl = hdr.ipv4.ttl - 1
[22:32:13.858] [bmv2] [D] [thread 6402] [175.0] [cxt 0] Pipeline 'ingress': end
[22:32:13.858] [bmv2] [D] [thread 6402] [175.0] [cxt 0] Egress port is 3
[22:32:13.858] [bmv2] [D] [thread 6406] [175.0] [cxt 0] Pipeline 'egress': start
[22:32:13.858] [bmv2] [D] [thread 6406] [175.0] [cxt 0] Pipeline 'egress': end
[22:32:13.858] [bmv2] [D] [thread 6406] [175.0] [cxt 0] Deparser 'deparser': start
[22:32:13.858] [bmv2] [D] [thread 6406] [175.0] [cxt 0] Updating checksum 'cksum'
[22:32:13.858] [bmv2] [D] [thread 6406] [175.0] [cxt 0] Deparsing header 'ethernet'
[22:32:13.858] [bmv2] [D] [thread 6406] [175.0] [cxt 0] Deparsing header 'vlan'
[22:32:13.858] [bmv2] [D] [thread 6406] [175.0] [cxt 0] Deparsing header 'ipv4'
[22:32:13.858] [bmv2] [D] [thread 6406] [175.0] [cxt 0] Deparser 'deparser': end
[22:32:13.858] [bmv2] [D] [thread 6407] [175.0] [cxt 0] Transmitting packet of size 558 out of port 3
[22:32:13.981] [bmv2] [D] [thread 6402] [176.0] [cxt 0] Processing packet received on port 1
[22:32:13.981] [bmv2] [D] [thread 6402] [176.0] [cxt 0] Parser 'parser': start
[22:32:13.981] [bmv2] [D] [thread 6402] [176.0] [cxt 0] Parser 'parser' entering state 'start'
[22:32:13.981] [bmv2] [D] [thread 6402] [176.0] [cxt 0] Extracting header 'ethernet'
[22:32:13.981] [bmv2] [D] [thread 6402] [176.0] [cxt 0] Parser state 'start': key is 8100
[22:32:13.981] [bmv2] [T] [thread 6402] [176.0] [cxt 0] Bytes parsed: 14
[22:32:13.982] [bmv2] [D] [thread 6402] [176.0] [cxt 0] Parser 'parser' entering state 'parse_vlan'
[22:32:13.982] [bmv2] [D] [thread 6402] [176.0] [cxt 0] Extracting header 'vlan'
[22:32:13.982] [bmv2] [D] [thread 6402] [176.0] [cxt 0] Parser state 'parse_vlan': key is 0800
[22:32:13.982] [bmv2] [T] [thread 6402] [176.0] [cxt 0] Bytes parsed: 18
[22:32:13.982] [bmv2] [D] [thread 6402] [176.0] [cxt 0] Parser 'parser' entering state 'parse_ipv4'
[22:32:13.982] [bmv2] [D] [thread 6402] [176.0] [cxt 0] Extracting header 'ipv4'
[22:32:13.982] [bmv2] [D] [thread 6402] [176.0] [cxt 0] Parser set: setting field 'scalars.tmp' from expression, new value is 1
[22:32:13.982] [bmv2] [D] [thread 6402] [176.0] [cxt 0] Parser state 'parse_ipv4': key is 05
[22:32:13.982] [bmv2] [T] [thread 6402] [176.0] [cxt 0] Bytes parsed: 38
[22:32:13.982] [bmv2] [D] [thread 6402] [176.0] [cxt 0] Parser 'parser': end
[22:32:13.982] [bmv2] [D] [thread 6402] [176.0] [cxt 0] Pipeline 'ingress': start
[22:32:13.982] [bmv2] [T] [thread 6402] [176.0] [cxt 0] qos.p4(197) Condition "hdr.ipv4.isValid()" (node_2) is true
[22:32:13.982] [bmv2] [T] [thread 6402] [176.0] [cxt 0] qos.p4(198) Condition "hdr.ipv4_option.isValid()" (node_3) is false
[22:32:13.982] [bmv2] [T] [thread 6402] [176.0] [cxt 0] Applying table 'MyIngress.ipv4_lpm'
[22:32:13.982] [bmv2] [D] [thread 6402] [176.0] [cxt 0] Looking up key:
* hdr.ipv4.dstAddr    : 0a000202

[22:32:13.982] [bmv2] [D] [thread 6402] [176.0] [cxt 0] Table 'MyIngress.ipv4_lpm': hit with handle 2
[22:32:13.982] [bmv2] [D] [thread 6402] [176.0] [cxt 0] Dumping entry 2
Match key:
* hdr.ipv4.dstAddr    : LPM       0a000200/24
Action entry: MyIngress.ipv4_forward - 80000000200,3,

[22:32:13.983] [bmv2] [D] [thread 6402] [176.0] [cxt 0] Action entry is MyIngress.ipv4_forward - 80000000200,3,
[22:32:13.983] [bmv2] [T] [thread 6402] [176.0] [cxt 0] Action MyIngress.ipv4_forward
[22:32:13.983] [bmv2] [T] [thread 6402] [176.0] [cxt 0] qos.p4(175) Primitive standard_metadata.egress_spec = port
[22:32:13.983] [bmv2] [T] [thread 6402] [176.0] [cxt 0] qos.p4(176) Primitive hdr.ethernet.srcAddr = hdr.ethernet.dstAddr
[22:32:13.983] [bmv2] [T] [thread 6402] [176.0] [cxt 0] qos.p4(177) Primitive hdr.ethernet.dstAddr = dstAddr
[22:32:13.983] [bmv2] [T] [thread 6402] [176.0] [cxt 0] qos.p4(178) Primitive hdr.ipv4.ttl = hdr.ipv4.ttl - 1
[22:32:13.983] [bmv2] [D] [thread 6402] [176.0] [cxt 0] Pipeline 'ingress': end
[22:32:13.983] [bmv2] [D] [thread 6402] [176.0] [cxt 0] Egress port is 3
[22:32:13.983] [bmv2] [D] [thread 6406] [176.0] [cxt 0] Pipeline 'egress': start
[22:32:13.983] [bmv2] [D] [thread 6406] [176.0] [cxt 0] Pipeline 'egress': end
[22:32:13.983] [bmv2] [D] [thread 6406] [176.0] [cxt 0] Deparser 'deparser': start
[22:32:13.983] [bmv2] [D] [thread 6406] [176.0] [cxt 0] Updating checksum 'cksum'
[22:32:13.983] [bmv2] [D] [thread 6406] [176.0] [cxt 0] Deparsing header 'ethernet'
[22:32:13.983] [bmv2] [D] [thread 6406] [176.0] [cxt 0] Deparsing header 'vlan'
[22:32:13.983] [bmv2] [D] [thread 6406] [176.0] [cxt 0] Deparsing header 'ipv4'
[22:32:13.983] [bmv2] [D] [thread 6406] [176.0] [cxt 0] Deparser 'deparser': end
[22:32:13.983] [bmv2] [D] [thread 6407] [176.0] [cxt 0] Transmitting packet of size 558 out of port 3
[22:32:14.109] [bmv2] [D] [thread 6402] [177.0] [cxt 0] Processing packet received on port 1
[22:32:14.109] [bmv2] [D] [thread 6402] [177.0] [cxt 0] Parser 'parser': start
[22:32:14.109] [bmv2] [D] [thread 6402] [177.0] [cxt 0] Parser 'parser' entering state 'start'
[22:32:14.109] [bmv2] [D] [thread 6402] [177.0] [cxt 0] Extracting header 'ethernet'
[22:32:14.109] [bmv2] [D] [thread 6402] [177.0] [cxt 0] Parser state 'start': key is 8100
[22:32:14.109] [bmv2] [T] [thread 6402] [177.0] [cxt 0] Bytes parsed: 14
[22:32:14.109] [bmv2] [D] [thread 6402] [177.0] [cxt 0] Parser 'parser' entering state 'parse_vlan'
[22:32:14.109] [bmv2] [D] [thread 6402] [177.0] [cxt 0] Extracting header 'vlan'
[22:32:14.109] [bmv2] [D] [thread 6402] [177.0] [cxt 0] Parser state 'parse_vlan': key is 0800
[22:32:14.109] [bmv2] [T] [thread 6402] [177.0] [cxt 0] Bytes parsed: 18
[22:32:14.109] [bmv2] [D] [thread 6402] [177.0] [cxt 0] Parser 'parser' entering state 'parse_ipv4'
[22:32:14.109] [bmv2] [D] [thread 6402] [177.0] [cxt 0] Extracting header 'ipv4'
[22:32:14.109] [bmv2] [D] [thread 6402] [177.0] [cxt 0] Parser set: setting field 'scalars.tmp' from expression, new value is 1
[22:32:14.109] [bmv2] [D] [thread 6402] [177.0] [cxt 0] Parser state 'parse_ipv4': key is 05
[22:32:14.109] [bmv2] [T] [thread 6402] [177.0] [cxt 0] Bytes parsed: 38
[22:32:14.109] [bmv2] [D] [thread 6402] [177.0] [cxt 0] Parser 'parser': end
[22:32:14.110] [bmv2] [D] [thread 6402] [177.0] [cxt 0] Pipeline 'ingress': start
[22:32:14.110] [bmv2] [T] [thread 6402] [177.0] [cxt 0] qos.p4(197) Condition "hdr.ipv4.isValid()" (node_2) is true
[22:32:14.110] [bmv2] [T] [thread 6402] [177.0] [cxt 0] qos.p4(198) Condition "hdr.ipv4_option.isValid()" (node_3) is false
[22:32:14.110] [bmv2] [T] [thread 6402] [177.0] [cxt 0] Applying table 'MyIngress.ipv4_lpm'
[22:32:14.110] [bmv2] [D] [thread 6402] [177.0] [cxt 0] Looking up key:
* hdr.ipv4.dstAddr    : 0a000202

[22:32:14.110] [bmv2] [D] [thread 6402] [177.0] [cxt 0] Table 'MyIngress.ipv4_lpm': hit with handle 2
[22:32:14.110] [bmv2] [D] [thread 6402] [177.0] [cxt 0] Dumping entry 2
Match key:
* hdr.ipv4.dstAddr    : LPM       0a000200/24
Action entry: MyIngress.ipv4_forward - 80000000200,3,

[22:32:14.110] [bmv2] [D] [thread 6402] [177.0] [cxt 0] Action entry is MyIngress.ipv4_forward - 80000000200,3,
[22:32:14.110] [bmv2] [T] [thread 6402] [177.0] [cxt 0] Action MyIngress.ipv4_forward
[22:32:14.110] [bmv2] [T] [thread 6402] [177.0] [cxt 0] qos.p4(175) Primitive standard_metadata.egress_spec = port
[22:32:14.110] [bmv2] [T] [thread 6402] [177.0] [cxt 0] qos.p4(176) Primitive hdr.ethernet.srcAddr = hdr.ethernet.dstAddr
[22:32:14.110] [bmv2] [T] [thread 6402] [177.0] [cxt 0] qos.p4(177) Primitive hdr.ethernet.dstAddr = dstAddr
[22:32:14.110] [bmv2] [T] [thread 6402] [177.0] [cxt 0] qos.p4(178) Primitive hdr.ipv4.ttl = hdr.ipv4.ttl - 1
[22:32:14.110] [bmv2] [D] [thread 6402] [177.0] [cxt 0] Pipeline 'ingress': end
[22:32:14.110] [bmv2] [D] [thread 6402] [177.0] [cxt 0] Egress port is 3
[22:32:14.110] [bmv2] [D] [thread 6406] [177.0] [cxt 0] Pipeline 'egress': start
[22:32:14.110] [bmv2] [D] [thread 6406] [177.0] [cxt 0] Pipeline 'egress': end
[22:32:14.110] [bmv2] [D] [thread 6406] [177.0] [cxt 0] Deparser 'deparser': start
[22:32:14.110] [bmv2] [D] [thread 6406] [177.0] [cxt 0] Updating checksum 'cksum'
[22:32:14.111] [bmv2] [D] [thread 6406] [177.0] [cxt 0] Deparsing header 'ethernet'
[22:32:14.111] [bmv2] [D] [thread 6406] [177.0] [cxt 0] Deparsing header 'vlan'
[22:32:14.111] [bmv2] [D] [thread 6406] [177.0] [cxt 0] Deparsing header 'ipv4'
[22:32:14.111] [bmv2] [D] [thread 6406] [177.0] [cxt 0] Deparser 'deparser': end
[22:32:14.111] [bmv2] [D] [thread 6407] [177.0] [cxt 0] Transmitting packet of size 558 out of port 3
[22:32:14.231] [bmv2] [D] [thread 6402] [178.0] [cxt 0] Processing packet received on port 1
[22:32:14.231] [bmv2] [D] [thread 6402] [178.0] [cxt 0] Parser 'parser': start
[22:32:14.231] [bmv2] [D] [thread 6402] [178.0] [cxt 0] Parser 'parser' entering state 'start'
[22:32:14.231] [bmv2] [D] [thread 6402] [178.0] [cxt 0] Extracting header 'ethernet'
[22:32:14.232] [bmv2] [D] [thread 6402] [178.0] [cxt 0] Parser state 'start': key is 8100
[22:32:14.232] [bmv2] [T] [thread 6402] [178.0] [cxt 0] Bytes parsed: 14
[22:32:14.232] [bmv2] [D] [thread 6402] [178.0] [cxt 0] Parser 'parser' entering state 'parse_vlan'
[22:32:14.232] [bmv2] [D] [thread 6402] [178.0] [cxt 0] Extracting header 'vlan'
[22:32:14.232] [bmv2] [D] [thread 6402] [178.0] [cxt 0] Parser state 'parse_vlan': key is 0800
[22:32:14.232] [bmv2] [T] [thread 6402] [178.0] [cxt 0] Bytes parsed: 18
[22:32:14.232] [bmv2] [D] [thread 6402] [178.0] [cxt 0] Parser 'parser' entering state 'parse_ipv4'
[22:32:14.232] [bmv2] [D] [thread 6402] [178.0] [cxt 0] Extracting header 'ipv4'
[22:32:14.232] [bmv2] [D] [thread 6402] [178.0] [cxt 0] Parser set: setting field 'scalars.tmp' from expression, new value is 1
[22:32:14.232] [bmv2] [D] [thread 6402] [178.0] [cxt 0] Parser state 'parse_ipv4': key is 05
[22:32:14.232] [bmv2] [T] [thread 6402] [178.0] [cxt 0] Bytes parsed: 38
[22:32:14.232] [bmv2] [D] [thread 6402] [178.0] [cxt 0] Parser 'parser': end
[22:32:14.232] [bmv2] [D] [thread 6402] [178.0] [cxt 0] Pipeline 'ingress': start
[22:32:14.232] [bmv2] [T] [thread 6402] [178.0] [cxt 0] qos.p4(197) Condition "hdr.ipv4.isValid()" (node_2) is true
[22:32:14.232] [bmv2] [T] [thread 6402] [178.0] [cxt 0] qos.p4(198) Condition "hdr.ipv4_option.isValid()" (node_3) is false
[22:32:14.232] [bmv2] [T] [thread 6402] [178.0] [cxt 0] Applying table 'MyIngress.ipv4_lpm'
[22:32:14.232] [bmv2] [D] [thread 6402] [178.0] [cxt 0] Looking up key:
* hdr.ipv4.dstAddr    : 0a000202

[22:32:14.232] [bmv2] [D] [thread 6402] [178.0] [cxt 0] Table 'MyIngress.ipv4_lpm': hit with handle 2
[22:32:14.233] [bmv2] [D] [thread 6402] [178.0] [cxt 0] Dumping entry 2
Match key:
* hdr.ipv4.dstAddr    : LPM       0a000200/24
Action entry: MyIngress.ipv4_forward - 80000000200,3,

[22:32:14.233] [bmv2] [D] [thread 6402] [178.0] [cxt 0] Action entry is MyIngress.ipv4_forward - 80000000200,3,
[22:32:14.233] [bmv2] [T] [thread 6402] [178.0] [cxt 0] Action MyIngress.ipv4_forward
[22:32:14.233] [bmv2] [T] [thread 6402] [178.0] [cxt 0] qos.p4(175) Primitive standard_metadata.egress_spec = port
[22:32:14.233] [bmv2] [T] [thread 6402] [178.0] [cxt 0] qos.p4(176) Primitive hdr.ethernet.srcAddr = hdr.ethernet.dstAddr
[22:32:14.233] [bmv2] [T] [thread 6402] [178.0] [cxt 0] qos.p4(177) Primitive hdr.ethernet.dstAddr = dstAddr
[22:32:14.233] [bmv2] [T] [thread 6402] [178.0] [cxt 0] qos.p4(178) Primitive hdr.ipv4.ttl = hdr.ipv4.ttl - 1
[22:32:14.233] [bmv2] [D] [thread 6402] [178.0] [cxt 0] Pipeline 'ingress': end
[22:32:14.233] [bmv2] [D] [thread 6402] [178.0] [cxt 0] Egress port is 3
[22:32:14.233] [bmv2] [D] [thread 6406] [178.0] [cxt 0] Pipeline 'egress': start
[22:32:14.233] [bmv2] [D] [thread 6406] [178.0] [cxt 0] Pipeline 'egress': end
[22:32:14.233] [bmv2] [D] [thread 6406] [178.0] [cxt 0] Deparser 'deparser': start
[22:32:14.233] [bmv2] [D] [thread 6406] [178.0] [cxt 0] Updating checksum 'cksum'
[22:32:14.233] [bmv2] [D] [thread 6406] [178.0] [cxt 0] Deparsing header 'ethernet'
[22:32:14.233] [bmv2] [D] [thread 6406] [178.0] [cxt 0] Deparsing header 'vlan'
[22:32:14.233] [bmv2] [D] [thread 6406] [178.0] [cxt 0] Deparsing header 'ipv4'
[22:32:14.233] [bmv2] [D] [thread 6406] [178.0] [cxt 0] Deparser 'deparser': end
[22:32:14.233] [bmv2] [D] [thread 6407] [178.0] [cxt 0] Transmitting packet of size 558 out of port 3
[22:32:14.356] [bmv2] [D] [thread 6402] [179.0] [cxt 0] Processing packet received on port 1
[22:32:14.356] [bmv2] [D] [thread 6402] [179.0] [cxt 0] Parser 'parser': start
[22:32:14.356] [bmv2] [D] [thread 6402] [179.0] [cxt 0] Parser 'parser' entering state 'start'
[22:32:14.356] [bmv2] [D] [thread 6402] [179.0] [cxt 0] Extracting header 'ethernet'
[22:32:14.356] [bmv2] [D] [thread 6402] [179.0] [cxt 0] Parser state 'start': key is 8100
[22:32:14.356] [bmv2] [T] [thread 6402] [179.0] [cxt 0] Bytes parsed: 14
[22:32:14.356] [bmv2] [D] [thread 6402] [179.0] [cxt 0] Parser 'parser' entering state 'parse_vlan'
[22:32:14.356] [bmv2] [D] [thread 6402] [179.0] [cxt 0] Extracting header 'vlan'
[22:32:14.356] [bmv2] [D] [thread 6402] [179.0] [cxt 0] Parser state 'parse_vlan': key is 0800
[22:32:14.356] [bmv2] [T] [thread 6402] [179.0] [cxt 0] Bytes parsed: 18
[22:32:14.356] [bmv2] [D] [thread 6402] [179.0] [cxt 0] Parser 'parser' entering state 'parse_ipv4'
[22:32:14.356] [bmv2] [D] [thread 6402] [179.0] [cxt 0] Extracting header 'ipv4'
[22:32:14.357] [bmv2] [D] [thread 6402] [179.0] [cxt 0] Parser set: setting field 'scalars.tmp' from expression, new value is 1
[22:32:14.357] [bmv2] [D] [thread 6402] [179.0] [cxt 0] Parser state 'parse_ipv4': key is 05
[22:32:14.357] [bmv2] [T] [thread 6402] [179.0] [cxt 0] Bytes parsed: 38
[22:32:14.357] [bmv2] [D] [thread 6402] [179.0] [cxt 0] Parser 'parser': end
[22:32:14.357] [bmv2] [D] [thread 6402] [179.0] [cxt 0] Pipeline 'ingress': start
[22:32:14.357] [bmv2] [T] [thread 6402] [179.0] [cxt 0] qos.p4(197) Condition "hdr.ipv4.isValid()" (node_2) is true
[22:32:14.357] [bmv2] [T] [thread 6402] [179.0] [cxt 0] qos.p4(198) Condition "hdr.ipv4_option.isValid()" (node_3) is false
[22:32:14.357] [bmv2] [T] [thread 6402] [179.0] [cxt 0] Applying table 'MyIngress.ipv4_lpm'
[22:32:14.357] [bmv2] [D] [thread 6402] [179.0] [cxt 0] Looking up key:
* hdr.ipv4.dstAddr    : 0a000202

[22:32:14.357] [bmv2] [D] [thread 6402] [179.0] [cxt 0] Table 'MyIngress.ipv4_lpm': hit with handle 2
[22:32:14.357] [bmv2] [D] [thread 6402] [179.0] [cxt 0] Dumping entry 2
Match key:
* hdr.ipv4.dstAddr    : LPM       0a000200/24
Action entry: MyIngress.ipv4_forward - 80000000200,3,

[22:32:14.357] [bmv2] [D] [thread 6402] [179.0] [cxt 0] Action entry is MyIngress.ipv4_forward - 80000000200,3,
[22:32:14.357] [bmv2] [T] [thread 6402] [179.0] [cxt 0] Action MyIngress.ipv4_forward
[22:32:14.357] [bmv2] [T] [thread 6402] [179.0] [cxt 0] qos.p4(175) Primitive standard_metadata.egress_spec = port
[22:32:14.357] [bmv2] [T] [thread 6402] [179.0] [cxt 0] qos.p4(176) Primitive hdr.ethernet.srcAddr = hdr.ethernet.dstAddr
[22:32:14.357] [bmv2] [T] [thread 6402] [179.0] [cxt 0] qos.p4(177) Primitive hdr.ethernet.dstAddr = dstAddr
[22:32:14.357] [bmv2] [T] [thread 6402] [179.0] [cxt 0] qos.p4(178) Primitive hdr.ipv4.ttl = hdr.ipv4.ttl - 1
[22:32:14.357] [bmv2] [D] [thread 6402] [179.0] [cxt 0] Pipeline 'ingress': end
[22:32:14.357] [bmv2] [D] [thread 6402] [179.0] [cxt 0] Egress port is 3
[22:32:14.358] [bmv2] [D] [thread 6406] [179.0] [cxt 0] Pipeline 'egress': start
[22:32:14.358] [bmv2] [D] [thread 6406] [179.0] [cxt 0] Pipeline 'egress': end
[22:32:14.358] [bmv2] [D] [thread 6406] [179.0] [cxt 0] Deparser 'deparser': start
[22:32:14.358] [bmv2] [D] [thread 6406] [179.0] [cxt 0] Updating checksum 'cksum'
[22:32:14.358] [bmv2] [D] [thread 6406] [179.0] [cxt 0] Deparsing header 'ethernet'
[22:32:14.358] [bmv2] [D] [thread 6406] [179.0] [cxt 0] Deparsing header 'vlan'
[22:32:14.358] [bmv2] [D] [thread 6406] [179.0] [cxt 0] Deparsing header 'ipv4'
[22:32:14.358] [bmv2] [D] [thread 6406] [179.0] [cxt 0] Deparser 'deparser': end
[22:32:14.358] [bmv2] [D] [thread 6407] [179.0] [cxt 0] Transmitting packet of size 558 out of port 3
[22:32:14.487] [bmv2] [D] [thread 6402] [180.0] [cxt 0] Processing packet received on port 1
[22:32:14.487] [bmv2] [D] [thread 6402] [180.0] [cxt 0] Parser 'parser': start
[22:32:14.488] [bmv2] [D] [thread 6402] [180.0] [cxt 0] Parser 'parser' entering state 'start'
[22:32:14.488] [bmv2] [D] [thread 6402] [180.0] [cxt 0] Extracting header 'ethernet'
[22:32:14.488] [bmv2] [D] [thread 6402] [180.0] [cxt 0] Parser state 'start': key is 8100
[22:32:14.488] [bmv2] [T] [thread 6402] [180.0] [cxt 0] Bytes parsed: 14
[22:32:14.488] [bmv2] [D] [thread 6402] [180.0] [cxt 0] Parser 'parser' entering state 'parse_vlan'
[22:32:14.488] [bmv2] [D] [thread 6402] [180.0] [cxt 0] Extracting header 'vlan'
[22:32:14.488] [bmv2] [D] [thread 6402] [180.0] [cxt 0] Parser state 'parse_vlan': key is 0800
[22:32:14.488] [bmv2] [T] [thread 6402] [180.0] [cxt 0] Bytes parsed: 18
[22:32:14.488] [bmv2] [D] [thread 6402] [180.0] [cxt 0] Parser 'parser' entering state 'parse_ipv4'
[22:32:14.488] [bmv2] [D] [thread 6402] [180.0] [cxt 0] Extracting header 'ipv4'
[22:32:14.488] [bmv2] [D] [thread 6402] [180.0] [cxt 0] Parser set: setting field 'scalars.tmp' from expression, new value is 1
[22:32:14.488] [bmv2] [D] [thread 6402] [180.0] [cxt 0] Parser state 'parse_ipv4': key is 05
[22:32:14.488] [bmv2] [T] [thread 6402] [180.0] [cxt 0] Bytes parsed: 38
[22:32:14.488] [bmv2] [D] [thread 6402] [180.0] [cxt 0] Parser 'parser': end
[22:32:14.488] [bmv2] [D] [thread 6402] [180.0] [cxt 0] Pipeline 'ingress': start
[22:32:14.488] [bmv2] [T] [thread 6402] [180.0] [cxt 0] qos.p4(197) Condition "hdr.ipv4.isValid()" (node_2) is true
[22:32:14.488] [bmv2] [T] [thread 6402] [180.0] [cxt 0] qos.p4(198) Condition "hdr.ipv4_option.isValid()" (node_3) is false
[22:32:14.488] [bmv2] [T] [thread 6402] [180.0] [cxt 0] Applying table 'MyIngress.ipv4_lpm'
[22:32:14.489] [bmv2] [D] [thread 6402] [180.0] [cxt 0] Looking up key:
* hdr.ipv4.dstAddr    : 0a000202

[22:32:14.489] [bmv2] [D] [thread 6402] [180.0] [cxt 0] Table 'MyIngress.ipv4_lpm': hit with handle 2
[22:32:14.489] [bmv2] [D] [thread 6402] [180.0] [cxt 0] Dumping entry 2
Match key:
* hdr.ipv4.dstAddr    : LPM       0a000200/24
Action entry: MyIngress.ipv4_forward - 80000000200,3,

[22:32:14.489] [bmv2] [D] [thread 6402] [180.0] [cxt 0] Action entry is MyIngress.ipv4_forward - 80000000200,3,
[22:32:14.489] [bmv2] [T] [thread 6402] [180.0] [cxt 0] Action MyIngress.ipv4_forward
[22:32:14.489] [bmv2] [T] [thread 6402] [180.0] [cxt 0] qos.p4(175) Primitive standard_metadata.egress_spec = port
[22:32:14.489] [bmv2] [T] [thread 6402] [180.0] [cxt 0] qos.p4(176) Primitive hdr.ethernet.srcAddr = hdr.ethernet.dstAddr
[22:32:14.489] [bmv2] [T] [thread 6402] [180.0] [cxt 0] qos.p4(177) Primitive hdr.ethernet.dstAddr = dstAddr
[22:32:14.489] [bmv2] [T] [thread 6402] [180.0] [cxt 0] qos.p4(178) Primitive hdr.ipv4.ttl = hdr.ipv4.ttl - 1
[22:32:14.489] [bmv2] [D] [thread 6402] [180.0] [cxt 0] Pipeline 'ingress': end
[22:32:14.489] [bmv2] [D] [thread 6402] [180.0] [cxt 0] Egress port is 3
[22:32:14.489] [bmv2] [D] [thread 6406] [180.0] [cxt 0] Pipeline 'egress': start
[22:32:14.489] [bmv2] [D] [thread 6406] [180.0] [cxt 0] Pipeline 'egress': end
[22:32:14.489] [bmv2] [D] [thread 6406] [180.0] [cxt 0] Deparser 'deparser': start
[22:32:14.489] [bmv2] [D] [thread 6406] [180.0] [cxt 0] Updating checksum 'cksum'
[22:32:14.489] [bmv2] [D] [thread 6406] [180.0] [cxt 0] Deparsing header 'ethernet'
[22:32:14.489] [bmv2] [D] [thread 6406] [180.0] [cxt 0] Deparsing header 'vlan'
[22:32:14.489] [bmv2] [D] [thread 6406] [180.0] [cxt 0] Deparsing header 'ipv4'
[22:32:14.489] [bmv2] [D] [thread 6406] [180.0] [cxt 0] Deparser 'deparser': end
[22:32:14.490] [bmv2] [D] [thread 6407] [180.0] [cxt 0] Transmitting packet of size 558 out of port 3
[22:32:14.615] [bmv2] [D] [thread 6402] [181.0] [cxt 0] Processing packet received on port 1
[22:32:14.615] [bmv2] [D] [thread 6402] [181.0] [cxt 0] Parser 'parser': start
[22:32:14.615] [bmv2] [D] [thread 6402] [181.0] [cxt 0] Parser 'parser' entering state 'start'
[22:32:14.615] [bmv2] [D] [thread 6402] [181.0] [cxt 0] Extracting header 'ethernet'
[22:32:14.615] [bmv2] [D] [thread 6402] [181.0] [cxt 0] Parser state 'start': key is 8100
[22:32:14.615] [bmv2] [T] [thread 6402] [181.0] [cxt 0] Bytes parsed: 14
[22:32:14.615] [bmv2] [D] [thread 6402] [181.0] [cxt 0] Parser 'parser' entering state 'parse_vlan'
[22:32:14.615] [bmv2] [D] [thread 6402] [181.0] [cxt 0] Extracting header 'vlan'
[22:32:14.616] [bmv2] [D] [thread 6402] [181.0] [cxt 0] Parser state 'parse_vlan': key is 0800
[22:32:14.616] [bmv2] [T] [thread 6402] [181.0] [cxt 0] Bytes parsed: 18
[22:32:14.616] [bmv2] [D] [thread 6402] [181.0] [cxt 0] Parser 'parser' entering state 'parse_ipv4'
[22:32:14.616] [bmv2] [D] [thread 6402] [181.0] [cxt 0] Extracting header 'ipv4'
[22:32:14.616] [bmv2] [D] [thread 6402] [181.0] [cxt 0] Parser set: setting field 'scalars.tmp' from expression, new value is 1
[22:32:14.616] [bmv2] [D] [thread 6402] [181.0] [cxt 0] Parser state 'parse_ipv4': key is 05
[22:32:14.616] [bmv2] [T] [thread 6402] [181.0] [cxt 0] Bytes parsed: 38
[22:32:14.616] [bmv2] [D] [thread 6402] [181.0] [cxt 0] Parser 'parser': end
[22:32:14.616] [bmv2] [D] [thread 6402] [181.0] [cxt 0] Pipeline 'ingress': start
[22:32:14.616] [bmv2] [T] [thread 6402] [181.0] [cxt 0] qos.p4(197) Condition "hdr.ipv4.isValid()" (node_2) is true
[22:32:14.616] [bmv2] [T] [thread 6402] [181.0] [cxt 0] qos.p4(198) Condition "hdr.ipv4_option.isValid()" (node_3) is false
[22:32:14.616] [bmv2] [T] [thread 6402] [181.0] [cxt 0] Applying table 'MyIngress.ipv4_lpm'
[22:32:14.616] [bmv2] [D] [thread 6402] [181.0] [cxt 0] Looking up key:
* hdr.ipv4.dstAddr    : 0a000202

[22:32:14.616] [bmv2] [D] [thread 6402] [181.0] [cxt 0] Table 'MyIngress.ipv4_lpm': hit with handle 2
[22:32:14.616] [bmv2] [D] [thread 6402] [181.0] [cxt 0] Dumping entry 2
Match key:
* hdr.ipv4.dstAddr    : LPM       0a000200/24
Action entry: MyIngress.ipv4_forward - 80000000200,3,

[22:32:14.617] [bmv2] [D] [thread 6402] [181.0] [cxt 0] Action entry is MyIngress.ipv4_forward - 80000000200,3,
[22:32:14.617] [bmv2] [T] [thread 6402] [181.0] [cxt 0] Action MyIngress.ipv4_forward
[22:32:14.617] [bmv2] [T] [thread 6402] [181.0] [cxt 0] qos.p4(175) Primitive standard_metadata.egress_spec = port
[22:32:14.617] [bmv2] [T] [thread 6402] [181.0] [cxt 0] qos.p4(176) Primitive hdr.ethernet.srcAddr = hdr.ethernet.dstAddr
[22:32:14.617] [bmv2] [T] [thread 6402] [181.0] [cxt 0] qos.p4(177) Primitive hdr.ethernet.dstAddr = dstAddr
[22:32:14.617] [bmv2] [T] [thread 6402] [181.0] [cxt 0] qos.p4(178) Primitive hdr.ipv4.ttl = hdr.ipv4.ttl - 1
[22:32:14.617] [bmv2] [D] [thread 6402] [181.0] [cxt 0] Pipeline 'ingress': end
[22:32:14.617] [bmv2] [D] [thread 6402] [181.0] [cxt 0] Egress port is 3
[22:32:14.617] [bmv2] [D] [thread 6406] [181.0] [cxt 0] Pipeline 'egress': start
[22:32:14.617] [bmv2] [D] [thread 6406] [181.0] [cxt 0] Pipeline 'egress': end
[22:32:14.617] [bmv2] [D] [thread 6406] [181.0] [cxt 0] Deparser 'deparser': start
[22:32:14.617] [bmv2] [D] [thread 6406] [181.0] [cxt 0] Updating checksum 'cksum'
[22:32:14.617] [bmv2] [D] [thread 6406] [181.0] [cxt 0] Deparsing header 'ethernet'
[22:32:14.617] [bmv2] [D] [thread 6406] [181.0] [cxt 0] Deparsing header 'vlan'
[22:32:14.617] [bmv2] [D] [thread 6406] [181.0] [cxt 0] Deparsing header 'ipv4'
[22:32:14.617] [bmv2] [D] [thread 6406] [181.0] [cxt 0] Deparser 'deparser': end
[22:32:14.618] [bmv2] [D] [thread 6407] [181.0] [cxt 0] Transmitting packet of size 558 out of port 3
[22:32:14.741] [bmv2] [D] [thread 6402] [182.0] [cxt 0] Processing packet received on port 1
[22:32:14.741] [bmv2] [D] [thread 6402] [182.0] [cxt 0] Parser 'parser': start
[22:32:14.741] [bmv2] [D] [thread 6402] [182.0] [cxt 0] Parser 'parser' entering state 'start'
[22:32:14.741] [bmv2] [D] [thread 6402] [182.0] [cxt 0] Extracting header 'ethernet'
[22:32:14.742] [bmv2] [D] [thread 6402] [182.0] [cxt 0] Parser state 'start': key is 8100
[22:32:14.742] [bmv2] [T] [thread 6402] [182.0] [cxt 0] Bytes parsed: 14
[22:32:14.742] [bmv2] [D] [thread 6402] [182.0] [cxt 0] Parser 'parser' entering state 'parse_vlan'
[22:32:14.742] [bmv2] [D] [thread 6402] [182.0] [cxt 0] Extracting header 'vlan'
[22:32:14.742] [bmv2] [D] [thread 6402] [182.0] [cxt 0] Parser state 'parse_vlan': key is 0800
[22:32:14.742] [bmv2] [T] [thread 6402] [182.0] [cxt 0] Bytes parsed: 18
[22:32:14.742] [bmv2] [D] [thread 6402] [182.0] [cxt 0] Parser 'parser' entering state 'parse_ipv4'
[22:32:14.742] [bmv2] [D] [thread 6402] [182.0] [cxt 0] Extracting header 'ipv4'
[22:32:14.742] [bmv2] [D] [thread 6402] [182.0] [cxt 0] Parser set: setting field 'scalars.tmp' from expression, new value is 1
[22:32:14.742] [bmv2] [D] [thread 6402] [182.0] [cxt 0] Parser state 'parse_ipv4': key is 05
[22:32:14.742] [bmv2] [T] [thread 6402] [182.0] [cxt 0] Bytes parsed: 38
[22:32:14.742] [bmv2] [D] [thread 6402] [182.0] [cxt 0] Parser 'parser': end
[22:32:14.742] [bmv2] [D] [thread 6402] [182.0] [cxt 0] Pipeline 'ingress': start
[22:32:14.742] [bmv2] [T] [thread 6402] [182.0] [cxt 0] qos.p4(197) Condition "hdr.ipv4.isValid()" (node_2) is true
[22:32:14.742] [bmv2] [T] [thread 6402] [182.0] [cxt 0] qos.p4(198) Condition "hdr.ipv4_option.isValid()" (node_3) is false
[22:32:14.742] [bmv2] [T] [thread 6402] [182.0] [cxt 0] Applying table 'MyIngress.ipv4_lpm'
[22:32:14.742] [bmv2] [D] [thread 6402] [182.0] [cxt 0] Looking up key:
* hdr.ipv4.dstAddr    : 0a000202

[22:32:14.742] [bmv2] [D] [thread 6402] [182.0] [cxt 0] Table 'MyIngress.ipv4_lpm': hit with handle 2
[22:32:14.742] [bmv2] [D] [thread 6402] [182.0] [cxt 0] Dumping entry 2
Match key:
* hdr.ipv4.dstAddr    : LPM       0a000200/24
Action entry: MyIngress.ipv4_forward - 80000000200,3,

[22:32:14.743] [bmv2] [D] [thread 6402] [182.0] [cxt 0] Action entry is MyIngress.ipv4_forward - 80000000200,3,
[22:32:14.743] [bmv2] [T] [thread 6402] [182.0] [cxt 0] Action MyIngress.ipv4_forward
[22:32:14.743] [bmv2] [T] [thread 6402] [182.0] [cxt 0] qos.p4(175) Primitive standard_metadata.egress_spec = port
[22:32:14.743] [bmv2] [T] [thread 6402] [182.0] [cxt 0] qos.p4(176) Primitive hdr.ethernet.srcAddr = hdr.ethernet.dstAddr
[22:32:14.743] [bmv2] [T] [thread 6402] [182.0] [cxt 0] qos.p4(177) Primitive hdr.ethernet.dstAddr = dstAddr
[22:32:14.743] [bmv2] [T] [thread 6402] [182.0] [cxt 0] qos.p4(178) Primitive hdr.ipv4.ttl = hdr.ipv4.ttl - 1
[22:32:14.743] [bmv2] [D] [thread 6402] [182.0] [cxt 0] Pipeline 'ingress': end
[22:32:14.743] [bmv2] [D] [thread 6402] [182.0] [cxt 0] Egress port is 3
[22:32:14.743] [bmv2] [D] [thread 6406] [182.0] [cxt 0] Pipeline 'egress': start
[22:32:14.743] [bmv2] [D] [thread 6406] [182.0] [cxt 0] Pipeline 'egress': end
[22:32:14.743] [bmv2] [D] [thread 6406] [182.0] [cxt 0] Deparser 'deparser': start
[22:32:14.743] [bmv2] [D] [thread 6406] [182.0] [cxt 0] Updating checksum 'cksum'
[22:32:14.743] [bmv2] [D] [thread 6406] [182.0] [cxt 0] Deparsing header 'ethernet'
[22:32:14.743] [bmv2] [D] [thread 6406] [182.0] [cxt 0] Deparsing header 'vlan'
[22:32:14.743] [bmv2] [D] [thread 6406] [182.0] [cxt 0] Deparsing header 'ipv4'
[22:32:14.743] [bmv2] [D] [thread 6406] [182.0] [cxt 0] Deparser 'deparser': end
[22:32:14.743] [bmv2] [D] [thread 6407] [182.0] [cxt 0] Transmitting packet of size 558 out of port 3
[22:32:14.865] [bmv2] [D] [thread 6402] [183.0] [cxt 0] Processing packet received on port 1
[22:32:14.866] [bmv2] [D] [thread 6402] [183.0] [cxt 0] Parser 'parser': start
[22:32:14.866] [bmv2] [D] [thread 6402] [183.0] [cxt 0] Parser 'parser' entering state 'start'
[22:32:14.866] [bmv2] [D] [thread 6402] [183.0] [cxt 0] Extracting header 'ethernet'
[22:32:14.866] [bmv2] [D] [thread 6402] [183.0] [cxt 0] Parser state 'start': key is 8100
[22:32:14.866] [bmv2] [T] [thread 6402] [183.0] [cxt 0] Bytes parsed: 14
[22:32:14.866] [bmv2] [D] [thread 6402] [183.0] [cxt 0] Parser 'parser' entering state 'parse_vlan'
[22:32:14.866] [bmv2] [D] [thread 6402] [183.0] [cxt 0] Extracting header 'vlan'
[22:32:14.866] [bmv2] [D] [thread 6402] [183.0] [cxt 0] Parser state 'parse_vlan': key is 0800
[22:32:14.866] [bmv2] [T] [thread 6402] [183.0] [cxt 0] Bytes parsed: 18
[22:32:14.866] [bmv2] [D] [thread 6402] [183.0] [cxt 0] Parser 'parser' entering state 'parse_ipv4'
[22:32:14.866] [bmv2] [D] [thread 6402] [183.0] [cxt 0] Extracting header 'ipv4'
[22:32:14.866] [bmv2] [D] [thread 6402] [183.0] [cxt 0] Parser set: setting field 'scalars.tmp' from expression, new value is 1
[22:32:14.866] [bmv2] [D] [thread 6402] [183.0] [cxt 0] Parser state 'parse_ipv4': key is 05
[22:32:14.866] [bmv2] [T] [thread 6402] [183.0] [cxt 0] Bytes parsed: 38
[22:32:14.866] [bmv2] [D] [thread 6402] [183.0] [cxt 0] Parser 'parser': end
[22:32:14.866] [bmv2] [D] [thread 6402] [183.0] [cxt 0] Pipeline 'ingress': start
[22:32:14.866] [bmv2] [T] [thread 6402] [183.0] [cxt 0] qos.p4(197) Condition "hdr.ipv4.isValid()" (node_2) is true
[22:32:14.866] [bmv2] [T] [thread 6402] [183.0] [cxt 0] qos.p4(198) Condition "hdr.ipv4_option.isValid()" (node_3) is false
[22:32:14.866] [bmv2] [T] [thread 6402] [183.0] [cxt 0] Applying table 'MyIngress.ipv4_lpm'
[22:32:14.866] [bmv2] [D] [thread 6402] [183.0] [cxt 0] Looking up key:
* hdr.ipv4.dstAddr    : 0a000202

[22:32:14.867] [bmv2] [D] [thread 6402] [183.0] [cxt 0] Table 'MyIngress.ipv4_lpm': hit with handle 2
[22:32:14.867] [bmv2] [D] [thread 6402] [183.0] [cxt 0] Dumping entry 2
Match key:
* hdr.ipv4.dstAddr    : LPM       0a000200/24
Action entry: MyIngress.ipv4_forward - 80000000200,3,

[22:32:14.867] [bmv2] [D] [thread 6402] [183.0] [cxt 0] Action entry is MyIngress.ipv4_forward - 80000000200,3,
[22:32:14.867] [bmv2] [T] [thread 6402] [183.0] [cxt 0] Action MyIngress.ipv4_forward
[22:32:14.867] [bmv2] [T] [thread 6402] [183.0] [cxt 0] qos.p4(175) Primitive standard_metadata.egress_spec = port
[22:32:14.867] [bmv2] [T] [thread 6402] [183.0] [cxt 0] qos.p4(176) Primitive hdr.ethernet.srcAddr = hdr.ethernet.dstAddr
[22:32:14.867] [bmv2] [T] [thread 6402] [183.0] [cxt 0] qos.p4(177) Primitive hdr.ethernet.dstAddr = dstAddr
[22:32:14.867] [bmv2] [T] [thread 6402] [183.0] [cxt 0] qos.p4(178) Primitive hdr.ipv4.ttl = hdr.ipv4.ttl - 1
[22:32:14.867] [bmv2] [D] [thread 6402] [183.0] [cxt 0] Pipeline 'ingress': end
[22:32:14.867] [bmv2] [D] [thread 6402] [183.0] [cxt 0] Egress port is 3
[22:32:14.867] [bmv2] [D] [thread 6406] [183.0] [cxt 0] Pipeline 'egress': start
[22:32:14.867] [bmv2] [D] [thread 6406] [183.0] [cxt 0] Pipeline 'egress': end
[22:32:14.867] [bmv2] [D] [thread 6406] [183.0] [cxt 0] Deparser 'deparser': start
[22:32:14.867] [bmv2] [D] [thread 6406] [183.0] [cxt 0] Updating checksum 'cksum'
[22:32:14.867] [bmv2] [D] [thread 6406] [183.0] [cxt 0] Deparsing header 'ethernet'
[22:32:14.867] [bmv2] [D] [thread 6406] [183.0] [cxt 0] Deparsing header 'vlan'
[22:32:14.867] [bmv2] [D] [thread 6406] [183.0] [cxt 0] Deparsing header 'ipv4'
[22:32:14.867] [bmv2] [D] [thread 6406] [183.0] [cxt 0] Deparser 'deparser': end
[22:32:14.867] [bmv2] [D] [thread 6407] [183.0] [cxt 0] Transmitting packet of size 558 out of port 3
[22:32:14.994] [bmv2] [D] [thread 6402] [184.0] [cxt 0] Processing packet received on port 1
[22:32:14.994] [bmv2] [D] [thread 6402] [184.0] [cxt 0] Parser 'parser': start
[22:32:14.994] [bmv2] [D] [thread 6402] [184.0] [cxt 0] Parser 'parser' entering state 'start'
[22:32:14.994] [bmv2] [D] [thread 6402] [184.0] [cxt 0] Extracting header 'ethernet'
[22:32:14.994] [bmv2] [D] [thread 6402] [184.0] [cxt 0] Parser state 'start': key is 8100
[22:32:14.994] [bmv2] [T] [thread 6402] [184.0] [cxt 0] Bytes parsed: 14
[22:32:14.994] [bmv2] [D] [thread 6402] [184.0] [cxt 0] Parser 'parser' entering state 'parse_vlan'
[22:32:14.994] [bmv2] [D] [thread 6402] [184.0] [cxt 0] Extracting header 'vlan'
[22:32:14.994] [bmv2] [D] [thread 6402] [184.0] [cxt 0] Parser state 'parse_vlan': key is 0800
[22:32:14.994] [bmv2] [T] [thread 6402] [184.0] [cxt 0] Bytes parsed: 18
[22:32:14.994] [bmv2] [D] [thread 6402] [184.0] [cxt 0] Parser 'parser' entering state 'parse_ipv4'
[22:32:14.994] [bmv2] [D] [thread 6402] [184.0] [cxt 0] Extracting header 'ipv4'
[22:32:14.995] [bmv2] [D] [thread 6402] [184.0] [cxt 0] Parser set: setting field 'scalars.tmp' from expression, new value is 1
[22:32:14.995] [bmv2] [D] [thread 6402] [184.0] [cxt 0] Parser state 'parse_ipv4': key is 05
[22:32:14.995] [bmv2] [T] [thread 6402] [184.0] [cxt 0] Bytes parsed: 38
[22:32:14.995] [bmv2] [D] [thread 6402] [184.0] [cxt 0] Parser 'parser': end
[22:32:14.995] [bmv2] [D] [thread 6402] [184.0] [cxt 0] Pipeline 'ingress': start
[22:32:14.995] [bmv2] [T] [thread 6402] [184.0] [cxt 0] qos.p4(197) Condition "hdr.ipv4.isValid()" (node_2) is true
[22:32:14.995] [bmv2] [T] [thread 6402] [184.0] [cxt 0] qos.p4(198) Condition "hdr.ipv4_option.isValid()" (node_3) is false
[22:32:14.995] [bmv2] [T] [thread 6402] [184.0] [cxt 0] Applying table 'MyIngress.ipv4_lpm'
[22:32:14.995] [bmv2] [D] [thread 6402] [184.0] [cxt 0] Looking up key:
* hdr.ipv4.dstAddr    : 0a000202

[22:32:14.995] [bmv2] [D] [thread 6402] [184.0] [cxt 0] Table 'MyIngress.ipv4_lpm': hit with handle 2
[22:32:14.995] [bmv2] [D] [thread 6402] [184.0] [cxt 0] Dumping entry 2
Match key:
* hdr.ipv4.dstAddr    : LPM       0a000200/24
Action entry: MyIngress.ipv4_forward - 80000000200,3,

[22:32:14.995] [bmv2] [D] [thread 6402] [184.0] [cxt 0] Action entry is MyIngress.ipv4_forward - 80000000200,3,
[22:32:14.995] [bmv2] [T] [thread 6402] [184.0] [cxt 0] Action MyIngress.ipv4_forward
[22:32:14.995] [bmv2] [T] [thread 6402] [184.0] [cxt 0] qos.p4(175) Primitive standard_metadata.egress_spec = port
[22:32:14.995] [bmv2] [T] [thread 6402] [184.0] [cxt 0] qos.p4(176) Primitive hdr.ethernet.srcAddr = hdr.ethernet.dstAddr
[22:32:14.995] [bmv2] [T] [thread 6402] [184.0] [cxt 0] qos.p4(177) Primitive hdr.ethernet.dstAddr = dstAddr
[22:32:14.995] [bmv2] [T] [thread 6402] [184.0] [cxt 0] qos.p4(178) Primitive hdr.ipv4.ttl = hdr.ipv4.ttl - 1
[22:32:14.996] [bmv2] [D] [thread 6402] [184.0] [cxt 0] Pipeline 'ingress': end
[22:32:14.996] [bmv2] [D] [thread 6402] [184.0] [cxt 0] Egress port is 3
[22:32:14.996] [bmv2] [D] [thread 6406] [184.0] [cxt 0] Pipeline 'egress': start
[22:32:14.996] [bmv2] [D] [thread 6406] [184.0] [cxt 0] Pipeline 'egress': end
[22:32:14.996] [bmv2] [D] [thread 6406] [184.0] [cxt 0] Deparser 'deparser': start
[22:32:14.996] [bmv2] [D] [thread 6406] [184.0] [cxt 0] Updating checksum 'cksum'
[22:32:14.996] [bmv2] [D] [thread 6406] [184.0] [cxt 0] Deparsing header 'ethernet'
[22:32:14.996] [bmv2] [D] [thread 6406] [184.0] [cxt 0] Deparsing header 'vlan'
[22:32:14.996] [bmv2] [D] [thread 6406] [184.0] [cxt 0] Deparsing header 'ipv4'
[22:32:14.996] [bmv2] [D] [thread 6406] [184.0] [cxt 0] Deparser 'deparser': end
[22:32:14.996] [bmv2] [D] [thread 6407] [184.0] [cxt 0] Transmitting packet of size 558 out of port 3
[22:32:15.121] [bmv2] [D] [thread 6402] [185.0] [cxt 0] Processing packet received on port 1
[22:32:15.121] [bmv2] [D] [thread 6402] [185.0] [cxt 0] Parser 'parser': start
[22:32:15.121] [bmv2] [D] [thread 6402] [185.0] [cxt 0] Parser 'parser' entering state 'start'
[22:32:15.121] [bmv2] [D] [thread 6402] [185.0] [cxt 0] Extracting header 'ethernet'
[22:32:15.121] [bmv2] [D] [thread 6402] [185.0] [cxt 0] Parser state 'start': key is 8100
[22:32:15.121] [bmv2] [T] [thread 6402] [185.0] [cxt 0] Bytes parsed: 14
[22:32:15.121] [bmv2] [D] [thread 6402] [185.0] [cxt 0] Parser 'parser' entering state 'parse_vlan'
[22:32:15.121] [bmv2] [D] [thread 6402] [185.0] [cxt 0] Extracting header 'vlan'
[22:32:15.121] [bmv2] [D] [thread 6402] [185.0] [cxt 0] Parser state 'parse_vlan': key is 0800
[22:32:15.122] [bmv2] [T] [thread 6402] [185.0] [cxt 0] Bytes parsed: 18
[22:32:15.122] [bmv2] [D] [thread 6402] [185.0] [cxt 0] Parser 'parser' entering state 'parse_ipv4'
[22:32:15.122] [bmv2] [D] [thread 6402] [185.0] [cxt 0] Extracting header 'ipv4'
[22:32:15.122] [bmv2] [D] [thread 6402] [185.0] [cxt 0] Parser set: setting field 'scalars.tmp' from expression, new value is 1
[22:32:15.122] [bmv2] [D] [thread 6402] [185.0] [cxt 0] Parser state 'parse_ipv4': key is 05
[22:32:15.122] [bmv2] [T] [thread 6402] [185.0] [cxt 0] Bytes parsed: 38
[22:32:15.122] [bmv2] [D] [thread 6402] [185.0] [cxt 0] Parser 'parser': end
[22:32:15.122] [bmv2] [D] [thread 6402] [185.0] [cxt 0] Pipeline 'ingress': start
[22:32:15.122] [bmv2] [T] [thread 6402] [185.0] [cxt 0] qos.p4(197) Condition "hdr.ipv4.isValid()" (node_2) is true
[22:32:15.122] [bmv2] [T] [thread 6402] [185.0] [cxt 0] qos.p4(198) Condition "hdr.ipv4_option.isValid()" (node_3) is false
[22:32:15.122] [bmv2] [T] [thread 6402] [185.0] [cxt 0] Applying table 'MyIngress.ipv4_lpm'
[22:32:15.122] [bmv2] [D] [thread 6402] [185.0] [cxt 0] Looking up key:
* hdr.ipv4.dstAddr    : 0a000202

[22:32:15.122] [bmv2] [D] [thread 6402] [185.0] [cxt 0] Table 'MyIngress.ipv4_lpm': hit with handle 2
[22:32:15.122] [bmv2] [D] [thread 6402] [185.0] [cxt 0] Dumping entry 2
Match key:
* hdr.ipv4.dstAddr    : LPM       0a000200/24
Action entry: MyIngress.ipv4_forward - 80000000200,3,

[22:32:15.122] [bmv2] [D] [thread 6402] [185.0] [cxt 0] Action entry is MyIngress.ipv4_forward - 80000000200,3,
[22:32:15.122] [bmv2] [T] [thread 6402] [185.0] [cxt 0] Action MyIngress.ipv4_forward
[22:32:15.122] [bmv2] [T] [thread 6402] [185.0] [cxt 0] qos.p4(175) Primitive standard_metadata.egress_spec = port
[22:32:15.123] [bmv2] [T] [thread 6402] [185.0] [cxt 0] qos.p4(176) Primitive hdr.ethernet.srcAddr = hdr.ethernet.dstAddr
[22:32:15.123] [bmv2] [T] [thread 6402] [185.0] [cxt 0] qos.p4(177) Primitive hdr.ethernet.dstAddr = dstAddr
[22:32:15.123] [bmv2] [T] [thread 6402] [185.0] [cxt 0] qos.p4(178) Primitive hdr.ipv4.ttl = hdr.ipv4.ttl - 1
[22:32:15.123] [bmv2] [D] [thread 6402] [185.0] [cxt 0] Pipeline 'ingress': end
[22:32:15.123] [bmv2] [D] [thread 6402] [185.0] [cxt 0] Egress port is 3
[22:32:15.123] [bmv2] [D] [thread 6406] [185.0] [cxt 0] Pipeline 'egress': start
[22:32:15.123] [bmv2] [D] [thread 6406] [185.0] [cxt 0] Pipeline 'egress': end
[22:32:15.123] [bmv2] [D] [thread 6406] [185.0] [cxt 0] Deparser 'deparser': start
[22:32:15.123] [bmv2] [D] [thread 6406] [185.0] [cxt 0] Updating checksum 'cksum'
[22:32:15.123] [bmv2] [D] [thread 6406] [185.0] [cxt 0] Deparsing header 'ethernet'
[22:32:15.123] [bmv2] [D] [thread 6406] [185.0] [cxt 0] Deparsing header 'vlan'
[22:32:15.123] [bmv2] [D] [thread 6406] [185.0] [cxt 0] Deparsing header 'ipv4'
[22:32:15.123] [bmv2] [D] [thread 6406] [185.0] [cxt 0] Deparser 'deparser': end
[22:32:15.123] [bmv2] [D] [thread 6407] [185.0] [cxt 0] Transmitting packet of size 558 out of port 3
[22:32:15.251] [bmv2] [D] [thread 6402] [186.0] [cxt 0] Processing packet received on port 1
[22:32:15.251] [bmv2] [D] [thread 6402] [186.0] [cxt 0] Parser 'parser': start
[22:32:15.251] [bmv2] [D] [thread 6402] [186.0] [cxt 0] Parser 'parser' entering state 'start'
[22:32:15.251] [bmv2] [D] [thread 6402] [186.0] [cxt 0] Extracting header 'ethernet'
[22:32:15.251] [bmv2] [D] [thread 6402] [186.0] [cxt 0] Parser state 'start': key is 8100
[22:32:15.251] [bmv2] [T] [thread 6402] [186.0] [cxt 0] Bytes parsed: 14
[22:32:15.251] [bmv2] [D] [thread 6402] [186.0] [cxt 0] Parser 'parser' entering state 'parse_vlan'
[22:32:15.251] [bmv2] [D] [thread 6402] [186.0] [cxt 0] Extracting header 'vlan'
[22:32:15.251] [bmv2] [D] [thread 6402] [186.0] [cxt 0] Parser state 'parse_vlan': key is 0800
[22:32:15.251] [bmv2] [T] [thread 6402] [186.0] [cxt 0] Bytes parsed: 18
[22:32:15.251] [bmv2] [D] [thread 6402] [186.0] [cxt 0] Parser 'parser' entering state 'parse_ipv4'
[22:32:15.251] [bmv2] [D] [thread 6402] [186.0] [cxt 0] Extracting header 'ipv4'
[22:32:15.251] [bmv2] [D] [thread 6402] [186.0] [cxt 0] Parser set: setting field 'scalars.tmp' from expression, new value is 1
[22:32:15.251] [bmv2] [D] [thread 6402] [186.0] [cxt 0] Parser state 'parse_ipv4': key is 05
[22:32:15.251] [bmv2] [T] [thread 6402] [186.0] [cxt 0] Bytes parsed: 38
[22:32:15.251] [bmv2] [D] [thread 6402] [186.0] [cxt 0] Parser 'parser': end
[22:32:15.251] [bmv2] [D] [thread 6402] [186.0] [cxt 0] Pipeline 'ingress': start
[22:32:15.252] [bmv2] [T] [thread 6402] [186.0] [cxt 0] qos.p4(197) Condition "hdr.ipv4.isValid()" (node_2) is true
[22:32:15.252] [bmv2] [T] [thread 6402] [186.0] [cxt 0] qos.p4(198) Condition "hdr.ipv4_option.isValid()" (node_3) is false
[22:32:15.252] [bmv2] [T] [thread 6402] [186.0] [cxt 0] Applying table 'MyIngress.ipv4_lpm'
[22:32:15.252] [bmv2] [D] [thread 6402] [186.0] [cxt 0] Looking up key:
* hdr.ipv4.dstAddr    : 0a000202

[22:32:15.252] [bmv2] [D] [thread 6402] [186.0] [cxt 0] Table 'MyIngress.ipv4_lpm': hit with handle 2
[22:32:15.252] [bmv2] [D] [thread 6402] [186.0] [cxt 0] Dumping entry 2
Match key:
* hdr.ipv4.dstAddr    : LPM       0a000200/24
Action entry: MyIngress.ipv4_forward - 80000000200,3,

[22:32:15.252] [bmv2] [D] [thread 6402] [186.0] [cxt 0] Action entry is MyIngress.ipv4_forward - 80000000200,3,
[22:32:15.252] [bmv2] [T] [thread 6402] [186.0] [cxt 0] Action MyIngress.ipv4_forward
[22:32:15.252] [bmv2] [T] [thread 6402] [186.0] [cxt 0] qos.p4(175) Primitive standard_metadata.egress_spec = port
[22:32:15.252] [bmv2] [T] [thread 6402] [186.0] [cxt 0] qos.p4(176) Primitive hdr.ethernet.srcAddr = hdr.ethernet.dstAddr
[22:32:15.252] [bmv2] [T] [thread 6402] [186.0] [cxt 0] qos.p4(177) Primitive hdr.ethernet.dstAddr = dstAddr
[22:32:15.252] [bmv2] [T] [thread 6402] [186.0] [cxt 0] qos.p4(178) Primitive hdr.ipv4.ttl = hdr.ipv4.ttl - 1
[22:32:15.252] [bmv2] [D] [thread 6402] [186.0] [cxt 0] Pipeline 'ingress': end
[22:32:15.252] [bmv2] [D] [thread 6402] [186.0] [cxt 0] Egress port is 3
[22:32:15.252] [bmv2] [D] [thread 6406] [186.0] [cxt 0] Pipeline 'egress': start
[22:32:15.253] [bmv2] [D] [thread 6406] [186.0] [cxt 0] Pipeline 'egress': end
[22:32:15.253] [bmv2] [D] [thread 6406] [186.0] [cxt 0] Deparser 'deparser': start
[22:32:15.253] [bmv2] [D] [thread 6406] [186.0] [cxt 0] Updating checksum 'cksum'
[22:32:15.253] [bmv2] [D] [thread 6406] [186.0] [cxt 0] Deparsing header 'ethernet'
[22:32:15.253] [bmv2] [D] [thread 6406] [186.0] [cxt 0] Deparsing header 'vlan'
[22:32:15.253] [bmv2] [D] [thread 6406] [186.0] [cxt 0] Deparsing header 'ipv4'
[22:32:15.253] [bmv2] [D] [thread 6406] [186.0] [cxt 0] Deparser 'deparser': end
[22:32:15.253] [bmv2] [D] [thread 6407] [186.0] [cxt 0] Transmitting packet of size 558 out of port 3
[22:32:15.377] [bmv2] [D] [thread 6402] [187.0] [cxt 0] Processing packet received on port 1
[22:32:15.377] [bmv2] [D] [thread 6402] [187.0] [cxt 0] Parser 'parser': start
[22:32:15.377] [bmv2] [D] [thread 6402] [187.0] [cxt 0] Parser 'parser' entering state 'start'
[22:32:15.377] [bmv2] [D] [thread 6402] [187.0] [cxt 0] Extracting header 'ethernet'
[22:32:15.377] [bmv2] [D] [thread 6402] [187.0] [cxt 0] Parser state 'start': key is 8100
[22:32:15.377] [bmv2] [T] [thread 6402] [187.0] [cxt 0] Bytes parsed: 14
[22:32:15.377] [bmv2] [D] [thread 6402] [187.0] [cxt 0] Parser 'parser' entering state 'parse_vlan'
[22:32:15.377] [bmv2] [D] [thread 6402] [187.0] [cxt 0] Extracting header 'vlan'
[22:32:15.377] [bmv2] [D] [thread 6402] [187.0] [cxt 0] Parser state 'parse_vlan': key is 0800
[22:32:15.377] [bmv2] [T] [thread 6402] [187.0] [cxt 0] Bytes parsed: 18
[22:32:15.377] [bmv2] [D] [thread 6402] [187.0] [cxt 0] Parser 'parser' entering state 'parse_ipv4'
[22:32:15.377] [bmv2] [D] [thread 6402] [187.0] [cxt 0] Extracting header 'ipv4'
[22:32:15.377] [bmv2] [D] [thread 6402] [187.0] [cxt 0] Parser set: setting field 'scalars.tmp' from expression, new value is 1
[22:32:15.377] [bmv2] [D] [thread 6402] [187.0] [cxt 0] Parser state 'parse_ipv4': key is 05
[22:32:15.377] [bmv2] [T] [thread 6402] [187.0] [cxt 0] Bytes parsed: 38
[22:32:15.377] [bmv2] [D] [thread 6402] [187.0] [cxt 0] Parser 'parser': end
[22:32:15.378] [bmv2] [D] [thread 6402] [187.0] [cxt 0] Pipeline 'ingress': start
[22:32:15.378] [bmv2] [T] [thread 6402] [187.0] [cxt 0] qos.p4(197) Condition "hdr.ipv4.isValid()" (node_2) is true
[22:32:15.378] [bmv2] [T] [thread 6402] [187.0] [cxt 0] qos.p4(198) Condition "hdr.ipv4_option.isValid()" (node_3) is false
[22:32:15.378] [bmv2] [T] [thread 6402] [187.0] [cxt 0] Applying table 'MyIngress.ipv4_lpm'
[22:32:15.378] [bmv2] [D] [thread 6402] [187.0] [cxt 0] Looking up key:
* hdr.ipv4.dstAddr    : 0a000202

[22:32:15.378] [bmv2] [D] [thread 6402] [187.0] [cxt 0] Table 'MyIngress.ipv4_lpm': hit with handle 2
[22:32:15.378] [bmv2] [D] [thread 6402] [187.0] [cxt 0] Dumping entry 2
Match key:
* hdr.ipv4.dstAddr    : LPM       0a000200/24
Action entry: MyIngress.ipv4_forward - 80000000200,3,

[22:32:15.378] [bmv2] [D] [thread 6402] [187.0] [cxt 0] Action entry is MyIngress.ipv4_forward - 80000000200,3,
[22:32:15.378] [bmv2] [T] [thread 6402] [187.0] [cxt 0] Action MyIngress.ipv4_forward
[22:32:15.378] [bmv2] [T] [thread 6402] [187.0] [cxt 0] qos.p4(175) Primitive standard_metadata.egress_spec = port
[22:32:15.378] [bmv2] [T] [thread 6402] [187.0] [cxt 0] qos.p4(176) Primitive hdr.ethernet.srcAddr = hdr.ethernet.dstAddr
[22:32:15.378] [bmv2] [T] [thread 6402] [187.0] [cxt 0] qos.p4(177) Primitive hdr.ethernet.dstAddr = dstAddr
[22:32:15.378] [bmv2] [T] [thread 6402] [187.0] [cxt 0] qos.p4(178) Primitive hdr.ipv4.ttl = hdr.ipv4.ttl - 1
[22:32:15.378] [bmv2] [D] [thread 6402] [187.0] [cxt 0] Pipeline 'ingress': end
[22:32:15.378] [bmv2] [D] [thread 6402] [187.0] [cxt 0] Egress port is 3
[22:32:15.378] [bmv2] [D] [thread 6406] [187.0] [cxt 0] Pipeline 'egress': start
[22:32:15.378] [bmv2] [D] [thread 6406] [187.0] [cxt 0] Pipeline 'egress': end
[22:32:15.378] [bmv2] [D] [thread 6406] [187.0] [cxt 0] Deparser 'deparser': start
[22:32:15.378] [bmv2] [D] [thread 6406] [187.0] [cxt 0] Updating checksum 'cksum'
[22:32:15.379] [bmv2] [D] [thread 6406] [187.0] [cxt 0] Deparsing header 'ethernet'
[22:32:15.379] [bmv2] [D] [thread 6406] [187.0] [cxt 0] Deparsing header 'vlan'
[22:32:15.379] [bmv2] [D] [thread 6406] [187.0] [cxt 0] Deparsing header 'ipv4'
[22:32:15.379] [bmv2] [D] [thread 6406] [187.0] [cxt 0] Deparser 'deparser': end
[22:32:15.379] [bmv2] [D] [thread 6407] [187.0] [cxt 0] Transmitting packet of size 558 out of port 3
[22:32:15.506] [bmv2] [D] [thread 6402] [188.0] [cxt 0] Processing packet received on port 1
[22:32:15.506] [bmv2] [D] [thread 6402] [188.0] [cxt 0] Parser 'parser': start
[22:32:15.507] [bmv2] [D] [thread 6402] [188.0] [cxt 0] Parser 'parser' entering state 'start'
[22:32:15.507] [bmv2] [D] [thread 6402] [188.0] [cxt 0] Extracting header 'ethernet'
[22:32:15.507] [bmv2] [D] [thread 6402] [188.0] [cxt 0] Parser state 'start': key is 8100
[22:32:15.507] [bmv2] [T] [thread 6402] [188.0] [cxt 0] Bytes parsed: 14
[22:32:15.507] [bmv2] [D] [thread 6402] [188.0] [cxt 0] Parser 'parser' entering state 'parse_vlan'
[22:32:15.507] [bmv2] [D] [thread 6402] [188.0] [cxt 0] Extracting header 'vlan'
[22:32:15.507] [bmv2] [D] [thread 6402] [188.0] [cxt 0] Parser state 'parse_vlan': key is 0800
[22:32:15.507] [bmv2] [T] [thread 6402] [188.0] [cxt 0] Bytes parsed: 18
[22:32:15.507] [bmv2] [D] [thread 6402] [188.0] [cxt 0] Parser 'parser' entering state 'parse_ipv4'
[22:32:15.507] [bmv2] [D] [thread 6402] [188.0] [cxt 0] Extracting header 'ipv4'
[22:32:15.507] [bmv2] [D] [thread 6402] [188.0] [cxt 0] Parser set: setting field 'scalars.tmp' from expression, new value is 1
[22:32:15.507] [bmv2] [D] [thread 6402] [188.0] [cxt 0] Parser state 'parse_ipv4': key is 05
[22:32:15.507] [bmv2] [T] [thread 6402] [188.0] [cxt 0] Bytes parsed: 38
[22:32:15.507] [bmv2] [D] [thread 6402] [188.0] [cxt 0] Parser 'parser': end
[22:32:15.507] [bmv2] [D] [thread 6402] [188.0] [cxt 0] Pipeline 'ingress': start
[22:32:15.507] [bmv2] [T] [thread 6402] [188.0] [cxt 0] qos.p4(197) Condition "hdr.ipv4.isValid()" (node_2) is true
[22:32:15.507] [bmv2] [T] [thread 6402] [188.0] [cxt 0] qos.p4(198) Condition "hdr.ipv4_option.isValid()" (node_3) is false
[22:32:15.507] [bmv2] [T] [thread 6402] [188.0] [cxt 0] Applying table 'MyIngress.ipv4_lpm'
[22:32:15.507] [bmv2] [D] [thread 6402] [188.0] [cxt 0] Looking up key:
* hdr.ipv4.dstAddr    : 0a000202

[22:32:15.507] [bmv2] [D] [thread 6402] [188.0] [cxt 0] Table 'MyIngress.ipv4_lpm': hit with handle 2
[22:32:15.507] [bmv2] [D] [thread 6402] [188.0] [cxt 0] Dumping entry 2
Match key:
* hdr.ipv4.dstAddr    : LPM       0a000200/24
Action entry: MyIngress.ipv4_forward - 80000000200,3,

[22:32:15.508] [bmv2] [D] [thread 6402] [188.0] [cxt 0] Action entry is MyIngress.ipv4_forward - 80000000200,3,
[22:32:15.508] [bmv2] [T] [thread 6402] [188.0] [cxt 0] Action MyIngress.ipv4_forward
[22:32:15.508] [bmv2] [T] [thread 6402] [188.0] [cxt 0] qos.p4(175) Primitive standard_metadata.egress_spec = port
[22:32:15.508] [bmv2] [T] [thread 6402] [188.0] [cxt 0] qos.p4(176) Primitive hdr.ethernet.srcAddr = hdr.ethernet.dstAddr
[22:32:15.508] [bmv2] [T] [thread 6402] [188.0] [cxt 0] qos.p4(177) Primitive hdr.ethernet.dstAddr = dstAddr
[22:32:15.508] [bmv2] [T] [thread 6402] [188.0] [cxt 0] qos.p4(178) Primitive hdr.ipv4.ttl = hdr.ipv4.ttl - 1
[22:32:15.508] [bmv2] [D] [thread 6402] [188.0] [cxt 0] Pipeline 'ingress': end
[22:32:15.508] [bmv2] [D] [thread 6402] [188.0] [cxt 0] Egress port is 3
[22:32:15.508] [bmv2] [D] [thread 6406] [188.0] [cxt 0] Pipeline 'egress': start
[22:32:15.508] [bmv2] [D] [thread 6406] [188.0] [cxt 0] Pipeline 'egress': end
[22:32:15.508] [bmv2] [D] [thread 6406] [188.0] [cxt 0] Deparser 'deparser': start
[22:32:15.508] [bmv2] [D] [thread 6406] [188.0] [cxt 0] Updating checksum 'cksum'
[22:32:15.509] [bmv2] [D] [thread 6406] [188.0] [cxt 0] Deparsing header 'ethernet'
[22:32:15.509] [bmv2] [D] [thread 6406] [188.0] [cxt 0] Deparsing header 'vlan'
[22:32:15.509] [bmv2] [D] [thread 6406] [188.0] [cxt 0] Deparsing header 'ipv4'
[22:32:15.509] [bmv2] [D] [thread 6406] [188.0] [cxt 0] Deparser 'deparser': end
[22:32:15.509] [bmv2] [D] [thread 6407] [188.0] [cxt 0] Transmitting packet of size 558 out of port 3
[22:32:15.633] [bmv2] [D] [thread 6402] [189.0] [cxt 0] Processing packet received on port 1
[22:32:15.633] [bmv2] [D] [thread 6402] [189.0] [cxt 0] Parser 'parser': start
[22:32:15.633] [bmv2] [D] [thread 6402] [189.0] [cxt 0] Parser 'parser' entering state 'start'
[22:32:15.633] [bmv2] [D] [thread 6402] [189.0] [cxt 0] Extracting header 'ethernet'
[22:32:15.633] [bmv2] [D] [thread 6402] [189.0] [cxt 0] Parser state 'start': key is 8100
[22:32:15.633] [bmv2] [T] [thread 6402] [189.0] [cxt 0] Bytes parsed: 14
[22:32:15.633] [bmv2] [D] [thread 6402] [189.0] [cxt 0] Parser 'parser' entering state 'parse_vlan'
[22:32:15.633] [bmv2] [D] [thread 6402] [189.0] [cxt 0] Extracting header 'vlan'
[22:32:15.633] [bmv2] [D] [thread 6402] [189.0] [cxt 0] Parser state 'parse_vlan': key is 0800
[22:32:15.633] [bmv2] [T] [thread 6402] [189.0] [cxt 0] Bytes parsed: 18
[22:32:15.633] [bmv2] [D] [thread 6402] [189.0] [cxt 0] Parser 'parser' entering state 'parse_ipv4'
[22:32:15.633] [bmv2] [D] [thread 6402] [189.0] [cxt 0] Extracting header 'ipv4'
[22:32:15.633] [bmv2] [D] [thread 6402] [189.0] [cxt 0] Parser set: setting field 'scalars.tmp' from expression, new value is 1
[22:32:15.634] [bmv2] [D] [thread 6402] [189.0] [cxt 0] Parser state 'parse_ipv4': key is 05
[22:32:15.634] [bmv2] [T] [thread 6402] [189.0] [cxt 0] Bytes parsed: 38
[22:32:15.634] [bmv2] [D] [thread 6402] [189.0] [cxt 0] Parser 'parser': end
[22:32:15.634] [bmv2] [D] [thread 6402] [189.0] [cxt 0] Pipeline 'ingress': start
[22:32:15.634] [bmv2] [T] [thread 6402] [189.0] [cxt 0] qos.p4(197) Condition "hdr.ipv4.isValid()" (node_2) is true
[22:32:15.634] [bmv2] [T] [thread 6402] [189.0] [cxt 0] qos.p4(198) Condition "hdr.ipv4_option.isValid()" (node_3) is false
[22:32:15.634] [bmv2] [T] [thread 6402] [189.0] [cxt 0] Applying table 'MyIngress.ipv4_lpm'
[22:32:15.634] [bmv2] [D] [thread 6402] [189.0] [cxt 0] Looking up key:
* hdr.ipv4.dstAddr    : 0a000202

[22:32:15.634] [bmv2] [D] [thread 6402] [189.0] [cxt 0] Table 'MyIngress.ipv4_lpm': hit with handle 2
[22:32:15.634] [bmv2] [D] [thread 6402] [189.0] [cxt 0] Dumping entry 2
Match key:
* hdr.ipv4.dstAddr    : LPM       0a000200/24
Action entry: MyIngress.ipv4_forward - 80000000200,3,

[22:32:15.634] [bmv2] [D] [thread 6402] [189.0] [cxt 0] Action entry is MyIngress.ipv4_forward - 80000000200,3,
[22:32:15.634] [bmv2] [T] [thread 6402] [189.0] [cxt 0] Action MyIngress.ipv4_forward
[22:32:15.634] [bmv2] [T] [thread 6402] [189.0] [cxt 0] qos.p4(175) Primitive standard_metadata.egress_spec = port
[22:32:15.634] [bmv2] [T] [thread 6402] [189.0] [cxt 0] qos.p4(176) Primitive hdr.ethernet.srcAddr = hdr.ethernet.dstAddr
[22:32:15.634] [bmv2] [T] [thread 6402] [189.0] [cxt 0] qos.p4(177) Primitive hdr.ethernet.dstAddr = dstAddr
[22:32:15.634] [bmv2] [T] [thread 6402] [189.0] [cxt 0] qos.p4(178) Primitive hdr.ipv4.ttl = hdr.ipv4.ttl - 1
[22:32:15.634] [bmv2] [D] [thread 6402] [189.0] [cxt 0] Pipeline 'ingress': end
[22:32:15.634] [bmv2] [D] [thread 6402] [189.0] [cxt 0] Egress port is 3
[22:32:15.634] [bmv2] [D] [thread 6406] [189.0] [cxt 0] Pipeline 'egress': start
[22:32:15.635] [bmv2] [D] [thread 6406] [189.0] [cxt 0] Pipeline 'egress': end
[22:32:15.635] [bmv2] [D] [thread 6406] [189.0] [cxt 0] Deparser 'deparser': start
[22:32:15.635] [bmv2] [D] [thread 6406] [189.0] [cxt 0] Updating checksum 'cksum'
[22:32:15.635] [bmv2] [D] [thread 6406] [189.0] [cxt 0] Deparsing header 'ethernet'
[22:32:15.635] [bmv2] [D] [thread 6406] [189.0] [cxt 0] Deparsing header 'vlan'
[22:32:15.635] [bmv2] [D] [thread 6406] [189.0] [cxt 0] Deparsing header 'ipv4'
[22:32:15.635] [bmv2] [D] [thread 6406] [189.0] [cxt 0] Deparser 'deparser': end
[22:32:15.635] [bmv2] [D] [thread 6407] [189.0] [cxt 0] Transmitting packet of size 558 out of port 3
[22:32:15.756] [bmv2] [D] [thread 6402] [190.0] [cxt 0] Processing packet received on port 1
[22:32:15.756] [bmv2] [D] [thread 6402] [190.0] [cxt 0] Parser 'parser': start
[22:32:15.756] [bmv2] [D] [thread 6402] [190.0] [cxt 0] Parser 'parser' entering state 'start'
[22:32:15.756] [bmv2] [D] [thread 6402] [190.0] [cxt 0] Extracting header 'ethernet'
[22:32:15.757] [bmv2] [D] [thread 6402] [190.0] [cxt 0] Parser state 'start': key is 8100
[22:32:15.757] [bmv2] [T] [thread 6402] [190.0] [cxt 0] Bytes parsed: 14
[22:32:15.757] [bmv2] [D] [thread 6402] [190.0] [cxt 0] Parser 'parser' entering state 'parse_vlan'
[22:32:15.757] [bmv2] [D] [thread 6402] [190.0] [cxt 0] Extracting header 'vlan'
[22:32:15.757] [bmv2] [D] [thread 6402] [190.0] [cxt 0] Parser state 'parse_vlan': key is 0800
[22:32:15.757] [bmv2] [T] [thread 6402] [190.0] [cxt 0] Bytes parsed: 18
[22:32:15.757] [bmv2] [D] [thread 6402] [190.0] [cxt 0] Parser 'parser' entering state 'parse_ipv4'
[22:32:15.757] [bmv2] [D] [thread 6402] [190.0] [cxt 0] Extracting header 'ipv4'
[22:32:15.757] [bmv2] [D] [thread 6402] [190.0] [cxt 0] Parser set: setting field 'scalars.tmp' from expression, new value is 1
[22:32:15.757] [bmv2] [D] [thread 6402] [190.0] [cxt 0] Parser state 'parse_ipv4': key is 05
[22:32:15.757] [bmv2] [T] [thread 6402] [190.0] [cxt 0] Bytes parsed: 38
[22:32:15.757] [bmv2] [D] [thread 6402] [190.0] [cxt 0] Parser 'parser': end
[22:32:15.757] [bmv2] [D] [thread 6402] [190.0] [cxt 0] Pipeline 'ingress': start
[22:32:15.757] [bmv2] [T] [thread 6402] [190.0] [cxt 0] qos.p4(197) Condition "hdr.ipv4.isValid()" (node_2) is true
[22:32:15.757] [bmv2] [T] [thread 6402] [190.0] [cxt 0] qos.p4(198) Condition "hdr.ipv4_option.isValid()" (node_3) is false
[22:32:15.757] [bmv2] [T] [thread 6402] [190.0] [cxt 0] Applying table 'MyIngress.ipv4_lpm'
[22:32:15.757] [bmv2] [D] [thread 6402] [190.0] [cxt 0] Looking up key:
* hdr.ipv4.dstAddr    : 0a000202

[22:32:15.757] [bmv2] [D] [thread 6402] [190.0] [cxt 0] Table 'MyIngress.ipv4_lpm': hit with handle 2
[22:32:15.757] [bmv2] [D] [thread 6402] [190.0] [cxt 0] Dumping entry 2
Match key:
* hdr.ipv4.dstAddr    : LPM       0a000200/24
Action entry: MyIngress.ipv4_forward - 80000000200,3,

[22:32:15.758] [bmv2] [D] [thread 6402] [190.0] [cxt 0] Action entry is MyIngress.ipv4_forward - 80000000200,3,
[22:32:15.758] [bmv2] [T] [thread 6402] [190.0] [cxt 0] Action MyIngress.ipv4_forward
[22:32:15.758] [bmv2] [T] [thread 6402] [190.0] [cxt 0] qos.p4(175) Primitive standard_metadata.egress_spec = port
[22:32:15.758] [bmv2] [T] [thread 6402] [190.0] [cxt 0] qos.p4(176) Primitive hdr.ethernet.srcAddr = hdr.ethernet.dstAddr
[22:32:15.758] [bmv2] [T] [thread 6402] [190.0] [cxt 0] qos.p4(177) Primitive hdr.ethernet.dstAddr = dstAddr
[22:32:15.758] [bmv2] [T] [thread 6402] [190.0] [cxt 0] qos.p4(178) Primitive hdr.ipv4.ttl = hdr.ipv4.ttl - 1
[22:32:15.758] [bmv2] [D] [thread 6402] [190.0] [cxt 0] Pipeline 'ingress': end
[22:32:15.758] [bmv2] [D] [thread 6402] [190.0] [cxt 0] Egress port is 3
[22:32:15.758] [bmv2] [D] [thread 6406] [190.0] [cxt 0] Pipeline 'egress': start
[22:32:15.758] [bmv2] [D] [thread 6406] [190.0] [cxt 0] Pipeline 'egress': end
[22:32:15.758] [bmv2] [D] [thread 6406] [190.0] [cxt 0] Deparser 'deparser': start
[22:32:15.758] [bmv2] [D] [thread 6406] [190.0] [cxt 0] Updating checksum 'cksum'
[22:32:15.758] [bmv2] [D] [thread 6406] [190.0] [cxt 0] Deparsing header 'ethernet'
[22:32:15.758] [bmv2] [D] [thread 6406] [190.0] [cxt 0] Deparsing header 'vlan'
[22:32:15.758] [bmv2] [D] [thread 6406] [190.0] [cxt 0] Deparsing header 'ipv4'
[22:32:15.758] [bmv2] [D] [thread 6406] [190.0] [cxt 0] Deparser 'deparser': end
[22:32:15.758] [bmv2] [D] [thread 6407] [190.0] [cxt 0] Transmitting packet of size 558 out of port 3
[22:32:15.880] [bmv2] [D] [thread 6402] [191.0] [cxt 0] Processing packet received on port 1
[22:32:15.880] [bmv2] [D] [thread 6402] [191.0] [cxt 0] Parser 'parser': start
[22:32:15.880] [bmv2] [D] [thread 6402] [191.0] [cxt 0] Parser 'parser' entering state 'start'
[22:32:15.880] [bmv2] [D] [thread 6402] [191.0] [cxt 0] Extracting header 'ethernet'
[22:32:15.882] [bmv2] [D] [thread 6402] [191.0] [cxt 0] Parser state 'start': key is 8100
[22:32:15.882] [bmv2] [T] [thread 6402] [191.0] [cxt 0] Bytes parsed: 14
[22:32:15.882] [bmv2] [D] [thread 6402] [191.0] [cxt 0] Parser 'parser' entering state 'parse_vlan'
[22:32:15.882] [bmv2] [D] [thread 6402] [191.0] [cxt 0] Extracting header 'vlan'
[22:32:15.883] [bmv2] [D] [thread 6402] [191.0] [cxt 0] Parser state 'parse_vlan': key is 0800
[22:32:15.883] [bmv2] [T] [thread 6402] [191.0] [cxt 0] Bytes parsed: 18
[22:32:15.883] [bmv2] [D] [thread 6402] [191.0] [cxt 0] Parser 'parser' entering state 'parse_ipv4'
[22:32:15.883] [bmv2] [D] [thread 6402] [191.0] [cxt 0] Extracting header 'ipv4'
[22:32:15.883] [bmv2] [D] [thread 6402] [191.0] [cxt 0] Parser set: setting field 'scalars.tmp' from expression, new value is 1
[22:32:15.883] [bmv2] [D] [thread 6402] [191.0] [cxt 0] Parser state 'parse_ipv4': key is 05
[22:32:15.883] [bmv2] [T] [thread 6402] [191.0] [cxt 0] Bytes parsed: 38
[22:32:15.883] [bmv2] [D] [thread 6402] [191.0] [cxt 0] Parser 'parser': end
[22:32:15.883] [bmv2] [D] [thread 6402] [191.0] [cxt 0] Pipeline 'ingress': start
[22:32:15.883] [bmv2] [T] [thread 6402] [191.0] [cxt 0] qos.p4(197) Condition "hdr.ipv4.isValid()" (node_2) is true
[22:32:15.883] [bmv2] [T] [thread 6402] [191.0] [cxt 0] qos.p4(198) Condition "hdr.ipv4_option.isValid()" (node_3) is false
[22:32:15.883] [bmv2] [T] [thread 6402] [191.0] [cxt 0] Applying table 'MyIngress.ipv4_lpm'
[22:32:15.883] [bmv2] [D] [thread 6402] [191.0] [cxt 0] Looking up key:
* hdr.ipv4.dstAddr    : 0a000202

[22:32:15.883] [bmv2] [D] [thread 6402] [191.0] [cxt 0] Table 'MyIngress.ipv4_lpm': hit with handle 2
[22:32:15.883] [bmv2] [D] [thread 6402] [191.0] [cxt 0] Dumping entry 2
Match key:
* hdr.ipv4.dstAddr    : LPM       0a000200/24
Action entry: MyIngress.ipv4_forward - 80000000200,3,

[22:32:15.883] [bmv2] [D] [thread 6402] [191.0] [cxt 0] Action entry is MyIngress.ipv4_forward - 80000000200,3,
[22:32:15.883] [bmv2] [T] [thread 6402] [191.0] [cxt 0] Action MyIngress.ipv4_forward
[22:32:15.883] [bmv2] [T] [thread 6402] [191.0] [cxt 0] qos.p4(175) Primitive standard_metadata.egress_spec = port
[22:32:15.883] [bmv2] [T] [thread 6402] [191.0] [cxt 0] qos.p4(176) Primitive hdr.ethernet.srcAddr = hdr.ethernet.dstAddr
[22:32:15.884] [bmv2] [T] [thread 6402] [191.0] [cxt 0] qos.p4(177) Primitive hdr.ethernet.dstAddr = dstAddr
[22:32:15.884] [bmv2] [T] [thread 6402] [191.0] [cxt 0] qos.p4(178) Primitive hdr.ipv4.ttl = hdr.ipv4.ttl - 1
[22:32:15.884] [bmv2] [D] [thread 6402] [191.0] [cxt 0] Pipeline 'ingress': end
[22:32:15.884] [bmv2] [D] [thread 6402] [191.0] [cxt 0] Egress port is 3
[22:32:15.884] [bmv2] [D] [thread 6406] [191.0] [cxt 0] Pipeline 'egress': start
[22:32:15.884] [bmv2] [D] [thread 6406] [191.0] [cxt 0] Pipeline 'egress': end
[22:32:15.884] [bmv2] [D] [thread 6406] [191.0] [cxt 0] Deparser 'deparser': start
[22:32:15.884] [bmv2] [D] [thread 6406] [191.0] [cxt 0] Updating checksum 'cksum'
[22:32:15.884] [bmv2] [D] [thread 6406] [191.0] [cxt 0] Deparsing header 'ethernet'
[22:32:15.884] [bmv2] [D] [thread 6406] [191.0] [cxt 0] Deparsing header 'vlan'
[22:32:15.884] [bmv2] [D] [thread 6406] [191.0] [cxt 0] Deparsing header 'ipv4'
[22:32:15.884] [bmv2] [D] [thread 6406] [191.0] [cxt 0] Deparser 'deparser': end
[22:32:15.884] [bmv2] [D] [thread 6407] [191.0] [cxt 0] Transmitting packet of size 558 out of port 3
[22:32:16.010] [bmv2] [D] [thread 6402] [192.0] [cxt 0] Processing packet received on port 1
[22:32:16.010] [bmv2] [D] [thread 6402] [192.0] [cxt 0] Parser 'parser': start
[22:32:16.010] [bmv2] [D] [thread 6402] [192.0] [cxt 0] Parser 'parser' entering state 'start'
[22:32:16.010] [bmv2] [D] [thread 6402] [192.0] [cxt 0] Extracting header 'ethernet'
[22:32:16.010] [bmv2] [D] [thread 6402] [192.0] [cxt 0] Parser state 'start': key is 8100
[22:32:16.010] [bmv2] [T] [thread 6402] [192.0] [cxt 0] Bytes parsed: 14
[22:32:16.010] [bmv2] [D] [thread 6402] [192.0] [cxt 0] Parser 'parser' entering state 'parse_vlan'
[22:32:16.010] [bmv2] [D] [thread 6402] [192.0] [cxt 0] Extracting header 'vlan'
[22:32:16.010] [bmv2] [D] [thread 6402] [192.0] [cxt 0] Parser state 'parse_vlan': key is 0800
[22:32:16.010] [bmv2] [T] [thread 6402] [192.0] [cxt 0] Bytes parsed: 18
[22:32:16.010] [bmv2] [D] [thread 6402] [192.0] [cxt 0] Parser 'parser' entering state 'parse_ipv4'
[22:32:16.010] [bmv2] [D] [thread 6402] [192.0] [cxt 0] Extracting header 'ipv4'
[22:32:16.011] [bmv2] [D] [thread 6402] [192.0] [cxt 0] Parser set: setting field 'scalars.tmp' from expression, new value is 1
[22:32:16.011] [bmv2] [D] [thread 6402] [192.0] [cxt 0] Parser state 'parse_ipv4': key is 05
[22:32:16.011] [bmv2] [T] [thread 6402] [192.0] [cxt 0] Bytes parsed: 38
[22:32:16.011] [bmv2] [D] [thread 6402] [192.0] [cxt 0] Parser 'parser': end
[22:32:16.011] [bmv2] [D] [thread 6402] [192.0] [cxt 0] Pipeline 'ingress': start
[22:32:16.011] [bmv2] [T] [thread 6402] [192.0] [cxt 0] qos.p4(197) Condition "hdr.ipv4.isValid()" (node_2) is true
[22:32:16.011] [bmv2] [T] [thread 6402] [192.0] [cxt 0] qos.p4(198) Condition "hdr.ipv4_option.isValid()" (node_3) is false
[22:32:16.011] [bmv2] [T] [thread 6402] [192.0] [cxt 0] Applying table 'MyIngress.ipv4_lpm'
[22:32:16.011] [bmv2] [D] [thread 6402] [192.0] [cxt 0] Looking up key:
* hdr.ipv4.dstAddr    : 0a000202

[22:32:16.011] [bmv2] [D] [thread 6402] [192.0] [cxt 0] Table 'MyIngress.ipv4_lpm': hit with handle 2
[22:32:16.011] [bmv2] [D] [thread 6402] [192.0] [cxt 0] Dumping entry 2
Match key:
* hdr.ipv4.dstAddr    : LPM       0a000200/24
Action entry: MyIngress.ipv4_forward - 80000000200,3,

[22:32:16.011] [bmv2] [D] [thread 6402] [192.0] [cxt 0] Action entry is MyIngress.ipv4_forward - 80000000200,3,
[22:32:16.011] [bmv2] [T] [thread 6402] [192.0] [cxt 0] Action MyIngress.ipv4_forward
[22:32:16.011] [bmv2] [T] [thread 6402] [192.0] [cxt 0] qos.p4(175) Primitive standard_metadata.egress_spec = port
[22:32:16.011] [bmv2] [T] [thread 6402] [192.0] [cxt 0] qos.p4(176) Primitive hdr.ethernet.srcAddr = hdr.ethernet.dstAddr
[22:32:16.011] [bmv2] [T] [thread 6402] [192.0] [cxt 0] qos.p4(177) Primitive hdr.ethernet.dstAddr = dstAddr
[22:32:16.011] [bmv2] [T] [thread 6402] [192.0] [cxt 0] qos.p4(178) Primitive hdr.ipv4.ttl = hdr.ipv4.ttl - 1
[22:32:16.011] [bmv2] [D] [thread 6402] [192.0] [cxt 0] Pipeline 'ingress': end
[22:32:16.011] [bmv2] [D] [thread 6402] [192.0] [cxt 0] Egress port is 3
[22:32:16.012] [bmv2] [D] [thread 6406] [192.0] [cxt 0] Pipeline 'egress': start
[22:32:16.012] [bmv2] [D] [thread 6406] [192.0] [cxt 0] Pipeline 'egress': end
[22:32:16.012] [bmv2] [D] [thread 6406] [192.0] [cxt 0] Deparser 'deparser': start
[22:32:16.012] [bmv2] [D] [thread 6406] [192.0] [cxt 0] Updating checksum 'cksum'
[22:32:16.012] [bmv2] [D] [thread 6406] [192.0] [cxt 0] Deparsing header 'ethernet'
[22:32:16.012] [bmv2] [D] [thread 6406] [192.0] [cxt 0] Deparsing header 'vlan'
[22:32:16.012] [bmv2] [D] [thread 6406] [192.0] [cxt 0] Deparsing header 'ipv4'
[22:32:16.012] [bmv2] [D] [thread 6406] [192.0] [cxt 0] Deparser 'deparser': end
[22:32:16.012] [bmv2] [D] [thread 6407] [192.0] [cxt 0] Transmitting packet of size 558 out of port 3
[22:32:16.136] [bmv2] [D] [thread 6402] [193.0] [cxt 0] Processing packet received on port 1
[22:32:16.136] [bmv2] [D] [thread 6402] [193.0] [cxt 0] Parser 'parser': start
[22:32:16.136] [bmv2] [D] [thread 6402] [193.0] [cxt 0] Parser 'parser' entering state 'start'
[22:32:16.136] [bmv2] [D] [thread 6402] [193.0] [cxt 0] Extracting header 'ethernet'
[22:32:16.136] [bmv2] [D] [thread 6402] [193.0] [cxt 0] Parser state 'start': key is 8100
[22:32:16.136] [bmv2] [T] [thread 6402] [193.0] [cxt 0] Bytes parsed: 14
[22:32:16.136] [bmv2] [D] [thread 6402] [193.0] [cxt 0] Parser 'parser' entering state 'parse_vlan'
[22:32:16.137] [bmv2] [D] [thread 6402] [193.0] [cxt 0] Extracting header 'vlan'
[22:32:16.137] [bmv2] [D] [thread 6402] [193.0] [cxt 0] Parser state 'parse_vlan': key is 0800
[22:32:16.137] [bmv2] [T] [thread 6402] [193.0] [cxt 0] Bytes parsed: 18
[22:32:16.137] [bmv2] [D] [thread 6402] [193.0] [cxt 0] Parser 'parser' entering state 'parse_ipv4'
[22:32:16.137] [bmv2] [D] [thread 6402] [193.0] [cxt 0] Extracting header 'ipv4'
[22:32:16.137] [bmv2] [D] [thread 6402] [193.0] [cxt 0] Parser set: setting field 'scalars.tmp' from expression, new value is 1
[22:32:16.137] [bmv2] [D] [thread 6402] [193.0] [cxt 0] Parser state 'parse_ipv4': key is 05
[22:32:16.137] [bmv2] [T] [thread 6402] [193.0] [cxt 0] Bytes parsed: 38
[22:32:16.137] [bmv2] [D] [thread 6402] [193.0] [cxt 0] Parser 'parser': end
[22:32:16.137] [bmv2] [D] [thread 6402] [193.0] [cxt 0] Pipeline 'ingress': start
[22:32:16.137] [bmv2] [T] [thread 6402] [193.0] [cxt 0] qos.p4(197) Condition "hdr.ipv4.isValid()" (node_2) is true
[22:32:16.137] [bmv2] [T] [thread 6402] [193.0] [cxt 0] qos.p4(198) Condition "hdr.ipv4_option.isValid()" (node_3) is false
[22:32:16.137] [bmv2] [T] [thread 6402] [193.0] [cxt 0] Applying table 'MyIngress.ipv4_lpm'
[22:32:16.137] [bmv2] [D] [thread 6402] [193.0] [cxt 0] Looking up key:
* hdr.ipv4.dstAddr    : 0a000202

[22:32:16.137] [bmv2] [D] [thread 6402] [193.0] [cxt 0] Table 'MyIngress.ipv4_lpm': hit with handle 2
[22:32:16.137] [bmv2] [D] [thread 6402] [193.0] [cxt 0] Dumping entry 2
Match key:
* hdr.ipv4.dstAddr    : LPM       0a000200/24
Action entry: MyIngress.ipv4_forward - 80000000200,3,

[22:32:16.137] [bmv2] [D] [thread 6402] [193.0] [cxt 0] Action entry is MyIngress.ipv4_forward - 80000000200,3,
[22:32:16.137] [bmv2] [T] [thread 6402] [193.0] [cxt 0] Action MyIngress.ipv4_forward
[22:32:16.137] [bmv2] [T] [thread 6402] [193.0] [cxt 0] qos.p4(175) Primitive standard_metadata.egress_spec = port
[22:32:16.138] [bmv2] [T] [thread 6402] [193.0] [cxt 0] qos.p4(176) Primitive hdr.ethernet.srcAddr = hdr.ethernet.dstAddr
[22:32:16.138] [bmv2] [T] [thread 6402] [193.0] [cxt 0] qos.p4(177) Primitive hdr.ethernet.dstAddr = dstAddr
[22:32:16.138] [bmv2] [T] [thread 6402] [193.0] [cxt 0] qos.p4(178) Primitive hdr.ipv4.ttl = hdr.ipv4.ttl - 1
[22:32:16.138] [bmv2] [D] [thread 6402] [193.0] [cxt 0] Pipeline 'ingress': end
[22:32:16.138] [bmv2] [D] [thread 6402] [193.0] [cxt 0] Egress port is 3
[22:32:16.138] [bmv2] [D] [thread 6406] [193.0] [cxt 0] Pipeline 'egress': start
[22:32:16.138] [bmv2] [D] [thread 6406] [193.0] [cxt 0] Pipeline 'egress': end
[22:32:16.138] [bmv2] [D] [thread 6406] [193.0] [cxt 0] Deparser 'deparser': start
[22:32:16.138] [bmv2] [D] [thread 6406] [193.0] [cxt 0] Updating checksum 'cksum'
[22:32:16.138] [bmv2] [D] [thread 6406] [193.0] [cxt 0] Deparsing header 'ethernet'
[22:32:16.138] [bmv2] [D] [thread 6406] [193.0] [cxt 0] Deparsing header 'vlan'
[22:32:16.138] [bmv2] [D] [thread 6406] [193.0] [cxt 0] Deparsing header 'ipv4'
[22:32:16.138] [bmv2] [D] [thread 6406] [193.0] [cxt 0] Deparser 'deparser': end
[22:32:16.138] [bmv2] [D] [thread 6407] [193.0] [cxt 0] Transmitting packet of size 558 out of port 3
[22:32:16.263] [bmv2] [D] [thread 6402] [194.0] [cxt 0] Processing packet received on port 1
[22:32:16.263] [bmv2] [D] [thread 6402] [194.0] [cxt 0] Parser 'parser': start
[22:32:16.263] [bmv2] [D] [thread 6402] [194.0] [cxt 0] Parser 'parser' entering state 'start'
[22:32:16.263] [bmv2] [D] [thread 6402] [194.0] [cxt 0] Extracting header 'ethernet'
[22:32:16.263] [bmv2] [D] [thread 6402] [194.0] [cxt 0] Parser state 'start': key is 8100
[22:32:16.263] [bmv2] [T] [thread 6402] [194.0] [cxt 0] Bytes parsed: 14
[22:32:16.263] [bmv2] [D] [thread 6402] [194.0] [cxt 0] Parser 'parser' entering state 'parse_vlan'
[22:32:16.263] [bmv2] [D] [thread 6402] [194.0] [cxt 0] Extracting header 'vlan'
[22:32:16.263] [bmv2] [D] [thread 6402] [194.0] [cxt 0] Parser state 'parse_vlan': key is 0800
[22:32:16.263] [bmv2] [T] [thread 6402] [194.0] [cxt 0] Bytes parsed: 18
[22:32:16.263] [bmv2] [D] [thread 6402] [194.0] [cxt 0] Parser 'parser' entering state 'parse_ipv4'
[22:32:16.263] [bmv2] [D] [thread 6402] [194.0] [cxt 0] Extracting header 'ipv4'
[22:32:16.263] [bmv2] [D] [thread 6402] [194.0] [cxt 0] Parser set: setting field 'scalars.tmp' from expression, new value is 1
[22:32:16.264] [bmv2] [D] [thread 6402] [194.0] [cxt 0] Parser state 'parse_ipv4': key is 05
[22:32:16.264] [bmv2] [T] [thread 6402] [194.0] [cxt 0] Bytes parsed: 38
[22:32:16.264] [bmv2] [D] [thread 6402] [194.0] [cxt 0] Parser 'parser': end
[22:32:16.264] [bmv2] [D] [thread 6402] [194.0] [cxt 0] Pipeline 'ingress': start
[22:32:16.264] [bmv2] [T] [thread 6402] [194.0] [cxt 0] qos.p4(197) Condition "hdr.ipv4.isValid()" (node_2) is true
[22:32:16.264] [bmv2] [T] [thread 6402] [194.0] [cxt 0] qos.p4(198) Condition "hdr.ipv4_option.isValid()" (node_3) is false
[22:32:16.264] [bmv2] [T] [thread 6402] [194.0] [cxt 0] Applying table 'MyIngress.ipv4_lpm'
[22:32:16.264] [bmv2] [D] [thread 6402] [194.0] [cxt 0] Looking up key:
* hdr.ipv4.dstAddr    : 0a000202

[22:32:16.264] [bmv2] [D] [thread 6402] [194.0] [cxt 0] Table 'MyIngress.ipv4_lpm': hit with handle 2
[22:32:16.264] [bmv2] [D] [thread 6402] [194.0] [cxt 0] Dumping entry 2
Match key:
* hdr.ipv4.dstAddr    : LPM       0a000200/24
Action entry: MyIngress.ipv4_forward - 80000000200,3,

[22:32:16.264] [bmv2] [D] [thread 6402] [194.0] [cxt 0] Action entry is MyIngress.ipv4_forward - 80000000200,3,
[22:32:16.264] [bmv2] [T] [thread 6402] [194.0] [cxt 0] Action MyIngress.ipv4_forward
[22:32:16.264] [bmv2] [T] [thread 6402] [194.0] [cxt 0] qos.p4(175) Primitive standard_metadata.egress_spec = port
[22:32:16.264] [bmv2] [T] [thread 6402] [194.0] [cxt 0] qos.p4(176) Primitive hdr.ethernet.srcAddr = hdr.ethernet.dstAddr
[22:32:16.264] [bmv2] [T] [thread 6402] [194.0] [cxt 0] qos.p4(177) Primitive hdr.ethernet.dstAddr = dstAddr
[22:32:16.264] [bmv2] [T] [thread 6402] [194.0] [cxt 0] qos.p4(178) Primitive hdr.ipv4.ttl = hdr.ipv4.ttl - 1
[22:32:16.264] [bmv2] [D] [thread 6402] [194.0] [cxt 0] Pipeline 'ingress': end
[22:32:16.264] [bmv2] [D] [thread 6402] [194.0] [cxt 0] Egress port is 3
[22:32:16.265] [bmv2] [D] [thread 6406] [194.0] [cxt 0] Pipeline 'egress': start
[22:32:16.265] [bmv2] [D] [thread 6406] [194.0] [cxt 0] Pipeline 'egress': end
[22:32:16.265] [bmv2] [D] [thread 6406] [194.0] [cxt 0] Deparser 'deparser': start
[22:32:16.265] [bmv2] [D] [thread 6406] [194.0] [cxt 0] Updating checksum 'cksum'
[22:32:16.265] [bmv2] [D] [thread 6406] [194.0] [cxt 0] Deparsing header 'ethernet'
[22:32:16.265] [bmv2] [D] [thread 6406] [194.0] [cxt 0] Deparsing header 'vlan'
[22:32:16.265] [bmv2] [D] [thread 6406] [194.0] [cxt 0] Deparsing header 'ipv4'
[22:32:16.265] [bmv2] [D] [thread 6406] [194.0] [cxt 0] Deparser 'deparser': end
[22:32:16.265] [bmv2] [D] [thread 6407] [194.0] [cxt 0] Transmitting packet of size 558 out of port 3
[22:32:16.388] [bmv2] [D] [thread 6402] [195.0] [cxt 0] Processing packet received on port 1
[22:32:16.388] [bmv2] [D] [thread 6402] [195.0] [cxt 0] Parser 'parser': start
[22:32:16.388] [bmv2] [D] [thread 6402] [195.0] [cxt 0] Parser 'parser' entering state 'start'
[22:32:16.388] [bmv2] [D] [thread 6402] [195.0] [cxt 0] Extracting header 'ethernet'
[22:32:16.388] [bmv2] [D] [thread 6402] [195.0] [cxt 0] Parser state 'start': key is 8100
[22:32:16.388] [bmv2] [T] [thread 6402] [195.0] [cxt 0] Bytes parsed: 14
[22:32:16.388] [bmv2] [D] [thread 6402] [195.0] [cxt 0] Parser 'parser' entering state 'parse_vlan'
[22:32:16.388] [bmv2] [D] [thread 6402] [195.0] [cxt 0] Extracting header 'vlan'
[22:32:16.388] [bmv2] [D] [thread 6402] [195.0] [cxt 0] Parser state 'parse_vlan': key is 0800
[22:32:16.388] [bmv2] [T] [thread 6402] [195.0] [cxt 0] Bytes parsed: 18
[22:32:16.388] [bmv2] [D] [thread 6402] [195.0] [cxt 0] Parser 'parser' entering state 'parse_ipv4'
[22:32:16.388] [bmv2] [D] [thread 6402] [195.0] [cxt 0] Extracting header 'ipv4'
[22:32:16.389] [bmv2] [D] [thread 6402] [195.0] [cxt 0] Parser set: setting field 'scalars.tmp' from expression, new value is 1
[22:32:16.389] [bmv2] [D] [thread 6402] [195.0] [cxt 0] Parser state 'parse_ipv4': key is 05
[22:32:16.389] [bmv2] [T] [thread 6402] [195.0] [cxt 0] Bytes parsed: 38
[22:32:16.389] [bmv2] [D] [thread 6402] [195.0] [cxt 0] Parser 'parser': end
[22:32:16.389] [bmv2] [D] [thread 6402] [195.0] [cxt 0] Pipeline 'ingress': start
[22:32:16.389] [bmv2] [T] [thread 6402] [195.0] [cxt 0] qos.p4(197) Condition "hdr.ipv4.isValid()" (node_2) is true
[22:32:16.389] [bmv2] [T] [thread 6402] [195.0] [cxt 0] qos.p4(198) Condition "hdr.ipv4_option.isValid()" (node_3) is false
[22:32:16.389] [bmv2] [T] [thread 6402] [195.0] [cxt 0] Applying table 'MyIngress.ipv4_lpm'
[22:32:16.389] [bmv2] [D] [thread 6402] [195.0] [cxt 0] Looking up key:
* hdr.ipv4.dstAddr    : 0a000202

[22:32:16.389] [bmv2] [D] [thread 6402] [195.0] [cxt 0] Table 'MyIngress.ipv4_lpm': hit with handle 2
[22:32:16.389] [bmv2] [D] [thread 6402] [195.0] [cxt 0] Dumping entry 2
Match key:
* hdr.ipv4.dstAddr    : LPM       0a000200/24
Action entry: MyIngress.ipv4_forward - 80000000200,3,

[22:32:16.389] [bmv2] [D] [thread 6402] [195.0] [cxt 0] Action entry is MyIngress.ipv4_forward - 80000000200,3,
[22:32:16.389] [bmv2] [T] [thread 6402] [195.0] [cxt 0] Action MyIngress.ipv4_forward
[22:32:16.389] [bmv2] [T] [thread 6402] [195.0] [cxt 0] qos.p4(175) Primitive standard_metadata.egress_spec = port
[22:32:16.389] [bmv2] [T] [thread 6402] [195.0] [cxt 0] qos.p4(176) Primitive hdr.ethernet.srcAddr = hdr.ethernet.dstAddr
[22:32:16.389] [bmv2] [T] [thread 6402] [195.0] [cxt 0] qos.p4(177) Primitive hdr.ethernet.dstAddr = dstAddr
[22:32:16.389] [bmv2] [T] [thread 6402] [195.0] [cxt 0] qos.p4(178) Primitive hdr.ipv4.ttl = hdr.ipv4.ttl - 1
[22:32:16.389] [bmv2] [D] [thread 6402] [195.0] [cxt 0] Pipeline 'ingress': end
[22:32:16.389] [bmv2] [D] [thread 6402] [195.0] [cxt 0] Egress port is 3
[22:32:16.390] [bmv2] [D] [thread 6406] [195.0] [cxt 0] Pipeline 'egress': start
[22:32:16.390] [bmv2] [D] [thread 6406] [195.0] [cxt 0] Pipeline 'egress': end
[22:32:16.390] [bmv2] [D] [thread 6406] [195.0] [cxt 0] Deparser 'deparser': start
[22:32:16.390] [bmv2] [D] [thread 6406] [195.0] [cxt 0] Updating checksum 'cksum'
[22:32:16.390] [bmv2] [D] [thread 6406] [195.0] [cxt 0] Deparsing header 'ethernet'
[22:32:16.390] [bmv2] [D] [thread 6406] [195.0] [cxt 0] Deparsing header 'vlan'
[22:32:16.390] [bmv2] [D] [thread 6406] [195.0] [cxt 0] Deparsing header 'ipv4'
[22:32:16.390] [bmv2] [D] [thread 6406] [195.0] [cxt 0] Deparser 'deparser': end
[22:32:16.390] [bmv2] [D] [thread 6407] [195.0] [cxt 0] Transmitting packet of size 558 out of port 3
[22:32:16.513] [bmv2] [D] [thread 6402] [196.0] [cxt 0] Processing packet received on port 1
[22:32:16.513] [bmv2] [D] [thread 6402] [196.0] [cxt 0] Parser 'parser': start
[22:32:16.514] [bmv2] [D] [thread 6402] [196.0] [cxt 0] Parser 'parser' entering state 'start'
[22:32:16.514] [bmv2] [D] [thread 6402] [196.0] [cxt 0] Extracting header 'ethernet'
[22:32:16.514] [bmv2] [D] [thread 6402] [196.0] [cxt 0] Parser state 'start': key is 8100
[22:32:16.514] [bmv2] [T] [thread 6402] [196.0] [cxt 0] Bytes parsed: 14
[22:32:16.514] [bmv2] [D] [thread 6402] [196.0] [cxt 0] Parser 'parser' entering state 'parse_vlan'
[22:32:16.514] [bmv2] [D] [thread 6402] [196.0] [cxt 0] Extracting header 'vlan'
[22:32:16.514] [bmv2] [D] [thread 6402] [196.0] [cxt 0] Parser state 'parse_vlan': key is 0800
[22:32:16.514] [bmv2] [T] [thread 6402] [196.0] [cxt 0] Bytes parsed: 18
[22:32:16.514] [bmv2] [D] [thread 6402] [196.0] [cxt 0] Parser 'parser' entering state 'parse_ipv4'
[22:32:16.514] [bmv2] [D] [thread 6402] [196.0] [cxt 0] Extracting header 'ipv4'
[22:32:16.514] [bmv2] [D] [thread 6402] [196.0] [cxt 0] Parser set: setting field 'scalars.tmp' from expression, new value is 1
[22:32:16.514] [bmv2] [D] [thread 6402] [196.0] [cxt 0] Parser state 'parse_ipv4': key is 05
[22:32:16.514] [bmv2] [T] [thread 6402] [196.0] [cxt 0] Bytes parsed: 38
[22:32:16.514] [bmv2] [D] [thread 6402] [196.0] [cxt 0] Parser 'parser': end
[22:32:16.514] [bmv2] [D] [thread 6402] [196.0] [cxt 0] Pipeline 'ingress': start
[22:32:16.514] [bmv2] [T] [thread 6402] [196.0] [cxt 0] qos.p4(197) Condition "hdr.ipv4.isValid()" (node_2) is true
[22:32:16.514] [bmv2] [T] [thread 6402] [196.0] [cxt 0] qos.p4(198) Condition "hdr.ipv4_option.isValid()" (node_3) is false
[22:32:16.514] [bmv2] [T] [thread 6402] [196.0] [cxt 0] Applying table 'MyIngress.ipv4_lpm'
[22:32:16.514] [bmv2] [D] [thread 6402] [196.0] [cxt 0] Looking up key:
* hdr.ipv4.dstAddr    : 0a000202

[22:32:16.514] [bmv2] [D] [thread 6402] [196.0] [cxt 0] Table 'MyIngress.ipv4_lpm': hit with handle 2
[22:32:16.514] [bmv2] [D] [thread 6402] [196.0] [cxt 0] Dumping entry 2
Match key:
* hdr.ipv4.dstAddr    : LPM       0a000200/24
Action entry: MyIngress.ipv4_forward - 80000000200,3,

[22:32:16.515] [bmv2] [D] [thread 6402] [196.0] [cxt 0] Action entry is MyIngress.ipv4_forward - 80000000200,3,
[22:32:16.515] [bmv2] [T] [thread 6402] [196.0] [cxt 0] Action MyIngress.ipv4_forward
[22:32:16.515] [bmv2] [T] [thread 6402] [196.0] [cxt 0] qos.p4(175) Primitive standard_metadata.egress_spec = port
[22:32:16.515] [bmv2] [T] [thread 6402] [196.0] [cxt 0] qos.p4(176) Primitive hdr.ethernet.srcAddr = hdr.ethernet.dstAddr
[22:32:16.515] [bmv2] [T] [thread 6402] [196.0] [cxt 0] qos.p4(177) Primitive hdr.ethernet.dstAddr = dstAddr
[22:32:16.515] [bmv2] [T] [thread 6402] [196.0] [cxt 0] qos.p4(178) Primitive hdr.ipv4.ttl = hdr.ipv4.ttl - 1
[22:32:16.515] [bmv2] [D] [thread 6402] [196.0] [cxt 0] Pipeline 'ingress': end
[22:32:16.515] [bmv2] [D] [thread 6402] [196.0] [cxt 0] Egress port is 3
[22:32:16.515] [bmv2] [D] [thread 6406] [196.0] [cxt 0] Pipeline 'egress': start
[22:32:16.515] [bmv2] [D] [thread 6406] [196.0] [cxt 0] Pipeline 'egress': end
[22:32:16.515] [bmv2] [D] [thread 6406] [196.0] [cxt 0] Deparser 'deparser': start
[22:32:16.515] [bmv2] [D] [thread 6406] [196.0] [cxt 0] Updating checksum 'cksum'
[22:32:16.515] [bmv2] [D] [thread 6406] [196.0] [cxt 0] Deparsing header 'ethernet'
[22:32:16.515] [bmv2] [D] [thread 6406] [196.0] [cxt 0] Deparsing header 'vlan'
[22:32:16.515] [bmv2] [D] [thread 6406] [196.0] [cxt 0] Deparsing header 'ipv4'
[22:32:16.515] [bmv2] [D] [thread 6406] [196.0] [cxt 0] Deparser 'deparser': end
[22:32:16.515] [bmv2] [D] [thread 6407] [196.0] [cxt 0] Transmitting packet of size 558 out of port 3
[22:32:16.632] [bmv2] [D] [thread 6402] [197.0] [cxt 0] Processing packet received on port 1
[22:32:16.632] [bmv2] [D] [thread 6402] [197.0] [cxt 0] Parser 'parser': start
[22:32:16.633] [bmv2] [D] [thread 6402] [197.0] [cxt 0] Parser 'parser' entering state 'start'
[22:32:16.633] [bmv2] [D] [thread 6402] [197.0] [cxt 0] Extracting header 'ethernet'
[22:32:16.633] [bmv2] [D] [thread 6402] [197.0] [cxt 0] Parser state 'start': key is 8100
[22:32:16.633] [bmv2] [T] [thread 6402] [197.0] [cxt 0] Bytes parsed: 14
[22:32:16.633] [bmv2] [D] [thread 6402] [197.0] [cxt 0] Parser 'parser' entering state 'parse_vlan'
[22:32:16.633] [bmv2] [D] [thread 6402] [197.0] [cxt 0] Extracting header 'vlan'
[22:32:16.633] [bmv2] [D] [thread 6402] [197.0] [cxt 0] Parser state 'parse_vlan': key is 0800
[22:32:16.633] [bmv2] [T] [thread 6402] [197.0] [cxt 0] Bytes parsed: 18
[22:32:16.633] [bmv2] [D] [thread 6402] [197.0] [cxt 0] Parser 'parser' entering state 'parse_ipv4'
[22:32:16.633] [bmv2] [D] [thread 6402] [197.0] [cxt 0] Extracting header 'ipv4'
[22:32:16.633] [bmv2] [D] [thread 6402] [197.0] [cxt 0] Parser set: setting field 'scalars.tmp' from expression, new value is 1
[22:32:16.633] [bmv2] [D] [thread 6402] [197.0] [cxt 0] Parser state 'parse_ipv4': key is 05
[22:32:16.633] [bmv2] [T] [thread 6402] [197.0] [cxt 0] Bytes parsed: 38
[22:32:16.633] [bmv2] [D] [thread 6402] [197.0] [cxt 0] Parser 'parser': end
[22:32:16.633] [bmv2] [D] [thread 6402] [197.0] [cxt 0] Pipeline 'ingress': start
[22:32:16.633] [bmv2] [T] [thread 6402] [197.0] [cxt 0] qos.p4(197) Condition "hdr.ipv4.isValid()" (node_2) is true
[22:32:16.633] [bmv2] [T] [thread 6402] [197.0] [cxt 0] qos.p4(198) Condition "hdr.ipv4_option.isValid()" (node_3) is false
[22:32:16.633] [bmv2] [T] [thread 6402] [197.0] [cxt 0] Applying table 'MyIngress.ipv4_lpm'
[22:32:16.633] [bmv2] [D] [thread 6402] [197.0] [cxt 0] Looking up key:
* hdr.ipv4.dstAddr    : 0a000202

[22:32:16.633] [bmv2] [D] [thread 6402] [197.0] [cxt 0] Table 'MyIngress.ipv4_lpm': hit with handle 2
[22:32:16.634] [bmv2] [D] [thread 6402] [197.0] [cxt 0] Dumping entry 2
Match key:
* hdr.ipv4.dstAddr    : LPM       0a000200/24
Action entry: MyIngress.ipv4_forward - 80000000200,3,

[22:32:16.634] [bmv2] [D] [thread 6402] [197.0] [cxt 0] Action entry is MyIngress.ipv4_forward - 80000000200,3,
[22:32:16.634] [bmv2] [T] [thread 6402] [197.0] [cxt 0] Action MyIngress.ipv4_forward
[22:32:16.634] [bmv2] [T] [thread 6402] [197.0] [cxt 0] qos.p4(175) Primitive standard_metadata.egress_spec = port
[22:32:16.634] [bmv2] [T] [thread 6402] [197.0] [cxt 0] qos.p4(176) Primitive hdr.ethernet.srcAddr = hdr.ethernet.dstAddr
[22:32:16.634] [bmv2] [T] [thread 6402] [197.0] [cxt 0] qos.p4(177) Primitive hdr.ethernet.dstAddr = dstAddr
[22:32:16.634] [bmv2] [T] [thread 6402] [197.0] [cxt 0] qos.p4(178) Primitive hdr.ipv4.ttl = hdr.ipv4.ttl - 1
[22:32:16.634] [bmv2] [D] [thread 6402] [197.0] [cxt 0] Pipeline 'ingress': end
[22:32:16.634] [bmv2] [D] [thread 6402] [197.0] [cxt 0] Egress port is 3
[22:32:16.634] [bmv2] [D] [thread 6406] [197.0] [cxt 0] Pipeline 'egress': start
[22:32:16.634] [bmv2] [D] [thread 6406] [197.0] [cxt 0] Pipeline 'egress': end
[22:32:16.634] [bmv2] [D] [thread 6406] [197.0] [cxt 0] Deparser 'deparser': start
[22:32:16.634] [bmv2] [D] [thread 6406] [197.0] [cxt 0] Updating checksum 'cksum'
[22:32:16.634] [bmv2] [D] [thread 6406] [197.0] [cxt 0] Deparsing header 'ethernet'
[22:32:16.634] [bmv2] [D] [thread 6406] [197.0] [cxt 0] Deparsing header 'vlan'
[22:32:16.634] [bmv2] [D] [thread 6406] [197.0] [cxt 0] Deparsing header 'ipv4'
[22:32:16.634] [bmv2] [D] [thread 6406] [197.0] [cxt 0] Deparser 'deparser': end
[22:32:16.634] [bmv2] [D] [thread 6407] [197.0] [cxt 0] Transmitting packet of size 558 out of port 3
[22:32:16.756] [bmv2] [D] [thread 6402] [198.0] [cxt 0] Processing packet received on port 1
[22:32:16.757] [bmv2] [D] [thread 6402] [198.0] [cxt 0] Parser 'parser': start
[22:32:16.757] [bmv2] [D] [thread 6402] [198.0] [cxt 0] Parser 'parser' entering state 'start'
[22:32:16.757] [bmv2] [D] [thread 6402] [198.0] [cxt 0] Extracting header 'ethernet'
[22:32:16.757] [bmv2] [D] [thread 6402] [198.0] [cxt 0] Parser state 'start': key is 8100
[22:32:16.757] [bmv2] [T] [thread 6402] [198.0] [cxt 0] Bytes parsed: 14
[22:32:16.757] [bmv2] [D] [thread 6402] [198.0] [cxt 0] Parser 'parser' entering state 'parse_vlan'
[22:32:16.757] [bmv2] [D] [thread 6402] [198.0] [cxt 0] Extracting header 'vlan'
[22:32:16.757] [bmv2] [D] [thread 6402] [198.0] [cxt 0] Parser state 'parse_vlan': key is 0800
[22:32:16.757] [bmv2] [T] [thread 6402] [198.0] [cxt 0] Bytes parsed: 18
[22:32:16.757] [bmv2] [D] [thread 6402] [198.0] [cxt 0] Parser 'parser' entering state 'parse_ipv4'
[22:32:16.757] [bmv2] [D] [thread 6402] [198.0] [cxt 0] Extracting header 'ipv4'
[22:32:16.757] [bmv2] [D] [thread 6402] [198.0] [cxt 0] Parser set: setting field 'scalars.tmp' from expression, new value is 1
[22:32:16.757] [bmv2] [D] [thread 6402] [198.0] [cxt 0] Parser state 'parse_ipv4': key is 05
[22:32:16.757] [bmv2] [T] [thread 6402] [198.0] [cxt 0] Bytes parsed: 38
[22:32:16.757] [bmv2] [D] [thread 6402] [198.0] [cxt 0] Parser 'parser': end
[22:32:16.757] [bmv2] [D] [thread 6402] [198.0] [cxt 0] Pipeline 'ingress': start
[22:32:16.757] [bmv2] [T] [thread 6402] [198.0] [cxt 0] qos.p4(197) Condition "hdr.ipv4.isValid()" (node_2) is true
[22:32:16.757] [bmv2] [T] [thread 6402] [198.0] [cxt 0] qos.p4(198) Condition "hdr.ipv4_option.isValid()" (node_3) is false
[22:32:16.757] [bmv2] [T] [thread 6402] [198.0] [cxt 0] Applying table 'MyIngress.ipv4_lpm'
[22:32:16.757] [bmv2] [D] [thread 6402] [198.0] [cxt 0] Looking up key:
* hdr.ipv4.dstAddr    : 0a000202

[22:32:16.757] [bmv2] [D] [thread 6402] [198.0] [cxt 0] Table 'MyIngress.ipv4_lpm': hit with handle 2
[22:32:16.758] [bmv2] [D] [thread 6402] [198.0] [cxt 0] Dumping entry 2
Match key:
* hdr.ipv4.dstAddr    : LPM       0a000200/24
Action entry: MyIngress.ipv4_forward - 80000000200,3,

[22:32:16.758] [bmv2] [D] [thread 6402] [198.0] [cxt 0] Action entry is MyIngress.ipv4_forward - 80000000200,3,
[22:32:16.758] [bmv2] [T] [thread 6402] [198.0] [cxt 0] Action MyIngress.ipv4_forward
[22:32:16.758] [bmv2] [T] [thread 6402] [198.0] [cxt 0] qos.p4(175) Primitive standard_metadata.egress_spec = port
[22:32:16.758] [bmv2] [T] [thread 6402] [198.0] [cxt 0] qos.p4(176) Primitive hdr.ethernet.srcAddr = hdr.ethernet.dstAddr
[22:32:16.758] [bmv2] [T] [thread 6402] [198.0] [cxt 0] qos.p4(177) Primitive hdr.ethernet.dstAddr = dstAddr
[22:32:16.758] [bmv2] [T] [thread 6402] [198.0] [cxt 0] qos.p4(178) Primitive hdr.ipv4.ttl = hdr.ipv4.ttl - 1
[22:32:16.758] [bmv2] [D] [thread 6402] [198.0] [cxt 0] Pipeline 'ingress': end
[22:32:16.758] [bmv2] [D] [thread 6402] [198.0] [cxt 0] Egress port is 3
[22:32:16.758] [bmv2] [D] [thread 6406] [198.0] [cxt 0] Pipeline 'egress': start
[22:32:16.758] [bmv2] [D] [thread 6406] [198.0] [cxt 0] Pipeline 'egress': end
[22:32:16.758] [bmv2] [D] [thread 6406] [198.0] [cxt 0] Deparser 'deparser': start
[22:32:16.758] [bmv2] [D] [thread 6406] [198.0] [cxt 0] Updating checksum 'cksum'
[22:32:16.758] [bmv2] [D] [thread 6406] [198.0] [cxt 0] Deparsing header 'ethernet'
[22:32:16.758] [bmv2] [D] [thread 6406] [198.0] [cxt 0] Deparsing header 'vlan'
[22:32:16.758] [bmv2] [D] [thread 6406] [198.0] [cxt 0] Deparsing header 'ipv4'
[22:32:16.758] [bmv2] [D] [thread 6406] [198.0] [cxt 0] Deparser 'deparser': end
[22:32:16.758] [bmv2] [D] [thread 6407] [198.0] [cxt 0] Transmitting packet of size 558 out of port 3
[22:32:16.888] [bmv2] [D] [thread 6402] [199.0] [cxt 0] Processing packet received on port 1
[22:32:16.888] [bmv2] [D] [thread 6402] [199.0] [cxt 0] Parser 'parser': start
[22:32:16.888] [bmv2] [D] [thread 6402] [199.0] [cxt 0] Parser 'parser' entering state 'start'
[22:32:16.888] [bmv2] [D] [thread 6402] [199.0] [cxt 0] Extracting header 'ethernet'
[22:32:16.888] [bmv2] [D] [thread 6402] [199.0] [cxt 0] Parser state 'start': key is 8100
[22:32:16.888] [bmv2] [T] [thread 6402] [199.0] [cxt 0] Bytes parsed: 14
[22:32:16.888] [bmv2] [D] [thread 6402] [199.0] [cxt 0] Parser 'parser' entering state 'parse_vlan'
[22:32:16.888] [bmv2] [D] [thread 6402] [199.0] [cxt 0] Extracting header 'vlan'
[22:32:16.888] [bmv2] [D] [thread 6402] [199.0] [cxt 0] Parser state 'parse_vlan': key is 0800
[22:32:16.888] [bmv2] [T] [thread 6402] [199.0] [cxt 0] Bytes parsed: 18
[22:32:16.888] [bmv2] [D] [thread 6402] [199.0] [cxt 0] Parser 'parser' entering state 'parse_ipv4'
[22:32:16.888] [bmv2] [D] [thread 6402] [199.0] [cxt 0] Extracting header 'ipv4'
[22:32:16.888] [bmv2] [D] [thread 6402] [199.0] [cxt 0] Parser set: setting field 'scalars.tmp' from expression, new value is 1
[22:32:16.888] [bmv2] [D] [thread 6402] [199.0] [cxt 0] Parser state 'parse_ipv4': key is 05
[22:32:16.888] [bmv2] [T] [thread 6402] [199.0] [cxt 0] Bytes parsed: 38
[22:32:16.888] [bmv2] [D] [thread 6402] [199.0] [cxt 0] Parser 'parser': end
[22:32:16.888] [bmv2] [D] [thread 6402] [199.0] [cxt 0] Pipeline 'ingress': start
[22:32:16.888] [bmv2] [T] [thread 6402] [199.0] [cxt 0] qos.p4(197) Condition "hdr.ipv4.isValid()" (node_2) is true
[22:32:16.888] [bmv2] [T] [thread 6402] [199.0] [cxt 0] qos.p4(198) Condition "hdr.ipv4_option.isValid()" (node_3) is false
[22:32:16.888] [bmv2] [T] [thread 6402] [199.0] [cxt 0] Applying table 'MyIngress.ipv4_lpm'
[22:32:16.888] [bmv2] [D] [thread 6402] [199.0] [cxt 0] Looking up key:
* hdr.ipv4.dstAddr    : 0a000202

[22:32:16.889] [bmv2] [D] [thread 6402] [199.0] [cxt 0] Table 'MyIngress.ipv4_lpm': hit with handle 2
[22:32:16.889] [bmv2] [D] [thread 6402] [199.0] [cxt 0] Dumping entry 2
Match key:
* hdr.ipv4.dstAddr    : LPM       0a000200/24
Action entry: MyIngress.ipv4_forward - 80000000200,3,

[22:32:16.889] [bmv2] [D] [thread 6402] [199.0] [cxt 0] Action entry is MyIngress.ipv4_forward - 80000000200,3,
[22:32:16.889] [bmv2] [T] [thread 6402] [199.0] [cxt 0] Action MyIngress.ipv4_forward
[22:32:16.889] [bmv2] [T] [thread 6402] [199.0] [cxt 0] qos.p4(175) Primitive standard_metadata.egress_spec = port
[22:32:16.889] [bmv2] [T] [thread 6402] [199.0] [cxt 0] qos.p4(176) Primitive hdr.ethernet.srcAddr = hdr.ethernet.dstAddr
[22:32:16.889] [bmv2] [T] [thread 6402] [199.0] [cxt 0] qos.p4(177) Primitive hdr.ethernet.dstAddr = dstAddr
[22:32:16.889] [bmv2] [T] [thread 6402] [199.0] [cxt 0] qos.p4(178) Primitive hdr.ipv4.ttl = hdr.ipv4.ttl - 1
[22:32:16.889] [bmv2] [D] [thread 6402] [199.0] [cxt 0] Pipeline 'ingress': end
[22:32:16.889] [bmv2] [D] [thread 6402] [199.0] [cxt 0] Egress port is 3
[22:32:16.889] [bmv2] [D] [thread 6406] [199.0] [cxt 0] Pipeline 'egress': start
[22:32:16.889] [bmv2] [D] [thread 6406] [199.0] [cxt 0] Pipeline 'egress': end
[22:32:16.889] [bmv2] [D] [thread 6406] [199.0] [cxt 0] Deparser 'deparser': start
[22:32:16.889] [bmv2] [D] [thread 6406] [199.0] [cxt 0] Updating checksum 'cksum'
[22:32:16.889] [bmv2] [D] [thread 6406] [199.0] [cxt 0] Deparsing header 'ethernet'
[22:32:16.889] [bmv2] [D] [thread 6406] [199.0] [cxt 0] Deparsing header 'vlan'
[22:32:16.889] [bmv2] [D] [thread 6406] [199.0] [cxt 0] Deparsing header 'ipv4'
[22:32:16.889] [bmv2] [D] [thread 6406] [199.0] [cxt 0] Deparser 'deparser': end
[22:32:16.890] [bmv2] [D] [thread 6407] [199.0] [cxt 0] Transmitting packet of size 558 out of port 3
[22:32:17.017] [bmv2] [D] [thread 6402] [200.0] [cxt 0] Processing packet received on port 1
[22:32:17.017] [bmv2] [D] [thread 6402] [200.0] [cxt 0] Parser 'parser': start
[22:32:17.017] [bmv2] [D] [thread 6402] [200.0] [cxt 0] Parser 'parser' entering state 'start'
[22:32:17.017] [bmv2] [D] [thread 6402] [200.0] [cxt 0] Extracting header 'ethernet'
[22:32:17.017] [bmv2] [D] [thread 6402] [200.0] [cxt 0] Parser state 'start': key is 8100
[22:32:17.017] [bmv2] [T] [thread 6402] [200.0] [cxt 0] Bytes parsed: 14
[22:32:17.017] [bmv2] [D] [thread 6402] [200.0] [cxt 0] Parser 'parser' entering state 'parse_vlan'
[22:32:17.017] [bmv2] [D] [thread 6402] [200.0] [cxt 0] Extracting header 'vlan'
[22:32:17.017] [bmv2] [D] [thread 6402] [200.0] [cxt 0] Parser state 'parse_vlan': key is 0800
[22:32:17.017] [bmv2] [T] [thread 6402] [200.0] [cxt 0] Bytes parsed: 18
[22:32:17.017] [bmv2] [D] [thread 6402] [200.0] [cxt 0] Parser 'parser' entering state 'parse_ipv4'
[22:32:17.017] [bmv2] [D] [thread 6402] [200.0] [cxt 0] Extracting header 'ipv4'
[22:32:17.018] [bmv2] [D] [thread 6402] [200.0] [cxt 0] Parser set: setting field 'scalars.tmp' from expression, new value is 1
[22:32:17.018] [bmv2] [D] [thread 6402] [200.0] [cxt 0] Parser state 'parse_ipv4': key is 05
[22:32:17.018] [bmv2] [T] [thread 6402] [200.0] [cxt 0] Bytes parsed: 38
[22:32:17.018] [bmv2] [D] [thread 6402] [200.0] [cxt 0] Parser 'parser': end
[22:32:17.018] [bmv2] [D] [thread 6402] [200.0] [cxt 0] Pipeline 'ingress': start
[22:32:17.018] [bmv2] [T] [thread 6402] [200.0] [cxt 0] qos.p4(197) Condition "hdr.ipv4.isValid()" (node_2) is true
[22:32:17.018] [bmv2] [T] [thread 6402] [200.0] [cxt 0] qos.p4(198) Condition "hdr.ipv4_option.isValid()" (node_3) is false
[22:32:17.018] [bmv2] [T] [thread 6402] [200.0] [cxt 0] Applying table 'MyIngress.ipv4_lpm'
[22:32:17.018] [bmv2] [D] [thread 6402] [200.0] [cxt 0] Looking up key:
* hdr.ipv4.dstAddr    : 0a000202

[22:32:17.018] [bmv2] [D] [thread 6402] [200.0] [cxt 0] Table 'MyIngress.ipv4_lpm': hit with handle 2
[22:32:17.018] [bmv2] [D] [thread 6402] [200.0] [cxt 0] Dumping entry 2
Match key:
* hdr.ipv4.dstAddr    : LPM       0a000200/24
Action entry: MyIngress.ipv4_forward - 80000000200,3,

[22:32:17.018] [bmv2] [D] [thread 6402] [200.0] [cxt 0] Action entry is MyIngress.ipv4_forward - 80000000200,3,
[22:32:17.018] [bmv2] [T] [thread 6402] [200.0] [cxt 0] Action MyIngress.ipv4_forward
[22:32:17.018] [bmv2] [T] [thread 6402] [200.0] [cxt 0] qos.p4(175) Primitive standard_metadata.egress_spec = port
[22:32:17.018] [bmv2] [T] [thread 6402] [200.0] [cxt 0] qos.p4(176) Primitive hdr.ethernet.srcAddr = hdr.ethernet.dstAddr
[22:32:17.018] [bmv2] [T] [thread 6402] [200.0] [cxt 0] qos.p4(177) Primitive hdr.ethernet.dstAddr = dstAddr
[22:32:17.018] [bmv2] [T] [thread 6402] [200.0] [cxt 0] qos.p4(178) Primitive hdr.ipv4.ttl = hdr.ipv4.ttl - 1
[22:32:17.018] [bmv2] [D] [thread 6402] [200.0] [cxt 0] Pipeline 'ingress': end
[22:32:17.018] [bmv2] [D] [thread 6402] [200.0] [cxt 0] Egress port is 3
[22:32:17.019] [bmv2] [D] [thread 6406] [200.0] [cxt 0] Pipeline 'egress': start
[22:32:17.019] [bmv2] [D] [thread 6406] [200.0] [cxt 0] Pipeline 'egress': end
[22:32:17.019] [bmv2] [D] [thread 6406] [200.0] [cxt 0] Deparser 'deparser': start
[22:32:17.019] [bmv2] [D] [thread 6406] [200.0] [cxt 0] Updating checksum 'cksum'
[22:32:17.019] [bmv2] [D] [thread 6406] [200.0] [cxt 0] Deparsing header 'ethernet'
[22:32:17.019] [bmv2] [D] [thread 6406] [200.0] [cxt 0] Deparsing header 'vlan'
[22:32:17.019] [bmv2] [D] [thread 6406] [200.0] [cxt 0] Deparsing header 'ipv4'
[22:32:17.019] [bmv2] [D] [thread 6406] [200.0] [cxt 0] Deparser 'deparser': end
[22:32:17.019] [bmv2] [D] [thread 6407] [200.0] [cxt 0] Transmitting packet of size 558 out of port 3
open: No such file or directory
open: No such file or directory
open: No such file or directory
open: No such file or directory
open: No such file or directory
open: No such file or directory
