Calling target program-options parser
[22:30:57.819] [bmv2] [D] [thread 6413] Set default default entry for table 'tbl_qos200': qos200 - 
[22:30:57.820] [bmv2] [D] [thread 6413] Set default default entry for table 'MyIngress.ipv4_lpm': NoAction - 
Adding interface s2-eth1 as port 1
[22:30:57.841] [bmv2] [D] [thread 6413] Adding interface s2-eth1 as port 1
Adding interface s2-eth2 as port 2
[22:30:57.843] [bmv2] [D] [thread 6413] Adding interface s2-eth2 as port 2
Adding interface s2-eth3 as port 3
[22:30:57.850] [bmv2] [D] [thread 6413] Adding interface s2-eth3 as port 3
Adding interface s2-eth4 as port 4
[22:30:57.856] [bmv2] [D] [thread 6413] Adding interface s2-eth4 as port 4
Server listening on 0.0.0.0:50052
[22:30:57.866] [bmv2] [I] [thread 6413] Starting Thrift server on port 9091
[22:30:57.867] [bmv2] [I] [thread 6413] Thrift server was started
[22:30:57.886] [bmv2] [D] [thread 6423] [0.0] [cxt 0] Processing packet received on port 4
[22:30:57.886] [bmv2] [D] [thread 6423] [0.0] [cxt 0] Parser 'parser': start
[22:30:57.886] [bmv2] [D] [thread 6423] [0.0] [cxt 0] Parser 'parser' entering state 'start'
[22:30:57.886] [bmv2] [D] [thread 6423] [0.0] [cxt 0] Extracting header 'ethernet'
[22:30:57.886] [bmv2] [D] [thread 6423] [0.0] [cxt 0] Parser state 'start': key is 86dd
[22:30:57.886] [bmv2] [T] [thread 6423] [0.0] [cxt 0] Bytes parsed: 14
[22:30:57.886] [bmv2] [D] [thread 6423] [0.0] [cxt 0] Parser 'parser': end
[22:30:57.886] [bmv2] [D] [thread 6423] [0.0] [cxt 0] Pipeline 'ingress': start
[22:30:57.886] [bmv2] [T] [thread 6423] [0.0] [cxt 0] qos.p4(197) Condition "hdr.ipv4.isValid()" (node_2) is false
[22:30:57.886] [bmv2] [D] [thread 6423] [0.0] [cxt 0] Pipeline 'ingress': end
[22:30:57.887] [bmv2] [D] [thread 6423] [0.0] [cxt 0] Egress port is 0
[22:30:57.887] [bmv2] [D] [thread 6424] [0.0] [cxt 0] Pipeline 'egress': start
[22:30:57.887] [bmv2] [D] [thread 6424] [0.0] [cxt 0] Pipeline 'egress': end
[22:30:57.887] [bmv2] [D] [thread 6424] [0.0] [cxt 0] Deparser 'deparser': start
[22:30:57.887] [bmv2] [T] [thread 6424] [0.0] [cxt 0] Skipping checksum 'cksum' update because condition not met
[22:30:57.887] [bmv2] [D] [thread 6424] [0.0] [cxt 0] Deparsing header 'ethernet'
[22:30:57.887] [bmv2] [D] [thread 6424] [0.0] [cxt 0] Deparser 'deparser': end
[22:30:57.887] [bmv2] [D] [thread 6428] [0.0] [cxt 0] Transmitting packet of size 90 out of port 0
[22:30:59.254] [bmv2] [D] [thread 6423] [1.0] [cxt 0] Processing packet received on port 2
[22:30:59.254] [bmv2] [D] [thread 6423] [1.0] [cxt 0] Parser 'parser': start
[22:30:59.254] [bmv2] [D] [thread 6423] [1.0] [cxt 0] Parser 'parser' entering state 'start'
[22:30:59.255] [bmv2] [D] [thread 6423] [1.0] [cxt 0] Extracting header 'ethernet'
[22:30:59.255] [bmv2] [D] [thread 6423] [1.0] [cxt 0] Parser state 'start': key is 86dd
[22:30:59.255] [bmv2] [T] [thread 6423] [1.0] [cxt 0] Bytes parsed: 14
[22:30:59.255] [bmv2] [D] [thread 6423] [1.0] [cxt 0] Parser 'parser': end
[22:30:59.255] [bmv2] [D] [thread 6423] [1.0] [cxt 0] Pipeline 'ingress': start
[22:30:59.255] [bmv2] [T] [thread 6423] [1.0] [cxt 0] qos.p4(197) Condition "hdr.ipv4.isValid()" (node_2) is false
[22:30:59.255] [bmv2] [D] [thread 6423] [1.0] [cxt 0] Pipeline 'ingress': end
[22:30:59.255] [bmv2] [D] [thread 6423] [1.0] [cxt 0] Egress port is 0
[22:30:59.255] [bmv2] [D] [thread 6424] [1.0] [cxt 0] Pipeline 'egress': start
[22:30:59.255] [bmv2] [D] [thread 6424] [1.0] [cxt 0] Pipeline 'egress': end
[22:30:59.255] [bmv2] [D] [thread 6424] [1.0] [cxt 0] Deparser 'deparser': start
[22:30:59.255] [bmv2] [T] [thread 6424] [1.0] [cxt 0] Skipping checksum 'cksum' update because condition not met
[22:30:59.255] [bmv2] [D] [thread 6424] [1.0] [cxt 0] Deparsing header 'ethernet'
[22:30:59.256] [bmv2] [D] [thread 6424] [1.0] [cxt 0] Deparser 'deparser': end
[22:30:59.256] [bmv2] [D] [thread 6428] [1.0] [cxt 0] Transmitting packet of size 70 out of port 0
[22:31:00.278] [bmv2] [D] [thread 6423] [2.0] [cxt 0] Processing packet received on port 1
[22:31:00.278] [bmv2] [D] [thread 6423] [2.0] [cxt 0] Parser 'parser': start
[22:31:00.278] [bmv2] [D] [thread 6423] [2.0] [cxt 0] Parser 'parser' entering state 'start'
[22:31:00.278] [bmv2] [D] [thread 6423] [2.0] [cxt 0] Extracting header 'ethernet'
[22:31:00.278] [bmv2] [D] [thread 6423] [2.0] [cxt 0] Parser state 'start': key is 86dd
[22:31:00.278] [bmv2] [T] [thread 6423] [2.0] [cxt 0] Bytes parsed: 14
[22:31:00.278] [bmv2] [D] [thread 6423] [2.0] [cxt 0] Parser 'parser': end
[22:31:00.278] [bmv2] [D] [thread 6423] [2.0] [cxt 0] Pipeline 'ingress': start
[22:31:00.278] [bmv2] [T] [thread 6423] [2.0] [cxt 0] qos.p4(197) Condition "hdr.ipv4.isValid()" (node_2) is false
[22:31:00.278] [bmv2] [D] [thread 6423] [2.0] [cxt 0] Pipeline 'ingress': end
[22:31:00.278] [bmv2] [D] [thread 6423] [2.0] [cxt 0] Egress port is 0
[22:31:00.278] [bmv2] [D] [thread 6424] [2.0] [cxt 0] Pipeline 'egress': start
[22:31:00.278] [bmv2] [D] [thread 6424] [2.0] [cxt 0] Pipeline 'egress': end
[22:31:00.278] [bmv2] [D] [thread 6424] [2.0] [cxt 0] Deparser 'deparser': start
[22:31:00.278] [bmv2] [T] [thread 6424] [2.0] [cxt 0] Skipping checksum 'cksum' update because condition not met
[22:31:00.278] [bmv2] [D] [thread 6424] [2.0] [cxt 0] Deparsing header 'ethernet'
[22:31:00.278] [bmv2] [D] [thread 6424] [2.0] [cxt 0] Deparser 'deparser': end
[22:31:00.279] [bmv2] [D] [thread 6428] [2.0] [cxt 0] Transmitting packet of size 70 out of port 0
[22:31:00.438] [bmv2] [W] [thread 6475] [P4Runtime] p4::tmp::P4DeviceConfig is deprecated
[22:31:00.444] [bmv2] [D] [thread 6475] Set default default entry for table 'tbl_qos200': qos200 - 
[22:31:00.444] [bmv2] [D] [thread 6475] Set default default entry for table 'MyIngress.ipv4_lpm': NoAction - 
[22:31:00.449] [bmv2] [D] [thread 6475] simple_switch target has been notified of a config swap
[22:31:00.457] [bmv2] [D] [thread 6477] Entry 0 added to table 'MyIngress.ipv4_lpm'
[22:31:00.457] [bmv2] [D] [thread 6477] Dumping entry 0
Match key:
* hdr.ipv4.dstAddr    : LPM       0a000202/32
Action entry: MyIngress.ipv4_forward - 80000000202,2,

[22:31:00.467] [bmv2] [D] [thread 6477] Entry 1 added to table 'MyIngress.ipv4_lpm'
[22:31:00.467] [bmv2] [D] [thread 6477] Dumping entry 1
Match key:
* hdr.ipv4.dstAddr    : LPM       0a000216/32
Action entry: MyIngress.ipv4_forward - 80000000222,1,

[22:31:00.473] [bmv2] [D] [thread 6482] Entry 2 added to table 'MyIngress.ipv4_lpm'
[22:31:00.473] [bmv2] [D] [thread 6482] Dumping entry 2
Match key:
* hdr.ipv4.dstAddr    : LPM       0a000100/24
Action entry: MyIngress.ipv4_forward - 80000000100,3,

[22:31:00.478] [bmv2] [D] [thread 6477] Entry 3 added to table 'MyIngress.ipv4_lpm'
[22:31:00.478] [bmv2] [D] [thread 6477] Dumping entry 3
Match key:
* hdr.ipv4.dstAddr    : LPM       0a000300/24
Action entry: MyIngress.ipv4_forward - 80000000300,4,

[22:31:00.535] [bmv2] [D] [thread 6423] [3.0] [cxt 0] Processing packet received on port 3
[22:31:00.535] [bmv2] [D] [thread 6423] [3.0] [cxt 0] Parser 'parser': start
[22:31:00.535] [bmv2] [D] [thread 6423] [3.0] [cxt 0] Parser 'parser' entering state 'start'
[22:31:00.535] [bmv2] [D] [thread 6423] [3.0] [cxt 0] Extracting header 'ethernet'
[22:31:00.535] [bmv2] [D] [thread 6423] [3.0] [cxt 0] Parser state 'start': key is 86dd
[22:31:00.535] [bmv2] [T] [thread 6423] [3.0] [cxt 0] Bytes parsed: 14
[22:31:00.535] [bmv2] [D] [thread 6423] [3.0] [cxt 0] Parser 'parser': end
[22:31:00.535] [bmv2] [D] [thread 6423] [3.0] [cxt 0] Pipeline 'ingress': start
[22:31:00.535] [bmv2] [T] [thread 6423] [3.0] [cxt 0] qos.p4(197) Condition "hdr.ipv4.isValid()" (node_2) is false
[22:31:00.535] [bmv2] [D] [thread 6423] [3.0] [cxt 0] Pipeline 'ingress': end
[22:31:00.535] [bmv2] [D] [thread 6423] [3.0] [cxt 0] Egress port is 0
[22:31:00.536] [bmv2] [D] [thread 6424] [3.0] [cxt 0] Pipeline 'egress': start
[22:31:00.536] [bmv2] [D] [thread 6424] [3.0] [cxt 0] Pipeline 'egress': end
[22:31:00.536] [bmv2] [D] [thread 6424] [3.0] [cxt 0] Deparser 'deparser': start
[22:31:00.536] [bmv2] [T] [thread 6424] [3.0] [cxt 0] Skipping checksum 'cksum' update because condition not met
[22:31:00.536] [bmv2] [D] [thread 6424] [3.0] [cxt 0] Deparsing header 'ethernet'
[22:31:00.536] [bmv2] [D] [thread 6424] [3.0] [cxt 0] Deparser 'deparser': end
[22:31:00.537] [bmv2] [D] [thread 6428] [3.0] [cxt 0] Transmitting packet of size 70 out of port 0
[22:31:00.793] [bmv2] [D] [thread 6423] [4.0] [cxt 0] Processing packet received on port 3
[22:31:00.793] [bmv2] [D] [thread 6423] [4.0] [cxt 0] Parser 'parser': start
[22:31:00.793] [bmv2] [D] [thread 6423] [4.0] [cxt 0] Parser 'parser' entering state 'start'
[22:31:00.793] [bmv2] [D] [thread 6423] [4.0] [cxt 0] Extracting header 'ethernet'
[22:31:00.793] [bmv2] [D] [thread 6423] [4.0] [cxt 0] Parser state 'start': key is 86dd
[22:31:00.793] [bmv2] [T] [thread 6423] [4.0] [cxt 0] Bytes parsed: 14
[22:31:00.793] [bmv2] [D] [thread 6423] [4.0] [cxt 0] Parser 'parser': end
[22:31:00.794] [bmv2] [D] [thread 6423] [4.0] [cxt 0] Pipeline 'ingress': start
[22:31:00.794] [bmv2] [T] [thread 6423] [4.0] [cxt 0] qos.p4(197) Condition "hdr.ipv4.isValid()" (node_2) is false
[22:31:00.794] [bmv2] [D] [thread 6423] [4.0] [cxt 0] Pipeline 'ingress': end
[22:31:00.794] [bmv2] [D] [thread 6423] [4.0] [cxt 0] Egress port is 0
[22:31:00.796] [bmv2] [D] [thread 6424] [4.0] [cxt 0] Pipeline 'egress': start
[22:31:00.796] [bmv2] [D] [thread 6424] [4.0] [cxt 0] Pipeline 'egress': end
[22:31:00.796] [bmv2] [D] [thread 6424] [4.0] [cxt 0] Deparser 'deparser': start
[22:31:00.796] [bmv2] [T] [thread 6424] [4.0] [cxt 0] Skipping checksum 'cksum' update because condition not met
[22:31:00.796] [bmv2] [D] [thread 6424] [4.0] [cxt 0] Deparsing header 'ethernet'
[22:31:00.796] [bmv2] [D] [thread 6424] [4.0] [cxt 0] Deparser 'deparser': end
[22:31:00.797] [bmv2] [D] [thread 6428] [4.0] [cxt 0] Transmitting packet of size 70 out of port 0
[22:31:01.054] [bmv2] [D] [thread 6423] [5.0] [cxt 0] Processing packet received on port 4
[22:31:01.054] [bmv2] [D] [thread 6423] [5.0] [cxt 0] Parser 'parser': start
[22:31:01.054] [bmv2] [D] [thread 6423] [5.0] [cxt 0] Parser 'parser' entering state 'start'
[22:31:01.055] [bmv2] [D] [thread 6423] [5.0] [cxt 0] Extracting header 'ethernet'
[22:31:01.055] [bmv2] [D] [thread 6423] [5.0] [cxt 0] Parser state 'start': key is 86dd
[22:31:01.055] [bmv2] [T] [thread 6423] [5.0] [cxt 0] Bytes parsed: 14
[22:31:01.055] [bmv2] [D] [thread 6423] [5.0] [cxt 0] Parser 'parser': end
[22:31:01.055] [bmv2] [D] [thread 6423] [5.0] [cxt 0] Pipeline 'ingress': start
[22:31:01.056] [bmv2] [T] [thread 6423] [5.0] [cxt 0] qos.p4(197) Condition "hdr.ipv4.isValid()" (node_2) is false
[22:31:01.061] [bmv2] [D] [thread 6423] [5.0] [cxt 0] Pipeline 'ingress': end
[22:31:01.062] [bmv2] [D] [thread 6423] [5.0] [cxt 0] Egress port is 0
[22:31:01.066] [bmv2] [D] [thread 6424] [5.0] [cxt 0] Pipeline 'egress': start
[22:31:01.066] [bmv2] [D] [thread 6424] [5.0] [cxt 0] Pipeline 'egress': end
[22:31:01.066] [bmv2] [D] [thread 6424] [5.0] [cxt 0] Deparser 'deparser': start
[22:31:01.066] [bmv2] [T] [thread 6424] [5.0] [cxt 0] Skipping checksum 'cksum' update because condition not met
[22:31:01.066] [bmv2] [D] [thread 6424] [5.0] [cxt 0] Deparsing header 'ethernet'
[22:31:01.066] [bmv2] [D] [thread 6424] [5.0] [cxt 0] Deparser 'deparser': end
[22:31:01.066] [bmv2] [D] [thread 6428] [5.0] [cxt 0] Transmitting packet of size 70 out of port 0
[22:31:01.310] [bmv2] [D] [thread 6423] [6.0] [cxt 0] Processing packet received on port 4
[22:31:01.311] [bmv2] [D] [thread 6423] [6.0] [cxt 0] Parser 'parser': start
[22:31:01.312] [bmv2] [D] [thread 6423] [6.0] [cxt 0] Parser 'parser' entering state 'start'
[22:31:01.312] [bmv2] [D] [thread 6423] [6.0] [cxt 0] Extracting header 'ethernet'
[22:31:01.312] [bmv2] [D] [thread 6423] [6.0] [cxt 0] Parser state 'start': key is 86dd
[22:31:01.318] [bmv2] [T] [thread 6423] [6.0] [cxt 0] Bytes parsed: 14
[22:31:01.318] [bmv2] [D] [thread 6423] [6.0] [cxt 0] Parser 'parser': end
[22:31:01.318] [bmv2] [D] [thread 6423] [6.0] [cxt 0] Pipeline 'ingress': start
[22:31:01.318] [bmv2] [T] [thread 6423] [6.0] [cxt 0] qos.p4(197) Condition "hdr.ipv4.isValid()" (node_2) is false
[22:31:01.319] [bmv2] [D] [thread 6423] [6.0] [cxt 0] Pipeline 'ingress': end
[22:31:01.319] [bmv2] [D] [thread 6423] [6.0] [cxt 0] Egress port is 0
[22:31:01.319] [bmv2] [D] [thread 6424] [6.0] [cxt 0] Pipeline 'egress': start
[22:31:01.319] [bmv2] [D] [thread 6424] [6.0] [cxt 0] Pipeline 'egress': end
[22:31:01.319] [bmv2] [D] [thread 6424] [6.0] [cxt 0] Deparser 'deparser': start
[22:31:01.319] [bmv2] [T] [thread 6424] [6.0] [cxt 0] Skipping checksum 'cksum' update because condition not met
[22:31:01.319] [bmv2] [D] [thread 6424] [6.0] [cxt 0] Deparsing header 'ethernet'
[22:31:01.319] [bmv2] [D] [thread 6424] [6.0] [cxt 0] Deparser 'deparser': end
[22:31:01.320] [bmv2] [D] [thread 6428] [6.0] [cxt 0] Transmitting packet of size 70 out of port 0
[22:31:06.677] [bmv2] [D] [thread 6423] [7.0] [cxt 0] Processing packet received on port 2
[22:31:06.677] [bmv2] [D] [thread 6423] [7.0] [cxt 0] Parser 'parser': start
[22:31:06.677] [bmv2] [D] [thread 6423] [7.0] [cxt 0] Parser 'parser' entering state 'start'
[22:31:06.677] [bmv2] [D] [thread 6423] [7.0] [cxt 0] Extracting header 'ethernet'
[22:31:06.677] [bmv2] [D] [thread 6423] [7.0] [cxt 0] Parser state 'start': key is 86dd
[22:31:06.677] [bmv2] [T] [thread 6423] [7.0] [cxt 0] Bytes parsed: 14
[22:31:06.677] [bmv2] [D] [thread 6423] [7.0] [cxt 0] Parser 'parser': end
[22:31:06.678] [bmv2] [D] [thread 6423] [7.0] [cxt 0] Pipeline 'ingress': start
[22:31:06.678] [bmv2] [T] [thread 6423] [7.0] [cxt 0] qos.p4(197) Condition "hdr.ipv4.isValid()" (node_2) is false
[22:31:06.678] [bmv2] [D] [thread 6423] [7.0] [cxt 0] Pipeline 'ingress': end
[22:31:06.678] [bmv2] [D] [thread 6423] [7.0] [cxt 0] Egress port is 0
[22:31:06.678] [bmv2] [D] [thread 6424] [7.0] [cxt 0] Pipeline 'egress': start
[22:31:06.678] [bmv2] [D] [thread 6424] [7.0] [cxt 0] Pipeline 'egress': end
[22:31:06.678] [bmv2] [D] [thread 6424] [7.0] [cxt 0] Deparser 'deparser': start
[22:31:06.678] [bmv2] [T] [thread 6424] [7.0] [cxt 0] Skipping checksum 'cksum' update because condition not met
[22:31:06.678] [bmv2] [D] [thread 6424] [7.0] [cxt 0] Deparsing header 'ethernet'
[22:31:06.678] [bmv2] [D] [thread 6424] [7.0] [cxt 0] Deparser 'deparser': end
[22:31:06.678] [bmv2] [D] [thread 6428] [7.0] [cxt 0] Transmitting packet of size 70 out of port 0
[22:31:08.218] [bmv2] [D] [thread 6423] [8.0] [cxt 0] Processing packet received on port 1
[22:31:08.219] [bmv2] [D] [thread 6423] [8.0] [cxt 0] Parser 'parser': start
[22:31:08.219] [bmv2] [D] [thread 6423] [8.0] [cxt 0] Parser 'parser' entering state 'start'
[22:31:08.219] [bmv2] [D] [thread 6423] [8.0] [cxt 0] Extracting header 'ethernet'
[22:31:08.219] [bmv2] [D] [thread 6423] [8.0] [cxt 0] Parser state 'start': key is 86dd
[22:31:08.219] [bmv2] [T] [thread 6423] [8.0] [cxt 0] Bytes parsed: 14
[22:31:08.219] [bmv2] [D] [thread 6423] [8.0] [cxt 0] Parser 'parser': end
[22:31:08.221] [bmv2] [D] [thread 6423] [8.0] [cxt 0] Pipeline 'ingress': start
[22:31:08.221] [bmv2] [T] [thread 6423] [8.0] [cxt 0] qos.p4(197) Condition "hdr.ipv4.isValid()" (node_2) is false
[22:31:08.221] [bmv2] [D] [thread 6423] [8.0] [cxt 0] Pipeline 'ingress': end
[22:31:08.221] [bmv2] [D] [thread 6423] [8.0] [cxt 0] Egress port is 0
[22:31:08.226] [bmv2] [D] [thread 6424] [8.0] [cxt 0] Pipeline 'egress': start
[22:31:08.227] [bmv2] [D] [thread 6424] [8.0] [cxt 0] Pipeline 'egress': end
[22:31:08.227] [bmv2] [D] [thread 6424] [8.0] [cxt 0] Deparser 'deparser': start
[22:31:08.227] [bmv2] [T] [thread 6424] [8.0] [cxt 0] Skipping checksum 'cksum' update because condition not met
[22:31:08.227] [bmv2] [D] [thread 6424] [8.0] [cxt 0] Deparsing header 'ethernet'
[22:31:08.227] [bmv2] [D] [thread 6424] [8.0] [cxt 0] Deparser 'deparser': end
[22:31:08.227] [bmv2] [D] [thread 6428] [8.0] [cxt 0] Transmitting packet of size 70 out of port 0
[22:31:08.227] [bmv2] [D] [thread 6423] [9.0] [cxt 0] Processing packet received on port 4
[22:31:08.227] [bmv2] [D] [thread 6423] [9.0] [cxt 0] Parser 'parser': start
[22:31:08.227] [bmv2] [D] [thread 6423] [9.0] [cxt 0] Parser 'parser' entering state 'start'
[22:31:08.227] [bmv2] [D] [thread 6423] [9.0] [cxt 0] Extracting header 'ethernet'
[22:31:08.228] [bmv2] [D] [thread 6423] [9.0] [cxt 0] Parser state 'start': key is 86dd
[22:31:08.228] [bmv2] [T] [thread 6423] [9.0] [cxt 0] Bytes parsed: 14
[22:31:08.228] [bmv2] [D] [thread 6423] [9.0] [cxt 0] Parser 'parser': end
[22:31:08.228] [bmv2] [D] [thread 6423] [9.0] [cxt 0] Pipeline 'ingress': start
[22:31:08.228] [bmv2] [T] [thread 6423] [9.0] [cxt 0] qos.p4(197) Condition "hdr.ipv4.isValid()" (node_2) is false
[22:31:08.228] [bmv2] [D] [thread 6423] [9.0] [cxt 0] Pipeline 'ingress': end
[22:31:08.228] [bmv2] [D] [thread 6423] [9.0] [cxt 0] Egress port is 0
[22:31:08.228] [bmv2] [D] [thread 6424] [9.0] [cxt 0] Pipeline 'egress': start
[22:31:08.228] [bmv2] [D] [thread 6424] [9.0] [cxt 0] Pipeline 'egress': end
[22:31:08.228] [bmv2] [D] [thread 6424] [9.0] [cxt 0] Deparser 'deparser': start
[22:31:08.229] [bmv2] [T] [thread 6424] [9.0] [cxt 0] Skipping checksum 'cksum' update because condition not met
[22:31:08.229] [bmv2] [D] [thread 6424] [9.0] [cxt 0] Deparsing header 'ethernet'
[22:31:08.229] [bmv2] [D] [thread 6424] [9.0] [cxt 0] Deparser 'deparser': end
[22:31:08.229] [bmv2] [D] [thread 6428] [9.0] [cxt 0] Transmitting packet of size 70 out of port 0
[22:31:08.727] [bmv2] [D] [thread 6423] [10.0] [cxt 0] Processing packet received on port 3
[22:31:08.727] [bmv2] [D] [thread 6423] [10.0] [cxt 0] Parser 'parser': start
[22:31:08.727] [bmv2] [D] [thread 6423] [10.0] [cxt 0] Parser 'parser' entering state 'start'
[22:31:08.727] [bmv2] [D] [thread 6423] [10.0] [cxt 0] Extracting header 'ethernet'
[22:31:08.727] [bmv2] [D] [thread 6423] [10.0] [cxt 0] Parser state 'start': key is 86dd
[22:31:08.727] [bmv2] [T] [thread 6423] [10.0] [cxt 0] Bytes parsed: 14
[22:31:08.727] [bmv2] [D] [thread 6423] [10.0] [cxt 0] Parser 'parser': end
[22:31:08.727] [bmv2] [D] [thread 6423] [10.0] [cxt 0] Pipeline 'ingress': start
[22:31:08.727] [bmv2] [T] [thread 6423] [10.0] [cxt 0] qos.p4(197) Condition "hdr.ipv4.isValid()" (node_2) is false
[22:31:08.727] [bmv2] [D] [thread 6423] [10.0] [cxt 0] Pipeline 'ingress': end
[22:31:08.727] [bmv2] [D] [thread 6423] [10.0] [cxt 0] Egress port is 0
[22:31:08.728] [bmv2] [D] [thread 6424] [10.0] [cxt 0] Pipeline 'egress': start
[22:31:08.728] [bmv2] [D] [thread 6424] [10.0] [cxt 0] Pipeline 'egress': end
[22:31:08.728] [bmv2] [D] [thread 6424] [10.0] [cxt 0] Deparser 'deparser': start
[22:31:08.728] [bmv2] [T] [thread 6424] [10.0] [cxt 0] Skipping checksum 'cksum' update because condition not met
[22:31:08.728] [bmv2] [D] [thread 6424] [10.0] [cxt 0] Deparsing header 'ethernet'
[22:31:08.728] [bmv2] [D] [thread 6424] [10.0] [cxt 0] Deparser 'deparser': end
[22:31:08.729] [bmv2] [D] [thread 6428] [10.0] [cxt 0] Transmitting packet of size 70 out of port 0
[22:31:09.239] [bmv2] [D] [thread 6423] [11.0] [cxt 0] Processing packet received on port 3
[22:31:09.239] [bmv2] [D] [thread 6423] [11.0] [cxt 0] Parser 'parser': start
[22:31:09.239] [bmv2] [D] [thread 6423] [11.0] [cxt 0] Parser 'parser' entering state 'start'
[22:31:09.239] [bmv2] [D] [thread 6423] [11.0] [cxt 0] Extracting header 'ethernet'
[22:31:09.239] [bmv2] [D] [thread 6423] [11.0] [cxt 0] Parser state 'start': key is 86dd
[22:31:09.239] [bmv2] [T] [thread 6423] [11.0] [cxt 0] Bytes parsed: 14
[22:31:09.239] [bmv2] [D] [thread 6423] [11.0] [cxt 0] Parser 'parser': end
[22:31:09.239] [bmv2] [D] [thread 6423] [11.0] [cxt 0] Pipeline 'ingress': start
[22:31:09.239] [bmv2] [T] [thread 6423] [11.0] [cxt 0] qos.p4(197) Condition "hdr.ipv4.isValid()" (node_2) is false
[22:31:09.239] [bmv2] [D] [thread 6423] [11.0] [cxt 0] Pipeline 'ingress': end
[22:31:09.239] [bmv2] [D] [thread 6423] [11.0] [cxt 0] Egress port is 0
[22:31:09.240] [bmv2] [D] [thread 6424] [11.0] [cxt 0] Pipeline 'egress': start
[22:31:09.240] [bmv2] [D] [thread 6424] [11.0] [cxt 0] Pipeline 'egress': end
[22:31:09.240] [bmv2] [D] [thread 6424] [11.0] [cxt 0] Deparser 'deparser': start
[22:31:09.240] [bmv2] [T] [thread 6424] [11.0] [cxt 0] Skipping checksum 'cksum' update because condition not met
[22:31:09.240] [bmv2] [D] [thread 6424] [11.0] [cxt 0] Deparsing header 'ethernet'
[22:31:09.240] [bmv2] [D] [thread 6424] [11.0] [cxt 0] Deparser 'deparser': end
[22:31:09.240] [bmv2] [D] [thread 6428] [11.0] [cxt 0] Transmitting packet of size 70 out of port 0
[22:31:10.265] [bmv2] [D] [thread 6423] [12.0] [cxt 0] Processing packet received on port 4
[22:31:10.265] [bmv2] [D] [thread 6423] [12.0] [cxt 0] Parser 'parser': start
[22:31:10.265] [bmv2] [D] [thread 6423] [12.0] [cxt 0] Parser 'parser' entering state 'start'
[22:31:10.265] [bmv2] [D] [thread 6423] [12.0] [cxt 0] Extracting header 'ethernet'
[22:31:10.265] [bmv2] [D] [thread 6423] [12.0] [cxt 0] Parser state 'start': key is 86dd
[22:31:10.265] [bmv2] [T] [thread 6423] [12.0] [cxt 0] Bytes parsed: 14
[22:31:10.265] [bmv2] [D] [thread 6423] [12.0] [cxt 0] Parser 'parser': end
[22:31:10.265] [bmv2] [D] [thread 6423] [12.0] [cxt 0] Pipeline 'ingress': start
[22:31:10.265] [bmv2] [T] [thread 6423] [12.0] [cxt 0] qos.p4(197) Condition "hdr.ipv4.isValid()" (node_2) is false
[22:31:10.265] [bmv2] [D] [thread 6423] [12.0] [cxt 0] Pipeline 'ingress': end
[22:31:10.265] [bmv2] [D] [thread 6423] [12.0] [cxt 0] Egress port is 0
[22:31:10.266] [bmv2] [D] [thread 6424] [12.0] [cxt 0] Pipeline 'egress': start
[22:31:10.266] [bmv2] [D] [thread 6424] [12.0] [cxt 0] Pipeline 'egress': end
[22:31:10.266] [bmv2] [D] [thread 6424] [12.0] [cxt 0] Deparser 'deparser': start
[22:31:10.266] [bmv2] [T] [thread 6424] [12.0] [cxt 0] Skipping checksum 'cksum' update because condition not met
[22:31:10.266] [bmv2] [D] [thread 6424] [12.0] [cxt 0] Deparsing header 'ethernet'
[22:31:10.266] [bmv2] [D] [thread 6424] [12.0] [cxt 0] Deparser 'deparser': end
[22:31:10.266] [bmv2] [D] [thread 6428] [12.0] [cxt 0] Transmitting packet of size 70 out of port 0
[22:31:21.271] [bmv2] [D] [thread 6423] [13.0] [cxt 0] Processing packet received on port 2
[22:31:21.272] [bmv2] [D] [thread 6423] [13.0] [cxt 0] Parser 'parser': start
[22:31:21.272] [bmv2] [D] [thread 6423] [13.0] [cxt 0] Parser 'parser' entering state 'start'
[22:31:21.273] [bmv2] [D] [thread 6423] [13.0] [cxt 0] Extracting header 'ethernet'
[22:31:21.273] [bmv2] [D] [thread 6423] [13.0] [cxt 0] Parser state 'start': key is 86dd
[22:31:21.274] [bmv2] [T] [thread 6423] [13.0] [cxt 0] Bytes parsed: 14
[22:31:21.274] [bmv2] [D] [thread 6423] [13.0] [cxt 0] Parser 'parser': end
[22:31:21.274] [bmv2] [D] [thread 6423] [13.0] [cxt 0] Pipeline 'ingress': start
[22:31:21.274] [bmv2] [T] [thread 6423] [13.0] [cxt 0] qos.p4(197) Condition "hdr.ipv4.isValid()" (node_2) is false
[22:31:21.274] [bmv2] [D] [thread 6423] [13.0] [cxt 0] Pipeline 'ingress': end
[22:31:21.274] [bmv2] [D] [thread 6423] [13.0] [cxt 0] Egress port is 0
[22:31:21.275] [bmv2] [D] [thread 6424] [13.0] [cxt 0] Pipeline 'egress': start
[22:31:21.275] [bmv2] [D] [thread 6424] [13.0] [cxt 0] Pipeline 'egress': end
[22:31:21.276] [bmv2] [D] [thread 6424] [13.0] [cxt 0] Deparser 'deparser': start
[22:31:21.276] [bmv2] [T] [thread 6424] [13.0] [cxt 0] Skipping checksum 'cksum' update because condition not met
[22:31:21.276] [bmv2] [D] [thread 6424] [13.0] [cxt 0] Deparsing header 'ethernet'
[22:31:21.276] [bmv2] [D] [thread 6424] [13.0] [cxt 0] Deparser 'deparser': end
[22:31:21.277] [bmv2] [D] [thread 6428] [13.0] [cxt 0] Transmitting packet of size 70 out of port 0
[22:31:23.320] [bmv2] [D] [thread 6423] [14.0] [cxt 0] Processing packet received on port 1
[22:31:23.320] [bmv2] [D] [thread 6423] [14.0] [cxt 0] Parser 'parser': start
[22:31:23.320] [bmv2] [D] [thread 6423] [14.0] [cxt 0] Parser 'parser' entering state 'start'
[22:31:23.320] [bmv2] [D] [thread 6423] [14.0] [cxt 0] Extracting header 'ethernet'
[22:31:23.326] [bmv2] [D] [thread 6423] [14.0] [cxt 0] Parser state 'start': key is 86dd
[22:31:23.326] [bmv2] [T] [thread 6423] [14.0] [cxt 0] Bytes parsed: 14
[22:31:23.326] [bmv2] [D] [thread 6423] [14.0] [cxt 0] Parser 'parser': end
[22:31:23.326] [bmv2] [D] [thread 6423] [14.0] [cxt 0] Pipeline 'ingress': start
[22:31:23.326] [bmv2] [T] [thread 6423] [14.0] [cxt 0] qos.p4(197) Condition "hdr.ipv4.isValid()" (node_2) is false
[22:31:23.326] [bmv2] [D] [thread 6423] [14.0] [cxt 0] Pipeline 'ingress': end
[22:31:23.327] [bmv2] [D] [thread 6423] [14.0] [cxt 0] Egress port is 0
[22:31:23.327] [bmv2] [D] [thread 6424] [14.0] [cxt 0] Pipeline 'egress': start
[22:31:23.327] [bmv2] [D] [thread 6424] [14.0] [cxt 0] Pipeline 'egress': end
[22:31:23.328] [bmv2] [D] [thread 6424] [14.0] [cxt 0] Deparser 'deparser': start
[22:31:23.328] [bmv2] [T] [thread 6424] [14.0] [cxt 0] Skipping checksum 'cksum' update because condition not met
[22:31:23.328] [bmv2] [D] [thread 6424] [14.0] [cxt 0] Deparsing header 'ethernet'
[22:31:23.328] [bmv2] [D] [thread 6424] [14.0] [cxt 0] Deparser 'deparser': end
[22:31:23.328] [bmv2] [D] [thread 6428] [14.0] [cxt 0] Transmitting packet of size 70 out of port 0
[22:31:23.328] [bmv2] [D] [thread 6423] [15.0] [cxt 0] Processing packet received on port 4
[22:31:23.328] [bmv2] [D] [thread 6423] [15.0] [cxt 0] Parser 'parser': start
[22:31:23.328] [bmv2] [D] [thread 6423] [15.0] [cxt 0] Parser 'parser' entering state 'start'
[22:31:23.328] [bmv2] [D] [thread 6423] [15.0] [cxt 0] Extracting header 'ethernet'
[22:31:23.329] [bmv2] [D] [thread 6423] [15.0] [cxt 0] Parser state 'start': key is 86dd
[22:31:23.329] [bmv2] [T] [thread 6423] [15.0] [cxt 0] Bytes parsed: 14
[22:31:23.329] [bmv2] [D] [thread 6423] [15.0] [cxt 0] Parser 'parser': end
[22:31:23.329] [bmv2] [D] [thread 6423] [15.0] [cxt 0] Pipeline 'ingress': start
[22:31:23.329] [bmv2] [T] [thread 6423] [15.0] [cxt 0] qos.p4(197) Condition "hdr.ipv4.isValid()" (node_2) is false
[22:31:23.329] [bmv2] [D] [thread 6423] [15.0] [cxt 0] Pipeline 'ingress': end
[22:31:23.329] [bmv2] [D] [thread 6423] [15.0] [cxt 0] Egress port is 0
[22:31:23.329] [bmv2] [D] [thread 6424] [15.0] [cxt 0] Pipeline 'egress': start
[22:31:23.329] [bmv2] [D] [thread 6424] [15.0] [cxt 0] Pipeline 'egress': end
[22:31:23.329] [bmv2] [D] [thread 6424] [15.0] [cxt 0] Deparser 'deparser': start
[22:31:23.329] [bmv2] [T] [thread 6424] [15.0] [cxt 0] Skipping checksum 'cksum' update because condition not met
[22:31:23.329] [bmv2] [D] [thread 6424] [15.0] [cxt 0] Deparsing header 'ethernet'
[22:31:23.329] [bmv2] [D] [thread 6424] [15.0] [cxt 0] Deparser 'deparser': end
[22:31:23.330] [bmv2] [D] [thread 6428] [15.0] [cxt 0] Transmitting packet of size 70 out of port 0
[22:31:24.599] [bmv2] [D] [thread 6423] [16.0] [cxt 0] Processing packet received on port 3
[22:31:24.599] [bmv2] [D] [thread 6423] [16.0] [cxt 0] Parser 'parser': start
[22:31:24.599] [bmv2] [D] [thread 6423] [16.0] [cxt 0] Parser 'parser' entering state 'start'
[22:31:24.599] [bmv2] [D] [thread 6423] [16.0] [cxt 0] Extracting header 'ethernet'
[22:31:24.599] [bmv2] [D] [thread 6423] [16.0] [cxt 0] Parser state 'start': key is 86dd
[22:31:24.599] [bmv2] [T] [thread 6423] [16.0] [cxt 0] Bytes parsed: 14
[22:31:24.599] [bmv2] [D] [thread 6423] [16.0] [cxt 0] Parser 'parser': end
[22:31:24.600] [bmv2] [D] [thread 6423] [16.0] [cxt 0] Pipeline 'ingress': start
[22:31:24.600] [bmv2] [T] [thread 6423] [16.0] [cxt 0] qos.p4(197) Condition "hdr.ipv4.isValid()" (node_2) is false
[22:31:24.600] [bmv2] [D] [thread 6423] [16.0] [cxt 0] Pipeline 'ingress': end
[22:31:24.604] [bmv2] [D] [thread 6423] [16.0] [cxt 0] Egress port is 0
[22:31:24.605] [bmv2] [D] [thread 6424] [16.0] [cxt 0] Pipeline 'egress': start
[22:31:24.605] [bmv2] [D] [thread 6424] [16.0] [cxt 0] Pipeline 'egress': end
[22:31:24.605] [bmv2] [D] [thread 6424] [16.0] [cxt 0] Deparser 'deparser': start
[22:31:24.605] [bmv2] [T] [thread 6424] [16.0] [cxt 0] Skipping checksum 'cksum' update because condition not met
[22:31:24.605] [bmv2] [D] [thread 6424] [16.0] [cxt 0] Deparsing header 'ethernet'
[22:31:24.605] [bmv2] [D] [thread 6424] [16.0] [cxt 0] Deparser 'deparser': end
[22:31:24.606] [bmv2] [D] [thread 6428] [16.0] [cxt 0] Transmitting packet of size 70 out of port 0
[22:31:27.930] [bmv2] [D] [thread 6423] [17.0] [cxt 0] Processing packet received on port 3
[22:31:27.930] [bmv2] [D] [thread 6423] [17.0] [cxt 0] Parser 'parser': start
[22:31:27.930] [bmv2] [D] [thread 6423] [17.0] [cxt 0] Parser 'parser' entering state 'start'
[22:31:27.931] [bmv2] [D] [thread 6423] [17.0] [cxt 0] Extracting header 'ethernet'
[22:31:27.931] [bmv2] [D] [thread 6423] [17.0] [cxt 0] Parser state 'start': key is 86dd
[22:31:27.932] [bmv2] [T] [thread 6423] [17.0] [cxt 0] Bytes parsed: 14
[22:31:27.954] [bmv2] [D] [thread 6423] [17.0] [cxt 0] Parser 'parser': end
[22:31:27.954] [bmv2] [D] [thread 6423] [17.0] [cxt 0] Pipeline 'ingress': start
[22:31:27.954] [bmv2] [T] [thread 6423] [17.0] [cxt 0] qos.p4(197) Condition "hdr.ipv4.isValid()" (node_2) is false
[22:31:27.954] [bmv2] [D] [thread 6423] [17.0] [cxt 0] Pipeline 'ingress': end
[22:31:27.954] [bmv2] [D] [thread 6423] [17.0] [cxt 0] Egress port is 0
[22:31:27.955] [bmv2] [D] [thread 6424] [17.0] [cxt 0] Pipeline 'egress': start
[22:31:27.955] [bmv2] [D] [thread 6424] [17.0] [cxt 0] Pipeline 'egress': end
[22:31:27.955] [bmv2] [D] [thread 6424] [17.0] [cxt 0] Deparser 'deparser': start
[22:31:27.955] [bmv2] [T] [thread 6424] [17.0] [cxt 0] Skipping checksum 'cksum' update because condition not met
[22:31:27.955] [bmv2] [D] [thread 6424] [17.0] [cxt 0] Deparsing header 'ethernet'
[22:31:27.955] [bmv2] [D] [thread 6424] [17.0] [cxt 0] Deparser 'deparser': end
[22:31:27.956] [bmv2] [D] [thread 6428] [17.0] [cxt 0] Transmitting packet of size 70 out of port 0
[22:31:29.974] [bmv2] [D] [thread 6423] [18.0] [cxt 0] Processing packet received on port 4
[22:31:29.974] [bmv2] [D] [thread 6423] [18.0] [cxt 0] Parser 'parser': start
[22:31:29.974] [bmv2] [D] [thread 6423] [18.0] [cxt 0] Parser 'parser' entering state 'start'
[22:31:29.974] [bmv2] [D] [thread 6423] [18.0] [cxt 0] Extracting header 'ethernet'
[22:31:29.974] [bmv2] [D] [thread 6423] [18.0] [cxt 0] Parser state 'start': key is 86dd
[22:31:29.974] [bmv2] [T] [thread 6423] [18.0] [cxt 0] Bytes parsed: 14
[22:31:29.974] [bmv2] [D] [thread 6423] [18.0] [cxt 0] Parser 'parser': end
[22:31:29.975] [bmv2] [D] [thread 6423] [18.0] [cxt 0] Pipeline 'ingress': start
[22:31:29.975] [bmv2] [T] [thread 6423] [18.0] [cxt 0] qos.p4(197) Condition "hdr.ipv4.isValid()" (node_2) is false
[22:31:29.975] [bmv2] [D] [thread 6423] [18.0] [cxt 0] Pipeline 'ingress': end
[22:31:29.975] [bmv2] [D] [thread 6423] [18.0] [cxt 0] Egress port is 0
[22:31:29.978] [bmv2] [D] [thread 6424] [18.0] [cxt 0] Pipeline 'egress': start
[22:31:29.978] [bmv2] [D] [thread 6424] [18.0] [cxt 0] Pipeline 'egress': end
[22:31:29.978] [bmv2] [D] [thread 6424] [18.0] [cxt 0] Deparser 'deparser': start
[22:31:29.978] [bmv2] [T] [thread 6424] [18.0] [cxt 0] Skipping checksum 'cksum' update because condition not met
[22:31:29.978] [bmv2] [D] [thread 6424] [18.0] [cxt 0] Deparsing header 'ethernet'
[22:31:29.978] [bmv2] [D] [thread 6424] [18.0] [cxt 0] Deparser 'deparser': end
[22:31:29.979] [bmv2] [D] [thread 6428] [18.0] [cxt 0] Transmitting packet of size 70 out of port 0
[22:31:52.504] [bmv2] [D] [thread 6423] [19.0] [cxt 0] Processing packet received on port 1
[22:31:52.506] [bmv2] [D] [thread 6423] [19.0] [cxt 0] Parser 'parser': start
[22:31:52.506] [bmv2] [D] [thread 6423] [19.0] [cxt 0] Parser 'parser' entering state 'start'
[22:31:52.506] [bmv2] [D] [thread 6423] [19.0] [cxt 0] Extracting header 'ethernet'
[22:31:52.506] [bmv2] [D] [thread 6423] [19.0] [cxt 0] Parser state 'start': key is 86dd
[22:31:52.506] [bmv2] [T] [thread 6423] [19.0] [cxt 0] Bytes parsed: 14
[22:31:52.507] [bmv2] [D] [thread 6423] [19.0] [cxt 0] Parser 'parser': end
[22:31:52.507] [bmv2] [D] [thread 6423] [19.0] [cxt 0] Pipeline 'ingress': start
[22:31:52.507] [bmv2] [T] [thread 6423] [19.0] [cxt 0] qos.p4(197) Condition "hdr.ipv4.isValid()" (node_2) is false
[22:31:52.507] [bmv2] [D] [thread 6423] [19.0] [cxt 0] Pipeline 'ingress': end
[22:31:52.507] [bmv2] [D] [thread 6423] [19.0] [cxt 0] Egress port is 0
[22:31:52.509] [bmv2] [D] [thread 6424] [19.0] [cxt 0] Pipeline 'egress': start
[22:31:52.509] [bmv2] [D] [thread 6424] [19.0] [cxt 0] Pipeline 'egress': end
[22:31:52.510] [bmv2] [D] [thread 6424] [19.0] [cxt 0] Deparser 'deparser': start
[22:31:52.510] [bmv2] [T] [thread 6424] [19.0] [cxt 0] Skipping checksum 'cksum' update because condition not met
[22:31:52.510] [bmv2] [D] [thread 6424] [19.0] [cxt 0] Deparsing header 'ethernet'
[22:31:52.510] [bmv2] [D] [thread 6424] [19.0] [cxt 0] Deparser 'deparser': end
[22:31:52.510] [bmv2] [D] [thread 6428] [19.0] [cxt 0] Transmitting packet of size 70 out of port 0
[22:31:52.511] [bmv2] [D] [thread 6423] [20.0] [cxt 0] Processing packet received on port 2
[22:31:52.511] [bmv2] [D] [thread 6423] [20.0] [cxt 0] Parser 'parser': start
[22:31:52.511] [bmv2] [D] [thread 6423] [20.0] [cxt 0] Parser 'parser' entering state 'start'
[22:31:52.511] [bmv2] [D] [thread 6423] [20.0] [cxt 0] Extracting header 'ethernet'
[22:31:52.511] [bmv2] [D] [thread 6423] [20.0] [cxt 0] Parser state 'start': key is 86dd
[22:31:52.511] [bmv2] [T] [thread 6423] [20.0] [cxt 0] Bytes parsed: 14
[22:31:52.511] [bmv2] [D] [thread 6423] [20.0] [cxt 0] Parser 'parser': end
[22:31:52.511] [bmv2] [D] [thread 6423] [20.0] [cxt 0] Pipeline 'ingress': start
[22:31:52.511] [bmv2] [T] [thread 6423] [20.0] [cxt 0] qos.p4(197) Condition "hdr.ipv4.isValid()" (node_2) is false
[22:31:52.511] [bmv2] [D] [thread 6423] [20.0] [cxt 0] Pipeline 'ingress': end
[22:31:52.512] [bmv2] [D] [thread 6423] [20.0] [cxt 0] Egress port is 0
[22:31:52.512] [bmv2] [D] [thread 6424] [20.0] [cxt 0] Pipeline 'egress': start
[22:31:52.512] [bmv2] [D] [thread 6424] [20.0] [cxt 0] Pipeline 'egress': end
[22:31:52.512] [bmv2] [D] [thread 6424] [20.0] [cxt 0] Deparser 'deparser': start
[22:31:52.512] [bmv2] [T] [thread 6424] [20.0] [cxt 0] Skipping checksum 'cksum' update because condition not met
[22:31:52.512] [bmv2] [D] [thread 6424] [20.0] [cxt 0] Deparsing header 'ethernet'
[22:31:52.512] [bmv2] [D] [thread 6424] [20.0] [cxt 0] Deparser 'deparser': end
[22:31:52.512] [bmv2] [D] [thread 6428] [20.0] [cxt 0] Transmitting packet of size 70 out of port 0
[22:31:54.549] [bmv2] [D] [thread 6423] [21.0] [cxt 0] Processing packet received on port 4
[22:31:54.549] [bmv2] [D] [thread 6423] [21.0] [cxt 0] Parser 'parser': start
[22:31:54.549] [bmv2] [D] [thread 6423] [21.0] [cxt 0] Parser 'parser' entering state 'start'
[22:31:54.549] [bmv2] [D] [thread 6423] [21.0] [cxt 0] Extracting header 'ethernet'
[22:31:54.549] [bmv2] [D] [thread 6423] [21.0] [cxt 0] Parser state 'start': key is 86dd
[22:31:54.549] [bmv2] [T] [thread 6423] [21.0] [cxt 0] Bytes parsed: 14
[22:31:54.549] [bmv2] [D] [thread 6423] [21.0] [cxt 0] Parser 'parser': end
[22:31:54.549] [bmv2] [D] [thread 6423] [21.0] [cxt 0] Pipeline 'ingress': start
[22:31:54.549] [bmv2] [T] [thread 6423] [21.0] [cxt 0] qos.p4(197) Condition "hdr.ipv4.isValid()" (node_2) is false
[22:31:54.550] [bmv2] [D] [thread 6423] [21.0] [cxt 0] Pipeline 'ingress': end
[22:31:54.550] [bmv2] [D] [thread 6423] [21.0] [cxt 0] Egress port is 0
[22:31:54.550] [bmv2] [D] [thread 6424] [21.0] [cxt 0] Pipeline 'egress': start
[22:31:54.550] [bmv2] [D] [thread 6424] [21.0] [cxt 0] Pipeline 'egress': end
[22:31:54.550] [bmv2] [D] [thread 6424] [21.0] [cxt 0] Deparser 'deparser': start
[22:31:54.550] [bmv2] [T] [thread 6424] [21.0] [cxt 0] Skipping checksum 'cksum' update because condition not met
[22:31:54.550] [bmv2] [D] [thread 6424] [21.0] [cxt 0] Deparsing header 'ethernet'
[22:31:54.550] [bmv2] [D] [thread 6424] [21.0] [cxt 0] Deparser 'deparser': end
[22:31:54.550] [bmv2] [D] [thread 6428] [21.0] [cxt 0] Transmitting packet of size 70 out of port 0
[22:31:56.385] [bmv2] [D] [thread 6423] [22.0] [cxt 0] Processing packet received on port 3
[22:31:56.385] [bmv2] [D] [thread 6423] [22.0] [cxt 0] Parser 'parser': start
[22:31:56.385] [bmv2] [D] [thread 6423] [22.0] [cxt 0] Parser 'parser' entering state 'start'
[22:31:56.385] [bmv2] [D] [thread 6423] [22.0] [cxt 0] Extracting header 'ethernet'
[22:31:56.385] [bmv2] [D] [thread 6423] [22.0] [cxt 0] Parser state 'start': key is 8100
[22:31:56.385] [bmv2] [T] [thread 6423] [22.0] [cxt 0] Bytes parsed: 14
[22:31:56.385] [bmv2] [D] [thread 6423] [22.0] [cxt 0] Parser 'parser' entering state 'parse_vlan'
[22:31:56.385] [bmv2] [D] [thread 6423] [22.0] [cxt 0] Extracting header 'vlan'
[22:31:56.385] [bmv2] [D] [thread 6423] [22.0] [cxt 0] Parser state 'parse_vlan': key is 0800
[22:31:56.385] [bmv2] [T] [thread 6423] [22.0] [cxt 0] Bytes parsed: 18
[22:31:56.385] [bmv2] [D] [thread 6423] [22.0] [cxt 0] Parser 'parser' entering state 'parse_ipv4'
[22:31:56.385] [bmv2] [D] [thread 6423] [22.0] [cxt 0] Extracting header 'ipv4'
[22:31:56.385] [bmv2] [D] [thread 6423] [22.0] [cxt 0] Parser set: setting field 'scalars.tmp' from expression, new value is 1
[22:31:56.385] [bmv2] [D] [thread 6423] [22.0] [cxt 0] Parser state 'parse_ipv4': key is 05
[22:31:56.385] [bmv2] [T] [thread 6423] [22.0] [cxt 0] Bytes parsed: 38
[22:31:56.385] [bmv2] [D] [thread 6423] [22.0] [cxt 0] Parser 'parser': end
[22:31:56.385] [bmv2] [D] [thread 6423] [22.0] [cxt 0] Pipeline 'ingress': start
[22:31:56.385] [bmv2] [T] [thread 6423] [22.0] [cxt 0] qos.p4(197) Condition "hdr.ipv4.isValid()" (node_2) is true
[22:31:56.385] [bmv2] [T] [thread 6423] [22.0] [cxt 0] qos.p4(198) Condition "hdr.ipv4_option.isValid()" (node_3) is false
[22:31:56.385] [bmv2] [T] [thread 6423] [22.0] [cxt 0] Applying table 'MyIngress.ipv4_lpm'
[22:31:56.385] [bmv2] [D] [thread 6423] [22.0] [cxt 0] Looking up key:
* hdr.ipv4.dstAddr    : 0a000202

[22:31:56.385] [bmv2] [D] [thread 6423] [22.0] [cxt 0] Table 'MyIngress.ipv4_lpm': hit with handle 0
[22:31:56.385] [bmv2] [D] [thread 6423] [22.0] [cxt 0] Dumping entry 0
Match key:
* hdr.ipv4.dstAddr    : LPM       0a000202/32
Action entry: MyIngress.ipv4_forward - 80000000202,2,

[22:31:56.385] [bmv2] [D] [thread 6423] [22.0] [cxt 0] Action entry is MyIngress.ipv4_forward - 80000000202,2,
[22:31:56.385] [bmv2] [T] [thread 6423] [22.0] [cxt 0] Action MyIngress.ipv4_forward
[22:31:56.385] [bmv2] [T] [thread 6423] [22.0] [cxt 0] qos.p4(175) Primitive standard_metadata.egress_spec = port
[22:31:56.385] [bmv2] [T] [thread 6423] [22.0] [cxt 0] qos.p4(176) Primitive hdr.ethernet.srcAddr = hdr.ethernet.dstAddr
[22:31:56.385] [bmv2] [T] [thread 6423] [22.0] [cxt 0] qos.p4(177) Primitive hdr.ethernet.dstAddr = dstAddr
[22:31:56.385] [bmv2] [T] [thread 6423] [22.0] [cxt 0] qos.p4(178) Primitive hdr.ipv4.ttl = hdr.ipv4.ttl - 1
[22:31:56.385] [bmv2] [D] [thread 6423] [22.0] [cxt 0] Pipeline 'ingress': end
[22:31:56.385] [bmv2] [D] [thread 6423] [22.0] [cxt 0] Egress port is 2
[22:31:56.386] [bmv2] [D] [thread 6426] [22.0] [cxt 0] Pipeline 'egress': start
[22:31:56.386] [bmv2] [D] [thread 6426] [22.0] [cxt 0] Pipeline 'egress': end
[22:31:56.386] [bmv2] [D] [thread 6426] [22.0] [cxt 0] Deparser 'deparser': start
[22:31:56.386] [bmv2] [D] [thread 6426] [22.0] [cxt 0] Updating checksum 'cksum'
[22:31:56.386] [bmv2] [D] [thread 6426] [22.0] [cxt 0] Deparsing header 'ethernet'
[22:31:56.386] [bmv2] [D] [thread 6426] [22.0] [cxt 0] Deparsing header 'vlan'
[22:31:56.386] [bmv2] [D] [thread 6426] [22.0] [cxt 0] Deparsing header 'ipv4'
[22:31:56.386] [bmv2] [D] [thread 6426] [22.0] [cxt 0] Deparser 'deparser': end
[22:31:56.386] [bmv2] [D] [thread 6428] [22.0] [cxt 0] Transmitting packet of size 558 out of port 2
[22:31:56.519] [bmv2] [D] [thread 6423] [23.0] [cxt 0] Processing packet received on port 3
[22:31:56.519] [bmv2] [D] [thread 6423] [23.0] [cxt 0] Parser 'parser': start
[22:31:56.519] [bmv2] [D] [thread 6423] [23.0] [cxt 0] Parser 'parser' entering state 'start'
[22:31:56.519] [bmv2] [D] [thread 6423] [23.0] [cxt 0] Extracting header 'ethernet'
[22:31:56.519] [bmv2] [D] [thread 6423] [23.0] [cxt 0] Parser state 'start': key is 8100
[22:31:56.519] [bmv2] [T] [thread 6423] [23.0] [cxt 0] Bytes parsed: 14
[22:31:56.519] [bmv2] [D] [thread 6423] [23.0] [cxt 0] Parser 'parser' entering state 'parse_vlan'
[22:31:56.519] [bmv2] [D] [thread 6423] [23.0] [cxt 0] Extracting header 'vlan'
[22:31:56.519] [bmv2] [D] [thread 6423] [23.0] [cxt 0] Parser state 'parse_vlan': key is 0800
[22:31:56.519] [bmv2] [T] [thread 6423] [23.0] [cxt 0] Bytes parsed: 18
[22:31:56.519] [bmv2] [D] [thread 6423] [23.0] [cxt 0] Parser 'parser' entering state 'parse_ipv4'
[22:31:56.519] [bmv2] [D] [thread 6423] [23.0] [cxt 0] Extracting header 'ipv4'
[22:31:56.519] [bmv2] [D] [thread 6423] [23.0] [cxt 0] Parser set: setting field 'scalars.tmp' from expression, new value is 1
[22:31:56.519] [bmv2] [D] [thread 6423] [23.0] [cxt 0] Parser state 'parse_ipv4': key is 05
[22:31:56.519] [bmv2] [T] [thread 6423] [23.0] [cxt 0] Bytes parsed: 38
[22:31:56.519] [bmv2] [D] [thread 6423] [23.0] [cxt 0] Parser 'parser': end
[22:31:56.519] [bmv2] [D] [thread 6423] [23.0] [cxt 0] Pipeline 'ingress': start
[22:31:56.519] [bmv2] [T] [thread 6423] [23.0] [cxt 0] qos.p4(197) Condition "hdr.ipv4.isValid()" (node_2) is true
[22:31:56.519] [bmv2] [T] [thread 6423] [23.0] [cxt 0] qos.p4(198) Condition "hdr.ipv4_option.isValid()" (node_3) is false
[22:31:56.519] [bmv2] [T] [thread 6423] [23.0] [cxt 0] Applying table 'MyIngress.ipv4_lpm'
[22:31:56.520] [bmv2] [D] [thread 6423] [23.0] [cxt 0] Looking up key:
* hdr.ipv4.dstAddr    : 0a000202

[22:31:56.520] [bmv2] [D] [thread 6423] [23.0] [cxt 0] Table 'MyIngress.ipv4_lpm': hit with handle 0
[22:31:56.520] [bmv2] [D] [thread 6423] [23.0] [cxt 0] Dumping entry 0
Match key:
* hdr.ipv4.dstAddr    : LPM       0a000202/32
Action entry: MyIngress.ipv4_forward - 80000000202,2,

[22:31:56.520] [bmv2] [D] [thread 6423] [23.0] [cxt 0] Action entry is MyIngress.ipv4_forward - 80000000202,2,
[22:31:56.520] [bmv2] [T] [thread 6423] [23.0] [cxt 0] Action MyIngress.ipv4_forward
[22:31:56.520] [bmv2] [T] [thread 6423] [23.0] [cxt 0] qos.p4(175) Primitive standard_metadata.egress_spec = port
[22:31:56.520] [bmv2] [T] [thread 6423] [23.0] [cxt 0] qos.p4(176) Primitive hdr.ethernet.srcAddr = hdr.ethernet.dstAddr
[22:31:56.520] [bmv2] [T] [thread 6423] [23.0] [cxt 0] qos.p4(177) Primitive hdr.ethernet.dstAddr = dstAddr
[22:31:56.520] [bmv2] [T] [thread 6423] [23.0] [cxt 0] qos.p4(178) Primitive hdr.ipv4.ttl = hdr.ipv4.ttl - 1
[22:31:56.520] [bmv2] [D] [thread 6423] [23.0] [cxt 0] Pipeline 'ingress': end
[22:31:56.520] [bmv2] [D] [thread 6423] [23.0] [cxt 0] Egress port is 2
[22:31:56.520] [bmv2] [D] [thread 6426] [23.0] [cxt 0] Pipeline 'egress': start
[22:31:56.520] [bmv2] [D] [thread 6426] [23.0] [cxt 0] Pipeline 'egress': end
[22:31:56.520] [bmv2] [D] [thread 6426] [23.0] [cxt 0] Deparser 'deparser': start
[22:31:56.520] [bmv2] [D] [thread 6426] [23.0] [cxt 0] Updating checksum 'cksum'
[22:31:56.520] [bmv2] [D] [thread 6426] [23.0] [cxt 0] Deparsing header 'ethernet'
[22:31:56.520] [bmv2] [D] [thread 6426] [23.0] [cxt 0] Deparsing header 'vlan'
[22:31:56.520] [bmv2] [D] [thread 6426] [23.0] [cxt 0] Deparsing header 'ipv4'
[22:31:56.520] [bmv2] [D] [thread 6426] [23.0] [cxt 0] Deparser 'deparser': end
[22:31:56.520] [bmv2] [D] [thread 6428] [23.0] [cxt 0] Transmitting packet of size 558 out of port 2
[22:31:56.598] [bmv2] [D] [thread 6423] [24.0] [cxt 0] Processing packet received on port 3
[22:31:56.598] [bmv2] [D] [thread 6423] [24.0] [cxt 0] Parser 'parser': start
[22:31:56.598] [bmv2] [D] [thread 6423] [24.0] [cxt 0] Parser 'parser' entering state 'start'
[22:31:56.598] [bmv2] [D] [thread 6423] [24.0] [cxt 0] Extracting header 'ethernet'
[22:31:56.598] [bmv2] [D] [thread 6423] [24.0] [cxt 0] Parser state 'start': key is 86dd
[22:31:56.598] [bmv2] [T] [thread 6423] [24.0] [cxt 0] Bytes parsed: 14
[22:31:56.598] [bmv2] [D] [thread 6423] [24.0] [cxt 0] Parser 'parser': end
[22:31:56.598] [bmv2] [D] [thread 6423] [24.0] [cxt 0] Pipeline 'ingress': start
[22:31:56.598] [bmv2] [T] [thread 6423] [24.0] [cxt 0] qos.p4(197) Condition "hdr.ipv4.isValid()" (node_2) is false
[22:31:56.598] [bmv2] [D] [thread 6423] [24.0] [cxt 0] Pipeline 'ingress': end
[22:31:56.598] [bmv2] [D] [thread 6423] [24.0] [cxt 0] Egress port is 0
[22:31:56.599] [bmv2] [D] [thread 6424] [24.0] [cxt 0] Pipeline 'egress': start
[22:31:56.599] [bmv2] [D] [thread 6424] [24.0] [cxt 0] Pipeline 'egress': end
[22:31:56.599] [bmv2] [D] [thread 6424] [24.0] [cxt 0] Deparser 'deparser': start
[22:31:56.599] [bmv2] [T] [thread 6424] [24.0] [cxt 0] Skipping checksum 'cksum' update because condition not met
[22:31:56.599] [bmv2] [D] [thread 6424] [24.0] [cxt 0] Deparsing header 'ethernet'
[22:31:56.599] [bmv2] [D] [thread 6424] [24.0] [cxt 0] Deparser 'deparser': end
[22:31:56.599] [bmv2] [D] [thread 6428] [24.0] [cxt 0] Transmitting packet of size 70 out of port 0
[22:31:56.646] [bmv2] [D] [thread 6423] [25.0] [cxt 0] Processing packet received on port 3
[22:31:56.646] [bmv2] [D] [thread 6423] [25.0] [cxt 0] Parser 'parser': start
[22:31:56.646] [bmv2] [D] [thread 6423] [25.0] [cxt 0] Parser 'parser' entering state 'start'
[22:31:56.646] [bmv2] [D] [thread 6423] [25.0] [cxt 0] Extracting header 'ethernet'
[22:31:56.646] [bmv2] [D] [thread 6423] [25.0] [cxt 0] Parser state 'start': key is 8100
[22:31:56.646] [bmv2] [T] [thread 6423] [25.0] [cxt 0] Bytes parsed: 14
[22:31:56.646] [bmv2] [D] [thread 6423] [25.0] [cxt 0] Parser 'parser' entering state 'parse_vlan'
[22:31:56.646] [bmv2] [D] [thread 6423] [25.0] [cxt 0] Extracting header 'vlan'
[22:31:56.646] [bmv2] [D] [thread 6423] [25.0] [cxt 0] Parser state 'parse_vlan': key is 0800
[22:31:56.646] [bmv2] [T] [thread 6423] [25.0] [cxt 0] Bytes parsed: 18
[22:31:56.646] [bmv2] [D] [thread 6423] [25.0] [cxt 0] Parser 'parser' entering state 'parse_ipv4'
[22:31:56.646] [bmv2] [D] [thread 6423] [25.0] [cxt 0] Extracting header 'ipv4'
[22:31:56.646] [bmv2] [D] [thread 6423] [25.0] [cxt 0] Parser set: setting field 'scalars.tmp' from expression, new value is 1
[22:31:56.646] [bmv2] [D] [thread 6423] [25.0] [cxt 0] Parser state 'parse_ipv4': key is 05
[22:31:56.646] [bmv2] [T] [thread 6423] [25.0] [cxt 0] Bytes parsed: 38
[22:31:56.646] [bmv2] [D] [thread 6423] [25.0] [cxt 0] Parser 'parser': end
[22:31:56.646] [bmv2] [D] [thread 6423] [25.0] [cxt 0] Pipeline 'ingress': start
[22:31:56.646] [bmv2] [T] [thread 6423] [25.0] [cxt 0] qos.p4(197) Condition "hdr.ipv4.isValid()" (node_2) is true
[22:31:56.646] [bmv2] [T] [thread 6423] [25.0] [cxt 0] qos.p4(198) Condition "hdr.ipv4_option.isValid()" (node_3) is false
[22:31:56.646] [bmv2] [T] [thread 6423] [25.0] [cxt 0] Applying table 'MyIngress.ipv4_lpm'
[22:31:56.647] [bmv2] [D] [thread 6423] [25.0] [cxt 0] Looking up key:
* hdr.ipv4.dstAddr    : 0a000202

[22:31:56.647] [bmv2] [D] [thread 6423] [25.0] [cxt 0] Table 'MyIngress.ipv4_lpm': hit with handle 0
[22:31:56.647] [bmv2] [D] [thread 6423] [25.0] [cxt 0] Dumping entry 0
Match key:
* hdr.ipv4.dstAddr    : LPM       0a000202/32
Action entry: MyIngress.ipv4_forward - 80000000202,2,

[22:31:56.647] [bmv2] [D] [thread 6423] [25.0] [cxt 0] Action entry is MyIngress.ipv4_forward - 80000000202,2,
[22:31:56.647] [bmv2] [T] [thread 6423] [25.0] [cxt 0] Action MyIngress.ipv4_forward
[22:31:56.647] [bmv2] [T] [thread 6423] [25.0] [cxt 0] qos.p4(175) Primitive standard_metadata.egress_spec = port
[22:31:56.647] [bmv2] [T] [thread 6423] [25.0] [cxt 0] qos.p4(176) Primitive hdr.ethernet.srcAddr = hdr.ethernet.dstAddr
[22:31:56.647] [bmv2] [T] [thread 6423] [25.0] [cxt 0] qos.p4(177) Primitive hdr.ethernet.dstAddr = dstAddr
[22:31:56.647] [bmv2] [T] [thread 6423] [25.0] [cxt 0] qos.p4(178) Primitive hdr.ipv4.ttl = hdr.ipv4.ttl - 1
[22:31:56.647] [bmv2] [D] [thread 6423] [25.0] [cxt 0] Pipeline 'ingress': end
[22:31:56.647] [bmv2] [D] [thread 6423] [25.0] [cxt 0] Egress port is 2
[22:31:56.647] [bmv2] [D] [thread 6426] [25.0] [cxt 0] Pipeline 'egress': start
[22:31:56.647] [bmv2] [D] [thread 6426] [25.0] [cxt 0] Pipeline 'egress': end
[22:31:56.647] [bmv2] [D] [thread 6426] [25.0] [cxt 0] Deparser 'deparser': start
[22:31:56.647] [bmv2] [D] [thread 6426] [25.0] [cxt 0] Updating checksum 'cksum'
[22:31:56.647] [bmv2] [D] [thread 6426] [25.0] [cxt 0] Deparsing header 'ethernet'
[22:31:56.647] [bmv2] [D] [thread 6426] [25.0] [cxt 0] Deparsing header 'vlan'
[22:31:56.647] [bmv2] [D] [thread 6426] [25.0] [cxt 0] Deparsing header 'ipv4'
[22:31:56.647] [bmv2] [D] [thread 6426] [25.0] [cxt 0] Deparser 'deparser': end
[22:31:56.647] [bmv2] [D] [thread 6428] [25.0] [cxt 0] Transmitting packet of size 558 out of port 2
[22:31:56.771] [bmv2] [D] [thread 6423] [26.0] [cxt 0] Processing packet received on port 3
[22:31:56.771] [bmv2] [D] [thread 6423] [26.0] [cxt 0] Parser 'parser': start
[22:31:56.771] [bmv2] [D] [thread 6423] [26.0] [cxt 0] Parser 'parser' entering state 'start'
[22:31:56.771] [bmv2] [D] [thread 6423] [26.0] [cxt 0] Extracting header 'ethernet'
[22:31:56.771] [bmv2] [D] [thread 6423] [26.0] [cxt 0] Parser state 'start': key is 8100
[22:31:56.771] [bmv2] [T] [thread 6423] [26.0] [cxt 0] Bytes parsed: 14
[22:31:56.771] [bmv2] [D] [thread 6423] [26.0] [cxt 0] Parser 'parser' entering state 'parse_vlan'
[22:31:56.771] [bmv2] [D] [thread 6423] [26.0] [cxt 0] Extracting header 'vlan'
[22:31:56.771] [bmv2] [D] [thread 6423] [26.0] [cxt 0] Parser state 'parse_vlan': key is 0800
[22:31:56.771] [bmv2] [T] [thread 6423] [26.0] [cxt 0] Bytes parsed: 18
[22:31:56.771] [bmv2] [D] [thread 6423] [26.0] [cxt 0] Parser 'parser' entering state 'parse_ipv4'
[22:31:56.771] [bmv2] [D] [thread 6423] [26.0] [cxt 0] Extracting header 'ipv4'
[22:31:56.771] [bmv2] [D] [thread 6423] [26.0] [cxt 0] Parser set: setting field 'scalars.tmp' from expression, new value is 1
[22:31:56.771] [bmv2] [D] [thread 6423] [26.0] [cxt 0] Parser state 'parse_ipv4': key is 05
[22:31:56.771] [bmv2] [T] [thread 6423] [26.0] [cxt 0] Bytes parsed: 38
[22:31:56.771] [bmv2] [D] [thread 6423] [26.0] [cxt 0] Parser 'parser': end
[22:31:56.771] [bmv2] [D] [thread 6423] [26.0] [cxt 0] Pipeline 'ingress': start
[22:31:56.771] [bmv2] [T] [thread 6423] [26.0] [cxt 0] qos.p4(197) Condition "hdr.ipv4.isValid()" (node_2) is true
[22:31:56.771] [bmv2] [T] [thread 6423] [26.0] [cxt 0] qos.p4(198) Condition "hdr.ipv4_option.isValid()" (node_3) is false
[22:31:56.771] [bmv2] [T] [thread 6423] [26.0] [cxt 0] Applying table 'MyIngress.ipv4_lpm'
[22:31:56.771] [bmv2] [D] [thread 6423] [26.0] [cxt 0] Looking up key:
* hdr.ipv4.dstAddr    : 0a000202

[22:31:56.771] [bmv2] [D] [thread 6423] [26.0] [cxt 0] Table 'MyIngress.ipv4_lpm': hit with handle 0
[22:31:56.771] [bmv2] [D] [thread 6423] [26.0] [cxt 0] Dumping entry 0
Match key:
* hdr.ipv4.dstAddr    : LPM       0a000202/32
Action entry: MyIngress.ipv4_forward - 80000000202,2,

[22:31:56.771] [bmv2] [D] [thread 6423] [26.0] [cxt 0] Action entry is MyIngress.ipv4_forward - 80000000202,2,
[22:31:56.771] [bmv2] [T] [thread 6423] [26.0] [cxt 0] Action MyIngress.ipv4_forward
[22:31:56.772] [bmv2] [T] [thread 6423] [26.0] [cxt 0] qos.p4(175) Primitive standard_metadata.egress_spec = port
[22:31:56.772] [bmv2] [T] [thread 6423] [26.0] [cxt 0] qos.p4(176) Primitive hdr.ethernet.srcAddr = hdr.ethernet.dstAddr
[22:31:56.772] [bmv2] [T] [thread 6423] [26.0] [cxt 0] qos.p4(177) Primitive hdr.ethernet.dstAddr = dstAddr
[22:31:56.772] [bmv2] [T] [thread 6423] [26.0] [cxt 0] qos.p4(178) Primitive hdr.ipv4.ttl = hdr.ipv4.ttl - 1
[22:31:56.772] [bmv2] [D] [thread 6423] [26.0] [cxt 0] Pipeline 'ingress': end
[22:31:56.772] [bmv2] [D] [thread 6423] [26.0] [cxt 0] Egress port is 2
[22:31:56.772] [bmv2] [D] [thread 6426] [26.0] [cxt 0] Pipeline 'egress': start
[22:31:56.772] [bmv2] [D] [thread 6426] [26.0] [cxt 0] Pipeline 'egress': end
[22:31:56.772] [bmv2] [D] [thread 6426] [26.0] [cxt 0] Deparser 'deparser': start
[22:31:56.772] [bmv2] [D] [thread 6426] [26.0] [cxt 0] Updating checksum 'cksum'
[22:31:56.772] [bmv2] [D] [thread 6426] [26.0] [cxt 0] Deparsing header 'ethernet'
[22:31:56.772] [bmv2] [D] [thread 6426] [26.0] [cxt 0] Deparsing header 'vlan'
[22:31:56.772] [bmv2] [D] [thread 6426] [26.0] [cxt 0] Deparsing header 'ipv4'
[22:31:56.772] [bmv2] [D] [thread 6426] [26.0] [cxt 0] Deparser 'deparser': end
[22:31:56.772] [bmv2] [D] [thread 6428] [26.0] [cxt 0] Transmitting packet of size 558 out of port 2
[22:31:56.898] [bmv2] [D] [thread 6423] [27.0] [cxt 0] Processing packet received on port 3
[22:31:56.898] [bmv2] [D] [thread 6423] [27.0] [cxt 0] Parser 'parser': start
[22:31:56.898] [bmv2] [D] [thread 6423] [27.0] [cxt 0] Parser 'parser' entering state 'start'
[22:31:56.898] [bmv2] [D] [thread 6423] [27.0] [cxt 0] Extracting header 'ethernet'
[22:31:56.898] [bmv2] [D] [thread 6423] [27.0] [cxt 0] Parser state 'start': key is 8100
[22:31:56.898] [bmv2] [T] [thread 6423] [27.0] [cxt 0] Bytes parsed: 14
[22:31:56.898] [bmv2] [D] [thread 6423] [27.0] [cxt 0] Parser 'parser' entering state 'parse_vlan'
[22:31:56.898] [bmv2] [D] [thread 6423] [27.0] [cxt 0] Extracting header 'vlan'
[22:31:56.898] [bmv2] [D] [thread 6423] [27.0] [cxt 0] Parser state 'parse_vlan': key is 0800
[22:31:56.898] [bmv2] [T] [thread 6423] [27.0] [cxt 0] Bytes parsed: 18
[22:31:56.898] [bmv2] [D] [thread 6423] [27.0] [cxt 0] Parser 'parser' entering state 'parse_ipv4'
[22:31:56.898] [bmv2] [D] [thread 6423] [27.0] [cxt 0] Extracting header 'ipv4'
[22:31:56.898] [bmv2] [D] [thread 6423] [27.0] [cxt 0] Parser set: setting field 'scalars.tmp' from expression, new value is 1
[22:31:56.898] [bmv2] [D] [thread 6423] [27.0] [cxt 0] Parser state 'parse_ipv4': key is 05
[22:31:56.898] [bmv2] [T] [thread 6423] [27.0] [cxt 0] Bytes parsed: 38
[22:31:56.898] [bmv2] [D] [thread 6423] [27.0] [cxt 0] Parser 'parser': end
[22:31:56.899] [bmv2] [D] [thread 6423] [27.0] [cxt 0] Pipeline 'ingress': start
[22:31:56.899] [bmv2] [T] [thread 6423] [27.0] [cxt 0] qos.p4(197) Condition "hdr.ipv4.isValid()" (node_2) is true
[22:31:56.899] [bmv2] [T] [thread 6423] [27.0] [cxt 0] qos.p4(198) Condition "hdr.ipv4_option.isValid()" (node_3) is false
[22:31:56.899] [bmv2] [T] [thread 6423] [27.0] [cxt 0] Applying table 'MyIngress.ipv4_lpm'
[22:31:56.899] [bmv2] [D] [thread 6423] [27.0] [cxt 0] Looking up key:
* hdr.ipv4.dstAddr    : 0a000202

[22:31:56.899] [bmv2] [D] [thread 6423] [27.0] [cxt 0] Table 'MyIngress.ipv4_lpm': hit with handle 0
[22:31:56.899] [bmv2] [D] [thread 6423] [27.0] [cxt 0] Dumping entry 0
Match key:
* hdr.ipv4.dstAddr    : LPM       0a000202/32
Action entry: MyIngress.ipv4_forward - 80000000202,2,

[22:31:56.899] [bmv2] [D] [thread 6423] [27.0] [cxt 0] Action entry is MyIngress.ipv4_forward - 80000000202,2,
[22:31:56.899] [bmv2] [T] [thread 6423] [27.0] [cxt 0] Action MyIngress.ipv4_forward
[22:31:56.899] [bmv2] [T] [thread 6423] [27.0] [cxt 0] qos.p4(175) Primitive standard_metadata.egress_spec = port
[22:31:56.899] [bmv2] [T] [thread 6423] [27.0] [cxt 0] qos.p4(176) Primitive hdr.ethernet.srcAddr = hdr.ethernet.dstAddr
[22:31:56.899] [bmv2] [T] [thread 6423] [27.0] [cxt 0] qos.p4(177) Primitive hdr.ethernet.dstAddr = dstAddr
[22:31:56.899] [bmv2] [T] [thread 6423] [27.0] [cxt 0] qos.p4(178) Primitive hdr.ipv4.ttl = hdr.ipv4.ttl - 1
[22:31:56.899] [bmv2] [D] [thread 6423] [27.0] [cxt 0] Pipeline 'ingress': end
[22:31:56.899] [bmv2] [D] [thread 6423] [27.0] [cxt 0] Egress port is 2
[22:31:56.899] [bmv2] [D] [thread 6426] [27.0] [cxt 0] Pipeline 'egress': start
[22:31:56.899] [bmv2] [D] [thread 6426] [27.0] [cxt 0] Pipeline 'egress': end
[22:31:56.899] [bmv2] [D] [thread 6426] [27.0] [cxt 0] Deparser 'deparser': start
[22:31:56.899] [bmv2] [D] [thread 6426] [27.0] [cxt 0] Updating checksum 'cksum'
[22:31:56.899] [bmv2] [D] [thread 6426] [27.0] [cxt 0] Deparsing header 'ethernet'
[22:31:56.899] [bmv2] [D] [thread 6426] [27.0] [cxt 0] Deparsing header 'vlan'
[22:31:56.899] [bmv2] [D] [thread 6426] [27.0] [cxt 0] Deparsing header 'ipv4'
[22:31:56.899] [bmv2] [D] [thread 6426] [27.0] [cxt 0] Deparser 'deparser': end
[22:31:56.899] [bmv2] [D] [thread 6428] [27.0] [cxt 0] Transmitting packet of size 558 out of port 2
[22:31:57.028] [bmv2] [D] [thread 6423] [28.0] [cxt 0] Processing packet received on port 3
[22:31:57.028] [bmv2] [D] [thread 6423] [28.0] [cxt 0] Parser 'parser': start
[22:31:57.028] [bmv2] [D] [thread 6423] [28.0] [cxt 0] Parser 'parser' entering state 'start'
[22:31:57.028] [bmv2] [D] [thread 6423] [28.0] [cxt 0] Extracting header 'ethernet'
[22:31:57.028] [bmv2] [D] [thread 6423] [28.0] [cxt 0] Parser state 'start': key is 8100
[22:31:57.028] [bmv2] [T] [thread 6423] [28.0] [cxt 0] Bytes parsed: 14
[22:31:57.028] [bmv2] [D] [thread 6423] [28.0] [cxt 0] Parser 'parser' entering state 'parse_vlan'
[22:31:57.028] [bmv2] [D] [thread 6423] [28.0] [cxt 0] Extracting header 'vlan'
[22:31:57.028] [bmv2] [D] [thread 6423] [28.0] [cxt 0] Parser state 'parse_vlan': key is 0800
[22:31:57.028] [bmv2] [T] [thread 6423] [28.0] [cxt 0] Bytes parsed: 18
[22:31:57.028] [bmv2] [D] [thread 6423] [28.0] [cxt 0] Parser 'parser' entering state 'parse_ipv4'
[22:31:57.029] [bmv2] [D] [thread 6423] [28.0] [cxt 0] Extracting header 'ipv4'
[22:31:57.029] [bmv2] [D] [thread 6423] [28.0] [cxt 0] Parser set: setting field 'scalars.tmp' from expression, new value is 1
[22:31:57.029] [bmv2] [D] [thread 6423] [28.0] [cxt 0] Parser state 'parse_ipv4': key is 05
[22:31:57.029] [bmv2] [T] [thread 6423] [28.0] [cxt 0] Bytes parsed: 38
[22:31:57.029] [bmv2] [D] [thread 6423] [28.0] [cxt 0] Parser 'parser': end
[22:31:57.029] [bmv2] [D] [thread 6423] [28.0] [cxt 0] Pipeline 'ingress': start
[22:31:57.029] [bmv2] [T] [thread 6423] [28.0] [cxt 0] qos.p4(197) Condition "hdr.ipv4.isValid()" (node_2) is true
[22:31:57.029] [bmv2] [T] [thread 6423] [28.0] [cxt 0] qos.p4(198) Condition "hdr.ipv4_option.isValid()" (node_3) is false
[22:31:57.029] [bmv2] [T] [thread 6423] [28.0] [cxt 0] Applying table 'MyIngress.ipv4_lpm'
[22:31:57.029] [bmv2] [D] [thread 6423] [28.0] [cxt 0] Looking up key:
* hdr.ipv4.dstAddr    : 0a000202

[22:31:57.029] [bmv2] [D] [thread 6423] [28.0] [cxt 0] Table 'MyIngress.ipv4_lpm': hit with handle 0
[22:31:57.029] [bmv2] [D] [thread 6423] [28.0] [cxt 0] Dumping entry 0
Match key:
* hdr.ipv4.dstAddr    : LPM       0a000202/32
Action entry: MyIngress.ipv4_forward - 80000000202,2,

[22:31:57.029] [bmv2] [D] [thread 6423] [28.0] [cxt 0] Action entry is MyIngress.ipv4_forward - 80000000202,2,
[22:31:57.029] [bmv2] [T] [thread 6423] [28.0] [cxt 0] Action MyIngress.ipv4_forward
[22:31:57.029] [bmv2] [T] [thread 6423] [28.0] [cxt 0] qos.p4(175) Primitive standard_metadata.egress_spec = port
[22:31:57.029] [bmv2] [T] [thread 6423] [28.0] [cxt 0] qos.p4(176) Primitive hdr.ethernet.srcAddr = hdr.ethernet.dstAddr
[22:31:57.029] [bmv2] [T] [thread 6423] [28.0] [cxt 0] qos.p4(177) Primitive hdr.ethernet.dstAddr = dstAddr
[22:31:57.029] [bmv2] [T] [thread 6423] [28.0] [cxt 0] qos.p4(178) Primitive hdr.ipv4.ttl = hdr.ipv4.ttl - 1
[22:31:57.029] [bmv2] [D] [thread 6423] [28.0] [cxt 0] Pipeline 'ingress': end
[22:31:57.029] [bmv2] [D] [thread 6423] [28.0] [cxt 0] Egress port is 2
[22:31:57.029] [bmv2] [D] [thread 6426] [28.0] [cxt 0] Pipeline 'egress': start
[22:31:57.029] [bmv2] [D] [thread 6426] [28.0] [cxt 0] Pipeline 'egress': end
[22:31:57.029] [bmv2] [D] [thread 6426] [28.0] [cxt 0] Deparser 'deparser': start
[22:31:57.029] [bmv2] [D] [thread 6426] [28.0] [cxt 0] Updating checksum 'cksum'
[22:31:57.029] [bmv2] [D] [thread 6426] [28.0] [cxt 0] Deparsing header 'ethernet'
[22:31:57.029] [bmv2] [D] [thread 6426] [28.0] [cxt 0] Deparsing header 'vlan'
[22:31:57.029] [bmv2] [D] [thread 6426] [28.0] [cxt 0] Deparsing header 'ipv4'
[22:31:57.030] [bmv2] [D] [thread 6426] [28.0] [cxt 0] Deparser 'deparser': end
[22:31:57.030] [bmv2] [D] [thread 6428] [28.0] [cxt 0] Transmitting packet of size 558 out of port 2
[22:31:57.153] [bmv2] [D] [thread 6423] [29.0] [cxt 0] Processing packet received on port 3
[22:31:57.153] [bmv2] [D] [thread 6423] [29.0] [cxt 0] Parser 'parser': start
[22:31:57.153] [bmv2] [D] [thread 6423] [29.0] [cxt 0] Parser 'parser' entering state 'start'
[22:31:57.153] [bmv2] [D] [thread 6423] [29.0] [cxt 0] Extracting header 'ethernet'
[22:31:57.153] [bmv2] [D] [thread 6423] [29.0] [cxt 0] Parser state 'start': key is 8100
[22:31:57.153] [bmv2] [T] [thread 6423] [29.0] [cxt 0] Bytes parsed: 14
[22:31:57.153] [bmv2] [D] [thread 6423] [29.0] [cxt 0] Parser 'parser' entering state 'parse_vlan'
[22:31:57.153] [bmv2] [D] [thread 6423] [29.0] [cxt 0] Extracting header 'vlan'
[22:31:57.153] [bmv2] [D] [thread 6423] [29.0] [cxt 0] Parser state 'parse_vlan': key is 0800
[22:31:57.153] [bmv2] [T] [thread 6423] [29.0] [cxt 0] Bytes parsed: 18
[22:31:57.153] [bmv2] [D] [thread 6423] [29.0] [cxt 0] Parser 'parser' entering state 'parse_ipv4'
[22:31:57.153] [bmv2] [D] [thread 6423] [29.0] [cxt 0] Extracting header 'ipv4'
[22:31:57.153] [bmv2] [D] [thread 6423] [29.0] [cxt 0] Parser set: setting field 'scalars.tmp' from expression, new value is 1
[22:31:57.153] [bmv2] [D] [thread 6423] [29.0] [cxt 0] Parser state 'parse_ipv4': key is 05
[22:31:57.153] [bmv2] [T] [thread 6423] [29.0] [cxt 0] Bytes parsed: 38
[22:31:57.153] [bmv2] [D] [thread 6423] [29.0] [cxt 0] Parser 'parser': end
[22:31:57.153] [bmv2] [D] [thread 6423] [29.0] [cxt 0] Pipeline 'ingress': start
[22:31:57.153] [bmv2] [T] [thread 6423] [29.0] [cxt 0] qos.p4(197) Condition "hdr.ipv4.isValid()" (node_2) is true
[22:31:57.153] [bmv2] [T] [thread 6423] [29.0] [cxt 0] qos.p4(198) Condition "hdr.ipv4_option.isValid()" (node_3) is false
[22:31:57.153] [bmv2] [T] [thread 6423] [29.0] [cxt 0] Applying table 'MyIngress.ipv4_lpm'
[22:31:57.153] [bmv2] [D] [thread 6423] [29.0] [cxt 0] Looking up key:
* hdr.ipv4.dstAddr    : 0a000202

[22:31:57.153] [bmv2] [D] [thread 6423] [29.0] [cxt 0] Table 'MyIngress.ipv4_lpm': hit with handle 0
[22:31:57.153] [bmv2] [D] [thread 6423] [29.0] [cxt 0] Dumping entry 0
Match key:
* hdr.ipv4.dstAddr    : LPM       0a000202/32
Action entry: MyIngress.ipv4_forward - 80000000202,2,

[22:31:57.154] [bmv2] [D] [thread 6423] [29.0] [cxt 0] Action entry is MyIngress.ipv4_forward - 80000000202,2,
[22:31:57.154] [bmv2] [T] [thread 6423] [29.0] [cxt 0] Action MyIngress.ipv4_forward
[22:31:57.154] [bmv2] [T] [thread 6423] [29.0] [cxt 0] qos.p4(175) Primitive standard_metadata.egress_spec = port
[22:31:57.154] [bmv2] [T] [thread 6423] [29.0] [cxt 0] qos.p4(176) Primitive hdr.ethernet.srcAddr = hdr.ethernet.dstAddr
[22:31:57.154] [bmv2] [T] [thread 6423] [29.0] [cxt 0] qos.p4(177) Primitive hdr.ethernet.dstAddr = dstAddr
[22:31:57.154] [bmv2] [T] [thread 6423] [29.0] [cxt 0] qos.p4(178) Primitive hdr.ipv4.ttl = hdr.ipv4.ttl - 1
[22:31:57.154] [bmv2] [D] [thread 6423] [29.0] [cxt 0] Pipeline 'ingress': end
[22:31:57.154] [bmv2] [D] [thread 6423] [29.0] [cxt 0] Egress port is 2
[22:31:57.154] [bmv2] [D] [thread 6426] [29.0] [cxt 0] Pipeline 'egress': start
[22:31:57.154] [bmv2] [D] [thread 6426] [29.0] [cxt 0] Pipeline 'egress': end
[22:31:57.154] [bmv2] [D] [thread 6426] [29.0] [cxt 0] Deparser 'deparser': start
[22:31:57.154] [bmv2] [D] [thread 6426] [29.0] [cxt 0] Updating checksum 'cksum'
[22:31:57.154] [bmv2] [D] [thread 6426] [29.0] [cxt 0] Deparsing header 'ethernet'
[22:31:57.154] [bmv2] [D] [thread 6426] [29.0] [cxt 0] Deparsing header 'vlan'
[22:31:57.154] [bmv2] [D] [thread 6426] [29.0] [cxt 0] Deparsing header 'ipv4'
[22:31:57.154] [bmv2] [D] [thread 6426] [29.0] [cxt 0] Deparser 'deparser': end
[22:31:57.154] [bmv2] [D] [thread 6428] [29.0] [cxt 0] Transmitting packet of size 558 out of port 2
[22:31:57.279] [bmv2] [D] [thread 6423] [30.0] [cxt 0] Processing packet received on port 3
[22:31:57.279] [bmv2] [D] [thread 6423] [30.0] [cxt 0] Parser 'parser': start
[22:31:57.279] [bmv2] [D] [thread 6423] [30.0] [cxt 0] Parser 'parser' entering state 'start'
[22:31:57.279] [bmv2] [D] [thread 6423] [30.0] [cxt 0] Extracting header 'ethernet'
[22:31:57.279] [bmv2] [D] [thread 6423] [30.0] [cxt 0] Parser state 'start': key is 8100
[22:31:57.279] [bmv2] [T] [thread 6423] [30.0] [cxt 0] Bytes parsed: 14
[22:31:57.279] [bmv2] [D] [thread 6423] [30.0] [cxt 0] Parser 'parser' entering state 'parse_vlan'
[22:31:57.279] [bmv2] [D] [thread 6423] [30.0] [cxt 0] Extracting header 'vlan'
[22:31:57.279] [bmv2] [D] [thread 6423] [30.0] [cxt 0] Parser state 'parse_vlan': key is 0800
[22:31:57.279] [bmv2] [T] [thread 6423] [30.0] [cxt 0] Bytes parsed: 18
[22:31:57.279] [bmv2] [D] [thread 6423] [30.0] [cxt 0] Parser 'parser' entering state 'parse_ipv4'
[22:31:57.279] [bmv2] [D] [thread 6423] [30.0] [cxt 0] Extracting header 'ipv4'
[22:31:57.279] [bmv2] [D] [thread 6423] [30.0] [cxt 0] Parser set: setting field 'scalars.tmp' from expression, new value is 1
[22:31:57.279] [bmv2] [D] [thread 6423] [30.0] [cxt 0] Parser state 'parse_ipv4': key is 05
[22:31:57.279] [bmv2] [T] [thread 6423] [30.0] [cxt 0] Bytes parsed: 38
[22:31:57.280] [bmv2] [D] [thread 6423] [30.0] [cxt 0] Parser 'parser': end
[22:31:57.280] [bmv2] [D] [thread 6423] [30.0] [cxt 0] Pipeline 'ingress': start
[22:31:57.280] [bmv2] [T] [thread 6423] [30.0] [cxt 0] qos.p4(197) Condition "hdr.ipv4.isValid()" (node_2) is true
[22:31:57.280] [bmv2] [T] [thread 6423] [30.0] [cxt 0] qos.p4(198) Condition "hdr.ipv4_option.isValid()" (node_3) is false
[22:31:57.280] [bmv2] [T] [thread 6423] [30.0] [cxt 0] Applying table 'MyIngress.ipv4_lpm'
[22:31:57.280] [bmv2] [D] [thread 6423] [30.0] [cxt 0] Looking up key:
* hdr.ipv4.dstAddr    : 0a000202

[22:31:57.280] [bmv2] [D] [thread 6423] [30.0] [cxt 0] Table 'MyIngress.ipv4_lpm': hit with handle 0
[22:31:57.280] [bmv2] [D] [thread 6423] [30.0] [cxt 0] Dumping entry 0
Match key:
* hdr.ipv4.dstAddr    : LPM       0a000202/32
Action entry: MyIngress.ipv4_forward - 80000000202,2,

[22:31:57.280] [bmv2] [D] [thread 6423] [30.0] [cxt 0] Action entry is MyIngress.ipv4_forward - 80000000202,2,
[22:31:57.280] [bmv2] [T] [thread 6423] [30.0] [cxt 0] Action MyIngress.ipv4_forward
[22:31:57.280] [bmv2] [T] [thread 6423] [30.0] [cxt 0] qos.p4(175) Primitive standard_metadata.egress_spec = port
[22:31:57.280] [bmv2] [T] [thread 6423] [30.0] [cxt 0] qos.p4(176) Primitive hdr.ethernet.srcAddr = hdr.ethernet.dstAddr
[22:31:57.280] [bmv2] [T] [thread 6423] [30.0] [cxt 0] qos.p4(177) Primitive hdr.ethernet.dstAddr = dstAddr
[22:31:57.280] [bmv2] [T] [thread 6423] [30.0] [cxt 0] qos.p4(178) Primitive hdr.ipv4.ttl = hdr.ipv4.ttl - 1
[22:31:57.280] [bmv2] [D] [thread 6423] [30.0] [cxt 0] Pipeline 'ingress': end
[22:31:57.280] [bmv2] [D] [thread 6423] [30.0] [cxt 0] Egress port is 2
[22:31:57.280] [bmv2] [D] [thread 6426] [30.0] [cxt 0] Pipeline 'egress': start
[22:31:57.280] [bmv2] [D] [thread 6426] [30.0] [cxt 0] Pipeline 'egress': end
[22:31:57.280] [bmv2] [D] [thread 6426] [30.0] [cxt 0] Deparser 'deparser': start
[22:31:57.280] [bmv2] [D] [thread 6426] [30.0] [cxt 0] Updating checksum 'cksum'
[22:31:57.281] [bmv2] [D] [thread 6426] [30.0] [cxt 0] Deparsing header 'ethernet'
[22:31:57.281] [bmv2] [D] [thread 6426] [30.0] [cxt 0] Deparsing header 'vlan'
[22:31:57.281] [bmv2] [D] [thread 6426] [30.0] [cxt 0] Deparsing header 'ipv4'
[22:31:57.281] [bmv2] [D] [thread 6426] [30.0] [cxt 0] Deparser 'deparser': end
[22:31:57.281] [bmv2] [D] [thread 6428] [30.0] [cxt 0] Transmitting packet of size 558 out of port 2
[22:31:57.412] [bmv2] [D] [thread 6423] [31.0] [cxt 0] Processing packet received on port 3
[22:31:57.412] [bmv2] [D] [thread 6423] [31.0] [cxt 0] Parser 'parser': start
[22:31:57.412] [bmv2] [D] [thread 6423] [31.0] [cxt 0] Parser 'parser' entering state 'start'
[22:31:57.412] [bmv2] [D] [thread 6423] [31.0] [cxt 0] Extracting header 'ethernet'
[22:31:57.412] [bmv2] [D] [thread 6423] [31.0] [cxt 0] Parser state 'start': key is 8100
[22:31:57.412] [bmv2] [T] [thread 6423] [31.0] [cxt 0] Bytes parsed: 14
[22:31:57.412] [bmv2] [D] [thread 6423] [31.0] [cxt 0] Parser 'parser' entering state 'parse_vlan'
[22:31:57.412] [bmv2] [D] [thread 6423] [31.0] [cxt 0] Extracting header 'vlan'
[22:31:57.412] [bmv2] [D] [thread 6423] [31.0] [cxt 0] Parser state 'parse_vlan': key is 0800
[22:31:57.412] [bmv2] [T] [thread 6423] [31.0] [cxt 0] Bytes parsed: 18
[22:31:57.412] [bmv2] [D] [thread 6423] [31.0] [cxt 0] Parser 'parser' entering state 'parse_ipv4'
[22:31:57.412] [bmv2] [D] [thread 6423] [31.0] [cxt 0] Extracting header 'ipv4'
[22:31:57.412] [bmv2] [D] [thread 6423] [31.0] [cxt 0] Parser set: setting field 'scalars.tmp' from expression, new value is 1
[22:31:57.412] [bmv2] [D] [thread 6423] [31.0] [cxt 0] Parser state 'parse_ipv4': key is 05
[22:31:57.412] [bmv2] [T] [thread 6423] [31.0] [cxt 0] Bytes parsed: 38
[22:31:57.413] [bmv2] [D] [thread 6423] [31.0] [cxt 0] Parser 'parser': end
[22:31:57.413] [bmv2] [D] [thread 6423] [31.0] [cxt 0] Pipeline 'ingress': start
[22:31:57.413] [bmv2] [T] [thread 6423] [31.0] [cxt 0] qos.p4(197) Condition "hdr.ipv4.isValid()" (node_2) is true
[22:31:57.413] [bmv2] [T] [thread 6423] [31.0] [cxt 0] qos.p4(198) Condition "hdr.ipv4_option.isValid()" (node_3) is false
[22:31:57.413] [bmv2] [T] [thread 6423] [31.0] [cxt 0] Applying table 'MyIngress.ipv4_lpm'
[22:31:57.413] [bmv2] [D] [thread 6423] [31.0] [cxt 0] Looking up key:
* hdr.ipv4.dstAddr    : 0a000202

[22:31:57.413] [bmv2] [D] [thread 6423] [31.0] [cxt 0] Table 'MyIngress.ipv4_lpm': hit with handle 0
[22:31:57.413] [bmv2] [D] [thread 6423] [31.0] [cxt 0] Dumping entry 0
Match key:
* hdr.ipv4.dstAddr    : LPM       0a000202/32
Action entry: MyIngress.ipv4_forward - 80000000202,2,

[22:31:57.413] [bmv2] [D] [thread 6423] [31.0] [cxt 0] Action entry is MyIngress.ipv4_forward - 80000000202,2,
[22:31:57.413] [bmv2] [T] [thread 6423] [31.0] [cxt 0] Action MyIngress.ipv4_forward
[22:31:57.413] [bmv2] [T] [thread 6423] [31.0] [cxt 0] qos.p4(175) Primitive standard_metadata.egress_spec = port
[22:31:57.413] [bmv2] [T] [thread 6423] [31.0] [cxt 0] qos.p4(176) Primitive hdr.ethernet.srcAddr = hdr.ethernet.dstAddr
[22:31:57.413] [bmv2] [T] [thread 6423] [31.0] [cxt 0] qos.p4(177) Primitive hdr.ethernet.dstAddr = dstAddr
[22:31:57.413] [bmv2] [T] [thread 6423] [31.0] [cxt 0] qos.p4(178) Primitive hdr.ipv4.ttl = hdr.ipv4.ttl - 1
[22:31:57.413] [bmv2] [D] [thread 6423] [31.0] [cxt 0] Pipeline 'ingress': end
[22:31:57.413] [bmv2] [D] [thread 6423] [31.0] [cxt 0] Egress port is 2
[22:31:57.413] [bmv2] [D] [thread 6426] [31.0] [cxt 0] Pipeline 'egress': start
[22:31:57.413] [bmv2] [D] [thread 6426] [31.0] [cxt 0] Pipeline 'egress': end
[22:31:57.413] [bmv2] [D] [thread 6426] [31.0] [cxt 0] Deparser 'deparser': start
[22:31:57.413] [bmv2] [D] [thread 6426] [31.0] [cxt 0] Updating checksum 'cksum'
[22:31:57.413] [bmv2] [D] [thread 6426] [31.0] [cxt 0] Deparsing header 'ethernet'
[22:31:57.413] [bmv2] [D] [thread 6426] [31.0] [cxt 0] Deparsing header 'vlan'
[22:31:57.413] [bmv2] [D] [thread 6426] [31.0] [cxt 0] Deparsing header 'ipv4'
[22:31:57.413] [bmv2] [D] [thread 6426] [31.0] [cxt 0] Deparser 'deparser': end
[22:31:57.414] [bmv2] [D] [thread 6428] [31.0] [cxt 0] Transmitting packet of size 558 out of port 2
[22:31:57.542] [bmv2] [D] [thread 6423] [32.0] [cxt 0] Processing packet received on port 3
[22:31:57.542] [bmv2] [D] [thread 6423] [32.0] [cxt 0] Parser 'parser': start
[22:31:57.542] [bmv2] [D] [thread 6423] [32.0] [cxt 0] Parser 'parser' entering state 'start'
[22:31:57.543] [bmv2] [D] [thread 6423] [32.0] [cxt 0] Extracting header 'ethernet'
[22:31:57.543] [bmv2] [D] [thread 6423] [32.0] [cxt 0] Parser state 'start': key is 8100
[22:31:57.543] [bmv2] [T] [thread 6423] [32.0] [cxt 0] Bytes parsed: 14
[22:31:57.543] [bmv2] [D] [thread 6423] [32.0] [cxt 0] Parser 'parser' entering state 'parse_vlan'
[22:31:57.543] [bmv2] [D] [thread 6423] [32.0] [cxt 0] Extracting header 'vlan'
[22:31:57.543] [bmv2] [D] [thread 6423] [32.0] [cxt 0] Parser state 'parse_vlan': key is 0800
[22:31:57.543] [bmv2] [T] [thread 6423] [32.0] [cxt 0] Bytes parsed: 18
[22:31:57.543] [bmv2] [D] [thread 6423] [32.0] [cxt 0] Parser 'parser' entering state 'parse_ipv4'
[22:31:57.543] [bmv2] [D] [thread 6423] [32.0] [cxt 0] Extracting header 'ipv4'
[22:31:57.543] [bmv2] [D] [thread 6423] [32.0] [cxt 0] Parser set: setting field 'scalars.tmp' from expression, new value is 1
[22:31:57.543] [bmv2] [D] [thread 6423] [32.0] [cxt 0] Parser state 'parse_ipv4': key is 05
[22:31:57.543] [bmv2] [T] [thread 6423] [32.0] [cxt 0] Bytes parsed: 38
[22:31:57.543] [bmv2] [D] [thread 6423] [32.0] [cxt 0] Parser 'parser': end
[22:31:57.543] [bmv2] [D] [thread 6423] [32.0] [cxt 0] Pipeline 'ingress': start
[22:31:57.543] [bmv2] [T] [thread 6423] [32.0] [cxt 0] qos.p4(197) Condition "hdr.ipv4.isValid()" (node_2) is true
[22:31:57.543] [bmv2] [T] [thread 6423] [32.0] [cxt 0] qos.p4(198) Condition "hdr.ipv4_option.isValid()" (node_3) is false
[22:31:57.543] [bmv2] [T] [thread 6423] [32.0] [cxt 0] Applying table 'MyIngress.ipv4_lpm'
[22:31:57.543] [bmv2] [D] [thread 6423] [32.0] [cxt 0] Looking up key:
* hdr.ipv4.dstAddr    : 0a000202

[22:31:57.543] [bmv2] [D] [thread 6423] [32.0] [cxt 0] Table 'MyIngress.ipv4_lpm': hit with handle 0
[22:31:57.543] [bmv2] [D] [thread 6423] [32.0] [cxt 0] Dumping entry 0
Match key:
* hdr.ipv4.dstAddr    : LPM       0a000202/32
Action entry: MyIngress.ipv4_forward - 80000000202,2,

[22:31:57.543] [bmv2] [D] [thread 6423] [32.0] [cxt 0] Action entry is MyIngress.ipv4_forward - 80000000202,2,
[22:31:57.543] [bmv2] [T] [thread 6423] [32.0] [cxt 0] Action MyIngress.ipv4_forward
[22:31:57.543] [bmv2] [T] [thread 6423] [32.0] [cxt 0] qos.p4(175) Primitive standard_metadata.egress_spec = port
[22:31:57.543] [bmv2] [T] [thread 6423] [32.0] [cxt 0] qos.p4(176) Primitive hdr.ethernet.srcAddr = hdr.ethernet.dstAddr
[22:31:57.543] [bmv2] [T] [thread 6423] [32.0] [cxt 0] qos.p4(177) Primitive hdr.ethernet.dstAddr = dstAddr
[22:31:57.543] [bmv2] [T] [thread 6423] [32.0] [cxt 0] qos.p4(178) Primitive hdr.ipv4.ttl = hdr.ipv4.ttl - 1
[22:31:57.543] [bmv2] [D] [thread 6423] [32.0] [cxt 0] Pipeline 'ingress': end
[22:31:57.543] [bmv2] [D] [thread 6423] [32.0] [cxt 0] Egress port is 2
[22:31:57.544] [bmv2] [D] [thread 6426] [32.0] [cxt 0] Pipeline 'egress': start
[22:31:57.544] [bmv2] [D] [thread 6426] [32.0] [cxt 0] Pipeline 'egress': end
[22:31:57.544] [bmv2] [D] [thread 6426] [32.0] [cxt 0] Deparser 'deparser': start
[22:31:57.544] [bmv2] [D] [thread 6426] [32.0] [cxt 0] Updating checksum 'cksum'
[22:31:57.544] [bmv2] [D] [thread 6426] [32.0] [cxt 0] Deparsing header 'ethernet'
[22:31:57.544] [bmv2] [D] [thread 6426] [32.0] [cxt 0] Deparsing header 'vlan'
[22:31:57.544] [bmv2] [D] [thread 6426] [32.0] [cxt 0] Deparsing header 'ipv4'
[22:31:57.544] [bmv2] [D] [thread 6426] [32.0] [cxt 0] Deparser 'deparser': end
[22:31:57.544] [bmv2] [D] [thread 6428] [32.0] [cxt 0] Transmitting packet of size 558 out of port 2
[22:31:57.671] [bmv2] [D] [thread 6423] [33.0] [cxt 0] Processing packet received on port 3
[22:31:57.671] [bmv2] [D] [thread 6423] [33.0] [cxt 0] Parser 'parser': start
[22:31:57.671] [bmv2] [D] [thread 6423] [33.0] [cxt 0] Parser 'parser' entering state 'start'
[22:31:57.671] [bmv2] [D] [thread 6423] [33.0] [cxt 0] Extracting header 'ethernet'
[22:31:57.671] [bmv2] [D] [thread 6423] [33.0] [cxt 0] Parser state 'start': key is 8100
[22:31:57.671] [bmv2] [T] [thread 6423] [33.0] [cxt 0] Bytes parsed: 14
[22:31:57.671] [bmv2] [D] [thread 6423] [33.0] [cxt 0] Parser 'parser' entering state 'parse_vlan'
[22:31:57.671] [bmv2] [D] [thread 6423] [33.0] [cxt 0] Extracting header 'vlan'
[22:31:57.671] [bmv2] [D] [thread 6423] [33.0] [cxt 0] Parser state 'parse_vlan': key is 0800
[22:31:57.671] [bmv2] [T] [thread 6423] [33.0] [cxt 0] Bytes parsed: 18
[22:31:57.671] [bmv2] [D] [thread 6423] [33.0] [cxt 0] Parser 'parser' entering state 'parse_ipv4'
[22:31:57.671] [bmv2] [D] [thread 6423] [33.0] [cxt 0] Extracting header 'ipv4'
[22:31:57.671] [bmv2] [D] [thread 6423] [33.0] [cxt 0] Parser set: setting field 'scalars.tmp' from expression, new value is 1
[22:31:57.671] [bmv2] [D] [thread 6423] [33.0] [cxt 0] Parser state 'parse_ipv4': key is 05
[22:31:57.671] [bmv2] [T] [thread 6423] [33.0] [cxt 0] Bytes parsed: 38
[22:31:57.671] [bmv2] [D] [thread 6423] [33.0] [cxt 0] Parser 'parser': end
[22:31:57.671] [bmv2] [D] [thread 6423] [33.0] [cxt 0] Pipeline 'ingress': start
[22:31:57.671] [bmv2] [T] [thread 6423] [33.0] [cxt 0] qos.p4(197) Condition "hdr.ipv4.isValid()" (node_2) is true
[22:31:57.671] [bmv2] [T] [thread 6423] [33.0] [cxt 0] qos.p4(198) Condition "hdr.ipv4_option.isValid()" (node_3) is false
[22:31:57.671] [bmv2] [T] [thread 6423] [33.0] [cxt 0] Applying table 'MyIngress.ipv4_lpm'
[22:31:57.671] [bmv2] [D] [thread 6423] [33.0] [cxt 0] Looking up key:
* hdr.ipv4.dstAddr    : 0a000202

[22:31:57.671] [bmv2] [D] [thread 6423] [33.0] [cxt 0] Table 'MyIngress.ipv4_lpm': hit with handle 0
[22:31:57.672] [bmv2] [D] [thread 6423] [33.0] [cxt 0] Dumping entry 0
Match key:
* hdr.ipv4.dstAddr    : LPM       0a000202/32
Action entry: MyIngress.ipv4_forward - 80000000202,2,

[22:31:57.672] [bmv2] [D] [thread 6423] [33.0] [cxt 0] Action entry is MyIngress.ipv4_forward - 80000000202,2,
[22:31:57.672] [bmv2] [T] [thread 6423] [33.0] [cxt 0] Action MyIngress.ipv4_forward
[22:31:57.672] [bmv2] [T] [thread 6423] [33.0] [cxt 0] qos.p4(175) Primitive standard_metadata.egress_spec = port
[22:31:57.672] [bmv2] [T] [thread 6423] [33.0] [cxt 0] qos.p4(176) Primitive hdr.ethernet.srcAddr = hdr.ethernet.dstAddr
[22:31:57.672] [bmv2] [T] [thread 6423] [33.0] [cxt 0] qos.p4(177) Primitive hdr.ethernet.dstAddr = dstAddr
[22:31:57.672] [bmv2] [T] [thread 6423] [33.0] [cxt 0] qos.p4(178) Primitive hdr.ipv4.ttl = hdr.ipv4.ttl - 1
[22:31:57.672] [bmv2] [D] [thread 6423] [33.0] [cxt 0] Pipeline 'ingress': end
[22:31:57.672] [bmv2] [D] [thread 6423] [33.0] [cxt 0] Egress port is 2
[22:31:57.672] [bmv2] [D] [thread 6426] [33.0] [cxt 0] Pipeline 'egress': start
[22:31:57.672] [bmv2] [D] [thread 6426] [33.0] [cxt 0] Pipeline 'egress': end
[22:31:57.672] [bmv2] [D] [thread 6426] [33.0] [cxt 0] Deparser 'deparser': start
[22:31:57.672] [bmv2] [D] [thread 6426] [33.0] [cxt 0] Updating checksum 'cksum'
[22:31:57.672] [bmv2] [D] [thread 6426] [33.0] [cxt 0] Deparsing header 'ethernet'
[22:31:57.673] [bmv2] [D] [thread 6426] [33.0] [cxt 0] Deparsing header 'vlan'
[22:31:57.673] [bmv2] [D] [thread 6426] [33.0] [cxt 0] Deparsing header 'ipv4'
[22:31:57.673] [bmv2] [D] [thread 6426] [33.0] [cxt 0] Deparser 'deparser': end
[22:31:57.673] [bmv2] [D] [thread 6428] [33.0] [cxt 0] Transmitting packet of size 558 out of port 2
[22:31:57.799] [bmv2] [D] [thread 6423] [34.0] [cxt 0] Processing packet received on port 3
[22:31:57.799] [bmv2] [D] [thread 6423] [34.0] [cxt 0] Parser 'parser': start
[22:31:57.799] [bmv2] [D] [thread 6423] [34.0] [cxt 0] Parser 'parser' entering state 'start'
[22:31:57.800] [bmv2] [D] [thread 6423] [34.0] [cxt 0] Extracting header 'ethernet'
[22:31:57.800] [bmv2] [D] [thread 6423] [34.0] [cxt 0] Parser state 'start': key is 8100
[22:31:57.800] [bmv2] [T] [thread 6423] [34.0] [cxt 0] Bytes parsed: 14
[22:31:57.800] [bmv2] [D] [thread 6423] [34.0] [cxt 0] Parser 'parser' entering state 'parse_vlan'
[22:31:57.800] [bmv2] [D] [thread 6423] [34.0] [cxt 0] Extracting header 'vlan'
[22:31:57.800] [bmv2] [D] [thread 6423] [34.0] [cxt 0] Parser state 'parse_vlan': key is 0800
[22:31:57.800] [bmv2] [T] [thread 6423] [34.0] [cxt 0] Bytes parsed: 18
[22:31:57.800] [bmv2] [D] [thread 6423] [34.0] [cxt 0] Parser 'parser' entering state 'parse_ipv4'
[22:31:57.800] [bmv2] [D] [thread 6423] [34.0] [cxt 0] Extracting header 'ipv4'
[22:31:57.800] [bmv2] [D] [thread 6423] [34.0] [cxt 0] Parser set: setting field 'scalars.tmp' from expression, new value is 1
[22:31:57.800] [bmv2] [D] [thread 6423] [34.0] [cxt 0] Parser state 'parse_ipv4': key is 05
[22:31:57.800] [bmv2] [T] [thread 6423] [34.0] [cxt 0] Bytes parsed: 38
[22:31:57.800] [bmv2] [D] [thread 6423] [34.0] [cxt 0] Parser 'parser': end
[22:31:57.800] [bmv2] [D] [thread 6423] [34.0] [cxt 0] Pipeline 'ingress': start
[22:31:57.800] [bmv2] [T] [thread 6423] [34.0] [cxt 0] qos.p4(197) Condition "hdr.ipv4.isValid()" (node_2) is true
[22:31:57.800] [bmv2] [T] [thread 6423] [34.0] [cxt 0] qos.p4(198) Condition "hdr.ipv4_option.isValid()" (node_3) is false
[22:31:57.800] [bmv2] [T] [thread 6423] [34.0] [cxt 0] Applying table 'MyIngress.ipv4_lpm'
[22:31:57.800] [bmv2] [D] [thread 6423] [34.0] [cxt 0] Looking up key:
* hdr.ipv4.dstAddr    : 0a000202

[22:31:57.800] [bmv2] [D] [thread 6423] [34.0] [cxt 0] Table 'MyIngress.ipv4_lpm': hit with handle 0
[22:31:57.800] [bmv2] [D] [thread 6423] [34.0] [cxt 0] Dumping entry 0
Match key:
* hdr.ipv4.dstAddr    : LPM       0a000202/32
Action entry: MyIngress.ipv4_forward - 80000000202,2,

[22:31:57.800] [bmv2] [D] [thread 6423] [34.0] [cxt 0] Action entry is MyIngress.ipv4_forward - 80000000202,2,
[22:31:57.800] [bmv2] [T] [thread 6423] [34.0] [cxt 0] Action MyIngress.ipv4_forward
[22:31:57.801] [bmv2] [T] [thread 6423] [34.0] [cxt 0] qos.p4(175) Primitive standard_metadata.egress_spec = port
[22:31:57.801] [bmv2] [T] [thread 6423] [34.0] [cxt 0] qos.p4(176) Primitive hdr.ethernet.srcAddr = hdr.ethernet.dstAddr
[22:31:57.801] [bmv2] [T] [thread 6423] [34.0] [cxt 0] qos.p4(177) Primitive hdr.ethernet.dstAddr = dstAddr
[22:31:57.801] [bmv2] [T] [thread 6423] [34.0] [cxt 0] qos.p4(178) Primitive hdr.ipv4.ttl = hdr.ipv4.ttl - 1
[22:31:57.801] [bmv2] [D] [thread 6423] [34.0] [cxt 0] Pipeline 'ingress': end
[22:31:57.801] [bmv2] [D] [thread 6423] [34.0] [cxt 0] Egress port is 2
[22:31:57.801] [bmv2] [D] [thread 6426] [34.0] [cxt 0] Pipeline 'egress': start
[22:31:57.801] [bmv2] [D] [thread 6426] [34.0] [cxt 0] Pipeline 'egress': end
[22:31:57.801] [bmv2] [D] [thread 6426] [34.0] [cxt 0] Deparser 'deparser': start
[22:31:57.801] [bmv2] [D] [thread 6426] [34.0] [cxt 0] Updating checksum 'cksum'
[22:31:57.801] [bmv2] [D] [thread 6426] [34.0] [cxt 0] Deparsing header 'ethernet'
[22:31:57.801] [bmv2] [D] [thread 6426] [34.0] [cxt 0] Deparsing header 'vlan'
[22:31:57.801] [bmv2] [D] [thread 6426] [34.0] [cxt 0] Deparsing header 'ipv4'
[22:31:57.801] [bmv2] [D] [thread 6426] [34.0] [cxt 0] Deparser 'deparser': end
[22:31:57.801] [bmv2] [D] [thread 6428] [34.0] [cxt 0] Transmitting packet of size 558 out of port 2
[22:31:57.924] [bmv2] [D] [thread 6423] [35.0] [cxt 0] Processing packet received on port 3
[22:31:57.924] [bmv2] [D] [thread 6423] [35.0] [cxt 0] Parser 'parser': start
[22:31:57.924] [bmv2] [D] [thread 6423] [35.0] [cxt 0] Parser 'parser' entering state 'start'
[22:31:57.924] [bmv2] [D] [thread 6423] [35.0] [cxt 0] Extracting header 'ethernet'
[22:31:57.924] [bmv2] [D] [thread 6423] [35.0] [cxt 0] Parser state 'start': key is 8100
[22:31:57.924] [bmv2] [T] [thread 6423] [35.0] [cxt 0] Bytes parsed: 14
[22:31:57.924] [bmv2] [D] [thread 6423] [35.0] [cxt 0] Parser 'parser' entering state 'parse_vlan'
[22:31:57.924] [bmv2] [D] [thread 6423] [35.0] [cxt 0] Extracting header 'vlan'
[22:31:57.924] [bmv2] [D] [thread 6423] [35.0] [cxt 0] Parser state 'parse_vlan': key is 0800
[22:31:57.924] [bmv2] [T] [thread 6423] [35.0] [cxt 0] Bytes parsed: 18
[22:31:57.924] [bmv2] [D] [thread 6423] [35.0] [cxt 0] Parser 'parser' entering state 'parse_ipv4'
[22:31:57.924] [bmv2] [D] [thread 6423] [35.0] [cxt 0] Extracting header 'ipv4'
[22:31:57.925] [bmv2] [D] [thread 6423] [35.0] [cxt 0] Parser set: setting field 'scalars.tmp' from expression, new value is 1
[22:31:57.925] [bmv2] [D] [thread 6423] [35.0] [cxt 0] Parser state 'parse_ipv4': key is 05
[22:31:57.925] [bmv2] [T] [thread 6423] [35.0] [cxt 0] Bytes parsed: 38
[22:31:57.925] [bmv2] [D] [thread 6423] [35.0] [cxt 0] Parser 'parser': end
[22:31:57.925] [bmv2] [D] [thread 6423] [35.0] [cxt 0] Pipeline 'ingress': start
[22:31:57.925] [bmv2] [T] [thread 6423] [35.0] [cxt 0] qos.p4(197) Condition "hdr.ipv4.isValid()" (node_2) is true
[22:31:57.925] [bmv2] [T] [thread 6423] [35.0] [cxt 0] qos.p4(198) Condition "hdr.ipv4_option.isValid()" (node_3) is false
[22:31:57.925] [bmv2] [T] [thread 6423] [35.0] [cxt 0] Applying table 'MyIngress.ipv4_lpm'
[22:31:57.925] [bmv2] [D] [thread 6423] [35.0] [cxt 0] Looking up key:
* hdr.ipv4.dstAddr    : 0a000202

[22:31:57.925] [bmv2] [D] [thread 6423] [35.0] [cxt 0] Table 'MyIngress.ipv4_lpm': hit with handle 0
[22:31:57.925] [bmv2] [D] [thread 6423] [35.0] [cxt 0] Dumping entry 0
Match key:
* hdr.ipv4.dstAddr    : LPM       0a000202/32
Action entry: MyIngress.ipv4_forward - 80000000202,2,

[22:31:57.925] [bmv2] [D] [thread 6423] [35.0] [cxt 0] Action entry is MyIngress.ipv4_forward - 80000000202,2,
[22:31:57.925] [bmv2] [T] [thread 6423] [35.0] [cxt 0] Action MyIngress.ipv4_forward
[22:31:57.925] [bmv2] [T] [thread 6423] [35.0] [cxt 0] qos.p4(175) Primitive standard_metadata.egress_spec = port
[22:31:57.925] [bmv2] [T] [thread 6423] [35.0] [cxt 0] qos.p4(176) Primitive hdr.ethernet.srcAddr = hdr.ethernet.dstAddr
[22:31:57.925] [bmv2] [T] [thread 6423] [35.0] [cxt 0] qos.p4(177) Primitive hdr.ethernet.dstAddr = dstAddr
[22:31:57.925] [bmv2] [T] [thread 6423] [35.0] [cxt 0] qos.p4(178) Primitive hdr.ipv4.ttl = hdr.ipv4.ttl - 1
[22:31:57.925] [bmv2] [D] [thread 6423] [35.0] [cxt 0] Pipeline 'ingress': end
[22:31:57.925] [bmv2] [D] [thread 6423] [35.0] [cxt 0] Egress port is 2
[22:31:57.925] [bmv2] [D] [thread 6426] [35.0] [cxt 0] Pipeline 'egress': start
[22:31:57.925] [bmv2] [D] [thread 6426] [35.0] [cxt 0] Pipeline 'egress': end
[22:31:57.925] [bmv2] [D] [thread 6426] [35.0] [cxt 0] Deparser 'deparser': start
[22:31:57.925] [bmv2] [D] [thread 6426] [35.0] [cxt 0] Updating checksum 'cksum'
[22:31:57.925] [bmv2] [D] [thread 6426] [35.0] [cxt 0] Deparsing header 'ethernet'
[22:31:57.926] [bmv2] [D] [thread 6426] [35.0] [cxt 0] Deparsing header 'vlan'
[22:31:57.926] [bmv2] [D] [thread 6426] [35.0] [cxt 0] Deparsing header 'ipv4'
[22:31:57.926] [bmv2] [D] [thread 6426] [35.0] [cxt 0] Deparser 'deparser': end
[22:31:57.926] [bmv2] [D] [thread 6428] [35.0] [cxt 0] Transmitting packet of size 558 out of port 2
[22:31:58.048] [bmv2] [D] [thread 6423] [36.0] [cxt 0] Processing packet received on port 3
[22:31:58.048] [bmv2] [D] [thread 6423] [36.0] [cxt 0] Parser 'parser': start
[22:31:58.048] [bmv2] [D] [thread 6423] [36.0] [cxt 0] Parser 'parser' entering state 'start'
[22:31:58.048] [bmv2] [D] [thread 6423] [36.0] [cxt 0] Extracting header 'ethernet'
[22:31:58.048] [bmv2] [D] [thread 6423] [36.0] [cxt 0] Parser state 'start': key is 8100
[22:31:58.048] [bmv2] [T] [thread 6423] [36.0] [cxt 0] Bytes parsed: 14
[22:31:58.048] [bmv2] [D] [thread 6423] [36.0] [cxt 0] Parser 'parser' entering state 'parse_vlan'
[22:31:58.048] [bmv2] [D] [thread 6423] [36.0] [cxt 0] Extracting header 'vlan'
[22:31:58.048] [bmv2] [D] [thread 6423] [36.0] [cxt 0] Parser state 'parse_vlan': key is 0800
[22:31:58.048] [bmv2] [T] [thread 6423] [36.0] [cxt 0] Bytes parsed: 18
[22:31:58.049] [bmv2] [D] [thread 6423] [36.0] [cxt 0] Parser 'parser' entering state 'parse_ipv4'
[22:31:58.049] [bmv2] [D] [thread 6423] [36.0] [cxt 0] Extracting header 'ipv4'
[22:31:58.049] [bmv2] [D] [thread 6423] [36.0] [cxt 0] Parser set: setting field 'scalars.tmp' from expression, new value is 1
[22:31:58.049] [bmv2] [D] [thread 6423] [36.0] [cxt 0] Parser state 'parse_ipv4': key is 05
[22:31:58.049] [bmv2] [T] [thread 6423] [36.0] [cxt 0] Bytes parsed: 38
[22:31:58.049] [bmv2] [D] [thread 6423] [36.0] [cxt 0] Parser 'parser': end
[22:31:58.049] [bmv2] [D] [thread 6423] [36.0] [cxt 0] Pipeline 'ingress': start
[22:31:58.049] [bmv2] [T] [thread 6423] [36.0] [cxt 0] qos.p4(197) Condition "hdr.ipv4.isValid()" (node_2) is true
[22:31:58.049] [bmv2] [T] [thread 6423] [36.0] [cxt 0] qos.p4(198) Condition "hdr.ipv4_option.isValid()" (node_3) is false
[22:31:58.049] [bmv2] [T] [thread 6423] [36.0] [cxt 0] Applying table 'MyIngress.ipv4_lpm'
[22:31:58.049] [bmv2] [D] [thread 6423] [36.0] [cxt 0] Looking up key:
* hdr.ipv4.dstAddr    : 0a000202

[22:31:58.049] [bmv2] [D] [thread 6423] [36.0] [cxt 0] Table 'MyIngress.ipv4_lpm': hit with handle 0
[22:31:58.049] [bmv2] [D] [thread 6423] [36.0] [cxt 0] Dumping entry 0
Match key:
* hdr.ipv4.dstAddr    : LPM       0a000202/32
Action entry: MyIngress.ipv4_forward - 80000000202,2,

[22:31:58.049] [bmv2] [D] [thread 6423] [36.0] [cxt 0] Action entry is MyIngress.ipv4_forward - 80000000202,2,
[22:31:58.049] [bmv2] [T] [thread 6423] [36.0] [cxt 0] Action MyIngress.ipv4_forward
[22:31:58.049] [bmv2] [T] [thread 6423] [36.0] [cxt 0] qos.p4(175) Primitive standard_metadata.egress_spec = port
[22:31:58.049] [bmv2] [T] [thread 6423] [36.0] [cxt 0] qos.p4(176) Primitive hdr.ethernet.srcAddr = hdr.ethernet.dstAddr
[22:31:58.049] [bmv2] [T] [thread 6423] [36.0] [cxt 0] qos.p4(177) Primitive hdr.ethernet.dstAddr = dstAddr
[22:31:58.049] [bmv2] [T] [thread 6423] [36.0] [cxt 0] qos.p4(178) Primitive hdr.ipv4.ttl = hdr.ipv4.ttl - 1
[22:31:58.049] [bmv2] [D] [thread 6423] [36.0] [cxt 0] Pipeline 'ingress': end
[22:31:58.049] [bmv2] [D] [thread 6423] [36.0] [cxt 0] Egress port is 2
[22:31:58.050] [bmv2] [D] [thread 6426] [36.0] [cxt 0] Pipeline 'egress': start
[22:31:58.050] [bmv2] [D] [thread 6426] [36.0] [cxt 0] Pipeline 'egress': end
[22:31:58.050] [bmv2] [D] [thread 6426] [36.0] [cxt 0] Deparser 'deparser': start
[22:31:58.050] [bmv2] [D] [thread 6426] [36.0] [cxt 0] Updating checksum 'cksum'
[22:31:58.050] [bmv2] [D] [thread 6426] [36.0] [cxt 0] Deparsing header 'ethernet'
[22:31:58.050] [bmv2] [D] [thread 6426] [36.0] [cxt 0] Deparsing header 'vlan'
[22:31:58.050] [bmv2] [D] [thread 6426] [36.0] [cxt 0] Deparsing header 'ipv4'
[22:31:58.050] [bmv2] [D] [thread 6426] [36.0] [cxt 0] Deparser 'deparser': end
[22:31:58.050] [bmv2] [D] [thread 6428] [36.0] [cxt 0] Transmitting packet of size 558 out of port 2
[22:31:58.172] [bmv2] [D] [thread 6423] [37.0] [cxt 0] Processing packet received on port 3
[22:31:58.172] [bmv2] [D] [thread 6423] [37.0] [cxt 0] Parser 'parser': start
[22:31:58.172] [bmv2] [D] [thread 6423] [37.0] [cxt 0] Parser 'parser' entering state 'start'
[22:31:58.172] [bmv2] [D] [thread 6423] [37.0] [cxt 0] Extracting header 'ethernet'
[22:31:58.172] [bmv2] [D] [thread 6423] [37.0] [cxt 0] Parser state 'start': key is 8100
[22:31:58.172] [bmv2] [T] [thread 6423] [37.0] [cxt 0] Bytes parsed: 14
[22:31:58.172] [bmv2] [D] [thread 6423] [37.0] [cxt 0] Parser 'parser' entering state 'parse_vlan'
[22:31:58.172] [bmv2] [D] [thread 6423] [37.0] [cxt 0] Extracting header 'vlan'
[22:31:58.172] [bmv2] [D] [thread 6423] [37.0] [cxt 0] Parser state 'parse_vlan': key is 0800
[22:31:58.172] [bmv2] [T] [thread 6423] [37.0] [cxt 0] Bytes parsed: 18
[22:31:58.172] [bmv2] [D] [thread 6423] [37.0] [cxt 0] Parser 'parser' entering state 'parse_ipv4'
[22:31:58.172] [bmv2] [D] [thread 6423] [37.0] [cxt 0] Extracting header 'ipv4'
[22:31:58.173] [bmv2] [D] [thread 6423] [37.0] [cxt 0] Parser set: setting field 'scalars.tmp' from expression, new value is 1
[22:31:58.173] [bmv2] [D] [thread 6423] [37.0] [cxt 0] Parser state 'parse_ipv4': key is 05
[22:31:58.173] [bmv2] [T] [thread 6423] [37.0] [cxt 0] Bytes parsed: 38
[22:31:58.173] [bmv2] [D] [thread 6423] [37.0] [cxt 0] Parser 'parser': end
[22:31:58.173] [bmv2] [D] [thread 6423] [37.0] [cxt 0] Pipeline 'ingress': start
[22:31:58.173] [bmv2] [T] [thread 6423] [37.0] [cxt 0] qos.p4(197) Condition "hdr.ipv4.isValid()" (node_2) is true
[22:31:58.173] [bmv2] [T] [thread 6423] [37.0] [cxt 0] qos.p4(198) Condition "hdr.ipv4_option.isValid()" (node_3) is false
[22:31:58.173] [bmv2] [T] [thread 6423] [37.0] [cxt 0] Applying table 'MyIngress.ipv4_lpm'
[22:31:58.173] [bmv2] [D] [thread 6423] [37.0] [cxt 0] Looking up key:
* hdr.ipv4.dstAddr    : 0a000202

[22:31:58.173] [bmv2] [D] [thread 6423] [37.0] [cxt 0] Table 'MyIngress.ipv4_lpm': hit with handle 0
[22:31:58.173] [bmv2] [D] [thread 6423] [37.0] [cxt 0] Dumping entry 0
Match key:
* hdr.ipv4.dstAddr    : LPM       0a000202/32
Action entry: MyIngress.ipv4_forward - 80000000202,2,

[22:31:58.173] [bmv2] [D] [thread 6423] [37.0] [cxt 0] Action entry is MyIngress.ipv4_forward - 80000000202,2,
[22:31:58.173] [bmv2] [T] [thread 6423] [37.0] [cxt 0] Action MyIngress.ipv4_forward
[22:31:58.173] [bmv2] [T] [thread 6423] [37.0] [cxt 0] qos.p4(175) Primitive standard_metadata.egress_spec = port
[22:31:58.173] [bmv2] [T] [thread 6423] [37.0] [cxt 0] qos.p4(176) Primitive hdr.ethernet.srcAddr = hdr.ethernet.dstAddr
[22:31:58.173] [bmv2] [T] [thread 6423] [37.0] [cxt 0] qos.p4(177) Primitive hdr.ethernet.dstAddr = dstAddr
[22:31:58.173] [bmv2] [T] [thread 6423] [37.0] [cxt 0] qos.p4(178) Primitive hdr.ipv4.ttl = hdr.ipv4.ttl - 1
[22:31:58.173] [bmv2] [D] [thread 6423] [37.0] [cxt 0] Pipeline 'ingress': end
[22:31:58.173] [bmv2] [D] [thread 6423] [37.0] [cxt 0] Egress port is 2
[22:31:58.173] [bmv2] [D] [thread 6426] [37.0] [cxt 0] Pipeline 'egress': start
[22:31:58.173] [bmv2] [D] [thread 6426] [37.0] [cxt 0] Pipeline 'egress': end
[22:31:58.173] [bmv2] [D] [thread 6426] [37.0] [cxt 0] Deparser 'deparser': start
[22:31:58.174] [bmv2] [D] [thread 6426] [37.0] [cxt 0] Updating checksum 'cksum'
[22:31:58.174] [bmv2] [D] [thread 6426] [37.0] [cxt 0] Deparsing header 'ethernet'
[22:31:58.174] [bmv2] [D] [thread 6426] [37.0] [cxt 0] Deparsing header 'vlan'
[22:31:58.174] [bmv2] [D] [thread 6426] [37.0] [cxt 0] Deparsing header 'ipv4'
[22:31:58.174] [bmv2] [D] [thread 6426] [37.0] [cxt 0] Deparser 'deparser': end
[22:31:58.174] [bmv2] [D] [thread 6428] [37.0] [cxt 0] Transmitting packet of size 558 out of port 2
[22:31:58.302] [bmv2] [D] [thread 6423] [38.0] [cxt 0] Processing packet received on port 3
[22:31:58.302] [bmv2] [D] [thread 6423] [38.0] [cxt 0] Parser 'parser': start
[22:31:58.302] [bmv2] [D] [thread 6423] [38.0] [cxt 0] Parser 'parser' entering state 'start'
[22:31:58.302] [bmv2] [D] [thread 6423] [38.0] [cxt 0] Extracting header 'ethernet'
[22:31:58.302] [bmv2] [D] [thread 6423] [38.0] [cxt 0] Parser state 'start': key is 8100
[22:31:58.302] [bmv2] [T] [thread 6423] [38.0] [cxt 0] Bytes parsed: 14
[22:31:58.302] [bmv2] [D] [thread 6423] [38.0] [cxt 0] Parser 'parser' entering state 'parse_vlan'
[22:31:58.302] [bmv2] [D] [thread 6423] [38.0] [cxt 0] Extracting header 'vlan'
[22:31:58.302] [bmv2] [D] [thread 6423] [38.0] [cxt 0] Parser state 'parse_vlan': key is 0800
[22:31:58.302] [bmv2] [T] [thread 6423] [38.0] [cxt 0] Bytes parsed: 18
[22:31:58.302] [bmv2] [D] [thread 6423] [38.0] [cxt 0] Parser 'parser' entering state 'parse_ipv4'
[22:31:58.302] [bmv2] [D] [thread 6423] [38.0] [cxt 0] Extracting header 'ipv4'
[22:31:58.302] [bmv2] [D] [thread 6423] [38.0] [cxt 0] Parser set: setting field 'scalars.tmp' from expression, new value is 1
[22:31:58.302] [bmv2] [D] [thread 6423] [38.0] [cxt 0] Parser state 'parse_ipv4': key is 05
[22:31:58.303] [bmv2] [T] [thread 6423] [38.0] [cxt 0] Bytes parsed: 38
[22:31:58.303] [bmv2] [D] [thread 6423] [38.0] [cxt 0] Parser 'parser': end
[22:31:58.303] [bmv2] [D] [thread 6423] [38.0] [cxt 0] Pipeline 'ingress': start
[22:31:58.303] [bmv2] [T] [thread 6423] [38.0] [cxt 0] qos.p4(197) Condition "hdr.ipv4.isValid()" (node_2) is true
[22:31:58.303] [bmv2] [T] [thread 6423] [38.0] [cxt 0] qos.p4(198) Condition "hdr.ipv4_option.isValid()" (node_3) is false
[22:31:58.303] [bmv2] [T] [thread 6423] [38.0] [cxt 0] Applying table 'MyIngress.ipv4_lpm'
[22:31:58.303] [bmv2] [D] [thread 6423] [38.0] [cxt 0] Looking up key:
* hdr.ipv4.dstAddr    : 0a000202

[22:31:58.303] [bmv2] [D] [thread 6423] [38.0] [cxt 0] Table 'MyIngress.ipv4_lpm': hit with handle 0
[22:31:58.303] [bmv2] [D] [thread 6423] [38.0] [cxt 0] Dumping entry 0
Match key:
* hdr.ipv4.dstAddr    : LPM       0a000202/32
Action entry: MyIngress.ipv4_forward - 80000000202,2,

[22:31:58.303] [bmv2] [D] [thread 6423] [38.0] [cxt 0] Action entry is MyIngress.ipv4_forward - 80000000202,2,
[22:31:58.303] [bmv2] [T] [thread 6423] [38.0] [cxt 0] Action MyIngress.ipv4_forward
[22:31:58.303] [bmv2] [T] [thread 6423] [38.0] [cxt 0] qos.p4(175) Primitive standard_metadata.egress_spec = port
[22:31:58.303] [bmv2] [T] [thread 6423] [38.0] [cxt 0] qos.p4(176) Primitive hdr.ethernet.srcAddr = hdr.ethernet.dstAddr
[22:31:58.303] [bmv2] [T] [thread 6423] [38.0] [cxt 0] qos.p4(177) Primitive hdr.ethernet.dstAddr = dstAddr
[22:31:58.303] [bmv2] [T] [thread 6423] [38.0] [cxt 0] qos.p4(178) Primitive hdr.ipv4.ttl = hdr.ipv4.ttl - 1
[22:31:58.303] [bmv2] [D] [thread 6423] [38.0] [cxt 0] Pipeline 'ingress': end
[22:31:58.303] [bmv2] [D] [thread 6423] [38.0] [cxt 0] Egress port is 2
[22:31:58.303] [bmv2] [D] [thread 6426] [38.0] [cxt 0] Pipeline 'egress': start
[22:31:58.303] [bmv2] [D] [thread 6426] [38.0] [cxt 0] Pipeline 'egress': end
[22:31:58.303] [bmv2] [D] [thread 6426] [38.0] [cxt 0] Deparser 'deparser': start
[22:31:58.303] [bmv2] [D] [thread 6426] [38.0] [cxt 0] Updating checksum 'cksum'
[22:31:58.303] [bmv2] [D] [thread 6426] [38.0] [cxt 0] Deparsing header 'ethernet'
[22:31:58.303] [bmv2] [D] [thread 6426] [38.0] [cxt 0] Deparsing header 'vlan'
[22:31:58.303] [bmv2] [D] [thread 6426] [38.0] [cxt 0] Deparsing header 'ipv4'
[22:31:58.303] [bmv2] [D] [thread 6426] [38.0] [cxt 0] Deparser 'deparser': end
[22:31:58.303] [bmv2] [D] [thread 6428] [38.0] [cxt 0] Transmitting packet of size 558 out of port 2
[22:31:58.427] [bmv2] [D] [thread 6423] [39.0] [cxt 0] Processing packet received on port 3
[22:31:58.427] [bmv2] [D] [thread 6423] [39.0] [cxt 0] Parser 'parser': start
[22:31:58.427] [bmv2] [D] [thread 6423] [39.0] [cxt 0] Parser 'parser' entering state 'start'
[22:31:58.427] [bmv2] [D] [thread 6423] [39.0] [cxt 0] Extracting header 'ethernet'
[22:31:58.427] [bmv2] [D] [thread 6423] [39.0] [cxt 0] Parser state 'start': key is 8100
[22:31:58.427] [bmv2] [T] [thread 6423] [39.0] [cxt 0] Bytes parsed: 14
[22:31:58.427] [bmv2] [D] [thread 6423] [39.0] [cxt 0] Parser 'parser' entering state 'parse_vlan'
[22:31:58.427] [bmv2] [D] [thread 6423] [39.0] [cxt 0] Extracting header 'vlan'
[22:31:58.428] [bmv2] [D] [thread 6423] [39.0] [cxt 0] Parser state 'parse_vlan': key is 0800
[22:31:58.428] [bmv2] [T] [thread 6423] [39.0] [cxt 0] Bytes parsed: 18
[22:31:58.428] [bmv2] [D] [thread 6423] [39.0] [cxt 0] Parser 'parser' entering state 'parse_ipv4'
[22:31:58.428] [bmv2] [D] [thread 6423] [39.0] [cxt 0] Extracting header 'ipv4'
[22:31:58.428] [bmv2] [D] [thread 6423] [39.0] [cxt 0] Parser set: setting field 'scalars.tmp' from expression, new value is 1
[22:31:58.428] [bmv2] [D] [thread 6423] [39.0] [cxt 0] Parser state 'parse_ipv4': key is 05
[22:31:58.428] [bmv2] [T] [thread 6423] [39.0] [cxt 0] Bytes parsed: 38
[22:31:58.428] [bmv2] [D] [thread 6423] [39.0] [cxt 0] Parser 'parser': end
[22:31:58.428] [bmv2] [D] [thread 6423] [39.0] [cxt 0] Pipeline 'ingress': start
[22:31:58.428] [bmv2] [T] [thread 6423] [39.0] [cxt 0] qos.p4(197) Condition "hdr.ipv4.isValid()" (node_2) is true
[22:31:58.428] [bmv2] [T] [thread 6423] [39.0] [cxt 0] qos.p4(198) Condition "hdr.ipv4_option.isValid()" (node_3) is false
[22:31:58.428] [bmv2] [T] [thread 6423] [39.0] [cxt 0] Applying table 'MyIngress.ipv4_lpm'
[22:31:58.428] [bmv2] [D] [thread 6423] [39.0] [cxt 0] Looking up key:
* hdr.ipv4.dstAddr    : 0a000202

[22:31:58.428] [bmv2] [D] [thread 6423] [39.0] [cxt 0] Table 'MyIngress.ipv4_lpm': hit with handle 0
[22:31:58.428] [bmv2] [D] [thread 6423] [39.0] [cxt 0] Dumping entry 0
Match key:
* hdr.ipv4.dstAddr    : LPM       0a000202/32
Action entry: MyIngress.ipv4_forward - 80000000202,2,

[22:31:58.428] [bmv2] [D] [thread 6423] [39.0] [cxt 0] Action entry is MyIngress.ipv4_forward - 80000000202,2,
[22:31:58.428] [bmv2] [T] [thread 6423] [39.0] [cxt 0] Action MyIngress.ipv4_forward
[22:31:58.428] [bmv2] [T] [thread 6423] [39.0] [cxt 0] qos.p4(175) Primitive standard_metadata.egress_spec = port
[22:31:58.428] [bmv2] [T] [thread 6423] [39.0] [cxt 0] qos.p4(176) Primitive hdr.ethernet.srcAddr = hdr.ethernet.dstAddr
[22:31:58.428] [bmv2] [T] [thread 6423] [39.0] [cxt 0] qos.p4(177) Primitive hdr.ethernet.dstAddr = dstAddr
[22:31:58.428] [bmv2] [T] [thread 6423] [39.0] [cxt 0] qos.p4(178) Primitive hdr.ipv4.ttl = hdr.ipv4.ttl - 1
[22:31:58.429] [bmv2] [D] [thread 6423] [39.0] [cxt 0] Pipeline 'ingress': end
[22:31:58.429] [bmv2] [D] [thread 6423] [39.0] [cxt 0] Egress port is 2
[22:31:58.429] [bmv2] [D] [thread 6426] [39.0] [cxt 0] Pipeline 'egress': start
[22:31:58.429] [bmv2] [D] [thread 6426] [39.0] [cxt 0] Pipeline 'egress': end
[22:31:58.429] [bmv2] [D] [thread 6426] [39.0] [cxt 0] Deparser 'deparser': start
[22:31:58.429] [bmv2] [D] [thread 6426] [39.0] [cxt 0] Updating checksum 'cksum'
[22:31:58.429] [bmv2] [D] [thread 6426] [39.0] [cxt 0] Deparsing header 'ethernet'
[22:31:58.429] [bmv2] [D] [thread 6426] [39.0] [cxt 0] Deparsing header 'vlan'
[22:31:58.429] [bmv2] [D] [thread 6426] [39.0] [cxt 0] Deparsing header 'ipv4'
[22:31:58.429] [bmv2] [D] [thread 6426] [39.0] [cxt 0] Deparser 'deparser': end
[22:31:58.429] [bmv2] [D] [thread 6428] [39.0] [cxt 0] Transmitting packet of size 558 out of port 2
[22:31:58.552] [bmv2] [D] [thread 6423] [40.0] [cxt 0] Processing packet received on port 3
[22:31:58.552] [bmv2] [D] [thread 6423] [40.0] [cxt 0] Parser 'parser': start
[22:31:58.552] [bmv2] [D] [thread 6423] [40.0] [cxt 0] Parser 'parser' entering state 'start'
[22:31:58.552] [bmv2] [D] [thread 6423] [40.0] [cxt 0] Extracting header 'ethernet'
[22:31:58.552] [bmv2] [D] [thread 6423] [40.0] [cxt 0] Parser state 'start': key is 8100
[22:31:58.552] [bmv2] [T] [thread 6423] [40.0] [cxt 0] Bytes parsed: 14
[22:31:58.552] [bmv2] [D] [thread 6423] [40.0] [cxt 0] Parser 'parser' entering state 'parse_vlan'
[22:31:58.552] [bmv2] [D] [thread 6423] [40.0] [cxt 0] Extracting header 'vlan'
[22:31:58.552] [bmv2] [D] [thread 6423] [40.0] [cxt 0] Parser state 'parse_vlan': key is 0800
[22:31:58.552] [bmv2] [T] [thread 6423] [40.0] [cxt 0] Bytes parsed: 18
[22:31:58.552] [bmv2] [D] [thread 6423] [40.0] [cxt 0] Parser 'parser' entering state 'parse_ipv4'
[22:31:58.552] [bmv2] [D] [thread 6423] [40.0] [cxt 0] Extracting header 'ipv4'
[22:31:58.552] [bmv2] [D] [thread 6423] [40.0] [cxt 0] Parser set: setting field 'scalars.tmp' from expression, new value is 1
[22:31:58.552] [bmv2] [D] [thread 6423] [40.0] [cxt 0] Parser state 'parse_ipv4': key is 05
[22:31:58.552] [bmv2] [T] [thread 6423] [40.0] [cxt 0] Bytes parsed: 38
[22:31:58.552] [bmv2] [D] [thread 6423] [40.0] [cxt 0] Parser 'parser': end
[22:31:58.552] [bmv2] [D] [thread 6423] [40.0] [cxt 0] Pipeline 'ingress': start
[22:31:58.552] [bmv2] [T] [thread 6423] [40.0] [cxt 0] qos.p4(197) Condition "hdr.ipv4.isValid()" (node_2) is true
[22:31:58.552] [bmv2] [T] [thread 6423] [40.0] [cxt 0] qos.p4(198) Condition "hdr.ipv4_option.isValid()" (node_3) is false
[22:31:58.552] [bmv2] [T] [thread 6423] [40.0] [cxt 0] Applying table 'MyIngress.ipv4_lpm'
[22:31:58.552] [bmv2] [D] [thread 6423] [40.0] [cxt 0] Looking up key:
* hdr.ipv4.dstAddr    : 0a000202

[22:31:58.553] [bmv2] [D] [thread 6423] [40.0] [cxt 0] Table 'MyIngress.ipv4_lpm': hit with handle 0
[22:31:58.553] [bmv2] [D] [thread 6423] [40.0] [cxt 0] Dumping entry 0
Match key:
* hdr.ipv4.dstAddr    : LPM       0a000202/32
Action entry: MyIngress.ipv4_forward - 80000000202,2,

[22:31:58.553] [bmv2] [D] [thread 6423] [40.0] [cxt 0] Action entry is MyIngress.ipv4_forward - 80000000202,2,
[22:31:58.553] [bmv2] [T] [thread 6423] [40.0] [cxt 0] Action MyIngress.ipv4_forward
[22:31:58.553] [bmv2] [T] [thread 6423] [40.0] [cxt 0] qos.p4(175) Primitive standard_metadata.egress_spec = port
[22:31:58.553] [bmv2] [T] [thread 6423] [40.0] [cxt 0] qos.p4(176) Primitive hdr.ethernet.srcAddr = hdr.ethernet.dstAddr
[22:31:58.553] [bmv2] [T] [thread 6423] [40.0] [cxt 0] qos.p4(177) Primitive hdr.ethernet.dstAddr = dstAddr
[22:31:58.553] [bmv2] [T] [thread 6423] [40.0] [cxt 0] qos.p4(178) Primitive hdr.ipv4.ttl = hdr.ipv4.ttl - 1
[22:31:58.553] [bmv2] [D] [thread 6423] [40.0] [cxt 0] Pipeline 'ingress': end
[22:31:58.553] [bmv2] [D] [thread 6423] [40.0] [cxt 0] Egress port is 2
[22:31:58.553] [bmv2] [D] [thread 6426] [40.0] [cxt 0] Pipeline 'egress': start
[22:31:58.553] [bmv2] [D] [thread 6426] [40.0] [cxt 0] Pipeline 'egress': end
[22:31:58.553] [bmv2] [D] [thread 6426] [40.0] [cxt 0] Deparser 'deparser': start
[22:31:58.553] [bmv2] [D] [thread 6426] [40.0] [cxt 0] Updating checksum 'cksum'
[22:31:58.553] [bmv2] [D] [thread 6426] [40.0] [cxt 0] Deparsing header 'ethernet'
[22:31:58.553] [bmv2] [D] [thread 6426] [40.0] [cxt 0] Deparsing header 'vlan'
[22:31:58.553] [bmv2] [D] [thread 6426] [40.0] [cxt 0] Deparsing header 'ipv4'
[22:31:58.553] [bmv2] [D] [thread 6426] [40.0] [cxt 0] Deparser 'deparser': end
[22:31:58.553] [bmv2] [D] [thread 6428] [40.0] [cxt 0] Transmitting packet of size 558 out of port 2
[22:31:58.675] [bmv2] [D] [thread 6423] [41.0] [cxt 0] Processing packet received on port 3
[22:31:58.675] [bmv2] [D] [thread 6423] [41.0] [cxt 0] Parser 'parser': start
[22:31:58.675] [bmv2] [D] [thread 6423] [41.0] [cxt 0] Parser 'parser' entering state 'start'
[22:31:58.675] [bmv2] [D] [thread 6423] [41.0] [cxt 0] Extracting header 'ethernet'
[22:31:58.675] [bmv2] [D] [thread 6423] [41.0] [cxt 0] Parser state 'start': key is 8100
[22:31:58.675] [bmv2] [T] [thread 6423] [41.0] [cxt 0] Bytes parsed: 14
[22:31:58.675] [bmv2] [D] [thread 6423] [41.0] [cxt 0] Parser 'parser' entering state 'parse_vlan'
[22:31:58.675] [bmv2] [D] [thread 6423] [41.0] [cxt 0] Extracting header 'vlan'
[22:31:58.676] [bmv2] [D] [thread 6423] [41.0] [cxt 0] Parser state 'parse_vlan': key is 0800
[22:31:58.676] [bmv2] [T] [thread 6423] [41.0] [cxt 0] Bytes parsed: 18
[22:31:58.676] [bmv2] [D] [thread 6423] [41.0] [cxt 0] Parser 'parser' entering state 'parse_ipv4'
[22:31:58.676] [bmv2] [D] [thread 6423] [41.0] [cxt 0] Extracting header 'ipv4'
[22:31:58.676] [bmv2] [D] [thread 6423] [41.0] [cxt 0] Parser set: setting field 'scalars.tmp' from expression, new value is 1
[22:31:58.676] [bmv2] [D] [thread 6423] [41.0] [cxt 0] Parser state 'parse_ipv4': key is 05
[22:31:58.676] [bmv2] [T] [thread 6423] [41.0] [cxt 0] Bytes parsed: 38
[22:31:58.676] [bmv2] [D] [thread 6423] [41.0] [cxt 0] Parser 'parser': end
[22:31:58.676] [bmv2] [D] [thread 6423] [41.0] [cxt 0] Pipeline 'ingress': start
[22:31:58.676] [bmv2] [T] [thread 6423] [41.0] [cxt 0] qos.p4(197) Condition "hdr.ipv4.isValid()" (node_2) is true
[22:31:58.676] [bmv2] [T] [thread 6423] [41.0] [cxt 0] qos.p4(198) Condition "hdr.ipv4_option.isValid()" (node_3) is false
[22:31:58.676] [bmv2] [T] [thread 6423] [41.0] [cxt 0] Applying table 'MyIngress.ipv4_lpm'
[22:31:58.676] [bmv2] [D] [thread 6423] [41.0] [cxt 0] Looking up key:
* hdr.ipv4.dstAddr    : 0a000202

[22:31:58.676] [bmv2] [D] [thread 6423] [41.0] [cxt 0] Table 'MyIngress.ipv4_lpm': hit with handle 0
[22:31:58.676] [bmv2] [D] [thread 6423] [41.0] [cxt 0] Dumping entry 0
Match key:
* hdr.ipv4.dstAddr    : LPM       0a000202/32
Action entry: MyIngress.ipv4_forward - 80000000202,2,

[22:31:58.677] [bmv2] [D] [thread 6423] [41.0] [cxt 0] Action entry is MyIngress.ipv4_forward - 80000000202,2,
[22:31:58.677] [bmv2] [T] [thread 6423] [41.0] [cxt 0] Action MyIngress.ipv4_forward
[22:31:58.677] [bmv2] [T] [thread 6423] [41.0] [cxt 0] qos.p4(175) Primitive standard_metadata.egress_spec = port
[22:31:58.677] [bmv2] [T] [thread 6423] [41.0] [cxt 0] qos.p4(176) Primitive hdr.ethernet.srcAddr = hdr.ethernet.dstAddr
[22:31:58.677] [bmv2] [T] [thread 6423] [41.0] [cxt 0] qos.p4(177) Primitive hdr.ethernet.dstAddr = dstAddr
[22:31:58.677] [bmv2] [T] [thread 6423] [41.0] [cxt 0] qos.p4(178) Primitive hdr.ipv4.ttl = hdr.ipv4.ttl - 1
[22:31:58.677] [bmv2] [D] [thread 6423] [41.0] [cxt 0] Pipeline 'ingress': end
[22:31:58.677] [bmv2] [D] [thread 6423] [41.0] [cxt 0] Egress port is 2
[22:31:58.677] [bmv2] [D] [thread 6426] [41.0] [cxt 0] Pipeline 'egress': start
[22:31:58.677] [bmv2] [D] [thread 6426] [41.0] [cxt 0] Pipeline 'egress': end
[22:31:58.677] [bmv2] [D] [thread 6426] [41.0] [cxt 0] Deparser 'deparser': start
[22:31:58.677] [bmv2] [D] [thread 6426] [41.0] [cxt 0] Updating checksum 'cksum'
[22:31:58.677] [bmv2] [D] [thread 6426] [41.0] [cxt 0] Deparsing header 'ethernet'
[22:31:58.677] [bmv2] [D] [thread 6426] [41.0] [cxt 0] Deparsing header 'vlan'
[22:31:58.677] [bmv2] [D] [thread 6426] [41.0] [cxt 0] Deparsing header 'ipv4'
[22:31:58.677] [bmv2] [D] [thread 6426] [41.0] [cxt 0] Deparser 'deparser': end
[22:31:58.677] [bmv2] [D] [thread 6428] [41.0] [cxt 0] Transmitting packet of size 558 out of port 2
[22:31:58.802] [bmv2] [D] [thread 6423] [42.0] [cxt 0] Processing packet received on port 3
[22:31:58.802] [bmv2] [D] [thread 6423] [42.0] [cxt 0] Parser 'parser': start
[22:31:58.802] [bmv2] [D] [thread 6423] [42.0] [cxt 0] Parser 'parser' entering state 'start'
[22:31:58.802] [bmv2] [D] [thread 6423] [42.0] [cxt 0] Extracting header 'ethernet'
[22:31:58.803] [bmv2] [D] [thread 6423] [42.0] [cxt 0] Parser state 'start': key is 8100
[22:31:58.803] [bmv2] [T] [thread 6423] [42.0] [cxt 0] Bytes parsed: 14
[22:31:58.803] [bmv2] [D] [thread 6423] [42.0] [cxt 0] Parser 'parser' entering state 'parse_vlan'
[22:31:58.803] [bmv2] [D] [thread 6423] [42.0] [cxt 0] Extracting header 'vlan'
[22:31:58.803] [bmv2] [D] [thread 6423] [42.0] [cxt 0] Parser state 'parse_vlan': key is 0800
[22:31:58.803] [bmv2] [T] [thread 6423] [42.0] [cxt 0] Bytes parsed: 18
[22:31:58.803] [bmv2] [D] [thread 6423] [42.0] [cxt 0] Parser 'parser' entering state 'parse_ipv4'
[22:31:58.803] [bmv2] [D] [thread 6423] [42.0] [cxt 0] Extracting header 'ipv4'
[22:31:58.803] [bmv2] [D] [thread 6423] [42.0] [cxt 0] Parser set: setting field 'scalars.tmp' from expression, new value is 1
[22:31:58.803] [bmv2] [D] [thread 6423] [42.0] [cxt 0] Parser state 'parse_ipv4': key is 05
[22:31:58.803] [bmv2] [T] [thread 6423] [42.0] [cxt 0] Bytes parsed: 38
[22:31:58.803] [bmv2] [D] [thread 6423] [42.0] [cxt 0] Parser 'parser': end
[22:31:58.803] [bmv2] [D] [thread 6423] [42.0] [cxt 0] Pipeline 'ingress': start
[22:31:58.803] [bmv2] [T] [thread 6423] [42.0] [cxt 0] qos.p4(197) Condition "hdr.ipv4.isValid()" (node_2) is true
[22:31:58.803] [bmv2] [T] [thread 6423] [42.0] [cxt 0] qos.p4(198) Condition "hdr.ipv4_option.isValid()" (node_3) is false
[22:31:58.803] [bmv2] [T] [thread 6423] [42.0] [cxt 0] Applying table 'MyIngress.ipv4_lpm'
[22:31:58.803] [bmv2] [D] [thread 6423] [42.0] [cxt 0] Looking up key:
* hdr.ipv4.dstAddr    : 0a000202

[22:31:58.803] [bmv2] [D] [thread 6423] [42.0] [cxt 0] Table 'MyIngress.ipv4_lpm': hit with handle 0
[22:31:58.803] [bmv2] [D] [thread 6423] [42.0] [cxt 0] Dumping entry 0
Match key:
* hdr.ipv4.dstAddr    : LPM       0a000202/32
Action entry: MyIngress.ipv4_forward - 80000000202,2,

[22:31:58.803] [bmv2] [D] [thread 6423] [42.0] [cxt 0] Action entry is MyIngress.ipv4_forward - 80000000202,2,
[22:31:58.803] [bmv2] [T] [thread 6423] [42.0] [cxt 0] Action MyIngress.ipv4_forward
[22:31:58.803] [bmv2] [T] [thread 6423] [42.0] [cxt 0] qos.p4(175) Primitive standard_metadata.egress_spec = port
[22:31:58.803] [bmv2] [T] [thread 6423] [42.0] [cxt 0] qos.p4(176) Primitive hdr.ethernet.srcAddr = hdr.ethernet.dstAddr
[22:31:58.803] [bmv2] [T] [thread 6423] [42.0] [cxt 0] qos.p4(177) Primitive hdr.ethernet.dstAddr = dstAddr
[22:31:58.803] [bmv2] [T] [thread 6423] [42.0] [cxt 0] qos.p4(178) Primitive hdr.ipv4.ttl = hdr.ipv4.ttl - 1
[22:31:58.803] [bmv2] [D] [thread 6423] [42.0] [cxt 0] Pipeline 'ingress': end
[22:31:58.803] [bmv2] [D] [thread 6423] [42.0] [cxt 0] Egress port is 2
[22:31:58.804] [bmv2] [D] [thread 6426] [42.0] [cxt 0] Pipeline 'egress': start
[22:31:58.804] [bmv2] [D] [thread 6426] [42.0] [cxt 0] Pipeline 'egress': end
[22:31:58.804] [bmv2] [D] [thread 6426] [42.0] [cxt 0] Deparser 'deparser': start
[22:31:58.804] [bmv2] [D] [thread 6426] [42.0] [cxt 0] Updating checksum 'cksum'
[22:31:58.804] [bmv2] [D] [thread 6426] [42.0] [cxt 0] Deparsing header 'ethernet'
[22:31:58.804] [bmv2] [D] [thread 6426] [42.0] [cxt 0] Deparsing header 'vlan'
[22:31:58.804] [bmv2] [D] [thread 6426] [42.0] [cxt 0] Deparsing header 'ipv4'
[22:31:58.804] [bmv2] [D] [thread 6426] [42.0] [cxt 0] Deparser 'deparser': end
[22:31:58.804] [bmv2] [D] [thread 6428] [42.0] [cxt 0] Transmitting packet of size 558 out of port 2
[22:31:58.926] [bmv2] [D] [thread 6423] [43.0] [cxt 0] Processing packet received on port 3
[22:31:58.926] [bmv2] [D] [thread 6423] [43.0] [cxt 0] Parser 'parser': start
[22:31:58.926] [bmv2] [D] [thread 6423] [43.0] [cxt 0] Parser 'parser' entering state 'start'
[22:31:58.927] [bmv2] [D] [thread 6423] [43.0] [cxt 0] Extracting header 'ethernet'
[22:31:58.927] [bmv2] [D] [thread 6423] [43.0] [cxt 0] Parser state 'start': key is 8100
[22:31:58.927] [bmv2] [T] [thread 6423] [43.0] [cxt 0] Bytes parsed: 14
[22:31:58.927] [bmv2] [D] [thread 6423] [43.0] [cxt 0] Parser 'parser' entering state 'parse_vlan'
[22:31:58.927] [bmv2] [D] [thread 6423] [43.0] [cxt 0] Extracting header 'vlan'
[22:31:58.927] [bmv2] [D] [thread 6423] [43.0] [cxt 0] Parser state 'parse_vlan': key is 0800
[22:31:58.927] [bmv2] [T] [thread 6423] [43.0] [cxt 0] Bytes parsed: 18
[22:31:58.927] [bmv2] [D] [thread 6423] [43.0] [cxt 0] Parser 'parser' entering state 'parse_ipv4'
[22:31:58.927] [bmv2] [D] [thread 6423] [43.0] [cxt 0] Extracting header 'ipv4'
[22:31:58.927] [bmv2] [D] [thread 6423] [43.0] [cxt 0] Parser set: setting field 'scalars.tmp' from expression, new value is 1
[22:31:58.927] [bmv2] [D] [thread 6423] [43.0] [cxt 0] Parser state 'parse_ipv4': key is 05
[22:31:58.927] [bmv2] [T] [thread 6423] [43.0] [cxt 0] Bytes parsed: 38
[22:31:58.927] [bmv2] [D] [thread 6423] [43.0] [cxt 0] Parser 'parser': end
[22:31:58.927] [bmv2] [D] [thread 6423] [43.0] [cxt 0] Pipeline 'ingress': start
[22:31:58.927] [bmv2] [T] [thread 6423] [43.0] [cxt 0] qos.p4(197) Condition "hdr.ipv4.isValid()" (node_2) is true
[22:31:58.927] [bmv2] [T] [thread 6423] [43.0] [cxt 0] qos.p4(198) Condition "hdr.ipv4_option.isValid()" (node_3) is false
[22:31:58.927] [bmv2] [T] [thread 6423] [43.0] [cxt 0] Applying table 'MyIngress.ipv4_lpm'
[22:31:58.927] [bmv2] [D] [thread 6423] [43.0] [cxt 0] Looking up key:
* hdr.ipv4.dstAddr    : 0a000202

[22:31:58.927] [bmv2] [D] [thread 6423] [43.0] [cxt 0] Table 'MyIngress.ipv4_lpm': hit with handle 0
[22:31:58.928] [bmv2] [D] [thread 6423] [43.0] [cxt 0] Dumping entry 0
Match key:
* hdr.ipv4.dstAddr    : LPM       0a000202/32
Action entry: MyIngress.ipv4_forward - 80000000202,2,

[22:31:58.928] [bmv2] [D] [thread 6423] [43.0] [cxt 0] Action entry is MyIngress.ipv4_forward - 80000000202,2,
[22:31:58.928] [bmv2] [T] [thread 6423] [43.0] [cxt 0] Action MyIngress.ipv4_forward
[22:31:58.928] [bmv2] [T] [thread 6423] [43.0] [cxt 0] qos.p4(175) Primitive standard_metadata.egress_spec = port
[22:31:58.928] [bmv2] [T] [thread 6423] [43.0] [cxt 0] qos.p4(176) Primitive hdr.ethernet.srcAddr = hdr.ethernet.dstAddr
[22:31:58.928] [bmv2] [T] [thread 6423] [43.0] [cxt 0] qos.p4(177) Primitive hdr.ethernet.dstAddr = dstAddr
[22:31:58.928] [bmv2] [T] [thread 6423] [43.0] [cxt 0] qos.p4(178) Primitive hdr.ipv4.ttl = hdr.ipv4.ttl - 1
[22:31:58.928] [bmv2] [D] [thread 6423] [43.0] [cxt 0] Pipeline 'ingress': end
[22:31:58.928] [bmv2] [D] [thread 6423] [43.0] [cxt 0] Egress port is 2
[22:31:58.928] [bmv2] [D] [thread 6426] [43.0] [cxt 0] Pipeline 'egress': start
[22:31:58.928] [bmv2] [D] [thread 6426] [43.0] [cxt 0] Pipeline 'egress': end
[22:31:58.928] [bmv2] [D] [thread 6426] [43.0] [cxt 0] Deparser 'deparser': start
[22:31:58.928] [bmv2] [D] [thread 6426] [43.0] [cxt 0] Updating checksum 'cksum'
[22:31:58.928] [bmv2] [D] [thread 6426] [43.0] [cxt 0] Deparsing header 'ethernet'
[22:31:58.928] [bmv2] [D] [thread 6426] [43.0] [cxt 0] Deparsing header 'vlan'
[22:31:58.928] [bmv2] [D] [thread 6426] [43.0] [cxt 0] Deparsing header 'ipv4'
[22:31:58.928] [bmv2] [D] [thread 6426] [43.0] [cxt 0] Deparser 'deparser': end
[22:31:58.928] [bmv2] [D] [thread 6428] [43.0] [cxt 0] Transmitting packet of size 558 out of port 2
[22:31:59.052] [bmv2] [D] [thread 6423] [44.0] [cxt 0] Processing packet received on port 3
[22:31:59.052] [bmv2] [D] [thread 6423] [44.0] [cxt 0] Parser 'parser': start
[22:31:59.052] [bmv2] [D] [thread 6423] [44.0] [cxt 0] Parser 'parser' entering state 'start'
[22:31:59.052] [bmv2] [D] [thread 6423] [44.0] [cxt 0] Extracting header 'ethernet'
[22:31:59.052] [bmv2] [D] [thread 6423] [44.0] [cxt 0] Parser state 'start': key is 8100
[22:31:59.052] [bmv2] [T] [thread 6423] [44.0] [cxt 0] Bytes parsed: 14
[22:31:59.052] [bmv2] [D] [thread 6423] [44.0] [cxt 0] Parser 'parser' entering state 'parse_vlan'
[22:31:59.052] [bmv2] [D] [thread 6423] [44.0] [cxt 0] Extracting header 'vlan'
[22:31:59.052] [bmv2] [D] [thread 6423] [44.0] [cxt 0] Parser state 'parse_vlan': key is 0800
[22:31:59.052] [bmv2] [T] [thread 6423] [44.0] [cxt 0] Bytes parsed: 18
[22:31:59.052] [bmv2] [D] [thread 6423] [44.0] [cxt 0] Parser 'parser' entering state 'parse_ipv4'
[22:31:59.052] [bmv2] [D] [thread 6423] [44.0] [cxt 0] Extracting header 'ipv4'
[22:31:59.052] [bmv2] [D] [thread 6423] [44.0] [cxt 0] Parser set: setting field 'scalars.tmp' from expression, new value is 1
[22:31:59.052] [bmv2] [D] [thread 6423] [44.0] [cxt 0] Parser state 'parse_ipv4': key is 05
[22:31:59.052] [bmv2] [T] [thread 6423] [44.0] [cxt 0] Bytes parsed: 38
[22:31:59.052] [bmv2] [D] [thread 6423] [44.0] [cxt 0] Parser 'parser': end
[22:31:59.052] [bmv2] [D] [thread 6423] [44.0] [cxt 0] Pipeline 'ingress': start
[22:31:59.053] [bmv2] [T] [thread 6423] [44.0] [cxt 0] qos.p4(197) Condition "hdr.ipv4.isValid()" (node_2) is true
[22:31:59.053] [bmv2] [T] [thread 6423] [44.0] [cxt 0] qos.p4(198) Condition "hdr.ipv4_option.isValid()" (node_3) is false
[22:31:59.053] [bmv2] [T] [thread 6423] [44.0] [cxt 0] Applying table 'MyIngress.ipv4_lpm'
[22:31:59.053] [bmv2] [D] [thread 6423] [44.0] [cxt 0] Looking up key:
* hdr.ipv4.dstAddr    : 0a000202

[22:31:59.053] [bmv2] [D] [thread 6423] [44.0] [cxt 0] Table 'MyIngress.ipv4_lpm': hit with handle 0
[22:31:59.053] [bmv2] [D] [thread 6423] [44.0] [cxt 0] Dumping entry 0
Match key:
* hdr.ipv4.dstAddr    : LPM       0a000202/32
Action entry: MyIngress.ipv4_forward - 80000000202,2,

[22:31:59.053] [bmv2] [D] [thread 6423] [44.0] [cxt 0] Action entry is MyIngress.ipv4_forward - 80000000202,2,
[22:31:59.053] [bmv2] [T] [thread 6423] [44.0] [cxt 0] Action MyIngress.ipv4_forward
[22:31:59.053] [bmv2] [T] [thread 6423] [44.0] [cxt 0] qos.p4(175) Primitive standard_metadata.egress_spec = port
[22:31:59.053] [bmv2] [T] [thread 6423] [44.0] [cxt 0] qos.p4(176) Primitive hdr.ethernet.srcAddr = hdr.ethernet.dstAddr
[22:31:59.053] [bmv2] [T] [thread 6423] [44.0] [cxt 0] qos.p4(177) Primitive hdr.ethernet.dstAddr = dstAddr
[22:31:59.053] [bmv2] [T] [thread 6423] [44.0] [cxt 0] qos.p4(178) Primitive hdr.ipv4.ttl = hdr.ipv4.ttl - 1
[22:31:59.053] [bmv2] [D] [thread 6423] [44.0] [cxt 0] Pipeline 'ingress': end
[22:31:59.053] [bmv2] [D] [thread 6423] [44.0] [cxt 0] Egress port is 2
[22:31:59.053] [bmv2] [D] [thread 6426] [44.0] [cxt 0] Pipeline 'egress': start
[22:31:59.053] [bmv2] [D] [thread 6426] [44.0] [cxt 0] Pipeline 'egress': end
[22:31:59.053] [bmv2] [D] [thread 6426] [44.0] [cxt 0] Deparser 'deparser': start
[22:31:59.053] [bmv2] [D] [thread 6426] [44.0] [cxt 0] Updating checksum 'cksum'
[22:31:59.053] [bmv2] [D] [thread 6426] [44.0] [cxt 0] Deparsing header 'ethernet'
[22:31:59.053] [bmv2] [D] [thread 6426] [44.0] [cxt 0] Deparsing header 'vlan'
[22:31:59.053] [bmv2] [D] [thread 6426] [44.0] [cxt 0] Deparsing header 'ipv4'
[22:31:59.053] [bmv2] [D] [thread 6426] [44.0] [cxt 0] Deparser 'deparser': end
[22:31:59.053] [bmv2] [D] [thread 6428] [44.0] [cxt 0] Transmitting packet of size 558 out of port 2
[22:31:59.175] [bmv2] [D] [thread 6423] [45.0] [cxt 0] Processing packet received on port 3
[22:31:59.175] [bmv2] [D] [thread 6423] [45.0] [cxt 0] Parser 'parser': start
[22:31:59.175] [bmv2] [D] [thread 6423] [45.0] [cxt 0] Parser 'parser' entering state 'start'
[22:31:59.175] [bmv2] [D] [thread 6423] [45.0] [cxt 0] Extracting header 'ethernet'
[22:31:59.175] [bmv2] [D] [thread 6423] [45.0] [cxt 0] Parser state 'start': key is 8100
[22:31:59.175] [bmv2] [T] [thread 6423] [45.0] [cxt 0] Bytes parsed: 14
[22:31:59.176] [bmv2] [D] [thread 6423] [45.0] [cxt 0] Parser 'parser' entering state 'parse_vlan'
[22:31:59.176] [bmv2] [D] [thread 6423] [45.0] [cxt 0] Extracting header 'vlan'
[22:31:59.176] [bmv2] [D] [thread 6423] [45.0] [cxt 0] Parser state 'parse_vlan': key is 0800
[22:31:59.176] [bmv2] [T] [thread 6423] [45.0] [cxt 0] Bytes parsed: 18
[22:31:59.176] [bmv2] [D] [thread 6423] [45.0] [cxt 0] Parser 'parser' entering state 'parse_ipv4'
[22:31:59.176] [bmv2] [D] [thread 6423] [45.0] [cxt 0] Extracting header 'ipv4'
[22:31:59.176] [bmv2] [D] [thread 6423] [45.0] [cxt 0] Parser set: setting field 'scalars.tmp' from expression, new value is 1
[22:31:59.176] [bmv2] [D] [thread 6423] [45.0] [cxt 0] Parser state 'parse_ipv4': key is 05
[22:31:59.176] [bmv2] [T] [thread 6423] [45.0] [cxt 0] Bytes parsed: 38
[22:31:59.176] [bmv2] [D] [thread 6423] [45.0] [cxt 0] Parser 'parser': end
[22:31:59.176] [bmv2] [D] [thread 6423] [45.0] [cxt 0] Pipeline 'ingress': start
[22:31:59.176] [bmv2] [T] [thread 6423] [45.0] [cxt 0] qos.p4(197) Condition "hdr.ipv4.isValid()" (node_2) is true
[22:31:59.176] [bmv2] [T] [thread 6423] [45.0] [cxt 0] qos.p4(198) Condition "hdr.ipv4_option.isValid()" (node_3) is false
[22:31:59.176] [bmv2] [T] [thread 6423] [45.0] [cxt 0] Applying table 'MyIngress.ipv4_lpm'
[22:31:59.176] [bmv2] [D] [thread 6423] [45.0] [cxt 0] Looking up key:
* hdr.ipv4.dstAddr    : 0a000202

[22:31:59.176] [bmv2] [D] [thread 6423] [45.0] [cxt 0] Table 'MyIngress.ipv4_lpm': hit with handle 0
[22:31:59.176] [bmv2] [D] [thread 6423] [45.0] [cxt 0] Dumping entry 0
Match key:
* hdr.ipv4.dstAddr    : LPM       0a000202/32
Action entry: MyIngress.ipv4_forward - 80000000202,2,

[22:31:59.176] [bmv2] [D] [thread 6423] [45.0] [cxt 0] Action entry is MyIngress.ipv4_forward - 80000000202,2,
[22:31:59.176] [bmv2] [T] [thread 6423] [45.0] [cxt 0] Action MyIngress.ipv4_forward
[22:31:59.176] [bmv2] [T] [thread 6423] [45.0] [cxt 0] qos.p4(175) Primitive standard_metadata.egress_spec = port
[22:31:59.176] [bmv2] [T] [thread 6423] [45.0] [cxt 0] qos.p4(176) Primitive hdr.ethernet.srcAddr = hdr.ethernet.dstAddr
[22:31:59.176] [bmv2] [T] [thread 6423] [45.0] [cxt 0] qos.p4(177) Primitive hdr.ethernet.dstAddr = dstAddr
[22:31:59.176] [bmv2] [T] [thread 6423] [45.0] [cxt 0] qos.p4(178) Primitive hdr.ipv4.ttl = hdr.ipv4.ttl - 1
[22:31:59.176] [bmv2] [D] [thread 6423] [45.0] [cxt 0] Pipeline 'ingress': end
[22:31:59.176] [bmv2] [D] [thread 6423] [45.0] [cxt 0] Egress port is 2
[22:31:59.177] [bmv2] [D] [thread 6426] [45.0] [cxt 0] Pipeline 'egress': start
[22:31:59.177] [bmv2] [D] [thread 6426] [45.0] [cxt 0] Pipeline 'egress': end
[22:31:59.177] [bmv2] [D] [thread 6426] [45.0] [cxt 0] Deparser 'deparser': start
[22:31:59.177] [bmv2] [D] [thread 6426] [45.0] [cxt 0] Updating checksum 'cksum'
[22:31:59.177] [bmv2] [D] [thread 6426] [45.0] [cxt 0] Deparsing header 'ethernet'
[22:31:59.177] [bmv2] [D] [thread 6426] [45.0] [cxt 0] Deparsing header 'vlan'
[22:31:59.177] [bmv2] [D] [thread 6426] [45.0] [cxt 0] Deparsing header 'ipv4'
[22:31:59.177] [bmv2] [D] [thread 6426] [45.0] [cxt 0] Deparser 'deparser': end
[22:31:59.177] [bmv2] [D] [thread 6428] [45.0] [cxt 0] Transmitting packet of size 558 out of port 2
[22:31:59.300] [bmv2] [D] [thread 6423] [46.0] [cxt 0] Processing packet received on port 3
[22:31:59.300] [bmv2] [D] [thread 6423] [46.0] [cxt 0] Parser 'parser': start
[22:31:59.300] [bmv2] [D] [thread 6423] [46.0] [cxt 0] Parser 'parser' entering state 'start'
[22:31:59.300] [bmv2] [D] [thread 6423] [46.0] [cxt 0] Extracting header 'ethernet'
[22:31:59.301] [bmv2] [D] [thread 6423] [46.0] [cxt 0] Parser state 'start': key is 8100
[22:31:59.301] [bmv2] [T] [thread 6423] [46.0] [cxt 0] Bytes parsed: 14
[22:31:59.301] [bmv2] [D] [thread 6423] [46.0] [cxt 0] Parser 'parser' entering state 'parse_vlan'
[22:31:59.301] [bmv2] [D] [thread 6423] [46.0] [cxt 0] Extracting header 'vlan'
[22:31:59.301] [bmv2] [D] [thread 6423] [46.0] [cxt 0] Parser state 'parse_vlan': key is 0800
[22:31:59.301] [bmv2] [T] [thread 6423] [46.0] [cxt 0] Bytes parsed: 18
[22:31:59.301] [bmv2] [D] [thread 6423] [46.0] [cxt 0] Parser 'parser' entering state 'parse_ipv4'
[22:31:59.301] [bmv2] [D] [thread 6423] [46.0] [cxt 0] Extracting header 'ipv4'
[22:31:59.301] [bmv2] [D] [thread 6423] [46.0] [cxt 0] Parser set: setting field 'scalars.tmp' from expression, new value is 1
[22:31:59.301] [bmv2] [D] [thread 6423] [46.0] [cxt 0] Parser state 'parse_ipv4': key is 05
[22:31:59.301] [bmv2] [T] [thread 6423] [46.0] [cxt 0] Bytes parsed: 38
[22:31:59.301] [bmv2] [D] [thread 6423] [46.0] [cxt 0] Parser 'parser': end
[22:31:59.301] [bmv2] [D] [thread 6423] [46.0] [cxt 0] Pipeline 'ingress': start
[22:31:59.301] [bmv2] [T] [thread 6423] [46.0] [cxt 0] qos.p4(197) Condition "hdr.ipv4.isValid()" (node_2) is true
[22:31:59.301] [bmv2] [T] [thread 6423] [46.0] [cxt 0] qos.p4(198) Condition "hdr.ipv4_option.isValid()" (node_3) is false
[22:31:59.301] [bmv2] [T] [thread 6423] [46.0] [cxt 0] Applying table 'MyIngress.ipv4_lpm'
[22:31:59.301] [bmv2] [D] [thread 6423] [46.0] [cxt 0] Looking up key:
* hdr.ipv4.dstAddr    : 0a000202

[22:31:59.301] [bmv2] [D] [thread 6423] [46.0] [cxt 0] Table 'MyIngress.ipv4_lpm': hit with handle 0
[22:31:59.301] [bmv2] [D] [thread 6423] [46.0] [cxt 0] Dumping entry 0
Match key:
* hdr.ipv4.dstAddr    : LPM       0a000202/32
Action entry: MyIngress.ipv4_forward - 80000000202,2,

[22:31:59.301] [bmv2] [D] [thread 6423] [46.0] [cxt 0] Action entry is MyIngress.ipv4_forward - 80000000202,2,
[22:31:59.301] [bmv2] [T] [thread 6423] [46.0] [cxt 0] Action MyIngress.ipv4_forward
[22:31:59.301] [bmv2] [T] [thread 6423] [46.0] [cxt 0] qos.p4(175) Primitive standard_metadata.egress_spec = port
[22:31:59.301] [bmv2] [T] [thread 6423] [46.0] [cxt 0] qos.p4(176) Primitive hdr.ethernet.srcAddr = hdr.ethernet.dstAddr
[22:31:59.301] [bmv2] [T] [thread 6423] [46.0] [cxt 0] qos.p4(177) Primitive hdr.ethernet.dstAddr = dstAddr
[22:31:59.301] [bmv2] [T] [thread 6423] [46.0] [cxt 0] qos.p4(178) Primitive hdr.ipv4.ttl = hdr.ipv4.ttl - 1
[22:31:59.301] [bmv2] [D] [thread 6423] [46.0] [cxt 0] Pipeline 'ingress': end
[22:31:59.301] [bmv2] [D] [thread 6423] [46.0] [cxt 0] Egress port is 2
[22:31:59.302] [bmv2] [D] [thread 6426] [46.0] [cxt 0] Pipeline 'egress': start
[22:31:59.302] [bmv2] [D] [thread 6426] [46.0] [cxt 0] Pipeline 'egress': end
[22:31:59.302] [bmv2] [D] [thread 6426] [46.0] [cxt 0] Deparser 'deparser': start
[22:31:59.302] [bmv2] [D] [thread 6426] [46.0] [cxt 0] Updating checksum 'cksum'
[22:31:59.302] [bmv2] [D] [thread 6426] [46.0] [cxt 0] Deparsing header 'ethernet'
[22:31:59.302] [bmv2] [D] [thread 6426] [46.0] [cxt 0] Deparsing header 'vlan'
[22:31:59.302] [bmv2] [D] [thread 6426] [46.0] [cxt 0] Deparsing header 'ipv4'
[22:31:59.302] [bmv2] [D] [thread 6426] [46.0] [cxt 0] Deparser 'deparser': end
[22:31:59.302] [bmv2] [D] [thread 6428] [46.0] [cxt 0] Transmitting packet of size 558 out of port 2
[22:31:59.425] [bmv2] [D] [thread 6423] [47.0] [cxt 0] Processing packet received on port 3
[22:31:59.425] [bmv2] [D] [thread 6423] [47.0] [cxt 0] Parser 'parser': start
[22:31:59.425] [bmv2] [D] [thread 6423] [47.0] [cxt 0] Parser 'parser' entering state 'start'
[22:31:59.425] [bmv2] [D] [thread 6423] [47.0] [cxt 0] Extracting header 'ethernet'
[22:31:59.425] [bmv2] [D] [thread 6423] [47.0] [cxt 0] Parser state 'start': key is 8100
[22:31:59.425] [bmv2] [T] [thread 6423] [47.0] [cxt 0] Bytes parsed: 14
[22:31:59.425] [bmv2] [D] [thread 6423] [47.0] [cxt 0] Parser 'parser' entering state 'parse_vlan'
[22:31:59.425] [bmv2] [D] [thread 6423] [47.0] [cxt 0] Extracting header 'vlan'
[22:31:59.425] [bmv2] [D] [thread 6423] [47.0] [cxt 0] Parser state 'parse_vlan': key is 0800
[22:31:59.425] [bmv2] [T] [thread 6423] [47.0] [cxt 0] Bytes parsed: 18
[22:31:59.425] [bmv2] [D] [thread 6423] [47.0] [cxt 0] Parser 'parser' entering state 'parse_ipv4'
[22:31:59.425] [bmv2] [D] [thread 6423] [47.0] [cxt 0] Extracting header 'ipv4'
[22:31:59.425] [bmv2] [D] [thread 6423] [47.0] [cxt 0] Parser set: setting field 'scalars.tmp' from expression, new value is 1
[22:31:59.425] [bmv2] [D] [thread 6423] [47.0] [cxt 0] Parser state 'parse_ipv4': key is 05
[22:31:59.425] [bmv2] [T] [thread 6423] [47.0] [cxt 0] Bytes parsed: 38
[22:31:59.425] [bmv2] [D] [thread 6423] [47.0] [cxt 0] Parser 'parser': end
[22:31:59.425] [bmv2] [D] [thread 6423] [47.0] [cxt 0] Pipeline 'ingress': start
[22:31:59.425] [bmv2] [T] [thread 6423] [47.0] [cxt 0] qos.p4(197) Condition "hdr.ipv4.isValid()" (node_2) is true
[22:31:59.425] [bmv2] [T] [thread 6423] [47.0] [cxt 0] qos.p4(198) Condition "hdr.ipv4_option.isValid()" (node_3) is false
[22:31:59.425] [bmv2] [T] [thread 6423] [47.0] [cxt 0] Applying table 'MyIngress.ipv4_lpm'
[22:31:59.425] [bmv2] [D] [thread 6423] [47.0] [cxt 0] Looking up key:
* hdr.ipv4.dstAddr    : 0a000202

[22:31:59.425] [bmv2] [D] [thread 6423] [47.0] [cxt 0] Table 'MyIngress.ipv4_lpm': hit with handle 0
[22:31:59.425] [bmv2] [D] [thread 6423] [47.0] [cxt 0] Dumping entry 0
Match key:
* hdr.ipv4.dstAddr    : LPM       0a000202/32
Action entry: MyIngress.ipv4_forward - 80000000202,2,

[22:31:59.425] [bmv2] [D] [thread 6423] [47.0] [cxt 0] Action entry is MyIngress.ipv4_forward - 80000000202,2,
[22:31:59.425] [bmv2] [T] [thread 6423] [47.0] [cxt 0] Action MyIngress.ipv4_forward
[22:31:59.425] [bmv2] [T] [thread 6423] [47.0] [cxt 0] qos.p4(175) Primitive standard_metadata.egress_spec = port
[22:31:59.425] [bmv2] [T] [thread 6423] [47.0] [cxt 0] qos.p4(176) Primitive hdr.ethernet.srcAddr = hdr.ethernet.dstAddr
[22:31:59.426] [bmv2] [T] [thread 6423] [47.0] [cxt 0] qos.p4(177) Primitive hdr.ethernet.dstAddr = dstAddr
[22:31:59.426] [bmv2] [T] [thread 6423] [47.0] [cxt 0] qos.p4(178) Primitive hdr.ipv4.ttl = hdr.ipv4.ttl - 1
[22:31:59.426] [bmv2] [D] [thread 6423] [47.0] [cxt 0] Pipeline 'ingress': end
[22:31:59.426] [bmv2] [D] [thread 6423] [47.0] [cxt 0] Egress port is 2
[22:31:59.426] [bmv2] [D] [thread 6426] [47.0] [cxt 0] Pipeline 'egress': start
[22:31:59.426] [bmv2] [D] [thread 6426] [47.0] [cxt 0] Pipeline 'egress': end
[22:31:59.426] [bmv2] [D] [thread 6426] [47.0] [cxt 0] Deparser 'deparser': start
[22:31:59.426] [bmv2] [D] [thread 6426] [47.0] [cxt 0] Updating checksum 'cksum'
[22:31:59.426] [bmv2] [D] [thread 6426] [47.0] [cxt 0] Deparsing header 'ethernet'
[22:31:59.426] [bmv2] [D] [thread 6426] [47.0] [cxt 0] Deparsing header 'vlan'
[22:31:59.426] [bmv2] [D] [thread 6426] [47.0] [cxt 0] Deparsing header 'ipv4'
[22:31:59.426] [bmv2] [D] [thread 6426] [47.0] [cxt 0] Deparser 'deparser': end
[22:31:59.426] [bmv2] [D] [thread 6428] [47.0] [cxt 0] Transmitting packet of size 558 out of port 2
[22:31:59.546] [bmv2] [D] [thread 6423] [48.0] [cxt 0] Processing packet received on port 3
[22:31:59.546] [bmv2] [D] [thread 6423] [48.0] [cxt 0] Parser 'parser': start
[22:31:59.546] [bmv2] [D] [thread 6423] [48.0] [cxt 0] Parser 'parser' entering state 'start'
[22:31:59.546] [bmv2] [D] [thread 6423] [48.0] [cxt 0] Extracting header 'ethernet'
[22:31:59.546] [bmv2] [D] [thread 6423] [48.0] [cxt 0] Parser state 'start': key is 8100
[22:31:59.546] [bmv2] [T] [thread 6423] [48.0] [cxt 0] Bytes parsed: 14
[22:31:59.546] [bmv2] [D] [thread 6423] [48.0] [cxt 0] Parser 'parser' entering state 'parse_vlan'
[22:31:59.546] [bmv2] [D] [thread 6423] [48.0] [cxt 0] Extracting header 'vlan'
[22:31:59.547] [bmv2] [D] [thread 6423] [48.0] [cxt 0] Parser state 'parse_vlan': key is 0800
[22:31:59.547] [bmv2] [T] [thread 6423] [48.0] [cxt 0] Bytes parsed: 18
[22:31:59.547] [bmv2] [D] [thread 6423] [48.0] [cxt 0] Parser 'parser' entering state 'parse_ipv4'
[22:31:59.547] [bmv2] [D] [thread 6423] [48.0] [cxt 0] Extracting header 'ipv4'
[22:31:59.547] [bmv2] [D] [thread 6423] [48.0] [cxt 0] Parser set: setting field 'scalars.tmp' from expression, new value is 1
[22:31:59.547] [bmv2] [D] [thread 6423] [48.0] [cxt 0] Parser state 'parse_ipv4': key is 05
[22:31:59.547] [bmv2] [T] [thread 6423] [48.0] [cxt 0] Bytes parsed: 38
[22:31:59.547] [bmv2] [D] [thread 6423] [48.0] [cxt 0] Parser 'parser': end
[22:31:59.547] [bmv2] [D] [thread 6423] [48.0] [cxt 0] Pipeline 'ingress': start
[22:31:59.547] [bmv2] [T] [thread 6423] [48.0] [cxt 0] qos.p4(197) Condition "hdr.ipv4.isValid()" (node_2) is true
[22:31:59.547] [bmv2] [T] [thread 6423] [48.0] [cxt 0] qos.p4(198) Condition "hdr.ipv4_option.isValid()" (node_3) is false
[22:31:59.547] [bmv2] [T] [thread 6423] [48.0] [cxt 0] Applying table 'MyIngress.ipv4_lpm'
[22:31:59.547] [bmv2] [D] [thread 6423] [48.0] [cxt 0] Looking up key:
* hdr.ipv4.dstAddr    : 0a000202

[22:31:59.547] [bmv2] [D] [thread 6423] [48.0] [cxt 0] Table 'MyIngress.ipv4_lpm': hit with handle 0
[22:31:59.547] [bmv2] [D] [thread 6423] [48.0] [cxt 0] Dumping entry 0
Match key:
* hdr.ipv4.dstAddr    : LPM       0a000202/32
Action entry: MyIngress.ipv4_forward - 80000000202,2,

[22:31:59.547] [bmv2] [D] [thread 6423] [48.0] [cxt 0] Action entry is MyIngress.ipv4_forward - 80000000202,2,
[22:31:59.547] [bmv2] [T] [thread 6423] [48.0] [cxt 0] Action MyIngress.ipv4_forward
[22:31:59.547] [bmv2] [T] [thread 6423] [48.0] [cxt 0] qos.p4(175) Primitive standard_metadata.egress_spec = port
[22:31:59.547] [bmv2] [T] [thread 6423] [48.0] [cxt 0] qos.p4(176) Primitive hdr.ethernet.srcAddr = hdr.ethernet.dstAddr
[22:31:59.547] [bmv2] [T] [thread 6423] [48.0] [cxt 0] qos.p4(177) Primitive hdr.ethernet.dstAddr = dstAddr
[22:31:59.547] [bmv2] [T] [thread 6423] [48.0] [cxt 0] qos.p4(178) Primitive hdr.ipv4.ttl = hdr.ipv4.ttl - 1
[22:31:59.547] [bmv2] [D] [thread 6423] [48.0] [cxt 0] Pipeline 'ingress': end
[22:31:59.547] [bmv2] [D] [thread 6423] [48.0] [cxt 0] Egress port is 2
[22:31:59.547] [bmv2] [D] [thread 6426] [48.0] [cxt 0] Pipeline 'egress': start
[22:31:59.547] [bmv2] [D] [thread 6426] [48.0] [cxt 0] Pipeline 'egress': end
[22:31:59.547] [bmv2] [D] [thread 6426] [48.0] [cxt 0] Deparser 'deparser': start
[22:31:59.547] [bmv2] [D] [thread 6426] [48.0] [cxt 0] Updating checksum 'cksum'
[22:31:59.547] [bmv2] [D] [thread 6426] [48.0] [cxt 0] Deparsing header 'ethernet'
[22:31:59.547] [bmv2] [D] [thread 6426] [48.0] [cxt 0] Deparsing header 'vlan'
[22:31:59.548] [bmv2] [D] [thread 6426] [48.0] [cxt 0] Deparsing header 'ipv4'
[22:31:59.548] [bmv2] [D] [thread 6426] [48.0] [cxt 0] Deparser 'deparser': end
[22:31:59.548] [bmv2] [D] [thread 6428] [48.0] [cxt 0] Transmitting packet of size 558 out of port 2
[22:31:59.675] [bmv2] [D] [thread 6423] [49.0] [cxt 0] Processing packet received on port 3
[22:31:59.675] [bmv2] [D] [thread 6423] [49.0] [cxt 0] Parser 'parser': start
[22:31:59.675] [bmv2] [D] [thread 6423] [49.0] [cxt 0] Parser 'parser' entering state 'start'
[22:31:59.675] [bmv2] [D] [thread 6423] [49.0] [cxt 0] Extracting header 'ethernet'
[22:31:59.675] [bmv2] [D] [thread 6423] [49.0] [cxt 0] Parser state 'start': key is 8100
[22:31:59.675] [bmv2] [T] [thread 6423] [49.0] [cxt 0] Bytes parsed: 14
[22:31:59.675] [bmv2] [D] [thread 6423] [49.0] [cxt 0] Parser 'parser' entering state 'parse_vlan'
[22:31:59.675] [bmv2] [D] [thread 6423] [49.0] [cxt 0] Extracting header 'vlan'
[22:31:59.676] [bmv2] [D] [thread 6423] [49.0] [cxt 0] Parser state 'parse_vlan': key is 0800
[22:31:59.676] [bmv2] [T] [thread 6423] [49.0] [cxt 0] Bytes parsed: 18
[22:31:59.676] [bmv2] [D] [thread 6423] [49.0] [cxt 0] Parser 'parser' entering state 'parse_ipv4'
[22:31:59.676] [bmv2] [D] [thread 6423] [49.0] [cxt 0] Extracting header 'ipv4'
[22:31:59.676] [bmv2] [D] [thread 6423] [49.0] [cxt 0] Parser set: setting field 'scalars.tmp' from expression, new value is 1
[22:31:59.676] [bmv2] [D] [thread 6423] [49.0] [cxt 0] Parser state 'parse_ipv4': key is 05
[22:31:59.676] [bmv2] [T] [thread 6423] [49.0] [cxt 0] Bytes parsed: 38
[22:31:59.676] [bmv2] [D] [thread 6423] [49.0] [cxt 0] Parser 'parser': end
[22:31:59.676] [bmv2] [D] [thread 6423] [49.0] [cxt 0] Pipeline 'ingress': start
[22:31:59.676] [bmv2] [T] [thread 6423] [49.0] [cxt 0] qos.p4(197) Condition "hdr.ipv4.isValid()" (node_2) is true
[22:31:59.676] [bmv2] [T] [thread 6423] [49.0] [cxt 0] qos.p4(198) Condition "hdr.ipv4_option.isValid()" (node_3) is false
[22:31:59.676] [bmv2] [T] [thread 6423] [49.0] [cxt 0] Applying table 'MyIngress.ipv4_lpm'
[22:31:59.676] [bmv2] [D] [thread 6423] [49.0] [cxt 0] Looking up key:
* hdr.ipv4.dstAddr    : 0a000202

[22:31:59.676] [bmv2] [D] [thread 6423] [49.0] [cxt 0] Table 'MyIngress.ipv4_lpm': hit with handle 0
[22:31:59.676] [bmv2] [D] [thread 6423] [49.0] [cxt 0] Dumping entry 0
Match key:
* hdr.ipv4.dstAddr    : LPM       0a000202/32
Action entry: MyIngress.ipv4_forward - 80000000202,2,

[22:31:59.676] [bmv2] [D] [thread 6423] [49.0] [cxt 0] Action entry is MyIngress.ipv4_forward - 80000000202,2,
[22:31:59.676] [bmv2] [T] [thread 6423] [49.0] [cxt 0] Action MyIngress.ipv4_forward
[22:31:59.676] [bmv2] [T] [thread 6423] [49.0] [cxt 0] qos.p4(175) Primitive standard_metadata.egress_spec = port
[22:31:59.676] [bmv2] [T] [thread 6423] [49.0] [cxt 0] qos.p4(176) Primitive hdr.ethernet.srcAddr = hdr.ethernet.dstAddr
[22:31:59.676] [bmv2] [T] [thread 6423] [49.0] [cxt 0] qos.p4(177) Primitive hdr.ethernet.dstAddr = dstAddr
[22:31:59.676] [bmv2] [T] [thread 6423] [49.0] [cxt 0] qos.p4(178) Primitive hdr.ipv4.ttl = hdr.ipv4.ttl - 1
[22:31:59.676] [bmv2] [D] [thread 6423] [49.0] [cxt 0] Pipeline 'ingress': end
[22:31:59.676] [bmv2] [D] [thread 6423] [49.0] [cxt 0] Egress port is 2
[22:31:59.676] [bmv2] [D] [thread 6426] [49.0] [cxt 0] Pipeline 'egress': start
[22:31:59.676] [bmv2] [D] [thread 6426] [49.0] [cxt 0] Pipeline 'egress': end
[22:31:59.676] [bmv2] [D] [thread 6426] [49.0] [cxt 0] Deparser 'deparser': start
[22:31:59.676] [bmv2] [D] [thread 6426] [49.0] [cxt 0] Updating checksum 'cksum'
[22:31:59.676] [bmv2] [D] [thread 6426] [49.0] [cxt 0] Deparsing header 'ethernet'
[22:31:59.677] [bmv2] [D] [thread 6426] [49.0] [cxt 0] Deparsing header 'vlan'
[22:31:59.677] [bmv2] [D] [thread 6426] [49.0] [cxt 0] Deparsing header 'ipv4'
[22:31:59.677] [bmv2] [D] [thread 6426] [49.0] [cxt 0] Deparser 'deparser': end
[22:31:59.677] [bmv2] [D] [thread 6428] [49.0] [cxt 0] Transmitting packet of size 558 out of port 2
[22:31:59.815] [bmv2] [D] [thread 6423] [50.0] [cxt 0] Processing packet received on port 3
[22:31:59.815] [bmv2] [D] [thread 6423] [50.0] [cxt 0] Parser 'parser': start
[22:31:59.815] [bmv2] [D] [thread 6423] [50.0] [cxt 0] Parser 'parser' entering state 'start'
[22:31:59.815] [bmv2] [D] [thread 6423] [50.0] [cxt 0] Extracting header 'ethernet'
[22:31:59.815] [bmv2] [D] [thread 6423] [50.0] [cxt 0] Parser state 'start': key is 8100
[22:31:59.815] [bmv2] [T] [thread 6423] [50.0] [cxt 0] Bytes parsed: 14
[22:31:59.815] [bmv2] [D] [thread 6423] [50.0] [cxt 0] Parser 'parser' entering state 'parse_vlan'
[22:31:59.815] [bmv2] [D] [thread 6423] [50.0] [cxt 0] Extracting header 'vlan'
[22:31:59.815] [bmv2] [D] [thread 6423] [50.0] [cxt 0] Parser state 'parse_vlan': key is 0800
[22:31:59.815] [bmv2] [T] [thread 6423] [50.0] [cxt 0] Bytes parsed: 18
[22:31:59.815] [bmv2] [D] [thread 6423] [50.0] [cxt 0] Parser 'parser' entering state 'parse_ipv4'
[22:31:59.815] [bmv2] [D] [thread 6423] [50.0] [cxt 0] Extracting header 'ipv4'
[22:31:59.815] [bmv2] [D] [thread 6423] [50.0] [cxt 0] Parser set: setting field 'scalars.tmp' from expression, new value is 1
[22:31:59.815] [bmv2] [D] [thread 6423] [50.0] [cxt 0] Parser state 'parse_ipv4': key is 05
[22:31:59.815] [bmv2] [T] [thread 6423] [50.0] [cxt 0] Bytes parsed: 38
[22:31:59.815] [bmv2] [D] [thread 6423] [50.0] [cxt 0] Parser 'parser': end
[22:31:59.815] [bmv2] [D] [thread 6423] [50.0] [cxt 0] Pipeline 'ingress': start
[22:31:59.815] [bmv2] [T] [thread 6423] [50.0] [cxt 0] qos.p4(197) Condition "hdr.ipv4.isValid()" (node_2) is true
[22:31:59.815] [bmv2] [T] [thread 6423] [50.0] [cxt 0] qos.p4(198) Condition "hdr.ipv4_option.isValid()" (node_3) is false
[22:31:59.815] [bmv2] [T] [thread 6423] [50.0] [cxt 0] Applying table 'MyIngress.ipv4_lpm'
[22:31:59.816] [bmv2] [D] [thread 6423] [50.0] [cxt 0] Looking up key:
* hdr.ipv4.dstAddr    : 0a000202

[22:31:59.816] [bmv2] [D] [thread 6423] [50.0] [cxt 0] Table 'MyIngress.ipv4_lpm': hit with handle 0
[22:31:59.816] [bmv2] [D] [thread 6423] [50.0] [cxt 0] Dumping entry 0
Match key:
* hdr.ipv4.dstAddr    : LPM       0a000202/32
Action entry: MyIngress.ipv4_forward - 80000000202,2,

[22:31:59.816] [bmv2] [D] [thread 6423] [50.0] [cxt 0] Action entry is MyIngress.ipv4_forward - 80000000202,2,
[22:31:59.816] [bmv2] [T] [thread 6423] [50.0] [cxt 0] Action MyIngress.ipv4_forward
[22:31:59.816] [bmv2] [T] [thread 6423] [50.0] [cxt 0] qos.p4(175) Primitive standard_metadata.egress_spec = port
[22:31:59.816] [bmv2] [T] [thread 6423] [50.0] [cxt 0] qos.p4(176) Primitive hdr.ethernet.srcAddr = hdr.ethernet.dstAddr
[22:31:59.816] [bmv2] [T] [thread 6423] [50.0] [cxt 0] qos.p4(177) Primitive hdr.ethernet.dstAddr = dstAddr
[22:31:59.816] [bmv2] [T] [thread 6423] [50.0] [cxt 0] qos.p4(178) Primitive hdr.ipv4.ttl = hdr.ipv4.ttl - 1
[22:31:59.816] [bmv2] [D] [thread 6423] [50.0] [cxt 0] Pipeline 'ingress': end
[22:31:59.816] [bmv2] [D] [thread 6423] [50.0] [cxt 0] Egress port is 2
[22:31:59.816] [bmv2] [D] [thread 6426] [50.0] [cxt 0] Pipeline 'egress': start
[22:31:59.816] [bmv2] [D] [thread 6426] [50.0] [cxt 0] Pipeline 'egress': end
[22:31:59.816] [bmv2] [D] [thread 6426] [50.0] [cxt 0] Deparser 'deparser': start
[22:31:59.816] [bmv2] [D] [thread 6426] [50.0] [cxt 0] Updating checksum 'cksum'
[22:31:59.816] [bmv2] [D] [thread 6426] [50.0] [cxt 0] Deparsing header 'ethernet'
[22:31:59.816] [bmv2] [D] [thread 6426] [50.0] [cxt 0] Deparsing header 'vlan'
[22:31:59.816] [bmv2] [D] [thread 6426] [50.0] [cxt 0] Deparsing header 'ipv4'
[22:31:59.816] [bmv2] [D] [thread 6426] [50.0] [cxt 0] Deparser 'deparser': end
[22:31:59.816] [bmv2] [D] [thread 6428] [50.0] [cxt 0] Transmitting packet of size 558 out of port 2
[22:31:59.942] [bmv2] [D] [thread 6423] [51.0] [cxt 0] Processing packet received on port 3
[22:31:59.942] [bmv2] [D] [thread 6423] [51.0] [cxt 0] Parser 'parser': start
[22:31:59.942] [bmv2] [D] [thread 6423] [51.0] [cxt 0] Parser 'parser' entering state 'start'
[22:31:59.942] [bmv2] [D] [thread 6423] [51.0] [cxt 0] Extracting header 'ethernet'
[22:31:59.942] [bmv2] [D] [thread 6423] [51.0] [cxt 0] Parser state 'start': key is 8100
[22:31:59.942] [bmv2] [T] [thread 6423] [51.0] [cxt 0] Bytes parsed: 14
[22:31:59.942] [bmv2] [D] [thread 6423] [51.0] [cxt 0] Parser 'parser' entering state 'parse_vlan'
[22:31:59.942] [bmv2] [D] [thread 6423] [51.0] [cxt 0] Extracting header 'vlan'
[22:31:59.942] [bmv2] [D] [thread 6423] [51.0] [cxt 0] Parser state 'parse_vlan': key is 0800
[22:31:59.942] [bmv2] [T] [thread 6423] [51.0] [cxt 0] Bytes parsed: 18
[22:31:59.942] [bmv2] [D] [thread 6423] [51.0] [cxt 0] Parser 'parser' entering state 'parse_ipv4'
[22:31:59.942] [bmv2] [D] [thread 6423] [51.0] [cxt 0] Extracting header 'ipv4'
[22:31:59.942] [bmv2] [D] [thread 6423] [51.0] [cxt 0] Parser set: setting field 'scalars.tmp' from expression, new value is 1
[22:31:59.942] [bmv2] [D] [thread 6423] [51.0] [cxt 0] Parser state 'parse_ipv4': key is 05
[22:31:59.942] [bmv2] [T] [thread 6423] [51.0] [cxt 0] Bytes parsed: 38
[22:31:59.942] [bmv2] [D] [thread 6423] [51.0] [cxt 0] Parser 'parser': end
[22:31:59.942] [bmv2] [D] [thread 6423] [51.0] [cxt 0] Pipeline 'ingress': start
[22:31:59.942] [bmv2] [T] [thread 6423] [51.0] [cxt 0] qos.p4(197) Condition "hdr.ipv4.isValid()" (node_2) is true
[22:31:59.942] [bmv2] [T] [thread 6423] [51.0] [cxt 0] qos.p4(198) Condition "hdr.ipv4_option.isValid()" (node_3) is false
[22:31:59.942] [bmv2] [T] [thread 6423] [51.0] [cxt 0] Applying table 'MyIngress.ipv4_lpm'
[22:31:59.942] [bmv2] [D] [thread 6423] [51.0] [cxt 0] Looking up key:
* hdr.ipv4.dstAddr    : 0a000202

[22:31:59.942] [bmv2] [D] [thread 6423] [51.0] [cxt 0] Table 'MyIngress.ipv4_lpm': hit with handle 0
[22:31:59.942] [bmv2] [D] [thread 6423] [51.0] [cxt 0] Dumping entry 0
Match key:
* hdr.ipv4.dstAddr    : LPM       0a000202/32
Action entry: MyIngress.ipv4_forward - 80000000202,2,

[22:31:59.942] [bmv2] [D] [thread 6423] [51.0] [cxt 0] Action entry is MyIngress.ipv4_forward - 80000000202,2,
[22:31:59.942] [bmv2] [T] [thread 6423] [51.0] [cxt 0] Action MyIngress.ipv4_forward
[22:31:59.942] [bmv2] [T] [thread 6423] [51.0] [cxt 0] qos.p4(175) Primitive standard_metadata.egress_spec = port
[22:31:59.942] [bmv2] [T] [thread 6423] [51.0] [cxt 0] qos.p4(176) Primitive hdr.ethernet.srcAddr = hdr.ethernet.dstAddr
[22:31:59.942] [bmv2] [T] [thread 6423] [51.0] [cxt 0] qos.p4(177) Primitive hdr.ethernet.dstAddr = dstAddr
[22:31:59.943] [bmv2] [T] [thread 6423] [51.0] [cxt 0] qos.p4(178) Primitive hdr.ipv4.ttl = hdr.ipv4.ttl - 1
[22:31:59.943] [bmv2] [D] [thread 6423] [51.0] [cxt 0] Pipeline 'ingress': end
[22:31:59.943] [bmv2] [D] [thread 6423] [51.0] [cxt 0] Egress port is 2
[22:31:59.943] [bmv2] [D] [thread 6426] [51.0] [cxt 0] Pipeline 'egress': start
[22:31:59.943] [bmv2] [D] [thread 6426] [51.0] [cxt 0] Pipeline 'egress': end
[22:31:59.943] [bmv2] [D] [thread 6426] [51.0] [cxt 0] Deparser 'deparser': start
[22:31:59.943] [bmv2] [D] [thread 6426] [51.0] [cxt 0] Updating checksum 'cksum'
[22:31:59.943] [bmv2] [D] [thread 6426] [51.0] [cxt 0] Deparsing header 'ethernet'
[22:31:59.943] [bmv2] [D] [thread 6426] [51.0] [cxt 0] Deparsing header 'vlan'
[22:31:59.943] [bmv2] [D] [thread 6426] [51.0] [cxt 0] Deparsing header 'ipv4'
[22:31:59.943] [bmv2] [D] [thread 6426] [51.0] [cxt 0] Deparser 'deparser': end
[22:31:59.943] [bmv2] [D] [thread 6428] [51.0] [cxt 0] Transmitting packet of size 558 out of port 2
[22:32:00.068] [bmv2] [D] [thread 6423] [52.0] [cxt 0] Processing packet received on port 3
[22:32:00.068] [bmv2] [D] [thread 6423] [52.0] [cxt 0] Parser 'parser': start
[22:32:00.068] [bmv2] [D] [thread 6423] [52.0] [cxt 0] Parser 'parser' entering state 'start'
[22:32:00.068] [bmv2] [D] [thread 6423] [52.0] [cxt 0] Extracting header 'ethernet'
[22:32:00.068] [bmv2] [D] [thread 6423] [52.0] [cxt 0] Parser state 'start': key is 8100
[22:32:00.068] [bmv2] [T] [thread 6423] [52.0] [cxt 0] Bytes parsed: 14
[22:32:00.068] [bmv2] [D] [thread 6423] [52.0] [cxt 0] Parser 'parser' entering state 'parse_vlan'
[22:32:00.068] [bmv2] [D] [thread 6423] [52.0] [cxt 0] Extracting header 'vlan'
[22:32:00.069] [bmv2] [D] [thread 6423] [52.0] [cxt 0] Parser state 'parse_vlan': key is 0800
[22:32:00.069] [bmv2] [T] [thread 6423] [52.0] [cxt 0] Bytes parsed: 18
[22:32:00.069] [bmv2] [D] [thread 6423] [52.0] [cxt 0] Parser 'parser' entering state 'parse_ipv4'
[22:32:00.070] [bmv2] [D] [thread 6423] [52.0] [cxt 0] Extracting header 'ipv4'
[22:32:00.070] [bmv2] [D] [thread 6423] [52.0] [cxt 0] Parser set: setting field 'scalars.tmp' from expression, new value is 1
[22:32:00.070] [bmv2] [D] [thread 6423] [52.0] [cxt 0] Parser state 'parse_ipv4': key is 05
[22:32:00.070] [bmv2] [T] [thread 6423] [52.0] [cxt 0] Bytes parsed: 38
[22:32:00.070] [bmv2] [D] [thread 6423] [52.0] [cxt 0] Parser 'parser': end
[22:32:00.070] [bmv2] [D] [thread 6423] [52.0] [cxt 0] Pipeline 'ingress': start
[22:32:00.070] [bmv2] [T] [thread 6423] [52.0] [cxt 0] qos.p4(197) Condition "hdr.ipv4.isValid()" (node_2) is true
[22:32:00.070] [bmv2] [T] [thread 6423] [52.0] [cxt 0] qos.p4(198) Condition "hdr.ipv4_option.isValid()" (node_3) is false
[22:32:00.070] [bmv2] [T] [thread 6423] [52.0] [cxt 0] Applying table 'MyIngress.ipv4_lpm'
[22:32:00.070] [bmv2] [D] [thread 6423] [52.0] [cxt 0] Looking up key:
* hdr.ipv4.dstAddr    : 0a000202

[22:32:00.070] [bmv2] [D] [thread 6423] [52.0] [cxt 0] Table 'MyIngress.ipv4_lpm': hit with handle 0
[22:32:00.070] [bmv2] [D] [thread 6423] [52.0] [cxt 0] Dumping entry 0
Match key:
* hdr.ipv4.dstAddr    : LPM       0a000202/32
Action entry: MyIngress.ipv4_forward - 80000000202,2,

[22:32:00.070] [bmv2] [D] [thread 6423] [52.0] [cxt 0] Action entry is MyIngress.ipv4_forward - 80000000202,2,
[22:32:00.070] [bmv2] [T] [thread 6423] [52.0] [cxt 0] Action MyIngress.ipv4_forward
[22:32:00.070] [bmv2] [T] [thread 6423] [52.0] [cxt 0] qos.p4(175) Primitive standard_metadata.egress_spec = port
[22:32:00.070] [bmv2] [T] [thread 6423] [52.0] [cxt 0] qos.p4(176) Primitive hdr.ethernet.srcAddr = hdr.ethernet.dstAddr
[22:32:00.070] [bmv2] [T] [thread 6423] [52.0] [cxt 0] qos.p4(177) Primitive hdr.ethernet.dstAddr = dstAddr
[22:32:00.070] [bmv2] [T] [thread 6423] [52.0] [cxt 0] qos.p4(178) Primitive hdr.ipv4.ttl = hdr.ipv4.ttl - 1
[22:32:00.070] [bmv2] [D] [thread 6423] [52.0] [cxt 0] Pipeline 'ingress': end
[22:32:00.070] [bmv2] [D] [thread 6423] [52.0] [cxt 0] Egress port is 2
[22:32:00.070] [bmv2] [D] [thread 6426] [52.0] [cxt 0] Pipeline 'egress': start
[22:32:00.070] [bmv2] [D] [thread 6426] [52.0] [cxt 0] Pipeline 'egress': end
[22:32:00.070] [bmv2] [D] [thread 6426] [52.0] [cxt 0] Deparser 'deparser': start
[22:32:00.070] [bmv2] [D] [thread 6426] [52.0] [cxt 0] Updating checksum 'cksum'
[22:32:00.070] [bmv2] [D] [thread 6426] [52.0] [cxt 0] Deparsing header 'ethernet'
[22:32:00.070] [bmv2] [D] [thread 6426] [52.0] [cxt 0] Deparsing header 'vlan'
[22:32:00.071] [bmv2] [D] [thread 6426] [52.0] [cxt 0] Deparsing header 'ipv4'
[22:32:00.071] [bmv2] [D] [thread 6426] [52.0] [cxt 0] Deparser 'deparser': end
[22:32:00.071] [bmv2] [D] [thread 6428] [52.0] [cxt 0] Transmitting packet of size 558 out of port 2
[22:32:00.214] [bmv2] [D] [thread 6423] [53.0] [cxt 0] Processing packet received on port 3
[22:32:00.214] [bmv2] [D] [thread 6423] [53.0] [cxt 0] Parser 'parser': start
[22:32:00.214] [bmv2] [D] [thread 6423] [53.0] [cxt 0] Parser 'parser' entering state 'start'
[22:32:00.214] [bmv2] [D] [thread 6423] [53.0] [cxt 0] Extracting header 'ethernet'
[22:32:00.214] [bmv2] [D] [thread 6423] [53.0] [cxt 0] Parser state 'start': key is 8100
[22:32:00.214] [bmv2] [T] [thread 6423] [53.0] [cxt 0] Bytes parsed: 14
[22:32:00.214] [bmv2] [D] [thread 6423] [53.0] [cxt 0] Parser 'parser' entering state 'parse_vlan'
[22:32:00.214] [bmv2] [D] [thread 6423] [53.0] [cxt 0] Extracting header 'vlan'
[22:32:00.214] [bmv2] [D] [thread 6423] [53.0] [cxt 0] Parser state 'parse_vlan': key is 0800
[22:32:00.214] [bmv2] [T] [thread 6423] [53.0] [cxt 0] Bytes parsed: 18
[22:32:00.214] [bmv2] [D] [thread 6423] [53.0] [cxt 0] Parser 'parser' entering state 'parse_ipv4'
[22:32:00.214] [bmv2] [D] [thread 6423] [53.0] [cxt 0] Extracting header 'ipv4'
[22:32:00.214] [bmv2] [D] [thread 6423] [53.0] [cxt 0] Parser set: setting field 'scalars.tmp' from expression, new value is 1
[22:32:00.214] [bmv2] [D] [thread 6423] [53.0] [cxt 0] Parser state 'parse_ipv4': key is 05
[22:32:00.214] [bmv2] [T] [thread 6423] [53.0] [cxt 0] Bytes parsed: 38
[22:32:00.214] [bmv2] [D] [thread 6423] [53.0] [cxt 0] Parser 'parser': end
[22:32:00.214] [bmv2] [D] [thread 6423] [53.0] [cxt 0] Pipeline 'ingress': start
[22:32:00.214] [bmv2] [T] [thread 6423] [53.0] [cxt 0] qos.p4(197) Condition "hdr.ipv4.isValid()" (node_2) is true
[22:32:00.214] [bmv2] [T] [thread 6423] [53.0] [cxt 0] qos.p4(198) Condition "hdr.ipv4_option.isValid()" (node_3) is false
[22:32:00.214] [bmv2] [T] [thread 6423] [53.0] [cxt 0] Applying table 'MyIngress.ipv4_lpm'
[22:32:00.214] [bmv2] [D] [thread 6423] [53.0] [cxt 0] Looking up key:
* hdr.ipv4.dstAddr    : 0a000202

[22:32:00.215] [bmv2] [D] [thread 6423] [53.0] [cxt 0] Table 'MyIngress.ipv4_lpm': hit with handle 0
[22:32:00.215] [bmv2] [D] [thread 6423] [53.0] [cxt 0] Dumping entry 0
Match key:
* hdr.ipv4.dstAddr    : LPM       0a000202/32
Action entry: MyIngress.ipv4_forward - 80000000202,2,

[22:32:00.215] [bmv2] [D] [thread 6423] [53.0] [cxt 0] Action entry is MyIngress.ipv4_forward - 80000000202,2,
[22:32:00.215] [bmv2] [T] [thread 6423] [53.0] [cxt 0] Action MyIngress.ipv4_forward
[22:32:00.215] [bmv2] [T] [thread 6423] [53.0] [cxt 0] qos.p4(175) Primitive standard_metadata.egress_spec = port
[22:32:00.215] [bmv2] [T] [thread 6423] [53.0] [cxt 0] qos.p4(176) Primitive hdr.ethernet.srcAddr = hdr.ethernet.dstAddr
[22:32:00.215] [bmv2] [T] [thread 6423] [53.0] [cxt 0] qos.p4(177) Primitive hdr.ethernet.dstAddr = dstAddr
[22:32:00.215] [bmv2] [T] [thread 6423] [53.0] [cxt 0] qos.p4(178) Primitive hdr.ipv4.ttl = hdr.ipv4.ttl - 1
[22:32:00.215] [bmv2] [D] [thread 6423] [53.0] [cxt 0] Pipeline 'ingress': end
[22:32:00.215] [bmv2] [D] [thread 6423] [53.0] [cxt 0] Egress port is 2
[22:32:00.215] [bmv2] [D] [thread 6426] [53.0] [cxt 0] Pipeline 'egress': start
[22:32:00.215] [bmv2] [D] [thread 6426] [53.0] [cxt 0] Pipeline 'egress': end
[22:32:00.215] [bmv2] [D] [thread 6426] [53.0] [cxt 0] Deparser 'deparser': start
[22:32:00.215] [bmv2] [D] [thread 6426] [53.0] [cxt 0] Updating checksum 'cksum'
[22:32:00.215] [bmv2] [D] [thread 6426] [53.0] [cxt 0] Deparsing header 'ethernet'
[22:32:00.215] [bmv2] [D] [thread 6426] [53.0] [cxt 0] Deparsing header 'vlan'
[22:32:00.215] [bmv2] [D] [thread 6426] [53.0] [cxt 0] Deparsing header 'ipv4'
[22:32:00.215] [bmv2] [D] [thread 6426] [53.0] [cxt 0] Deparser 'deparser': end
[22:32:00.215] [bmv2] [D] [thread 6428] [53.0] [cxt 0] Transmitting packet of size 558 out of port 2
[22:32:00.354] [bmv2] [D] [thread 6423] [54.0] [cxt 0] Processing packet received on port 3
[22:32:00.354] [bmv2] [D] [thread 6423] [54.0] [cxt 0] Parser 'parser': start
[22:32:00.354] [bmv2] [D] [thread 6423] [54.0] [cxt 0] Parser 'parser' entering state 'start'
[22:32:00.354] [bmv2] [D] [thread 6423] [54.0] [cxt 0] Extracting header 'ethernet'
[22:32:00.354] [bmv2] [D] [thread 6423] [54.0] [cxt 0] Parser state 'start': key is 8100
[22:32:00.354] [bmv2] [T] [thread 6423] [54.0] [cxt 0] Bytes parsed: 14
[22:32:00.354] [bmv2] [D] [thread 6423] [54.0] [cxt 0] Parser 'parser' entering state 'parse_vlan'
[22:32:00.354] [bmv2] [D] [thread 6423] [54.0] [cxt 0] Extracting header 'vlan'
[22:32:00.354] [bmv2] [D] [thread 6423] [54.0] [cxt 0] Parser state 'parse_vlan': key is 0800
[22:32:00.354] [bmv2] [T] [thread 6423] [54.0] [cxt 0] Bytes parsed: 18
[22:32:00.354] [bmv2] [D] [thread 6423] [54.0] [cxt 0] Parser 'parser' entering state 'parse_ipv4'
[22:32:00.354] [bmv2] [D] [thread 6423] [54.0] [cxt 0] Extracting header 'ipv4'
[22:32:00.354] [bmv2] [D] [thread 6423] [54.0] [cxt 0] Parser set: setting field 'scalars.tmp' from expression, new value is 1
[22:32:00.355] [bmv2] [D] [thread 6423] [54.0] [cxt 0] Parser state 'parse_ipv4': key is 05
[22:32:00.355] [bmv2] [T] [thread 6423] [54.0] [cxt 0] Bytes parsed: 38
[22:32:00.355] [bmv2] [D] [thread 6423] [54.0] [cxt 0] Parser 'parser': end
[22:32:00.355] [bmv2] [D] [thread 6423] [54.0] [cxt 0] Pipeline 'ingress': start
[22:32:00.355] [bmv2] [T] [thread 6423] [54.0] [cxt 0] qos.p4(197) Condition "hdr.ipv4.isValid()" (node_2) is true
[22:32:00.355] [bmv2] [T] [thread 6423] [54.0] [cxt 0] qos.p4(198) Condition "hdr.ipv4_option.isValid()" (node_3) is false
[22:32:00.355] [bmv2] [T] [thread 6423] [54.0] [cxt 0] Applying table 'MyIngress.ipv4_lpm'
[22:32:00.355] [bmv2] [D] [thread 6423] [54.0] [cxt 0] Looking up key:
* hdr.ipv4.dstAddr    : 0a000202

[22:32:00.355] [bmv2] [D] [thread 6423] [54.0] [cxt 0] Table 'MyIngress.ipv4_lpm': hit with handle 0
[22:32:00.355] [bmv2] [D] [thread 6423] [54.0] [cxt 0] Dumping entry 0
Match key:
* hdr.ipv4.dstAddr    : LPM       0a000202/32
Action entry: MyIngress.ipv4_forward - 80000000202,2,

[22:32:00.355] [bmv2] [D] [thread 6423] [54.0] [cxt 0] Action entry is MyIngress.ipv4_forward - 80000000202,2,
[22:32:00.355] [bmv2] [T] [thread 6423] [54.0] [cxt 0] Action MyIngress.ipv4_forward
[22:32:00.355] [bmv2] [T] [thread 6423] [54.0] [cxt 0] qos.p4(175) Primitive standard_metadata.egress_spec = port
[22:32:00.355] [bmv2] [T] [thread 6423] [54.0] [cxt 0] qos.p4(176) Primitive hdr.ethernet.srcAddr = hdr.ethernet.dstAddr
[22:32:00.355] [bmv2] [T] [thread 6423] [54.0] [cxt 0] qos.p4(177) Primitive hdr.ethernet.dstAddr = dstAddr
[22:32:00.355] [bmv2] [T] [thread 6423] [54.0] [cxt 0] qos.p4(178) Primitive hdr.ipv4.ttl = hdr.ipv4.ttl - 1
[22:32:00.355] [bmv2] [D] [thread 6423] [54.0] [cxt 0] Pipeline 'ingress': end
[22:32:00.355] [bmv2] [D] [thread 6423] [54.0] [cxt 0] Egress port is 2
[22:32:00.355] [bmv2] [D] [thread 6426] [54.0] [cxt 0] Pipeline 'egress': start
[22:32:00.355] [bmv2] [D] [thread 6426] [54.0] [cxt 0] Pipeline 'egress': end
[22:32:00.355] [bmv2] [D] [thread 6426] [54.0] [cxt 0] Deparser 'deparser': start
[22:32:00.355] [bmv2] [D] [thread 6426] [54.0] [cxt 0] Updating checksum 'cksum'
[22:32:00.355] [bmv2] [D] [thread 6426] [54.0] [cxt 0] Deparsing header 'ethernet'
[22:32:00.355] [bmv2] [D] [thread 6426] [54.0] [cxt 0] Deparsing header 'vlan'
[22:32:00.355] [bmv2] [D] [thread 6426] [54.0] [cxt 0] Deparsing header 'ipv4'
[22:32:00.355] [bmv2] [D] [thread 6426] [54.0] [cxt 0] Deparser 'deparser': end
[22:32:00.355] [bmv2] [D] [thread 6428] [54.0] [cxt 0] Transmitting packet of size 558 out of port 2
[22:32:00.479] [bmv2] [D] [thread 6423] [55.0] [cxt 0] Processing packet received on port 3
[22:32:00.479] [bmv2] [D] [thread 6423] [55.0] [cxt 0] Parser 'parser': start
[22:32:00.479] [bmv2] [D] [thread 6423] [55.0] [cxt 0] Parser 'parser' entering state 'start'
[22:32:00.479] [bmv2] [D] [thread 6423] [55.0] [cxt 0] Extracting header 'ethernet'
[22:32:00.479] [bmv2] [D] [thread 6423] [55.0] [cxt 0] Parser state 'start': key is 8100
[22:32:00.479] [bmv2] [T] [thread 6423] [55.0] [cxt 0] Bytes parsed: 14
[22:32:00.479] [bmv2] [D] [thread 6423] [55.0] [cxt 0] Parser 'parser' entering state 'parse_vlan'
[22:32:00.480] [bmv2] [D] [thread 6423] [55.0] [cxt 0] Extracting header 'vlan'
[22:32:00.480] [bmv2] [D] [thread 6423] [55.0] [cxt 0] Parser state 'parse_vlan': key is 0800
[22:32:00.480] [bmv2] [T] [thread 6423] [55.0] [cxt 0] Bytes parsed: 18
[22:32:00.480] [bmv2] [D] [thread 6423] [55.0] [cxt 0] Parser 'parser' entering state 'parse_ipv4'
[22:32:00.480] [bmv2] [D] [thread 6423] [55.0] [cxt 0] Extracting header 'ipv4'
[22:32:00.480] [bmv2] [D] [thread 6423] [55.0] [cxt 0] Parser set: setting field 'scalars.tmp' from expression, new value is 1
[22:32:00.480] [bmv2] [D] [thread 6423] [55.0] [cxt 0] Parser state 'parse_ipv4': key is 05
[22:32:00.480] [bmv2] [T] [thread 6423] [55.0] [cxt 0] Bytes parsed: 38
[22:32:00.480] [bmv2] [D] [thread 6423] [55.0] [cxt 0] Parser 'parser': end
[22:32:00.480] [bmv2] [D] [thread 6423] [55.0] [cxt 0] Pipeline 'ingress': start
[22:32:00.480] [bmv2] [T] [thread 6423] [55.0] [cxt 0] qos.p4(197) Condition "hdr.ipv4.isValid()" (node_2) is true
[22:32:00.480] [bmv2] [T] [thread 6423] [55.0] [cxt 0] qos.p4(198) Condition "hdr.ipv4_option.isValid()" (node_3) is false
[22:32:00.480] [bmv2] [T] [thread 6423] [55.0] [cxt 0] Applying table 'MyIngress.ipv4_lpm'
[22:32:00.480] [bmv2] [D] [thread 6423] [55.0] [cxt 0] Looking up key:
* hdr.ipv4.dstAddr    : 0a000202

[22:32:00.480] [bmv2] [D] [thread 6423] [55.0] [cxt 0] Table 'MyIngress.ipv4_lpm': hit with handle 0
[22:32:00.480] [bmv2] [D] [thread 6423] [55.0] [cxt 0] Dumping entry 0
Match key:
* hdr.ipv4.dstAddr    : LPM       0a000202/32
Action entry: MyIngress.ipv4_forward - 80000000202,2,

[22:32:00.480] [bmv2] [D] [thread 6423] [55.0] [cxt 0] Action entry is MyIngress.ipv4_forward - 80000000202,2,
[22:32:00.480] [bmv2] [T] [thread 6423] [55.0] [cxt 0] Action MyIngress.ipv4_forward
[22:32:00.480] [bmv2] [T] [thread 6423] [55.0] [cxt 0] qos.p4(175) Primitive standard_metadata.egress_spec = port
[22:32:00.480] [bmv2] [T] [thread 6423] [55.0] [cxt 0] qos.p4(176) Primitive hdr.ethernet.srcAddr = hdr.ethernet.dstAddr
[22:32:00.480] [bmv2] [T] [thread 6423] [55.0] [cxt 0] qos.p4(177) Primitive hdr.ethernet.dstAddr = dstAddr
[22:32:00.480] [bmv2] [T] [thread 6423] [55.0] [cxt 0] qos.p4(178) Primitive hdr.ipv4.ttl = hdr.ipv4.ttl - 1
[22:32:00.480] [bmv2] [D] [thread 6423] [55.0] [cxt 0] Pipeline 'ingress': end
[22:32:00.480] [bmv2] [D] [thread 6423] [55.0] [cxt 0] Egress port is 2
[22:32:00.480] [bmv2] [D] [thread 6426] [55.0] [cxt 0] Pipeline 'egress': start
[22:32:00.480] [bmv2] [D] [thread 6426] [55.0] [cxt 0] Pipeline 'egress': end
[22:32:00.480] [bmv2] [D] [thread 6426] [55.0] [cxt 0] Deparser 'deparser': start
[22:32:00.480] [bmv2] [D] [thread 6426] [55.0] [cxt 0] Updating checksum 'cksum'
[22:32:00.480] [bmv2] [D] [thread 6426] [55.0] [cxt 0] Deparsing header 'ethernet'
[22:32:00.480] [bmv2] [D] [thread 6426] [55.0] [cxt 0] Deparsing header 'vlan'
[22:32:00.480] [bmv2] [D] [thread 6426] [55.0] [cxt 0] Deparsing header 'ipv4'
[22:32:00.481] [bmv2] [D] [thread 6426] [55.0] [cxt 0] Deparser 'deparser': end
[22:32:00.481] [bmv2] [D] [thread 6428] [55.0] [cxt 0] Transmitting packet of size 558 out of port 2
[22:32:00.611] [bmv2] [D] [thread 6423] [56.0] [cxt 0] Processing packet received on port 3
[22:32:00.611] [bmv2] [D] [thread 6423] [56.0] [cxt 0] Parser 'parser': start
[22:32:00.611] [bmv2] [D] [thread 6423] [56.0] [cxt 0] Parser 'parser' entering state 'start'
[22:32:00.611] [bmv2] [D] [thread 6423] [56.0] [cxt 0] Extracting header 'ethernet'
[22:32:00.611] [bmv2] [D] [thread 6423] [56.0] [cxt 0] Parser state 'start': key is 8100
[22:32:00.611] [bmv2] [T] [thread 6423] [56.0] [cxt 0] Bytes parsed: 14
[22:32:00.611] [bmv2] [D] [thread 6423] [56.0] [cxt 0] Parser 'parser' entering state 'parse_vlan'
[22:32:00.611] [bmv2] [D] [thread 6423] [56.0] [cxt 0] Extracting header 'vlan'
[22:32:00.611] [bmv2] [D] [thread 6423] [56.0] [cxt 0] Parser state 'parse_vlan': key is 0800
[22:32:00.611] [bmv2] [T] [thread 6423] [56.0] [cxt 0] Bytes parsed: 18
[22:32:00.611] [bmv2] [D] [thread 6423] [56.0] [cxt 0] Parser 'parser' entering state 'parse_ipv4'
[22:32:00.611] [bmv2] [D] [thread 6423] [56.0] [cxt 0] Extracting header 'ipv4'
[22:32:00.611] [bmv2] [D] [thread 6423] [56.0] [cxt 0] Parser set: setting field 'scalars.tmp' from expression, new value is 1
[22:32:00.611] [bmv2] [D] [thread 6423] [56.0] [cxt 0] Parser state 'parse_ipv4': key is 05
[22:32:00.611] [bmv2] [T] [thread 6423] [56.0] [cxt 0] Bytes parsed: 38
[22:32:00.611] [bmv2] [D] [thread 6423] [56.0] [cxt 0] Parser 'parser': end
[22:32:00.611] [bmv2] [D] [thread 6423] [56.0] [cxt 0] Pipeline 'ingress': start
[22:32:00.611] [bmv2] [T] [thread 6423] [56.0] [cxt 0] qos.p4(197) Condition "hdr.ipv4.isValid()" (node_2) is true
[22:32:00.611] [bmv2] [T] [thread 6423] [56.0] [cxt 0] qos.p4(198) Condition "hdr.ipv4_option.isValid()" (node_3) is false
[22:32:00.611] [bmv2] [T] [thread 6423] [56.0] [cxt 0] Applying table 'MyIngress.ipv4_lpm'
[22:32:00.611] [bmv2] [D] [thread 6423] [56.0] [cxt 0] Looking up key:
* hdr.ipv4.dstAddr    : 0a000202

[22:32:00.611] [bmv2] [D] [thread 6423] [56.0] [cxt 0] Table 'MyIngress.ipv4_lpm': hit with handle 0
[22:32:00.611] [bmv2] [D] [thread 6423] [56.0] [cxt 0] Dumping entry 0
Match key:
* hdr.ipv4.dstAddr    : LPM       0a000202/32
Action entry: MyIngress.ipv4_forward - 80000000202,2,

[22:32:00.612] [bmv2] [D] [thread 6423] [56.0] [cxt 0] Action entry is MyIngress.ipv4_forward - 80000000202,2,
[22:32:00.612] [bmv2] [T] [thread 6423] [56.0] [cxt 0] Action MyIngress.ipv4_forward
[22:32:00.612] [bmv2] [T] [thread 6423] [56.0] [cxt 0] qos.p4(175) Primitive standard_metadata.egress_spec = port
[22:32:00.612] [bmv2] [T] [thread 6423] [56.0] [cxt 0] qos.p4(176) Primitive hdr.ethernet.srcAddr = hdr.ethernet.dstAddr
[22:32:00.612] [bmv2] [T] [thread 6423] [56.0] [cxt 0] qos.p4(177) Primitive hdr.ethernet.dstAddr = dstAddr
[22:32:00.612] [bmv2] [T] [thread 6423] [56.0] [cxt 0] qos.p4(178) Primitive hdr.ipv4.ttl = hdr.ipv4.ttl - 1
[22:32:00.612] [bmv2] [D] [thread 6423] [56.0] [cxt 0] Pipeline 'ingress': end
[22:32:00.612] [bmv2] [D] [thread 6423] [56.0] [cxt 0] Egress port is 2
[22:32:00.612] [bmv2] [D] [thread 6426] [56.0] [cxt 0] Pipeline 'egress': start
[22:32:00.612] [bmv2] [D] [thread 6426] [56.0] [cxt 0] Pipeline 'egress': end
[22:32:00.612] [bmv2] [D] [thread 6426] [56.0] [cxt 0] Deparser 'deparser': start
[22:32:00.612] [bmv2] [D] [thread 6426] [56.0] [cxt 0] Updating checksum 'cksum'
[22:32:00.612] [bmv2] [D] [thread 6426] [56.0] [cxt 0] Deparsing header 'ethernet'
[22:32:00.612] [bmv2] [D] [thread 6426] [56.0] [cxt 0] Deparsing header 'vlan'
[22:32:00.612] [bmv2] [D] [thread 6426] [56.0] [cxt 0] Deparsing header 'ipv4'
[22:32:00.612] [bmv2] [D] [thread 6426] [56.0] [cxt 0] Deparser 'deparser': end
[22:32:00.612] [bmv2] [D] [thread 6428] [56.0] [cxt 0] Transmitting packet of size 558 out of port 2
[22:32:00.734] [bmv2] [D] [thread 6423] [57.0] [cxt 0] Processing packet received on port 3
[22:32:00.734] [bmv2] [D] [thread 6423] [57.0] [cxt 0] Parser 'parser': start
[22:32:00.734] [bmv2] [D] [thread 6423] [57.0] [cxt 0] Parser 'parser' entering state 'start'
[22:32:00.734] [bmv2] [D] [thread 6423] [57.0] [cxt 0] Extracting header 'ethernet'
[22:32:00.734] [bmv2] [D] [thread 6423] [57.0] [cxt 0] Parser state 'start': key is 8100
[22:32:00.734] [bmv2] [T] [thread 6423] [57.0] [cxt 0] Bytes parsed: 14
[22:32:00.734] [bmv2] [D] [thread 6423] [57.0] [cxt 0] Parser 'parser' entering state 'parse_vlan'
[22:32:00.734] [bmv2] [D] [thread 6423] [57.0] [cxt 0] Extracting header 'vlan'
[22:32:00.734] [bmv2] [D] [thread 6423] [57.0] [cxt 0] Parser state 'parse_vlan': key is 0800
[22:32:00.734] [bmv2] [T] [thread 6423] [57.0] [cxt 0] Bytes parsed: 18
[22:32:00.734] [bmv2] [D] [thread 6423] [57.0] [cxt 0] Parser 'parser' entering state 'parse_ipv4'
[22:32:00.734] [bmv2] [D] [thread 6423] [57.0] [cxt 0] Extracting header 'ipv4'
[22:32:00.734] [bmv2] [D] [thread 6423] [57.0] [cxt 0] Parser set: setting field 'scalars.tmp' from expression, new value is 1
[22:32:00.734] [bmv2] [D] [thread 6423] [57.0] [cxt 0] Parser state 'parse_ipv4': key is 05
[22:32:00.734] [bmv2] [T] [thread 6423] [57.0] [cxt 0] Bytes parsed: 38
[22:32:00.734] [bmv2] [D] [thread 6423] [57.0] [cxt 0] Parser 'parser': end
[22:32:00.734] [bmv2] [D] [thread 6423] [57.0] [cxt 0] Pipeline 'ingress': start
[22:32:00.734] [bmv2] [T] [thread 6423] [57.0] [cxt 0] qos.p4(197) Condition "hdr.ipv4.isValid()" (node_2) is true
[22:32:00.735] [bmv2] [T] [thread 6423] [57.0] [cxt 0] qos.p4(198) Condition "hdr.ipv4_option.isValid()" (node_3) is false
[22:32:00.735] [bmv2] [T] [thread 6423] [57.0] [cxt 0] Applying table 'MyIngress.ipv4_lpm'
[22:32:00.735] [bmv2] [D] [thread 6423] [57.0] [cxt 0] Looking up key:
* hdr.ipv4.dstAddr    : 0a000202

[22:32:00.735] [bmv2] [D] [thread 6423] [57.0] [cxt 0] Table 'MyIngress.ipv4_lpm': hit with handle 0
[22:32:00.735] [bmv2] [D] [thread 6423] [57.0] [cxt 0] Dumping entry 0
Match key:
* hdr.ipv4.dstAddr    : LPM       0a000202/32
Action entry: MyIngress.ipv4_forward - 80000000202,2,

[22:32:00.735] [bmv2] [D] [thread 6423] [57.0] [cxt 0] Action entry is MyIngress.ipv4_forward - 80000000202,2,
[22:32:00.735] [bmv2] [T] [thread 6423] [57.0] [cxt 0] Action MyIngress.ipv4_forward
[22:32:00.735] [bmv2] [T] [thread 6423] [57.0] [cxt 0] qos.p4(175) Primitive standard_metadata.egress_spec = port
[22:32:00.735] [bmv2] [T] [thread 6423] [57.0] [cxt 0] qos.p4(176) Primitive hdr.ethernet.srcAddr = hdr.ethernet.dstAddr
[22:32:00.735] [bmv2] [T] [thread 6423] [57.0] [cxt 0] qos.p4(177) Primitive hdr.ethernet.dstAddr = dstAddr
[22:32:00.735] [bmv2] [T] [thread 6423] [57.0] [cxt 0] qos.p4(178) Primitive hdr.ipv4.ttl = hdr.ipv4.ttl - 1
[22:32:00.735] [bmv2] [D] [thread 6423] [57.0] [cxt 0] Pipeline 'ingress': end
[22:32:00.735] [bmv2] [D] [thread 6423] [57.0] [cxt 0] Egress port is 2
[22:32:00.735] [bmv2] [D] [thread 6426] [57.0] [cxt 0] Pipeline 'egress': start
[22:32:00.735] [bmv2] [D] [thread 6426] [57.0] [cxt 0] Pipeline 'egress': end
[22:32:00.735] [bmv2] [D] [thread 6426] [57.0] [cxt 0] Deparser 'deparser': start
[22:32:00.735] [bmv2] [D] [thread 6426] [57.0] [cxt 0] Updating checksum 'cksum'
[22:32:00.735] [bmv2] [D] [thread 6426] [57.0] [cxt 0] Deparsing header 'ethernet'
[22:32:00.735] [bmv2] [D] [thread 6426] [57.0] [cxt 0] Deparsing header 'vlan'
[22:32:00.735] [bmv2] [D] [thread 6426] [57.0] [cxt 0] Deparsing header 'ipv4'
[22:32:00.735] [bmv2] [D] [thread 6426] [57.0] [cxt 0] Deparser 'deparser': end
[22:32:00.735] [bmv2] [D] [thread 6428] [57.0] [cxt 0] Transmitting packet of size 558 out of port 2
[22:32:00.863] [bmv2] [D] [thread 6423] [58.0] [cxt 0] Processing packet received on port 3
[22:32:00.863] [bmv2] [D] [thread 6423] [58.0] [cxt 0] Parser 'parser': start
[22:32:00.863] [bmv2] [D] [thread 6423] [58.0] [cxt 0] Parser 'parser' entering state 'start'
[22:32:00.863] [bmv2] [D] [thread 6423] [58.0] [cxt 0] Extracting header 'ethernet'
[22:32:00.863] [bmv2] [D] [thread 6423] [58.0] [cxt 0] Parser state 'start': key is 8100
[22:32:00.863] [bmv2] [T] [thread 6423] [58.0] [cxt 0] Bytes parsed: 14
[22:32:00.863] [bmv2] [D] [thread 6423] [58.0] [cxt 0] Parser 'parser' entering state 'parse_vlan'
[22:32:00.863] [bmv2] [D] [thread 6423] [58.0] [cxt 0] Extracting header 'vlan'
[22:32:00.863] [bmv2] [D] [thread 6423] [58.0] [cxt 0] Parser state 'parse_vlan': key is 0800
[22:32:00.863] [bmv2] [T] [thread 6423] [58.0] [cxt 0] Bytes parsed: 18
[22:32:00.864] [bmv2] [D] [thread 6423] [58.0] [cxt 0] Parser 'parser' entering state 'parse_ipv4'
[22:32:00.864] [bmv2] [D] [thread 6423] [58.0] [cxt 0] Extracting header 'ipv4'
[22:32:00.864] [bmv2] [D] [thread 6423] [58.0] [cxt 0] Parser set: setting field 'scalars.tmp' from expression, new value is 1
[22:32:00.864] [bmv2] [D] [thread 6423] [58.0] [cxt 0] Parser state 'parse_ipv4': key is 05
[22:32:00.864] [bmv2] [T] [thread 6423] [58.0] [cxt 0] Bytes parsed: 38
[22:32:00.864] [bmv2] [D] [thread 6423] [58.0] [cxt 0] Parser 'parser': end
[22:32:00.864] [bmv2] [D] [thread 6423] [58.0] [cxt 0] Pipeline 'ingress': start
[22:32:00.864] [bmv2] [T] [thread 6423] [58.0] [cxt 0] qos.p4(197) Condition "hdr.ipv4.isValid()" (node_2) is true
[22:32:00.864] [bmv2] [T] [thread 6423] [58.0] [cxt 0] qos.p4(198) Condition "hdr.ipv4_option.isValid()" (node_3) is false
[22:32:00.864] [bmv2] [T] [thread 6423] [58.0] [cxt 0] Applying table 'MyIngress.ipv4_lpm'
[22:32:00.864] [bmv2] [D] [thread 6423] [58.0] [cxt 0] Looking up key:
* hdr.ipv4.dstAddr    : 0a000202

[22:32:00.864] [bmv2] [D] [thread 6423] [58.0] [cxt 0] Table 'MyIngress.ipv4_lpm': hit with handle 0
[22:32:00.864] [bmv2] [D] [thread 6423] [58.0] [cxt 0] Dumping entry 0
Match key:
* hdr.ipv4.dstAddr    : LPM       0a000202/32
Action entry: MyIngress.ipv4_forward - 80000000202,2,

[22:32:00.864] [bmv2] [D] [thread 6423] [58.0] [cxt 0] Action entry is MyIngress.ipv4_forward - 80000000202,2,
[22:32:00.864] [bmv2] [T] [thread 6423] [58.0] [cxt 0] Action MyIngress.ipv4_forward
[22:32:00.864] [bmv2] [T] [thread 6423] [58.0] [cxt 0] qos.p4(175) Primitive standard_metadata.egress_spec = port
[22:32:00.864] [bmv2] [T] [thread 6423] [58.0] [cxt 0] qos.p4(176) Primitive hdr.ethernet.srcAddr = hdr.ethernet.dstAddr
[22:32:00.864] [bmv2] [T] [thread 6423] [58.0] [cxt 0] qos.p4(177) Primitive hdr.ethernet.dstAddr = dstAddr
[22:32:00.864] [bmv2] [T] [thread 6423] [58.0] [cxt 0] qos.p4(178) Primitive hdr.ipv4.ttl = hdr.ipv4.ttl - 1
[22:32:00.864] [bmv2] [D] [thread 6423] [58.0] [cxt 0] Pipeline 'ingress': end
[22:32:00.864] [bmv2] [D] [thread 6423] [58.0] [cxt 0] Egress port is 2
[22:32:00.864] [bmv2] [D] [thread 6426] [58.0] [cxt 0] Pipeline 'egress': start
[22:32:00.864] [bmv2] [D] [thread 6426] [58.0] [cxt 0] Pipeline 'egress': end
[22:32:00.864] [bmv2] [D] [thread 6426] [58.0] [cxt 0] Deparser 'deparser': start
[22:32:00.864] [bmv2] [D] [thread 6426] [58.0] [cxt 0] Updating checksum 'cksum'
[22:32:00.864] [bmv2] [D] [thread 6426] [58.0] [cxt 0] Deparsing header 'ethernet'
[22:32:00.864] [bmv2] [D] [thread 6426] [58.0] [cxt 0] Deparsing header 'vlan'
[22:32:00.864] [bmv2] [D] [thread 6426] [58.0] [cxt 0] Deparsing header 'ipv4'
[22:32:00.864] [bmv2] [D] [thread 6426] [58.0] [cxt 0] Deparser 'deparser': end
[22:32:00.865] [bmv2] [D] [thread 6428] [58.0] [cxt 0] Transmitting packet of size 558 out of port 2
[22:32:00.995] [bmv2] [D] [thread 6423] [59.0] [cxt 0] Processing packet received on port 3
[22:32:00.995] [bmv2] [D] [thread 6423] [59.0] [cxt 0] Parser 'parser': start
[22:32:00.995] [bmv2] [D] [thread 6423] [59.0] [cxt 0] Parser 'parser' entering state 'start'
[22:32:00.995] [bmv2] [D] [thread 6423] [59.0] [cxt 0] Extracting header 'ethernet'
[22:32:00.995] [bmv2] [D] [thread 6423] [59.0] [cxt 0] Parser state 'start': key is 8100
[22:32:00.995] [bmv2] [T] [thread 6423] [59.0] [cxt 0] Bytes parsed: 14
[22:32:00.995] [bmv2] [D] [thread 6423] [59.0] [cxt 0] Parser 'parser' entering state 'parse_vlan'
[22:32:00.995] [bmv2] [D] [thread 6423] [59.0] [cxt 0] Extracting header 'vlan'
[22:32:00.995] [bmv2] [D] [thread 6423] [59.0] [cxt 0] Parser state 'parse_vlan': key is 0800
[22:32:00.995] [bmv2] [T] [thread 6423] [59.0] [cxt 0] Bytes parsed: 18
[22:32:00.995] [bmv2] [D] [thread 6423] [59.0] [cxt 0] Parser 'parser' entering state 'parse_ipv4'
[22:32:00.995] [bmv2] [D] [thread 6423] [59.0] [cxt 0] Extracting header 'ipv4'
[22:32:00.995] [bmv2] [D] [thread 6423] [59.0] [cxt 0] Parser set: setting field 'scalars.tmp' from expression, new value is 1
[22:32:00.995] [bmv2] [D] [thread 6423] [59.0] [cxt 0] Parser state 'parse_ipv4': key is 05
[22:32:00.995] [bmv2] [T] [thread 6423] [59.0] [cxt 0] Bytes parsed: 38
[22:32:00.995] [bmv2] [D] [thread 6423] [59.0] [cxt 0] Parser 'parser': end
[22:32:00.995] [bmv2] [D] [thread 6423] [59.0] [cxt 0] Pipeline 'ingress': start
[22:32:00.995] [bmv2] [T] [thread 6423] [59.0] [cxt 0] qos.p4(197) Condition "hdr.ipv4.isValid()" (node_2) is true
[22:32:00.995] [bmv2] [T] [thread 6423] [59.0] [cxt 0] qos.p4(198) Condition "hdr.ipv4_option.isValid()" (node_3) is false
[22:32:00.995] [bmv2] [T] [thread 6423] [59.0] [cxt 0] Applying table 'MyIngress.ipv4_lpm'
[22:32:00.995] [bmv2] [D] [thread 6423] [59.0] [cxt 0] Looking up key:
* hdr.ipv4.dstAddr    : 0a000202

[22:32:00.995] [bmv2] [D] [thread 6423] [59.0] [cxt 0] Table 'MyIngress.ipv4_lpm': hit with handle 0
[22:32:00.995] [bmv2] [D] [thread 6423] [59.0] [cxt 0] Dumping entry 0
Match key:
* hdr.ipv4.dstAddr    : LPM       0a000202/32
Action entry: MyIngress.ipv4_forward - 80000000202,2,

[22:32:00.995] [bmv2] [D] [thread 6423] [59.0] [cxt 0] Action entry is MyIngress.ipv4_forward - 80000000202,2,
[22:32:00.995] [bmv2] [T] [thread 6423] [59.0] [cxt 0] Action MyIngress.ipv4_forward
[22:32:00.995] [bmv2] [T] [thread 6423] [59.0] [cxt 0] qos.p4(175) Primitive standard_metadata.egress_spec = port
[22:32:00.995] [bmv2] [T] [thread 6423] [59.0] [cxt 0] qos.p4(176) Primitive hdr.ethernet.srcAddr = hdr.ethernet.dstAddr
[22:32:00.995] [bmv2] [T] [thread 6423] [59.0] [cxt 0] qos.p4(177) Primitive hdr.ethernet.dstAddr = dstAddr
[22:32:00.996] [bmv2] [T] [thread 6423] [59.0] [cxt 0] qos.p4(178) Primitive hdr.ipv4.ttl = hdr.ipv4.ttl - 1
[22:32:00.996] [bmv2] [D] [thread 6423] [59.0] [cxt 0] Pipeline 'ingress': end
[22:32:00.996] [bmv2] [D] [thread 6423] [59.0] [cxt 0] Egress port is 2
[22:32:00.996] [bmv2] [D] [thread 6426] [59.0] [cxt 0] Pipeline 'egress': start
[22:32:00.996] [bmv2] [D] [thread 6426] [59.0] [cxt 0] Pipeline 'egress': end
[22:32:00.996] [bmv2] [D] [thread 6426] [59.0] [cxt 0] Deparser 'deparser': start
[22:32:00.996] [bmv2] [D] [thread 6426] [59.0] [cxt 0] Updating checksum 'cksum'
[22:32:00.996] [bmv2] [D] [thread 6426] [59.0] [cxt 0] Deparsing header 'ethernet'
[22:32:00.996] [bmv2] [D] [thread 6426] [59.0] [cxt 0] Deparsing header 'vlan'
[22:32:00.996] [bmv2] [D] [thread 6426] [59.0] [cxt 0] Deparsing header 'ipv4'
[22:32:00.996] [bmv2] [D] [thread 6426] [59.0] [cxt 0] Deparser 'deparser': end
[22:32:00.996] [bmv2] [D] [thread 6428] [59.0] [cxt 0] Transmitting packet of size 558 out of port 2
[22:32:01.128] [bmv2] [D] [thread 6423] [60.0] [cxt 0] Processing packet received on port 3
[22:32:01.128] [bmv2] [D] [thread 6423] [60.0] [cxt 0] Parser 'parser': start
[22:32:01.128] [bmv2] [D] [thread 6423] [60.0] [cxt 0] Parser 'parser' entering state 'start'
[22:32:01.128] [bmv2] [D] [thread 6423] [60.0] [cxt 0] Extracting header 'ethernet'
[22:32:01.128] [bmv2] [D] [thread 6423] [60.0] [cxt 0] Parser state 'start': key is 8100
[22:32:01.128] [bmv2] [T] [thread 6423] [60.0] [cxt 0] Bytes parsed: 14
[22:32:01.128] [bmv2] [D] [thread 6423] [60.0] [cxt 0] Parser 'parser' entering state 'parse_vlan'
[22:32:01.128] [bmv2] [D] [thread 6423] [60.0] [cxt 0] Extracting header 'vlan'
[22:32:01.128] [bmv2] [D] [thread 6423] [60.0] [cxt 0] Parser state 'parse_vlan': key is 0800
[22:32:01.128] [bmv2] [T] [thread 6423] [60.0] [cxt 0] Bytes parsed: 18
[22:32:01.128] [bmv2] [D] [thread 6423] [60.0] [cxt 0] Parser 'parser' entering state 'parse_ipv4'
[22:32:01.128] [bmv2] [D] [thread 6423] [60.0] [cxt 0] Extracting header 'ipv4'
[22:32:01.128] [bmv2] [D] [thread 6423] [60.0] [cxt 0] Parser set: setting field 'scalars.tmp' from expression, new value is 1
[22:32:01.129] [bmv2] [D] [thread 6423] [60.0] [cxt 0] Parser state 'parse_ipv4': key is 05
[22:32:01.129] [bmv2] [T] [thread 6423] [60.0] [cxt 0] Bytes parsed: 38
[22:32:01.129] [bmv2] [D] [thread 6423] [60.0] [cxt 0] Parser 'parser': end
[22:32:01.129] [bmv2] [D] [thread 6423] [60.0] [cxt 0] Pipeline 'ingress': start
[22:32:01.129] [bmv2] [T] [thread 6423] [60.0] [cxt 0] qos.p4(197) Condition "hdr.ipv4.isValid()" (node_2) is true
[22:32:01.129] [bmv2] [T] [thread 6423] [60.0] [cxt 0] qos.p4(198) Condition "hdr.ipv4_option.isValid()" (node_3) is false
[22:32:01.129] [bmv2] [T] [thread 6423] [60.0] [cxt 0] Applying table 'MyIngress.ipv4_lpm'
[22:32:01.129] [bmv2] [D] [thread 6423] [60.0] [cxt 0] Looking up key:
* hdr.ipv4.dstAddr    : 0a000202

[22:32:01.129] [bmv2] [D] [thread 6423] [60.0] [cxt 0] Table 'MyIngress.ipv4_lpm': hit with handle 0
[22:32:01.129] [bmv2] [D] [thread 6423] [60.0] [cxt 0] Dumping entry 0
Match key:
* hdr.ipv4.dstAddr    : LPM       0a000202/32
Action entry: MyIngress.ipv4_forward - 80000000202,2,

[22:32:01.129] [bmv2] [D] [thread 6423] [60.0] [cxt 0] Action entry is MyIngress.ipv4_forward - 80000000202,2,
[22:32:01.129] [bmv2] [T] [thread 6423] [60.0] [cxt 0] Action MyIngress.ipv4_forward
[22:32:01.129] [bmv2] [T] [thread 6423] [60.0] [cxt 0] qos.p4(175) Primitive standard_metadata.egress_spec = port
[22:32:01.129] [bmv2] [T] [thread 6423] [60.0] [cxt 0] qos.p4(176) Primitive hdr.ethernet.srcAddr = hdr.ethernet.dstAddr
[22:32:01.129] [bmv2] [T] [thread 6423] [60.0] [cxt 0] qos.p4(177) Primitive hdr.ethernet.dstAddr = dstAddr
[22:32:01.129] [bmv2] [T] [thread 6423] [60.0] [cxt 0] qos.p4(178) Primitive hdr.ipv4.ttl = hdr.ipv4.ttl - 1
[22:32:01.129] [bmv2] [D] [thread 6423] [60.0] [cxt 0] Pipeline 'ingress': end
[22:32:01.129] [bmv2] [D] [thread 6423] [60.0] [cxt 0] Egress port is 2
[22:32:01.129] [bmv2] [D] [thread 6426] [60.0] [cxt 0] Pipeline 'egress': start
[22:32:01.129] [bmv2] [D] [thread 6426] [60.0] [cxt 0] Pipeline 'egress': end
[22:32:01.129] [bmv2] [D] [thread 6426] [60.0] [cxt 0] Deparser 'deparser': start
[22:32:01.129] [bmv2] [D] [thread 6426] [60.0] [cxt 0] Updating checksum 'cksum'
[22:32:01.129] [bmv2] [D] [thread 6426] [60.0] [cxt 0] Deparsing header 'ethernet'
[22:32:01.129] [bmv2] [D] [thread 6426] [60.0] [cxt 0] Deparsing header 'vlan'
[22:32:01.129] [bmv2] [D] [thread 6426] [60.0] [cxt 0] Deparsing header 'ipv4'
[22:32:01.129] [bmv2] [D] [thread 6426] [60.0] [cxt 0] Deparser 'deparser': end
[22:32:01.129] [bmv2] [D] [thread 6428] [60.0] [cxt 0] Transmitting packet of size 558 out of port 2
[22:32:01.250] [bmv2] [D] [thread 6423] [61.0] [cxt 0] Processing packet received on port 3
[22:32:01.250] [bmv2] [D] [thread 6423] [61.0] [cxt 0] Parser 'parser': start
[22:32:01.250] [bmv2] [D] [thread 6423] [61.0] [cxt 0] Parser 'parser' entering state 'start'
[22:32:01.250] [bmv2] [D] [thread 6423] [61.0] [cxt 0] Extracting header 'ethernet'
[22:32:01.250] [bmv2] [D] [thread 6423] [61.0] [cxt 0] Parser state 'start': key is 8100
[22:32:01.250] [bmv2] [T] [thread 6423] [61.0] [cxt 0] Bytes parsed: 14
[22:32:01.250] [bmv2] [D] [thread 6423] [61.0] [cxt 0] Parser 'parser' entering state 'parse_vlan'
[22:32:01.250] [bmv2] [D] [thread 6423] [61.0] [cxt 0] Extracting header 'vlan'
[22:32:01.250] [bmv2] [D] [thread 6423] [61.0] [cxt 0] Parser state 'parse_vlan': key is 0800
[22:32:01.250] [bmv2] [T] [thread 6423] [61.0] [cxt 0] Bytes parsed: 18
[22:32:01.250] [bmv2] [D] [thread 6423] [61.0] [cxt 0] Parser 'parser' entering state 'parse_ipv4'
[22:32:01.250] [bmv2] [D] [thread 6423] [61.0] [cxt 0] Extracting header 'ipv4'
[22:32:01.250] [bmv2] [D] [thread 6423] [61.0] [cxt 0] Parser set: setting field 'scalars.tmp' from expression, new value is 1
[22:32:01.250] [bmv2] [D] [thread 6423] [61.0] [cxt 0] Parser state 'parse_ipv4': key is 05
[22:32:01.250] [bmv2] [T] [thread 6423] [61.0] [cxt 0] Bytes parsed: 38
[22:32:01.250] [bmv2] [D] [thread 6423] [61.0] [cxt 0] Parser 'parser': end
[22:32:01.250] [bmv2] [D] [thread 6423] [61.0] [cxt 0] Pipeline 'ingress': start
[22:32:01.250] [bmv2] [T] [thread 6423] [61.0] [cxt 0] qos.p4(197) Condition "hdr.ipv4.isValid()" (node_2) is true
[22:32:01.250] [bmv2] [T] [thread 6423] [61.0] [cxt 0] qos.p4(198) Condition "hdr.ipv4_option.isValid()" (node_3) is false
[22:32:01.250] [bmv2] [T] [thread 6423] [61.0] [cxt 0] Applying table 'MyIngress.ipv4_lpm'
[22:32:01.250] [bmv2] [D] [thread 6423] [61.0] [cxt 0] Looking up key:
* hdr.ipv4.dstAddr    : 0a000202

[22:32:01.250] [bmv2] [D] [thread 6423] [61.0] [cxt 0] Table 'MyIngress.ipv4_lpm': hit with handle 0
[22:32:01.250] [bmv2] [D] [thread 6423] [61.0] [cxt 0] Dumping entry 0
Match key:
* hdr.ipv4.dstAddr    : LPM       0a000202/32
Action entry: MyIngress.ipv4_forward - 80000000202,2,

[22:32:01.251] [bmv2] [D] [thread 6423] [61.0] [cxt 0] Action entry is MyIngress.ipv4_forward - 80000000202,2,
[22:32:01.251] [bmv2] [T] [thread 6423] [61.0] [cxt 0] Action MyIngress.ipv4_forward
[22:32:01.251] [bmv2] [T] [thread 6423] [61.0] [cxt 0] qos.p4(175) Primitive standard_metadata.egress_spec = port
[22:32:01.251] [bmv2] [T] [thread 6423] [61.0] [cxt 0] qos.p4(176) Primitive hdr.ethernet.srcAddr = hdr.ethernet.dstAddr
[22:32:01.251] [bmv2] [T] [thread 6423] [61.0] [cxt 0] qos.p4(177) Primitive hdr.ethernet.dstAddr = dstAddr
[22:32:01.251] [bmv2] [T] [thread 6423] [61.0] [cxt 0] qos.p4(178) Primitive hdr.ipv4.ttl = hdr.ipv4.ttl - 1
[22:32:01.251] [bmv2] [D] [thread 6423] [61.0] [cxt 0] Pipeline 'ingress': end
[22:32:01.251] [bmv2] [D] [thread 6423] [61.0] [cxt 0] Egress port is 2
[22:32:01.251] [bmv2] [D] [thread 6426] [61.0] [cxt 0] Pipeline 'egress': start
[22:32:01.251] [bmv2] [D] [thread 6426] [61.0] [cxt 0] Pipeline 'egress': end
[22:32:01.251] [bmv2] [D] [thread 6426] [61.0] [cxt 0] Deparser 'deparser': start
[22:32:01.251] [bmv2] [D] [thread 6426] [61.0] [cxt 0] Updating checksum 'cksum'
[22:32:01.251] [bmv2] [D] [thread 6426] [61.0] [cxt 0] Deparsing header 'ethernet'
[22:32:01.251] [bmv2] [D] [thread 6426] [61.0] [cxt 0] Deparsing header 'vlan'
[22:32:01.251] [bmv2] [D] [thread 6426] [61.0] [cxt 0] Deparsing header 'ipv4'
[22:32:01.251] [bmv2] [D] [thread 6426] [61.0] [cxt 0] Deparser 'deparser': end
[22:32:01.251] [bmv2] [D] [thread 6428] [61.0] [cxt 0] Transmitting packet of size 558 out of port 2
[22:32:01.387] [bmv2] [D] [thread 6423] [62.0] [cxt 0] Processing packet received on port 3
[22:32:01.387] [bmv2] [D] [thread 6423] [62.0] [cxt 0] Parser 'parser': start
[22:32:01.387] [bmv2] [D] [thread 6423] [62.0] [cxt 0] Parser 'parser' entering state 'start'
[22:32:01.387] [bmv2] [D] [thread 6423] [62.0] [cxt 0] Extracting header 'ethernet'
[22:32:01.387] [bmv2] [D] [thread 6423] [62.0] [cxt 0] Parser state 'start': key is 8100
[22:32:01.387] [bmv2] [T] [thread 6423] [62.0] [cxt 0] Bytes parsed: 14
[22:32:01.388] [bmv2] [D] [thread 6423] [62.0] [cxt 0] Parser 'parser' entering state 'parse_vlan'
[22:32:01.388] [bmv2] [D] [thread 6423] [62.0] [cxt 0] Extracting header 'vlan'
[22:32:01.388] [bmv2] [D] [thread 6423] [62.0] [cxt 0] Parser state 'parse_vlan': key is 0800
[22:32:01.388] [bmv2] [T] [thread 6423] [62.0] [cxt 0] Bytes parsed: 18
[22:32:01.388] [bmv2] [D] [thread 6423] [62.0] [cxt 0] Parser 'parser' entering state 'parse_ipv4'
[22:32:01.388] [bmv2] [D] [thread 6423] [62.0] [cxt 0] Extracting header 'ipv4'
[22:32:01.388] [bmv2] [D] [thread 6423] [62.0] [cxt 0] Parser set: setting field 'scalars.tmp' from expression, new value is 1
[22:32:01.388] [bmv2] [D] [thread 6423] [62.0] [cxt 0] Parser state 'parse_ipv4': key is 05
[22:32:01.388] [bmv2] [T] [thread 6423] [62.0] [cxt 0] Bytes parsed: 38
[22:32:01.388] [bmv2] [D] [thread 6423] [62.0] [cxt 0] Parser 'parser': end
[22:32:01.388] [bmv2] [D] [thread 6423] [62.0] [cxt 0] Pipeline 'ingress': start
[22:32:01.388] [bmv2] [T] [thread 6423] [62.0] [cxt 0] qos.p4(197) Condition "hdr.ipv4.isValid()" (node_2) is true
[22:32:01.388] [bmv2] [T] [thread 6423] [62.0] [cxt 0] qos.p4(198) Condition "hdr.ipv4_option.isValid()" (node_3) is false
[22:32:01.388] [bmv2] [T] [thread 6423] [62.0] [cxt 0] Applying table 'MyIngress.ipv4_lpm'
[22:32:01.388] [bmv2] [D] [thread 6423] [62.0] [cxt 0] Looking up key:
* hdr.ipv4.dstAddr    : 0a000202

[22:32:01.388] [bmv2] [D] [thread 6423] [62.0] [cxt 0] Table 'MyIngress.ipv4_lpm': hit with handle 0
[22:32:01.388] [bmv2] [D] [thread 6423] [62.0] [cxt 0] Dumping entry 0
Match key:
* hdr.ipv4.dstAddr    : LPM       0a000202/32
Action entry: MyIngress.ipv4_forward - 80000000202,2,

[22:32:01.388] [bmv2] [D] [thread 6423] [62.0] [cxt 0] Action entry is MyIngress.ipv4_forward - 80000000202,2,
[22:32:01.388] [bmv2] [T] [thread 6423] [62.0] [cxt 0] Action MyIngress.ipv4_forward
[22:32:01.388] [bmv2] [T] [thread 6423] [62.0] [cxt 0] qos.p4(175) Primitive standard_metadata.egress_spec = port
[22:32:01.388] [bmv2] [T] [thread 6423] [62.0] [cxt 0] qos.p4(176) Primitive hdr.ethernet.srcAddr = hdr.ethernet.dstAddr
[22:32:01.388] [bmv2] [T] [thread 6423] [62.0] [cxt 0] qos.p4(177) Primitive hdr.ethernet.dstAddr = dstAddr
[22:32:01.388] [bmv2] [T] [thread 6423] [62.0] [cxt 0] qos.p4(178) Primitive hdr.ipv4.ttl = hdr.ipv4.ttl - 1
[22:32:01.388] [bmv2] [D] [thread 6423] [62.0] [cxt 0] Pipeline 'ingress': end
[22:32:01.388] [bmv2] [D] [thread 6423] [62.0] [cxt 0] Egress port is 2
[22:32:01.388] [bmv2] [D] [thread 6426] [62.0] [cxt 0] Pipeline 'egress': start
[22:32:01.388] [bmv2] [D] [thread 6426] [62.0] [cxt 0] Pipeline 'egress': end
[22:32:01.388] [bmv2] [D] [thread 6426] [62.0] [cxt 0] Deparser 'deparser': start
[22:32:01.388] [bmv2] [D] [thread 6426] [62.0] [cxt 0] Updating checksum 'cksum'
[22:32:01.388] [bmv2] [D] [thread 6426] [62.0] [cxt 0] Deparsing header 'ethernet'
[22:32:01.388] [bmv2] [D] [thread 6426] [62.0] [cxt 0] Deparsing header 'vlan'
[22:32:01.388] [bmv2] [D] [thread 6426] [62.0] [cxt 0] Deparsing header 'ipv4'
[22:32:01.388] [bmv2] [D] [thread 6426] [62.0] [cxt 0] Deparser 'deparser': end
[22:32:01.388] [bmv2] [D] [thread 6428] [62.0] [cxt 0] Transmitting packet of size 558 out of port 2
[22:32:01.515] [bmv2] [D] [thread 6423] [63.0] [cxt 0] Processing packet received on port 3
[22:32:01.515] [bmv2] [D] [thread 6423] [63.0] [cxt 0] Parser 'parser': start
[22:32:01.515] [bmv2] [D] [thread 6423] [63.0] [cxt 0] Parser 'parser' entering state 'start'
[22:32:01.515] [bmv2] [D] [thread 6423] [63.0] [cxt 0] Extracting header 'ethernet'
[22:32:01.515] [bmv2] [D] [thread 6423] [63.0] [cxt 0] Parser state 'start': key is 8100
[22:32:01.515] [bmv2] [T] [thread 6423] [63.0] [cxt 0] Bytes parsed: 14
[22:32:01.515] [bmv2] [D] [thread 6423] [63.0] [cxt 0] Parser 'parser' entering state 'parse_vlan'
[22:32:01.515] [bmv2] [D] [thread 6423] [63.0] [cxt 0] Extracting header 'vlan'
[22:32:01.515] [bmv2] [D] [thread 6423] [63.0] [cxt 0] Parser state 'parse_vlan': key is 0800
[22:32:01.515] [bmv2] [T] [thread 6423] [63.0] [cxt 0] Bytes parsed: 18
[22:32:01.515] [bmv2] [D] [thread 6423] [63.0] [cxt 0] Parser 'parser' entering state 'parse_ipv4'
[22:32:01.515] [bmv2] [D] [thread 6423] [63.0] [cxt 0] Extracting header 'ipv4'
[22:32:01.515] [bmv2] [D] [thread 6423] [63.0] [cxt 0] Parser set: setting field 'scalars.tmp' from expression, new value is 1
[22:32:01.515] [bmv2] [D] [thread 6423] [63.0] [cxt 0] Parser state 'parse_ipv4': key is 05
[22:32:01.515] [bmv2] [T] [thread 6423] [63.0] [cxt 0] Bytes parsed: 38
[22:32:01.515] [bmv2] [D] [thread 6423] [63.0] [cxt 0] Parser 'parser': end
[22:32:01.515] [bmv2] [D] [thread 6423] [63.0] [cxt 0] Pipeline 'ingress': start
[22:32:01.515] [bmv2] [T] [thread 6423] [63.0] [cxt 0] qos.p4(197) Condition "hdr.ipv4.isValid()" (node_2) is true
[22:32:01.515] [bmv2] [T] [thread 6423] [63.0] [cxt 0] qos.p4(198) Condition "hdr.ipv4_option.isValid()" (node_3) is false
[22:32:01.515] [bmv2] [T] [thread 6423] [63.0] [cxt 0] Applying table 'MyIngress.ipv4_lpm'
[22:32:01.515] [bmv2] [D] [thread 6423] [63.0] [cxt 0] Looking up key:
* hdr.ipv4.dstAddr    : 0a000202

[22:32:01.516] [bmv2] [D] [thread 6423] [63.0] [cxt 0] Table 'MyIngress.ipv4_lpm': hit with handle 0
[22:32:01.516] [bmv2] [D] [thread 6423] [63.0] [cxt 0] Dumping entry 0
Match key:
* hdr.ipv4.dstAddr    : LPM       0a000202/32
Action entry: MyIngress.ipv4_forward - 80000000202,2,

[22:32:01.516] [bmv2] [D] [thread 6423] [63.0] [cxt 0] Action entry is MyIngress.ipv4_forward - 80000000202,2,
[22:32:01.516] [bmv2] [T] [thread 6423] [63.0] [cxt 0] Action MyIngress.ipv4_forward
[22:32:01.516] [bmv2] [T] [thread 6423] [63.0] [cxt 0] qos.p4(175) Primitive standard_metadata.egress_spec = port
[22:32:01.516] [bmv2] [T] [thread 6423] [63.0] [cxt 0] qos.p4(176) Primitive hdr.ethernet.srcAddr = hdr.ethernet.dstAddr
[22:32:01.516] [bmv2] [T] [thread 6423] [63.0] [cxt 0] qos.p4(177) Primitive hdr.ethernet.dstAddr = dstAddr
[22:32:01.516] [bmv2] [T] [thread 6423] [63.0] [cxt 0] qos.p4(178) Primitive hdr.ipv4.ttl = hdr.ipv4.ttl - 1
[22:32:01.516] [bmv2] [D] [thread 6423] [63.0] [cxt 0] Pipeline 'ingress': end
[22:32:01.516] [bmv2] [D] [thread 6423] [63.0] [cxt 0] Egress port is 2
[22:32:01.516] [bmv2] [D] [thread 6426] [63.0] [cxt 0] Pipeline 'egress': start
[22:32:01.516] [bmv2] [D] [thread 6426] [63.0] [cxt 0] Pipeline 'egress': end
[22:32:01.516] [bmv2] [D] [thread 6426] [63.0] [cxt 0] Deparser 'deparser': start
[22:32:01.516] [bmv2] [D] [thread 6426] [63.0] [cxt 0] Updating checksum 'cksum'
[22:32:01.516] [bmv2] [D] [thread 6426] [63.0] [cxt 0] Deparsing header 'ethernet'
[22:32:01.516] [bmv2] [D] [thread 6426] [63.0] [cxt 0] Deparsing header 'vlan'
[22:32:01.516] [bmv2] [D] [thread 6426] [63.0] [cxt 0] Deparsing header 'ipv4'
[22:32:01.516] [bmv2] [D] [thread 6426] [63.0] [cxt 0] Deparser 'deparser': end
[22:32:01.516] [bmv2] [D] [thread 6428] [63.0] [cxt 0] Transmitting packet of size 558 out of port 2
[22:32:01.640] [bmv2] [D] [thread 6423] [64.0] [cxt 0] Processing packet received on port 3
[22:32:01.640] [bmv2] [D] [thread 6423] [64.0] [cxt 0] Parser 'parser': start
[22:32:01.640] [bmv2] [D] [thread 6423] [64.0] [cxt 0] Parser 'parser' entering state 'start'
[22:32:01.640] [bmv2] [D] [thread 6423] [64.0] [cxt 0] Extracting header 'ethernet'
[22:32:01.640] [bmv2] [D] [thread 6423] [64.0] [cxt 0] Parser state 'start': key is 8100
[22:32:01.640] [bmv2] [T] [thread 6423] [64.0] [cxt 0] Bytes parsed: 14
[22:32:01.640] [bmv2] [D] [thread 6423] [64.0] [cxt 0] Parser 'parser' entering state 'parse_vlan'
[22:32:01.640] [bmv2] [D] [thread 6423] [64.0] [cxt 0] Extracting header 'vlan'
[22:32:01.640] [bmv2] [D] [thread 6423] [64.0] [cxt 0] Parser state 'parse_vlan': key is 0800
[22:32:01.640] [bmv2] [T] [thread 6423] [64.0] [cxt 0] Bytes parsed: 18
[22:32:01.640] [bmv2] [D] [thread 6423] [64.0] [cxt 0] Parser 'parser' entering state 'parse_ipv4'
[22:32:01.640] [bmv2] [D] [thread 6423] [64.0] [cxt 0] Extracting header 'ipv4'
[22:32:01.640] [bmv2] [D] [thread 6423] [64.0] [cxt 0] Parser set: setting field 'scalars.tmp' from expression, new value is 1
[22:32:01.640] [bmv2] [D] [thread 6423] [64.0] [cxt 0] Parser state 'parse_ipv4': key is 05
[22:32:01.640] [bmv2] [T] [thread 6423] [64.0] [cxt 0] Bytes parsed: 38
[22:32:01.640] [bmv2] [D] [thread 6423] [64.0] [cxt 0] Parser 'parser': end
[22:32:01.640] [bmv2] [D] [thread 6423] [64.0] [cxt 0] Pipeline 'ingress': start
[22:32:01.640] [bmv2] [T] [thread 6423] [64.0] [cxt 0] qos.p4(197) Condition "hdr.ipv4.isValid()" (node_2) is true
[22:32:01.640] [bmv2] [T] [thread 6423] [64.0] [cxt 0] qos.p4(198) Condition "hdr.ipv4_option.isValid()" (node_3) is false
[22:32:01.640] [bmv2] [T] [thread 6423] [64.0] [cxt 0] Applying table 'MyIngress.ipv4_lpm'
[22:32:01.640] [bmv2] [D] [thread 6423] [64.0] [cxt 0] Looking up key:
* hdr.ipv4.dstAddr    : 0a000202

[22:32:01.640] [bmv2] [D] [thread 6423] [64.0] [cxt 0] Table 'MyIngress.ipv4_lpm': hit with handle 0
[22:32:01.640] [bmv2] [D] [thread 6423] [64.0] [cxt 0] Dumping entry 0
Match key:
* hdr.ipv4.dstAddr    : LPM       0a000202/32
Action entry: MyIngress.ipv4_forward - 80000000202,2,

[22:32:01.640] [bmv2] [D] [thread 6423] [64.0] [cxt 0] Action entry is MyIngress.ipv4_forward - 80000000202,2,
[22:32:01.641] [bmv2] [T] [thread 6423] [64.0] [cxt 0] Action MyIngress.ipv4_forward
[22:32:01.641] [bmv2] [T] [thread 6423] [64.0] [cxt 0] qos.p4(175) Primitive standard_metadata.egress_spec = port
[22:32:01.641] [bmv2] [T] [thread 6423] [64.0] [cxt 0] qos.p4(176) Primitive hdr.ethernet.srcAddr = hdr.ethernet.dstAddr
[22:32:01.641] [bmv2] [T] [thread 6423] [64.0] [cxt 0] qos.p4(177) Primitive hdr.ethernet.dstAddr = dstAddr
[22:32:01.641] [bmv2] [T] [thread 6423] [64.0] [cxt 0] qos.p4(178) Primitive hdr.ipv4.ttl = hdr.ipv4.ttl - 1
[22:32:01.641] [bmv2] [D] [thread 6423] [64.0] [cxt 0] Pipeline 'ingress': end
[22:32:01.641] [bmv2] [D] [thread 6423] [64.0] [cxt 0] Egress port is 2
[22:32:01.641] [bmv2] [D] [thread 6426] [64.0] [cxt 0] Pipeline 'egress': start
[22:32:01.641] [bmv2] [D] [thread 6426] [64.0] [cxt 0] Pipeline 'egress': end
[22:32:01.641] [bmv2] [D] [thread 6426] [64.0] [cxt 0] Deparser 'deparser': start
[22:32:01.641] [bmv2] [D] [thread 6426] [64.0] [cxt 0] Updating checksum 'cksum'
[22:32:01.641] [bmv2] [D] [thread 6426] [64.0] [cxt 0] Deparsing header 'ethernet'
[22:32:01.641] [bmv2] [D] [thread 6426] [64.0] [cxt 0] Deparsing header 'vlan'
[22:32:01.641] [bmv2] [D] [thread 6426] [64.0] [cxt 0] Deparsing header 'ipv4'
[22:32:01.641] [bmv2] [D] [thread 6426] [64.0] [cxt 0] Deparser 'deparser': end
[22:32:01.641] [bmv2] [D] [thread 6428] [64.0] [cxt 0] Transmitting packet of size 558 out of port 2
[22:32:01.773] [bmv2] [D] [thread 6423] [65.0] [cxt 0] Processing packet received on port 3
[22:32:01.773] [bmv2] [D] [thread 6423] [65.0] [cxt 0] Parser 'parser': start
[22:32:01.773] [bmv2] [D] [thread 6423] [65.0] [cxt 0] Parser 'parser' entering state 'start'
[22:32:01.773] [bmv2] [D] [thread 6423] [65.0] [cxt 0] Extracting header 'ethernet'
[22:32:01.773] [bmv2] [D] [thread 6423] [65.0] [cxt 0] Parser state 'start': key is 8100
[22:32:01.773] [bmv2] [T] [thread 6423] [65.0] [cxt 0] Bytes parsed: 14
[22:32:01.773] [bmv2] [D] [thread 6423] [65.0] [cxt 0] Parser 'parser' entering state 'parse_vlan'
[22:32:01.773] [bmv2] [D] [thread 6423] [65.0] [cxt 0] Extracting header 'vlan'
[22:32:01.773] [bmv2] [D] [thread 6423] [65.0] [cxt 0] Parser state 'parse_vlan': key is 0800
[22:32:01.773] [bmv2] [T] [thread 6423] [65.0] [cxt 0] Bytes parsed: 18
[22:32:01.773] [bmv2] [D] [thread 6423] [65.0] [cxt 0] Parser 'parser' entering state 'parse_ipv4'
[22:32:01.773] [bmv2] [D] [thread 6423] [65.0] [cxt 0] Extracting header 'ipv4'
[22:32:01.773] [bmv2] [D] [thread 6423] [65.0] [cxt 0] Parser set: setting field 'scalars.tmp' from expression, new value is 1
[22:32:01.773] [bmv2] [D] [thread 6423] [65.0] [cxt 0] Parser state 'parse_ipv4': key is 05
[22:32:01.773] [bmv2] [T] [thread 6423] [65.0] [cxt 0] Bytes parsed: 38
[22:32:01.773] [bmv2] [D] [thread 6423] [65.0] [cxt 0] Parser 'parser': end
[22:32:01.773] [bmv2] [D] [thread 6423] [65.0] [cxt 0] Pipeline 'ingress': start
[22:32:01.773] [bmv2] [T] [thread 6423] [65.0] [cxt 0] qos.p4(197) Condition "hdr.ipv4.isValid()" (node_2) is true
[22:32:01.774] [bmv2] [T] [thread 6423] [65.0] [cxt 0] qos.p4(198) Condition "hdr.ipv4_option.isValid()" (node_3) is false
[22:32:01.774] [bmv2] [T] [thread 6423] [65.0] [cxt 0] Applying table 'MyIngress.ipv4_lpm'
[22:32:01.774] [bmv2] [D] [thread 6423] [65.0] [cxt 0] Looking up key:
* hdr.ipv4.dstAddr    : 0a000202

[22:32:01.774] [bmv2] [D] [thread 6423] [65.0] [cxt 0] Table 'MyIngress.ipv4_lpm': hit with handle 0
[22:32:01.774] [bmv2] [D] [thread 6423] [65.0] [cxt 0] Dumping entry 0
Match key:
* hdr.ipv4.dstAddr    : LPM       0a000202/32
Action entry: MyIngress.ipv4_forward - 80000000202,2,

[22:32:01.774] [bmv2] [D] [thread 6423] [65.0] [cxt 0] Action entry is MyIngress.ipv4_forward - 80000000202,2,
[22:32:01.774] [bmv2] [T] [thread 6423] [65.0] [cxt 0] Action MyIngress.ipv4_forward
[22:32:01.774] [bmv2] [T] [thread 6423] [65.0] [cxt 0] qos.p4(175) Primitive standard_metadata.egress_spec = port
[22:32:01.774] [bmv2] [T] [thread 6423] [65.0] [cxt 0] qos.p4(176) Primitive hdr.ethernet.srcAddr = hdr.ethernet.dstAddr
[22:32:01.774] [bmv2] [T] [thread 6423] [65.0] [cxt 0] qos.p4(177) Primitive hdr.ethernet.dstAddr = dstAddr
[22:32:01.774] [bmv2] [T] [thread 6423] [65.0] [cxt 0] qos.p4(178) Primitive hdr.ipv4.ttl = hdr.ipv4.ttl - 1
[22:32:01.774] [bmv2] [D] [thread 6423] [65.0] [cxt 0] Pipeline 'ingress': end
[22:32:01.774] [bmv2] [D] [thread 6423] [65.0] [cxt 0] Egress port is 2
[22:32:01.774] [bmv2] [D] [thread 6426] [65.0] [cxt 0] Pipeline 'egress': start
[22:32:01.774] [bmv2] [D] [thread 6426] [65.0] [cxt 0] Pipeline 'egress': end
[22:32:01.774] [bmv2] [D] [thread 6426] [65.0] [cxt 0] Deparser 'deparser': start
[22:32:01.774] [bmv2] [D] [thread 6426] [65.0] [cxt 0] Updating checksum 'cksum'
[22:32:01.774] [bmv2] [D] [thread 6426] [65.0] [cxt 0] Deparsing header 'ethernet'
[22:32:01.774] [bmv2] [D] [thread 6426] [65.0] [cxt 0] Deparsing header 'vlan'
[22:32:01.774] [bmv2] [D] [thread 6426] [65.0] [cxt 0] Deparsing header 'ipv4'
[22:32:01.774] [bmv2] [D] [thread 6426] [65.0] [cxt 0] Deparser 'deparser': end
[22:32:01.774] [bmv2] [D] [thread 6428] [65.0] [cxt 0] Transmitting packet of size 558 out of port 2
[22:32:01.910] [bmv2] [D] [thread 6423] [66.0] [cxt 0] Processing packet received on port 3
[22:32:01.910] [bmv2] [D] [thread 6423] [66.0] [cxt 0] Parser 'parser': start
[22:32:01.910] [bmv2] [D] [thread 6423] [66.0] [cxt 0] Parser 'parser' entering state 'start'
[22:32:01.910] [bmv2] [D] [thread 6423] [66.0] [cxt 0] Extracting header 'ethernet'
[22:32:01.910] [bmv2] [D] [thread 6423] [66.0] [cxt 0] Parser state 'start': key is 8100
[22:32:01.910] [bmv2] [T] [thread 6423] [66.0] [cxt 0] Bytes parsed: 14
[22:32:01.910] [bmv2] [D] [thread 6423] [66.0] [cxt 0] Parser 'parser' entering state 'parse_vlan'
[22:32:01.910] [bmv2] [D] [thread 6423] [66.0] [cxt 0] Extracting header 'vlan'
[22:32:01.910] [bmv2] [D] [thread 6423] [66.0] [cxt 0] Parser state 'parse_vlan': key is 0800
[22:32:01.910] [bmv2] [T] [thread 6423] [66.0] [cxt 0] Bytes parsed: 18
[22:32:01.910] [bmv2] [D] [thread 6423] [66.0] [cxt 0] Parser 'parser' entering state 'parse_ipv4'
[22:32:01.910] [bmv2] [D] [thread 6423] [66.0] [cxt 0] Extracting header 'ipv4'
[22:32:01.910] [bmv2] [D] [thread 6423] [66.0] [cxt 0] Parser set: setting field 'scalars.tmp' from expression, new value is 1
[22:32:01.910] [bmv2] [D] [thread 6423] [66.0] [cxt 0] Parser state 'parse_ipv4': key is 05
[22:32:01.910] [bmv2] [T] [thread 6423] [66.0] [cxt 0] Bytes parsed: 38
[22:32:01.910] [bmv2] [D] [thread 6423] [66.0] [cxt 0] Parser 'parser': end
[22:32:01.910] [bmv2] [D] [thread 6423] [66.0] [cxt 0] Pipeline 'ingress': start
[22:32:01.910] [bmv2] [T] [thread 6423] [66.0] [cxt 0] qos.p4(197) Condition "hdr.ipv4.isValid()" (node_2) is true
[22:32:01.910] [bmv2] [T] [thread 6423] [66.0] [cxt 0] qos.p4(198) Condition "hdr.ipv4_option.isValid()" (node_3) is false
[22:32:01.910] [bmv2] [T] [thread 6423] [66.0] [cxt 0] Applying table 'MyIngress.ipv4_lpm'
[22:32:01.910] [bmv2] [D] [thread 6423] [66.0] [cxt 0] Looking up key:
* hdr.ipv4.dstAddr    : 0a000202

[22:32:01.910] [bmv2] [D] [thread 6423] [66.0] [cxt 0] Table 'MyIngress.ipv4_lpm': hit with handle 0
[22:32:01.910] [bmv2] [D] [thread 6423] [66.0] [cxt 0] Dumping entry 0
Match key:
* hdr.ipv4.dstAddr    : LPM       0a000202/32
Action entry: MyIngress.ipv4_forward - 80000000202,2,

[22:32:01.910] [bmv2] [D] [thread 6423] [66.0] [cxt 0] Action entry is MyIngress.ipv4_forward - 80000000202,2,
[22:32:01.911] [bmv2] [T] [thread 6423] [66.0] [cxt 0] Action MyIngress.ipv4_forward
[22:32:01.911] [bmv2] [T] [thread 6423] [66.0] [cxt 0] qos.p4(175) Primitive standard_metadata.egress_spec = port
[22:32:01.911] [bmv2] [T] [thread 6423] [66.0] [cxt 0] qos.p4(176) Primitive hdr.ethernet.srcAddr = hdr.ethernet.dstAddr
[22:32:01.911] [bmv2] [T] [thread 6423] [66.0] [cxt 0] qos.p4(177) Primitive hdr.ethernet.dstAddr = dstAddr
[22:32:01.911] [bmv2] [T] [thread 6423] [66.0] [cxt 0] qos.p4(178) Primitive hdr.ipv4.ttl = hdr.ipv4.ttl - 1
[22:32:01.911] [bmv2] [D] [thread 6423] [66.0] [cxt 0] Pipeline 'ingress': end
[22:32:01.911] [bmv2] [D] [thread 6423] [66.0] [cxt 0] Egress port is 2
[22:32:01.911] [bmv2] [D] [thread 6426] [66.0] [cxt 0] Pipeline 'egress': start
[22:32:01.911] [bmv2] [D] [thread 6426] [66.0] [cxt 0] Pipeline 'egress': end
[22:32:01.911] [bmv2] [D] [thread 6426] [66.0] [cxt 0] Deparser 'deparser': start
[22:32:01.911] [bmv2] [D] [thread 6426] [66.0] [cxt 0] Updating checksum 'cksum'
[22:32:01.911] [bmv2] [D] [thread 6426] [66.0] [cxt 0] Deparsing header 'ethernet'
[22:32:01.911] [bmv2] [D] [thread 6426] [66.0] [cxt 0] Deparsing header 'vlan'
[22:32:01.911] [bmv2] [D] [thread 6426] [66.0] [cxt 0] Deparsing header 'ipv4'
[22:32:01.911] [bmv2] [D] [thread 6426] [66.0] [cxt 0] Deparser 'deparser': end
[22:32:01.911] [bmv2] [D] [thread 6428] [66.0] [cxt 0] Transmitting packet of size 558 out of port 2
[22:32:02.047] [bmv2] [D] [thread 6423] [67.0] [cxt 0] Processing packet received on port 3
[22:32:02.047] [bmv2] [D] [thread 6423] [67.0] [cxt 0] Parser 'parser': start
[22:32:02.047] [bmv2] [D] [thread 6423] [67.0] [cxt 0] Parser 'parser' entering state 'start'
[22:32:02.047] [bmv2] [D] [thread 6423] [67.0] [cxt 0] Extracting header 'ethernet'
[22:32:02.047] [bmv2] [D] [thread 6423] [67.0] [cxt 0] Parser state 'start': key is 8100
[22:32:02.047] [bmv2] [T] [thread 6423] [67.0] [cxt 0] Bytes parsed: 14
[22:32:02.047] [bmv2] [D] [thread 6423] [67.0] [cxt 0] Parser 'parser' entering state 'parse_vlan'
[22:32:02.047] [bmv2] [D] [thread 6423] [67.0] [cxt 0] Extracting header 'vlan'
[22:32:02.047] [bmv2] [D] [thread 6423] [67.0] [cxt 0] Parser state 'parse_vlan': key is 0800
[22:32:02.047] [bmv2] [T] [thread 6423] [67.0] [cxt 0] Bytes parsed: 18
[22:32:02.047] [bmv2] [D] [thread 6423] [67.0] [cxt 0] Parser 'parser' entering state 'parse_ipv4'
[22:32:02.047] [bmv2] [D] [thread 6423] [67.0] [cxt 0] Extracting header 'ipv4'
[22:32:02.047] [bmv2] [D] [thread 6423] [67.0] [cxt 0] Parser set: setting field 'scalars.tmp' from expression, new value is 1
[22:32:02.047] [bmv2] [D] [thread 6423] [67.0] [cxt 0] Parser state 'parse_ipv4': key is 05
[22:32:02.047] [bmv2] [T] [thread 6423] [67.0] [cxt 0] Bytes parsed: 38
[22:32:02.047] [bmv2] [D] [thread 6423] [67.0] [cxt 0] Parser 'parser': end
[22:32:02.047] [bmv2] [D] [thread 6423] [67.0] [cxt 0] Pipeline 'ingress': start
[22:32:02.047] [bmv2] [T] [thread 6423] [67.0] [cxt 0] qos.p4(197) Condition "hdr.ipv4.isValid()" (node_2) is true
[22:32:02.047] [bmv2] [T] [thread 6423] [67.0] [cxt 0] qos.p4(198) Condition "hdr.ipv4_option.isValid()" (node_3) is false
[22:32:02.047] [bmv2] [T] [thread 6423] [67.0] [cxt 0] Applying table 'MyIngress.ipv4_lpm'
[22:32:02.047] [bmv2] [D] [thread 6423] [67.0] [cxt 0] Looking up key:
* hdr.ipv4.dstAddr    : 0a000202

[22:32:02.047] [bmv2] [D] [thread 6423] [67.0] [cxt 0] Table 'MyIngress.ipv4_lpm': hit with handle 0
[22:32:02.047] [bmv2] [D] [thread 6423] [67.0] [cxt 0] Dumping entry 0
Match key:
* hdr.ipv4.dstAddr    : LPM       0a000202/32
Action entry: MyIngress.ipv4_forward - 80000000202,2,

[22:32:02.047] [bmv2] [D] [thread 6423] [67.0] [cxt 0] Action entry is MyIngress.ipv4_forward - 80000000202,2,
[22:32:02.047] [bmv2] [T] [thread 6423] [67.0] [cxt 0] Action MyIngress.ipv4_forward
[22:32:02.047] [bmv2] [T] [thread 6423] [67.0] [cxt 0] qos.p4(175) Primitive standard_metadata.egress_spec = port
[22:32:02.047] [bmv2] [T] [thread 6423] [67.0] [cxt 0] qos.p4(176) Primitive hdr.ethernet.srcAddr = hdr.ethernet.dstAddr
[22:32:02.047] [bmv2] [T] [thread 6423] [67.0] [cxt 0] qos.p4(177) Primitive hdr.ethernet.dstAddr = dstAddr
[22:32:02.048] [bmv2] [T] [thread 6423] [67.0] [cxt 0] qos.p4(178) Primitive hdr.ipv4.ttl = hdr.ipv4.ttl - 1
[22:32:02.049] [bmv2] [D] [thread 6423] [67.0] [cxt 0] Pipeline 'ingress': end
[22:32:02.049] [bmv2] [D] [thread 6423] [67.0] [cxt 0] Egress port is 2
[22:32:02.049] [bmv2] [D] [thread 6426] [67.0] [cxt 0] Pipeline 'egress': start
[22:32:02.049] [bmv2] [D] [thread 6426] [67.0] [cxt 0] Pipeline 'egress': end
[22:32:02.049] [bmv2] [D] [thread 6426] [67.0] [cxt 0] Deparser 'deparser': start
[22:32:02.049] [bmv2] [D] [thread 6426] [67.0] [cxt 0] Updating checksum 'cksum'
[22:32:02.049] [bmv2] [D] [thread 6426] [67.0] [cxt 0] Deparsing header 'ethernet'
[22:32:02.049] [bmv2] [D] [thread 6426] [67.0] [cxt 0] Deparsing header 'vlan'
[22:32:02.049] [bmv2] [D] [thread 6426] [67.0] [cxt 0] Deparsing header 'ipv4'
[22:32:02.049] [bmv2] [D] [thread 6426] [67.0] [cxt 0] Deparser 'deparser': end
[22:32:02.049] [bmv2] [D] [thread 6428] [67.0] [cxt 0] Transmitting packet of size 558 out of port 2
[22:32:02.179] [bmv2] [D] [thread 6423] [68.0] [cxt 0] Processing packet received on port 3
[22:32:02.179] [bmv2] [D] [thread 6423] [68.0] [cxt 0] Parser 'parser': start
[22:32:02.179] [bmv2] [D] [thread 6423] [68.0] [cxt 0] Parser 'parser' entering state 'start'
[22:32:02.179] [bmv2] [D] [thread 6423] [68.0] [cxt 0] Extracting header 'ethernet'
[22:32:02.179] [bmv2] [D] [thread 6423] [68.0] [cxt 0] Parser state 'start': key is 8100
[22:32:02.179] [bmv2] [T] [thread 6423] [68.0] [cxt 0] Bytes parsed: 14
[22:32:02.179] [bmv2] [D] [thread 6423] [68.0] [cxt 0] Parser 'parser' entering state 'parse_vlan'
[22:32:02.179] [bmv2] [D] [thread 6423] [68.0] [cxt 0] Extracting header 'vlan'
[22:32:02.179] [bmv2] [D] [thread 6423] [68.0] [cxt 0] Parser state 'parse_vlan': key is 0800
[22:32:02.179] [bmv2] [T] [thread 6423] [68.0] [cxt 0] Bytes parsed: 18
[22:32:02.179] [bmv2] [D] [thread 6423] [68.0] [cxt 0] Parser 'parser' entering state 'parse_ipv4'
[22:32:02.179] [bmv2] [D] [thread 6423] [68.0] [cxt 0] Extracting header 'ipv4'
[22:32:02.179] [bmv2] [D] [thread 6423] [68.0] [cxt 0] Parser set: setting field 'scalars.tmp' from expression, new value is 1
[22:32:02.180] [bmv2] [D] [thread 6423] [68.0] [cxt 0] Parser state 'parse_ipv4': key is 05
[22:32:02.180] [bmv2] [T] [thread 6423] [68.0] [cxt 0] Bytes parsed: 38
[22:32:02.180] [bmv2] [D] [thread 6423] [68.0] [cxt 0] Parser 'parser': end
[22:32:02.180] [bmv2] [D] [thread 6423] [68.0] [cxt 0] Pipeline 'ingress': start
[22:32:02.180] [bmv2] [T] [thread 6423] [68.0] [cxt 0] qos.p4(197) Condition "hdr.ipv4.isValid()" (node_2) is true
[22:32:02.180] [bmv2] [T] [thread 6423] [68.0] [cxt 0] qos.p4(198) Condition "hdr.ipv4_option.isValid()" (node_3) is false
[22:32:02.180] [bmv2] [T] [thread 6423] [68.0] [cxt 0] Applying table 'MyIngress.ipv4_lpm'
[22:32:02.180] [bmv2] [D] [thread 6423] [68.0] [cxt 0] Looking up key:
* hdr.ipv4.dstAddr    : 0a000202

[22:32:02.180] [bmv2] [D] [thread 6423] [68.0] [cxt 0] Table 'MyIngress.ipv4_lpm': hit with handle 0
[22:32:02.181] [bmv2] [D] [thread 6423] [68.0] [cxt 0] Dumping entry 0
Match key:
* hdr.ipv4.dstAddr    : LPM       0a000202/32
Action entry: MyIngress.ipv4_forward - 80000000202,2,

[22:32:02.181] [bmv2] [D] [thread 6423] [68.0] [cxt 0] Action entry is MyIngress.ipv4_forward - 80000000202,2,
[22:32:02.181] [bmv2] [T] [thread 6423] [68.0] [cxt 0] Action MyIngress.ipv4_forward
[22:32:02.181] [bmv2] [T] [thread 6423] [68.0] [cxt 0] qos.p4(175) Primitive standard_metadata.egress_spec = port
[22:32:02.181] [bmv2] [T] [thread 6423] [68.0] [cxt 0] qos.p4(176) Primitive hdr.ethernet.srcAddr = hdr.ethernet.dstAddr
[22:32:02.181] [bmv2] [T] [thread 6423] [68.0] [cxt 0] qos.p4(177) Primitive hdr.ethernet.dstAddr = dstAddr
[22:32:02.181] [bmv2] [T] [thread 6423] [68.0] [cxt 0] qos.p4(178) Primitive hdr.ipv4.ttl = hdr.ipv4.ttl - 1
[22:32:02.181] [bmv2] [D] [thread 6423] [68.0] [cxt 0] Pipeline 'ingress': end
[22:32:02.182] [bmv2] [D] [thread 6423] [68.0] [cxt 0] Egress port is 2
[22:32:02.182] [bmv2] [D] [thread 6426] [68.0] [cxt 0] Pipeline 'egress': start
[22:32:02.182] [bmv2] [D] [thread 6426] [68.0] [cxt 0] Pipeline 'egress': end
[22:32:02.182] [bmv2] [D] [thread 6426] [68.0] [cxt 0] Deparser 'deparser': start
[22:32:02.182] [bmv2] [D] [thread 6426] [68.0] [cxt 0] Updating checksum 'cksum'
[22:32:02.182] [bmv2] [D] [thread 6426] [68.0] [cxt 0] Deparsing header 'ethernet'
[22:32:02.182] [bmv2] [D] [thread 6426] [68.0] [cxt 0] Deparsing header 'vlan'
[22:32:02.182] [bmv2] [D] [thread 6426] [68.0] [cxt 0] Deparsing header 'ipv4'
[22:32:02.182] [bmv2] [D] [thread 6426] [68.0] [cxt 0] Deparser 'deparser': end
[22:32:02.182] [bmv2] [D] [thread 6428] [68.0] [cxt 0] Transmitting packet of size 558 out of port 2
[22:32:02.325] [bmv2] [D] [thread 6423] [69.0] [cxt 0] Processing packet received on port 3
[22:32:02.325] [bmv2] [D] [thread 6423] [69.0] [cxt 0] Parser 'parser': start
[22:32:02.325] [bmv2] [D] [thread 6423] [69.0] [cxt 0] Parser 'parser' entering state 'start'
[22:32:02.325] [bmv2] [D] [thread 6423] [69.0] [cxt 0] Extracting header 'ethernet'
[22:32:02.325] [bmv2] [D] [thread 6423] [69.0] [cxt 0] Parser state 'start': key is 8100
[22:32:02.325] [bmv2] [T] [thread 6423] [69.0] [cxt 0] Bytes parsed: 14
[22:32:02.325] [bmv2] [D] [thread 6423] [69.0] [cxt 0] Parser 'parser' entering state 'parse_vlan'
[22:32:02.325] [bmv2] [D] [thread 6423] [69.0] [cxt 0] Extracting header 'vlan'
[22:32:02.325] [bmv2] [D] [thread 6423] [69.0] [cxt 0] Parser state 'parse_vlan': key is 0800
[22:32:02.325] [bmv2] [T] [thread 6423] [69.0] [cxt 0] Bytes parsed: 18
[22:32:02.325] [bmv2] [D] [thread 6423] [69.0] [cxt 0] Parser 'parser' entering state 'parse_ipv4'
[22:32:02.325] [bmv2] [D] [thread 6423] [69.0] [cxt 0] Extracting header 'ipv4'
[22:32:02.325] [bmv2] [D] [thread 6423] [69.0] [cxt 0] Parser set: setting field 'scalars.tmp' from expression, new value is 1
[22:32:02.325] [bmv2] [D] [thread 6423] [69.0] [cxt 0] Parser state 'parse_ipv4': key is 05
[22:32:02.325] [bmv2] [T] [thread 6423] [69.0] [cxt 0] Bytes parsed: 38
[22:32:02.325] [bmv2] [D] [thread 6423] [69.0] [cxt 0] Parser 'parser': end
[22:32:02.325] [bmv2] [D] [thread 6423] [69.0] [cxt 0] Pipeline 'ingress': start
[22:32:02.326] [bmv2] [T] [thread 6423] [69.0] [cxt 0] qos.p4(197) Condition "hdr.ipv4.isValid()" (node_2) is true
[22:32:02.326] [bmv2] [T] [thread 6423] [69.0] [cxt 0] qos.p4(198) Condition "hdr.ipv4_option.isValid()" (node_3) is false
[22:32:02.326] [bmv2] [T] [thread 6423] [69.0] [cxt 0] Applying table 'MyIngress.ipv4_lpm'
[22:32:02.326] [bmv2] [D] [thread 6423] [69.0] [cxt 0] Looking up key:
* hdr.ipv4.dstAddr    : 0a000202

[22:32:02.326] [bmv2] [D] [thread 6423] [69.0] [cxt 0] Table 'MyIngress.ipv4_lpm': hit with handle 0
[22:32:02.326] [bmv2] [D] [thread 6423] [69.0] [cxt 0] Dumping entry 0
Match key:
* hdr.ipv4.dstAddr    : LPM       0a000202/32
Action entry: MyIngress.ipv4_forward - 80000000202,2,

[22:32:02.326] [bmv2] [D] [thread 6423] [69.0] [cxt 0] Action entry is MyIngress.ipv4_forward - 80000000202,2,
[22:32:02.326] [bmv2] [T] [thread 6423] [69.0] [cxt 0] Action MyIngress.ipv4_forward
[22:32:02.326] [bmv2] [T] [thread 6423] [69.0] [cxt 0] qos.p4(175) Primitive standard_metadata.egress_spec = port
[22:32:02.326] [bmv2] [T] [thread 6423] [69.0] [cxt 0] qos.p4(176) Primitive hdr.ethernet.srcAddr = hdr.ethernet.dstAddr
[22:32:02.326] [bmv2] [T] [thread 6423] [69.0] [cxt 0] qos.p4(177) Primitive hdr.ethernet.dstAddr = dstAddr
[22:32:02.326] [bmv2] [T] [thread 6423] [69.0] [cxt 0] qos.p4(178) Primitive hdr.ipv4.ttl = hdr.ipv4.ttl - 1
[22:32:02.326] [bmv2] [D] [thread 6423] [69.0] [cxt 0] Pipeline 'ingress': end
[22:32:02.326] [bmv2] [D] [thread 6423] [69.0] [cxt 0] Egress port is 2
[22:32:02.326] [bmv2] [D] [thread 6426] [69.0] [cxt 0] Pipeline 'egress': start
[22:32:02.326] [bmv2] [D] [thread 6426] [69.0] [cxt 0] Pipeline 'egress': end
[22:32:02.326] [bmv2] [D] [thread 6426] [69.0] [cxt 0] Deparser 'deparser': start
[22:32:02.326] [bmv2] [D] [thread 6426] [69.0] [cxt 0] Updating checksum 'cksum'
[22:32:02.326] [bmv2] [D] [thread 6426] [69.0] [cxt 0] Deparsing header 'ethernet'
[22:32:02.326] [bmv2] [D] [thread 6426] [69.0] [cxt 0] Deparsing header 'vlan'
[22:32:02.326] [bmv2] [D] [thread 6426] [69.0] [cxt 0] Deparsing header 'ipv4'
[22:32:02.326] [bmv2] [D] [thread 6426] [69.0] [cxt 0] Deparser 'deparser': end
[22:32:02.326] [bmv2] [D] [thread 6428] [69.0] [cxt 0] Transmitting packet of size 558 out of port 2
[22:32:02.446] [bmv2] [D] [thread 6423] [70.0] [cxt 0] Processing packet received on port 3
[22:32:02.446] [bmv2] [D] [thread 6423] [70.0] [cxt 0] Parser 'parser': start
[22:32:02.446] [bmv2] [D] [thread 6423] [70.0] [cxt 0] Parser 'parser' entering state 'start'
[22:32:02.446] [bmv2] [D] [thread 6423] [70.0] [cxt 0] Extracting header 'ethernet'
[22:32:02.446] [bmv2] [D] [thread 6423] [70.0] [cxt 0] Parser state 'start': key is 8100
[22:32:02.446] [bmv2] [T] [thread 6423] [70.0] [cxt 0] Bytes parsed: 14
[22:32:02.446] [bmv2] [D] [thread 6423] [70.0] [cxt 0] Parser 'parser' entering state 'parse_vlan'
[22:32:02.446] [bmv2] [D] [thread 6423] [70.0] [cxt 0] Extracting header 'vlan'
[22:32:02.446] [bmv2] [D] [thread 6423] [70.0] [cxt 0] Parser state 'parse_vlan': key is 0800
[22:32:02.446] [bmv2] [T] [thread 6423] [70.0] [cxt 0] Bytes parsed: 18
[22:32:02.446] [bmv2] [D] [thread 6423] [70.0] [cxt 0] Parser 'parser' entering state 'parse_ipv4'
[22:32:02.446] [bmv2] [D] [thread 6423] [70.0] [cxt 0] Extracting header 'ipv4'
[22:32:02.446] [bmv2] [D] [thread 6423] [70.0] [cxt 0] Parser set: setting field 'scalars.tmp' from expression, new value is 1
[22:32:02.446] [bmv2] [D] [thread 6423] [70.0] [cxt 0] Parser state 'parse_ipv4': key is 05
[22:32:02.446] [bmv2] [T] [thread 6423] [70.0] [cxt 0] Bytes parsed: 38
[22:32:02.446] [bmv2] [D] [thread 6423] [70.0] [cxt 0] Parser 'parser': end
[22:32:02.446] [bmv2] [D] [thread 6423] [70.0] [cxt 0] Pipeline 'ingress': start
[22:32:02.446] [bmv2] [T] [thread 6423] [70.0] [cxt 0] qos.p4(197) Condition "hdr.ipv4.isValid()" (node_2) is true
[22:32:02.446] [bmv2] [T] [thread 6423] [70.0] [cxt 0] qos.p4(198) Condition "hdr.ipv4_option.isValid()" (node_3) is false
[22:32:02.446] [bmv2] [T] [thread 6423] [70.0] [cxt 0] Applying table 'MyIngress.ipv4_lpm'
[22:32:02.446] [bmv2] [D] [thread 6423] [70.0] [cxt 0] Looking up key:
* hdr.ipv4.dstAddr    : 0a000202

[22:32:02.446] [bmv2] [D] [thread 6423] [70.0] [cxt 0] Table 'MyIngress.ipv4_lpm': hit with handle 0
[22:32:02.446] [bmv2] [D] [thread 6423] [70.0] [cxt 0] Dumping entry 0
Match key:
* hdr.ipv4.dstAddr    : LPM       0a000202/32
Action entry: MyIngress.ipv4_forward - 80000000202,2,

[22:32:02.446] [bmv2] [D] [thread 6423] [70.0] [cxt 0] Action entry is MyIngress.ipv4_forward - 80000000202,2,
[22:32:02.446] [bmv2] [T] [thread 6423] [70.0] [cxt 0] Action MyIngress.ipv4_forward
[22:32:02.446] [bmv2] [T] [thread 6423] [70.0] [cxt 0] qos.p4(175) Primitive standard_metadata.egress_spec = port
[22:32:02.446] [bmv2] [T] [thread 6423] [70.0] [cxt 0] qos.p4(176) Primitive hdr.ethernet.srcAddr = hdr.ethernet.dstAddr
[22:32:02.446] [bmv2] [T] [thread 6423] [70.0] [cxt 0] qos.p4(177) Primitive hdr.ethernet.dstAddr = dstAddr
[22:32:02.446] [bmv2] [T] [thread 6423] [70.0] [cxt 0] qos.p4(178) Primitive hdr.ipv4.ttl = hdr.ipv4.ttl - 1
[22:32:02.446] [bmv2] [D] [thread 6423] [70.0] [cxt 0] Pipeline 'ingress': end
[22:32:02.446] [bmv2] [D] [thread 6423] [70.0] [cxt 0] Egress port is 2
[22:32:02.446] [bmv2] [D] [thread 6426] [70.0] [cxt 0] Pipeline 'egress': start
[22:32:02.446] [bmv2] [D] [thread 6426] [70.0] [cxt 0] Pipeline 'egress': end
[22:32:02.446] [bmv2] [D] [thread 6426] [70.0] [cxt 0] Deparser 'deparser': start
[22:32:02.446] [bmv2] [D] [thread 6426] [70.0] [cxt 0] Updating checksum 'cksum'
[22:32:02.446] [bmv2] [D] [thread 6426] [70.0] [cxt 0] Deparsing header 'ethernet'
[22:32:02.446] [bmv2] [D] [thread 6426] [70.0] [cxt 0] Deparsing header 'vlan'
[22:32:02.446] [bmv2] [D] [thread 6426] [70.0] [cxt 0] Deparsing header 'ipv4'
[22:32:02.447] [bmv2] [D] [thread 6426] [70.0] [cxt 0] Deparser 'deparser': end
[22:32:02.447] [bmv2] [D] [thread 6428] [70.0] [cxt 0] Transmitting packet of size 558 out of port 2
[22:32:02.577] [bmv2] [D] [thread 6423] [71.0] [cxt 0] Processing packet received on port 3
[22:32:02.577] [bmv2] [D] [thread 6423] [71.0] [cxt 0] Parser 'parser': start
[22:32:02.577] [bmv2] [D] [thread 6423] [71.0] [cxt 0] Parser 'parser' entering state 'start'
[22:32:02.577] [bmv2] [D] [thread 6423] [71.0] [cxt 0] Extracting header 'ethernet'
[22:32:02.577] [bmv2] [D] [thread 6423] [71.0] [cxt 0] Parser state 'start': key is 8100
[22:32:02.577] [bmv2] [T] [thread 6423] [71.0] [cxt 0] Bytes parsed: 14
[22:32:02.577] [bmv2] [D] [thread 6423] [71.0] [cxt 0] Parser 'parser' entering state 'parse_vlan'
[22:32:02.577] [bmv2] [D] [thread 6423] [71.0] [cxt 0] Extracting header 'vlan'
[22:32:02.577] [bmv2] [D] [thread 6423] [71.0] [cxt 0] Parser state 'parse_vlan': key is 0800
[22:32:02.577] [bmv2] [T] [thread 6423] [71.0] [cxt 0] Bytes parsed: 18
[22:32:02.577] [bmv2] [D] [thread 6423] [71.0] [cxt 0] Parser 'parser' entering state 'parse_ipv4'
[22:32:02.577] [bmv2] [D] [thread 6423] [71.0] [cxt 0] Extracting header 'ipv4'
[22:32:02.577] [bmv2] [D] [thread 6423] [71.0] [cxt 0] Parser set: setting field 'scalars.tmp' from expression, new value is 1
[22:32:02.577] [bmv2] [D] [thread 6423] [71.0] [cxt 0] Parser state 'parse_ipv4': key is 05
[22:32:02.577] [bmv2] [T] [thread 6423] [71.0] [cxt 0] Bytes parsed: 38
[22:32:02.577] [bmv2] [D] [thread 6423] [71.0] [cxt 0] Parser 'parser': end
[22:32:02.577] [bmv2] [D] [thread 6423] [71.0] [cxt 0] Pipeline 'ingress': start
[22:32:02.577] [bmv2] [T] [thread 6423] [71.0] [cxt 0] qos.p4(197) Condition "hdr.ipv4.isValid()" (node_2) is true
[22:32:02.577] [bmv2] [T] [thread 6423] [71.0] [cxt 0] qos.p4(198) Condition "hdr.ipv4_option.isValid()" (node_3) is false
[22:32:02.577] [bmv2] [T] [thread 6423] [71.0] [cxt 0] Applying table 'MyIngress.ipv4_lpm'
[22:32:02.577] [bmv2] [D] [thread 6423] [71.0] [cxt 0] Looking up key:
* hdr.ipv4.dstAddr    : 0a000202

[22:32:02.577] [bmv2] [D] [thread 6423] [71.0] [cxt 0] Table 'MyIngress.ipv4_lpm': hit with handle 0
[22:32:02.578] [bmv2] [D] [thread 6423] [71.0] [cxt 0] Dumping entry 0
Match key:
* hdr.ipv4.dstAddr    : LPM       0a000202/32
Action entry: MyIngress.ipv4_forward - 80000000202,2,

[22:32:02.578] [bmv2] [D] [thread 6423] [71.0] [cxt 0] Action entry is MyIngress.ipv4_forward - 80000000202,2,
[22:32:02.578] [bmv2] [T] [thread 6423] [71.0] [cxt 0] Action MyIngress.ipv4_forward
[22:32:02.578] [bmv2] [T] [thread 6423] [71.0] [cxt 0] qos.p4(175) Primitive standard_metadata.egress_spec = port
[22:32:02.578] [bmv2] [T] [thread 6423] [71.0] [cxt 0] qos.p4(176) Primitive hdr.ethernet.srcAddr = hdr.ethernet.dstAddr
[22:32:02.578] [bmv2] [T] [thread 6423] [71.0] [cxt 0] qos.p4(177) Primitive hdr.ethernet.dstAddr = dstAddr
[22:32:02.578] [bmv2] [T] [thread 6423] [71.0] [cxt 0] qos.p4(178) Primitive hdr.ipv4.ttl = hdr.ipv4.ttl - 1
[22:32:02.578] [bmv2] [D] [thread 6423] [71.0] [cxt 0] Pipeline 'ingress': end
[22:32:02.578] [bmv2] [D] [thread 6423] [71.0] [cxt 0] Egress port is 2
[22:32:02.578] [bmv2] [D] [thread 6426] [71.0] [cxt 0] Pipeline 'egress': start
[22:32:02.578] [bmv2] [D] [thread 6426] [71.0] [cxt 0] Pipeline 'egress': end
[22:32:02.578] [bmv2] [D] [thread 6426] [71.0] [cxt 0] Deparser 'deparser': start
[22:32:02.578] [bmv2] [D] [thread 6426] [71.0] [cxt 0] Updating checksum 'cksum'
[22:32:02.578] [bmv2] [D] [thread 6426] [71.0] [cxt 0] Deparsing header 'ethernet'
[22:32:02.578] [bmv2] [D] [thread 6426] [71.0] [cxt 0] Deparsing header 'vlan'
[22:32:02.578] [bmv2] [D] [thread 6426] [71.0] [cxt 0] Deparsing header 'ipv4'
[22:32:02.578] [bmv2] [D] [thread 6426] [71.0] [cxt 0] Deparser 'deparser': end
[22:32:02.578] [bmv2] [D] [thread 6428] [71.0] [cxt 0] Transmitting packet of size 558 out of port 2
[22:32:02.703] [bmv2] [D] [thread 6423] [72.0] [cxt 0] Processing packet received on port 3
[22:32:02.703] [bmv2] [D] [thread 6423] [72.0] [cxt 0] Parser 'parser': start
[22:32:02.703] [bmv2] [D] [thread 6423] [72.0] [cxt 0] Parser 'parser' entering state 'start'
[22:32:02.703] [bmv2] [D] [thread 6423] [72.0] [cxt 0] Extracting header 'ethernet'
[22:32:02.704] [bmv2] [D] [thread 6423] [72.0] [cxt 0] Parser state 'start': key is 8100
[22:32:02.704] [bmv2] [T] [thread 6423] [72.0] [cxt 0] Bytes parsed: 14
[22:32:02.704] [bmv2] [D] [thread 6423] [72.0] [cxt 0] Parser 'parser' entering state 'parse_vlan'
[22:32:02.704] [bmv2] [D] [thread 6423] [72.0] [cxt 0] Extracting header 'vlan'
[22:32:02.704] [bmv2] [D] [thread 6423] [72.0] [cxt 0] Parser state 'parse_vlan': key is 0800
[22:32:02.704] [bmv2] [T] [thread 6423] [72.0] [cxt 0] Bytes parsed: 18
[22:32:02.704] [bmv2] [D] [thread 6423] [72.0] [cxt 0] Parser 'parser' entering state 'parse_ipv4'
[22:32:02.704] [bmv2] [D] [thread 6423] [72.0] [cxt 0] Extracting header 'ipv4'
[22:32:02.704] [bmv2] [D] [thread 6423] [72.0] [cxt 0] Parser set: setting field 'scalars.tmp' from expression, new value is 1
[22:32:02.704] [bmv2] [D] [thread 6423] [72.0] [cxt 0] Parser state 'parse_ipv4': key is 05
[22:32:02.704] [bmv2] [T] [thread 6423] [72.0] [cxt 0] Bytes parsed: 38
[22:32:02.704] [bmv2] [D] [thread 6423] [72.0] [cxt 0] Parser 'parser': end
[22:32:02.704] [bmv2] [D] [thread 6423] [72.0] [cxt 0] Pipeline 'ingress': start
[22:32:02.704] [bmv2] [T] [thread 6423] [72.0] [cxt 0] qos.p4(197) Condition "hdr.ipv4.isValid()" (node_2) is true
[22:32:02.704] [bmv2] [T] [thread 6423] [72.0] [cxt 0] qos.p4(198) Condition "hdr.ipv4_option.isValid()" (node_3) is false
[22:32:02.704] [bmv2] [T] [thread 6423] [72.0] [cxt 0] Applying table 'MyIngress.ipv4_lpm'
[22:32:02.704] [bmv2] [D] [thread 6423] [72.0] [cxt 0] Looking up key:
* hdr.ipv4.dstAddr    : 0a000202

[22:32:02.704] [bmv2] [D] [thread 6423] [72.0] [cxt 0] Table 'MyIngress.ipv4_lpm': hit with handle 0
[22:32:02.704] [bmv2] [D] [thread 6423] [72.0] [cxt 0] Dumping entry 0
Match key:
* hdr.ipv4.dstAddr    : LPM       0a000202/32
Action entry: MyIngress.ipv4_forward - 80000000202,2,

[22:32:02.704] [bmv2] [D] [thread 6423] [72.0] [cxt 0] Action entry is MyIngress.ipv4_forward - 80000000202,2,
[22:32:02.704] [bmv2] [T] [thread 6423] [72.0] [cxt 0] Action MyIngress.ipv4_forward
[22:32:02.704] [bmv2] [T] [thread 6423] [72.0] [cxt 0] qos.p4(175) Primitive standard_metadata.egress_spec = port
[22:32:02.704] [bmv2] [T] [thread 6423] [72.0] [cxt 0] qos.p4(176) Primitive hdr.ethernet.srcAddr = hdr.ethernet.dstAddr
[22:32:02.704] [bmv2] [T] [thread 6423] [72.0] [cxt 0] qos.p4(177) Primitive hdr.ethernet.dstAddr = dstAddr
[22:32:02.704] [bmv2] [T] [thread 6423] [72.0] [cxt 0] qos.p4(178) Primitive hdr.ipv4.ttl = hdr.ipv4.ttl - 1
[22:32:02.704] [bmv2] [D] [thread 6423] [72.0] [cxt 0] Pipeline 'ingress': end
[22:32:02.704] [bmv2] [D] [thread 6423] [72.0] [cxt 0] Egress port is 2
[22:32:02.704] [bmv2] [D] [thread 6426] [72.0] [cxt 0] Pipeline 'egress': start
[22:32:02.704] [bmv2] [D] [thread 6426] [72.0] [cxt 0] Pipeline 'egress': end
[22:32:02.704] [bmv2] [D] [thread 6426] [72.0] [cxt 0] Deparser 'deparser': start
[22:32:02.704] [bmv2] [D] [thread 6426] [72.0] [cxt 0] Updating checksum 'cksum'
[22:32:02.704] [bmv2] [D] [thread 6426] [72.0] [cxt 0] Deparsing header 'ethernet'
[22:32:02.704] [bmv2] [D] [thread 6426] [72.0] [cxt 0] Deparsing header 'vlan'
[22:32:02.704] [bmv2] [D] [thread 6426] [72.0] [cxt 0] Deparsing header 'ipv4'
[22:32:02.704] [bmv2] [D] [thread 6426] [72.0] [cxt 0] Deparser 'deparser': end
[22:32:02.704] [bmv2] [D] [thread 6428] [72.0] [cxt 0] Transmitting packet of size 558 out of port 2
[22:32:02.741] [bmv2] [D] [thread 6423] [73.0] [cxt 0] Processing packet received on port 3
[22:32:02.741] [bmv2] [D] [thread 6423] [73.0] [cxt 0] Parser 'parser': start
[22:32:02.741] [bmv2] [D] [thread 6423] [73.0] [cxt 0] Parser 'parser' entering state 'start'
[22:32:02.741] [bmv2] [D] [thread 6423] [73.0] [cxt 0] Extracting header 'ethernet'
[22:32:02.741] [bmv2] [D] [thread 6423] [73.0] [cxt 0] Parser state 'start': key is 86dd
[22:32:02.742] [bmv2] [T] [thread 6423] [73.0] [cxt 0] Bytes parsed: 14
[22:32:02.742] [bmv2] [D] [thread 6423] [73.0] [cxt 0] Parser 'parser': end
[22:32:02.742] [bmv2] [D] [thread 6423] [73.0] [cxt 0] Pipeline 'ingress': start
[22:32:02.742] [bmv2] [T] [thread 6423] [73.0] [cxt 0] qos.p4(197) Condition "hdr.ipv4.isValid()" (node_2) is false
[22:32:02.742] [bmv2] [D] [thread 6423] [73.0] [cxt 0] Pipeline 'ingress': end
[22:32:02.742] [bmv2] [D] [thread 6423] [73.0] [cxt 0] Egress port is 0
[22:32:02.742] [bmv2] [D] [thread 6424] [73.0] [cxt 0] Pipeline 'egress': start
[22:32:02.742] [bmv2] [D] [thread 6424] [73.0] [cxt 0] Pipeline 'egress': end
[22:32:02.742] [bmv2] [D] [thread 6424] [73.0] [cxt 0] Deparser 'deparser': start
[22:32:02.742] [bmv2] [T] [thread 6424] [73.0] [cxt 0] Skipping checksum 'cksum' update because condition not met
[22:32:02.742] [bmv2] [D] [thread 6424] [73.0] [cxt 0] Deparsing header 'ethernet'
[22:32:02.742] [bmv2] [D] [thread 6424] [73.0] [cxt 0] Deparser 'deparser': end
[22:32:02.742] [bmv2] [D] [thread 6428] [73.0] [cxt 0] Transmitting packet of size 70 out of port 0
[22:32:02.835] [bmv2] [D] [thread 6423] [74.0] [cxt 0] Processing packet received on port 3
[22:32:02.835] [bmv2] [D] [thread 6423] [74.0] [cxt 0] Parser 'parser': start
[22:32:02.835] [bmv2] [D] [thread 6423] [74.0] [cxt 0] Parser 'parser' entering state 'start'
[22:32:02.835] [bmv2] [D] [thread 6423] [74.0] [cxt 0] Extracting header 'ethernet'
[22:32:02.835] [bmv2] [D] [thread 6423] [74.0] [cxt 0] Parser state 'start': key is 8100
[22:32:02.835] [bmv2] [T] [thread 6423] [74.0] [cxt 0] Bytes parsed: 14
[22:32:02.835] [bmv2] [D] [thread 6423] [74.0] [cxt 0] Parser 'parser' entering state 'parse_vlan'
[22:32:02.835] [bmv2] [D] [thread 6423] [74.0] [cxt 0] Extracting header 'vlan'
[22:32:02.835] [bmv2] [D] [thread 6423] [74.0] [cxt 0] Parser state 'parse_vlan': key is 0800
[22:32:02.835] [bmv2] [T] [thread 6423] [74.0] [cxt 0] Bytes parsed: 18
[22:32:02.836] [bmv2] [D] [thread 6423] [74.0] [cxt 0] Parser 'parser' entering state 'parse_ipv4'
[22:32:02.836] [bmv2] [D] [thread 6423] [74.0] [cxt 0] Extracting header 'ipv4'
[22:32:02.836] [bmv2] [D] [thread 6423] [74.0] [cxt 0] Parser set: setting field 'scalars.tmp' from expression, new value is 1
[22:32:02.836] [bmv2] [D] [thread 6423] [74.0] [cxt 0] Parser state 'parse_ipv4': key is 05
[22:32:02.836] [bmv2] [T] [thread 6423] [74.0] [cxt 0] Bytes parsed: 38
[22:32:02.836] [bmv2] [D] [thread 6423] [74.0] [cxt 0] Parser 'parser': end
[22:32:02.836] [bmv2] [D] [thread 6423] [74.0] [cxt 0] Pipeline 'ingress': start
[22:32:02.836] [bmv2] [T] [thread 6423] [74.0] [cxt 0] qos.p4(197) Condition "hdr.ipv4.isValid()" (node_2) is true
[22:32:02.836] [bmv2] [T] [thread 6423] [74.0] [cxt 0] qos.p4(198) Condition "hdr.ipv4_option.isValid()" (node_3) is false
[22:32:02.836] [bmv2] [T] [thread 6423] [74.0] [cxt 0] Applying table 'MyIngress.ipv4_lpm'
[22:32:02.836] [bmv2] [D] [thread 6423] [74.0] [cxt 0] Looking up key:
* hdr.ipv4.dstAddr    : 0a000202

[22:32:02.836] [bmv2] [D] [thread 6423] [74.0] [cxt 0] Table 'MyIngress.ipv4_lpm': hit with handle 0
[22:32:02.836] [bmv2] [D] [thread 6423] [74.0] [cxt 0] Dumping entry 0
Match key:
* hdr.ipv4.dstAddr    : LPM       0a000202/32
Action entry: MyIngress.ipv4_forward - 80000000202,2,

[22:32:02.836] [bmv2] [D] [thread 6423] [74.0] [cxt 0] Action entry is MyIngress.ipv4_forward - 80000000202,2,
[22:32:02.836] [bmv2] [T] [thread 6423] [74.0] [cxt 0] Action MyIngress.ipv4_forward
[22:32:02.836] [bmv2] [T] [thread 6423] [74.0] [cxt 0] qos.p4(175) Primitive standard_metadata.egress_spec = port
[22:32:02.836] [bmv2] [T] [thread 6423] [74.0] [cxt 0] qos.p4(176) Primitive hdr.ethernet.srcAddr = hdr.ethernet.dstAddr
[22:32:02.836] [bmv2] [T] [thread 6423] [74.0] [cxt 0] qos.p4(177) Primitive hdr.ethernet.dstAddr = dstAddr
[22:32:02.836] [bmv2] [T] [thread 6423] [74.0] [cxt 0] qos.p4(178) Primitive hdr.ipv4.ttl = hdr.ipv4.ttl - 1
[22:32:02.836] [bmv2] [D] [thread 6423] [74.0] [cxt 0] Pipeline 'ingress': end
[22:32:02.836] [bmv2] [D] [thread 6423] [74.0] [cxt 0] Egress port is 2
[22:32:02.836] [bmv2] [D] [thread 6426] [74.0] [cxt 0] Pipeline 'egress': start
[22:32:02.836] [bmv2] [D] [thread 6426] [74.0] [cxt 0] Pipeline 'egress': end
[22:32:02.836] [bmv2] [D] [thread 6426] [74.0] [cxt 0] Deparser 'deparser': start
[22:32:02.836] [bmv2] [D] [thread 6426] [74.0] [cxt 0] Updating checksum 'cksum'
[22:32:02.836] [bmv2] [D] [thread 6426] [74.0] [cxt 0] Deparsing header 'ethernet'
[22:32:02.836] [bmv2] [D] [thread 6426] [74.0] [cxt 0] Deparsing header 'vlan'
[22:32:02.836] [bmv2] [D] [thread 6426] [74.0] [cxt 0] Deparsing header 'ipv4'
[22:32:02.836] [bmv2] [D] [thread 6426] [74.0] [cxt 0] Deparser 'deparser': end
[22:32:02.836] [bmv2] [D] [thread 6428] [74.0] [cxt 0] Transmitting packet of size 558 out of port 2
[22:32:02.966] [bmv2] [D] [thread 6423] [75.0] [cxt 0] Processing packet received on port 3
[22:32:02.966] [bmv2] [D] [thread 6423] [75.0] [cxt 0] Parser 'parser': start
[22:32:02.966] [bmv2] [D] [thread 6423] [75.0] [cxt 0] Parser 'parser' entering state 'start'
[22:32:02.966] [bmv2] [D] [thread 6423] [75.0] [cxt 0] Extracting header 'ethernet'
[22:32:02.966] [bmv2] [D] [thread 6423] [75.0] [cxt 0] Parser state 'start': key is 8100
[22:32:02.966] [bmv2] [T] [thread 6423] [75.0] [cxt 0] Bytes parsed: 14
[22:32:02.966] [bmv2] [D] [thread 6423] [75.0] [cxt 0] Parser 'parser' entering state 'parse_vlan'
[22:32:02.966] [bmv2] [D] [thread 6423] [75.0] [cxt 0] Extracting header 'vlan'
[22:32:02.966] [bmv2] [D] [thread 6423] [75.0] [cxt 0] Parser state 'parse_vlan': key is 0800
[22:32:02.966] [bmv2] [T] [thread 6423] [75.0] [cxt 0] Bytes parsed: 18
[22:32:02.966] [bmv2] [D] [thread 6423] [75.0] [cxt 0] Parser 'parser' entering state 'parse_ipv4'
[22:32:02.966] [bmv2] [D] [thread 6423] [75.0] [cxt 0] Extracting header 'ipv4'
[22:32:02.966] [bmv2] [D] [thread 6423] [75.0] [cxt 0] Parser set: setting field 'scalars.tmp' from expression, new value is 1
[22:32:02.966] [bmv2] [D] [thread 6423] [75.0] [cxt 0] Parser state 'parse_ipv4': key is 05
[22:32:02.966] [bmv2] [T] [thread 6423] [75.0] [cxt 0] Bytes parsed: 38
[22:32:02.966] [bmv2] [D] [thread 6423] [75.0] [cxt 0] Parser 'parser': end
[22:32:02.966] [bmv2] [D] [thread 6423] [75.0] [cxt 0] Pipeline 'ingress': start
[22:32:02.966] [bmv2] [T] [thread 6423] [75.0] [cxt 0] qos.p4(197) Condition "hdr.ipv4.isValid()" (node_2) is true
[22:32:02.966] [bmv2] [T] [thread 6423] [75.0] [cxt 0] qos.p4(198) Condition "hdr.ipv4_option.isValid()" (node_3) is false
[22:32:02.966] [bmv2] [T] [thread 6423] [75.0] [cxt 0] Applying table 'MyIngress.ipv4_lpm'
[22:32:02.966] [bmv2] [D] [thread 6423] [75.0] [cxt 0] Looking up key:
* hdr.ipv4.dstAddr    : 0a000202

[22:32:02.966] [bmv2] [D] [thread 6423] [75.0] [cxt 0] Table 'MyIngress.ipv4_lpm': hit with handle 0
[22:32:02.966] [bmv2] [D] [thread 6423] [75.0] [cxt 0] Dumping entry 0
Match key:
* hdr.ipv4.dstAddr    : LPM       0a000202/32
Action entry: MyIngress.ipv4_forward - 80000000202,2,

[22:32:02.966] [bmv2] [D] [thread 6423] [75.0] [cxt 0] Action entry is MyIngress.ipv4_forward - 80000000202,2,
[22:32:02.966] [bmv2] [T] [thread 6423] [75.0] [cxt 0] Action MyIngress.ipv4_forward
[22:32:02.966] [bmv2] [T] [thread 6423] [75.0] [cxt 0] qos.p4(175) Primitive standard_metadata.egress_spec = port
[22:32:02.966] [bmv2] [T] [thread 6423] [75.0] [cxt 0] qos.p4(176) Primitive hdr.ethernet.srcAddr = hdr.ethernet.dstAddr
[22:32:02.966] [bmv2] [T] [thread 6423] [75.0] [cxt 0] qos.p4(177) Primitive hdr.ethernet.dstAddr = dstAddr
[22:32:02.966] [bmv2] [T] [thread 6423] [75.0] [cxt 0] qos.p4(178) Primitive hdr.ipv4.ttl = hdr.ipv4.ttl - 1
[22:32:02.966] [bmv2] [D] [thread 6423] [75.0] [cxt 0] Pipeline 'ingress': end
[22:32:02.966] [bmv2] [D] [thread 6423] [75.0] [cxt 0] Egress port is 2
[22:32:02.966] [bmv2] [D] [thread 6426] [75.0] [cxt 0] Pipeline 'egress': start
[22:32:02.966] [bmv2] [D] [thread 6426] [75.0] [cxt 0] Pipeline 'egress': end
[22:32:02.966] [bmv2] [D] [thread 6426] [75.0] [cxt 0] Deparser 'deparser': start
[22:32:02.966] [bmv2] [D] [thread 6426] [75.0] [cxt 0] Updating checksum 'cksum'
[22:32:02.966] [bmv2] [D] [thread 6426] [75.0] [cxt 0] Deparsing header 'ethernet'
[22:32:02.967] [bmv2] [D] [thread 6426] [75.0] [cxt 0] Deparsing header 'vlan'
[22:32:02.967] [bmv2] [D] [thread 6426] [75.0] [cxt 0] Deparsing header 'ipv4'
[22:32:02.967] [bmv2] [D] [thread 6426] [75.0] [cxt 0] Deparser 'deparser': end
[22:32:02.967] [bmv2] [D] [thread 6428] [75.0] [cxt 0] Transmitting packet of size 558 out of port 2
[22:32:03.099] [bmv2] [D] [thread 6423] [76.0] [cxt 0] Processing packet received on port 3
[22:32:03.099] [bmv2] [D] [thread 6423] [76.0] [cxt 0] Parser 'parser': start
[22:32:03.099] [bmv2] [D] [thread 6423] [76.0] [cxt 0] Parser 'parser' entering state 'start'
[22:32:03.099] [bmv2] [D] [thread 6423] [76.0] [cxt 0] Extracting header 'ethernet'
[22:32:03.099] [bmv2] [D] [thread 6423] [76.0] [cxt 0] Parser state 'start': key is 8100
[22:32:03.099] [bmv2] [T] [thread 6423] [76.0] [cxt 0] Bytes parsed: 14
[22:32:03.099] [bmv2] [D] [thread 6423] [76.0] [cxt 0] Parser 'parser' entering state 'parse_vlan'
[22:32:03.099] [bmv2] [D] [thread 6423] [76.0] [cxt 0] Extracting header 'vlan'
[22:32:03.099] [bmv2] [D] [thread 6423] [76.0] [cxt 0] Parser state 'parse_vlan': key is 0800
[22:32:03.100] [bmv2] [T] [thread 6423] [76.0] [cxt 0] Bytes parsed: 18
[22:32:03.100] [bmv2] [D] [thread 6423] [76.0] [cxt 0] Parser 'parser' entering state 'parse_ipv4'
[22:32:03.100] [bmv2] [D] [thread 6423] [76.0] [cxt 0] Extracting header 'ipv4'
[22:32:03.100] [bmv2] [D] [thread 6423] [76.0] [cxt 0] Parser set: setting field 'scalars.tmp' from expression, new value is 1
[22:32:03.100] [bmv2] [D] [thread 6423] [76.0] [cxt 0] Parser state 'parse_ipv4': key is 05
[22:32:03.100] [bmv2] [T] [thread 6423] [76.0] [cxt 0] Bytes parsed: 38
[22:32:03.100] [bmv2] [D] [thread 6423] [76.0] [cxt 0] Parser 'parser': end
[22:32:03.100] [bmv2] [D] [thread 6423] [76.0] [cxt 0] Pipeline 'ingress': start
[22:32:03.100] [bmv2] [T] [thread 6423] [76.0] [cxt 0] qos.p4(197) Condition "hdr.ipv4.isValid()" (node_2) is true
[22:32:03.100] [bmv2] [T] [thread 6423] [76.0] [cxt 0] qos.p4(198) Condition "hdr.ipv4_option.isValid()" (node_3) is false
[22:32:03.100] [bmv2] [T] [thread 6423] [76.0] [cxt 0] Applying table 'MyIngress.ipv4_lpm'
[22:32:03.100] [bmv2] [D] [thread 6423] [76.0] [cxt 0] Looking up key:
* hdr.ipv4.dstAddr    : 0a000202

[22:32:03.100] [bmv2] [D] [thread 6423] [76.0] [cxt 0] Table 'MyIngress.ipv4_lpm': hit with handle 0
[22:32:03.100] [bmv2] [D] [thread 6423] [76.0] [cxt 0] Dumping entry 0
Match key:
* hdr.ipv4.dstAddr    : LPM       0a000202/32
Action entry: MyIngress.ipv4_forward - 80000000202,2,

[22:32:03.100] [bmv2] [D] [thread 6423] [76.0] [cxt 0] Action entry is MyIngress.ipv4_forward - 80000000202,2,
[22:32:03.100] [bmv2] [T] [thread 6423] [76.0] [cxt 0] Action MyIngress.ipv4_forward
[22:32:03.100] [bmv2] [T] [thread 6423] [76.0] [cxt 0] qos.p4(175) Primitive standard_metadata.egress_spec = port
[22:32:03.100] [bmv2] [T] [thread 6423] [76.0] [cxt 0] qos.p4(176) Primitive hdr.ethernet.srcAddr = hdr.ethernet.dstAddr
[22:32:03.100] [bmv2] [T] [thread 6423] [76.0] [cxt 0] qos.p4(177) Primitive hdr.ethernet.dstAddr = dstAddr
[22:32:03.100] [bmv2] [T] [thread 6423] [76.0] [cxt 0] qos.p4(178) Primitive hdr.ipv4.ttl = hdr.ipv4.ttl - 1
[22:32:03.100] [bmv2] [D] [thread 6423] [76.0] [cxt 0] Pipeline 'ingress': end
[22:32:03.100] [bmv2] [D] [thread 6423] [76.0] [cxt 0] Egress port is 2
[22:32:03.100] [bmv2] [D] [thread 6426] [76.0] [cxt 0] Pipeline 'egress': start
[22:32:03.100] [bmv2] [D] [thread 6426] [76.0] [cxt 0] Pipeline 'egress': end
[22:32:03.100] [bmv2] [D] [thread 6426] [76.0] [cxt 0] Deparser 'deparser': start
[22:32:03.100] [bmv2] [D] [thread 6426] [76.0] [cxt 0] Updating checksum 'cksum'
[22:32:03.100] [bmv2] [D] [thread 6426] [76.0] [cxt 0] Deparsing header 'ethernet'
[22:32:03.100] [bmv2] [D] [thread 6426] [76.0] [cxt 0] Deparsing header 'vlan'
[22:32:03.100] [bmv2] [D] [thread 6426] [76.0] [cxt 0] Deparsing header 'ipv4'
[22:32:03.100] [bmv2] [D] [thread 6426] [76.0] [cxt 0] Deparser 'deparser': end
[22:32:03.100] [bmv2] [D] [thread 6428] [76.0] [cxt 0] Transmitting packet of size 558 out of port 2
[22:32:03.227] [bmv2] [D] [thread 6423] [77.0] [cxt 0] Processing packet received on port 3
[22:32:03.227] [bmv2] [D] [thread 6423] [77.0] [cxt 0] Parser 'parser': start
[22:32:03.227] [bmv2] [D] [thread 6423] [77.0] [cxt 0] Parser 'parser' entering state 'start'
[22:32:03.227] [bmv2] [D] [thread 6423] [77.0] [cxt 0] Extracting header 'ethernet'
[22:32:03.227] [bmv2] [D] [thread 6423] [77.0] [cxt 0] Parser state 'start': key is 8100
[22:32:03.227] [bmv2] [T] [thread 6423] [77.0] [cxt 0] Bytes parsed: 14
[22:32:03.227] [bmv2] [D] [thread 6423] [77.0] [cxt 0] Parser 'parser' entering state 'parse_vlan'
[22:32:03.227] [bmv2] [D] [thread 6423] [77.0] [cxt 0] Extracting header 'vlan'
[22:32:03.227] [bmv2] [D] [thread 6423] [77.0] [cxt 0] Parser state 'parse_vlan': key is 0800
[22:32:03.227] [bmv2] [T] [thread 6423] [77.0] [cxt 0] Bytes parsed: 18
[22:32:03.227] [bmv2] [D] [thread 6423] [77.0] [cxt 0] Parser 'parser' entering state 'parse_ipv4'
[22:32:03.227] [bmv2] [D] [thread 6423] [77.0] [cxt 0] Extracting header 'ipv4'
[22:32:03.227] [bmv2] [D] [thread 6423] [77.0] [cxt 0] Parser set: setting field 'scalars.tmp' from expression, new value is 1
[22:32:03.227] [bmv2] [D] [thread 6423] [77.0] [cxt 0] Parser state 'parse_ipv4': key is 05
[22:32:03.227] [bmv2] [T] [thread 6423] [77.0] [cxt 0] Bytes parsed: 38
[22:32:03.227] [bmv2] [D] [thread 6423] [77.0] [cxt 0] Parser 'parser': end
[22:32:03.227] [bmv2] [D] [thread 6423] [77.0] [cxt 0] Pipeline 'ingress': start
[22:32:03.227] [bmv2] [T] [thread 6423] [77.0] [cxt 0] qos.p4(197) Condition "hdr.ipv4.isValid()" (node_2) is true
[22:32:03.227] [bmv2] [T] [thread 6423] [77.0] [cxt 0] qos.p4(198) Condition "hdr.ipv4_option.isValid()" (node_3) is false
[22:32:03.227] [bmv2] [T] [thread 6423] [77.0] [cxt 0] Applying table 'MyIngress.ipv4_lpm'
[22:32:03.227] [bmv2] [D] [thread 6423] [77.0] [cxt 0] Looking up key:
* hdr.ipv4.dstAddr    : 0a000202

[22:32:03.227] [bmv2] [D] [thread 6423] [77.0] [cxt 0] Table 'MyIngress.ipv4_lpm': hit with handle 0
[22:32:03.227] [bmv2] [D] [thread 6423] [77.0] [cxt 0] Dumping entry 0
Match key:
* hdr.ipv4.dstAddr    : LPM       0a000202/32
Action entry: MyIngress.ipv4_forward - 80000000202,2,

[22:32:03.227] [bmv2] [D] [thread 6423] [77.0] [cxt 0] Action entry is MyIngress.ipv4_forward - 80000000202,2,
[22:32:03.227] [bmv2] [T] [thread 6423] [77.0] [cxt 0] Action MyIngress.ipv4_forward
[22:32:03.227] [bmv2] [T] [thread 6423] [77.0] [cxt 0] qos.p4(175) Primitive standard_metadata.egress_spec = port
[22:32:03.227] [bmv2] [T] [thread 6423] [77.0] [cxt 0] qos.p4(176) Primitive hdr.ethernet.srcAddr = hdr.ethernet.dstAddr
[22:32:03.228] [bmv2] [T] [thread 6423] [77.0] [cxt 0] qos.p4(177) Primitive hdr.ethernet.dstAddr = dstAddr
[22:32:03.228] [bmv2] [T] [thread 6423] [77.0] [cxt 0] qos.p4(178) Primitive hdr.ipv4.ttl = hdr.ipv4.ttl - 1
[22:32:03.228] [bmv2] [D] [thread 6423] [77.0] [cxt 0] Pipeline 'ingress': end
[22:32:03.228] [bmv2] [D] [thread 6423] [77.0] [cxt 0] Egress port is 2
[22:32:03.228] [bmv2] [D] [thread 6426] [77.0] [cxt 0] Pipeline 'egress': start
[22:32:03.228] [bmv2] [D] [thread 6426] [77.0] [cxt 0] Pipeline 'egress': end
[22:32:03.228] [bmv2] [D] [thread 6426] [77.0] [cxt 0] Deparser 'deparser': start
[22:32:03.228] [bmv2] [D] [thread 6426] [77.0] [cxt 0] Updating checksum 'cksum'
[22:32:03.228] [bmv2] [D] [thread 6426] [77.0] [cxt 0] Deparsing header 'ethernet'
[22:32:03.228] [bmv2] [D] [thread 6426] [77.0] [cxt 0] Deparsing header 'vlan'
[22:32:03.228] [bmv2] [D] [thread 6426] [77.0] [cxt 0] Deparsing header 'ipv4'
[22:32:03.228] [bmv2] [D] [thread 6426] [77.0] [cxt 0] Deparser 'deparser': end
[22:32:03.228] [bmv2] [D] [thread 6428] [77.0] [cxt 0] Transmitting packet of size 558 out of port 2
[22:32:03.351] [bmv2] [D] [thread 6423] [78.0] [cxt 0] Processing packet received on port 3
[22:32:03.351] [bmv2] [D] [thread 6423] [78.0] [cxt 0] Parser 'parser': start
[22:32:03.351] [bmv2] [D] [thread 6423] [78.0] [cxt 0] Parser 'parser' entering state 'start'
[22:32:03.351] [bmv2] [D] [thread 6423] [78.0] [cxt 0] Extracting header 'ethernet'
[22:32:03.351] [bmv2] [D] [thread 6423] [78.0] [cxt 0] Parser state 'start': key is 8100
[22:32:03.351] [bmv2] [T] [thread 6423] [78.0] [cxt 0] Bytes parsed: 14
[22:32:03.351] [bmv2] [D] [thread 6423] [78.0] [cxt 0] Parser 'parser' entering state 'parse_vlan'
[22:32:03.351] [bmv2] [D] [thread 6423] [78.0] [cxt 0] Extracting header 'vlan'
[22:32:03.351] [bmv2] [D] [thread 6423] [78.0] [cxt 0] Parser state 'parse_vlan': key is 0800
[22:32:03.351] [bmv2] [T] [thread 6423] [78.0] [cxt 0] Bytes parsed: 18
[22:32:03.351] [bmv2] [D] [thread 6423] [78.0] [cxt 0] Parser 'parser' entering state 'parse_ipv4'
[22:32:03.351] [bmv2] [D] [thread 6423] [78.0] [cxt 0] Extracting header 'ipv4'
[22:32:03.351] [bmv2] [D] [thread 6423] [78.0] [cxt 0] Parser set: setting field 'scalars.tmp' from expression, new value is 1
[22:32:03.351] [bmv2] [D] [thread 6423] [78.0] [cxt 0] Parser state 'parse_ipv4': key is 05
[22:32:03.351] [bmv2] [T] [thread 6423] [78.0] [cxt 0] Bytes parsed: 38
[22:32:03.351] [bmv2] [D] [thread 6423] [78.0] [cxt 0] Parser 'parser': end
[22:32:03.351] [bmv2] [D] [thread 6423] [78.0] [cxt 0] Pipeline 'ingress': start
[22:32:03.352] [bmv2] [T] [thread 6423] [78.0] [cxt 0] qos.p4(197) Condition "hdr.ipv4.isValid()" (node_2) is true
[22:32:03.352] [bmv2] [T] [thread 6423] [78.0] [cxt 0] qos.p4(198) Condition "hdr.ipv4_option.isValid()" (node_3) is false
[22:32:03.352] [bmv2] [T] [thread 6423] [78.0] [cxt 0] Applying table 'MyIngress.ipv4_lpm'
[22:32:03.352] [bmv2] [D] [thread 6423] [78.0] [cxt 0] Looking up key:
* hdr.ipv4.dstAddr    : 0a000202

[22:32:03.352] [bmv2] [D] [thread 6423] [78.0] [cxt 0] Table 'MyIngress.ipv4_lpm': hit with handle 0
[22:32:03.352] [bmv2] [D] [thread 6423] [78.0] [cxt 0] Dumping entry 0
Match key:
* hdr.ipv4.dstAddr    : LPM       0a000202/32
Action entry: MyIngress.ipv4_forward - 80000000202,2,

[22:32:03.352] [bmv2] [D] [thread 6423] [78.0] [cxt 0] Action entry is MyIngress.ipv4_forward - 80000000202,2,
[22:32:03.352] [bmv2] [T] [thread 6423] [78.0] [cxt 0] Action MyIngress.ipv4_forward
[22:32:03.352] [bmv2] [T] [thread 6423] [78.0] [cxt 0] qos.p4(175) Primitive standard_metadata.egress_spec = port
[22:32:03.352] [bmv2] [T] [thread 6423] [78.0] [cxt 0] qos.p4(176) Primitive hdr.ethernet.srcAddr = hdr.ethernet.dstAddr
[22:32:03.352] [bmv2] [T] [thread 6423] [78.0] [cxt 0] qos.p4(177) Primitive hdr.ethernet.dstAddr = dstAddr
[22:32:03.352] [bmv2] [T] [thread 6423] [78.0] [cxt 0] qos.p4(178) Primitive hdr.ipv4.ttl = hdr.ipv4.ttl - 1
[22:32:03.352] [bmv2] [D] [thread 6423] [78.0] [cxt 0] Pipeline 'ingress': end
[22:32:03.352] [bmv2] [D] [thread 6423] [78.0] [cxt 0] Egress port is 2
[22:32:03.352] [bmv2] [D] [thread 6426] [78.0] [cxt 0] Pipeline 'egress': start
[22:32:03.352] [bmv2] [D] [thread 6426] [78.0] [cxt 0] Pipeline 'egress': end
[22:32:03.352] [bmv2] [D] [thread 6426] [78.0] [cxt 0] Deparser 'deparser': start
[22:32:03.352] [bmv2] [D] [thread 6426] [78.0] [cxt 0] Updating checksum 'cksum'
[22:32:03.352] [bmv2] [D] [thread 6426] [78.0] [cxt 0] Deparsing header 'ethernet'
[22:32:03.352] [bmv2] [D] [thread 6426] [78.0] [cxt 0] Deparsing header 'vlan'
[22:32:03.352] [bmv2] [D] [thread 6426] [78.0] [cxt 0] Deparsing header 'ipv4'
[22:32:03.352] [bmv2] [D] [thread 6426] [78.0] [cxt 0] Deparser 'deparser': end
[22:32:03.352] [bmv2] [D] [thread 6428] [78.0] [cxt 0] Transmitting packet of size 558 out of port 2
[22:32:03.487] [bmv2] [D] [thread 6423] [79.0] [cxt 0] Processing packet received on port 3
[22:32:03.487] [bmv2] [D] [thread 6423] [79.0] [cxt 0] Parser 'parser': start
[22:32:03.487] [bmv2] [D] [thread 6423] [79.0] [cxt 0] Parser 'parser' entering state 'start'
[22:32:03.487] [bmv2] [D] [thread 6423] [79.0] [cxt 0] Extracting header 'ethernet'
[22:32:03.487] [bmv2] [D] [thread 6423] [79.0] [cxt 0] Parser state 'start': key is 8100
[22:32:03.487] [bmv2] [T] [thread 6423] [79.0] [cxt 0] Bytes parsed: 14
[22:32:03.487] [bmv2] [D] [thread 6423] [79.0] [cxt 0] Parser 'parser' entering state 'parse_vlan'
[22:32:03.487] [bmv2] [D] [thread 6423] [79.0] [cxt 0] Extracting header 'vlan'
[22:32:03.487] [bmv2] [D] [thread 6423] [79.0] [cxt 0] Parser state 'parse_vlan': key is 0800
[22:32:03.487] [bmv2] [T] [thread 6423] [79.0] [cxt 0] Bytes parsed: 18
[22:32:03.487] [bmv2] [D] [thread 6423] [79.0] [cxt 0] Parser 'parser' entering state 'parse_ipv4'
[22:32:03.487] [bmv2] [D] [thread 6423] [79.0] [cxt 0] Extracting header 'ipv4'
[22:32:03.487] [bmv2] [D] [thread 6423] [79.0] [cxt 0] Parser set: setting field 'scalars.tmp' from expression, new value is 1
[22:32:03.488] [bmv2] [D] [thread 6423] [79.0] [cxt 0] Parser state 'parse_ipv4': key is 05
[22:32:03.488] [bmv2] [T] [thread 6423] [79.0] [cxt 0] Bytes parsed: 38
[22:32:03.488] [bmv2] [D] [thread 6423] [79.0] [cxt 0] Parser 'parser': end
[22:32:03.488] [bmv2] [D] [thread 6423] [79.0] [cxt 0] Pipeline 'ingress': start
[22:32:03.488] [bmv2] [T] [thread 6423] [79.0] [cxt 0] qos.p4(197) Condition "hdr.ipv4.isValid()" (node_2) is true
[22:32:03.488] [bmv2] [T] [thread 6423] [79.0] [cxt 0] qos.p4(198) Condition "hdr.ipv4_option.isValid()" (node_3) is false
[22:32:03.488] [bmv2] [T] [thread 6423] [79.0] [cxt 0] Applying table 'MyIngress.ipv4_lpm'
[22:32:03.488] [bmv2] [D] [thread 6423] [79.0] [cxt 0] Looking up key:
* hdr.ipv4.dstAddr    : 0a000202

[22:32:03.488] [bmv2] [D] [thread 6423] [79.0] [cxt 0] Table 'MyIngress.ipv4_lpm': hit with handle 0
[22:32:03.488] [bmv2] [D] [thread 6423] [79.0] [cxt 0] Dumping entry 0
Match key:
* hdr.ipv4.dstAddr    : LPM       0a000202/32
Action entry: MyIngress.ipv4_forward - 80000000202,2,

[22:32:03.488] [bmv2] [D] [thread 6423] [79.0] [cxt 0] Action entry is MyIngress.ipv4_forward - 80000000202,2,
[22:32:03.488] [bmv2] [T] [thread 6423] [79.0] [cxt 0] Action MyIngress.ipv4_forward
[22:32:03.488] [bmv2] [T] [thread 6423] [79.0] [cxt 0] qos.p4(175) Primitive standard_metadata.egress_spec = port
[22:32:03.488] [bmv2] [T] [thread 6423] [79.0] [cxt 0] qos.p4(176) Primitive hdr.ethernet.srcAddr = hdr.ethernet.dstAddr
[22:32:03.488] [bmv2] [T] [thread 6423] [79.0] [cxt 0] qos.p4(177) Primitive hdr.ethernet.dstAddr = dstAddr
[22:32:03.488] [bmv2] [T] [thread 6423] [79.0] [cxt 0] qos.p4(178) Primitive hdr.ipv4.ttl = hdr.ipv4.ttl - 1
[22:32:03.488] [bmv2] [D] [thread 6423] [79.0] [cxt 0] Pipeline 'ingress': end
[22:32:03.488] [bmv2] [D] [thread 6423] [79.0] [cxt 0] Egress port is 2
[22:32:03.488] [bmv2] [D] [thread 6426] [79.0] [cxt 0] Pipeline 'egress': start
[22:32:03.488] [bmv2] [D] [thread 6426] [79.0] [cxt 0] Pipeline 'egress': end
[22:32:03.488] [bmv2] [D] [thread 6426] [79.0] [cxt 0] Deparser 'deparser': start
[22:32:03.488] [bmv2] [D] [thread 6426] [79.0] [cxt 0] Updating checksum 'cksum'
[22:32:03.488] [bmv2] [D] [thread 6426] [79.0] [cxt 0] Deparsing header 'ethernet'
[22:32:03.488] [bmv2] [D] [thread 6426] [79.0] [cxt 0] Deparsing header 'vlan'
[22:32:03.488] [bmv2] [D] [thread 6426] [79.0] [cxt 0] Deparsing header 'ipv4'
[22:32:03.488] [bmv2] [D] [thread 6426] [79.0] [cxt 0] Deparser 'deparser': end
[22:32:03.488] [bmv2] [D] [thread 6428] [79.0] [cxt 0] Transmitting packet of size 558 out of port 2
[22:32:03.612] [bmv2] [D] [thread 6423] [80.0] [cxt 0] Processing packet received on port 3
[22:32:03.612] [bmv2] [D] [thread 6423] [80.0] [cxt 0] Parser 'parser': start
[22:32:03.612] [bmv2] [D] [thread 6423] [80.0] [cxt 0] Parser 'parser' entering state 'start'
[22:32:03.612] [bmv2] [D] [thread 6423] [80.0] [cxt 0] Extracting header 'ethernet'
[22:32:03.612] [bmv2] [D] [thread 6423] [80.0] [cxt 0] Parser state 'start': key is 8100
[22:32:03.612] [bmv2] [T] [thread 6423] [80.0] [cxt 0] Bytes parsed: 14
[22:32:03.612] [bmv2] [D] [thread 6423] [80.0] [cxt 0] Parser 'parser' entering state 'parse_vlan'
[22:32:03.612] [bmv2] [D] [thread 6423] [80.0] [cxt 0] Extracting header 'vlan'
[22:32:03.612] [bmv2] [D] [thread 6423] [80.0] [cxt 0] Parser state 'parse_vlan': key is 0800
[22:32:03.612] [bmv2] [T] [thread 6423] [80.0] [cxt 0] Bytes parsed: 18
[22:32:03.612] [bmv2] [D] [thread 6423] [80.0] [cxt 0] Parser 'parser' entering state 'parse_ipv4'
[22:32:03.612] [bmv2] [D] [thread 6423] [80.0] [cxt 0] Extracting header 'ipv4'
[22:32:03.612] [bmv2] [D] [thread 6423] [80.0] [cxt 0] Parser set: setting field 'scalars.tmp' from expression, new value is 1
[22:32:03.612] [bmv2] [D] [thread 6423] [80.0] [cxt 0] Parser state 'parse_ipv4': key is 05
[22:32:03.612] [bmv2] [T] [thread 6423] [80.0] [cxt 0] Bytes parsed: 38
[22:32:03.612] [bmv2] [D] [thread 6423] [80.0] [cxt 0] Parser 'parser': end
[22:32:03.612] [bmv2] [D] [thread 6423] [80.0] [cxt 0] Pipeline 'ingress': start
[22:32:03.612] [bmv2] [T] [thread 6423] [80.0] [cxt 0] qos.p4(197) Condition "hdr.ipv4.isValid()" (node_2) is true
[22:32:03.612] [bmv2] [T] [thread 6423] [80.0] [cxt 0] qos.p4(198) Condition "hdr.ipv4_option.isValid()" (node_3) is false
[22:32:03.613] [bmv2] [T] [thread 6423] [80.0] [cxt 0] Applying table 'MyIngress.ipv4_lpm'
[22:32:03.613] [bmv2] [D] [thread 6423] [80.0] [cxt 0] Looking up key:
* hdr.ipv4.dstAddr    : 0a000202

[22:32:03.613] [bmv2] [D] [thread 6423] [80.0] [cxt 0] Table 'MyIngress.ipv4_lpm': hit with handle 0
[22:32:03.613] [bmv2] [D] [thread 6423] [80.0] [cxt 0] Dumping entry 0
Match key:
* hdr.ipv4.dstAddr    : LPM       0a000202/32
Action entry: MyIngress.ipv4_forward - 80000000202,2,

[22:32:03.613] [bmv2] [D] [thread 6423] [80.0] [cxt 0] Action entry is MyIngress.ipv4_forward - 80000000202,2,
[22:32:03.613] [bmv2] [T] [thread 6423] [80.0] [cxt 0] Action MyIngress.ipv4_forward
[22:32:03.613] [bmv2] [T] [thread 6423] [80.0] [cxt 0] qos.p4(175) Primitive standard_metadata.egress_spec = port
[22:32:03.613] [bmv2] [T] [thread 6423] [80.0] [cxt 0] qos.p4(176) Primitive hdr.ethernet.srcAddr = hdr.ethernet.dstAddr
[22:32:03.613] [bmv2] [T] [thread 6423] [80.0] [cxt 0] qos.p4(177) Primitive hdr.ethernet.dstAddr = dstAddr
[22:32:03.613] [bmv2] [T] [thread 6423] [80.0] [cxt 0] qos.p4(178) Primitive hdr.ipv4.ttl = hdr.ipv4.ttl - 1
[22:32:03.613] [bmv2] [D] [thread 6423] [80.0] [cxt 0] Pipeline 'ingress': end
[22:32:03.613] [bmv2] [D] [thread 6423] [80.0] [cxt 0] Egress port is 2
[22:32:03.613] [bmv2] [D] [thread 6426] [80.0] [cxt 0] Pipeline 'egress': start
[22:32:03.613] [bmv2] [D] [thread 6426] [80.0] [cxt 0] Pipeline 'egress': end
[22:32:03.613] [bmv2] [D] [thread 6426] [80.0] [cxt 0] Deparser 'deparser': start
[22:32:03.613] [bmv2] [D] [thread 6426] [80.0] [cxt 0] Updating checksum 'cksum'
[22:32:03.613] [bmv2] [D] [thread 6426] [80.0] [cxt 0] Deparsing header 'ethernet'
[22:32:03.613] [bmv2] [D] [thread 6426] [80.0] [cxt 0] Deparsing header 'vlan'
[22:32:03.613] [bmv2] [D] [thread 6426] [80.0] [cxt 0] Deparsing header 'ipv4'
[22:32:03.613] [bmv2] [D] [thread 6426] [80.0] [cxt 0] Deparser 'deparser': end
[22:32:03.613] [bmv2] [D] [thread 6428] [80.0] [cxt 0] Transmitting packet of size 558 out of port 2
[22:32:03.748] [bmv2] [D] [thread 6423] [81.0] [cxt 0] Processing packet received on port 3
[22:32:03.748] [bmv2] [D] [thread 6423] [81.0] [cxt 0] Parser 'parser': start
[22:32:03.748] [bmv2] [D] [thread 6423] [81.0] [cxt 0] Parser 'parser' entering state 'start'
[22:32:03.748] [bmv2] [D] [thread 6423] [81.0] [cxt 0] Extracting header 'ethernet'
[22:32:03.748] [bmv2] [D] [thread 6423] [81.0] [cxt 0] Parser state 'start': key is 8100
[22:32:03.748] [bmv2] [T] [thread 6423] [81.0] [cxt 0] Bytes parsed: 14
[22:32:03.748] [bmv2] [D] [thread 6423] [81.0] [cxt 0] Parser 'parser' entering state 'parse_vlan'
[22:32:03.748] [bmv2] [D] [thread 6423] [81.0] [cxt 0] Extracting header 'vlan'
[22:32:03.748] [bmv2] [D] [thread 6423] [81.0] [cxt 0] Parser state 'parse_vlan': key is 0800
[22:32:03.748] [bmv2] [T] [thread 6423] [81.0] [cxt 0] Bytes parsed: 18
[22:32:03.748] [bmv2] [D] [thread 6423] [81.0] [cxt 0] Parser 'parser' entering state 'parse_ipv4'
[22:32:03.748] [bmv2] [D] [thread 6423] [81.0] [cxt 0] Extracting header 'ipv4'
[22:32:03.748] [bmv2] [D] [thread 6423] [81.0] [cxt 0] Parser set: setting field 'scalars.tmp' from expression, new value is 1
[22:32:03.748] [bmv2] [D] [thread 6423] [81.0] [cxt 0] Parser state 'parse_ipv4': key is 05
[22:32:03.748] [bmv2] [T] [thread 6423] [81.0] [cxt 0] Bytes parsed: 38
[22:32:03.748] [bmv2] [D] [thread 6423] [81.0] [cxt 0] Parser 'parser': end
[22:32:03.748] [bmv2] [D] [thread 6423] [81.0] [cxt 0] Pipeline 'ingress': start
[22:32:03.748] [bmv2] [T] [thread 6423] [81.0] [cxt 0] qos.p4(197) Condition "hdr.ipv4.isValid()" (node_2) is true
[22:32:03.748] [bmv2] [T] [thread 6423] [81.0] [cxt 0] qos.p4(198) Condition "hdr.ipv4_option.isValid()" (node_3) is false
[22:32:03.748] [bmv2] [T] [thread 6423] [81.0] [cxt 0] Applying table 'MyIngress.ipv4_lpm'
[22:32:03.748] [bmv2] [D] [thread 6423] [81.0] [cxt 0] Looking up key:
* hdr.ipv4.dstAddr    : 0a000202

[22:32:03.748] [bmv2] [D] [thread 6423] [81.0] [cxt 0] Table 'MyIngress.ipv4_lpm': hit with handle 0
[22:32:03.748] [bmv2] [D] [thread 6423] [81.0] [cxt 0] Dumping entry 0
Match key:
* hdr.ipv4.dstAddr    : LPM       0a000202/32
Action entry: MyIngress.ipv4_forward - 80000000202,2,

[22:32:03.748] [bmv2] [D] [thread 6423] [81.0] [cxt 0] Action entry is MyIngress.ipv4_forward - 80000000202,2,
[22:32:03.748] [bmv2] [T] [thread 6423] [81.0] [cxt 0] Action MyIngress.ipv4_forward
[22:32:03.748] [bmv2] [T] [thread 6423] [81.0] [cxt 0] qos.p4(175) Primitive standard_metadata.egress_spec = port
[22:32:03.748] [bmv2] [T] [thread 6423] [81.0] [cxt 0] qos.p4(176) Primitive hdr.ethernet.srcAddr = hdr.ethernet.dstAddr
[22:32:03.748] [bmv2] [T] [thread 6423] [81.0] [cxt 0] qos.p4(177) Primitive hdr.ethernet.dstAddr = dstAddr
[22:32:03.748] [bmv2] [T] [thread 6423] [81.0] [cxt 0] qos.p4(178) Primitive hdr.ipv4.ttl = hdr.ipv4.ttl - 1
[22:32:03.748] [bmv2] [D] [thread 6423] [81.0] [cxt 0] Pipeline 'ingress': end
[22:32:03.748] [bmv2] [D] [thread 6423] [81.0] [cxt 0] Egress port is 2
[22:32:03.748] [bmv2] [D] [thread 6426] [81.0] [cxt 0] Pipeline 'egress': start
[22:32:03.748] [bmv2] [D] [thread 6426] [81.0] [cxt 0] Pipeline 'egress': end
[22:32:03.748] [bmv2] [D] [thread 6426] [81.0] [cxt 0] Deparser 'deparser': start
[22:32:03.748] [bmv2] [D] [thread 6426] [81.0] [cxt 0] Updating checksum 'cksum'
[22:32:03.748] [bmv2] [D] [thread 6426] [81.0] [cxt 0] Deparsing header 'ethernet'
[22:32:03.749] [bmv2] [D] [thread 6426] [81.0] [cxt 0] Deparsing header 'vlan'
[22:32:03.749] [bmv2] [D] [thread 6426] [81.0] [cxt 0] Deparsing header 'ipv4'
[22:32:03.749] [bmv2] [D] [thread 6426] [81.0] [cxt 0] Deparser 'deparser': end
[22:32:03.749] [bmv2] [D] [thread 6428] [81.0] [cxt 0] Transmitting packet of size 558 out of port 2
[22:32:03.880] [bmv2] [D] [thread 6423] [82.0] [cxt 0] Processing packet received on port 3
[22:32:03.880] [bmv2] [D] [thread 6423] [82.0] [cxt 0] Parser 'parser': start
[22:32:03.880] [bmv2] [D] [thread 6423] [82.0] [cxt 0] Parser 'parser' entering state 'start'
[22:32:03.880] [bmv2] [D] [thread 6423] [82.0] [cxt 0] Extracting header 'ethernet'
[22:32:03.880] [bmv2] [D] [thread 6423] [82.0] [cxt 0] Parser state 'start': key is 8100
[22:32:03.880] [bmv2] [T] [thread 6423] [82.0] [cxt 0] Bytes parsed: 14
[22:32:03.880] [bmv2] [D] [thread 6423] [82.0] [cxt 0] Parser 'parser' entering state 'parse_vlan'
[22:32:03.880] [bmv2] [D] [thread 6423] [82.0] [cxt 0] Extracting header 'vlan'
[22:32:03.880] [bmv2] [D] [thread 6423] [82.0] [cxt 0] Parser state 'parse_vlan': key is 0800
[22:32:03.880] [bmv2] [T] [thread 6423] [82.0] [cxt 0] Bytes parsed: 18
[22:32:03.880] [bmv2] [D] [thread 6423] [82.0] [cxt 0] Parser 'parser' entering state 'parse_ipv4'
[22:32:03.880] [bmv2] [D] [thread 6423] [82.0] [cxt 0] Extracting header 'ipv4'
[22:32:03.880] [bmv2] [D] [thread 6423] [82.0] [cxt 0] Parser set: setting field 'scalars.tmp' from expression, new value is 1
[22:32:03.880] [bmv2] [D] [thread 6423] [82.0] [cxt 0] Parser state 'parse_ipv4': key is 05
[22:32:03.880] [bmv2] [T] [thread 6423] [82.0] [cxt 0] Bytes parsed: 38
[22:32:03.880] [bmv2] [D] [thread 6423] [82.0] [cxt 0] Parser 'parser': end
[22:32:03.880] [bmv2] [D] [thread 6423] [82.0] [cxt 0] Pipeline 'ingress': start
[22:32:03.880] [bmv2] [T] [thread 6423] [82.0] [cxt 0] qos.p4(197) Condition "hdr.ipv4.isValid()" (node_2) is true
[22:32:03.880] [bmv2] [T] [thread 6423] [82.0] [cxt 0] qos.p4(198) Condition "hdr.ipv4_option.isValid()" (node_3) is false
[22:32:03.880] [bmv2] [T] [thread 6423] [82.0] [cxt 0] Applying table 'MyIngress.ipv4_lpm'
[22:32:03.880] [bmv2] [D] [thread 6423] [82.0] [cxt 0] Looking up key:
* hdr.ipv4.dstAddr    : 0a000202

[22:32:03.880] [bmv2] [D] [thread 6423] [82.0] [cxt 0] Table 'MyIngress.ipv4_lpm': hit with handle 0
[22:32:03.880] [bmv2] [D] [thread 6423] [82.0] [cxt 0] Dumping entry 0
Match key:
* hdr.ipv4.dstAddr    : LPM       0a000202/32
Action entry: MyIngress.ipv4_forward - 80000000202,2,

[22:32:03.880] [bmv2] [D] [thread 6423] [82.0] [cxt 0] Action entry is MyIngress.ipv4_forward - 80000000202,2,
[22:32:03.880] [bmv2] [T] [thread 6423] [82.0] [cxt 0] Action MyIngress.ipv4_forward
[22:32:03.880] [bmv2] [T] [thread 6423] [82.0] [cxt 0] qos.p4(175) Primitive standard_metadata.egress_spec = port
[22:32:03.880] [bmv2] [T] [thread 6423] [82.0] [cxt 0] qos.p4(176) Primitive hdr.ethernet.srcAddr = hdr.ethernet.dstAddr
[22:32:03.880] [bmv2] [T] [thread 6423] [82.0] [cxt 0] qos.p4(177) Primitive hdr.ethernet.dstAddr = dstAddr
[22:32:03.880] [bmv2] [T] [thread 6423] [82.0] [cxt 0] qos.p4(178) Primitive hdr.ipv4.ttl = hdr.ipv4.ttl - 1
[22:32:03.880] [bmv2] [D] [thread 6423] [82.0] [cxt 0] Pipeline 'ingress': end
[22:32:03.880] [bmv2] [D] [thread 6423] [82.0] [cxt 0] Egress port is 2
[22:32:03.880] [bmv2] [D] [thread 6426] [82.0] [cxt 0] Pipeline 'egress': start
[22:32:03.881] [bmv2] [D] [thread 6426] [82.0] [cxt 0] Pipeline 'egress': end
[22:32:03.881] [bmv2] [D] [thread 6426] [82.0] [cxt 0] Deparser 'deparser': start
[22:32:03.881] [bmv2] [D] [thread 6426] [82.0] [cxt 0] Updating checksum 'cksum'
[22:32:03.881] [bmv2] [D] [thread 6426] [82.0] [cxt 0] Deparsing header 'ethernet'
[22:32:03.881] [bmv2] [D] [thread 6426] [82.0] [cxt 0] Deparsing header 'vlan'
[22:32:03.881] [bmv2] [D] [thread 6426] [82.0] [cxt 0] Deparsing header 'ipv4'
[22:32:03.881] [bmv2] [D] [thread 6426] [82.0] [cxt 0] Deparser 'deparser': end
[22:32:03.881] [bmv2] [D] [thread 6428] [82.0] [cxt 0] Transmitting packet of size 558 out of port 2
[22:32:04.011] [bmv2] [D] [thread 6423] [83.0] [cxt 0] Processing packet received on port 3
[22:32:04.011] [bmv2] [D] [thread 6423] [83.0] [cxt 0] Parser 'parser': start
[22:32:04.011] [bmv2] [D] [thread 6423] [83.0] [cxt 0] Parser 'parser' entering state 'start'
[22:32:04.011] [bmv2] [D] [thread 6423] [83.0] [cxt 0] Extracting header 'ethernet'
[22:32:04.011] [bmv2] [D] [thread 6423] [83.0] [cxt 0] Parser state 'start': key is 8100
[22:32:04.011] [bmv2] [T] [thread 6423] [83.0] [cxt 0] Bytes parsed: 14
[22:32:04.011] [bmv2] [D] [thread 6423] [83.0] [cxt 0] Parser 'parser' entering state 'parse_vlan'
[22:32:04.011] [bmv2] [D] [thread 6423] [83.0] [cxt 0] Extracting header 'vlan'
[22:32:04.011] [bmv2] [D] [thread 6423] [83.0] [cxt 0] Parser state 'parse_vlan': key is 0800
[22:32:04.011] [bmv2] [T] [thread 6423] [83.0] [cxt 0] Bytes parsed: 18
[22:32:04.011] [bmv2] [D] [thread 6423] [83.0] [cxt 0] Parser 'parser' entering state 'parse_ipv4'
[22:32:04.011] [bmv2] [D] [thread 6423] [83.0] [cxt 0] Extracting header 'ipv4'
[22:32:04.011] [bmv2] [D] [thread 6423] [83.0] [cxt 0] Parser set: setting field 'scalars.tmp' from expression, new value is 1
[22:32:04.011] [bmv2] [D] [thread 6423] [83.0] [cxt 0] Parser state 'parse_ipv4': key is 05
[22:32:04.011] [bmv2] [T] [thread 6423] [83.0] [cxt 0] Bytes parsed: 38
[22:32:04.011] [bmv2] [D] [thread 6423] [83.0] [cxt 0] Parser 'parser': end
[22:32:04.011] [bmv2] [D] [thread 6423] [83.0] [cxt 0] Pipeline 'ingress': start
[22:32:04.011] [bmv2] [T] [thread 6423] [83.0] [cxt 0] qos.p4(197) Condition "hdr.ipv4.isValid()" (node_2) is true
[22:32:04.011] [bmv2] [T] [thread 6423] [83.0] [cxt 0] qos.p4(198) Condition "hdr.ipv4_option.isValid()" (node_3) is false
[22:32:04.011] [bmv2] [T] [thread 6423] [83.0] [cxt 0] Applying table 'MyIngress.ipv4_lpm'
[22:32:04.011] [bmv2] [D] [thread 6423] [83.0] [cxt 0] Looking up key:
* hdr.ipv4.dstAddr    : 0a000202

[22:32:04.011] [bmv2] [D] [thread 6423] [83.0] [cxt 0] Table 'MyIngress.ipv4_lpm': hit with handle 0
[22:32:04.011] [bmv2] [D] [thread 6423] [83.0] [cxt 0] Dumping entry 0
Match key:
* hdr.ipv4.dstAddr    : LPM       0a000202/32
Action entry: MyIngress.ipv4_forward - 80000000202,2,

[22:32:04.011] [bmv2] [D] [thread 6423] [83.0] [cxt 0] Action entry is MyIngress.ipv4_forward - 80000000202,2,
[22:32:04.011] [bmv2] [T] [thread 6423] [83.0] [cxt 0] Action MyIngress.ipv4_forward
[22:32:04.011] [bmv2] [T] [thread 6423] [83.0] [cxt 0] qos.p4(175) Primitive standard_metadata.egress_spec = port
[22:32:04.011] [bmv2] [T] [thread 6423] [83.0] [cxt 0] qos.p4(176) Primitive hdr.ethernet.srcAddr = hdr.ethernet.dstAddr
[22:32:04.011] [bmv2] [T] [thread 6423] [83.0] [cxt 0] qos.p4(177) Primitive hdr.ethernet.dstAddr = dstAddr
[22:32:04.011] [bmv2] [T] [thread 6423] [83.0] [cxt 0] qos.p4(178) Primitive hdr.ipv4.ttl = hdr.ipv4.ttl - 1
[22:32:04.011] [bmv2] [D] [thread 6423] [83.0] [cxt 0] Pipeline 'ingress': end
[22:32:04.011] [bmv2] [D] [thread 6423] [83.0] [cxt 0] Egress port is 2
[22:32:04.012] [bmv2] [D] [thread 6426] [83.0] [cxt 0] Pipeline 'egress': start
[22:32:04.012] [bmv2] [D] [thread 6426] [83.0] [cxt 0] Pipeline 'egress': end
[22:32:04.012] [bmv2] [D] [thread 6426] [83.0] [cxt 0] Deparser 'deparser': start
[22:32:04.012] [bmv2] [D] [thread 6426] [83.0] [cxt 0] Updating checksum 'cksum'
[22:32:04.012] [bmv2] [D] [thread 6426] [83.0] [cxt 0] Deparsing header 'ethernet'
[22:32:04.012] [bmv2] [D] [thread 6426] [83.0] [cxt 0] Deparsing header 'vlan'
[22:32:04.012] [bmv2] [D] [thread 6426] [83.0] [cxt 0] Deparsing header 'ipv4'
[22:32:04.012] [bmv2] [D] [thread 6426] [83.0] [cxt 0] Deparser 'deparser': end
[22:32:04.012] [bmv2] [D] [thread 6428] [83.0] [cxt 0] Transmitting packet of size 558 out of port 2
[22:32:04.133] [bmv2] [D] [thread 6423] [84.0] [cxt 0] Processing packet received on port 3
[22:32:04.133] [bmv2] [D] [thread 6423] [84.0] [cxt 0] Parser 'parser': start
[22:32:04.133] [bmv2] [D] [thread 6423] [84.0] [cxt 0] Parser 'parser' entering state 'start'
[22:32:04.133] [bmv2] [D] [thread 6423] [84.0] [cxt 0] Extracting header 'ethernet'
[22:32:04.133] [bmv2] [D] [thread 6423] [84.0] [cxt 0] Parser state 'start': key is 8100
[22:32:04.133] [bmv2] [T] [thread 6423] [84.0] [cxt 0] Bytes parsed: 14
[22:32:04.133] [bmv2] [D] [thread 6423] [84.0] [cxt 0] Parser 'parser' entering state 'parse_vlan'
[22:32:04.133] [bmv2] [D] [thread 6423] [84.0] [cxt 0] Extracting header 'vlan'
[22:32:04.133] [bmv2] [D] [thread 6423] [84.0] [cxt 0] Parser state 'parse_vlan': key is 0800
[22:32:04.133] [bmv2] [T] [thread 6423] [84.0] [cxt 0] Bytes parsed: 18
[22:32:04.133] [bmv2] [D] [thread 6423] [84.0] [cxt 0] Parser 'parser' entering state 'parse_ipv4'
[22:32:04.133] [bmv2] [D] [thread 6423] [84.0] [cxt 0] Extracting header 'ipv4'
[22:32:04.133] [bmv2] [D] [thread 6423] [84.0] [cxt 0] Parser set: setting field 'scalars.tmp' from expression, new value is 1
[22:32:04.133] [bmv2] [D] [thread 6423] [84.0] [cxt 0] Parser state 'parse_ipv4': key is 05
[22:32:04.133] [bmv2] [T] [thread 6423] [84.0] [cxt 0] Bytes parsed: 38
[22:32:04.133] [bmv2] [D] [thread 6423] [84.0] [cxt 0] Parser 'parser': end
[22:32:04.134] [bmv2] [D] [thread 6423] [84.0] [cxt 0] Pipeline 'ingress': start
[22:32:04.134] [bmv2] [T] [thread 6423] [84.0] [cxt 0] qos.p4(197) Condition "hdr.ipv4.isValid()" (node_2) is true
[22:32:04.134] [bmv2] [T] [thread 6423] [84.0] [cxt 0] qos.p4(198) Condition "hdr.ipv4_option.isValid()" (node_3) is false
[22:32:04.134] [bmv2] [T] [thread 6423] [84.0] [cxt 0] Applying table 'MyIngress.ipv4_lpm'
[22:32:04.134] [bmv2] [D] [thread 6423] [84.0] [cxt 0] Looking up key:
* hdr.ipv4.dstAddr    : 0a000202

[22:32:04.134] [bmv2] [D] [thread 6423] [84.0] [cxt 0] Table 'MyIngress.ipv4_lpm': hit with handle 0
[22:32:04.134] [bmv2] [D] [thread 6423] [84.0] [cxt 0] Dumping entry 0
Match key:
* hdr.ipv4.dstAddr    : LPM       0a000202/32
Action entry: MyIngress.ipv4_forward - 80000000202,2,

[22:32:04.134] [bmv2] [D] [thread 6423] [84.0] [cxt 0] Action entry is MyIngress.ipv4_forward - 80000000202,2,
[22:32:04.134] [bmv2] [T] [thread 6423] [84.0] [cxt 0] Action MyIngress.ipv4_forward
[22:32:04.134] [bmv2] [T] [thread 6423] [84.0] [cxt 0] qos.p4(175) Primitive standard_metadata.egress_spec = port
[22:32:04.134] [bmv2] [T] [thread 6423] [84.0] [cxt 0] qos.p4(176) Primitive hdr.ethernet.srcAddr = hdr.ethernet.dstAddr
[22:32:04.134] [bmv2] [T] [thread 6423] [84.0] [cxt 0] qos.p4(177) Primitive hdr.ethernet.dstAddr = dstAddr
[22:32:04.134] [bmv2] [T] [thread 6423] [84.0] [cxt 0] qos.p4(178) Primitive hdr.ipv4.ttl = hdr.ipv4.ttl - 1
[22:32:04.134] [bmv2] [D] [thread 6423] [84.0] [cxt 0] Pipeline 'ingress': end
[22:32:04.134] [bmv2] [D] [thread 6423] [84.0] [cxt 0] Egress port is 2
[22:32:04.134] [bmv2] [D] [thread 6426] [84.0] [cxt 0] Pipeline 'egress': start
[22:32:04.134] [bmv2] [D] [thread 6426] [84.0] [cxt 0] Pipeline 'egress': end
[22:32:04.134] [bmv2] [D] [thread 6426] [84.0] [cxt 0] Deparser 'deparser': start
[22:32:04.134] [bmv2] [D] [thread 6426] [84.0] [cxt 0] Updating checksum 'cksum'
[22:32:04.134] [bmv2] [D] [thread 6426] [84.0] [cxt 0] Deparsing header 'ethernet'
[22:32:04.134] [bmv2] [D] [thread 6426] [84.0] [cxt 0] Deparsing header 'vlan'
[22:32:04.134] [bmv2] [D] [thread 6426] [84.0] [cxt 0] Deparsing header 'ipv4'
[22:32:04.134] [bmv2] [D] [thread 6426] [84.0] [cxt 0] Deparser 'deparser': end
[22:32:04.134] [bmv2] [D] [thread 6428] [84.0] [cxt 0] Transmitting packet of size 558 out of port 2
[22:32:04.263] [bmv2] [D] [thread 6423] [85.0] [cxt 0] Processing packet received on port 3
[22:32:04.263] [bmv2] [D] [thread 6423] [85.0] [cxt 0] Parser 'parser': start
[22:32:04.264] [bmv2] [D] [thread 6423] [85.0] [cxt 0] Parser 'parser' entering state 'start'
[22:32:04.264] [bmv2] [D] [thread 6423] [85.0] [cxt 0] Extracting header 'ethernet'
[22:32:04.264] [bmv2] [D] [thread 6423] [85.0] [cxt 0] Parser state 'start': key is 8100
[22:32:04.264] [bmv2] [T] [thread 6423] [85.0] [cxt 0] Bytes parsed: 14
[22:32:04.264] [bmv2] [D] [thread 6423] [85.0] [cxt 0] Parser 'parser' entering state 'parse_vlan'
[22:32:04.264] [bmv2] [D] [thread 6423] [85.0] [cxt 0] Extracting header 'vlan'
[22:32:04.264] [bmv2] [D] [thread 6423] [85.0] [cxt 0] Parser state 'parse_vlan': key is 0800
[22:32:04.264] [bmv2] [T] [thread 6423] [85.0] [cxt 0] Bytes parsed: 18
[22:32:04.264] [bmv2] [D] [thread 6423] [85.0] [cxt 0] Parser 'parser' entering state 'parse_ipv4'
[22:32:04.264] [bmv2] [D] [thread 6423] [85.0] [cxt 0] Extracting header 'ipv4'
[22:32:04.264] [bmv2] [D] [thread 6423] [85.0] [cxt 0] Parser set: setting field 'scalars.tmp' from expression, new value is 1
[22:32:04.264] [bmv2] [D] [thread 6423] [85.0] [cxt 0] Parser state 'parse_ipv4': key is 05
[22:32:04.264] [bmv2] [T] [thread 6423] [85.0] [cxt 0] Bytes parsed: 38
[22:32:04.264] [bmv2] [D] [thread 6423] [85.0] [cxt 0] Parser 'parser': end
[22:32:04.264] [bmv2] [D] [thread 6423] [85.0] [cxt 0] Pipeline 'ingress': start
[22:32:04.264] [bmv2] [T] [thread 6423] [85.0] [cxt 0] qos.p4(197) Condition "hdr.ipv4.isValid()" (node_2) is true
[22:32:04.264] [bmv2] [T] [thread 6423] [85.0] [cxt 0] qos.p4(198) Condition "hdr.ipv4_option.isValid()" (node_3) is false
[22:32:04.264] [bmv2] [T] [thread 6423] [85.0] [cxt 0] Applying table 'MyIngress.ipv4_lpm'
[22:32:04.264] [bmv2] [D] [thread 6423] [85.0] [cxt 0] Looking up key:
* hdr.ipv4.dstAddr    : 0a000202

[22:32:04.264] [bmv2] [D] [thread 6423] [85.0] [cxt 0] Table 'MyIngress.ipv4_lpm': hit with handle 0
[22:32:04.264] [bmv2] [D] [thread 6423] [85.0] [cxt 0] Dumping entry 0
Match key:
* hdr.ipv4.dstAddr    : LPM       0a000202/32
Action entry: MyIngress.ipv4_forward - 80000000202,2,

[22:32:04.264] [bmv2] [D] [thread 6423] [85.0] [cxt 0] Action entry is MyIngress.ipv4_forward - 80000000202,2,
[22:32:04.264] [bmv2] [T] [thread 6423] [85.0] [cxt 0] Action MyIngress.ipv4_forward
[22:32:04.264] [bmv2] [T] [thread 6423] [85.0] [cxt 0] qos.p4(175) Primitive standard_metadata.egress_spec = port
[22:32:04.264] [bmv2] [T] [thread 6423] [85.0] [cxt 0] qos.p4(176) Primitive hdr.ethernet.srcAddr = hdr.ethernet.dstAddr
[22:32:04.264] [bmv2] [T] [thread 6423] [85.0] [cxt 0] qos.p4(177) Primitive hdr.ethernet.dstAddr = dstAddr
[22:32:04.264] [bmv2] [T] [thread 6423] [85.0] [cxt 0] qos.p4(178) Primitive hdr.ipv4.ttl = hdr.ipv4.ttl - 1
[22:32:04.264] [bmv2] [D] [thread 6423] [85.0] [cxt 0] Pipeline 'ingress': end
[22:32:04.264] [bmv2] [D] [thread 6423] [85.0] [cxt 0] Egress port is 2
[22:32:04.264] [bmv2] [D] [thread 6426] [85.0] [cxt 0] Pipeline 'egress': start
[22:32:04.264] [bmv2] [D] [thread 6426] [85.0] [cxt 0] Pipeline 'egress': end
[22:32:04.264] [bmv2] [D] [thread 6426] [85.0] [cxt 0] Deparser 'deparser': start
[22:32:04.264] [bmv2] [D] [thread 6426] [85.0] [cxt 0] Updating checksum 'cksum'
[22:32:04.264] [bmv2] [D] [thread 6426] [85.0] [cxt 0] Deparsing header 'ethernet'
[22:32:04.264] [bmv2] [D] [thread 6426] [85.0] [cxt 0] Deparsing header 'vlan'
[22:32:04.265] [bmv2] [D] [thread 6426] [85.0] [cxt 0] Deparsing header 'ipv4'
[22:32:04.265] [bmv2] [D] [thread 6426] [85.0] [cxt 0] Deparser 'deparser': end
[22:32:04.265] [bmv2] [D] [thread 6428] [85.0] [cxt 0] Transmitting packet of size 558 out of port 2
[22:32:04.387] [bmv2] [D] [thread 6423] [86.0] [cxt 0] Processing packet received on port 3
[22:32:04.387] [bmv2] [D] [thread 6423] [86.0] [cxt 0] Parser 'parser': start
[22:32:04.387] [bmv2] [D] [thread 6423] [86.0] [cxt 0] Parser 'parser' entering state 'start'
[22:32:04.387] [bmv2] [D] [thread 6423] [86.0] [cxt 0] Extracting header 'ethernet'
[22:32:04.387] [bmv2] [D] [thread 6423] [86.0] [cxt 0] Parser state 'start': key is 8100
[22:32:04.387] [bmv2] [T] [thread 6423] [86.0] [cxt 0] Bytes parsed: 14
[22:32:04.387] [bmv2] [D] [thread 6423] [86.0] [cxt 0] Parser 'parser' entering state 'parse_vlan'
[22:32:04.387] [bmv2] [D] [thread 6423] [86.0] [cxt 0] Extracting header 'vlan'
[22:32:04.387] [bmv2] [D] [thread 6423] [86.0] [cxt 0] Parser state 'parse_vlan': key is 0800
[22:32:04.387] [bmv2] [T] [thread 6423] [86.0] [cxt 0] Bytes parsed: 18
[22:32:04.387] [bmv2] [D] [thread 6423] [86.0] [cxt 0] Parser 'parser' entering state 'parse_ipv4'
[22:32:04.387] [bmv2] [D] [thread 6423] [86.0] [cxt 0] Extracting header 'ipv4'
[22:32:04.387] [bmv2] [D] [thread 6423] [86.0] [cxt 0] Parser set: setting field 'scalars.tmp' from expression, new value is 1
[22:32:04.387] [bmv2] [D] [thread 6423] [86.0] [cxt 0] Parser state 'parse_ipv4': key is 05
[22:32:04.387] [bmv2] [T] [thread 6423] [86.0] [cxt 0] Bytes parsed: 38
[22:32:04.387] [bmv2] [D] [thread 6423] [86.0] [cxt 0] Parser 'parser': end
[22:32:04.387] [bmv2] [D] [thread 6423] [86.0] [cxt 0] Pipeline 'ingress': start
[22:32:04.388] [bmv2] [T] [thread 6423] [86.0] [cxt 0] qos.p4(197) Condition "hdr.ipv4.isValid()" (node_2) is true
[22:32:04.388] [bmv2] [T] [thread 6423] [86.0] [cxt 0] qos.p4(198) Condition "hdr.ipv4_option.isValid()" (node_3) is false
[22:32:04.388] [bmv2] [T] [thread 6423] [86.0] [cxt 0] Applying table 'MyIngress.ipv4_lpm'
[22:32:04.388] [bmv2] [D] [thread 6423] [86.0] [cxt 0] Looking up key:
* hdr.ipv4.dstAddr    : 0a000202

[22:32:04.388] [bmv2] [D] [thread 6423] [86.0] [cxt 0] Table 'MyIngress.ipv4_lpm': hit with handle 0
[22:32:04.388] [bmv2] [D] [thread 6423] [86.0] [cxt 0] Dumping entry 0
Match key:
* hdr.ipv4.dstAddr    : LPM       0a000202/32
Action entry: MyIngress.ipv4_forward - 80000000202,2,

[22:32:04.388] [bmv2] [D] [thread 6423] [86.0] [cxt 0] Action entry is MyIngress.ipv4_forward - 80000000202,2,
[22:32:04.388] [bmv2] [T] [thread 6423] [86.0] [cxt 0] Action MyIngress.ipv4_forward
[22:32:04.388] [bmv2] [T] [thread 6423] [86.0] [cxt 0] qos.p4(175) Primitive standard_metadata.egress_spec = port
[22:32:04.388] [bmv2] [T] [thread 6423] [86.0] [cxt 0] qos.p4(176) Primitive hdr.ethernet.srcAddr = hdr.ethernet.dstAddr
[22:32:04.388] [bmv2] [T] [thread 6423] [86.0] [cxt 0] qos.p4(177) Primitive hdr.ethernet.dstAddr = dstAddr
[22:32:04.388] [bmv2] [T] [thread 6423] [86.0] [cxt 0] qos.p4(178) Primitive hdr.ipv4.ttl = hdr.ipv4.ttl - 1
[22:32:04.388] [bmv2] [D] [thread 6423] [86.0] [cxt 0] Pipeline 'ingress': end
[22:32:04.388] [bmv2] [D] [thread 6423] [86.0] [cxt 0] Egress port is 2
[22:32:04.388] [bmv2] [D] [thread 6426] [86.0] [cxt 0] Pipeline 'egress': start
[22:32:04.388] [bmv2] [D] [thread 6426] [86.0] [cxt 0] Pipeline 'egress': end
[22:32:04.388] [bmv2] [D] [thread 6426] [86.0] [cxt 0] Deparser 'deparser': start
[22:32:04.388] [bmv2] [D] [thread 6426] [86.0] [cxt 0] Updating checksum 'cksum'
[22:32:04.388] [bmv2] [D] [thread 6426] [86.0] [cxt 0] Deparsing header 'ethernet'
[22:32:04.388] [bmv2] [D] [thread 6426] [86.0] [cxt 0] Deparsing header 'vlan'
[22:32:04.388] [bmv2] [D] [thread 6426] [86.0] [cxt 0] Deparsing header 'ipv4'
[22:32:04.388] [bmv2] [D] [thread 6426] [86.0] [cxt 0] Deparser 'deparser': end
[22:32:04.388] [bmv2] [D] [thread 6428] [86.0] [cxt 0] Transmitting packet of size 558 out of port 2
[22:32:04.512] [bmv2] [D] [thread 6423] [87.0] [cxt 0] Processing packet received on port 3
[22:32:04.512] [bmv2] [D] [thread 6423] [87.0] [cxt 0] Parser 'parser': start
[22:32:04.512] [bmv2] [D] [thread 6423] [87.0] [cxt 0] Parser 'parser' entering state 'start'
[22:32:04.512] [bmv2] [D] [thread 6423] [87.0] [cxt 0] Extracting header 'ethernet'
[22:32:04.512] [bmv2] [D] [thread 6423] [87.0] [cxt 0] Parser state 'start': key is 8100
[22:32:04.512] [bmv2] [T] [thread 6423] [87.0] [cxt 0] Bytes parsed: 14
[22:32:04.512] [bmv2] [D] [thread 6423] [87.0] [cxt 0] Parser 'parser' entering state 'parse_vlan'
[22:32:04.512] [bmv2] [D] [thread 6423] [87.0] [cxt 0] Extracting header 'vlan'
[22:32:04.512] [bmv2] [D] [thread 6423] [87.0] [cxt 0] Parser state 'parse_vlan': key is 0800
[22:32:04.512] [bmv2] [T] [thread 6423] [87.0] [cxt 0] Bytes parsed: 18
[22:32:04.512] [bmv2] [D] [thread 6423] [87.0] [cxt 0] Parser 'parser' entering state 'parse_ipv4'
[22:32:04.512] [bmv2] [D] [thread 6423] [87.0] [cxt 0] Extracting header 'ipv4'
[22:32:04.512] [bmv2] [D] [thread 6423] [87.0] [cxt 0] Parser set: setting field 'scalars.tmp' from expression, new value is 1
[22:32:04.512] [bmv2] [D] [thread 6423] [87.0] [cxt 0] Parser state 'parse_ipv4': key is 05
[22:32:04.512] [bmv2] [T] [thread 6423] [87.0] [cxt 0] Bytes parsed: 38
[22:32:04.512] [bmv2] [D] [thread 6423] [87.0] [cxt 0] Parser 'parser': end
[22:32:04.512] [bmv2] [D] [thread 6423] [87.0] [cxt 0] Pipeline 'ingress': start
[22:32:04.512] [bmv2] [T] [thread 6423] [87.0] [cxt 0] qos.p4(197) Condition "hdr.ipv4.isValid()" (node_2) is true
[22:32:04.512] [bmv2] [T] [thread 6423] [87.0] [cxt 0] qos.p4(198) Condition "hdr.ipv4_option.isValid()" (node_3) is false
[22:32:04.512] [bmv2] [T] [thread 6423] [87.0] [cxt 0] Applying table 'MyIngress.ipv4_lpm'
[22:32:04.513] [bmv2] [D] [thread 6423] [87.0] [cxt 0] Looking up key:
* hdr.ipv4.dstAddr    : 0a000202

[22:32:04.513] [bmv2] [D] [thread 6423] [87.0] [cxt 0] Table 'MyIngress.ipv4_lpm': hit with handle 0
[22:32:04.513] [bmv2] [D] [thread 6423] [87.0] [cxt 0] Dumping entry 0
Match key:
* hdr.ipv4.dstAddr    : LPM       0a000202/32
Action entry: MyIngress.ipv4_forward - 80000000202,2,

[22:32:04.513] [bmv2] [D] [thread 6423] [87.0] [cxt 0] Action entry is MyIngress.ipv4_forward - 80000000202,2,
[22:32:04.513] [bmv2] [T] [thread 6423] [87.0] [cxt 0] Action MyIngress.ipv4_forward
[22:32:04.513] [bmv2] [T] [thread 6423] [87.0] [cxt 0] qos.p4(175) Primitive standard_metadata.egress_spec = port
[22:32:04.513] [bmv2] [T] [thread 6423] [87.0] [cxt 0] qos.p4(176) Primitive hdr.ethernet.srcAddr = hdr.ethernet.dstAddr
[22:32:04.513] [bmv2] [T] [thread 6423] [87.0] [cxt 0] qos.p4(177) Primitive hdr.ethernet.dstAddr = dstAddr
[22:32:04.513] [bmv2] [T] [thread 6423] [87.0] [cxt 0] qos.p4(178) Primitive hdr.ipv4.ttl = hdr.ipv4.ttl - 1
[22:32:04.513] [bmv2] [D] [thread 6423] [87.0] [cxt 0] Pipeline 'ingress': end
[22:32:04.513] [bmv2] [D] [thread 6423] [87.0] [cxt 0] Egress port is 2
[22:32:04.513] [bmv2] [D] [thread 6426] [87.0] [cxt 0] Pipeline 'egress': start
[22:32:04.513] [bmv2] [D] [thread 6426] [87.0] [cxt 0] Pipeline 'egress': end
[22:32:04.513] [bmv2] [D] [thread 6426] [87.0] [cxt 0] Deparser 'deparser': start
[22:32:04.513] [bmv2] [D] [thread 6426] [87.0] [cxt 0] Updating checksum 'cksum'
[22:32:04.513] [bmv2] [D] [thread 6426] [87.0] [cxt 0] Deparsing header 'ethernet'
[22:32:04.513] [bmv2] [D] [thread 6426] [87.0] [cxt 0] Deparsing header 'vlan'
[22:32:04.513] [bmv2] [D] [thread 6426] [87.0] [cxt 0] Deparsing header 'ipv4'
[22:32:04.513] [bmv2] [D] [thread 6426] [87.0] [cxt 0] Deparser 'deparser': end
[22:32:04.513] [bmv2] [D] [thread 6428] [87.0] [cxt 0] Transmitting packet of size 558 out of port 2
[22:32:04.637] [bmv2] [D] [thread 6423] [88.0] [cxt 0] Processing packet received on port 3
[22:32:04.637] [bmv2] [D] [thread 6423] [88.0] [cxt 0] Parser 'parser': start
[22:32:04.637] [bmv2] [D] [thread 6423] [88.0] [cxt 0] Parser 'parser' entering state 'start'
[22:32:04.637] [bmv2] [D] [thread 6423] [88.0] [cxt 0] Extracting header 'ethernet'
[22:32:04.637] [bmv2] [D] [thread 6423] [88.0] [cxt 0] Parser state 'start': key is 8100
[22:32:04.637] [bmv2] [T] [thread 6423] [88.0] [cxt 0] Bytes parsed: 14
[22:32:04.637] [bmv2] [D] [thread 6423] [88.0] [cxt 0] Parser 'parser' entering state 'parse_vlan'
[22:32:04.637] [bmv2] [D] [thread 6423] [88.0] [cxt 0] Extracting header 'vlan'
[22:32:04.637] [bmv2] [D] [thread 6423] [88.0] [cxt 0] Parser state 'parse_vlan': key is 0800
[22:32:04.637] [bmv2] [T] [thread 6423] [88.0] [cxt 0] Bytes parsed: 18
[22:32:04.637] [bmv2] [D] [thread 6423] [88.0] [cxt 0] Parser 'parser' entering state 'parse_ipv4'
[22:32:04.637] [bmv2] [D] [thread 6423] [88.0] [cxt 0] Extracting header 'ipv4'
[22:32:04.637] [bmv2] [D] [thread 6423] [88.0] [cxt 0] Parser set: setting field 'scalars.tmp' from expression, new value is 1
[22:32:04.637] [bmv2] [D] [thread 6423] [88.0] [cxt 0] Parser state 'parse_ipv4': key is 05
[22:32:04.637] [bmv2] [T] [thread 6423] [88.0] [cxt 0] Bytes parsed: 38
[22:32:04.637] [bmv2] [D] [thread 6423] [88.0] [cxt 0] Parser 'parser': end
[22:32:04.637] [bmv2] [D] [thread 6423] [88.0] [cxt 0] Pipeline 'ingress': start
[22:32:04.637] [bmv2] [T] [thread 6423] [88.0] [cxt 0] qos.p4(197) Condition "hdr.ipv4.isValid()" (node_2) is true
[22:32:04.637] [bmv2] [T] [thread 6423] [88.0] [cxt 0] qos.p4(198) Condition "hdr.ipv4_option.isValid()" (node_3) is false
[22:32:04.637] [bmv2] [T] [thread 6423] [88.0] [cxt 0] Applying table 'MyIngress.ipv4_lpm'
[22:32:04.637] [bmv2] [D] [thread 6423] [88.0] [cxt 0] Looking up key:
* hdr.ipv4.dstAddr    : 0a000202

[22:32:04.637] [bmv2] [D] [thread 6423] [88.0] [cxt 0] Table 'MyIngress.ipv4_lpm': hit with handle 0
[22:32:04.637] [bmv2] [D] [thread 6423] [88.0] [cxt 0] Dumping entry 0
Match key:
* hdr.ipv4.dstAddr    : LPM       0a000202/32
Action entry: MyIngress.ipv4_forward - 80000000202,2,

[22:32:04.637] [bmv2] [D] [thread 6423] [88.0] [cxt 0] Action entry is MyIngress.ipv4_forward - 80000000202,2,
[22:32:04.637] [bmv2] [T] [thread 6423] [88.0] [cxt 0] Action MyIngress.ipv4_forward
[22:32:04.637] [bmv2] [T] [thread 6423] [88.0] [cxt 0] qos.p4(175) Primitive standard_metadata.egress_spec = port
[22:32:04.637] [bmv2] [T] [thread 6423] [88.0] [cxt 0] qos.p4(176) Primitive hdr.ethernet.srcAddr = hdr.ethernet.dstAddr
[22:32:04.637] [bmv2] [T] [thread 6423] [88.0] [cxt 0] qos.p4(177) Primitive hdr.ethernet.dstAddr = dstAddr
[22:32:04.637] [bmv2] [T] [thread 6423] [88.0] [cxt 0] qos.p4(178) Primitive hdr.ipv4.ttl = hdr.ipv4.ttl - 1
[22:32:04.637] [bmv2] [D] [thread 6423] [88.0] [cxt 0] Pipeline 'ingress': end
[22:32:04.637] [bmv2] [D] [thread 6423] [88.0] [cxt 0] Egress port is 2
[22:32:04.638] [bmv2] [D] [thread 6426] [88.0] [cxt 0] Pipeline 'egress': start
[22:32:04.638] [bmv2] [D] [thread 6426] [88.0] [cxt 0] Pipeline 'egress': end
[22:32:04.638] [bmv2] [D] [thread 6426] [88.0] [cxt 0] Deparser 'deparser': start
[22:32:04.638] [bmv2] [D] [thread 6426] [88.0] [cxt 0] Updating checksum 'cksum'
[22:32:04.638] [bmv2] [D] [thread 6426] [88.0] [cxt 0] Deparsing header 'ethernet'
[22:32:04.638] [bmv2] [D] [thread 6426] [88.0] [cxt 0] Deparsing header 'vlan'
[22:32:04.638] [bmv2] [D] [thread 6426] [88.0] [cxt 0] Deparsing header 'ipv4'
[22:32:04.638] [bmv2] [D] [thread 6426] [88.0] [cxt 0] Deparser 'deparser': end
[22:32:04.638] [bmv2] [D] [thread 6428] [88.0] [cxt 0] Transmitting packet of size 558 out of port 2
[22:32:04.767] [bmv2] [D] [thread 6423] [89.0] [cxt 0] Processing packet received on port 3
[22:32:04.767] [bmv2] [D] [thread 6423] [89.0] [cxt 0] Parser 'parser': start
[22:32:04.767] [bmv2] [D] [thread 6423] [89.0] [cxt 0] Parser 'parser' entering state 'start'
[22:32:04.767] [bmv2] [D] [thread 6423] [89.0] [cxt 0] Extracting header 'ethernet'
[22:32:04.767] [bmv2] [D] [thread 6423] [89.0] [cxt 0] Parser state 'start': key is 8100
[22:32:04.767] [bmv2] [T] [thread 6423] [89.0] [cxt 0] Bytes parsed: 14
[22:32:04.767] [bmv2] [D] [thread 6423] [89.0] [cxt 0] Parser 'parser' entering state 'parse_vlan'
[22:32:04.767] [bmv2] [D] [thread 6423] [89.0] [cxt 0] Extracting header 'vlan'
[22:32:04.767] [bmv2] [D] [thread 6423] [89.0] [cxt 0] Parser state 'parse_vlan': key is 0800
[22:32:04.767] [bmv2] [T] [thread 6423] [89.0] [cxt 0] Bytes parsed: 18
[22:32:04.767] [bmv2] [D] [thread 6423] [89.0] [cxt 0] Parser 'parser' entering state 'parse_ipv4'
[22:32:04.767] [bmv2] [D] [thread 6423] [89.0] [cxt 0] Extracting header 'ipv4'
[22:32:04.767] [bmv2] [D] [thread 6423] [89.0] [cxt 0] Parser set: setting field 'scalars.tmp' from expression, new value is 1
[22:32:04.767] [bmv2] [D] [thread 6423] [89.0] [cxt 0] Parser state 'parse_ipv4': key is 05
[22:32:04.767] [bmv2] [T] [thread 6423] [89.0] [cxt 0] Bytes parsed: 38
[22:32:04.767] [bmv2] [D] [thread 6423] [89.0] [cxt 0] Parser 'parser': end
[22:32:04.767] [bmv2] [D] [thread 6423] [89.0] [cxt 0] Pipeline 'ingress': start
[22:32:04.767] [bmv2] [T] [thread 6423] [89.0] [cxt 0] qos.p4(197) Condition "hdr.ipv4.isValid()" (node_2) is true
[22:32:04.767] [bmv2] [T] [thread 6423] [89.0] [cxt 0] qos.p4(198) Condition "hdr.ipv4_option.isValid()" (node_3) is false
[22:32:04.767] [bmv2] [T] [thread 6423] [89.0] [cxt 0] Applying table 'MyIngress.ipv4_lpm'
[22:32:04.767] [bmv2] [D] [thread 6423] [89.0] [cxt 0] Looking up key:
* hdr.ipv4.dstAddr    : 0a000202

[22:32:04.767] [bmv2] [D] [thread 6423] [89.0] [cxt 0] Table 'MyIngress.ipv4_lpm': hit with handle 0
[22:32:04.768] [bmv2] [D] [thread 6423] [89.0] [cxt 0] Dumping entry 0
Match key:
* hdr.ipv4.dstAddr    : LPM       0a000202/32
Action entry: MyIngress.ipv4_forward - 80000000202,2,

[22:32:04.768] [bmv2] [D] [thread 6423] [89.0] [cxt 0] Action entry is MyIngress.ipv4_forward - 80000000202,2,
[22:32:04.768] [bmv2] [T] [thread 6423] [89.0] [cxt 0] Action MyIngress.ipv4_forward
[22:32:04.768] [bmv2] [T] [thread 6423] [89.0] [cxt 0] qos.p4(175) Primitive standard_metadata.egress_spec = port
[22:32:04.768] [bmv2] [T] [thread 6423] [89.0] [cxt 0] qos.p4(176) Primitive hdr.ethernet.srcAddr = hdr.ethernet.dstAddr
[22:32:04.768] [bmv2] [T] [thread 6423] [89.0] [cxt 0] qos.p4(177) Primitive hdr.ethernet.dstAddr = dstAddr
[22:32:04.768] [bmv2] [T] [thread 6423] [89.0] [cxt 0] qos.p4(178) Primitive hdr.ipv4.ttl = hdr.ipv4.ttl - 1
[22:32:04.768] [bmv2] [D] [thread 6423] [89.0] [cxt 0] Pipeline 'ingress': end
[22:32:04.768] [bmv2] [D] [thread 6423] [89.0] [cxt 0] Egress port is 2
[22:32:04.768] [bmv2] [D] [thread 6426] [89.0] [cxt 0] Pipeline 'egress': start
[22:32:04.768] [bmv2] [D] [thread 6426] [89.0] [cxt 0] Pipeline 'egress': end
[22:32:04.768] [bmv2] [D] [thread 6426] [89.0] [cxt 0] Deparser 'deparser': start
[22:32:04.768] [bmv2] [D] [thread 6426] [89.0] [cxt 0] Updating checksum 'cksum'
[22:32:04.768] [bmv2] [D] [thread 6426] [89.0] [cxt 0] Deparsing header 'ethernet'
[22:32:04.768] [bmv2] [D] [thread 6426] [89.0] [cxt 0] Deparsing header 'vlan'
[22:32:04.768] [bmv2] [D] [thread 6426] [89.0] [cxt 0] Deparsing header 'ipv4'
[22:32:04.768] [bmv2] [D] [thread 6426] [89.0] [cxt 0] Deparser 'deparser': end
[22:32:04.768] [bmv2] [D] [thread 6428] [89.0] [cxt 0] Transmitting packet of size 558 out of port 2
[22:32:04.891] [bmv2] [D] [thread 6423] [90.0] [cxt 0] Processing packet received on port 3
[22:32:04.891] [bmv2] [D] [thread 6423] [90.0] [cxt 0] Parser 'parser': start
[22:32:04.891] [bmv2] [D] [thread 6423] [90.0] [cxt 0] Parser 'parser' entering state 'start'
[22:32:04.891] [bmv2] [D] [thread 6423] [90.0] [cxt 0] Extracting header 'ethernet'
[22:32:04.891] [bmv2] [D] [thread 6423] [90.0] [cxt 0] Parser state 'start': key is 8100
[22:32:04.891] [bmv2] [T] [thread 6423] [90.0] [cxt 0] Bytes parsed: 14
[22:32:04.891] [bmv2] [D] [thread 6423] [90.0] [cxt 0] Parser 'parser' entering state 'parse_vlan'
[22:32:04.891] [bmv2] [D] [thread 6423] [90.0] [cxt 0] Extracting header 'vlan'
[22:32:04.892] [bmv2] [D] [thread 6423] [90.0] [cxt 0] Parser state 'parse_vlan': key is 0800
[22:32:04.892] [bmv2] [T] [thread 6423] [90.0] [cxt 0] Bytes parsed: 18
[22:32:04.892] [bmv2] [D] [thread 6423] [90.0] [cxt 0] Parser 'parser' entering state 'parse_ipv4'
[22:32:04.892] [bmv2] [D] [thread 6423] [90.0] [cxt 0] Extracting header 'ipv4'
[22:32:04.892] [bmv2] [D] [thread 6423] [90.0] [cxt 0] Parser set: setting field 'scalars.tmp' from expression, new value is 1
[22:32:04.892] [bmv2] [D] [thread 6423] [90.0] [cxt 0] Parser state 'parse_ipv4': key is 05
[22:32:04.892] [bmv2] [T] [thread 6423] [90.0] [cxt 0] Bytes parsed: 38
[22:32:04.892] [bmv2] [D] [thread 6423] [90.0] [cxt 0] Parser 'parser': end
[22:32:04.892] [bmv2] [D] [thread 6423] [90.0] [cxt 0] Pipeline 'ingress': start
[22:32:04.892] [bmv2] [T] [thread 6423] [90.0] [cxt 0] qos.p4(197) Condition "hdr.ipv4.isValid()" (node_2) is true
[22:32:04.892] [bmv2] [T] [thread 6423] [90.0] [cxt 0] qos.p4(198) Condition "hdr.ipv4_option.isValid()" (node_3) is false
[22:32:04.892] [bmv2] [T] [thread 6423] [90.0] [cxt 0] Applying table 'MyIngress.ipv4_lpm'
[22:32:04.892] [bmv2] [D] [thread 6423] [90.0] [cxt 0] Looking up key:
* hdr.ipv4.dstAddr    : 0a000202

[22:32:04.892] [bmv2] [D] [thread 6423] [90.0] [cxt 0] Table 'MyIngress.ipv4_lpm': hit with handle 0
[22:32:04.892] [bmv2] [D] [thread 6423] [90.0] [cxt 0] Dumping entry 0
Match key:
* hdr.ipv4.dstAddr    : LPM       0a000202/32
Action entry: MyIngress.ipv4_forward - 80000000202,2,

[22:32:04.892] [bmv2] [D] [thread 6423] [90.0] [cxt 0] Action entry is MyIngress.ipv4_forward - 80000000202,2,
[22:32:04.892] [bmv2] [T] [thread 6423] [90.0] [cxt 0] Action MyIngress.ipv4_forward
[22:32:04.892] [bmv2] [T] [thread 6423] [90.0] [cxt 0] qos.p4(175) Primitive standard_metadata.egress_spec = port
[22:32:04.892] [bmv2] [T] [thread 6423] [90.0] [cxt 0] qos.p4(176) Primitive hdr.ethernet.srcAddr = hdr.ethernet.dstAddr
[22:32:04.892] [bmv2] [T] [thread 6423] [90.0] [cxt 0] qos.p4(177) Primitive hdr.ethernet.dstAddr = dstAddr
[22:32:04.892] [bmv2] [T] [thread 6423] [90.0] [cxt 0] qos.p4(178) Primitive hdr.ipv4.ttl = hdr.ipv4.ttl - 1
[22:32:04.892] [bmv2] [D] [thread 6423] [90.0] [cxt 0] Pipeline 'ingress': end
[22:32:04.892] [bmv2] [D] [thread 6423] [90.0] [cxt 0] Egress port is 2
[22:32:04.892] [bmv2] [D] [thread 6426] [90.0] [cxt 0] Pipeline 'egress': start
[22:32:04.892] [bmv2] [D] [thread 6426] [90.0] [cxt 0] Pipeline 'egress': end
[22:32:04.892] [bmv2] [D] [thread 6426] [90.0] [cxt 0] Deparser 'deparser': start
[22:32:04.892] [bmv2] [D] [thread 6426] [90.0] [cxt 0] Updating checksum 'cksum'
[22:32:04.892] [bmv2] [D] [thread 6426] [90.0] [cxt 0] Deparsing header 'ethernet'
[22:32:04.892] [bmv2] [D] [thread 6426] [90.0] [cxt 0] Deparsing header 'vlan'
[22:32:04.892] [bmv2] [D] [thread 6426] [90.0] [cxt 0] Deparsing header 'ipv4'
[22:32:04.892] [bmv2] [D] [thread 6426] [90.0] [cxt 0] Deparser 'deparser': end
[22:32:04.893] [bmv2] [D] [thread 6428] [90.0] [cxt 0] Transmitting packet of size 558 out of port 2
[22:32:05.014] [bmv2] [D] [thread 6423] [91.0] [cxt 0] Processing packet received on port 3
[22:32:05.014] [bmv2] [D] [thread 6423] [91.0] [cxt 0] Parser 'parser': start
[22:32:05.014] [bmv2] [D] [thread 6423] [91.0] [cxt 0] Parser 'parser' entering state 'start'
[22:32:05.014] [bmv2] [D] [thread 6423] [91.0] [cxt 0] Extracting header 'ethernet'
[22:32:05.014] [bmv2] [D] [thread 6423] [91.0] [cxt 0] Parser state 'start': key is 8100
[22:32:05.014] [bmv2] [T] [thread 6423] [91.0] [cxt 0] Bytes parsed: 14
[22:32:05.014] [bmv2] [D] [thread 6423] [91.0] [cxt 0] Parser 'parser' entering state 'parse_vlan'
[22:32:05.014] [bmv2] [D] [thread 6423] [91.0] [cxt 0] Extracting header 'vlan'
[22:32:05.014] [bmv2] [D] [thread 6423] [91.0] [cxt 0] Parser state 'parse_vlan': key is 0800
[22:32:05.014] [bmv2] [T] [thread 6423] [91.0] [cxt 0] Bytes parsed: 18
[22:32:05.015] [bmv2] [D] [thread 6423] [91.0] [cxt 0] Parser 'parser' entering state 'parse_ipv4'
[22:32:05.015] [bmv2] [D] [thread 6423] [91.0] [cxt 0] Extracting header 'ipv4'
[22:32:05.015] [bmv2] [D] [thread 6423] [91.0] [cxt 0] Parser set: setting field 'scalars.tmp' from expression, new value is 1
[22:32:05.015] [bmv2] [D] [thread 6423] [91.0] [cxt 0] Parser state 'parse_ipv4': key is 05
[22:32:05.015] [bmv2] [T] [thread 6423] [91.0] [cxt 0] Bytes parsed: 38
[22:32:05.015] [bmv2] [D] [thread 6423] [91.0] [cxt 0] Parser 'parser': end
[22:32:05.015] [bmv2] [D] [thread 6423] [91.0] [cxt 0] Pipeline 'ingress': start
[22:32:05.015] [bmv2] [T] [thread 6423] [91.0] [cxt 0] qos.p4(197) Condition "hdr.ipv4.isValid()" (node_2) is true
[22:32:05.015] [bmv2] [T] [thread 6423] [91.0] [cxt 0] qos.p4(198) Condition "hdr.ipv4_option.isValid()" (node_3) is false
[22:32:05.015] [bmv2] [T] [thread 6423] [91.0] [cxt 0] Applying table 'MyIngress.ipv4_lpm'
[22:32:05.015] [bmv2] [D] [thread 6423] [91.0] [cxt 0] Looking up key:
* hdr.ipv4.dstAddr    : 0a000202

[22:32:05.015] [bmv2] [D] [thread 6423] [91.0] [cxt 0] Table 'MyIngress.ipv4_lpm': hit with handle 0
[22:32:05.015] [bmv2] [D] [thread 6423] [91.0] [cxt 0] Dumping entry 0
Match key:
* hdr.ipv4.dstAddr    : LPM       0a000202/32
Action entry: MyIngress.ipv4_forward - 80000000202,2,

[22:32:05.015] [bmv2] [D] [thread 6423] [91.0] [cxt 0] Action entry is MyIngress.ipv4_forward - 80000000202,2,
[22:32:05.015] [bmv2] [T] [thread 6423] [91.0] [cxt 0] Action MyIngress.ipv4_forward
[22:32:05.015] [bmv2] [T] [thread 6423] [91.0] [cxt 0] qos.p4(175) Primitive standard_metadata.egress_spec = port
[22:32:05.015] [bmv2] [T] [thread 6423] [91.0] [cxt 0] qos.p4(176) Primitive hdr.ethernet.srcAddr = hdr.ethernet.dstAddr
[22:32:05.015] [bmv2] [T] [thread 6423] [91.0] [cxt 0] qos.p4(177) Primitive hdr.ethernet.dstAddr = dstAddr
[22:32:05.015] [bmv2] [T] [thread 6423] [91.0] [cxt 0] qos.p4(178) Primitive hdr.ipv4.ttl = hdr.ipv4.ttl - 1
[22:32:05.015] [bmv2] [D] [thread 6423] [91.0] [cxt 0] Pipeline 'ingress': end
[22:32:05.015] [bmv2] [D] [thread 6423] [91.0] [cxt 0] Egress port is 2
[22:32:05.016] [bmv2] [D] [thread 6426] [91.0] [cxt 0] Pipeline 'egress': start
[22:32:05.016] [bmv2] [D] [thread 6426] [91.0] [cxt 0] Pipeline 'egress': end
[22:32:05.016] [bmv2] [D] [thread 6426] [91.0] [cxt 0] Deparser 'deparser': start
[22:32:05.016] [bmv2] [D] [thread 6426] [91.0] [cxt 0] Updating checksum 'cksum'
[22:32:05.016] [bmv2] [D] [thread 6426] [91.0] [cxt 0] Deparsing header 'ethernet'
[22:32:05.016] [bmv2] [D] [thread 6426] [91.0] [cxt 0] Deparsing header 'vlan'
[22:32:05.016] [bmv2] [D] [thread 6426] [91.0] [cxt 0] Deparsing header 'ipv4'
[22:32:05.016] [bmv2] [D] [thread 6426] [91.0] [cxt 0] Deparser 'deparser': end
[22:32:05.016] [bmv2] [D] [thread 6428] [91.0] [cxt 0] Transmitting packet of size 558 out of port 2
[22:32:05.147] [bmv2] [D] [thread 6423] [92.0] [cxt 0] Processing packet received on port 3
[22:32:05.147] [bmv2] [D] [thread 6423] [92.0] [cxt 0] Parser 'parser': start
[22:32:05.147] [bmv2] [D] [thread 6423] [92.0] [cxt 0] Parser 'parser' entering state 'start'
[22:32:05.147] [bmv2] [D] [thread 6423] [92.0] [cxt 0] Extracting header 'ethernet'
[22:32:05.147] [bmv2] [D] [thread 6423] [92.0] [cxt 0] Parser state 'start': key is 8100
[22:32:05.147] [bmv2] [T] [thread 6423] [92.0] [cxt 0] Bytes parsed: 14
[22:32:05.147] [bmv2] [D] [thread 6423] [92.0] [cxt 0] Parser 'parser' entering state 'parse_vlan'
[22:32:05.147] [bmv2] [D] [thread 6423] [92.0] [cxt 0] Extracting header 'vlan'
[22:32:05.147] [bmv2] [D] [thread 6423] [92.0] [cxt 0] Parser state 'parse_vlan': key is 0800
[22:32:05.147] [bmv2] [T] [thread 6423] [92.0] [cxt 0] Bytes parsed: 18
[22:32:05.147] [bmv2] [D] [thread 6423] [92.0] [cxt 0] Parser 'parser' entering state 'parse_ipv4'
[22:32:05.147] [bmv2] [D] [thread 6423] [92.0] [cxt 0] Extracting header 'ipv4'
[22:32:05.147] [bmv2] [D] [thread 6423] [92.0] [cxt 0] Parser set: setting field 'scalars.tmp' from expression, new value is 1
[22:32:05.147] [bmv2] [D] [thread 6423] [92.0] [cxt 0] Parser state 'parse_ipv4': key is 05
[22:32:05.147] [bmv2] [T] [thread 6423] [92.0] [cxt 0] Bytes parsed: 38
[22:32:05.147] [bmv2] [D] [thread 6423] [92.0] [cxt 0] Parser 'parser': end
[22:32:05.147] [bmv2] [D] [thread 6423] [92.0] [cxt 0] Pipeline 'ingress': start
[22:32:05.147] [bmv2] [T] [thread 6423] [92.0] [cxt 0] qos.p4(197) Condition "hdr.ipv4.isValid()" (node_2) is true
[22:32:05.147] [bmv2] [T] [thread 6423] [92.0] [cxt 0] qos.p4(198) Condition "hdr.ipv4_option.isValid()" (node_3) is false
[22:32:05.147] [bmv2] [T] [thread 6423] [92.0] [cxt 0] Applying table 'MyIngress.ipv4_lpm'
[22:32:05.147] [bmv2] [D] [thread 6423] [92.0] [cxt 0] Looking up key:
* hdr.ipv4.dstAddr    : 0a000202

[22:32:05.147] [bmv2] [D] [thread 6423] [92.0] [cxt 0] Table 'MyIngress.ipv4_lpm': hit with handle 0
[22:32:05.147] [bmv2] [D] [thread 6423] [92.0] [cxt 0] Dumping entry 0
Match key:
* hdr.ipv4.dstAddr    : LPM       0a000202/32
Action entry: MyIngress.ipv4_forward - 80000000202,2,

[22:32:05.147] [bmv2] [D] [thread 6423] [92.0] [cxt 0] Action entry is MyIngress.ipv4_forward - 80000000202,2,
[22:32:05.147] [bmv2] [T] [thread 6423] [92.0] [cxt 0] Action MyIngress.ipv4_forward
[22:32:05.147] [bmv2] [T] [thread 6423] [92.0] [cxt 0] qos.p4(175) Primitive standard_metadata.egress_spec = port
[22:32:05.147] [bmv2] [T] [thread 6423] [92.0] [cxt 0] qos.p4(176) Primitive hdr.ethernet.srcAddr = hdr.ethernet.dstAddr
[22:32:05.147] [bmv2] [T] [thread 6423] [92.0] [cxt 0] qos.p4(177) Primitive hdr.ethernet.dstAddr = dstAddr
[22:32:05.147] [bmv2] [T] [thread 6423] [92.0] [cxt 0] qos.p4(178) Primitive hdr.ipv4.ttl = hdr.ipv4.ttl - 1
[22:32:05.147] [bmv2] [D] [thread 6423] [92.0] [cxt 0] Pipeline 'ingress': end
[22:32:05.147] [bmv2] [D] [thread 6423] [92.0] [cxt 0] Egress port is 2
[22:32:05.147] [bmv2] [D] [thread 6426] [92.0] [cxt 0] Pipeline 'egress': start
[22:32:05.147] [bmv2] [D] [thread 6426] [92.0] [cxt 0] Pipeline 'egress': end
[22:32:05.147] [bmv2] [D] [thread 6426] [92.0] [cxt 0] Deparser 'deparser': start
[22:32:05.148] [bmv2] [D] [thread 6426] [92.0] [cxt 0] Updating checksum 'cksum'
[22:32:05.148] [bmv2] [D] [thread 6426] [92.0] [cxt 0] Deparsing header 'ethernet'
[22:32:05.148] [bmv2] [D] [thread 6426] [92.0] [cxt 0] Deparsing header 'vlan'
[22:32:05.148] [bmv2] [D] [thread 6426] [92.0] [cxt 0] Deparsing header 'ipv4'
[22:32:05.148] [bmv2] [D] [thread 6426] [92.0] [cxt 0] Deparser 'deparser': end
[22:32:05.148] [bmv2] [D] [thread 6428] [92.0] [cxt 0] Transmitting packet of size 558 out of port 2
[22:32:05.271] [bmv2] [D] [thread 6423] [93.0] [cxt 0] Processing packet received on port 3
[22:32:05.271] [bmv2] [D] [thread 6423] [93.0] [cxt 0] Parser 'parser': start
[22:32:05.271] [bmv2] [D] [thread 6423] [93.0] [cxt 0] Parser 'parser' entering state 'start'
[22:32:05.271] [bmv2] [D] [thread 6423] [93.0] [cxt 0] Extracting header 'ethernet'
[22:32:05.271] [bmv2] [D] [thread 6423] [93.0] [cxt 0] Parser state 'start': key is 8100
[22:32:05.271] [bmv2] [T] [thread 6423] [93.0] [cxt 0] Bytes parsed: 14
[22:32:05.271] [bmv2] [D] [thread 6423] [93.0] [cxt 0] Parser 'parser' entering state 'parse_vlan'
[22:32:05.271] [bmv2] [D] [thread 6423] [93.0] [cxt 0] Extracting header 'vlan'
[22:32:05.271] [bmv2] [D] [thread 6423] [93.0] [cxt 0] Parser state 'parse_vlan': key is 0800
[22:32:05.271] [bmv2] [T] [thread 6423] [93.0] [cxt 0] Bytes parsed: 18
[22:32:05.271] [bmv2] [D] [thread 6423] [93.0] [cxt 0] Parser 'parser' entering state 'parse_ipv4'
[22:32:05.271] [bmv2] [D] [thread 6423] [93.0] [cxt 0] Extracting header 'ipv4'
[22:32:05.271] [bmv2] [D] [thread 6423] [93.0] [cxt 0] Parser set: setting field 'scalars.tmp' from expression, new value is 1
[22:32:05.271] [bmv2] [D] [thread 6423] [93.0] [cxt 0] Parser state 'parse_ipv4': key is 05
[22:32:05.271] [bmv2] [T] [thread 6423] [93.0] [cxt 0] Bytes parsed: 38
[22:32:05.271] [bmv2] [D] [thread 6423] [93.0] [cxt 0] Parser 'parser': end
[22:32:05.271] [bmv2] [D] [thread 6423] [93.0] [cxt 0] Pipeline 'ingress': start
[22:32:05.271] [bmv2] [T] [thread 6423] [93.0] [cxt 0] qos.p4(197) Condition "hdr.ipv4.isValid()" (node_2) is true
[22:32:05.271] [bmv2] [T] [thread 6423] [93.0] [cxt 0] qos.p4(198) Condition "hdr.ipv4_option.isValid()" (node_3) is false
[22:32:05.271] [bmv2] [T] [thread 6423] [93.0] [cxt 0] Applying table 'MyIngress.ipv4_lpm'
[22:32:05.271] [bmv2] [D] [thread 6423] [93.0] [cxt 0] Looking up key:
* hdr.ipv4.dstAddr    : 0a000202

[22:32:05.271] [bmv2] [D] [thread 6423] [93.0] [cxt 0] Table 'MyIngress.ipv4_lpm': hit with handle 0
[22:32:05.271] [bmv2] [D] [thread 6423] [93.0] [cxt 0] Dumping entry 0
Match key:
* hdr.ipv4.dstAddr    : LPM       0a000202/32
Action entry: MyIngress.ipv4_forward - 80000000202,2,

[22:32:05.271] [bmv2] [D] [thread 6423] [93.0] [cxt 0] Action entry is MyIngress.ipv4_forward - 80000000202,2,
[22:32:05.271] [bmv2] [T] [thread 6423] [93.0] [cxt 0] Action MyIngress.ipv4_forward
[22:32:05.271] [bmv2] [T] [thread 6423] [93.0] [cxt 0] qos.p4(175) Primitive standard_metadata.egress_spec = port
[22:32:05.271] [bmv2] [T] [thread 6423] [93.0] [cxt 0] qos.p4(176) Primitive hdr.ethernet.srcAddr = hdr.ethernet.dstAddr
[22:32:05.271] [bmv2] [T] [thread 6423] [93.0] [cxt 0] qos.p4(177) Primitive hdr.ethernet.dstAddr = dstAddr
[22:32:05.271] [bmv2] [T] [thread 6423] [93.0] [cxt 0] qos.p4(178) Primitive hdr.ipv4.ttl = hdr.ipv4.ttl - 1
[22:32:05.271] [bmv2] [D] [thread 6423] [93.0] [cxt 0] Pipeline 'ingress': end
[22:32:05.271] [bmv2] [D] [thread 6423] [93.0] [cxt 0] Egress port is 2
[22:32:05.271] [bmv2] [D] [thread 6426] [93.0] [cxt 0] Pipeline 'egress': start
[22:32:05.271] [bmv2] [D] [thread 6426] [93.0] [cxt 0] Pipeline 'egress': end
[22:32:05.271] [bmv2] [D] [thread 6426] [93.0] [cxt 0] Deparser 'deparser': start
[22:32:05.271] [bmv2] [D] [thread 6426] [93.0] [cxt 0] Updating checksum 'cksum'
[22:32:05.272] [bmv2] [D] [thread 6426] [93.0] [cxt 0] Deparsing header 'ethernet'
[22:32:05.272] [bmv2] [D] [thread 6426] [93.0] [cxt 0] Deparsing header 'vlan'
[22:32:05.272] [bmv2] [D] [thread 6426] [93.0] [cxt 0] Deparsing header 'ipv4'
[22:32:05.272] [bmv2] [D] [thread 6426] [93.0] [cxt 0] Deparser 'deparser': end
[22:32:05.272] [bmv2] [D] [thread 6428] [93.0] [cxt 0] Transmitting packet of size 558 out of port 2
[22:32:05.397] [bmv2] [D] [thread 6423] [94.0] [cxt 0] Processing packet received on port 3
[22:32:05.397] [bmv2] [D] [thread 6423] [94.0] [cxt 0] Parser 'parser': start
[22:32:05.397] [bmv2] [D] [thread 6423] [94.0] [cxt 0] Parser 'parser' entering state 'start'
[22:32:05.397] [bmv2] [D] [thread 6423] [94.0] [cxt 0] Extracting header 'ethernet'
[22:32:05.397] [bmv2] [D] [thread 6423] [94.0] [cxt 0] Parser state 'start': key is 8100
[22:32:05.397] [bmv2] [T] [thread 6423] [94.0] [cxt 0] Bytes parsed: 14
[22:32:05.397] [bmv2] [D] [thread 6423] [94.0] [cxt 0] Parser 'parser' entering state 'parse_vlan'
[22:32:05.397] [bmv2] [D] [thread 6423] [94.0] [cxt 0] Extracting header 'vlan'
[22:32:05.397] [bmv2] [D] [thread 6423] [94.0] [cxt 0] Parser state 'parse_vlan': key is 0800
[22:32:05.397] [bmv2] [T] [thread 6423] [94.0] [cxt 0] Bytes parsed: 18
[22:32:05.397] [bmv2] [D] [thread 6423] [94.0] [cxt 0] Parser 'parser' entering state 'parse_ipv4'
[22:32:05.397] [bmv2] [D] [thread 6423] [94.0] [cxt 0] Extracting header 'ipv4'
[22:32:05.397] [bmv2] [D] [thread 6423] [94.0] [cxt 0] Parser set: setting field 'scalars.tmp' from expression, new value is 1
[22:32:05.397] [bmv2] [D] [thread 6423] [94.0] [cxt 0] Parser state 'parse_ipv4': key is 05
[22:32:05.397] [bmv2] [T] [thread 6423] [94.0] [cxt 0] Bytes parsed: 38
[22:32:05.397] [bmv2] [D] [thread 6423] [94.0] [cxt 0] Parser 'parser': end
[22:32:05.397] [bmv2] [D] [thread 6423] [94.0] [cxt 0] Pipeline 'ingress': start
[22:32:05.397] [bmv2] [T] [thread 6423] [94.0] [cxt 0] qos.p4(197) Condition "hdr.ipv4.isValid()" (node_2) is true
[22:32:05.397] [bmv2] [T] [thread 6423] [94.0] [cxt 0] qos.p4(198) Condition "hdr.ipv4_option.isValid()" (node_3) is false
[22:32:05.397] [bmv2] [T] [thread 6423] [94.0] [cxt 0] Applying table 'MyIngress.ipv4_lpm'
[22:32:05.397] [bmv2] [D] [thread 6423] [94.0] [cxt 0] Looking up key:
* hdr.ipv4.dstAddr    : 0a000202

[22:32:05.397] [bmv2] [D] [thread 6423] [94.0] [cxt 0] Table 'MyIngress.ipv4_lpm': hit with handle 0
[22:32:05.397] [bmv2] [D] [thread 6423] [94.0] [cxt 0] Dumping entry 0
Match key:
* hdr.ipv4.dstAddr    : LPM       0a000202/32
Action entry: MyIngress.ipv4_forward - 80000000202,2,

[22:32:05.397] [bmv2] [D] [thread 6423] [94.0] [cxt 0] Action entry is MyIngress.ipv4_forward - 80000000202,2,
[22:32:05.397] [bmv2] [T] [thread 6423] [94.0] [cxt 0] Action MyIngress.ipv4_forward
[22:32:05.397] [bmv2] [T] [thread 6423] [94.0] [cxt 0] qos.p4(175) Primitive standard_metadata.egress_spec = port
[22:32:05.397] [bmv2] [T] [thread 6423] [94.0] [cxt 0] qos.p4(176) Primitive hdr.ethernet.srcAddr = hdr.ethernet.dstAddr
[22:32:05.397] [bmv2] [T] [thread 6423] [94.0] [cxt 0] qos.p4(177) Primitive hdr.ethernet.dstAddr = dstAddr
[22:32:05.397] [bmv2] [T] [thread 6423] [94.0] [cxt 0] qos.p4(178) Primitive hdr.ipv4.ttl = hdr.ipv4.ttl - 1
[22:32:05.397] [bmv2] [D] [thread 6423] [94.0] [cxt 0] Pipeline 'ingress': end
[22:32:05.397] [bmv2] [D] [thread 6423] [94.0] [cxt 0] Egress port is 2
[22:32:05.398] [bmv2] [D] [thread 6426] [94.0] [cxt 0] Pipeline 'egress': start
[22:32:05.398] [bmv2] [D] [thread 6426] [94.0] [cxt 0] Pipeline 'egress': end
[22:32:05.398] [bmv2] [D] [thread 6426] [94.0] [cxt 0] Deparser 'deparser': start
[22:32:05.398] [bmv2] [D] [thread 6426] [94.0] [cxt 0] Updating checksum 'cksum'
[22:32:05.398] [bmv2] [D] [thread 6426] [94.0] [cxt 0] Deparsing header 'ethernet'
[22:32:05.398] [bmv2] [D] [thread 6426] [94.0] [cxt 0] Deparsing header 'vlan'
[22:32:05.398] [bmv2] [D] [thread 6426] [94.0] [cxt 0] Deparsing header 'ipv4'
[22:32:05.398] [bmv2] [D] [thread 6426] [94.0] [cxt 0] Deparser 'deparser': end
[22:32:05.398] [bmv2] [D] [thread 6428] [94.0] [cxt 0] Transmitting packet of size 558 out of port 2
[22:32:05.523] [bmv2] [D] [thread 6423] [95.0] [cxt 0] Processing packet received on port 3
[22:32:05.523] [bmv2] [D] [thread 6423] [95.0] [cxt 0] Parser 'parser': start
[22:32:05.523] [bmv2] [D] [thread 6423] [95.0] [cxt 0] Parser 'parser' entering state 'start'
[22:32:05.523] [bmv2] [D] [thread 6423] [95.0] [cxt 0] Extracting header 'ethernet'
[22:32:05.523] [bmv2] [D] [thread 6423] [95.0] [cxt 0] Parser state 'start': key is 8100
[22:32:05.523] [bmv2] [T] [thread 6423] [95.0] [cxt 0] Bytes parsed: 14
[22:32:05.523] [bmv2] [D] [thread 6423] [95.0] [cxt 0] Parser 'parser' entering state 'parse_vlan'
[22:32:05.523] [bmv2] [D] [thread 6423] [95.0] [cxt 0] Extracting header 'vlan'
[22:32:05.523] [bmv2] [D] [thread 6423] [95.0] [cxt 0] Parser state 'parse_vlan': key is 0800
[22:32:05.523] [bmv2] [T] [thread 6423] [95.0] [cxt 0] Bytes parsed: 18
[22:32:05.523] [bmv2] [D] [thread 6423] [95.0] [cxt 0] Parser 'parser' entering state 'parse_ipv4'
[22:32:05.523] [bmv2] [D] [thread 6423] [95.0] [cxt 0] Extracting header 'ipv4'
[22:32:05.523] [bmv2] [D] [thread 6423] [95.0] [cxt 0] Parser set: setting field 'scalars.tmp' from expression, new value is 1
[22:32:05.523] [bmv2] [D] [thread 6423] [95.0] [cxt 0] Parser state 'parse_ipv4': key is 05
[22:32:05.523] [bmv2] [T] [thread 6423] [95.0] [cxt 0] Bytes parsed: 38
[22:32:05.523] [bmv2] [D] [thread 6423] [95.0] [cxt 0] Parser 'parser': end
[22:32:05.523] [bmv2] [D] [thread 6423] [95.0] [cxt 0] Pipeline 'ingress': start
[22:32:05.523] [bmv2] [T] [thread 6423] [95.0] [cxt 0] qos.p4(197) Condition "hdr.ipv4.isValid()" (node_2) is true
[22:32:05.523] [bmv2] [T] [thread 6423] [95.0] [cxt 0] qos.p4(198) Condition "hdr.ipv4_option.isValid()" (node_3) is false
[22:32:05.523] [bmv2] [T] [thread 6423] [95.0] [cxt 0] Applying table 'MyIngress.ipv4_lpm'
[22:32:05.523] [bmv2] [D] [thread 6423] [95.0] [cxt 0] Looking up key:
* hdr.ipv4.dstAddr    : 0a000202

[22:32:05.523] [bmv2] [D] [thread 6423] [95.0] [cxt 0] Table 'MyIngress.ipv4_lpm': hit with handle 0
[22:32:05.523] [bmv2] [D] [thread 6423] [95.0] [cxt 0] Dumping entry 0
Match key:
* hdr.ipv4.dstAddr    : LPM       0a000202/32
Action entry: MyIngress.ipv4_forward - 80000000202,2,

[22:32:05.523] [bmv2] [D] [thread 6423] [95.0] [cxt 0] Action entry is MyIngress.ipv4_forward - 80000000202,2,
[22:32:05.523] [bmv2] [T] [thread 6423] [95.0] [cxt 0] Action MyIngress.ipv4_forward
[22:32:05.523] [bmv2] [T] [thread 6423] [95.0] [cxt 0] qos.p4(175) Primitive standard_metadata.egress_spec = port
[22:32:05.523] [bmv2] [T] [thread 6423] [95.0] [cxt 0] qos.p4(176) Primitive hdr.ethernet.srcAddr = hdr.ethernet.dstAddr
[22:32:05.523] [bmv2] [T] [thread 6423] [95.0] [cxt 0] qos.p4(177) Primitive hdr.ethernet.dstAddr = dstAddr
[22:32:05.523] [bmv2] [T] [thread 6423] [95.0] [cxt 0] qos.p4(178) Primitive hdr.ipv4.ttl = hdr.ipv4.ttl - 1
[22:32:05.523] [bmv2] [D] [thread 6423] [95.0] [cxt 0] Pipeline 'ingress': end
[22:32:05.523] [bmv2] [D] [thread 6423] [95.0] [cxt 0] Egress port is 2
[22:32:05.523] [bmv2] [D] [thread 6426] [95.0] [cxt 0] Pipeline 'egress': start
[22:32:05.523] [bmv2] [D] [thread 6426] [95.0] [cxt 0] Pipeline 'egress': end
[22:32:05.524] [bmv2] [D] [thread 6426] [95.0] [cxt 0] Deparser 'deparser': start
[22:32:05.524] [bmv2] [D] [thread 6426] [95.0] [cxt 0] Updating checksum 'cksum'
[22:32:05.524] [bmv2] [D] [thread 6426] [95.0] [cxt 0] Deparsing header 'ethernet'
[22:32:05.524] [bmv2] [D] [thread 6426] [95.0] [cxt 0] Deparsing header 'vlan'
[22:32:05.524] [bmv2] [D] [thread 6426] [95.0] [cxt 0] Deparsing header 'ipv4'
[22:32:05.524] [bmv2] [D] [thread 6426] [95.0] [cxt 0] Deparser 'deparser': end
[22:32:05.524] [bmv2] [D] [thread 6428] [95.0] [cxt 0] Transmitting packet of size 558 out of port 2
[22:32:05.650] [bmv2] [D] [thread 6423] [96.0] [cxt 0] Processing packet received on port 3
[22:32:05.650] [bmv2] [D] [thread 6423] [96.0] [cxt 0] Parser 'parser': start
[22:32:05.650] [bmv2] [D] [thread 6423] [96.0] [cxt 0] Parser 'parser' entering state 'start'
[22:32:05.650] [bmv2] [D] [thread 6423] [96.0] [cxt 0] Extracting header 'ethernet'
[22:32:05.650] [bmv2] [D] [thread 6423] [96.0] [cxt 0] Parser state 'start': key is 8100
[22:32:05.650] [bmv2] [T] [thread 6423] [96.0] [cxt 0] Bytes parsed: 14
[22:32:05.650] [bmv2] [D] [thread 6423] [96.0] [cxt 0] Parser 'parser' entering state 'parse_vlan'
[22:32:05.650] [bmv2] [D] [thread 6423] [96.0] [cxt 0] Extracting header 'vlan'
[22:32:05.650] [bmv2] [D] [thread 6423] [96.0] [cxt 0] Parser state 'parse_vlan': key is 0800
[22:32:05.650] [bmv2] [T] [thread 6423] [96.0] [cxt 0] Bytes parsed: 18
[22:32:05.650] [bmv2] [D] [thread 6423] [96.0] [cxt 0] Parser 'parser' entering state 'parse_ipv4'
[22:32:05.650] [bmv2] [D] [thread 6423] [96.0] [cxt 0] Extracting header 'ipv4'
[22:32:05.650] [bmv2] [D] [thread 6423] [96.0] [cxt 0] Parser set: setting field 'scalars.tmp' from expression, new value is 1
[22:32:05.650] [bmv2] [D] [thread 6423] [96.0] [cxt 0] Parser state 'parse_ipv4': key is 05
[22:32:05.650] [bmv2] [T] [thread 6423] [96.0] [cxt 0] Bytes parsed: 38
[22:32:05.650] [bmv2] [D] [thread 6423] [96.0] [cxt 0] Parser 'parser': end
[22:32:05.650] [bmv2] [D] [thread 6423] [96.0] [cxt 0] Pipeline 'ingress': start
[22:32:05.650] [bmv2] [T] [thread 6423] [96.0] [cxt 0] qos.p4(197) Condition "hdr.ipv4.isValid()" (node_2) is true
[22:32:05.650] [bmv2] [T] [thread 6423] [96.0] [cxt 0] qos.p4(198) Condition "hdr.ipv4_option.isValid()" (node_3) is false
[22:32:05.650] [bmv2] [T] [thread 6423] [96.0] [cxt 0] Applying table 'MyIngress.ipv4_lpm'
[22:32:05.650] [bmv2] [D] [thread 6423] [96.0] [cxt 0] Looking up key:
* hdr.ipv4.dstAddr    : 0a000202

[22:32:05.650] [bmv2] [D] [thread 6423] [96.0] [cxt 0] Table 'MyIngress.ipv4_lpm': hit with handle 0
[22:32:05.650] [bmv2] [D] [thread 6423] [96.0] [cxt 0] Dumping entry 0
Match key:
* hdr.ipv4.dstAddr    : LPM       0a000202/32
Action entry: MyIngress.ipv4_forward - 80000000202,2,

[22:32:05.650] [bmv2] [D] [thread 6423] [96.0] [cxt 0] Action entry is MyIngress.ipv4_forward - 80000000202,2,
[22:32:05.650] [bmv2] [T] [thread 6423] [96.0] [cxt 0] Action MyIngress.ipv4_forward
[22:32:05.650] [bmv2] [T] [thread 6423] [96.0] [cxt 0] qos.p4(175) Primitive standard_metadata.egress_spec = port
[22:32:05.650] [bmv2] [T] [thread 6423] [96.0] [cxt 0] qos.p4(176) Primitive hdr.ethernet.srcAddr = hdr.ethernet.dstAddr
[22:32:05.650] [bmv2] [T] [thread 6423] [96.0] [cxt 0] qos.p4(177) Primitive hdr.ethernet.dstAddr = dstAddr
[22:32:05.650] [bmv2] [T] [thread 6423] [96.0] [cxt 0] qos.p4(178) Primitive hdr.ipv4.ttl = hdr.ipv4.ttl - 1
[22:32:05.650] [bmv2] [D] [thread 6423] [96.0] [cxt 0] Pipeline 'ingress': end
[22:32:05.650] [bmv2] [D] [thread 6423] [96.0] [cxt 0] Egress port is 2
[22:32:05.650] [bmv2] [D] [thread 6426] [96.0] [cxt 0] Pipeline 'egress': start
[22:32:05.650] [bmv2] [D] [thread 6426] [96.0] [cxt 0] Pipeline 'egress': end
[22:32:05.650] [bmv2] [D] [thread 6426] [96.0] [cxt 0] Deparser 'deparser': start
[22:32:05.650] [bmv2] [D] [thread 6426] [96.0] [cxt 0] Updating checksum 'cksum'
[22:32:05.650] [bmv2] [D] [thread 6426] [96.0] [cxt 0] Deparsing header 'ethernet'
[22:32:05.650] [bmv2] [D] [thread 6426] [96.0] [cxt 0] Deparsing header 'vlan'
[22:32:05.651] [bmv2] [D] [thread 6426] [96.0] [cxt 0] Deparsing header 'ipv4'
[22:32:05.651] [bmv2] [D] [thread 6426] [96.0] [cxt 0] Deparser 'deparser': end
[22:32:05.651] [bmv2] [D] [thread 6428] [96.0] [cxt 0] Transmitting packet of size 558 out of port 2
[22:32:05.775] [bmv2] [D] [thread 6423] [97.0] [cxt 0] Processing packet received on port 3
[22:32:05.775] [bmv2] [D] [thread 6423] [97.0] [cxt 0] Parser 'parser': start
[22:32:05.775] [bmv2] [D] [thread 6423] [97.0] [cxt 0] Parser 'parser' entering state 'start'
[22:32:05.775] [bmv2] [D] [thread 6423] [97.0] [cxt 0] Extracting header 'ethernet'
[22:32:05.775] [bmv2] [D] [thread 6423] [97.0] [cxt 0] Parser state 'start': key is 8100
[22:32:05.775] [bmv2] [T] [thread 6423] [97.0] [cxt 0] Bytes parsed: 14
[22:32:05.775] [bmv2] [D] [thread 6423] [97.0] [cxt 0] Parser 'parser' entering state 'parse_vlan'
[22:32:05.775] [bmv2] [D] [thread 6423] [97.0] [cxt 0] Extracting header 'vlan'
[22:32:05.775] [bmv2] [D] [thread 6423] [97.0] [cxt 0] Parser state 'parse_vlan': key is 0800
[22:32:05.775] [bmv2] [T] [thread 6423] [97.0] [cxt 0] Bytes parsed: 18
[22:32:05.775] [bmv2] [D] [thread 6423] [97.0] [cxt 0] Parser 'parser' entering state 'parse_ipv4'
[22:32:05.775] [bmv2] [D] [thread 6423] [97.0] [cxt 0] Extracting header 'ipv4'
[22:32:05.775] [bmv2] [D] [thread 6423] [97.0] [cxt 0] Parser set: setting field 'scalars.tmp' from expression, new value is 1
[22:32:05.775] [bmv2] [D] [thread 6423] [97.0] [cxt 0] Parser state 'parse_ipv4': key is 05
[22:32:05.775] [bmv2] [T] [thread 6423] [97.0] [cxt 0] Bytes parsed: 38
[22:32:05.776] [bmv2] [D] [thread 6423] [97.0] [cxt 0] Parser 'parser': end
[22:32:05.776] [bmv2] [D] [thread 6423] [97.0] [cxt 0] Pipeline 'ingress': start
[22:32:05.776] [bmv2] [T] [thread 6423] [97.0] [cxt 0] qos.p4(197) Condition "hdr.ipv4.isValid()" (node_2) is true
[22:32:05.776] [bmv2] [T] [thread 6423] [97.0] [cxt 0] qos.p4(198) Condition "hdr.ipv4_option.isValid()" (node_3) is false
[22:32:05.776] [bmv2] [T] [thread 6423] [97.0] [cxt 0] Applying table 'MyIngress.ipv4_lpm'
[22:32:05.776] [bmv2] [D] [thread 6423] [97.0] [cxt 0] Looking up key:
* hdr.ipv4.dstAddr    : 0a000202

[22:32:05.776] [bmv2] [D] [thread 6423] [97.0] [cxt 0] Table 'MyIngress.ipv4_lpm': hit with handle 0
[22:32:05.776] [bmv2] [D] [thread 6423] [97.0] [cxt 0] Dumping entry 0
Match key:
* hdr.ipv4.dstAddr    : LPM       0a000202/32
Action entry: MyIngress.ipv4_forward - 80000000202,2,

[22:32:05.776] [bmv2] [D] [thread 6423] [97.0] [cxt 0] Action entry is MyIngress.ipv4_forward - 80000000202,2,
[22:32:05.776] [bmv2] [T] [thread 6423] [97.0] [cxt 0] Action MyIngress.ipv4_forward
[22:32:05.776] [bmv2] [T] [thread 6423] [97.0] [cxt 0] qos.p4(175) Primitive standard_metadata.egress_spec = port
[22:32:05.776] [bmv2] [T] [thread 6423] [97.0] [cxt 0] qos.p4(176) Primitive hdr.ethernet.srcAddr = hdr.ethernet.dstAddr
[22:32:05.776] [bmv2] [T] [thread 6423] [97.0] [cxt 0] qos.p4(177) Primitive hdr.ethernet.dstAddr = dstAddr
[22:32:05.776] [bmv2] [T] [thread 6423] [97.0] [cxt 0] qos.p4(178) Primitive hdr.ipv4.ttl = hdr.ipv4.ttl - 1
[22:32:05.776] [bmv2] [D] [thread 6423] [97.0] [cxt 0] Pipeline 'ingress': end
[22:32:05.776] [bmv2] [D] [thread 6423] [97.0] [cxt 0] Egress port is 2
[22:32:05.776] [bmv2] [D] [thread 6426] [97.0] [cxt 0] Pipeline 'egress': start
[22:32:05.776] [bmv2] [D] [thread 6426] [97.0] [cxt 0] Pipeline 'egress': end
[22:32:05.776] [bmv2] [D] [thread 6426] [97.0] [cxt 0] Deparser 'deparser': start
[22:32:05.776] [bmv2] [D] [thread 6426] [97.0] [cxt 0] Updating checksum 'cksum'
[22:32:05.776] [bmv2] [D] [thread 6426] [97.0] [cxt 0] Deparsing header 'ethernet'
[22:32:05.776] [bmv2] [D] [thread 6426] [97.0] [cxt 0] Deparsing header 'vlan'
[22:32:05.776] [bmv2] [D] [thread 6426] [97.0] [cxt 0] Deparsing header 'ipv4'
[22:32:05.776] [bmv2] [D] [thread 6426] [97.0] [cxt 0] Deparser 'deparser': end
[22:32:05.776] [bmv2] [D] [thread 6428] [97.0] [cxt 0] Transmitting packet of size 558 out of port 2
[22:32:05.906] [bmv2] [D] [thread 6423] [98.0] [cxt 0] Processing packet received on port 3
[22:32:05.906] [bmv2] [D] [thread 6423] [98.0] [cxt 0] Parser 'parser': start
[22:32:05.906] [bmv2] [D] [thread 6423] [98.0] [cxt 0] Parser 'parser' entering state 'start'
[22:32:05.906] [bmv2] [D] [thread 6423] [98.0] [cxt 0] Extracting header 'ethernet'
[22:32:05.907] [bmv2] [D] [thread 6423] [98.0] [cxt 0] Parser state 'start': key is 8100
[22:32:05.907] [bmv2] [T] [thread 6423] [98.0] [cxt 0] Bytes parsed: 14
[22:32:05.907] [bmv2] [D] [thread 6423] [98.0] [cxt 0] Parser 'parser' entering state 'parse_vlan'
[22:32:05.907] [bmv2] [D] [thread 6423] [98.0] [cxt 0] Extracting header 'vlan'
[22:32:05.907] [bmv2] [D] [thread 6423] [98.0] [cxt 0] Parser state 'parse_vlan': key is 0800
[22:32:05.907] [bmv2] [T] [thread 6423] [98.0] [cxt 0] Bytes parsed: 18
[22:32:05.907] [bmv2] [D] [thread 6423] [98.0] [cxt 0] Parser 'parser' entering state 'parse_ipv4'
[22:32:05.907] [bmv2] [D] [thread 6423] [98.0] [cxt 0] Extracting header 'ipv4'
[22:32:05.907] [bmv2] [D] [thread 6423] [98.0] [cxt 0] Parser set: setting field 'scalars.tmp' from expression, new value is 1
[22:32:05.907] [bmv2] [D] [thread 6423] [98.0] [cxt 0] Parser state 'parse_ipv4': key is 05
[22:32:05.907] [bmv2] [T] [thread 6423] [98.0] [cxt 0] Bytes parsed: 38
[22:32:05.907] [bmv2] [D] [thread 6423] [98.0] [cxt 0] Parser 'parser': end
[22:32:05.907] [bmv2] [D] [thread 6423] [98.0] [cxt 0] Pipeline 'ingress': start
[22:32:05.907] [bmv2] [T] [thread 6423] [98.0] [cxt 0] qos.p4(197) Condition "hdr.ipv4.isValid()" (node_2) is true
[22:32:05.907] [bmv2] [T] [thread 6423] [98.0] [cxt 0] qos.p4(198) Condition "hdr.ipv4_option.isValid()" (node_3) is false
[22:32:05.907] [bmv2] [T] [thread 6423] [98.0] [cxt 0] Applying table 'MyIngress.ipv4_lpm'
[22:32:05.907] [bmv2] [D] [thread 6423] [98.0] [cxt 0] Looking up key:
* hdr.ipv4.dstAddr    : 0a000202

[22:32:05.907] [bmv2] [D] [thread 6423] [98.0] [cxt 0] Table 'MyIngress.ipv4_lpm': hit with handle 0
[22:32:05.907] [bmv2] [D] [thread 6423] [98.0] [cxt 0] Dumping entry 0
Match key:
* hdr.ipv4.dstAddr    : LPM       0a000202/32
Action entry: MyIngress.ipv4_forward - 80000000202,2,

[22:32:05.907] [bmv2] [D] [thread 6423] [98.0] [cxt 0] Action entry is MyIngress.ipv4_forward - 80000000202,2,
[22:32:05.907] [bmv2] [T] [thread 6423] [98.0] [cxt 0] Action MyIngress.ipv4_forward
[22:32:05.907] [bmv2] [T] [thread 6423] [98.0] [cxt 0] qos.p4(175) Primitive standard_metadata.egress_spec = port
[22:32:05.907] [bmv2] [T] [thread 6423] [98.0] [cxt 0] qos.p4(176) Primitive hdr.ethernet.srcAddr = hdr.ethernet.dstAddr
[22:32:05.907] [bmv2] [T] [thread 6423] [98.0] [cxt 0] qos.p4(177) Primitive hdr.ethernet.dstAddr = dstAddr
[22:32:05.907] [bmv2] [T] [thread 6423] [98.0] [cxt 0] qos.p4(178) Primitive hdr.ipv4.ttl = hdr.ipv4.ttl - 1
[22:32:05.907] [bmv2] [D] [thread 6423] [98.0] [cxt 0] Pipeline 'ingress': end
[22:32:05.907] [bmv2] [D] [thread 6423] [98.0] [cxt 0] Egress port is 2
[22:32:05.907] [bmv2] [D] [thread 6426] [98.0] [cxt 0] Pipeline 'egress': start
[22:32:05.907] [bmv2] [D] [thread 6426] [98.0] [cxt 0] Pipeline 'egress': end
[22:32:05.907] [bmv2] [D] [thread 6426] [98.0] [cxt 0] Deparser 'deparser': start
[22:32:05.907] [bmv2] [D] [thread 6426] [98.0] [cxt 0] Updating checksum 'cksum'
[22:32:05.907] [bmv2] [D] [thread 6426] [98.0] [cxt 0] Deparsing header 'ethernet'
[22:32:05.907] [bmv2] [D] [thread 6426] [98.0] [cxt 0] Deparsing header 'vlan'
[22:32:05.907] [bmv2] [D] [thread 6426] [98.0] [cxt 0] Deparsing header 'ipv4'
[22:32:05.907] [bmv2] [D] [thread 6426] [98.0] [cxt 0] Deparser 'deparser': end
[22:32:05.907] [bmv2] [D] [thread 6428] [98.0] [cxt 0] Transmitting packet of size 558 out of port 2
[22:32:05.952] [bmv2] [D] [thread 6423] [99.0] [cxt 0] Processing packet received on port 3
[22:32:05.952] [bmv2] [D] [thread 6423] [99.0] [cxt 0] Parser 'parser': start
[22:32:05.952] [bmv2] [D] [thread 6423] [99.0] [cxt 0] Parser 'parser' entering state 'start'
[22:32:05.952] [bmv2] [D] [thread 6423] [99.0] [cxt 0] Extracting header 'ethernet'
[22:32:05.952] [bmv2] [D] [thread 6423] [99.0] [cxt 0] Parser state 'start': key is 8100
[22:32:05.952] [bmv2] [T] [thread 6423] [99.0] [cxt 0] Bytes parsed: 14
[22:32:05.952] [bmv2] [D] [thread 6423] [99.0] [cxt 0] Parser 'parser' entering state 'parse_vlan'
[22:32:05.952] [bmv2] [D] [thread 6423] [99.0] [cxt 0] Extracting header 'vlan'
[22:32:05.952] [bmv2] [D] [thread 6423] [99.0] [cxt 0] Parser state 'parse_vlan': key is 0800
[22:32:05.952] [bmv2] [T] [thread 6423] [99.0] [cxt 0] Bytes parsed: 18
[22:32:05.952] [bmv2] [D] [thread 6423] [99.0] [cxt 0] Parser 'parser' entering state 'parse_ipv4'
[22:32:05.952] [bmv2] [D] [thread 6423] [99.0] [cxt 0] Extracting header 'ipv4'
[22:32:05.952] [bmv2] [D] [thread 6423] [99.0] [cxt 0] Parser set: setting field 'scalars.tmp' from expression, new value is 1
[22:32:05.952] [bmv2] [D] [thread 6423] [99.0] [cxt 0] Parser state 'parse_ipv4': key is 05
[22:32:05.953] [bmv2] [T] [thread 6423] [99.0] [cxt 0] Bytes parsed: 38
[22:32:05.953] [bmv2] [D] [thread 6423] [99.0] [cxt 0] Parser 'parser': end
[22:32:05.953] [bmv2] [D] [thread 6423] [99.0] [cxt 0] Pipeline 'ingress': start
[22:32:05.953] [bmv2] [T] [thread 6423] [99.0] [cxt 0] qos.p4(197) Condition "hdr.ipv4.isValid()" (node_2) is true
[22:32:05.953] [bmv2] [T] [thread 6423] [99.0] [cxt 0] qos.p4(198) Condition "hdr.ipv4_option.isValid()" (node_3) is false
[22:32:05.953] [bmv2] [T] [thread 6423] [99.0] [cxt 0] Applying table 'MyIngress.ipv4_lpm'
[22:32:05.953] [bmv2] [D] [thread 6423] [99.0] [cxt 0] Looking up key:
* hdr.ipv4.dstAddr    : 0a000202

[22:32:05.953] [bmv2] [D] [thread 6423] [99.0] [cxt 0] Table 'MyIngress.ipv4_lpm': hit with handle 0
[22:32:05.953] [bmv2] [D] [thread 6423] [99.0] [cxt 0] Dumping entry 0
Match key:
* hdr.ipv4.dstAddr    : LPM       0a000202/32
Action entry: MyIngress.ipv4_forward - 80000000202,2,

[22:32:05.953] [bmv2] [D] [thread 6423] [99.0] [cxt 0] Action entry is MyIngress.ipv4_forward - 80000000202,2,
[22:32:05.953] [bmv2] [T] [thread 6423] [99.0] [cxt 0] Action MyIngress.ipv4_forward
[22:32:05.953] [bmv2] [T] [thread 6423] [99.0] [cxt 0] qos.p4(175) Primitive standard_metadata.egress_spec = port
[22:32:05.953] [bmv2] [T] [thread 6423] [99.0] [cxt 0] qos.p4(176) Primitive hdr.ethernet.srcAddr = hdr.ethernet.dstAddr
[22:32:05.953] [bmv2] [T] [thread 6423] [99.0] [cxt 0] qos.p4(177) Primitive hdr.ethernet.dstAddr = dstAddr
[22:32:05.953] [bmv2] [T] [thread 6423] [99.0] [cxt 0] qos.p4(178) Primitive hdr.ipv4.ttl = hdr.ipv4.ttl - 1
[22:32:05.953] [bmv2] [D] [thread 6423] [99.0] [cxt 0] Pipeline 'ingress': end
[22:32:05.953] [bmv2] [D] [thread 6423] [99.0] [cxt 0] Egress port is 2
[22:32:05.953] [bmv2] [D] [thread 6426] [99.0] [cxt 0] Pipeline 'egress': start
[22:32:05.953] [bmv2] [D] [thread 6426] [99.0] [cxt 0] Pipeline 'egress': end
[22:32:05.953] [bmv2] [D] [thread 6426] [99.0] [cxt 0] Deparser 'deparser': start
[22:32:05.953] [bmv2] [D] [thread 6426] [99.0] [cxt 0] Updating checksum 'cksum'
[22:32:05.953] [bmv2] [D] [thread 6426] [99.0] [cxt 0] Deparsing header 'ethernet'
[22:32:05.953] [bmv2] [D] [thread 6426] [99.0] [cxt 0] Deparsing header 'vlan'
[22:32:05.953] [bmv2] [D] [thread 6426] [99.0] [cxt 0] Deparsing header 'ipv4'
[22:32:05.953] [bmv2] [D] [thread 6426] [99.0] [cxt 0] Deparser 'deparser': end
[22:32:05.953] [bmv2] [D] [thread 6428] [99.0] [cxt 0] Transmitting packet of size 558 out of port 2
[22:32:06.034] [bmv2] [D] [thread 6423] [100.0] [cxt 0] Processing packet received on port 3
[22:32:06.034] [bmv2] [D] [thread 6423] [100.0] [cxt 0] Parser 'parser': start
[22:32:06.034] [bmv2] [D] [thread 6423] [100.0] [cxt 0] Parser 'parser' entering state 'start'
[22:32:06.034] [bmv2] [D] [thread 6423] [100.0] [cxt 0] Extracting header 'ethernet'
[22:32:06.034] [bmv2] [D] [thread 6423] [100.0] [cxt 0] Parser state 'start': key is 8100
[22:32:06.034] [bmv2] [T] [thread 6423] [100.0] [cxt 0] Bytes parsed: 14
[22:32:06.034] [bmv2] [D] [thread 6423] [100.0] [cxt 0] Parser 'parser' entering state 'parse_vlan'
[22:32:06.034] [bmv2] [D] [thread 6423] [100.0] [cxt 0] Extracting header 'vlan'
[22:32:06.034] [bmv2] [D] [thread 6423] [100.0] [cxt 0] Parser state 'parse_vlan': key is 0800
[22:32:06.034] [bmv2] [T] [thread 6423] [100.0] [cxt 0] Bytes parsed: 18
[22:32:06.034] [bmv2] [D] [thread 6423] [100.0] [cxt 0] Parser 'parser' entering state 'parse_ipv4'
[22:32:06.034] [bmv2] [D] [thread 6423] [100.0] [cxt 0] Extracting header 'ipv4'
[22:32:06.034] [bmv2] [D] [thread 6423] [100.0] [cxt 0] Parser set: setting field 'scalars.tmp' from expression, new value is 1
[22:32:06.034] [bmv2] [D] [thread 6423] [100.0] [cxt 0] Parser state 'parse_ipv4': key is 05
[22:32:06.034] [bmv2] [T] [thread 6423] [100.0] [cxt 0] Bytes parsed: 38
[22:32:06.034] [bmv2] [D] [thread 6423] [100.0] [cxt 0] Parser 'parser': end
[22:32:06.034] [bmv2] [D] [thread 6423] [100.0] [cxt 0] Pipeline 'ingress': start
[22:32:06.034] [bmv2] [T] [thread 6423] [100.0] [cxt 0] qos.p4(197) Condition "hdr.ipv4.isValid()" (node_2) is true
[22:32:06.034] [bmv2] [T] [thread 6423] [100.0] [cxt 0] qos.p4(198) Condition "hdr.ipv4_option.isValid()" (node_3) is false
[22:32:06.034] [bmv2] [T] [thread 6423] [100.0] [cxt 0] Applying table 'MyIngress.ipv4_lpm'
[22:32:06.034] [bmv2] [D] [thread 6423] [100.0] [cxt 0] Looking up key:
* hdr.ipv4.dstAddr    : 0a000202

[22:32:06.034] [bmv2] [D] [thread 6423] [100.0] [cxt 0] Table 'MyIngress.ipv4_lpm': hit with handle 0
[22:32:06.034] [bmv2] [D] [thread 6423] [100.0] [cxt 0] Dumping entry 0
Match key:
* hdr.ipv4.dstAddr    : LPM       0a000202/32
Action entry: MyIngress.ipv4_forward - 80000000202,2,

[22:32:06.035] [bmv2] [D] [thread 6423] [100.0] [cxt 0] Action entry is MyIngress.ipv4_forward - 80000000202,2,
[22:32:06.035] [bmv2] [T] [thread 6423] [100.0] [cxt 0] Action MyIngress.ipv4_forward
[22:32:06.035] [bmv2] [T] [thread 6423] [100.0] [cxt 0] qos.p4(175) Primitive standard_metadata.egress_spec = port
[22:32:06.035] [bmv2] [T] [thread 6423] [100.0] [cxt 0] qos.p4(176) Primitive hdr.ethernet.srcAddr = hdr.ethernet.dstAddr
[22:32:06.035] [bmv2] [T] [thread 6423] [100.0] [cxt 0] qos.p4(177) Primitive hdr.ethernet.dstAddr = dstAddr
[22:32:06.035] [bmv2] [T] [thread 6423] [100.0] [cxt 0] qos.p4(178) Primitive hdr.ipv4.ttl = hdr.ipv4.ttl - 1
[22:32:06.035] [bmv2] [D] [thread 6423] [100.0] [cxt 0] Pipeline 'ingress': end
[22:32:06.035] [bmv2] [D] [thread 6423] [100.0] [cxt 0] Egress port is 2
[22:32:06.035] [bmv2] [D] [thread 6426] [100.0] [cxt 0] Pipeline 'egress': start
[22:32:06.035] [bmv2] [D] [thread 6426] [100.0] [cxt 0] Pipeline 'egress': end
[22:32:06.035] [bmv2] [D] [thread 6426] [100.0] [cxt 0] Deparser 'deparser': start
[22:32:06.035] [bmv2] [D] [thread 6426] [100.0] [cxt 0] Updating checksum 'cksum'
[22:32:06.035] [bmv2] [D] [thread 6426] [100.0] [cxt 0] Deparsing header 'ethernet'
[22:32:06.035] [bmv2] [D] [thread 6426] [100.0] [cxt 0] Deparsing header 'vlan'
[22:32:06.035] [bmv2] [D] [thread 6426] [100.0] [cxt 0] Deparsing header 'ipv4'
[22:32:06.035] [bmv2] [D] [thread 6426] [100.0] [cxt 0] Deparser 'deparser': end
[22:32:06.035] [bmv2] [D] [thread 6428] [100.0] [cxt 0] Transmitting packet of size 558 out of port 2
[22:32:06.158] [bmv2] [D] [thread 6423] [101.0] [cxt 0] Processing packet received on port 3
[22:32:06.158] [bmv2] [D] [thread 6423] [101.0] [cxt 0] Parser 'parser': start
[22:32:06.158] [bmv2] [D] [thread 6423] [101.0] [cxt 0] Parser 'parser' entering state 'start'
[22:32:06.158] [bmv2] [D] [thread 6423] [101.0] [cxt 0] Extracting header 'ethernet'
[22:32:06.158] [bmv2] [D] [thread 6423] [101.0] [cxt 0] Parser state 'start': key is 8100
[22:32:06.158] [bmv2] [T] [thread 6423] [101.0] [cxt 0] Bytes parsed: 14
[22:32:06.158] [bmv2] [D] [thread 6423] [101.0] [cxt 0] Parser 'parser' entering state 'parse_vlan'
[22:32:06.158] [bmv2] [D] [thread 6423] [101.0] [cxt 0] Extracting header 'vlan'
[22:32:06.159] [bmv2] [D] [thread 6423] [101.0] [cxt 0] Parser state 'parse_vlan': key is 0800
[22:32:06.159] [bmv2] [T] [thread 6423] [101.0] [cxt 0] Bytes parsed: 18
[22:32:06.159] [bmv2] [D] [thread 6423] [101.0] [cxt 0] Parser 'parser' entering state 'parse_ipv4'
[22:32:06.159] [bmv2] [D] [thread 6423] [101.0] [cxt 0] Extracting header 'ipv4'
[22:32:06.159] [bmv2] [D] [thread 6423] [101.0] [cxt 0] Parser set: setting field 'scalars.tmp' from expression, new value is 1
[22:32:06.159] [bmv2] [D] [thread 6423] [101.0] [cxt 0] Parser state 'parse_ipv4': key is 05
[22:32:06.159] [bmv2] [T] [thread 6423] [101.0] [cxt 0] Bytes parsed: 38
[22:32:06.159] [bmv2] [D] [thread 6423] [101.0] [cxt 0] Parser 'parser': end
[22:32:06.159] [bmv2] [D] [thread 6423] [101.0] [cxt 0] Pipeline 'ingress': start
[22:32:06.159] [bmv2] [T] [thread 6423] [101.0] [cxt 0] qos.p4(197) Condition "hdr.ipv4.isValid()" (node_2) is true
[22:32:06.159] [bmv2] [T] [thread 6423] [101.0] [cxt 0] qos.p4(198) Condition "hdr.ipv4_option.isValid()" (node_3) is false
[22:32:06.159] [bmv2] [T] [thread 6423] [101.0] [cxt 0] Applying table 'MyIngress.ipv4_lpm'
[22:32:06.159] [bmv2] [D] [thread 6423] [101.0] [cxt 0] Looking up key:
* hdr.ipv4.dstAddr    : 0a000202

[22:32:06.159] [bmv2] [D] [thread 6423] [101.0] [cxt 0] Table 'MyIngress.ipv4_lpm': hit with handle 0
[22:32:06.159] [bmv2] [D] [thread 6423] [101.0] [cxt 0] Dumping entry 0
Match key:
* hdr.ipv4.dstAddr    : LPM       0a000202/32
Action entry: MyIngress.ipv4_forward - 80000000202,2,

[22:32:06.159] [bmv2] [D] [thread 6423] [101.0] [cxt 0] Action entry is MyIngress.ipv4_forward - 80000000202,2,
[22:32:06.159] [bmv2] [T] [thread 6423] [101.0] [cxt 0] Action MyIngress.ipv4_forward
[22:32:06.159] [bmv2] [T] [thread 6423] [101.0] [cxt 0] qos.p4(175) Primitive standard_metadata.egress_spec = port
[22:32:06.159] [bmv2] [T] [thread 6423] [101.0] [cxt 0] qos.p4(176) Primitive hdr.ethernet.srcAddr = hdr.ethernet.dstAddr
[22:32:06.159] [bmv2] [T] [thread 6423] [101.0] [cxt 0] qos.p4(177) Primitive hdr.ethernet.dstAddr = dstAddr
[22:32:06.159] [bmv2] [T] [thread 6423] [101.0] [cxt 0] qos.p4(178) Primitive hdr.ipv4.ttl = hdr.ipv4.ttl - 1
[22:32:06.159] [bmv2] [D] [thread 6423] [101.0] [cxt 0] Pipeline 'ingress': end
[22:32:06.159] [bmv2] [D] [thread 6423] [101.0] [cxt 0] Egress port is 2
[22:32:06.159] [bmv2] [D] [thread 6426] [101.0] [cxt 0] Pipeline 'egress': start
[22:32:06.159] [bmv2] [D] [thread 6426] [101.0] [cxt 0] Pipeline 'egress': end
[22:32:06.159] [bmv2] [D] [thread 6426] [101.0] [cxt 0] Deparser 'deparser': start
[22:32:06.159] [bmv2] [D] [thread 6426] [101.0] [cxt 0] Updating checksum 'cksum'
[22:32:06.159] [bmv2] [D] [thread 6426] [101.0] [cxt 0] Deparsing header 'ethernet'
[22:32:06.159] [bmv2] [D] [thread 6426] [101.0] [cxt 0] Deparsing header 'vlan'
[22:32:06.159] [bmv2] [D] [thread 6426] [101.0] [cxt 0] Deparsing header 'ipv4'
[22:32:06.159] [bmv2] [D] [thread 6426] [101.0] [cxt 0] Deparser 'deparser': end
[22:32:06.159] [bmv2] [D] [thread 6428] [101.0] [cxt 0] Transmitting packet of size 558 out of port 2
[22:32:06.287] [bmv2] [D] [thread 6423] [102.0] [cxt 0] Processing packet received on port 3
[22:32:06.287] [bmv2] [D] [thread 6423] [102.0] [cxt 0] Parser 'parser': start
[22:32:06.287] [bmv2] [D] [thread 6423] [102.0] [cxt 0] Parser 'parser' entering state 'start'
[22:32:06.287] [bmv2] [D] [thread 6423] [102.0] [cxt 0] Extracting header 'ethernet'
[22:32:06.287] [bmv2] [D] [thread 6423] [102.0] [cxt 0] Parser state 'start': key is 8100
[22:32:06.287] [bmv2] [T] [thread 6423] [102.0] [cxt 0] Bytes parsed: 14
[22:32:06.287] [bmv2] [D] [thread 6423] [102.0] [cxt 0] Parser 'parser' entering state 'parse_vlan'
[22:32:06.287] [bmv2] [D] [thread 6423] [102.0] [cxt 0] Extracting header 'vlan'
[22:32:06.287] [bmv2] [D] [thread 6423] [102.0] [cxt 0] Parser state 'parse_vlan': key is 0800
[22:32:06.287] [bmv2] [T] [thread 6423] [102.0] [cxt 0] Bytes parsed: 18
[22:32:06.287] [bmv2] [D] [thread 6423] [102.0] [cxt 0] Parser 'parser' entering state 'parse_ipv4'
[22:32:06.287] [bmv2] [D] [thread 6423] [102.0] [cxt 0] Extracting header 'ipv4'
[22:32:06.287] [bmv2] [D] [thread 6423] [102.0] [cxt 0] Parser set: setting field 'scalars.tmp' from expression, new value is 1
[22:32:06.287] [bmv2] [D] [thread 6423] [102.0] [cxt 0] Parser state 'parse_ipv4': key is 05
[22:32:06.288] [bmv2] [T] [thread 6423] [102.0] [cxt 0] Bytes parsed: 38
[22:32:06.288] [bmv2] [D] [thread 6423] [102.0] [cxt 0] Parser 'parser': end
[22:32:06.288] [bmv2] [D] [thread 6423] [102.0] [cxt 0] Pipeline 'ingress': start
[22:32:06.288] [bmv2] [T] [thread 6423] [102.0] [cxt 0] qos.p4(197) Condition "hdr.ipv4.isValid()" (node_2) is true
[22:32:06.288] [bmv2] [T] [thread 6423] [102.0] [cxt 0] qos.p4(198) Condition "hdr.ipv4_option.isValid()" (node_3) is false
[22:32:06.288] [bmv2] [T] [thread 6423] [102.0] [cxt 0] Applying table 'MyIngress.ipv4_lpm'
[22:32:06.288] [bmv2] [D] [thread 6423] [102.0] [cxt 0] Looking up key:
* hdr.ipv4.dstAddr    : 0a000202

[22:32:06.288] [bmv2] [D] [thread 6423] [102.0] [cxt 0] Table 'MyIngress.ipv4_lpm': hit with handle 0
[22:32:06.288] [bmv2] [D] [thread 6423] [102.0] [cxt 0] Dumping entry 0
Match key:
* hdr.ipv4.dstAddr    : LPM       0a000202/32
Action entry: MyIngress.ipv4_forward - 80000000202,2,

[22:32:06.288] [bmv2] [D] [thread 6423] [102.0] [cxt 0] Action entry is MyIngress.ipv4_forward - 80000000202,2,
[22:32:06.288] [bmv2] [T] [thread 6423] [102.0] [cxt 0] Action MyIngress.ipv4_forward
[22:32:06.288] [bmv2] [T] [thread 6423] [102.0] [cxt 0] qos.p4(175) Primitive standard_metadata.egress_spec = port
[22:32:06.288] [bmv2] [T] [thread 6423] [102.0] [cxt 0] qos.p4(176) Primitive hdr.ethernet.srcAddr = hdr.ethernet.dstAddr
[22:32:06.288] [bmv2] [T] [thread 6423] [102.0] [cxt 0] qos.p4(177) Primitive hdr.ethernet.dstAddr = dstAddr
[22:32:06.288] [bmv2] [T] [thread 6423] [102.0] [cxt 0] qos.p4(178) Primitive hdr.ipv4.ttl = hdr.ipv4.ttl - 1
[22:32:06.288] [bmv2] [D] [thread 6423] [102.0] [cxt 0] Pipeline 'ingress': end
[22:32:06.288] [bmv2] [D] [thread 6423] [102.0] [cxt 0] Egress port is 2
[22:32:06.288] [bmv2] [D] [thread 6426] [102.0] [cxt 0] Pipeline 'egress': start
[22:32:06.288] [bmv2] [D] [thread 6426] [102.0] [cxt 0] Pipeline 'egress': end
[22:32:06.288] [bmv2] [D] [thread 6426] [102.0] [cxt 0] Deparser 'deparser': start
[22:32:06.288] [bmv2] [D] [thread 6426] [102.0] [cxt 0] Updating checksum 'cksum'
[22:32:06.288] [bmv2] [D] [thread 6426] [102.0] [cxt 0] Deparsing header 'ethernet'
[22:32:06.288] [bmv2] [D] [thread 6426] [102.0] [cxt 0] Deparsing header 'vlan'
[22:32:06.288] [bmv2] [D] [thread 6426] [102.0] [cxt 0] Deparsing header 'ipv4'
[22:32:06.288] [bmv2] [D] [thread 6426] [102.0] [cxt 0] Deparser 'deparser': end
[22:32:06.288] [bmv2] [D] [thread 6428] [102.0] [cxt 0] Transmitting packet of size 558 out of port 2
[22:32:06.408] [bmv2] [D] [thread 6423] [103.0] [cxt 0] Processing packet received on port 3
[22:32:06.408] [bmv2] [D] [thread 6423] [103.0] [cxt 0] Parser 'parser': start
[22:32:06.408] [bmv2] [D] [thread 6423] [103.0] [cxt 0] Parser 'parser' entering state 'start'
[22:32:06.408] [bmv2] [D] [thread 6423] [103.0] [cxt 0] Extracting header 'ethernet'
[22:32:06.408] [bmv2] [D] [thread 6423] [103.0] [cxt 0] Parser state 'start': key is 8100
[22:32:06.408] [bmv2] [T] [thread 6423] [103.0] [cxt 0] Bytes parsed: 14
[22:32:06.408] [bmv2] [D] [thread 6423] [103.0] [cxt 0] Parser 'parser' entering state 'parse_vlan'
[22:32:06.408] [bmv2] [D] [thread 6423] [103.0] [cxt 0] Extracting header 'vlan'
[22:32:06.408] [bmv2] [D] [thread 6423] [103.0] [cxt 0] Parser state 'parse_vlan': key is 0800
[22:32:06.408] [bmv2] [T] [thread 6423] [103.0] [cxt 0] Bytes parsed: 18
[22:32:06.408] [bmv2] [D] [thread 6423] [103.0] [cxt 0] Parser 'parser' entering state 'parse_ipv4'
[22:32:06.408] [bmv2] [D] [thread 6423] [103.0] [cxt 0] Extracting header 'ipv4'
[22:32:06.408] [bmv2] [D] [thread 6423] [103.0] [cxt 0] Parser set: setting field 'scalars.tmp' from expression, new value is 1
[22:32:06.408] [bmv2] [D] [thread 6423] [103.0] [cxt 0] Parser state 'parse_ipv4': key is 05
[22:32:06.408] [bmv2] [T] [thread 6423] [103.0] [cxt 0] Bytes parsed: 38
[22:32:06.408] [bmv2] [D] [thread 6423] [103.0] [cxt 0] Parser 'parser': end
[22:32:06.408] [bmv2] [D] [thread 6423] [103.0] [cxt 0] Pipeline 'ingress': start
[22:32:06.408] [bmv2] [T] [thread 6423] [103.0] [cxt 0] qos.p4(197) Condition "hdr.ipv4.isValid()" (node_2) is true
[22:32:06.408] [bmv2] [T] [thread 6423] [103.0] [cxt 0] qos.p4(198) Condition "hdr.ipv4_option.isValid()" (node_3) is false
[22:32:06.408] [bmv2] [T] [thread 6423] [103.0] [cxt 0] Applying table 'MyIngress.ipv4_lpm'
[22:32:06.409] [bmv2] [D] [thread 6423] [103.0] [cxt 0] Looking up key:
* hdr.ipv4.dstAddr    : 0a000202

[22:32:06.409] [bmv2] [D] [thread 6423] [103.0] [cxt 0] Table 'MyIngress.ipv4_lpm': hit with handle 0
[22:32:06.409] [bmv2] [D] [thread 6423] [103.0] [cxt 0] Dumping entry 0
Match key:
* hdr.ipv4.dstAddr    : LPM       0a000202/32
Action entry: MyIngress.ipv4_forward - 80000000202,2,

[22:32:06.409] [bmv2] [D] [thread 6423] [103.0] [cxt 0] Action entry is MyIngress.ipv4_forward - 80000000202,2,
[22:32:06.409] [bmv2] [T] [thread 6423] [103.0] [cxt 0] Action MyIngress.ipv4_forward
[22:32:06.409] [bmv2] [T] [thread 6423] [103.0] [cxt 0] qos.p4(175) Primitive standard_metadata.egress_spec = port
[22:32:06.409] [bmv2] [T] [thread 6423] [103.0] [cxt 0] qos.p4(176) Primitive hdr.ethernet.srcAddr = hdr.ethernet.dstAddr
[22:32:06.409] [bmv2] [T] [thread 6423] [103.0] [cxt 0] qos.p4(177) Primitive hdr.ethernet.dstAddr = dstAddr
[22:32:06.409] [bmv2] [T] [thread 6423] [103.0] [cxt 0] qos.p4(178) Primitive hdr.ipv4.ttl = hdr.ipv4.ttl - 1
[22:32:06.409] [bmv2] [D] [thread 6423] [103.0] [cxt 0] Pipeline 'ingress': end
[22:32:06.409] [bmv2] [D] [thread 6423] [103.0] [cxt 0] Egress port is 2
[22:32:06.409] [bmv2] [D] [thread 6426] [103.0] [cxt 0] Pipeline 'egress': start
[22:32:06.409] [bmv2] [D] [thread 6426] [103.0] [cxt 0] Pipeline 'egress': end
[22:32:06.409] [bmv2] [D] [thread 6426] [103.0] [cxt 0] Deparser 'deparser': start
[22:32:06.409] [bmv2] [D] [thread 6426] [103.0] [cxt 0] Updating checksum 'cksum'
[22:32:06.409] [bmv2] [D] [thread 6426] [103.0] [cxt 0] Deparsing header 'ethernet'
[22:32:06.409] [bmv2] [D] [thread 6426] [103.0] [cxt 0] Deparsing header 'vlan'
[22:32:06.409] [bmv2] [D] [thread 6426] [103.0] [cxt 0] Deparsing header 'ipv4'
[22:32:06.409] [bmv2] [D] [thread 6426] [103.0] [cxt 0] Deparser 'deparser': end
[22:32:06.409] [bmv2] [D] [thread 6428] [103.0] [cxt 0] Transmitting packet of size 558 out of port 2
[22:32:06.537] [bmv2] [D] [thread 6423] [104.0] [cxt 0] Processing packet received on port 3
[22:32:06.537] [bmv2] [D] [thread 6423] [104.0] [cxt 0] Parser 'parser': start
[22:32:06.537] [bmv2] [D] [thread 6423] [104.0] [cxt 0] Parser 'parser' entering state 'start'
[22:32:06.537] [bmv2] [D] [thread 6423] [104.0] [cxt 0] Extracting header 'ethernet'
[22:32:06.537] [bmv2] [D] [thread 6423] [104.0] [cxt 0] Parser state 'start': key is 8100
[22:32:06.537] [bmv2] [T] [thread 6423] [104.0] [cxt 0] Bytes parsed: 14
[22:32:06.537] [bmv2] [D] [thread 6423] [104.0] [cxt 0] Parser 'parser' entering state 'parse_vlan'
[22:32:06.537] [bmv2] [D] [thread 6423] [104.0] [cxt 0] Extracting header 'vlan'
[22:32:06.537] [bmv2] [D] [thread 6423] [104.0] [cxt 0] Parser state 'parse_vlan': key is 0800
[22:32:06.537] [bmv2] [T] [thread 6423] [104.0] [cxt 0] Bytes parsed: 18
[22:32:06.537] [bmv2] [D] [thread 6423] [104.0] [cxt 0] Parser 'parser' entering state 'parse_ipv4'
[22:32:06.537] [bmv2] [D] [thread 6423] [104.0] [cxt 0] Extracting header 'ipv4'
[22:32:06.537] [bmv2] [D] [thread 6423] [104.0] [cxt 0] Parser set: setting field 'scalars.tmp' from expression, new value is 1
[22:32:06.537] [bmv2] [D] [thread 6423] [104.0] [cxt 0] Parser state 'parse_ipv4': key is 05
[22:32:06.537] [bmv2] [T] [thread 6423] [104.0] [cxt 0] Bytes parsed: 38
[22:32:06.537] [bmv2] [D] [thread 6423] [104.0] [cxt 0] Parser 'parser': end
[22:32:06.537] [bmv2] [D] [thread 6423] [104.0] [cxt 0] Pipeline 'ingress': start
[22:32:06.537] [bmv2] [T] [thread 6423] [104.0] [cxt 0] qos.p4(197) Condition "hdr.ipv4.isValid()" (node_2) is true
[22:32:06.537] [bmv2] [T] [thread 6423] [104.0] [cxt 0] qos.p4(198) Condition "hdr.ipv4_option.isValid()" (node_3) is false
[22:32:06.537] [bmv2] [T] [thread 6423] [104.0] [cxt 0] Applying table 'MyIngress.ipv4_lpm'
[22:32:06.537] [bmv2] [D] [thread 6423] [104.0] [cxt 0] Looking up key:
* hdr.ipv4.dstAddr    : 0a000202

[22:32:06.537] [bmv2] [D] [thread 6423] [104.0] [cxt 0] Table 'MyIngress.ipv4_lpm': hit with handle 0
[22:32:06.537] [bmv2] [D] [thread 6423] [104.0] [cxt 0] Dumping entry 0
Match key:
* hdr.ipv4.dstAddr    : LPM       0a000202/32
Action entry: MyIngress.ipv4_forward - 80000000202,2,

[22:32:06.537] [bmv2] [D] [thread 6423] [104.0] [cxt 0] Action entry is MyIngress.ipv4_forward - 80000000202,2,
[22:32:06.537] [bmv2] [T] [thread 6423] [104.0] [cxt 0] Action MyIngress.ipv4_forward
[22:32:06.537] [bmv2] [T] [thread 6423] [104.0] [cxt 0] qos.p4(175) Primitive standard_metadata.egress_spec = port
[22:32:06.537] [bmv2] [T] [thread 6423] [104.0] [cxt 0] qos.p4(176) Primitive hdr.ethernet.srcAddr = hdr.ethernet.dstAddr
[22:32:06.538] [bmv2] [T] [thread 6423] [104.0] [cxt 0] qos.p4(177) Primitive hdr.ethernet.dstAddr = dstAddr
[22:32:06.538] [bmv2] [T] [thread 6423] [104.0] [cxt 0] qos.p4(178) Primitive hdr.ipv4.ttl = hdr.ipv4.ttl - 1
[22:32:06.538] [bmv2] [D] [thread 6423] [104.0] [cxt 0] Pipeline 'ingress': end
[22:32:06.538] [bmv2] [D] [thread 6423] [104.0] [cxt 0] Egress port is 2
[22:32:06.538] [bmv2] [D] [thread 6426] [104.0] [cxt 0] Pipeline 'egress': start
[22:32:06.538] [bmv2] [D] [thread 6426] [104.0] [cxt 0] Pipeline 'egress': end
[22:32:06.538] [bmv2] [D] [thread 6426] [104.0] [cxt 0] Deparser 'deparser': start
[22:32:06.538] [bmv2] [D] [thread 6426] [104.0] [cxt 0] Updating checksum 'cksum'
[22:32:06.538] [bmv2] [D] [thread 6426] [104.0] [cxt 0] Deparsing header 'ethernet'
[22:32:06.538] [bmv2] [D] [thread 6426] [104.0] [cxt 0] Deparsing header 'vlan'
[22:32:06.538] [bmv2] [D] [thread 6426] [104.0] [cxt 0] Deparsing header 'ipv4'
[22:32:06.538] [bmv2] [D] [thread 6426] [104.0] [cxt 0] Deparser 'deparser': end
[22:32:06.538] [bmv2] [D] [thread 6428] [104.0] [cxt 0] Transmitting packet of size 558 out of port 2
[22:32:06.619] [bmv2] [D] [thread 6423] [105.0] [cxt 0] Processing packet received on port 3
[22:32:06.619] [bmv2] [D] [thread 6423] [105.0] [cxt 0] Parser 'parser': start
[22:32:06.619] [bmv2] [D] [thread 6423] [105.0] [cxt 0] Parser 'parser' entering state 'start'
[22:32:06.619] [bmv2] [D] [thread 6423] [105.0] [cxt 0] Extracting header 'ethernet'
[22:32:06.619] [bmv2] [D] [thread 6423] [105.0] [cxt 0] Parser state 'start': key is 8100
[22:32:06.619] [bmv2] [T] [thread 6423] [105.0] [cxt 0] Bytes parsed: 14
[22:32:06.619] [bmv2] [D] [thread 6423] [105.0] [cxt 0] Parser 'parser' entering state 'parse_vlan'
[22:32:06.619] [bmv2] [D] [thread 6423] [105.0] [cxt 0] Extracting header 'vlan'
[22:32:06.619] [bmv2] [D] [thread 6423] [105.0] [cxt 0] Parser state 'parse_vlan': key is 0800
[22:32:06.620] [bmv2] [T] [thread 6423] [105.0] [cxt 0] Bytes parsed: 18
[22:32:06.620] [bmv2] [D] [thread 6423] [105.0] [cxt 0] Parser 'parser' entering state 'parse_ipv4'
[22:32:06.620] [bmv2] [D] [thread 6423] [105.0] [cxt 0] Extracting header 'ipv4'
[22:32:06.620] [bmv2] [D] [thread 6423] [105.0] [cxt 0] Parser set: setting field 'scalars.tmp' from expression, new value is 1
[22:32:06.620] [bmv2] [D] [thread 6423] [105.0] [cxt 0] Parser state 'parse_ipv4': key is 06
[22:32:06.620] [bmv2] [T] [thread 6423] [105.0] [cxt 0] Bytes parsed: 38
[22:32:06.620] [bmv2] [D] [thread 6423] [105.0] [cxt 0] Parser 'parser' entering state 'parse_ipv4_option'
[22:32:06.620] [bmv2] [D] [thread 6423] [105.0] [cxt 0] Extracting header 'ipv4_option'
[22:32:06.620] [bmv2] [D] [thread 6423] [105.0] [cxt 0] Parser state 'parse_ipv4_option': key is 1f
[22:32:06.620] [bmv2] [T] [thread 6423] [105.0] [cxt 0] Bytes parsed: 40
[22:32:06.620] [bmv2] [D] [thread 6423] [105.0] [cxt 0] Parser 'parser' entering state 'parse_link_qos'
[22:32:06.620] [bmv2] [D] [thread 6423] [105.0] [cxt 0] Extracting header 'link_qos'
[22:32:06.620] [bmv2] [D] [thread 6423] [105.0] [cxt 0] Parser state 'parse_link_qos' has no switch, going to default next state
[22:32:06.620] [bmv2] [T] [thread 6423] [105.0] [cxt 0] Bytes parsed: 42
[22:32:06.620] [bmv2] [D] [thread 6423] [105.0] [cxt 0] Parser 'parser': end
[22:32:06.620] [bmv2] [D] [thread 6423] [105.0] [cxt 0] Pipeline 'ingress': start
[22:32:06.620] [bmv2] [T] [thread 6423] [105.0] [cxt 0] qos.p4(197) Condition "hdr.ipv4.isValid()" (node_2) is true
[22:32:06.620] [bmv2] [T] [thread 6423] [105.0] [cxt 0] qos.p4(198) Condition "hdr.ipv4_option.isValid()" (node_3) is true
[22:32:06.620] [bmv2] [T] [thread 6423] [105.0] [cxt 0] qos.p4(199) Condition "hdr.link_qos.link_qos == TARGET_LINK_QOS" (node_4) is true
[22:32:06.620] [bmv2] [T] [thread 6423] [105.0] [cxt 0] Applying table 'tbl_qos200'
[22:32:06.620] [bmv2] [D] [thread 6423] [105.0] [cxt 0] Looking up key:

[22:32:06.620] [bmv2] [D] [thread 6423] [105.0] [cxt 0] Table 'tbl_qos200': miss
[22:32:06.620] [bmv2] [D] [thread 6423] [105.0] [cxt 0] Action entry is qos200 - 
[22:32:06.620] [bmv2] [T] [thread 6423] [105.0] [cxt 0] Action qos200
[22:32:06.620] [bmv2] [T] [thread 6423] [105.0] [cxt 0] qos.p4(200) Primitive hdr.ipv4.diffserv = (TARGET_DSCP << 2
[22:32:06.620] [bmv2] [T] [thread 6423] [105.0] [cxt 0] qos.p4(28) Primitive 7; ...
[22:32:06.620] [bmv2] [T] [thread 6423] [105.0] [cxt 0] Applying table 'MyIngress.ipv4_lpm'
[22:32:06.620] [bmv2] [D] [thread 6423] [105.0] [cxt 0] Looking up key:
* hdr.ipv4.dstAddr    : 0a000202

[22:32:06.620] [bmv2] [D] [thread 6423] [105.0] [cxt 0] Table 'MyIngress.ipv4_lpm': hit with handle 0
[22:32:06.620] [bmv2] [D] [thread 6423] [105.0] [cxt 0] Dumping entry 0
Match key:
* hdr.ipv4.dstAddr    : LPM       0a000202/32
Action entry: MyIngress.ipv4_forward - 80000000202,2,

[22:32:06.620] [bmv2] [D] [thread 6423] [105.0] [cxt 0] Action entry is MyIngress.ipv4_forward - 80000000202,2,
[22:32:06.620] [bmv2] [T] [thread 6423] [105.0] [cxt 0] Action MyIngress.ipv4_forward
[22:32:06.620] [bmv2] [T] [thread 6423] [105.0] [cxt 0] qos.p4(175) Primitive standard_metadata.egress_spec = port
[22:32:06.620] [bmv2] [T] [thread 6423] [105.0] [cxt 0] qos.p4(176) Primitive hdr.ethernet.srcAddr = hdr.ethernet.dstAddr
[22:32:06.620] [bmv2] [T] [thread 6423] [105.0] [cxt 0] qos.p4(177) Primitive hdr.ethernet.dstAddr = dstAddr
[22:32:06.620] [bmv2] [T] [thread 6423] [105.0] [cxt 0] qos.p4(178) Primitive hdr.ipv4.ttl = hdr.ipv4.ttl - 1
[22:32:06.620] [bmv2] [D] [thread 6423] [105.0] [cxt 0] Pipeline 'ingress': end
[22:32:06.620] [bmv2] [D] [thread 6423] [105.0] [cxt 0] Egress port is 2
[22:32:06.620] [bmv2] [D] [thread 6426] [105.0] [cxt 0] Pipeline 'egress': start
[22:32:06.621] [bmv2] [D] [thread 6426] [105.0] [cxt 0] Pipeline 'egress': end
[22:32:06.621] [bmv2] [D] [thread 6426] [105.0] [cxt 0] Deparser 'deparser': start
[22:32:06.621] [bmv2] [D] [thread 6426] [105.0] [cxt 0] Updating checksum 'cksum'
[22:32:06.621] [bmv2] [D] [thread 6426] [105.0] [cxt 0] Deparsing header 'ethernet'
[22:32:06.621] [bmv2] [D] [thread 6426] [105.0] [cxt 0] Deparsing header 'vlan'
[22:32:06.621] [bmv2] [D] [thread 6426] [105.0] [cxt 0] Deparsing header 'ipv4'
[22:32:06.621] [bmv2] [D] [thread 6426] [105.0] [cxt 0] Deparsing header 'ipv4_option'
[22:32:06.621] [bmv2] [D] [thread 6426] [105.0] [cxt 0] Deparsing header 'link_qos'
[22:32:06.621] [bmv2] [D] [thread 6426] [105.0] [cxt 0] Deparser 'deparser': end
[22:32:06.621] [bmv2] [D] [thread 6428] [105.0] [cxt 0] Transmitting packet of size 562 out of port 2
[22:32:06.661] [bmv2] [D] [thread 6423] [106.0] [cxt 0] Processing packet received on port 3
[22:32:06.661] [bmv2] [D] [thread 6423] [106.0] [cxt 0] Parser 'parser': start
[22:32:06.661] [bmv2] [D] [thread 6423] [106.0] [cxt 0] Parser 'parser' entering state 'start'
[22:32:06.661] [bmv2] [D] [thread 6423] [106.0] [cxt 0] Extracting header 'ethernet'
[22:32:06.661] [bmv2] [D] [thread 6423] [106.0] [cxt 0] Parser state 'start': key is 8100
[22:32:06.661] [bmv2] [T] [thread 6423] [106.0] [cxt 0] Bytes parsed: 14
[22:32:06.661] [bmv2] [D] [thread 6423] [106.0] [cxt 0] Parser 'parser' entering state 'parse_vlan'
[22:32:06.661] [bmv2] [D] [thread 6423] [106.0] [cxt 0] Extracting header 'vlan'
[22:32:06.661] [bmv2] [D] [thread 6423] [106.0] [cxt 0] Parser state 'parse_vlan': key is 0800
[22:32:06.661] [bmv2] [T] [thread 6423] [106.0] [cxt 0] Bytes parsed: 18
[22:32:06.661] [bmv2] [D] [thread 6423] [106.0] [cxt 0] Parser 'parser' entering state 'parse_ipv4'
[22:32:06.661] [bmv2] [D] [thread 6423] [106.0] [cxt 0] Extracting header 'ipv4'
[22:32:06.661] [bmv2] [D] [thread 6423] [106.0] [cxt 0] Parser set: setting field 'scalars.tmp' from expression, new value is 1
[22:32:06.661] [bmv2] [D] [thread 6423] [106.0] [cxt 0] Parser state 'parse_ipv4': key is 05
[22:32:06.661] [bmv2] [T] [thread 6423] [106.0] [cxt 0] Bytes parsed: 38
[22:32:06.661] [bmv2] [D] [thread 6423] [106.0] [cxt 0] Parser 'parser': end
[22:32:06.661] [bmv2] [D] [thread 6423] [106.0] [cxt 0] Pipeline 'ingress': start
[22:32:06.661] [bmv2] [T] [thread 6423] [106.0] [cxt 0] qos.p4(197) Condition "hdr.ipv4.isValid()" (node_2) is true
[22:32:06.661] [bmv2] [T] [thread 6423] [106.0] [cxt 0] qos.p4(198) Condition "hdr.ipv4_option.isValid()" (node_3) is false
[22:32:06.661] [bmv2] [T] [thread 6423] [106.0] [cxt 0] Applying table 'MyIngress.ipv4_lpm'
[22:32:06.661] [bmv2] [D] [thread 6423] [106.0] [cxt 0] Looking up key:
* hdr.ipv4.dstAddr    : 0a000202

[22:32:06.661] [bmv2] [D] [thread 6423] [106.0] [cxt 0] Table 'MyIngress.ipv4_lpm': hit with handle 0
[22:32:06.661] [bmv2] [D] [thread 6423] [106.0] [cxt 0] Dumping entry 0
Match key:
* hdr.ipv4.dstAddr    : LPM       0a000202/32
Action entry: MyIngress.ipv4_forward - 80000000202,2,

[22:32:06.661] [bmv2] [D] [thread 6423] [106.0] [cxt 0] Action entry is MyIngress.ipv4_forward - 80000000202,2,
[22:32:06.661] [bmv2] [T] [thread 6423] [106.0] [cxt 0] Action MyIngress.ipv4_forward
[22:32:06.661] [bmv2] [T] [thread 6423] [106.0] [cxt 0] qos.p4(175) Primitive standard_metadata.egress_spec = port
[22:32:06.661] [bmv2] [T] [thread 6423] [106.0] [cxt 0] qos.p4(176) Primitive hdr.ethernet.srcAddr = hdr.ethernet.dstAddr
[22:32:06.661] [bmv2] [T] [thread 6423] [106.0] [cxt 0] qos.p4(177) Primitive hdr.ethernet.dstAddr = dstAddr
[22:32:06.661] [bmv2] [T] [thread 6423] [106.0] [cxt 0] qos.p4(178) Primitive hdr.ipv4.ttl = hdr.ipv4.ttl - 1
[22:32:06.661] [bmv2] [D] [thread 6423] [106.0] [cxt 0] Pipeline 'ingress': end
[22:32:06.661] [bmv2] [D] [thread 6423] [106.0] [cxt 0] Egress port is 2
[22:32:06.661] [bmv2] [D] [thread 6426] [106.0] [cxt 0] Pipeline 'egress': start
[22:32:06.661] [bmv2] [D] [thread 6426] [106.0] [cxt 0] Pipeline 'egress': end
[22:32:06.661] [bmv2] [D] [thread 6426] [106.0] [cxt 0] Deparser 'deparser': start
[22:32:06.661] [bmv2] [D] [thread 6426] [106.0] [cxt 0] Updating checksum 'cksum'
[22:32:06.661] [bmv2] [D] [thread 6426] [106.0] [cxt 0] Deparsing header 'ethernet'
[22:32:06.662] [bmv2] [D] [thread 6426] [106.0] [cxt 0] Deparsing header 'vlan'
[22:32:06.662] [bmv2] [D] [thread 6426] [106.0] [cxt 0] Deparsing header 'ipv4'
[22:32:06.662] [bmv2] [D] [thread 6426] [106.0] [cxt 0] Deparser 'deparser': end
[22:32:06.662] [bmv2] [D] [thread 6428] [106.0] [cxt 0] Transmitting packet of size 558 out of port 2
[22:32:06.786] [bmv2] [D] [thread 6423] [107.0] [cxt 0] Processing packet received on port 3
[22:32:06.786] [bmv2] [D] [thread 6423] [107.0] [cxt 0] Parser 'parser': start
[22:32:06.786] [bmv2] [D] [thread 6423] [107.0] [cxt 0] Parser 'parser' entering state 'start'
[22:32:06.786] [bmv2] [D] [thread 6423] [107.0] [cxt 0] Extracting header 'ethernet'
[22:32:06.786] [bmv2] [D] [thread 6423] [107.0] [cxt 0] Parser state 'start': key is 8100
[22:32:06.787] [bmv2] [T] [thread 6423] [107.0] [cxt 0] Bytes parsed: 14
[22:32:06.787] [bmv2] [D] [thread 6423] [107.0] [cxt 0] Parser 'parser' entering state 'parse_vlan'
[22:32:06.787] [bmv2] [D] [thread 6423] [107.0] [cxt 0] Extracting header 'vlan'
[22:32:06.787] [bmv2] [D] [thread 6423] [107.0] [cxt 0] Parser state 'parse_vlan': key is 0800
[22:32:06.787] [bmv2] [T] [thread 6423] [107.0] [cxt 0] Bytes parsed: 18
[22:32:06.787] [bmv2] [D] [thread 6423] [107.0] [cxt 0] Parser 'parser' entering state 'parse_ipv4'
[22:32:06.787] [bmv2] [D] [thread 6423] [107.0] [cxt 0] Extracting header 'ipv4'
[22:32:06.787] [bmv2] [D] [thread 6423] [107.0] [cxt 0] Parser set: setting field 'scalars.tmp' from expression, new value is 1
[22:32:06.787] [bmv2] [D] [thread 6423] [107.0] [cxt 0] Parser state 'parse_ipv4': key is 05
[22:32:06.787] [bmv2] [T] [thread 6423] [107.0] [cxt 0] Bytes parsed: 38
[22:32:06.787] [bmv2] [D] [thread 6423] [107.0] [cxt 0] Parser 'parser': end
[22:32:06.787] [bmv2] [D] [thread 6423] [107.0] [cxt 0] Pipeline 'ingress': start
[22:32:06.787] [bmv2] [T] [thread 6423] [107.0] [cxt 0] qos.p4(197) Condition "hdr.ipv4.isValid()" (node_2) is true
[22:32:06.787] [bmv2] [T] [thread 6423] [107.0] [cxt 0] qos.p4(198) Condition "hdr.ipv4_option.isValid()" (node_3) is false
[22:32:06.787] [bmv2] [T] [thread 6423] [107.0] [cxt 0] Applying table 'MyIngress.ipv4_lpm'
[22:32:06.787] [bmv2] [D] [thread 6423] [107.0] [cxt 0] Looking up key:
* hdr.ipv4.dstAddr    : 0a000202

[22:32:06.787] [bmv2] [D] [thread 6423] [107.0] [cxt 0] Table 'MyIngress.ipv4_lpm': hit with handle 0
[22:32:06.787] [bmv2] [D] [thread 6423] [107.0] [cxt 0] Dumping entry 0
Match key:
* hdr.ipv4.dstAddr    : LPM       0a000202/32
Action entry: MyIngress.ipv4_forward - 80000000202,2,

[22:32:06.787] [bmv2] [D] [thread 6423] [107.0] [cxt 0] Action entry is MyIngress.ipv4_forward - 80000000202,2,
[22:32:06.787] [bmv2] [T] [thread 6423] [107.0] [cxt 0] Action MyIngress.ipv4_forward
[22:32:06.787] [bmv2] [T] [thread 6423] [107.0] [cxt 0] qos.p4(175) Primitive standard_metadata.egress_spec = port
[22:32:06.787] [bmv2] [T] [thread 6423] [107.0] [cxt 0] qos.p4(176) Primitive hdr.ethernet.srcAddr = hdr.ethernet.dstAddr
[22:32:06.787] [bmv2] [T] [thread 6423] [107.0] [cxt 0] qos.p4(177) Primitive hdr.ethernet.dstAddr = dstAddr
[22:32:06.787] [bmv2] [T] [thread 6423] [107.0] [cxt 0] qos.p4(178) Primitive hdr.ipv4.ttl = hdr.ipv4.ttl - 1
[22:32:06.787] [bmv2] [D] [thread 6423] [107.0] [cxt 0] Pipeline 'ingress': end
[22:32:06.787] [bmv2] [D] [thread 6423] [107.0] [cxt 0] Egress port is 2
[22:32:06.788] [bmv2] [D] [thread 6426] [107.0] [cxt 0] Pipeline 'egress': start
[22:32:06.788] [bmv2] [D] [thread 6426] [107.0] [cxt 0] Pipeline 'egress': end
[22:32:06.788] [bmv2] [D] [thread 6426] [107.0] [cxt 0] Deparser 'deparser': start
[22:32:06.788] [bmv2] [D] [thread 6426] [107.0] [cxt 0] Updating checksum 'cksum'
[22:32:06.788] [bmv2] [D] [thread 6426] [107.0] [cxt 0] Deparsing header 'ethernet'
[22:32:06.788] [bmv2] [D] [thread 6426] [107.0] [cxt 0] Deparsing header 'vlan'
[22:32:06.788] [bmv2] [D] [thread 6426] [107.0] [cxt 0] Deparsing header 'ipv4'
[22:32:06.788] [bmv2] [D] [thread 6426] [107.0] [cxt 0] Deparser 'deparser': end
[22:32:06.788] [bmv2] [D] [thread 6428] [107.0] [cxt 0] Transmitting packet of size 558 out of port 2
[22:32:06.837] [bmv2] [D] [thread 6423] [108.0] [cxt 0] Processing packet received on port 4
[22:32:06.837] [bmv2] [D] [thread 6423] [108.0] [cxt 0] Parser 'parser': start
[22:32:06.837] [bmv2] [D] [thread 6423] [108.0] [cxt 0] Parser 'parser' entering state 'start'
[22:32:06.837] [bmv2] [D] [thread 6423] [108.0] [cxt 0] Extracting header 'ethernet'
[22:32:06.837] [bmv2] [D] [thread 6423] [108.0] [cxt 0] Parser state 'start': key is 86dd
[22:32:06.837] [bmv2] [T] [thread 6423] [108.0] [cxt 0] Bytes parsed: 14
[22:32:06.837] [bmv2] [D] [thread 6423] [108.0] [cxt 0] Parser 'parser': end
[22:32:06.837] [bmv2] [D] [thread 6423] [108.0] [cxt 0] Pipeline 'ingress': start
[22:32:06.837] [bmv2] [T] [thread 6423] [108.0] [cxt 0] qos.p4(197) Condition "hdr.ipv4.isValid()" (node_2) is false
[22:32:06.838] [bmv2] [D] [thread 6423] [108.0] [cxt 0] Pipeline 'ingress': end
[22:32:06.838] [bmv2] [D] [thread 6423] [108.0] [cxt 0] Egress port is 0
[22:32:06.838] [bmv2] [D] [thread 6424] [108.0] [cxt 0] Pipeline 'egress': start
[22:32:06.838] [bmv2] [D] [thread 6424] [108.0] [cxt 0] Pipeline 'egress': end
[22:32:06.838] [bmv2] [D] [thread 6424] [108.0] [cxt 0] Deparser 'deparser': start
[22:32:06.838] [bmv2] [T] [thread 6424] [108.0] [cxt 0] Skipping checksum 'cksum' update because condition not met
[22:32:06.838] [bmv2] [D] [thread 6424] [108.0] [cxt 0] Deparsing header 'ethernet'
[22:32:06.838] [bmv2] [D] [thread 6424] [108.0] [cxt 0] Deparser 'deparser': end
[22:32:06.839] [bmv2] [D] [thread 6428] [108.0] [cxt 0] Transmitting packet of size 70 out of port 0
[22:32:06.914] [bmv2] [D] [thread 6423] [109.0] [cxt 0] Processing packet received on port 3
[22:32:06.914] [bmv2] [D] [thread 6423] [109.0] [cxt 0] Parser 'parser': start
[22:32:06.914] [bmv2] [D] [thread 6423] [109.0] [cxt 0] Parser 'parser' entering state 'start'
[22:32:06.914] [bmv2] [D] [thread 6423] [109.0] [cxt 0] Extracting header 'ethernet'
[22:32:06.914] [bmv2] [D] [thread 6423] [109.0] [cxt 0] Parser state 'start': key is 8100
[22:32:06.914] [bmv2] [T] [thread 6423] [109.0] [cxt 0] Bytes parsed: 14
[22:32:06.914] [bmv2] [D] [thread 6423] [109.0] [cxt 0] Parser 'parser' entering state 'parse_vlan'
[22:32:06.914] [bmv2] [D] [thread 6423] [109.0] [cxt 0] Extracting header 'vlan'
[22:32:06.914] [bmv2] [D] [thread 6423] [109.0] [cxt 0] Parser state 'parse_vlan': key is 0800
[22:32:06.914] [bmv2] [T] [thread 6423] [109.0] [cxt 0] Bytes parsed: 18
[22:32:06.914] [bmv2] [D] [thread 6423] [109.0] [cxt 0] Parser 'parser' entering state 'parse_ipv4'
[22:32:06.914] [bmv2] [D] [thread 6423] [109.0] [cxt 0] Extracting header 'ipv4'
[22:32:06.914] [bmv2] [D] [thread 6423] [109.0] [cxt 0] Parser set: setting field 'scalars.tmp' from expression, new value is 1
[22:32:06.914] [bmv2] [D] [thread 6423] [109.0] [cxt 0] Parser state 'parse_ipv4': key is 05
[22:32:06.914] [bmv2] [T] [thread 6423] [109.0] [cxt 0] Bytes parsed: 38
[22:32:06.914] [bmv2] [D] [thread 6423] [109.0] [cxt 0] Parser 'parser': end
[22:32:06.914] [bmv2] [D] [thread 6423] [109.0] [cxt 0] Pipeline 'ingress': start
[22:32:06.914] [bmv2] [T] [thread 6423] [109.0] [cxt 0] qos.p4(197) Condition "hdr.ipv4.isValid()" (node_2) is true
[22:32:06.914] [bmv2] [T] [thread 6423] [109.0] [cxt 0] qos.p4(198) Condition "hdr.ipv4_option.isValid()" (node_3) is false
[22:32:06.914] [bmv2] [T] [thread 6423] [109.0] [cxt 0] Applying table 'MyIngress.ipv4_lpm'
[22:32:06.914] [bmv2] [D] [thread 6423] [109.0] [cxt 0] Looking up key:
* hdr.ipv4.dstAddr    : 0a000202

[22:32:06.914] [bmv2] [D] [thread 6423] [109.0] [cxt 0] Table 'MyIngress.ipv4_lpm': hit with handle 0
[22:32:06.914] [bmv2] [D] [thread 6423] [109.0] [cxt 0] Dumping entry 0
Match key:
* hdr.ipv4.dstAddr    : LPM       0a000202/32
Action entry: MyIngress.ipv4_forward - 80000000202,2,

[22:32:06.914] [bmv2] [D] [thread 6423] [109.0] [cxt 0] Action entry is MyIngress.ipv4_forward - 80000000202,2,
[22:32:06.914] [bmv2] [T] [thread 6423] [109.0] [cxt 0] Action MyIngress.ipv4_forward
[22:32:06.914] [bmv2] [T] [thread 6423] [109.0] [cxt 0] qos.p4(175) Primitive standard_metadata.egress_spec = port
[22:32:06.914] [bmv2] [T] [thread 6423] [109.0] [cxt 0] qos.p4(176) Primitive hdr.ethernet.srcAddr = hdr.ethernet.dstAddr
[22:32:06.914] [bmv2] [T] [thread 6423] [109.0] [cxt 0] qos.p4(177) Primitive hdr.ethernet.dstAddr = dstAddr
[22:32:06.914] [bmv2] [T] [thread 6423] [109.0] [cxt 0] qos.p4(178) Primitive hdr.ipv4.ttl = hdr.ipv4.ttl - 1
[22:32:06.914] [bmv2] [D] [thread 6423] [109.0] [cxt 0] Pipeline 'ingress': end
[22:32:06.914] [bmv2] [D] [thread 6423] [109.0] [cxt 0] Egress port is 2
[22:32:06.915] [bmv2] [D] [thread 6426] [109.0] [cxt 0] Pipeline 'egress': start
[22:32:06.915] [bmv2] [D] [thread 6426] [109.0] [cxt 0] Pipeline 'egress': end
[22:32:06.915] [bmv2] [D] [thread 6426] [109.0] [cxt 0] Deparser 'deparser': start
[22:32:06.915] [bmv2] [D] [thread 6426] [109.0] [cxt 0] Updating checksum 'cksum'
[22:32:06.915] [bmv2] [D] [thread 6426] [109.0] [cxt 0] Deparsing header 'ethernet'
[22:32:06.915] [bmv2] [D] [thread 6426] [109.0] [cxt 0] Deparsing header 'vlan'
[22:32:06.915] [bmv2] [D] [thread 6426] [109.0] [cxt 0] Deparsing header 'ipv4'
[22:32:06.915] [bmv2] [D] [thread 6426] [109.0] [cxt 0] Deparser 'deparser': end
[22:32:06.915] [bmv2] [D] [thread 6428] [109.0] [cxt 0] Transmitting packet of size 558 out of port 2
[22:32:06.969] [bmv2] [D] [thread 6423] [110.0] [cxt 0] Processing packet received on port 3
[22:32:06.969] [bmv2] [D] [thread 6423] [110.0] [cxt 0] Parser 'parser': start
[22:32:06.969] [bmv2] [D] [thread 6423] [110.0] [cxt 0] Parser 'parser' entering state 'start'
[22:32:06.969] [bmv2] [D] [thread 6423] [110.0] [cxt 0] Extracting header 'ethernet'
[22:32:06.969] [bmv2] [D] [thread 6423] [110.0] [cxt 0] Parser state 'start': key is 8100
[22:32:06.969] [bmv2] [T] [thread 6423] [110.0] [cxt 0] Bytes parsed: 14
[22:32:06.969] [bmv2] [D] [thread 6423] [110.0] [cxt 0] Parser 'parser' entering state 'parse_vlan'
[22:32:06.969] [bmv2] [D] [thread 6423] [110.0] [cxt 0] Extracting header 'vlan'
[22:32:06.969] [bmv2] [D] [thread 6423] [110.0] [cxt 0] Parser state 'parse_vlan': key is 0800
[22:32:06.969] [bmv2] [T] [thread 6423] [110.0] [cxt 0] Bytes parsed: 18
[22:32:06.969] [bmv2] [D] [thread 6423] [110.0] [cxt 0] Parser 'parser' entering state 'parse_ipv4'
[22:32:06.969] [bmv2] [D] [thread 6423] [110.0] [cxt 0] Extracting header 'ipv4'
[22:32:06.969] [bmv2] [D] [thread 6423] [110.0] [cxt 0] Parser set: setting field 'scalars.tmp' from expression, new value is 1
[22:32:06.969] [bmv2] [D] [thread 6423] [110.0] [cxt 0] Parser state 'parse_ipv4': key is 05
[22:32:06.969] [bmv2] [T] [thread 6423] [110.0] [cxt 0] Bytes parsed: 38
[22:32:06.969] [bmv2] [D] [thread 6423] [110.0] [cxt 0] Parser 'parser': end
[22:32:06.969] [bmv2] [D] [thread 6423] [110.0] [cxt 0] Pipeline 'ingress': start
[22:32:06.969] [bmv2] [T] [thread 6423] [110.0] [cxt 0] qos.p4(197) Condition "hdr.ipv4.isValid()" (node_2) is true
[22:32:06.969] [bmv2] [T] [thread 6423] [110.0] [cxt 0] qos.p4(198) Condition "hdr.ipv4_option.isValid()" (node_3) is false
[22:32:06.969] [bmv2] [T] [thread 6423] [110.0] [cxt 0] Applying table 'MyIngress.ipv4_lpm'
[22:32:06.969] [bmv2] [D] [thread 6423] [110.0] [cxt 0] Looking up key:
* hdr.ipv4.dstAddr    : 0a000202

[22:32:06.969] [bmv2] [D] [thread 6423] [110.0] [cxt 0] Table 'MyIngress.ipv4_lpm': hit with handle 0
[22:32:06.970] [bmv2] [D] [thread 6423] [110.0] [cxt 0] Dumping entry 0
Match key:
* hdr.ipv4.dstAddr    : LPM       0a000202/32
Action entry: MyIngress.ipv4_forward - 80000000202,2,

[22:32:06.970] [bmv2] [D] [thread 6423] [110.0] [cxt 0] Action entry is MyIngress.ipv4_forward - 80000000202,2,
[22:32:06.970] [bmv2] [T] [thread 6423] [110.0] [cxt 0] Action MyIngress.ipv4_forward
[22:32:06.970] [bmv2] [T] [thread 6423] [110.0] [cxt 0] qos.p4(175) Primitive standard_metadata.egress_spec = port
[22:32:06.970] [bmv2] [T] [thread 6423] [110.0] [cxt 0] qos.p4(176) Primitive hdr.ethernet.srcAddr = hdr.ethernet.dstAddr
[22:32:06.970] [bmv2] [T] [thread 6423] [110.0] [cxt 0] qos.p4(177) Primitive hdr.ethernet.dstAddr = dstAddr
[22:32:06.970] [bmv2] [T] [thread 6423] [110.0] [cxt 0] qos.p4(178) Primitive hdr.ipv4.ttl = hdr.ipv4.ttl - 1
[22:32:06.970] [bmv2] [D] [thread 6423] [110.0] [cxt 0] Pipeline 'ingress': end
[22:32:06.970] [bmv2] [D] [thread 6423] [110.0] [cxt 0] Egress port is 2
[22:32:06.970] [bmv2] [D] [thread 6426] [110.0] [cxt 0] Pipeline 'egress': start
[22:32:06.970] [bmv2] [D] [thread 6426] [110.0] [cxt 0] Pipeline 'egress': end
[22:32:06.970] [bmv2] [D] [thread 6426] [110.0] [cxt 0] Deparser 'deparser': start
[22:32:06.970] [bmv2] [D] [thread 6426] [110.0] [cxt 0] Updating checksum 'cksum'
[22:32:06.970] [bmv2] [D] [thread 6426] [110.0] [cxt 0] Deparsing header 'ethernet'
[22:32:06.970] [bmv2] [D] [thread 6426] [110.0] [cxt 0] Deparsing header 'vlan'
[22:32:06.970] [bmv2] [D] [thread 6426] [110.0] [cxt 0] Deparsing header 'ipv4'
[22:32:06.970] [bmv2] [D] [thread 6426] [110.0] [cxt 0] Deparser 'deparser': end
[22:32:06.970] [bmv2] [D] [thread 6428] [110.0] [cxt 0] Transmitting packet of size 558 out of port 2
[22:32:07.034] [bmv2] [D] [thread 6423] [111.0] [cxt 0] Processing packet received on port 3
[22:32:07.035] [bmv2] [D] [thread 6423] [111.0] [cxt 0] Parser 'parser': start
[22:32:07.035] [bmv2] [D] [thread 6423] [111.0] [cxt 0] Parser 'parser' entering state 'start'
[22:32:07.035] [bmv2] [D] [thread 6423] [111.0] [cxt 0] Extracting header 'ethernet'
[22:32:07.035] [bmv2] [D] [thread 6423] [111.0] [cxt 0] Parser state 'start': key is 8100
[22:32:07.035] [bmv2] [T] [thread 6423] [111.0] [cxt 0] Bytes parsed: 14
[22:32:07.035] [bmv2] [D] [thread 6423] [111.0] [cxt 0] Parser 'parser' entering state 'parse_vlan'
[22:32:07.035] [bmv2] [D] [thread 6423] [111.0] [cxt 0] Extracting header 'vlan'
[22:32:07.035] [bmv2] [D] [thread 6423] [111.0] [cxt 0] Parser state 'parse_vlan': key is 0800
[22:32:07.035] [bmv2] [T] [thread 6423] [111.0] [cxt 0] Bytes parsed: 18
[22:32:07.035] [bmv2] [D] [thread 6423] [111.0] [cxt 0] Parser 'parser' entering state 'parse_ipv4'
[22:32:07.035] [bmv2] [D] [thread 6423] [111.0] [cxt 0] Extracting header 'ipv4'
[22:32:07.035] [bmv2] [D] [thread 6423] [111.0] [cxt 0] Parser set: setting field 'scalars.tmp' from expression, new value is 1
[22:32:07.035] [bmv2] [D] [thread 6423] [111.0] [cxt 0] Parser state 'parse_ipv4': key is 05
[22:32:07.035] [bmv2] [T] [thread 6423] [111.0] [cxt 0] Bytes parsed: 38
[22:32:07.035] [bmv2] [D] [thread 6423] [111.0] [cxt 0] Parser 'parser': end
[22:32:07.035] [bmv2] [D] [thread 6423] [111.0] [cxt 0] Pipeline 'ingress': start
[22:32:07.035] [bmv2] [T] [thread 6423] [111.0] [cxt 0] qos.p4(197) Condition "hdr.ipv4.isValid()" (node_2) is true
[22:32:07.035] [bmv2] [T] [thread 6423] [111.0] [cxt 0] qos.p4(198) Condition "hdr.ipv4_option.isValid()" (node_3) is false
[22:32:07.035] [bmv2] [T] [thread 6423] [111.0] [cxt 0] Applying table 'MyIngress.ipv4_lpm'
[22:32:07.035] [bmv2] [D] [thread 6423] [111.0] [cxt 0] Looking up key:
* hdr.ipv4.dstAddr    : 0a000202

[22:32:07.035] [bmv2] [D] [thread 6423] [111.0] [cxt 0] Table 'MyIngress.ipv4_lpm': hit with handle 0
[22:32:07.035] [bmv2] [D] [thread 6423] [111.0] [cxt 0] Dumping entry 0
Match key:
* hdr.ipv4.dstAddr    : LPM       0a000202/32
Action entry: MyIngress.ipv4_forward - 80000000202,2,

[22:32:07.035] [bmv2] [D] [thread 6423] [111.0] [cxt 0] Action entry is MyIngress.ipv4_forward - 80000000202,2,
[22:32:07.035] [bmv2] [T] [thread 6423] [111.0] [cxt 0] Action MyIngress.ipv4_forward
[22:32:07.035] [bmv2] [T] [thread 6423] [111.0] [cxt 0] qos.p4(175) Primitive standard_metadata.egress_spec = port
[22:32:07.035] [bmv2] [T] [thread 6423] [111.0] [cxt 0] qos.p4(176) Primitive hdr.ethernet.srcAddr = hdr.ethernet.dstAddr
[22:32:07.035] [bmv2] [T] [thread 6423] [111.0] [cxt 0] qos.p4(177) Primitive hdr.ethernet.dstAddr = dstAddr
[22:32:07.035] [bmv2] [T] [thread 6423] [111.0] [cxt 0] qos.p4(178) Primitive hdr.ipv4.ttl = hdr.ipv4.ttl - 1
[22:32:07.035] [bmv2] [D] [thread 6423] [111.0] [cxt 0] Pipeline 'ingress': end
[22:32:07.035] [bmv2] [D] [thread 6423] [111.0] [cxt 0] Egress port is 2
[22:32:07.035] [bmv2] [D] [thread 6426] [111.0] [cxt 0] Pipeline 'egress': start
[22:32:07.035] [bmv2] [D] [thread 6426] [111.0] [cxt 0] Pipeline 'egress': end
[22:32:07.035] [bmv2] [D] [thread 6426] [111.0] [cxt 0] Deparser 'deparser': start
[22:32:07.035] [bmv2] [D] [thread 6426] [111.0] [cxt 0] Updating checksum 'cksum'
[22:32:07.035] [bmv2] [D] [thread 6426] [111.0] [cxt 0] Deparsing header 'ethernet'
[22:32:07.035] [bmv2] [D] [thread 6426] [111.0] [cxt 0] Deparsing header 'vlan'
[22:32:07.035] [bmv2] [D] [thread 6426] [111.0] [cxt 0] Deparsing header 'ipv4'
[22:32:07.036] [bmv2] [D] [thread 6426] [111.0] [cxt 0] Deparser 'deparser': end
[22:32:07.036] [bmv2] [D] [thread 6428] [111.0] [cxt 0] Transmitting packet of size 558 out of port 2
[22:32:07.157] [bmv2] [D] [thread 6423] [112.0] [cxt 0] Processing packet received on port 3
[22:32:07.157] [bmv2] [D] [thread 6423] [112.0] [cxt 0] Parser 'parser': start
[22:32:07.157] [bmv2] [D] [thread 6423] [112.0] [cxt 0] Parser 'parser' entering state 'start'
[22:32:07.157] [bmv2] [D] [thread 6423] [112.0] [cxt 0] Extracting header 'ethernet'
[22:32:07.157] [bmv2] [D] [thread 6423] [112.0] [cxt 0] Parser state 'start': key is 8100
[22:32:07.157] [bmv2] [T] [thread 6423] [112.0] [cxt 0] Bytes parsed: 14
[22:32:07.157] [bmv2] [D] [thread 6423] [112.0] [cxt 0] Parser 'parser' entering state 'parse_vlan'
[22:32:07.157] [bmv2] [D] [thread 6423] [112.0] [cxt 0] Extracting header 'vlan'
[22:32:07.157] [bmv2] [D] [thread 6423] [112.0] [cxt 0] Parser state 'parse_vlan': key is 0800
[22:32:07.158] [bmv2] [T] [thread 6423] [112.0] [cxt 0] Bytes parsed: 18
[22:32:07.158] [bmv2] [D] [thread 6423] [112.0] [cxt 0] Parser 'parser' entering state 'parse_ipv4'
[22:32:07.158] [bmv2] [D] [thread 6423] [112.0] [cxt 0] Extracting header 'ipv4'
[22:32:07.158] [bmv2] [D] [thread 6423] [112.0] [cxt 0] Parser set: setting field 'scalars.tmp' from expression, new value is 1
[22:32:07.158] [bmv2] [D] [thread 6423] [112.0] [cxt 0] Parser state 'parse_ipv4': key is 05
[22:32:07.158] [bmv2] [T] [thread 6423] [112.0] [cxt 0] Bytes parsed: 38
[22:32:07.158] [bmv2] [D] [thread 6423] [112.0] [cxt 0] Parser 'parser': end
[22:32:07.158] [bmv2] [D] [thread 6423] [112.0] [cxt 0] Pipeline 'ingress': start
[22:32:07.158] [bmv2] [T] [thread 6423] [112.0] [cxt 0] qos.p4(197) Condition "hdr.ipv4.isValid()" (node_2) is true
[22:32:07.158] [bmv2] [T] [thread 6423] [112.0] [cxt 0] qos.p4(198) Condition "hdr.ipv4_option.isValid()" (node_3) is false
[22:32:07.158] [bmv2] [T] [thread 6423] [112.0] [cxt 0] Applying table 'MyIngress.ipv4_lpm'
[22:32:07.158] [bmv2] [D] [thread 6423] [112.0] [cxt 0] Looking up key:
* hdr.ipv4.dstAddr    : 0a000202

[22:32:07.158] [bmv2] [D] [thread 6423] [112.0] [cxt 0] Table 'MyIngress.ipv4_lpm': hit with handle 0
[22:32:07.158] [bmv2] [D] [thread 6423] [112.0] [cxt 0] Dumping entry 0
Match key:
* hdr.ipv4.dstAddr    : LPM       0a000202/32
Action entry: MyIngress.ipv4_forward - 80000000202,2,

[22:32:07.158] [bmv2] [D] [thread 6423] [112.0] [cxt 0] Action entry is MyIngress.ipv4_forward - 80000000202,2,
[22:32:07.158] [bmv2] [T] [thread 6423] [112.0] [cxt 0] Action MyIngress.ipv4_forward
[22:32:07.158] [bmv2] [T] [thread 6423] [112.0] [cxt 0] qos.p4(175) Primitive standard_metadata.egress_spec = port
[22:32:07.158] [bmv2] [T] [thread 6423] [112.0] [cxt 0] qos.p4(176) Primitive hdr.ethernet.srcAddr = hdr.ethernet.dstAddr
[22:32:07.158] [bmv2] [T] [thread 6423] [112.0] [cxt 0] qos.p4(177) Primitive hdr.ethernet.dstAddr = dstAddr
[22:32:07.158] [bmv2] [T] [thread 6423] [112.0] [cxt 0] qos.p4(178) Primitive hdr.ipv4.ttl = hdr.ipv4.ttl - 1
[22:32:07.158] [bmv2] [D] [thread 6423] [112.0] [cxt 0] Pipeline 'ingress': end
[22:32:07.158] [bmv2] [D] [thread 6423] [112.0] [cxt 0] Egress port is 2
[22:32:07.158] [bmv2] [D] [thread 6426] [112.0] [cxt 0] Pipeline 'egress': start
[22:32:07.158] [bmv2] [D] [thread 6426] [112.0] [cxt 0] Pipeline 'egress': end
[22:32:07.158] [bmv2] [D] [thread 6426] [112.0] [cxt 0] Deparser 'deparser': start
[22:32:07.158] [bmv2] [D] [thread 6426] [112.0] [cxt 0] Updating checksum 'cksum'
[22:32:07.158] [bmv2] [D] [thread 6426] [112.0] [cxt 0] Deparsing header 'ethernet'
[22:32:07.158] [bmv2] [D] [thread 6426] [112.0] [cxt 0] Deparsing header 'vlan'
[22:32:07.158] [bmv2] [D] [thread 6426] [112.0] [cxt 0] Deparsing header 'ipv4'
[22:32:07.158] [bmv2] [D] [thread 6426] [112.0] [cxt 0] Deparser 'deparser': end
[22:32:07.159] [bmv2] [D] [thread 6428] [112.0] [cxt 0] Transmitting packet of size 558 out of port 2
[22:32:07.283] [bmv2] [D] [thread 6423] [113.0] [cxt 0] Processing packet received on port 3
[22:32:07.283] [bmv2] [D] [thread 6423] [113.0] [cxt 0] Parser 'parser': start
[22:32:07.283] [bmv2] [D] [thread 6423] [113.0] [cxt 0] Parser 'parser' entering state 'start'
[22:32:07.283] [bmv2] [D] [thread 6423] [113.0] [cxt 0] Extracting header 'ethernet'
[22:32:07.283] [bmv2] [D] [thread 6423] [113.0] [cxt 0] Parser state 'start': key is 8100
[22:32:07.283] [bmv2] [T] [thread 6423] [113.0] [cxt 0] Bytes parsed: 14
[22:32:07.283] [bmv2] [D] [thread 6423] [113.0] [cxt 0] Parser 'parser' entering state 'parse_vlan'
[22:32:07.283] [bmv2] [D] [thread 6423] [113.0] [cxt 0] Extracting header 'vlan'
[22:32:07.283] [bmv2] [D] [thread 6423] [113.0] [cxt 0] Parser state 'parse_vlan': key is 0800
[22:32:07.283] [bmv2] [T] [thread 6423] [113.0] [cxt 0] Bytes parsed: 18
[22:32:07.284] [bmv2] [D] [thread 6423] [113.0] [cxt 0] Parser 'parser' entering state 'parse_ipv4'
[22:32:07.284] [bmv2] [D] [thread 6423] [113.0] [cxt 0] Extracting header 'ipv4'
[22:32:07.284] [bmv2] [D] [thread 6423] [113.0] [cxt 0] Parser set: setting field 'scalars.tmp' from expression, new value is 1
[22:32:07.284] [bmv2] [D] [thread 6423] [113.0] [cxt 0] Parser state 'parse_ipv4': key is 05
[22:32:07.284] [bmv2] [T] [thread 6423] [113.0] [cxt 0] Bytes parsed: 38
[22:32:07.284] [bmv2] [D] [thread 6423] [113.0] [cxt 0] Parser 'parser': end
[22:32:07.284] [bmv2] [D] [thread 6423] [113.0] [cxt 0] Pipeline 'ingress': start
[22:32:07.284] [bmv2] [T] [thread 6423] [113.0] [cxt 0] qos.p4(197) Condition "hdr.ipv4.isValid()" (node_2) is true
[22:32:07.284] [bmv2] [T] [thread 6423] [113.0] [cxt 0] qos.p4(198) Condition "hdr.ipv4_option.isValid()" (node_3) is false
[22:32:07.284] [bmv2] [T] [thread 6423] [113.0] [cxt 0] Applying table 'MyIngress.ipv4_lpm'
[22:32:07.284] [bmv2] [D] [thread 6423] [113.0] [cxt 0] Looking up key:
* hdr.ipv4.dstAddr    : 0a000202

[22:32:07.284] [bmv2] [D] [thread 6423] [113.0] [cxt 0] Table 'MyIngress.ipv4_lpm': hit with handle 0
[22:32:07.284] [bmv2] [D] [thread 6423] [113.0] [cxt 0] Dumping entry 0
Match key:
* hdr.ipv4.dstAddr    : LPM       0a000202/32
Action entry: MyIngress.ipv4_forward - 80000000202,2,

[22:32:07.284] [bmv2] [D] [thread 6423] [113.0] [cxt 0] Action entry is MyIngress.ipv4_forward - 80000000202,2,
[22:32:07.284] [bmv2] [T] [thread 6423] [113.0] [cxt 0] Action MyIngress.ipv4_forward
[22:32:07.284] [bmv2] [T] [thread 6423] [113.0] [cxt 0] qos.p4(175) Primitive standard_metadata.egress_spec = port
[22:32:07.284] [bmv2] [T] [thread 6423] [113.0] [cxt 0] qos.p4(176) Primitive hdr.ethernet.srcAddr = hdr.ethernet.dstAddr
[22:32:07.284] [bmv2] [T] [thread 6423] [113.0] [cxt 0] qos.p4(177) Primitive hdr.ethernet.dstAddr = dstAddr
[22:32:07.284] [bmv2] [T] [thread 6423] [113.0] [cxt 0] qos.p4(178) Primitive hdr.ipv4.ttl = hdr.ipv4.ttl - 1
[22:32:07.284] [bmv2] [D] [thread 6423] [113.0] [cxt 0] Pipeline 'ingress': end
[22:32:07.284] [bmv2] [D] [thread 6423] [113.0] [cxt 0] Egress port is 2
[22:32:07.284] [bmv2] [D] [thread 6426] [113.0] [cxt 0] Pipeline 'egress': start
[22:32:07.284] [bmv2] [D] [thread 6426] [113.0] [cxt 0] Pipeline 'egress': end
[22:32:07.285] [bmv2] [D] [thread 6426] [113.0] [cxt 0] Deparser 'deparser': start
[22:32:07.285] [bmv2] [D] [thread 6426] [113.0] [cxt 0] Updating checksum 'cksum'
[22:32:07.285] [bmv2] [D] [thread 6426] [113.0] [cxt 0] Deparsing header 'ethernet'
[22:32:07.285] [bmv2] [D] [thread 6426] [113.0] [cxt 0] Deparsing header 'vlan'
[22:32:07.285] [bmv2] [D] [thread 6426] [113.0] [cxt 0] Deparsing header 'ipv4'
[22:32:07.285] [bmv2] [D] [thread 6426] [113.0] [cxt 0] Deparser 'deparser': end
[22:32:07.285] [bmv2] [D] [thread 6428] [113.0] [cxt 0] Transmitting packet of size 558 out of port 2
[22:32:07.409] [bmv2] [D] [thread 6423] [114.0] [cxt 0] Processing packet received on port 3
[22:32:07.409] [bmv2] [D] [thread 6423] [114.0] [cxt 0] Parser 'parser': start
[22:32:07.409] [bmv2] [D] [thread 6423] [114.0] [cxt 0] Parser 'parser' entering state 'start'
[22:32:07.409] [bmv2] [D] [thread 6423] [114.0] [cxt 0] Extracting header 'ethernet'
[22:32:07.409] [bmv2] [D] [thread 6423] [114.0] [cxt 0] Parser state 'start': key is 8100
[22:32:07.409] [bmv2] [T] [thread 6423] [114.0] [cxt 0] Bytes parsed: 14
[22:32:07.409] [bmv2] [D] [thread 6423] [114.0] [cxt 0] Parser 'parser' entering state 'parse_vlan'
[22:32:07.409] [bmv2] [D] [thread 6423] [114.0] [cxt 0] Extracting header 'vlan'
[22:32:07.409] [bmv2] [D] [thread 6423] [114.0] [cxt 0] Parser state 'parse_vlan': key is 0800
[22:32:07.409] [bmv2] [T] [thread 6423] [114.0] [cxt 0] Bytes parsed: 18
[22:32:07.409] [bmv2] [D] [thread 6423] [114.0] [cxt 0] Parser 'parser' entering state 'parse_ipv4'
[22:32:07.409] [bmv2] [D] [thread 6423] [114.0] [cxt 0] Extracting header 'ipv4'
[22:32:07.409] [bmv2] [D] [thread 6423] [114.0] [cxt 0] Parser set: setting field 'scalars.tmp' from expression, new value is 1
[22:32:07.409] [bmv2] [D] [thread 6423] [114.0] [cxt 0] Parser state 'parse_ipv4': key is 05
[22:32:07.409] [bmv2] [T] [thread 6423] [114.0] [cxt 0] Bytes parsed: 38
[22:32:07.410] [bmv2] [D] [thread 6423] [114.0] [cxt 0] Parser 'parser': end
[22:32:07.410] [bmv2] [D] [thread 6423] [114.0] [cxt 0] Pipeline 'ingress': start
[22:32:07.410] [bmv2] [T] [thread 6423] [114.0] [cxt 0] qos.p4(197) Condition "hdr.ipv4.isValid()" (node_2) is true
[22:32:07.410] [bmv2] [T] [thread 6423] [114.0] [cxt 0] qos.p4(198) Condition "hdr.ipv4_option.isValid()" (node_3) is false
[22:32:07.410] [bmv2] [T] [thread 6423] [114.0] [cxt 0] Applying table 'MyIngress.ipv4_lpm'
[22:32:07.410] [bmv2] [D] [thread 6423] [114.0] [cxt 0] Looking up key:
* hdr.ipv4.dstAddr    : 0a000202

[22:32:07.410] [bmv2] [D] [thread 6423] [114.0] [cxt 0] Table 'MyIngress.ipv4_lpm': hit with handle 0
[22:32:07.410] [bmv2] [D] [thread 6423] [114.0] [cxt 0] Dumping entry 0
Match key:
* hdr.ipv4.dstAddr    : LPM       0a000202/32
Action entry: MyIngress.ipv4_forward - 80000000202,2,

[22:32:07.410] [bmv2] [D] [thread 6423] [114.0] [cxt 0] Action entry is MyIngress.ipv4_forward - 80000000202,2,
[22:32:07.410] [bmv2] [T] [thread 6423] [114.0] [cxt 0] Action MyIngress.ipv4_forward
[22:32:07.410] [bmv2] [T] [thread 6423] [114.0] [cxt 0] qos.p4(175) Primitive standard_metadata.egress_spec = port
[22:32:07.410] [bmv2] [T] [thread 6423] [114.0] [cxt 0] qos.p4(176) Primitive hdr.ethernet.srcAddr = hdr.ethernet.dstAddr
[22:32:07.410] [bmv2] [T] [thread 6423] [114.0] [cxt 0] qos.p4(177) Primitive hdr.ethernet.dstAddr = dstAddr
[22:32:07.410] [bmv2] [T] [thread 6423] [114.0] [cxt 0] qos.p4(178) Primitive hdr.ipv4.ttl = hdr.ipv4.ttl - 1
[22:32:07.410] [bmv2] [D] [thread 6423] [114.0] [cxt 0] Pipeline 'ingress': end
[22:32:07.410] [bmv2] [D] [thread 6423] [114.0] [cxt 0] Egress port is 2
[22:32:07.410] [bmv2] [D] [thread 6426] [114.0] [cxt 0] Pipeline 'egress': start
[22:32:07.410] [bmv2] [D] [thread 6426] [114.0] [cxt 0] Pipeline 'egress': end
[22:32:07.410] [bmv2] [D] [thread 6426] [114.0] [cxt 0] Deparser 'deparser': start
[22:32:07.410] [bmv2] [D] [thread 6426] [114.0] [cxt 0] Updating checksum 'cksum'
[22:32:07.410] [bmv2] [D] [thread 6426] [114.0] [cxt 0] Deparsing header 'ethernet'
[22:32:07.410] [bmv2] [D] [thread 6426] [114.0] [cxt 0] Deparsing header 'vlan'
[22:32:07.410] [bmv2] [D] [thread 6426] [114.0] [cxt 0] Deparsing header 'ipv4'
[22:32:07.411] [bmv2] [D] [thread 6426] [114.0] [cxt 0] Deparser 'deparser': end
[22:32:07.411] [bmv2] [D] [thread 6428] [114.0] [cxt 0] Transmitting packet of size 558 out of port 2
[22:32:07.538] [bmv2] [D] [thread 6423] [115.0] [cxt 0] Processing packet received on port 3
[22:32:07.538] [bmv2] [D] [thread 6423] [115.0] [cxt 0] Parser 'parser': start
[22:32:07.538] [bmv2] [D] [thread 6423] [115.0] [cxt 0] Parser 'parser' entering state 'start'
[22:32:07.538] [bmv2] [D] [thread 6423] [115.0] [cxt 0] Extracting header 'ethernet'
[22:32:07.538] [bmv2] [D] [thread 6423] [115.0] [cxt 0] Parser state 'start': key is 8100
[22:32:07.538] [bmv2] [T] [thread 6423] [115.0] [cxt 0] Bytes parsed: 14
[22:32:07.538] [bmv2] [D] [thread 6423] [115.0] [cxt 0] Parser 'parser' entering state 'parse_vlan'
[22:32:07.538] [bmv2] [D] [thread 6423] [115.0] [cxt 0] Extracting header 'vlan'
[22:32:07.538] [bmv2] [D] [thread 6423] [115.0] [cxt 0] Parser state 'parse_vlan': key is 0800
[22:32:07.538] [bmv2] [T] [thread 6423] [115.0] [cxt 0] Bytes parsed: 18
[22:32:07.538] [bmv2] [D] [thread 6423] [115.0] [cxt 0] Parser 'parser' entering state 'parse_ipv4'
[22:32:07.538] [bmv2] [D] [thread 6423] [115.0] [cxt 0] Extracting header 'ipv4'
[22:32:07.538] [bmv2] [D] [thread 6423] [115.0] [cxt 0] Parser set: setting field 'scalars.tmp' from expression, new value is 1
[22:32:07.538] [bmv2] [D] [thread 6423] [115.0] [cxt 0] Parser state 'parse_ipv4': key is 05
[22:32:07.538] [bmv2] [T] [thread 6423] [115.0] [cxt 0] Bytes parsed: 38
[22:32:07.538] [bmv2] [D] [thread 6423] [115.0] [cxt 0] Parser 'parser': end
[22:32:07.538] [bmv2] [D] [thread 6423] [115.0] [cxt 0] Pipeline 'ingress': start
[22:32:07.538] [bmv2] [T] [thread 6423] [115.0] [cxt 0] qos.p4(197) Condition "hdr.ipv4.isValid()" (node_2) is true
[22:32:07.538] [bmv2] [T] [thread 6423] [115.0] [cxt 0] qos.p4(198) Condition "hdr.ipv4_option.isValid()" (node_3) is false
[22:32:07.538] [bmv2] [T] [thread 6423] [115.0] [cxt 0] Applying table 'MyIngress.ipv4_lpm'
[22:32:07.538] [bmv2] [D] [thread 6423] [115.0] [cxt 0] Looking up key:
* hdr.ipv4.dstAddr    : 0a000202

[22:32:07.538] [bmv2] [D] [thread 6423] [115.0] [cxt 0] Table 'MyIngress.ipv4_lpm': hit with handle 0
[22:32:07.538] [bmv2] [D] [thread 6423] [115.0] [cxt 0] Dumping entry 0
Match key:
* hdr.ipv4.dstAddr    : LPM       0a000202/32
Action entry: MyIngress.ipv4_forward - 80000000202,2,

[22:32:07.538] [bmv2] [D] [thread 6423] [115.0] [cxt 0] Action entry is MyIngress.ipv4_forward - 80000000202,2,
[22:32:07.538] [bmv2] [T] [thread 6423] [115.0] [cxt 0] Action MyIngress.ipv4_forward
[22:32:07.538] [bmv2] [T] [thread 6423] [115.0] [cxt 0] qos.p4(175) Primitive standard_metadata.egress_spec = port
[22:32:07.538] [bmv2] [T] [thread 6423] [115.0] [cxt 0] qos.p4(176) Primitive hdr.ethernet.srcAddr = hdr.ethernet.dstAddr
[22:32:07.538] [bmv2] [T] [thread 6423] [115.0] [cxt 0] qos.p4(177) Primitive hdr.ethernet.dstAddr = dstAddr
[22:32:07.539] [bmv2] [T] [thread 6423] [115.0] [cxt 0] qos.p4(178) Primitive hdr.ipv4.ttl = hdr.ipv4.ttl - 1
[22:32:07.539] [bmv2] [D] [thread 6423] [115.0] [cxt 0] Pipeline 'ingress': end
[22:32:07.539] [bmv2] [D] [thread 6423] [115.0] [cxt 0] Egress port is 2
[22:32:07.539] [bmv2] [D] [thread 6426] [115.0] [cxt 0] Pipeline 'egress': start
[22:32:07.539] [bmv2] [D] [thread 6426] [115.0] [cxt 0] Pipeline 'egress': end
[22:32:07.539] [bmv2] [D] [thread 6426] [115.0] [cxt 0] Deparser 'deparser': start
[22:32:07.539] [bmv2] [D] [thread 6426] [115.0] [cxt 0] Updating checksum 'cksum'
[22:32:07.539] [bmv2] [D] [thread 6426] [115.0] [cxt 0] Deparsing header 'ethernet'
[22:32:07.539] [bmv2] [D] [thread 6426] [115.0] [cxt 0] Deparsing header 'vlan'
[22:32:07.539] [bmv2] [D] [thread 6426] [115.0] [cxt 0] Deparsing header 'ipv4'
[22:32:07.539] [bmv2] [D] [thread 6426] [115.0] [cxt 0] Deparser 'deparser': end
[22:32:07.539] [bmv2] [D] [thread 6428] [115.0] [cxt 0] Transmitting packet of size 558 out of port 2
[22:32:07.643] [bmv2] [D] [thread 6423] [116.0] [cxt 0] Processing packet received on port 3
[22:32:07.643] [bmv2] [D] [thread 6423] [116.0] [cxt 0] Parser 'parser': start
[22:32:07.643] [bmv2] [D] [thread 6423] [116.0] [cxt 0] Parser 'parser' entering state 'start'
[22:32:07.643] [bmv2] [D] [thread 6423] [116.0] [cxt 0] Extracting header 'ethernet'
[22:32:07.643] [bmv2] [D] [thread 6423] [116.0] [cxt 0] Parser state 'start': key is 8100
[22:32:07.643] [bmv2] [T] [thread 6423] [116.0] [cxt 0] Bytes parsed: 14
[22:32:07.643] [bmv2] [D] [thread 6423] [116.0] [cxt 0] Parser 'parser' entering state 'parse_vlan'
[22:32:07.643] [bmv2] [D] [thread 6423] [116.0] [cxt 0] Extracting header 'vlan'
[22:32:07.643] [bmv2] [D] [thread 6423] [116.0] [cxt 0] Parser state 'parse_vlan': key is 0800
[22:32:07.643] [bmv2] [T] [thread 6423] [116.0] [cxt 0] Bytes parsed: 18
[22:32:07.643] [bmv2] [D] [thread 6423] [116.0] [cxt 0] Parser 'parser' entering state 'parse_ipv4'
[22:32:07.643] [bmv2] [D] [thread 6423] [116.0] [cxt 0] Extracting header 'ipv4'
[22:32:07.643] [bmv2] [D] [thread 6423] [116.0] [cxt 0] Parser set: setting field 'scalars.tmp' from expression, new value is 1
[22:32:07.643] [bmv2] [D] [thread 6423] [116.0] [cxt 0] Parser state 'parse_ipv4': key is 06
[22:32:07.643] [bmv2] [T] [thread 6423] [116.0] [cxt 0] Bytes parsed: 38
[22:32:07.643] [bmv2] [D] [thread 6423] [116.0] [cxt 0] Parser 'parser' entering state 'parse_ipv4_option'
[22:32:07.643] [bmv2] [D] [thread 6423] [116.0] [cxt 0] Extracting header 'ipv4_option'
[22:32:07.643] [bmv2] [D] [thread 6423] [116.0] [cxt 0] Parser state 'parse_ipv4_option': key is 1f
[22:32:07.643] [bmv2] [T] [thread 6423] [116.0] [cxt 0] Bytes parsed: 40
[22:32:07.643] [bmv2] [D] [thread 6423] [116.0] [cxt 0] Parser 'parser' entering state 'parse_link_qos'
[22:32:07.643] [bmv2] [D] [thread 6423] [116.0] [cxt 0] Extracting header 'link_qos'
[22:32:07.643] [bmv2] [D] [thread 6423] [116.0] [cxt 0] Parser state 'parse_link_qos' has no switch, going to default next state
[22:32:07.643] [bmv2] [T] [thread 6423] [116.0] [cxt 0] Bytes parsed: 42
[22:32:07.643] [bmv2] [D] [thread 6423] [116.0] [cxt 0] Parser 'parser': end
[22:32:07.643] [bmv2] [D] [thread 6423] [116.0] [cxt 0] Pipeline 'ingress': start
[22:32:07.643] [bmv2] [T] [thread 6423] [116.0] [cxt 0] qos.p4(197) Condition "hdr.ipv4.isValid()" (node_2) is true
[22:32:07.643] [bmv2] [T] [thread 6423] [116.0] [cxt 0] qos.p4(198) Condition "hdr.ipv4_option.isValid()" (node_3) is true
[22:32:07.643] [bmv2] [T] [thread 6423] [116.0] [cxt 0] qos.p4(199) Condition "hdr.link_qos.link_qos == TARGET_LINK_QOS" (node_4) is true
[22:32:07.643] [bmv2] [T] [thread 6423] [116.0] [cxt 0] Applying table 'tbl_qos200'
[22:32:07.643] [bmv2] [D] [thread 6423] [116.0] [cxt 0] Looking up key:

[22:32:07.643] [bmv2] [D] [thread 6423] [116.0] [cxt 0] Table 'tbl_qos200': miss
[22:32:07.644] [bmv2] [D] [thread 6423] [116.0] [cxt 0] Action entry is qos200 - 
[22:32:07.644] [bmv2] [T] [thread 6423] [116.0] [cxt 0] Action qos200
[22:32:07.644] [bmv2] [T] [thread 6423] [116.0] [cxt 0] qos.p4(200) Primitive hdr.ipv4.diffserv = (TARGET_DSCP << 2
[22:32:07.644] [bmv2] [T] [thread 6423] [116.0] [cxt 0] qos.p4(28) Primitive 7; ...
[22:32:07.644] [bmv2] [T] [thread 6423] [116.0] [cxt 0] Applying table 'MyIngress.ipv4_lpm'
[22:32:07.644] [bmv2] [D] [thread 6423] [116.0] [cxt 0] Looking up key:
* hdr.ipv4.dstAddr    : 0a000202

[22:32:07.644] [bmv2] [D] [thread 6423] [116.0] [cxt 0] Table 'MyIngress.ipv4_lpm': hit with handle 0
[22:32:07.644] [bmv2] [D] [thread 6423] [116.0] [cxt 0] Dumping entry 0
Match key:
* hdr.ipv4.dstAddr    : LPM       0a000202/32
Action entry: MyIngress.ipv4_forward - 80000000202,2,

[22:32:07.644] [bmv2] [D] [thread 6423] [116.0] [cxt 0] Action entry is MyIngress.ipv4_forward - 80000000202,2,
[22:32:07.644] [bmv2] [T] [thread 6423] [116.0] [cxt 0] Action MyIngress.ipv4_forward
[22:32:07.644] [bmv2] [T] [thread 6423] [116.0] [cxt 0] qos.p4(175) Primitive standard_metadata.egress_spec = port
[22:32:07.644] [bmv2] [T] [thread 6423] [116.0] [cxt 0] qos.p4(176) Primitive hdr.ethernet.srcAddr = hdr.ethernet.dstAddr
[22:32:07.644] [bmv2] [T] [thread 6423] [116.0] [cxt 0] qos.p4(177) Primitive hdr.ethernet.dstAddr = dstAddr
[22:32:07.644] [bmv2] [T] [thread 6423] [116.0] [cxt 0] qos.p4(178) Primitive hdr.ipv4.ttl = hdr.ipv4.ttl - 1
[22:32:07.644] [bmv2] [D] [thread 6423] [116.0] [cxt 0] Pipeline 'ingress': end
[22:32:07.644] [bmv2] [D] [thread 6423] [116.0] [cxt 0] Egress port is 2
[22:32:07.644] [bmv2] [D] [thread 6426] [116.0] [cxt 0] Pipeline 'egress': start
[22:32:07.644] [bmv2] [D] [thread 6426] [116.0] [cxt 0] Pipeline 'egress': end
[22:32:07.644] [bmv2] [D] [thread 6426] [116.0] [cxt 0] Deparser 'deparser': start
[22:32:07.644] [bmv2] [D] [thread 6426] [116.0] [cxt 0] Updating checksum 'cksum'
[22:32:07.644] [bmv2] [D] [thread 6426] [116.0] [cxt 0] Deparsing header 'ethernet'
[22:32:07.645] [bmv2] [D] [thread 6426] [116.0] [cxt 0] Deparsing header 'vlan'
[22:32:07.645] [bmv2] [D] [thread 6426] [116.0] [cxt 0] Deparsing header 'ipv4'
[22:32:07.645] [bmv2] [D] [thread 6426] [116.0] [cxt 0] Deparsing header 'ipv4_option'
[22:32:07.645] [bmv2] [D] [thread 6426] [116.0] [cxt 0] Deparsing header 'link_qos'
[22:32:07.645] [bmv2] [D] [thread 6426] [116.0] [cxt 0] Deparser 'deparser': end
[22:32:07.645] [bmv2] [D] [thread 6428] [116.0] [cxt 0] Transmitting packet of size 562 out of port 2
[22:32:07.663] [bmv2] [D] [thread 6423] [117.0] [cxt 0] Processing packet received on port 3
[22:32:07.663] [bmv2] [D] [thread 6423] [117.0] [cxt 0] Parser 'parser': start
[22:32:07.663] [bmv2] [D] [thread 6423] [117.0] [cxt 0] Parser 'parser' entering state 'start'
[22:32:07.663] [bmv2] [D] [thread 6423] [117.0] [cxt 0] Extracting header 'ethernet'
[22:32:07.663] [bmv2] [D] [thread 6423] [117.0] [cxt 0] Parser state 'start': key is 8100
[22:32:07.663] [bmv2] [T] [thread 6423] [117.0] [cxt 0] Bytes parsed: 14
[22:32:07.663] [bmv2] [D] [thread 6423] [117.0] [cxt 0] Parser 'parser' entering state 'parse_vlan'
[22:32:07.663] [bmv2] [D] [thread 6423] [117.0] [cxt 0] Extracting header 'vlan'
[22:32:07.663] [bmv2] [D] [thread 6423] [117.0] [cxt 0] Parser state 'parse_vlan': key is 0800
[22:32:07.663] [bmv2] [T] [thread 6423] [117.0] [cxt 0] Bytes parsed: 18
[22:32:07.663] [bmv2] [D] [thread 6423] [117.0] [cxt 0] Parser 'parser' entering state 'parse_ipv4'
[22:32:07.663] [bmv2] [D] [thread 6423] [117.0] [cxt 0] Extracting header 'ipv4'
[22:32:07.663] [bmv2] [D] [thread 6423] [117.0] [cxt 0] Parser set: setting field 'scalars.tmp' from expression, new value is 1
[22:32:07.663] [bmv2] [D] [thread 6423] [117.0] [cxt 0] Parser state 'parse_ipv4': key is 05
[22:32:07.663] [bmv2] [T] [thread 6423] [117.0] [cxt 0] Bytes parsed: 38
[22:32:07.663] [bmv2] [D] [thread 6423] [117.0] [cxt 0] Parser 'parser': end
[22:32:07.663] [bmv2] [D] [thread 6423] [117.0] [cxt 0] Pipeline 'ingress': start
[22:32:07.663] [bmv2] [T] [thread 6423] [117.0] [cxt 0] qos.p4(197) Condition "hdr.ipv4.isValid()" (node_2) is true
[22:32:07.663] [bmv2] [T] [thread 6423] [117.0] [cxt 0] qos.p4(198) Condition "hdr.ipv4_option.isValid()" (node_3) is false
[22:32:07.663] [bmv2] [T] [thread 6423] [117.0] [cxt 0] Applying table 'MyIngress.ipv4_lpm'
[22:32:07.663] [bmv2] [D] [thread 6423] [117.0] [cxt 0] Looking up key:
* hdr.ipv4.dstAddr    : 0a000202

[22:32:07.663] [bmv2] [D] [thread 6423] [117.0] [cxt 0] Table 'MyIngress.ipv4_lpm': hit with handle 0
[22:32:07.663] [bmv2] [D] [thread 6423] [117.0] [cxt 0] Dumping entry 0
Match key:
* hdr.ipv4.dstAddr    : LPM       0a000202/32
Action entry: MyIngress.ipv4_forward - 80000000202,2,

[22:32:07.663] [bmv2] [D] [thread 6423] [117.0] [cxt 0] Action entry is MyIngress.ipv4_forward - 80000000202,2,
[22:32:07.663] [bmv2] [T] [thread 6423] [117.0] [cxt 0] Action MyIngress.ipv4_forward
[22:32:07.663] [bmv2] [T] [thread 6423] [117.0] [cxt 0] qos.p4(175) Primitive standard_metadata.egress_spec = port
[22:32:07.663] [bmv2] [T] [thread 6423] [117.0] [cxt 0] qos.p4(176) Primitive hdr.ethernet.srcAddr = hdr.ethernet.dstAddr
[22:32:07.663] [bmv2] [T] [thread 6423] [117.0] [cxt 0] qos.p4(177) Primitive hdr.ethernet.dstAddr = dstAddr
[22:32:07.663] [bmv2] [T] [thread 6423] [117.0] [cxt 0] qos.p4(178) Primitive hdr.ipv4.ttl = hdr.ipv4.ttl - 1
[22:32:07.663] [bmv2] [D] [thread 6423] [117.0] [cxt 0] Pipeline 'ingress': end
[22:32:07.663] [bmv2] [D] [thread 6423] [117.0] [cxt 0] Egress port is 2
[22:32:07.663] [bmv2] [D] [thread 6426] [117.0] [cxt 0] Pipeline 'egress': start
[22:32:07.663] [bmv2] [D] [thread 6426] [117.0] [cxt 0] Pipeline 'egress': end
[22:32:07.663] [bmv2] [D] [thread 6426] [117.0] [cxt 0] Deparser 'deparser': start
[22:32:07.664] [bmv2] [D] [thread 6426] [117.0] [cxt 0] Updating checksum 'cksum'
[22:32:07.664] [bmv2] [D] [thread 6426] [117.0] [cxt 0] Deparsing header 'ethernet'
[22:32:07.664] [bmv2] [D] [thread 6426] [117.0] [cxt 0] Deparsing header 'vlan'
[22:32:07.664] [bmv2] [D] [thread 6426] [117.0] [cxt 0] Deparsing header 'ipv4'
[22:32:07.664] [bmv2] [D] [thread 6426] [117.0] [cxt 0] Deparser 'deparser': end
[22:32:07.664] [bmv2] [D] [thread 6428] [117.0] [cxt 0] Transmitting packet of size 558 out of port 2
[22:32:07.782] [bmv2] [D] [thread 6423] [118.0] [cxt 0] Processing packet received on port 3
[22:32:07.782] [bmv2] [D] [thread 6423] [118.0] [cxt 0] Parser 'parser': start
[22:32:07.782] [bmv2] [D] [thread 6423] [118.0] [cxt 0] Parser 'parser' entering state 'start'
[22:32:07.782] [bmv2] [D] [thread 6423] [118.0] [cxt 0] Extracting header 'ethernet'
[22:32:07.782] [bmv2] [D] [thread 6423] [118.0] [cxt 0] Parser state 'start': key is 8100
[22:32:07.782] [bmv2] [T] [thread 6423] [118.0] [cxt 0] Bytes parsed: 14
[22:32:07.782] [bmv2] [D] [thread 6423] [118.0] [cxt 0] Parser 'parser' entering state 'parse_vlan'
[22:32:07.782] [bmv2] [D] [thread 6423] [118.0] [cxt 0] Extracting header 'vlan'
[22:32:07.782] [bmv2] [D] [thread 6423] [118.0] [cxt 0] Parser state 'parse_vlan': key is 0800
[22:32:07.782] [bmv2] [T] [thread 6423] [118.0] [cxt 0] Bytes parsed: 18
[22:32:07.782] [bmv2] [D] [thread 6423] [118.0] [cxt 0] Parser 'parser' entering state 'parse_ipv4'
[22:32:07.782] [bmv2] [D] [thread 6423] [118.0] [cxt 0] Extracting header 'ipv4'
[22:32:07.782] [bmv2] [D] [thread 6423] [118.0] [cxt 0] Parser set: setting field 'scalars.tmp' from expression, new value is 1
[22:32:07.782] [bmv2] [D] [thread 6423] [118.0] [cxt 0] Parser state 'parse_ipv4': key is 05
[22:32:07.782] [bmv2] [T] [thread 6423] [118.0] [cxt 0] Bytes parsed: 38
[22:32:07.782] [bmv2] [D] [thread 6423] [118.0] [cxt 0] Parser 'parser': end
[22:32:07.782] [bmv2] [D] [thread 6423] [118.0] [cxt 0] Pipeline 'ingress': start
[22:32:07.782] [bmv2] [T] [thread 6423] [118.0] [cxt 0] qos.p4(197) Condition "hdr.ipv4.isValid()" (node_2) is true
[22:32:07.782] [bmv2] [T] [thread 6423] [118.0] [cxt 0] qos.p4(198) Condition "hdr.ipv4_option.isValid()" (node_3) is false
[22:32:07.782] [bmv2] [T] [thread 6423] [118.0] [cxt 0] Applying table 'MyIngress.ipv4_lpm'
[22:32:07.782] [bmv2] [D] [thread 6423] [118.0] [cxt 0] Looking up key:
* hdr.ipv4.dstAddr    : 0a000202

[22:32:07.782] [bmv2] [D] [thread 6423] [118.0] [cxt 0] Table 'MyIngress.ipv4_lpm': hit with handle 0
[22:32:07.782] [bmv2] [D] [thread 6423] [118.0] [cxt 0] Dumping entry 0
Match key:
* hdr.ipv4.dstAddr    : LPM       0a000202/32
Action entry: MyIngress.ipv4_forward - 80000000202,2,

[22:32:07.782] [bmv2] [D] [thread 6423] [118.0] [cxt 0] Action entry is MyIngress.ipv4_forward - 80000000202,2,
[22:32:07.782] [bmv2] [T] [thread 6423] [118.0] [cxt 0] Action MyIngress.ipv4_forward
[22:32:07.782] [bmv2] [T] [thread 6423] [118.0] [cxt 0] qos.p4(175) Primitive standard_metadata.egress_spec = port
[22:32:07.783] [bmv2] [T] [thread 6423] [118.0] [cxt 0] qos.p4(176) Primitive hdr.ethernet.srcAddr = hdr.ethernet.dstAddr
[22:32:07.783] [bmv2] [T] [thread 6423] [118.0] [cxt 0] qos.p4(177) Primitive hdr.ethernet.dstAddr = dstAddr
[22:32:07.783] [bmv2] [T] [thread 6423] [118.0] [cxt 0] qos.p4(178) Primitive hdr.ipv4.ttl = hdr.ipv4.ttl - 1
[22:32:07.783] [bmv2] [D] [thread 6423] [118.0] [cxt 0] Pipeline 'ingress': end
[22:32:07.783] [bmv2] [D] [thread 6423] [118.0] [cxt 0] Egress port is 2
[22:32:07.783] [bmv2] [D] [thread 6426] [118.0] [cxt 0] Pipeline 'egress': start
[22:32:07.783] [bmv2] [D] [thread 6426] [118.0] [cxt 0] Pipeline 'egress': end
[22:32:07.783] [bmv2] [D] [thread 6426] [118.0] [cxt 0] Deparser 'deparser': start
[22:32:07.783] [bmv2] [D] [thread 6426] [118.0] [cxt 0] Updating checksum 'cksum'
[22:32:07.783] [bmv2] [D] [thread 6426] [118.0] [cxt 0] Deparsing header 'ethernet'
[22:32:07.783] [bmv2] [D] [thread 6426] [118.0] [cxt 0] Deparsing header 'vlan'
[22:32:07.783] [bmv2] [D] [thread 6426] [118.0] [cxt 0] Deparsing header 'ipv4'
[22:32:07.783] [bmv2] [D] [thread 6426] [118.0] [cxt 0] Deparser 'deparser': end
[22:32:07.783] [bmv2] [D] [thread 6428] [118.0] [cxt 0] Transmitting packet of size 558 out of port 2
[22:32:07.908] [bmv2] [D] [thread 6423] [119.0] [cxt 0] Processing packet received on port 3
[22:32:07.908] [bmv2] [D] [thread 6423] [119.0] [cxt 0] Parser 'parser': start
[22:32:07.908] [bmv2] [D] [thread 6423] [119.0] [cxt 0] Parser 'parser' entering state 'start'
[22:32:07.908] [bmv2] [D] [thread 6423] [119.0] [cxt 0] Extracting header 'ethernet'
[22:32:07.908] [bmv2] [D] [thread 6423] [119.0] [cxt 0] Parser state 'start': key is 8100
[22:32:07.908] [bmv2] [T] [thread 6423] [119.0] [cxt 0] Bytes parsed: 14
[22:32:07.908] [bmv2] [D] [thread 6423] [119.0] [cxt 0] Parser 'parser' entering state 'parse_vlan'
[22:32:07.908] [bmv2] [D] [thread 6423] [119.0] [cxt 0] Extracting header 'vlan'
[22:32:07.908] [bmv2] [D] [thread 6423] [119.0] [cxt 0] Parser state 'parse_vlan': key is 0800
[22:32:07.908] [bmv2] [T] [thread 6423] [119.0] [cxt 0] Bytes parsed: 18
[22:32:07.908] [bmv2] [D] [thread 6423] [119.0] [cxt 0] Parser 'parser' entering state 'parse_ipv4'
[22:32:07.908] [bmv2] [D] [thread 6423] [119.0] [cxt 0] Extracting header 'ipv4'
[22:32:07.908] [bmv2] [D] [thread 6423] [119.0] [cxt 0] Parser set: setting field 'scalars.tmp' from expression, new value is 1
[22:32:07.908] [bmv2] [D] [thread 6423] [119.0] [cxt 0] Parser state 'parse_ipv4': key is 05
[22:32:07.909] [bmv2] [T] [thread 6423] [119.0] [cxt 0] Bytes parsed: 38
[22:32:07.909] [bmv2] [D] [thread 6423] [119.0] [cxt 0] Parser 'parser': end
[22:32:07.909] [bmv2] [D] [thread 6423] [119.0] [cxt 0] Pipeline 'ingress': start
[22:32:07.909] [bmv2] [T] [thread 6423] [119.0] [cxt 0] qos.p4(197) Condition "hdr.ipv4.isValid()" (node_2) is true
[22:32:07.909] [bmv2] [T] [thread 6423] [119.0] [cxt 0] qos.p4(198) Condition "hdr.ipv4_option.isValid()" (node_3) is false
[22:32:07.909] [bmv2] [T] [thread 6423] [119.0] [cxt 0] Applying table 'MyIngress.ipv4_lpm'
[22:32:07.909] [bmv2] [D] [thread 6423] [119.0] [cxt 0] Looking up key:
* hdr.ipv4.dstAddr    : 0a000202

[22:32:07.909] [bmv2] [D] [thread 6423] [119.0] [cxt 0] Table 'MyIngress.ipv4_lpm': hit with handle 0
[22:32:07.909] [bmv2] [D] [thread 6423] [119.0] [cxt 0] Dumping entry 0
Match key:
* hdr.ipv4.dstAddr    : LPM       0a000202/32
Action entry: MyIngress.ipv4_forward - 80000000202,2,

[22:32:07.909] [bmv2] [D] [thread 6423] [119.0] [cxt 0] Action entry is MyIngress.ipv4_forward - 80000000202,2,
[22:32:07.909] [bmv2] [T] [thread 6423] [119.0] [cxt 0] Action MyIngress.ipv4_forward
[22:32:07.909] [bmv2] [T] [thread 6423] [119.0] [cxt 0] qos.p4(175) Primitive standard_metadata.egress_spec = port
[22:32:07.909] [bmv2] [T] [thread 6423] [119.0] [cxt 0] qos.p4(176) Primitive hdr.ethernet.srcAddr = hdr.ethernet.dstAddr
[22:32:07.909] [bmv2] [T] [thread 6423] [119.0] [cxt 0] qos.p4(177) Primitive hdr.ethernet.dstAddr = dstAddr
[22:32:07.909] [bmv2] [T] [thread 6423] [119.0] [cxt 0] qos.p4(178) Primitive hdr.ipv4.ttl = hdr.ipv4.ttl - 1
[22:32:07.909] [bmv2] [D] [thread 6423] [119.0] [cxt 0] Pipeline 'ingress': end
[22:32:07.909] [bmv2] [D] [thread 6423] [119.0] [cxt 0] Egress port is 2
[22:32:07.909] [bmv2] [D] [thread 6426] [119.0] [cxt 0] Pipeline 'egress': start
[22:32:07.909] [bmv2] [D] [thread 6426] [119.0] [cxt 0] Pipeline 'egress': end
[22:32:07.909] [bmv2] [D] [thread 6426] [119.0] [cxt 0] Deparser 'deparser': start
[22:32:07.909] [bmv2] [D] [thread 6426] [119.0] [cxt 0] Updating checksum 'cksum'
[22:32:07.909] [bmv2] [D] [thread 6426] [119.0] [cxt 0] Deparsing header 'ethernet'
[22:32:07.909] [bmv2] [D] [thread 6426] [119.0] [cxt 0] Deparsing header 'vlan'
[22:32:07.909] [bmv2] [D] [thread 6426] [119.0] [cxt 0] Deparsing header 'ipv4'
[22:32:07.909] [bmv2] [D] [thread 6426] [119.0] [cxt 0] Deparser 'deparser': end
[22:32:07.909] [bmv2] [D] [thread 6428] [119.0] [cxt 0] Transmitting packet of size 558 out of port 2
[22:32:07.987] [bmv2] [D] [thread 6423] [120.0] [cxt 0] Processing packet received on port 3
[22:32:07.987] [bmv2] [D] [thread 6423] [120.0] [cxt 0] Parser 'parser': start
[22:32:07.987] [bmv2] [D] [thread 6423] [120.0] [cxt 0] Parser 'parser' entering state 'start'
[22:32:07.987] [bmv2] [D] [thread 6423] [120.0] [cxt 0] Extracting header 'ethernet'
[22:32:07.988] [bmv2] [D] [thread 6423] [120.0] [cxt 0] Parser state 'start': key is 8100
[22:32:07.988] [bmv2] [T] [thread 6423] [120.0] [cxt 0] Bytes parsed: 14
[22:32:07.988] [bmv2] [D] [thread 6423] [120.0] [cxt 0] Parser 'parser' entering state 'parse_vlan'
[22:32:07.988] [bmv2] [D] [thread 6423] [120.0] [cxt 0] Extracting header 'vlan'
[22:32:07.988] [bmv2] [D] [thread 6423] [120.0] [cxt 0] Parser state 'parse_vlan': key is 0800
[22:32:07.988] [bmv2] [T] [thread 6423] [120.0] [cxt 0] Bytes parsed: 18
[22:32:07.988] [bmv2] [D] [thread 6423] [120.0] [cxt 0] Parser 'parser' entering state 'parse_ipv4'
[22:32:07.988] [bmv2] [D] [thread 6423] [120.0] [cxt 0] Extracting header 'ipv4'
[22:32:07.988] [bmv2] [D] [thread 6423] [120.0] [cxt 0] Parser set: setting field 'scalars.tmp' from expression, new value is 1
[22:32:07.988] [bmv2] [D] [thread 6423] [120.0] [cxt 0] Parser state 'parse_ipv4': key is 05
[22:32:07.988] [bmv2] [T] [thread 6423] [120.0] [cxt 0] Bytes parsed: 38
[22:32:07.988] [bmv2] [D] [thread 6423] [120.0] [cxt 0] Parser 'parser': end
[22:32:07.988] [bmv2] [D] [thread 6423] [120.0] [cxt 0] Pipeline 'ingress': start
[22:32:07.988] [bmv2] [T] [thread 6423] [120.0] [cxt 0] qos.p4(197) Condition "hdr.ipv4.isValid()" (node_2) is true
[22:32:07.988] [bmv2] [T] [thread 6423] [120.0] [cxt 0] qos.p4(198) Condition "hdr.ipv4_option.isValid()" (node_3) is false
[22:32:07.988] [bmv2] [T] [thread 6423] [120.0] [cxt 0] Applying table 'MyIngress.ipv4_lpm'
[22:32:07.988] [bmv2] [D] [thread 6423] [120.0] [cxt 0] Looking up key:
* hdr.ipv4.dstAddr    : 0a000202

[22:32:07.988] [bmv2] [D] [thread 6423] [120.0] [cxt 0] Table 'MyIngress.ipv4_lpm': hit with handle 0
[22:32:07.988] [bmv2] [D] [thread 6423] [120.0] [cxt 0] Dumping entry 0
Match key:
* hdr.ipv4.dstAddr    : LPM       0a000202/32
Action entry: MyIngress.ipv4_forward - 80000000202,2,

[22:32:07.988] [bmv2] [D] [thread 6423] [120.0] [cxt 0] Action entry is MyIngress.ipv4_forward - 80000000202,2,
[22:32:07.988] [bmv2] [T] [thread 6423] [120.0] [cxt 0] Action MyIngress.ipv4_forward
[22:32:07.988] [bmv2] [T] [thread 6423] [120.0] [cxt 0] qos.p4(175) Primitive standard_metadata.egress_spec = port
[22:32:07.988] [bmv2] [T] [thread 6423] [120.0] [cxt 0] qos.p4(176) Primitive hdr.ethernet.srcAddr = hdr.ethernet.dstAddr
[22:32:07.988] [bmv2] [T] [thread 6423] [120.0] [cxt 0] qos.p4(177) Primitive hdr.ethernet.dstAddr = dstAddr
[22:32:07.988] [bmv2] [T] [thread 6423] [120.0] [cxt 0] qos.p4(178) Primitive hdr.ipv4.ttl = hdr.ipv4.ttl - 1
[22:32:07.988] [bmv2] [D] [thread 6423] [120.0] [cxt 0] Pipeline 'ingress': end
[22:32:07.988] [bmv2] [D] [thread 6423] [120.0] [cxt 0] Egress port is 2
[22:32:07.989] [bmv2] [D] [thread 6426] [120.0] [cxt 0] Pipeline 'egress': start
[22:32:07.989] [bmv2] [D] [thread 6426] [120.0] [cxt 0] Pipeline 'egress': end
[22:32:07.989] [bmv2] [D] [thread 6426] [120.0] [cxt 0] Deparser 'deparser': start
[22:32:07.989] [bmv2] [D] [thread 6426] [120.0] [cxt 0] Updating checksum 'cksum'
[22:32:07.989] [bmv2] [D] [thread 6426] [120.0] [cxt 0] Deparsing header 'ethernet'
[22:32:07.989] [bmv2] [D] [thread 6426] [120.0] [cxt 0] Deparsing header 'vlan'
[22:32:07.989] [bmv2] [D] [thread 6426] [120.0] [cxt 0] Deparsing header 'ipv4'
[22:32:07.989] [bmv2] [D] [thread 6426] [120.0] [cxt 0] Deparser 'deparser': end
[22:32:07.989] [bmv2] [D] [thread 6428] [120.0] [cxt 0] Transmitting packet of size 558 out of port 2
[22:32:08.035] [bmv2] [D] [thread 6423] [121.0] [cxt 0] Processing packet received on port 3
[22:32:08.035] [bmv2] [D] [thread 6423] [121.0] [cxt 0] Parser 'parser': start
[22:32:08.035] [bmv2] [D] [thread 6423] [121.0] [cxt 0] Parser 'parser' entering state 'start'
[22:32:08.035] [bmv2] [D] [thread 6423] [121.0] [cxt 0] Extracting header 'ethernet'
[22:32:08.035] [bmv2] [D] [thread 6423] [121.0] [cxt 0] Parser state 'start': key is 8100
[22:32:08.035] [bmv2] [T] [thread 6423] [121.0] [cxt 0] Bytes parsed: 14
[22:32:08.035] [bmv2] [D] [thread 6423] [121.0] [cxt 0] Parser 'parser' entering state 'parse_vlan'
[22:32:08.035] [bmv2] [D] [thread 6423] [121.0] [cxt 0] Extracting header 'vlan'
[22:32:08.035] [bmv2] [D] [thread 6423] [121.0] [cxt 0] Parser state 'parse_vlan': key is 0800
[22:32:08.035] [bmv2] [T] [thread 6423] [121.0] [cxt 0] Bytes parsed: 18
[22:32:08.035] [bmv2] [D] [thread 6423] [121.0] [cxt 0] Parser 'parser' entering state 'parse_ipv4'
[22:32:08.035] [bmv2] [D] [thread 6423] [121.0] [cxt 0] Extracting header 'ipv4'
[22:32:08.035] [bmv2] [D] [thread 6423] [121.0] [cxt 0] Parser set: setting field 'scalars.tmp' from expression, new value is 1
[22:32:08.035] [bmv2] [D] [thread 6423] [121.0] [cxt 0] Parser state 'parse_ipv4': key is 05
[22:32:08.035] [bmv2] [T] [thread 6423] [121.0] [cxt 0] Bytes parsed: 38
[22:32:08.035] [bmv2] [D] [thread 6423] [121.0] [cxt 0] Parser 'parser': end
[22:32:08.035] [bmv2] [D] [thread 6423] [121.0] [cxt 0] Pipeline 'ingress': start
[22:32:08.035] [bmv2] [T] [thread 6423] [121.0] [cxt 0] qos.p4(197) Condition "hdr.ipv4.isValid()" (node_2) is true
[22:32:08.036] [bmv2] [T] [thread 6423] [121.0] [cxt 0] qos.p4(198) Condition "hdr.ipv4_option.isValid()" (node_3) is false
[22:32:08.036] [bmv2] [T] [thread 6423] [121.0] [cxt 0] Applying table 'MyIngress.ipv4_lpm'
[22:32:08.036] [bmv2] [D] [thread 6423] [121.0] [cxt 0] Looking up key:
* hdr.ipv4.dstAddr    : 0a000202

[22:32:08.036] [bmv2] [D] [thread 6423] [121.0] [cxt 0] Table 'MyIngress.ipv4_lpm': hit with handle 0
[22:32:08.036] [bmv2] [D] [thread 6423] [121.0] [cxt 0] Dumping entry 0
Match key:
* hdr.ipv4.dstAddr    : LPM       0a000202/32
Action entry: MyIngress.ipv4_forward - 80000000202,2,

[22:32:08.036] [bmv2] [D] [thread 6423] [121.0] [cxt 0] Action entry is MyIngress.ipv4_forward - 80000000202,2,
[22:32:08.036] [bmv2] [T] [thread 6423] [121.0] [cxt 0] Action MyIngress.ipv4_forward
[22:32:08.036] [bmv2] [T] [thread 6423] [121.0] [cxt 0] qos.p4(175) Primitive standard_metadata.egress_spec = port
[22:32:08.036] [bmv2] [T] [thread 6423] [121.0] [cxt 0] qos.p4(176) Primitive hdr.ethernet.srcAddr = hdr.ethernet.dstAddr
[22:32:08.036] [bmv2] [T] [thread 6423] [121.0] [cxt 0] qos.p4(177) Primitive hdr.ethernet.dstAddr = dstAddr
[22:32:08.036] [bmv2] [T] [thread 6423] [121.0] [cxt 0] qos.p4(178) Primitive hdr.ipv4.ttl = hdr.ipv4.ttl - 1
[22:32:08.036] [bmv2] [D] [thread 6423] [121.0] [cxt 0] Pipeline 'ingress': end
[22:32:08.036] [bmv2] [D] [thread 6423] [121.0] [cxt 0] Egress port is 2
[22:32:08.036] [bmv2] [D] [thread 6426] [121.0] [cxt 0] Pipeline 'egress': start
[22:32:08.036] [bmv2] [D] [thread 6426] [121.0] [cxt 0] Pipeline 'egress': end
[22:32:08.036] [bmv2] [D] [thread 6426] [121.0] [cxt 0] Deparser 'deparser': start
[22:32:08.036] [bmv2] [D] [thread 6426] [121.0] [cxt 0] Updating checksum 'cksum'
[22:32:08.036] [bmv2] [D] [thread 6426] [121.0] [cxt 0] Deparsing header 'ethernet'
[22:32:08.036] [bmv2] [D] [thread 6426] [121.0] [cxt 0] Deparsing header 'vlan'
[22:32:08.036] [bmv2] [D] [thread 6426] [121.0] [cxt 0] Deparsing header 'ipv4'
[22:32:08.036] [bmv2] [D] [thread 6426] [121.0] [cxt 0] Deparser 'deparser': end
[22:32:08.036] [bmv2] [D] [thread 6428] [121.0] [cxt 0] Transmitting packet of size 558 out of port 2
[22:32:08.159] [bmv2] [D] [thread 6423] [122.0] [cxt 0] Processing packet received on port 3
[22:32:08.159] [bmv2] [D] [thread 6423] [122.0] [cxt 0] Parser 'parser': start
[22:32:08.159] [bmv2] [D] [thread 6423] [122.0] [cxt 0] Parser 'parser' entering state 'start'
[22:32:08.160] [bmv2] [D] [thread 6423] [122.0] [cxt 0] Extracting header 'ethernet'
[22:32:08.160] [bmv2] [D] [thread 6423] [122.0] [cxt 0] Parser state 'start': key is 8100
[22:32:08.160] [bmv2] [T] [thread 6423] [122.0] [cxt 0] Bytes parsed: 14
[22:32:08.160] [bmv2] [D] [thread 6423] [122.0] [cxt 0] Parser 'parser' entering state 'parse_vlan'
[22:32:08.160] [bmv2] [D] [thread 6423] [122.0] [cxt 0] Extracting header 'vlan'
[22:32:08.160] [bmv2] [D] [thread 6423] [122.0] [cxt 0] Parser state 'parse_vlan': key is 0800
[22:32:08.160] [bmv2] [T] [thread 6423] [122.0] [cxt 0] Bytes parsed: 18
[22:32:08.160] [bmv2] [D] [thread 6423] [122.0] [cxt 0] Parser 'parser' entering state 'parse_ipv4'
[22:32:08.160] [bmv2] [D] [thread 6423] [122.0] [cxt 0] Extracting header 'ipv4'
[22:32:08.160] [bmv2] [D] [thread 6423] [122.0] [cxt 0] Parser set: setting field 'scalars.tmp' from expression, new value is 1
[22:32:08.160] [bmv2] [D] [thread 6423] [122.0] [cxt 0] Parser state 'parse_ipv4': key is 05
[22:32:08.160] [bmv2] [T] [thread 6423] [122.0] [cxt 0] Bytes parsed: 38
[22:32:08.160] [bmv2] [D] [thread 6423] [122.0] [cxt 0] Parser 'parser': end
[22:32:08.160] [bmv2] [D] [thread 6423] [122.0] [cxt 0] Pipeline 'ingress': start
[22:32:08.160] [bmv2] [T] [thread 6423] [122.0] [cxt 0] qos.p4(197) Condition "hdr.ipv4.isValid()" (node_2) is true
[22:32:08.160] [bmv2] [T] [thread 6423] [122.0] [cxt 0] qos.p4(198) Condition "hdr.ipv4_option.isValid()" (node_3) is false
[22:32:08.160] [bmv2] [T] [thread 6423] [122.0] [cxt 0] Applying table 'MyIngress.ipv4_lpm'
[22:32:08.160] [bmv2] [D] [thread 6423] [122.0] [cxt 0] Looking up key:
* hdr.ipv4.dstAddr    : 0a000202

[22:32:08.160] [bmv2] [D] [thread 6423] [122.0] [cxt 0] Table 'MyIngress.ipv4_lpm': hit with handle 0
[22:32:08.160] [bmv2] [D] [thread 6423] [122.0] [cxt 0] Dumping entry 0
Match key:
* hdr.ipv4.dstAddr    : LPM       0a000202/32
Action entry: MyIngress.ipv4_forward - 80000000202,2,

[22:32:08.160] [bmv2] [D] [thread 6423] [122.0] [cxt 0] Action entry is MyIngress.ipv4_forward - 80000000202,2,
[22:32:08.161] [bmv2] [T] [thread 6423] [122.0] [cxt 0] Action MyIngress.ipv4_forward
[22:32:08.161] [bmv2] [T] [thread 6423] [122.0] [cxt 0] qos.p4(175) Primitive standard_metadata.egress_spec = port
[22:32:08.161] [bmv2] [T] [thread 6423] [122.0] [cxt 0] qos.p4(176) Primitive hdr.ethernet.srcAddr = hdr.ethernet.dstAddr
[22:32:08.161] [bmv2] [T] [thread 6423] [122.0] [cxt 0] qos.p4(177) Primitive hdr.ethernet.dstAddr = dstAddr
[22:32:08.161] [bmv2] [T] [thread 6423] [122.0] [cxt 0] qos.p4(178) Primitive hdr.ipv4.ttl = hdr.ipv4.ttl - 1
[22:32:08.161] [bmv2] [D] [thread 6423] [122.0] [cxt 0] Pipeline 'ingress': end
[22:32:08.161] [bmv2] [D] [thread 6423] [122.0] [cxt 0] Egress port is 2
[22:32:08.161] [bmv2] [D] [thread 6426] [122.0] [cxt 0] Pipeline 'egress': start
[22:32:08.161] [bmv2] [D] [thread 6426] [122.0] [cxt 0] Pipeline 'egress': end
[22:32:08.161] [bmv2] [D] [thread 6426] [122.0] [cxt 0] Deparser 'deparser': start
[22:32:08.161] [bmv2] [D] [thread 6426] [122.0] [cxt 0] Updating checksum 'cksum'
[22:32:08.161] [bmv2] [D] [thread 6426] [122.0] [cxt 0] Deparsing header 'ethernet'
[22:32:08.161] [bmv2] [D] [thread 6426] [122.0] [cxt 0] Deparsing header 'vlan'
[22:32:08.161] [bmv2] [D] [thread 6426] [122.0] [cxt 0] Deparsing header 'ipv4'
[22:32:08.161] [bmv2] [D] [thread 6426] [122.0] [cxt 0] Deparser 'deparser': end
[22:32:08.161] [bmv2] [D] [thread 6428] [122.0] [cxt 0] Transmitting packet of size 558 out of port 2
[22:32:08.283] [bmv2] [D] [thread 6423] [123.0] [cxt 0] Processing packet received on port 3
[22:32:08.283] [bmv2] [D] [thread 6423] [123.0] [cxt 0] Parser 'parser': start
[22:32:08.283] [bmv2] [D] [thread 6423] [123.0] [cxt 0] Parser 'parser' entering state 'start'
[22:32:08.283] [bmv2] [D] [thread 6423] [123.0] [cxt 0] Extracting header 'ethernet'
[22:32:08.284] [bmv2] [D] [thread 6423] [123.0] [cxt 0] Parser state 'start': key is 8100
[22:32:08.284] [bmv2] [T] [thread 6423] [123.0] [cxt 0] Bytes parsed: 14
[22:32:08.284] [bmv2] [D] [thread 6423] [123.0] [cxt 0] Parser 'parser' entering state 'parse_vlan'
[22:32:08.284] [bmv2] [D] [thread 6423] [123.0] [cxt 0] Extracting header 'vlan'
[22:32:08.284] [bmv2] [D] [thread 6423] [123.0] [cxt 0] Parser state 'parse_vlan': key is 0800
[22:32:08.284] [bmv2] [T] [thread 6423] [123.0] [cxt 0] Bytes parsed: 18
[22:32:08.284] [bmv2] [D] [thread 6423] [123.0] [cxt 0] Parser 'parser' entering state 'parse_ipv4'
[22:32:08.284] [bmv2] [D] [thread 6423] [123.0] [cxt 0] Extracting header 'ipv4'
[22:32:08.284] [bmv2] [D] [thread 6423] [123.0] [cxt 0] Parser set: setting field 'scalars.tmp' from expression, new value is 1
[22:32:08.284] [bmv2] [D] [thread 6423] [123.0] [cxt 0] Parser state 'parse_ipv4': key is 05
[22:32:08.284] [bmv2] [T] [thread 6423] [123.0] [cxt 0] Bytes parsed: 38
[22:32:08.284] [bmv2] [D] [thread 6423] [123.0] [cxt 0] Parser 'parser': end
[22:32:08.284] [bmv2] [D] [thread 6423] [123.0] [cxt 0] Pipeline 'ingress': start
[22:32:08.284] [bmv2] [T] [thread 6423] [123.0] [cxt 0] qos.p4(197) Condition "hdr.ipv4.isValid()" (node_2) is true
[22:32:08.284] [bmv2] [T] [thread 6423] [123.0] [cxt 0] qos.p4(198) Condition "hdr.ipv4_option.isValid()" (node_3) is false
[22:32:08.284] [bmv2] [T] [thread 6423] [123.0] [cxt 0] Applying table 'MyIngress.ipv4_lpm'
[22:32:08.284] [bmv2] [D] [thread 6423] [123.0] [cxt 0] Looking up key:
* hdr.ipv4.dstAddr    : 0a000202

[22:32:08.284] [bmv2] [D] [thread 6423] [123.0] [cxt 0] Table 'MyIngress.ipv4_lpm': hit with handle 0
[22:32:08.284] [bmv2] [D] [thread 6423] [123.0] [cxt 0] Dumping entry 0
Match key:
* hdr.ipv4.dstAddr    : LPM       0a000202/32
Action entry: MyIngress.ipv4_forward - 80000000202,2,

[22:32:08.284] [bmv2] [D] [thread 6423] [123.0] [cxt 0] Action entry is MyIngress.ipv4_forward - 80000000202,2,
[22:32:08.284] [bmv2] [T] [thread 6423] [123.0] [cxt 0] Action MyIngress.ipv4_forward
[22:32:08.284] [bmv2] [T] [thread 6423] [123.0] [cxt 0] qos.p4(175) Primitive standard_metadata.egress_spec = port
[22:32:08.284] [bmv2] [T] [thread 6423] [123.0] [cxt 0] qos.p4(176) Primitive hdr.ethernet.srcAddr = hdr.ethernet.dstAddr
[22:32:08.284] [bmv2] [T] [thread 6423] [123.0] [cxt 0] qos.p4(177) Primitive hdr.ethernet.dstAddr = dstAddr
[22:32:08.284] [bmv2] [T] [thread 6423] [123.0] [cxt 0] qos.p4(178) Primitive hdr.ipv4.ttl = hdr.ipv4.ttl - 1
[22:32:08.284] [bmv2] [D] [thread 6423] [123.0] [cxt 0] Pipeline 'ingress': end
[22:32:08.284] [bmv2] [D] [thread 6423] [123.0] [cxt 0] Egress port is 2
[22:32:08.285] [bmv2] [D] [thread 6426] [123.0] [cxt 0] Pipeline 'egress': start
[22:32:08.285] [bmv2] [D] [thread 6426] [123.0] [cxt 0] Pipeline 'egress': end
[22:32:08.285] [bmv2] [D] [thread 6426] [123.0] [cxt 0] Deparser 'deparser': start
[22:32:08.285] [bmv2] [D] [thread 6426] [123.0] [cxt 0] Updating checksum 'cksum'
[22:32:08.285] [bmv2] [D] [thread 6426] [123.0] [cxt 0] Deparsing header 'ethernet'
[22:32:08.285] [bmv2] [D] [thread 6426] [123.0] [cxt 0] Deparsing header 'vlan'
[22:32:08.285] [bmv2] [D] [thread 6426] [123.0] [cxt 0] Deparsing header 'ipv4'
[22:32:08.285] [bmv2] [D] [thread 6426] [123.0] [cxt 0] Deparser 'deparser': end
[22:32:08.285] [bmv2] [D] [thread 6428] [123.0] [cxt 0] Transmitting packet of size 558 out of port 2
[22:32:08.410] [bmv2] [D] [thread 6423] [124.0] [cxt 0] Processing packet received on port 3
[22:32:08.410] [bmv2] [D] [thread 6423] [124.0] [cxt 0] Parser 'parser': start
[22:32:08.410] [bmv2] [D] [thread 6423] [124.0] [cxt 0] Parser 'parser' entering state 'start'
[22:32:08.410] [bmv2] [D] [thread 6423] [124.0] [cxt 0] Extracting header 'ethernet'
[22:32:08.410] [bmv2] [D] [thread 6423] [124.0] [cxt 0] Parser state 'start': key is 8100
[22:32:08.410] [bmv2] [T] [thread 6423] [124.0] [cxt 0] Bytes parsed: 14
[22:32:08.410] [bmv2] [D] [thread 6423] [124.0] [cxt 0] Parser 'parser' entering state 'parse_vlan'
[22:32:08.410] [bmv2] [D] [thread 6423] [124.0] [cxt 0] Extracting header 'vlan'
[22:32:08.410] [bmv2] [D] [thread 6423] [124.0] [cxt 0] Parser state 'parse_vlan': key is 0800
[22:32:08.410] [bmv2] [T] [thread 6423] [124.0] [cxt 0] Bytes parsed: 18
[22:32:08.410] [bmv2] [D] [thread 6423] [124.0] [cxt 0] Parser 'parser' entering state 'parse_ipv4'
[22:32:08.410] [bmv2] [D] [thread 6423] [124.0] [cxt 0] Extracting header 'ipv4'
[22:32:08.411] [bmv2] [D] [thread 6423] [124.0] [cxt 0] Parser set: setting field 'scalars.tmp' from expression, new value is 1
[22:32:08.411] [bmv2] [D] [thread 6423] [124.0] [cxt 0] Parser state 'parse_ipv4': key is 05
[22:32:08.411] [bmv2] [T] [thread 6423] [124.0] [cxt 0] Bytes parsed: 38
[22:32:08.411] [bmv2] [D] [thread 6423] [124.0] [cxt 0] Parser 'parser': end
[22:32:08.411] [bmv2] [D] [thread 6423] [124.0] [cxt 0] Pipeline 'ingress': start
[22:32:08.411] [bmv2] [T] [thread 6423] [124.0] [cxt 0] qos.p4(197) Condition "hdr.ipv4.isValid()" (node_2) is true
[22:32:08.411] [bmv2] [T] [thread 6423] [124.0] [cxt 0] qos.p4(198) Condition "hdr.ipv4_option.isValid()" (node_3) is false
[22:32:08.411] [bmv2] [T] [thread 6423] [124.0] [cxt 0] Applying table 'MyIngress.ipv4_lpm'
[22:32:08.411] [bmv2] [D] [thread 6423] [124.0] [cxt 0] Looking up key:
* hdr.ipv4.dstAddr    : 0a000202

[22:32:08.411] [bmv2] [D] [thread 6423] [124.0] [cxt 0] Table 'MyIngress.ipv4_lpm': hit with handle 0
[22:32:08.411] [bmv2] [D] [thread 6423] [124.0] [cxt 0] Dumping entry 0
Match key:
* hdr.ipv4.dstAddr    : LPM       0a000202/32
Action entry: MyIngress.ipv4_forward - 80000000202,2,

[22:32:08.411] [bmv2] [D] [thread 6423] [124.0] [cxt 0] Action entry is MyIngress.ipv4_forward - 80000000202,2,
[22:32:08.411] [bmv2] [T] [thread 6423] [124.0] [cxt 0] Action MyIngress.ipv4_forward
[22:32:08.411] [bmv2] [T] [thread 6423] [124.0] [cxt 0] qos.p4(175) Primitive standard_metadata.egress_spec = port
[22:32:08.411] [bmv2] [T] [thread 6423] [124.0] [cxt 0] qos.p4(176) Primitive hdr.ethernet.srcAddr = hdr.ethernet.dstAddr
[22:32:08.411] [bmv2] [T] [thread 6423] [124.0] [cxt 0] qos.p4(177) Primitive hdr.ethernet.dstAddr = dstAddr
[22:32:08.411] [bmv2] [T] [thread 6423] [124.0] [cxt 0] qos.p4(178) Primitive hdr.ipv4.ttl = hdr.ipv4.ttl - 1
[22:32:08.411] [bmv2] [D] [thread 6423] [124.0] [cxt 0] Pipeline 'ingress': end
[22:32:08.411] [bmv2] [D] [thread 6423] [124.0] [cxt 0] Egress port is 2
[22:32:08.411] [bmv2] [D] [thread 6426] [124.0] [cxt 0] Pipeline 'egress': start
[22:32:08.411] [bmv2] [D] [thread 6426] [124.0] [cxt 0] Pipeline 'egress': end
[22:32:08.411] [bmv2] [D] [thread 6426] [124.0] [cxt 0] Deparser 'deparser': start
[22:32:08.411] [bmv2] [D] [thread 6426] [124.0] [cxt 0] Updating checksum 'cksum'
[22:32:08.411] [bmv2] [D] [thread 6426] [124.0] [cxt 0] Deparsing header 'ethernet'
[22:32:08.411] [bmv2] [D] [thread 6426] [124.0] [cxt 0] Deparsing header 'vlan'
[22:32:08.411] [bmv2] [D] [thread 6426] [124.0] [cxt 0] Deparsing header 'ipv4'
[22:32:08.411] [bmv2] [D] [thread 6426] [124.0] [cxt 0] Deparser 'deparser': end
[22:32:08.411] [bmv2] [D] [thread 6428] [124.0] [cxt 0] Transmitting packet of size 558 out of port 2
[22:32:08.535] [bmv2] [D] [thread 6423] [125.0] [cxt 0] Processing packet received on port 3
[22:32:08.535] [bmv2] [D] [thread 6423] [125.0] [cxt 0] Parser 'parser': start
[22:32:08.536] [bmv2] [D] [thread 6423] [125.0] [cxt 0] Parser 'parser' entering state 'start'
[22:32:08.536] [bmv2] [D] [thread 6423] [125.0] [cxt 0] Extracting header 'ethernet'
[22:32:08.536] [bmv2] [D] [thread 6423] [125.0] [cxt 0] Parser state 'start': key is 8100
[22:32:08.536] [bmv2] [T] [thread 6423] [125.0] [cxt 0] Bytes parsed: 14
[22:32:08.536] [bmv2] [D] [thread 6423] [125.0] [cxt 0] Parser 'parser' entering state 'parse_vlan'
[22:32:08.536] [bmv2] [D] [thread 6423] [125.0] [cxt 0] Extracting header 'vlan'
[22:32:08.536] [bmv2] [D] [thread 6423] [125.0] [cxt 0] Parser state 'parse_vlan': key is 0800
[22:32:08.536] [bmv2] [T] [thread 6423] [125.0] [cxt 0] Bytes parsed: 18
[22:32:08.536] [bmv2] [D] [thread 6423] [125.0] [cxt 0] Parser 'parser' entering state 'parse_ipv4'
[22:32:08.536] [bmv2] [D] [thread 6423] [125.0] [cxt 0] Extracting header 'ipv4'
[22:32:08.536] [bmv2] [D] [thread 6423] [125.0] [cxt 0] Parser set: setting field 'scalars.tmp' from expression, new value is 1
[22:32:08.536] [bmv2] [D] [thread 6423] [125.0] [cxt 0] Parser state 'parse_ipv4': key is 05
[22:32:08.536] [bmv2] [T] [thread 6423] [125.0] [cxt 0] Bytes parsed: 38
[22:32:08.536] [bmv2] [D] [thread 6423] [125.0] [cxt 0] Parser 'parser': end
[22:32:08.536] [bmv2] [D] [thread 6423] [125.0] [cxt 0] Pipeline 'ingress': start
[22:32:08.536] [bmv2] [T] [thread 6423] [125.0] [cxt 0] qos.p4(197) Condition "hdr.ipv4.isValid()" (node_2) is true
[22:32:08.536] [bmv2] [T] [thread 6423] [125.0] [cxt 0] qos.p4(198) Condition "hdr.ipv4_option.isValid()" (node_3) is false
[22:32:08.536] [bmv2] [T] [thread 6423] [125.0] [cxt 0] Applying table 'MyIngress.ipv4_lpm'
[22:32:08.536] [bmv2] [D] [thread 6423] [125.0] [cxt 0] Looking up key:
* hdr.ipv4.dstAddr    : 0a000202

[22:32:08.536] [bmv2] [D] [thread 6423] [125.0] [cxt 0] Table 'MyIngress.ipv4_lpm': hit with handle 0
[22:32:08.536] [bmv2] [D] [thread 6423] [125.0] [cxt 0] Dumping entry 0
Match key:
* hdr.ipv4.dstAddr    : LPM       0a000202/32
Action entry: MyIngress.ipv4_forward - 80000000202,2,

[22:32:08.536] [bmv2] [D] [thread 6423] [125.0] [cxt 0] Action entry is MyIngress.ipv4_forward - 80000000202,2,
[22:32:08.536] [bmv2] [T] [thread 6423] [125.0] [cxt 0] Action MyIngress.ipv4_forward
[22:32:08.536] [bmv2] [T] [thread 6423] [125.0] [cxt 0] qos.p4(175) Primitive standard_metadata.egress_spec = port
[22:32:08.536] [bmv2] [T] [thread 6423] [125.0] [cxt 0] qos.p4(176) Primitive hdr.ethernet.srcAddr = hdr.ethernet.dstAddr
[22:32:08.536] [bmv2] [T] [thread 6423] [125.0] [cxt 0] qos.p4(177) Primitive hdr.ethernet.dstAddr = dstAddr
[22:32:08.536] [bmv2] [T] [thread 6423] [125.0] [cxt 0] qos.p4(178) Primitive hdr.ipv4.ttl = hdr.ipv4.ttl - 1
[22:32:08.536] [bmv2] [D] [thread 6423] [125.0] [cxt 0] Pipeline 'ingress': end
[22:32:08.536] [bmv2] [D] [thread 6423] [125.0] [cxt 0] Egress port is 2
[22:32:08.537] [bmv2] [D] [thread 6426] [125.0] [cxt 0] Pipeline 'egress': start
[22:32:08.537] [bmv2] [D] [thread 6426] [125.0] [cxt 0] Pipeline 'egress': end
[22:32:08.537] [bmv2] [D] [thread 6426] [125.0] [cxt 0] Deparser 'deparser': start
[22:32:08.537] [bmv2] [D] [thread 6426] [125.0] [cxt 0] Updating checksum 'cksum'
[22:32:08.537] [bmv2] [D] [thread 6426] [125.0] [cxt 0] Deparsing header 'ethernet'
[22:32:08.537] [bmv2] [D] [thread 6426] [125.0] [cxt 0] Deparsing header 'vlan'
[22:32:08.537] [bmv2] [D] [thread 6426] [125.0] [cxt 0] Deparsing header 'ipv4'
[22:32:08.537] [bmv2] [D] [thread 6426] [125.0] [cxt 0] Deparser 'deparser': end
[22:32:08.537] [bmv2] [D] [thread 6428] [125.0] [cxt 0] Transmitting packet of size 558 out of port 2
[22:32:08.664] [bmv2] [D] [thread 6423] [126.0] [cxt 0] Processing packet received on port 3
[22:32:08.664] [bmv2] [D] [thread 6423] [126.0] [cxt 0] Parser 'parser': start
[22:32:08.664] [bmv2] [D] [thread 6423] [126.0] [cxt 0] Parser 'parser' entering state 'start'
[22:32:08.664] [bmv2] [D] [thread 6423] [126.0] [cxt 0] Extracting header 'ethernet'
[22:32:08.664] [bmv2] [D] [thread 6423] [126.0] [cxt 0] Parser state 'start': key is 8100
[22:32:08.664] [bmv2] [T] [thread 6423] [126.0] [cxt 0] Bytes parsed: 14
[22:32:08.664] [bmv2] [D] [thread 6423] [126.0] [cxt 0] Parser 'parser' entering state 'parse_vlan'
[22:32:08.664] [bmv2] [D] [thread 6423] [126.0] [cxt 0] Extracting header 'vlan'
[22:32:08.664] [bmv2] [D] [thread 6423] [126.0] [cxt 0] Parser state 'parse_vlan': key is 0800
[22:32:08.664] [bmv2] [T] [thread 6423] [126.0] [cxt 0] Bytes parsed: 18
[22:32:08.664] [bmv2] [D] [thread 6423] [126.0] [cxt 0] Parser 'parser' entering state 'parse_ipv4'
[22:32:08.664] [bmv2] [D] [thread 6423] [126.0] [cxt 0] Extracting header 'ipv4'
[22:32:08.664] [bmv2] [D] [thread 6423] [126.0] [cxt 0] Parser set: setting field 'scalars.tmp' from expression, new value is 1
[22:32:08.664] [bmv2] [D] [thread 6423] [126.0] [cxt 0] Parser state 'parse_ipv4': key is 05
[22:32:08.664] [bmv2] [T] [thread 6423] [126.0] [cxt 0] Bytes parsed: 38
[22:32:08.664] [bmv2] [D] [thread 6423] [126.0] [cxt 0] Parser 'parser': end
[22:32:08.665] [bmv2] [D] [thread 6423] [126.0] [cxt 0] Pipeline 'ingress': start
[22:32:08.665] [bmv2] [T] [thread 6423] [126.0] [cxt 0] qos.p4(197) Condition "hdr.ipv4.isValid()" (node_2) is true
[22:32:08.665] [bmv2] [T] [thread 6423] [126.0] [cxt 0] qos.p4(198) Condition "hdr.ipv4_option.isValid()" (node_3) is false
[22:32:08.665] [bmv2] [T] [thread 6423] [126.0] [cxt 0] Applying table 'MyIngress.ipv4_lpm'
[22:32:08.665] [bmv2] [D] [thread 6423] [126.0] [cxt 0] Looking up key:
* hdr.ipv4.dstAddr    : 0a000202

[22:32:08.665] [bmv2] [D] [thread 6423] [126.0] [cxt 0] Table 'MyIngress.ipv4_lpm': hit with handle 0
[22:32:08.665] [bmv2] [D] [thread 6423] [126.0] [cxt 0] Dumping entry 0
Match key:
* hdr.ipv4.dstAddr    : LPM       0a000202/32
Action entry: MyIngress.ipv4_forward - 80000000202,2,

[22:32:08.665] [bmv2] [D] [thread 6423] [126.0] [cxt 0] Action entry is MyIngress.ipv4_forward - 80000000202,2,
[22:32:08.665] [bmv2] [T] [thread 6423] [126.0] [cxt 0] Action MyIngress.ipv4_forward
[22:32:08.665] [bmv2] [T] [thread 6423] [126.0] [cxt 0] qos.p4(175) Primitive standard_metadata.egress_spec = port
[22:32:08.665] [bmv2] [T] [thread 6423] [126.0] [cxt 0] qos.p4(176) Primitive hdr.ethernet.srcAddr = hdr.ethernet.dstAddr
[22:32:08.665] [bmv2] [T] [thread 6423] [126.0] [cxt 0] qos.p4(177) Primitive hdr.ethernet.dstAddr = dstAddr
[22:32:08.665] [bmv2] [T] [thread 6423] [126.0] [cxt 0] qos.p4(178) Primitive hdr.ipv4.ttl = hdr.ipv4.ttl - 1
[22:32:08.665] [bmv2] [D] [thread 6423] [126.0] [cxt 0] Pipeline 'ingress': end
[22:32:08.665] [bmv2] [D] [thread 6423] [126.0] [cxt 0] Egress port is 2
[22:32:08.665] [bmv2] [D] [thread 6426] [126.0] [cxt 0] Pipeline 'egress': start
[22:32:08.665] [bmv2] [D] [thread 6426] [126.0] [cxt 0] Pipeline 'egress': end
[22:32:08.665] [bmv2] [D] [thread 6426] [126.0] [cxt 0] Deparser 'deparser': start
[22:32:08.665] [bmv2] [D] [thread 6426] [126.0] [cxt 0] Updating checksum 'cksum'
[22:32:08.665] [bmv2] [D] [thread 6426] [126.0] [cxt 0] Deparsing header 'ethernet'
[22:32:08.665] [bmv2] [D] [thread 6426] [126.0] [cxt 0] Deparsing header 'vlan'
[22:32:08.665] [bmv2] [D] [thread 6426] [126.0] [cxt 0] Deparsing header 'ipv4'
[22:32:08.665] [bmv2] [D] [thread 6426] [126.0] [cxt 0] Deparser 'deparser': end
[22:32:08.665] [bmv2] [D] [thread 6428] [126.0] [cxt 0] Transmitting packet of size 558 out of port 2
[22:32:08.677] [bmv2] [D] [thread 6423] [127.0] [cxt 0] Processing packet received on port 3
[22:32:08.677] [bmv2] [D] [thread 6423] [127.0] [cxt 0] Parser 'parser': start
[22:32:08.677] [bmv2] [D] [thread 6423] [127.0] [cxt 0] Parser 'parser' entering state 'start'
[22:32:08.677] [bmv2] [D] [thread 6423] [127.0] [cxt 0] Extracting header 'ethernet'
[22:32:08.677] [bmv2] [D] [thread 6423] [127.0] [cxt 0] Parser state 'start': key is 8100
[22:32:08.677] [bmv2] [T] [thread 6423] [127.0] [cxt 0] Bytes parsed: 14
[22:32:08.677] [bmv2] [D] [thread 6423] [127.0] [cxt 0] Parser 'parser' entering state 'parse_vlan'
[22:32:08.677] [bmv2] [D] [thread 6423] [127.0] [cxt 0] Extracting header 'vlan'
[22:32:08.677] [bmv2] [D] [thread 6423] [127.0] [cxt 0] Parser state 'parse_vlan': key is 0800
[22:32:08.677] [bmv2] [T] [thread 6423] [127.0] [cxt 0] Bytes parsed: 18
[22:32:08.677] [bmv2] [D] [thread 6423] [127.0] [cxt 0] Parser 'parser' entering state 'parse_ipv4'
[22:32:08.677] [bmv2] [D] [thread 6423] [127.0] [cxt 0] Extracting header 'ipv4'
[22:32:08.677] [bmv2] [D] [thread 6423] [127.0] [cxt 0] Parser set: setting field 'scalars.tmp' from expression, new value is 1
[22:32:08.677] [bmv2] [D] [thread 6423] [127.0] [cxt 0] Parser state 'parse_ipv4': key is 06
[22:32:08.677] [bmv2] [T] [thread 6423] [127.0] [cxt 0] Bytes parsed: 38
[22:32:08.677] [bmv2] [D] [thread 6423] [127.0] [cxt 0] Parser 'parser' entering state 'parse_ipv4_option'
[22:32:08.677] [bmv2] [D] [thread 6423] [127.0] [cxt 0] Extracting header 'ipv4_option'
[22:32:08.677] [bmv2] [D] [thread 6423] [127.0] [cxt 0] Parser state 'parse_ipv4_option': key is 1f
[22:32:08.677] [bmv2] [T] [thread 6423] [127.0] [cxt 0] Bytes parsed: 40
[22:32:08.677] [bmv2] [D] [thread 6423] [127.0] [cxt 0] Parser 'parser' entering state 'parse_link_qos'
[22:32:08.677] [bmv2] [D] [thread 6423] [127.0] [cxt 0] Extracting header 'link_qos'
[22:32:08.677] [bmv2] [D] [thread 6423] [127.0] [cxt 0] Parser state 'parse_link_qos' has no switch, going to default next state
[22:32:08.677] [bmv2] [T] [thread 6423] [127.0] [cxt 0] Bytes parsed: 42
[22:32:08.677] [bmv2] [D] [thread 6423] [127.0] [cxt 0] Parser 'parser': end
[22:32:08.677] [bmv2] [D] [thread 6423] [127.0] [cxt 0] Pipeline 'ingress': start
[22:32:08.677] [bmv2] [T] [thread 6423] [127.0] [cxt 0] qos.p4(197) Condition "hdr.ipv4.isValid()" (node_2) is true
[22:32:08.677] [bmv2] [T] [thread 6423] [127.0] [cxt 0] qos.p4(198) Condition "hdr.ipv4_option.isValid()" (node_3) is true
[22:32:08.677] [bmv2] [T] [thread 6423] [127.0] [cxt 0] qos.p4(199) Condition "hdr.link_qos.link_qos == TARGET_LINK_QOS" (node_4) is true
[22:32:08.677] [bmv2] [T] [thread 6423] [127.0] [cxt 0] Applying table 'tbl_qos200'
[22:32:08.677] [bmv2] [D] [thread 6423] [127.0] [cxt 0] Looking up key:

[22:32:08.677] [bmv2] [D] [thread 6423] [127.0] [cxt 0] Table 'tbl_qos200': miss
[22:32:08.677] [bmv2] [D] [thread 6423] [127.0] [cxt 0] Action entry is qos200 - 
[22:32:08.677] [bmv2] [T] [thread 6423] [127.0] [cxt 0] Action qos200
[22:32:08.677] [bmv2] [T] [thread 6423] [127.0] [cxt 0] qos.p4(200) Primitive hdr.ipv4.diffserv = (TARGET_DSCP << 2
[22:32:08.677] [bmv2] [T] [thread 6423] [127.0] [cxt 0] qos.p4(28) Primitive 7; ...
[22:32:08.677] [bmv2] [T] [thread 6423] [127.0] [cxt 0] Applying table 'MyIngress.ipv4_lpm'
[22:32:08.678] [bmv2] [D] [thread 6423] [127.0] [cxt 0] Looking up key:
* hdr.ipv4.dstAddr    : 0a000202

[22:32:08.678] [bmv2] [D] [thread 6423] [127.0] [cxt 0] Table 'MyIngress.ipv4_lpm': hit with handle 0
[22:32:08.678] [bmv2] [D] [thread 6423] [127.0] [cxt 0] Dumping entry 0
Match key:
* hdr.ipv4.dstAddr    : LPM       0a000202/32
Action entry: MyIngress.ipv4_forward - 80000000202,2,

[22:32:08.678] [bmv2] [D] [thread 6423] [127.0] [cxt 0] Action entry is MyIngress.ipv4_forward - 80000000202,2,
[22:32:08.678] [bmv2] [T] [thread 6423] [127.0] [cxt 0] Action MyIngress.ipv4_forward
[22:32:08.678] [bmv2] [T] [thread 6423] [127.0] [cxt 0] qos.p4(175) Primitive standard_metadata.egress_spec = port
[22:32:08.678] [bmv2] [T] [thread 6423] [127.0] [cxt 0] qos.p4(176) Primitive hdr.ethernet.srcAddr = hdr.ethernet.dstAddr
[22:32:08.678] [bmv2] [T] [thread 6423] [127.0] [cxt 0] qos.p4(177) Primitive hdr.ethernet.dstAddr = dstAddr
[22:32:08.678] [bmv2] [T] [thread 6423] [127.0] [cxt 0] qos.p4(178) Primitive hdr.ipv4.ttl = hdr.ipv4.ttl - 1
[22:32:08.678] [bmv2] [D] [thread 6423] [127.0] [cxt 0] Pipeline 'ingress': end
[22:32:08.678] [bmv2] [D] [thread 6423] [127.0] [cxt 0] Egress port is 2
[22:32:08.678] [bmv2] [D] [thread 6426] [127.0] [cxt 0] Pipeline 'egress': start
[22:32:08.678] [bmv2] [D] [thread 6426] [127.0] [cxt 0] Pipeline 'egress': end
[22:32:08.678] [bmv2] [D] [thread 6426] [127.0] [cxt 0] Deparser 'deparser': start
[22:32:08.678] [bmv2] [D] [thread 6426] [127.0] [cxt 0] Updating checksum 'cksum'
[22:32:08.678] [bmv2] [D] [thread 6426] [127.0] [cxt 0] Deparsing header 'ethernet'
[22:32:08.678] [bmv2] [D] [thread 6426] [127.0] [cxt 0] Deparsing header 'vlan'
[22:32:08.678] [bmv2] [D] [thread 6426] [127.0] [cxt 0] Deparsing header 'ipv4'
[22:32:08.679] [bmv2] [D] [thread 6426] [127.0] [cxt 0] Deparsing header 'ipv4_option'
[22:32:08.679] [bmv2] [D] [thread 6426] [127.0] [cxt 0] Deparsing header 'link_qos'
[22:32:08.679] [bmv2] [D] [thread 6426] [127.0] [cxt 0] Deparser 'deparser': end
[22:32:08.679] [bmv2] [D] [thread 6428] [127.0] [cxt 0] Transmitting packet of size 562 out of port 2
[22:32:08.793] [bmv2] [D] [thread 6423] [128.0] [cxt 0] Processing packet received on port 3
[22:32:08.793] [bmv2] [D] [thread 6423] [128.0] [cxt 0] Parser 'parser': start
[22:32:08.793] [bmv2] [D] [thread 6423] [128.0] [cxt 0] Parser 'parser' entering state 'start'
[22:32:08.793] [bmv2] [D] [thread 6423] [128.0] [cxt 0] Extracting header 'ethernet'
[22:32:08.793] [bmv2] [D] [thread 6423] [128.0] [cxt 0] Parser state 'start': key is 8100
[22:32:08.793] [bmv2] [T] [thread 6423] [128.0] [cxt 0] Bytes parsed: 14
[22:32:08.793] [bmv2] [D] [thread 6423] [128.0] [cxt 0] Parser 'parser' entering state 'parse_vlan'
[22:32:08.793] [bmv2] [D] [thread 6423] [128.0] [cxt 0] Extracting header 'vlan'
[22:32:08.793] [bmv2] [D] [thread 6423] [128.0] [cxt 0] Parser state 'parse_vlan': key is 0800
[22:32:08.793] [bmv2] [T] [thread 6423] [128.0] [cxt 0] Bytes parsed: 18
[22:32:08.793] [bmv2] [D] [thread 6423] [128.0] [cxt 0] Parser 'parser' entering state 'parse_ipv4'
[22:32:08.793] [bmv2] [D] [thread 6423] [128.0] [cxt 0] Extracting header 'ipv4'
[22:32:08.793] [bmv2] [D] [thread 6423] [128.0] [cxt 0] Parser set: setting field 'scalars.tmp' from expression, new value is 1
[22:32:08.793] [bmv2] [D] [thread 6423] [128.0] [cxt 0] Parser state 'parse_ipv4': key is 05
[22:32:08.793] [bmv2] [T] [thread 6423] [128.0] [cxt 0] Bytes parsed: 38
[22:32:08.793] [bmv2] [D] [thread 6423] [128.0] [cxt 0] Parser 'parser': end
[22:32:08.793] [bmv2] [D] [thread 6423] [128.0] [cxt 0] Pipeline 'ingress': start
[22:32:08.793] [bmv2] [T] [thread 6423] [128.0] [cxt 0] qos.p4(197) Condition "hdr.ipv4.isValid()" (node_2) is true
[22:32:08.793] [bmv2] [T] [thread 6423] [128.0] [cxt 0] qos.p4(198) Condition "hdr.ipv4_option.isValid()" (node_3) is false
[22:32:08.794] [bmv2] [T] [thread 6423] [128.0] [cxt 0] Applying table 'MyIngress.ipv4_lpm'
[22:32:08.794] [bmv2] [D] [thread 6423] [128.0] [cxt 0] Looking up key:
* hdr.ipv4.dstAddr    : 0a000202

[22:32:08.794] [bmv2] [D] [thread 6423] [128.0] [cxt 0] Table 'MyIngress.ipv4_lpm': hit with handle 0
[22:32:08.794] [bmv2] [D] [thread 6423] [128.0] [cxt 0] Dumping entry 0
Match key:
* hdr.ipv4.dstAddr    : LPM       0a000202/32
Action entry: MyIngress.ipv4_forward - 80000000202,2,

[22:32:08.794] [bmv2] [D] [thread 6423] [128.0] [cxt 0] Action entry is MyIngress.ipv4_forward - 80000000202,2,
[22:32:08.794] [bmv2] [T] [thread 6423] [128.0] [cxt 0] Action MyIngress.ipv4_forward
[22:32:08.794] [bmv2] [T] [thread 6423] [128.0] [cxt 0] qos.p4(175) Primitive standard_metadata.egress_spec = port
[22:32:08.794] [bmv2] [T] [thread 6423] [128.0] [cxt 0] qos.p4(176) Primitive hdr.ethernet.srcAddr = hdr.ethernet.dstAddr
[22:32:08.794] [bmv2] [T] [thread 6423] [128.0] [cxt 0] qos.p4(177) Primitive hdr.ethernet.dstAddr = dstAddr
[22:32:08.794] [bmv2] [T] [thread 6423] [128.0] [cxt 0] qos.p4(178) Primitive hdr.ipv4.ttl = hdr.ipv4.ttl - 1
[22:32:08.794] [bmv2] [D] [thread 6423] [128.0] [cxt 0] Pipeline 'ingress': end
[22:32:08.794] [bmv2] [D] [thread 6423] [128.0] [cxt 0] Egress port is 2
[22:32:08.794] [bmv2] [D] [thread 6426] [128.0] [cxt 0] Pipeline 'egress': start
[22:32:08.794] [bmv2] [D] [thread 6426] [128.0] [cxt 0] Pipeline 'egress': end
[22:32:08.794] [bmv2] [D] [thread 6426] [128.0] [cxt 0] Deparser 'deparser': start
[22:32:08.794] [bmv2] [D] [thread 6426] [128.0] [cxt 0] Updating checksum 'cksum'
[22:32:08.794] [bmv2] [D] [thread 6426] [128.0] [cxt 0] Deparsing header 'ethernet'
[22:32:08.794] [bmv2] [D] [thread 6426] [128.0] [cxt 0] Deparsing header 'vlan'
[22:32:08.794] [bmv2] [D] [thread 6426] [128.0] [cxt 0] Deparsing header 'ipv4'
[22:32:08.794] [bmv2] [D] [thread 6426] [128.0] [cxt 0] Deparser 'deparser': end
[22:32:08.794] [bmv2] [D] [thread 6428] [128.0] [cxt 0] Transmitting packet of size 558 out of port 2
[22:32:08.920] [bmv2] [D] [thread 6423] [129.0] [cxt 0] Processing packet received on port 3
[22:32:08.920] [bmv2] [D] [thread 6423] [129.0] [cxt 0] Parser 'parser': start
[22:32:08.920] [bmv2] [D] [thread 6423] [129.0] [cxt 0] Parser 'parser' entering state 'start'
[22:32:08.920] [bmv2] [D] [thread 6423] [129.0] [cxt 0] Extracting header 'ethernet'
[22:32:08.920] [bmv2] [D] [thread 6423] [129.0] [cxt 0] Parser state 'start': key is 8100
[22:32:08.920] [bmv2] [T] [thread 6423] [129.0] [cxt 0] Bytes parsed: 14
[22:32:08.920] [bmv2] [D] [thread 6423] [129.0] [cxt 0] Parser 'parser' entering state 'parse_vlan'
[22:32:08.920] [bmv2] [D] [thread 6423] [129.0] [cxt 0] Extracting header 'vlan'
[22:32:08.920] [bmv2] [D] [thread 6423] [129.0] [cxt 0] Parser state 'parse_vlan': key is 0800
[22:32:08.920] [bmv2] [T] [thread 6423] [129.0] [cxt 0] Bytes parsed: 18
[22:32:08.920] [bmv2] [D] [thread 6423] [129.0] [cxt 0] Parser 'parser' entering state 'parse_ipv4'
[22:32:08.920] [bmv2] [D] [thread 6423] [129.0] [cxt 0] Extracting header 'ipv4'
[22:32:08.920] [bmv2] [D] [thread 6423] [129.0] [cxt 0] Parser set: setting field 'scalars.tmp' from expression, new value is 1
[22:32:08.920] [bmv2] [D] [thread 6423] [129.0] [cxt 0] Parser state 'parse_ipv4': key is 05
[22:32:08.920] [bmv2] [T] [thread 6423] [129.0] [cxt 0] Bytes parsed: 38
[22:32:08.920] [bmv2] [D] [thread 6423] [129.0] [cxt 0] Parser 'parser': end
[22:32:08.920] [bmv2] [D] [thread 6423] [129.0] [cxt 0] Pipeline 'ingress': start
[22:32:08.920] [bmv2] [T] [thread 6423] [129.0] [cxt 0] qos.p4(197) Condition "hdr.ipv4.isValid()" (node_2) is true
[22:32:08.920] [bmv2] [T] [thread 6423] [129.0] [cxt 0] qos.p4(198) Condition "hdr.ipv4_option.isValid()" (node_3) is false
[22:32:08.920] [bmv2] [T] [thread 6423] [129.0] [cxt 0] Applying table 'MyIngress.ipv4_lpm'
[22:32:08.920] [bmv2] [D] [thread 6423] [129.0] [cxt 0] Looking up key:
* hdr.ipv4.dstAddr    : 0a000202

[22:32:08.920] [bmv2] [D] [thread 6423] [129.0] [cxt 0] Table 'MyIngress.ipv4_lpm': hit with handle 0
[22:32:08.920] [bmv2] [D] [thread 6423] [129.0] [cxt 0] Dumping entry 0
Match key:
* hdr.ipv4.dstAddr    : LPM       0a000202/32
Action entry: MyIngress.ipv4_forward - 80000000202,2,

[22:32:08.920] [bmv2] [D] [thread 6423] [129.0] [cxt 0] Action entry is MyIngress.ipv4_forward - 80000000202,2,
[22:32:08.921] [bmv2] [T] [thread 6423] [129.0] [cxt 0] Action MyIngress.ipv4_forward
[22:32:08.921] [bmv2] [T] [thread 6423] [129.0] [cxt 0] qos.p4(175) Primitive standard_metadata.egress_spec = port
[22:32:08.921] [bmv2] [T] [thread 6423] [129.0] [cxt 0] qos.p4(176) Primitive hdr.ethernet.srcAddr = hdr.ethernet.dstAddr
[22:32:08.921] [bmv2] [T] [thread 6423] [129.0] [cxt 0] qos.p4(177) Primitive hdr.ethernet.dstAddr = dstAddr
[22:32:08.921] [bmv2] [T] [thread 6423] [129.0] [cxt 0] qos.p4(178) Primitive hdr.ipv4.ttl = hdr.ipv4.ttl - 1
[22:32:08.921] [bmv2] [D] [thread 6423] [129.0] [cxt 0] Pipeline 'ingress': end
[22:32:08.921] [bmv2] [D] [thread 6423] [129.0] [cxt 0] Egress port is 2
[22:32:08.921] [bmv2] [D] [thread 6426] [129.0] [cxt 0] Pipeline 'egress': start
[22:32:08.921] [bmv2] [D] [thread 6426] [129.0] [cxt 0] Pipeline 'egress': end
[22:32:08.921] [bmv2] [D] [thread 6426] [129.0] [cxt 0] Deparser 'deparser': start
[22:32:08.921] [bmv2] [D] [thread 6426] [129.0] [cxt 0] Updating checksum 'cksum'
[22:32:08.921] [bmv2] [D] [thread 6426] [129.0] [cxt 0] Deparsing header 'ethernet'
[22:32:08.921] [bmv2] [D] [thread 6426] [129.0] [cxt 0] Deparsing header 'vlan'
[22:32:08.921] [bmv2] [D] [thread 6426] [129.0] [cxt 0] Deparsing header 'ipv4'
[22:32:08.921] [bmv2] [D] [thread 6426] [129.0] [cxt 0] Deparser 'deparser': end
[22:32:08.921] [bmv2] [D] [thread 6428] [129.0] [cxt 0] Transmitting packet of size 558 out of port 2
[22:32:09.008] [bmv2] [D] [thread 6423] [130.0] [cxt 0] Processing packet received on port 3
[22:32:09.008] [bmv2] [D] [thread 6423] [130.0] [cxt 0] Parser 'parser': start
[22:32:09.008] [bmv2] [D] [thread 6423] [130.0] [cxt 0] Parser 'parser' entering state 'start'
[22:32:09.008] [bmv2] [D] [thread 6423] [130.0] [cxt 0] Extracting header 'ethernet'
[22:32:09.008] [bmv2] [D] [thread 6423] [130.0] [cxt 0] Parser state 'start': key is 8100
[22:32:09.008] [bmv2] [T] [thread 6423] [130.0] [cxt 0] Bytes parsed: 14
[22:32:09.008] [bmv2] [D] [thread 6423] [130.0] [cxt 0] Parser 'parser' entering state 'parse_vlan'
[22:32:09.008] [bmv2] [D] [thread 6423] [130.0] [cxt 0] Extracting header 'vlan'
[22:32:09.008] [bmv2] [D] [thread 6423] [130.0] [cxt 0] Parser state 'parse_vlan': key is 0800
[22:32:09.008] [bmv2] [T] [thread 6423] [130.0] [cxt 0] Bytes parsed: 18
[22:32:09.008] [bmv2] [D] [thread 6423] [130.0] [cxt 0] Parser 'parser' entering state 'parse_ipv4'
[22:32:09.008] [bmv2] [D] [thread 6423] [130.0] [cxt 0] Extracting header 'ipv4'
[22:32:09.008] [bmv2] [D] [thread 6423] [130.0] [cxt 0] Parser set: setting field 'scalars.tmp' from expression, new value is 1
[22:32:09.008] [bmv2] [D] [thread 6423] [130.0] [cxt 0] Parser state 'parse_ipv4': key is 05
[22:32:09.008] [bmv2] [T] [thread 6423] [130.0] [cxt 0] Bytes parsed: 38
[22:32:09.008] [bmv2] [D] [thread 6423] [130.0] [cxt 0] Parser 'parser': end
[22:32:09.008] [bmv2] [D] [thread 6423] [130.0] [cxt 0] Pipeline 'ingress': start
[22:32:09.008] [bmv2] [T] [thread 6423] [130.0] [cxt 0] qos.p4(197) Condition "hdr.ipv4.isValid()" (node_2) is true
[22:32:09.009] [bmv2] [T] [thread 6423] [130.0] [cxt 0] qos.p4(198) Condition "hdr.ipv4_option.isValid()" (node_3) is false
[22:32:09.009] [bmv2] [T] [thread 6423] [130.0] [cxt 0] Applying table 'MyIngress.ipv4_lpm'
[22:32:09.009] [bmv2] [D] [thread 6423] [130.0] [cxt 0] Looking up key:
* hdr.ipv4.dstAddr    : 0a000202

[22:32:09.009] [bmv2] [D] [thread 6423] [130.0] [cxt 0] Table 'MyIngress.ipv4_lpm': hit with handle 0
[22:32:09.009] [bmv2] [D] [thread 6423] [130.0] [cxt 0] Dumping entry 0
Match key:
* hdr.ipv4.dstAddr    : LPM       0a000202/32
Action entry: MyIngress.ipv4_forward - 80000000202,2,

[22:32:09.009] [bmv2] [D] [thread 6423] [130.0] [cxt 0] Action entry is MyIngress.ipv4_forward - 80000000202,2,
[22:32:09.009] [bmv2] [T] [thread 6423] [130.0] [cxt 0] Action MyIngress.ipv4_forward
[22:32:09.009] [bmv2] [T] [thread 6423] [130.0] [cxt 0] qos.p4(175) Primitive standard_metadata.egress_spec = port
[22:32:09.009] [bmv2] [T] [thread 6423] [130.0] [cxt 0] qos.p4(176) Primitive hdr.ethernet.srcAddr = hdr.ethernet.dstAddr
[22:32:09.009] [bmv2] [T] [thread 6423] [130.0] [cxt 0] qos.p4(177) Primitive hdr.ethernet.dstAddr = dstAddr
[22:32:09.009] [bmv2] [T] [thread 6423] [130.0] [cxt 0] qos.p4(178) Primitive hdr.ipv4.ttl = hdr.ipv4.ttl - 1
[22:32:09.009] [bmv2] [D] [thread 6423] [130.0] [cxt 0] Pipeline 'ingress': end
[22:32:09.009] [bmv2] [D] [thread 6423] [130.0] [cxt 0] Egress port is 2
[22:32:09.009] [bmv2] [D] [thread 6426] [130.0] [cxt 0] Pipeline 'egress': start
[22:32:09.009] [bmv2] [D] [thread 6426] [130.0] [cxt 0] Pipeline 'egress': end
[22:32:09.009] [bmv2] [D] [thread 6426] [130.0] [cxt 0] Deparser 'deparser': start
[22:32:09.009] [bmv2] [D] [thread 6426] [130.0] [cxt 0] Updating checksum 'cksum'
[22:32:09.009] [bmv2] [D] [thread 6426] [130.0] [cxt 0] Deparsing header 'ethernet'
[22:32:09.009] [bmv2] [D] [thread 6426] [130.0] [cxt 0] Deparsing header 'vlan'
[22:32:09.009] [bmv2] [D] [thread 6426] [130.0] [cxt 0] Deparsing header 'ipv4'
[22:32:09.009] [bmv2] [D] [thread 6426] [130.0] [cxt 0] Deparser 'deparser': end
[22:32:09.009] [bmv2] [D] [thread 6428] [130.0] [cxt 0] Transmitting packet of size 558 out of port 2
[22:32:09.043] [bmv2] [D] [thread 6423] [131.0] [cxt 0] Processing packet received on port 3
[22:32:09.043] [bmv2] [D] [thread 6423] [131.0] [cxt 0] Parser 'parser': start
[22:32:09.043] [bmv2] [D] [thread 6423] [131.0] [cxt 0] Parser 'parser' entering state 'start'
[22:32:09.043] [bmv2] [D] [thread 6423] [131.0] [cxt 0] Extracting header 'ethernet'
[22:32:09.043] [bmv2] [D] [thread 6423] [131.0] [cxt 0] Parser state 'start': key is 8100
[22:32:09.043] [bmv2] [T] [thread 6423] [131.0] [cxt 0] Bytes parsed: 14
[22:32:09.043] [bmv2] [D] [thread 6423] [131.0] [cxt 0] Parser 'parser' entering state 'parse_vlan'
[22:32:09.043] [bmv2] [D] [thread 6423] [131.0] [cxt 0] Extracting header 'vlan'
[22:32:09.043] [bmv2] [D] [thread 6423] [131.0] [cxt 0] Parser state 'parse_vlan': key is 0800
[22:32:09.043] [bmv2] [T] [thread 6423] [131.0] [cxt 0] Bytes parsed: 18
[22:32:09.043] [bmv2] [D] [thread 6423] [131.0] [cxt 0] Parser 'parser' entering state 'parse_ipv4'
[22:32:09.043] [bmv2] [D] [thread 6423] [131.0] [cxt 0] Extracting header 'ipv4'
[22:32:09.043] [bmv2] [D] [thread 6423] [131.0] [cxt 0] Parser set: setting field 'scalars.tmp' from expression, new value is 1
[22:32:09.043] [bmv2] [D] [thread 6423] [131.0] [cxt 0] Parser state 'parse_ipv4': key is 05
[22:32:09.043] [bmv2] [T] [thread 6423] [131.0] [cxt 0] Bytes parsed: 38
[22:32:09.043] [bmv2] [D] [thread 6423] [131.0] [cxt 0] Parser 'parser': end
[22:32:09.043] [bmv2] [D] [thread 6423] [131.0] [cxt 0] Pipeline 'ingress': start
[22:32:09.043] [bmv2] [T] [thread 6423] [131.0] [cxt 0] qos.p4(197) Condition "hdr.ipv4.isValid()" (node_2) is true
[22:32:09.043] [bmv2] [T] [thread 6423] [131.0] [cxt 0] qos.p4(198) Condition "hdr.ipv4_option.isValid()" (node_3) is false
[22:32:09.043] [bmv2] [T] [thread 6423] [131.0] [cxt 0] Applying table 'MyIngress.ipv4_lpm'
[22:32:09.043] [bmv2] [D] [thread 6423] [131.0] [cxt 0] Looking up key:
* hdr.ipv4.dstAddr    : 0a000202

[22:32:09.043] [bmv2] [D] [thread 6423] [131.0] [cxt 0] Table 'MyIngress.ipv4_lpm': hit with handle 0
[22:32:09.043] [bmv2] [D] [thread 6423] [131.0] [cxt 0] Dumping entry 0
Match key:
* hdr.ipv4.dstAddr    : LPM       0a000202/32
Action entry: MyIngress.ipv4_forward - 80000000202,2,

[22:32:09.043] [bmv2] [D] [thread 6423] [131.0] [cxt 0] Action entry is MyIngress.ipv4_forward - 80000000202,2,
[22:32:09.043] [bmv2] [T] [thread 6423] [131.0] [cxt 0] Action MyIngress.ipv4_forward
[22:32:09.043] [bmv2] [T] [thread 6423] [131.0] [cxt 0] qos.p4(175) Primitive standard_metadata.egress_spec = port
[22:32:09.043] [bmv2] [T] [thread 6423] [131.0] [cxt 0] qos.p4(176) Primitive hdr.ethernet.srcAddr = hdr.ethernet.dstAddr
[22:32:09.043] [bmv2] [T] [thread 6423] [131.0] [cxt 0] qos.p4(177) Primitive hdr.ethernet.dstAddr = dstAddr
[22:32:09.043] [bmv2] [T] [thread 6423] [131.0] [cxt 0] qos.p4(178) Primitive hdr.ipv4.ttl = hdr.ipv4.ttl - 1
[22:32:09.044] [bmv2] [D] [thread 6423] [131.0] [cxt 0] Pipeline 'ingress': end
[22:32:09.044] [bmv2] [D] [thread 6423] [131.0] [cxt 0] Egress port is 2
[22:32:09.044] [bmv2] [D] [thread 6426] [131.0] [cxt 0] Pipeline 'egress': start
[22:32:09.044] [bmv2] [D] [thread 6426] [131.0] [cxt 0] Pipeline 'egress': end
[22:32:09.044] [bmv2] [D] [thread 6426] [131.0] [cxt 0] Deparser 'deparser': start
[22:32:09.044] [bmv2] [D] [thread 6426] [131.0] [cxt 0] Updating checksum 'cksum'
[22:32:09.044] [bmv2] [D] [thread 6426] [131.0] [cxt 0] Deparsing header 'ethernet'
[22:32:09.044] [bmv2] [D] [thread 6426] [131.0] [cxt 0] Deparsing header 'vlan'
[22:32:09.044] [bmv2] [D] [thread 6426] [131.0] [cxt 0] Deparsing header 'ipv4'
[22:32:09.044] [bmv2] [D] [thread 6426] [131.0] [cxt 0] Deparser 'deparser': end
[22:32:09.044] [bmv2] [D] [thread 6428] [131.0] [cxt 0] Transmitting packet of size 558 out of port 2
[22:32:09.166] [bmv2] [D] [thread 6423] [132.0] [cxt 0] Processing packet received on port 3
[22:32:09.166] [bmv2] [D] [thread 6423] [132.0] [cxt 0] Parser 'parser': start
[22:32:09.166] [bmv2] [D] [thread 6423] [132.0] [cxt 0] Parser 'parser' entering state 'start'
[22:32:09.167] [bmv2] [D] [thread 6423] [132.0] [cxt 0] Extracting header 'ethernet'
[22:32:09.167] [bmv2] [D] [thread 6423] [132.0] [cxt 0] Parser state 'start': key is 8100
[22:32:09.167] [bmv2] [T] [thread 6423] [132.0] [cxt 0] Bytes parsed: 14
[22:32:09.167] [bmv2] [D] [thread 6423] [132.0] [cxt 0] Parser 'parser' entering state 'parse_vlan'
[22:32:09.167] [bmv2] [D] [thread 6423] [132.0] [cxt 0] Extracting header 'vlan'
[22:32:09.167] [bmv2] [D] [thread 6423] [132.0] [cxt 0] Parser state 'parse_vlan': key is 0800
[22:32:09.167] [bmv2] [T] [thread 6423] [132.0] [cxt 0] Bytes parsed: 18
[22:32:09.167] [bmv2] [D] [thread 6423] [132.0] [cxt 0] Parser 'parser' entering state 'parse_ipv4'
[22:32:09.167] [bmv2] [D] [thread 6423] [132.0] [cxt 0] Extracting header 'ipv4'
[22:32:09.167] [bmv2] [D] [thread 6423] [132.0] [cxt 0] Parser set: setting field 'scalars.tmp' from expression, new value is 1
[22:32:09.167] [bmv2] [D] [thread 6423] [132.0] [cxt 0] Parser state 'parse_ipv4': key is 05
[22:32:09.167] [bmv2] [T] [thread 6423] [132.0] [cxt 0] Bytes parsed: 38
[22:32:09.167] [bmv2] [D] [thread 6423] [132.0] [cxt 0] Parser 'parser': end
[22:32:09.167] [bmv2] [D] [thread 6423] [132.0] [cxt 0] Pipeline 'ingress': start
[22:32:09.167] [bmv2] [T] [thread 6423] [132.0] [cxt 0] qos.p4(197) Condition "hdr.ipv4.isValid()" (node_2) is true
[22:32:09.167] [bmv2] [T] [thread 6423] [132.0] [cxt 0] qos.p4(198) Condition "hdr.ipv4_option.isValid()" (node_3) is false
[22:32:09.167] [bmv2] [T] [thread 6423] [132.0] [cxt 0] Applying table 'MyIngress.ipv4_lpm'
[22:32:09.167] [bmv2] [D] [thread 6423] [132.0] [cxt 0] Looking up key:
* hdr.ipv4.dstAddr    : 0a000202

[22:32:09.167] [bmv2] [D] [thread 6423] [132.0] [cxt 0] Table 'MyIngress.ipv4_lpm': hit with handle 0
[22:32:09.167] [bmv2] [D] [thread 6423] [132.0] [cxt 0] Dumping entry 0
Match key:
* hdr.ipv4.dstAddr    : LPM       0a000202/32
Action entry: MyIngress.ipv4_forward - 80000000202,2,

[22:32:09.167] [bmv2] [D] [thread 6423] [132.0] [cxt 0] Action entry is MyIngress.ipv4_forward - 80000000202,2,
[22:32:09.167] [bmv2] [T] [thread 6423] [132.0] [cxt 0] Action MyIngress.ipv4_forward
[22:32:09.167] [bmv2] [T] [thread 6423] [132.0] [cxt 0] qos.p4(175) Primitive standard_metadata.egress_spec = port
[22:32:09.167] [bmv2] [T] [thread 6423] [132.0] [cxt 0] qos.p4(176) Primitive hdr.ethernet.srcAddr = hdr.ethernet.dstAddr
[22:32:09.167] [bmv2] [T] [thread 6423] [132.0] [cxt 0] qos.p4(177) Primitive hdr.ethernet.dstAddr = dstAddr
[22:32:09.167] [bmv2] [T] [thread 6423] [132.0] [cxt 0] qos.p4(178) Primitive hdr.ipv4.ttl = hdr.ipv4.ttl - 1
[22:32:09.167] [bmv2] [D] [thread 6423] [132.0] [cxt 0] Pipeline 'ingress': end
[22:32:09.167] [bmv2] [D] [thread 6423] [132.0] [cxt 0] Egress port is 2
[22:32:09.167] [bmv2] [D] [thread 6426] [132.0] [cxt 0] Pipeline 'egress': start
[22:32:09.167] [bmv2] [D] [thread 6426] [132.0] [cxt 0] Pipeline 'egress': end
[22:32:09.168] [bmv2] [D] [thread 6426] [132.0] [cxt 0] Deparser 'deparser': start
[22:32:09.168] [bmv2] [D] [thread 6426] [132.0] [cxt 0] Updating checksum 'cksum'
[22:32:09.168] [bmv2] [D] [thread 6426] [132.0] [cxt 0] Deparsing header 'ethernet'
[22:32:09.168] [bmv2] [D] [thread 6426] [132.0] [cxt 0] Deparsing header 'vlan'
[22:32:09.168] [bmv2] [D] [thread 6426] [132.0] [cxt 0] Deparsing header 'ipv4'
[22:32:09.168] [bmv2] [D] [thread 6426] [132.0] [cxt 0] Deparser 'deparser': end
[22:32:09.168] [bmv2] [D] [thread 6428] [132.0] [cxt 0] Transmitting packet of size 558 out of port 2
[22:32:09.294] [bmv2] [D] [thread 6423] [133.0] [cxt 0] Processing packet received on port 3
[22:32:09.295] [bmv2] [D] [thread 6423] [133.0] [cxt 0] Parser 'parser': start
[22:32:09.295] [bmv2] [D] [thread 6423] [133.0] [cxt 0] Parser 'parser' entering state 'start'
[22:32:09.295] [bmv2] [D] [thread 6423] [133.0] [cxt 0] Extracting header 'ethernet'
[22:32:09.295] [bmv2] [D] [thread 6423] [133.0] [cxt 0] Parser state 'start': key is 8100
[22:32:09.295] [bmv2] [T] [thread 6423] [133.0] [cxt 0] Bytes parsed: 14
[22:32:09.295] [bmv2] [D] [thread 6423] [133.0] [cxt 0] Parser 'parser' entering state 'parse_vlan'
[22:32:09.295] [bmv2] [D] [thread 6423] [133.0] [cxt 0] Extracting header 'vlan'
[22:32:09.295] [bmv2] [D] [thread 6423] [133.0] [cxt 0] Parser state 'parse_vlan': key is 0800
[22:32:09.295] [bmv2] [T] [thread 6423] [133.0] [cxt 0] Bytes parsed: 18
[22:32:09.295] [bmv2] [D] [thread 6423] [133.0] [cxt 0] Parser 'parser' entering state 'parse_ipv4'
[22:32:09.295] [bmv2] [D] [thread 6423] [133.0] [cxt 0] Extracting header 'ipv4'
[22:32:09.295] [bmv2] [D] [thread 6423] [133.0] [cxt 0] Parser set: setting field 'scalars.tmp' from expression, new value is 1
[22:32:09.295] [bmv2] [D] [thread 6423] [133.0] [cxt 0] Parser state 'parse_ipv4': key is 05
[22:32:09.295] [bmv2] [T] [thread 6423] [133.0] [cxt 0] Bytes parsed: 38
[22:32:09.295] [bmv2] [D] [thread 6423] [133.0] [cxt 0] Parser 'parser': end
[22:32:09.295] [bmv2] [D] [thread 6423] [133.0] [cxt 0] Pipeline 'ingress': start
[22:32:09.295] [bmv2] [T] [thread 6423] [133.0] [cxt 0] qos.p4(197) Condition "hdr.ipv4.isValid()" (node_2) is true
[22:32:09.295] [bmv2] [T] [thread 6423] [133.0] [cxt 0] qos.p4(198) Condition "hdr.ipv4_option.isValid()" (node_3) is false
[22:32:09.295] [bmv2] [T] [thread 6423] [133.0] [cxt 0] Applying table 'MyIngress.ipv4_lpm'
[22:32:09.295] [bmv2] [D] [thread 6423] [133.0] [cxt 0] Looking up key:
* hdr.ipv4.dstAddr    : 0a000202

[22:32:09.295] [bmv2] [D] [thread 6423] [133.0] [cxt 0] Table 'MyIngress.ipv4_lpm': hit with handle 0
[22:32:09.295] [bmv2] [D] [thread 6423] [133.0] [cxt 0] Dumping entry 0
Match key:
* hdr.ipv4.dstAddr    : LPM       0a000202/32
Action entry: MyIngress.ipv4_forward - 80000000202,2,

[22:32:09.295] [bmv2] [D] [thread 6423] [133.0] [cxt 0] Action entry is MyIngress.ipv4_forward - 80000000202,2,
[22:32:09.295] [bmv2] [T] [thread 6423] [133.0] [cxt 0] Action MyIngress.ipv4_forward
[22:32:09.295] [bmv2] [T] [thread 6423] [133.0] [cxt 0] qos.p4(175) Primitive standard_metadata.egress_spec = port
[22:32:09.295] [bmv2] [T] [thread 6423] [133.0] [cxt 0] qos.p4(176) Primitive hdr.ethernet.srcAddr = hdr.ethernet.dstAddr
[22:32:09.295] [bmv2] [T] [thread 6423] [133.0] [cxt 0] qos.p4(177) Primitive hdr.ethernet.dstAddr = dstAddr
[22:32:09.295] [bmv2] [T] [thread 6423] [133.0] [cxt 0] qos.p4(178) Primitive hdr.ipv4.ttl = hdr.ipv4.ttl - 1
[22:32:09.295] [bmv2] [D] [thread 6423] [133.0] [cxt 0] Pipeline 'ingress': end
[22:32:09.295] [bmv2] [D] [thread 6423] [133.0] [cxt 0] Egress port is 2
[22:32:09.296] [bmv2] [D] [thread 6426] [133.0] [cxt 0] Pipeline 'egress': start
[22:32:09.296] [bmv2] [D] [thread 6426] [133.0] [cxt 0] Pipeline 'egress': end
[22:32:09.296] [bmv2] [D] [thread 6426] [133.0] [cxt 0] Deparser 'deparser': start
[22:32:09.296] [bmv2] [D] [thread 6426] [133.0] [cxt 0] Updating checksum 'cksum'
[22:32:09.296] [bmv2] [D] [thread 6426] [133.0] [cxt 0] Deparsing header 'ethernet'
[22:32:09.296] [bmv2] [D] [thread 6426] [133.0] [cxt 0] Deparsing header 'vlan'
[22:32:09.296] [bmv2] [D] [thread 6426] [133.0] [cxt 0] Deparsing header 'ipv4'
[22:32:09.296] [bmv2] [D] [thread 6426] [133.0] [cxt 0] Deparser 'deparser': end
[22:32:09.296] [bmv2] [D] [thread 6428] [133.0] [cxt 0] Transmitting packet of size 558 out of port 2
[22:32:09.422] [bmv2] [D] [thread 6423] [134.0] [cxt 0] Processing packet received on port 3
[22:32:09.423] [bmv2] [D] [thread 6423] [134.0] [cxt 0] Parser 'parser': start
[22:32:09.423] [bmv2] [D] [thread 6423] [134.0] [cxt 0] Parser 'parser' entering state 'start'
[22:32:09.423] [bmv2] [D] [thread 6423] [134.0] [cxt 0] Extracting header 'ethernet'
[22:32:09.423] [bmv2] [D] [thread 6423] [134.0] [cxt 0] Parser state 'start': key is 8100
[22:32:09.423] [bmv2] [T] [thread 6423] [134.0] [cxt 0] Bytes parsed: 14
[22:32:09.423] [bmv2] [D] [thread 6423] [134.0] [cxt 0] Parser 'parser' entering state 'parse_vlan'
[22:32:09.423] [bmv2] [D] [thread 6423] [134.0] [cxt 0] Extracting header 'vlan'
[22:32:09.423] [bmv2] [D] [thread 6423] [134.0] [cxt 0] Parser state 'parse_vlan': key is 0800
[22:32:09.423] [bmv2] [T] [thread 6423] [134.0] [cxt 0] Bytes parsed: 18
[22:32:09.423] [bmv2] [D] [thread 6423] [134.0] [cxt 0] Parser 'parser' entering state 'parse_ipv4'
[22:32:09.423] [bmv2] [D] [thread 6423] [134.0] [cxt 0] Extracting header 'ipv4'
[22:32:09.423] [bmv2] [D] [thread 6423] [134.0] [cxt 0] Parser set: setting field 'scalars.tmp' from expression, new value is 1
[22:32:09.423] [bmv2] [D] [thread 6423] [134.0] [cxt 0] Parser state 'parse_ipv4': key is 05
[22:32:09.423] [bmv2] [T] [thread 6423] [134.0] [cxt 0] Bytes parsed: 38
[22:32:09.423] [bmv2] [D] [thread 6423] [134.0] [cxt 0] Parser 'parser': end
[22:32:09.423] [bmv2] [D] [thread 6423] [134.0] [cxt 0] Pipeline 'ingress': start
[22:32:09.423] [bmv2] [T] [thread 6423] [134.0] [cxt 0] qos.p4(197) Condition "hdr.ipv4.isValid()" (node_2) is true
[22:32:09.423] [bmv2] [T] [thread 6423] [134.0] [cxt 0] qos.p4(198) Condition "hdr.ipv4_option.isValid()" (node_3) is false
[22:32:09.423] [bmv2] [T] [thread 6423] [134.0] [cxt 0] Applying table 'MyIngress.ipv4_lpm'
[22:32:09.423] [bmv2] [D] [thread 6423] [134.0] [cxt 0] Looking up key:
* hdr.ipv4.dstAddr    : 0a000202

[22:32:09.423] [bmv2] [D] [thread 6423] [134.0] [cxt 0] Table 'MyIngress.ipv4_lpm': hit with handle 0
[22:32:09.423] [bmv2] [D] [thread 6423] [134.0] [cxt 0] Dumping entry 0
Match key:
* hdr.ipv4.dstAddr    : LPM       0a000202/32
Action entry: MyIngress.ipv4_forward - 80000000202,2,

[22:32:09.423] [bmv2] [D] [thread 6423] [134.0] [cxt 0] Action entry is MyIngress.ipv4_forward - 80000000202,2,
[22:32:09.423] [bmv2] [T] [thread 6423] [134.0] [cxt 0] Action MyIngress.ipv4_forward
[22:32:09.423] [bmv2] [T] [thread 6423] [134.0] [cxt 0] qos.p4(175) Primitive standard_metadata.egress_spec = port
[22:32:09.423] [bmv2] [T] [thread 6423] [134.0] [cxt 0] qos.p4(176) Primitive hdr.ethernet.srcAddr = hdr.ethernet.dstAddr
[22:32:09.423] [bmv2] [T] [thread 6423] [134.0] [cxt 0] qos.p4(177) Primitive hdr.ethernet.dstAddr = dstAddr
[22:32:09.423] [bmv2] [T] [thread 6423] [134.0] [cxt 0] qos.p4(178) Primitive hdr.ipv4.ttl = hdr.ipv4.ttl - 1
[22:32:09.423] [bmv2] [D] [thread 6423] [134.0] [cxt 0] Pipeline 'ingress': end
[22:32:09.423] [bmv2] [D] [thread 6423] [134.0] [cxt 0] Egress port is 2
[22:32:09.424] [bmv2] [D] [thread 6426] [134.0] [cxt 0] Pipeline 'egress': start
[22:32:09.424] [bmv2] [D] [thread 6426] [134.0] [cxt 0] Pipeline 'egress': end
[22:32:09.424] [bmv2] [D] [thread 6426] [134.0] [cxt 0] Deparser 'deparser': start
[22:32:09.424] [bmv2] [D] [thread 6426] [134.0] [cxt 0] Updating checksum 'cksum'
[22:32:09.424] [bmv2] [D] [thread 6426] [134.0] [cxt 0] Deparsing header 'ethernet'
[22:32:09.424] [bmv2] [D] [thread 6426] [134.0] [cxt 0] Deparsing header 'vlan'
[22:32:09.424] [bmv2] [D] [thread 6426] [134.0] [cxt 0] Deparsing header 'ipv4'
[22:32:09.424] [bmv2] [D] [thread 6426] [134.0] [cxt 0] Deparser 'deparser': end
[22:32:09.424] [bmv2] [D] [thread 6428] [134.0] [cxt 0] Transmitting packet of size 558 out of port 2
[22:32:09.552] [bmv2] [D] [thread 6423] [135.0] [cxt 0] Processing packet received on port 3
[22:32:09.552] [bmv2] [D] [thread 6423] [135.0] [cxt 0] Parser 'parser': start
[22:32:09.552] [bmv2] [D] [thread 6423] [135.0] [cxt 0] Parser 'parser' entering state 'start'
[22:32:09.552] [bmv2] [D] [thread 6423] [135.0] [cxt 0] Extracting header 'ethernet'
[22:32:09.552] [bmv2] [D] [thread 6423] [135.0] [cxt 0] Parser state 'start': key is 8100
[22:32:09.552] [bmv2] [T] [thread 6423] [135.0] [cxt 0] Bytes parsed: 14
[22:32:09.552] [bmv2] [D] [thread 6423] [135.0] [cxt 0] Parser 'parser' entering state 'parse_vlan'
[22:32:09.552] [bmv2] [D] [thread 6423] [135.0] [cxt 0] Extracting header 'vlan'
[22:32:09.552] [bmv2] [D] [thread 6423] [135.0] [cxt 0] Parser state 'parse_vlan': key is 0800
[22:32:09.552] [bmv2] [T] [thread 6423] [135.0] [cxt 0] Bytes parsed: 18
[22:32:09.552] [bmv2] [D] [thread 6423] [135.0] [cxt 0] Parser 'parser' entering state 'parse_ipv4'
[22:32:09.552] [bmv2] [D] [thread 6423] [135.0] [cxt 0] Extracting header 'ipv4'
[22:32:09.552] [bmv2] [D] [thread 6423] [135.0] [cxt 0] Parser set: setting field 'scalars.tmp' from expression, new value is 1
[22:32:09.552] [bmv2] [D] [thread 6423] [135.0] [cxt 0] Parser state 'parse_ipv4': key is 05
[22:32:09.552] [bmv2] [T] [thread 6423] [135.0] [cxt 0] Bytes parsed: 38
[22:32:09.552] [bmv2] [D] [thread 6423] [135.0] [cxt 0] Parser 'parser': end
[22:32:09.552] [bmv2] [D] [thread 6423] [135.0] [cxt 0] Pipeline 'ingress': start
[22:32:09.552] [bmv2] [T] [thread 6423] [135.0] [cxt 0] qos.p4(197) Condition "hdr.ipv4.isValid()" (node_2) is true
[22:32:09.552] [bmv2] [T] [thread 6423] [135.0] [cxt 0] qos.p4(198) Condition "hdr.ipv4_option.isValid()" (node_3) is false
[22:32:09.552] [bmv2] [T] [thread 6423] [135.0] [cxt 0] Applying table 'MyIngress.ipv4_lpm'
[22:32:09.552] [bmv2] [D] [thread 6423] [135.0] [cxt 0] Looking up key:
* hdr.ipv4.dstAddr    : 0a000202

[22:32:09.553] [bmv2] [D] [thread 6423] [135.0] [cxt 0] Table 'MyIngress.ipv4_lpm': hit with handle 0
[22:32:09.553] [bmv2] [D] [thread 6423] [135.0] [cxt 0] Dumping entry 0
Match key:
* hdr.ipv4.dstAddr    : LPM       0a000202/32
Action entry: MyIngress.ipv4_forward - 80000000202,2,

[22:32:09.553] [bmv2] [D] [thread 6423] [135.0] [cxt 0] Action entry is MyIngress.ipv4_forward - 80000000202,2,
[22:32:09.553] [bmv2] [T] [thread 6423] [135.0] [cxt 0] Action MyIngress.ipv4_forward
[22:32:09.553] [bmv2] [T] [thread 6423] [135.0] [cxt 0] qos.p4(175) Primitive standard_metadata.egress_spec = port
[22:32:09.553] [bmv2] [T] [thread 6423] [135.0] [cxt 0] qos.p4(176) Primitive hdr.ethernet.srcAddr = hdr.ethernet.dstAddr
[22:32:09.553] [bmv2] [T] [thread 6423] [135.0] [cxt 0] qos.p4(177) Primitive hdr.ethernet.dstAddr = dstAddr
[22:32:09.553] [bmv2] [T] [thread 6423] [135.0] [cxt 0] qos.p4(178) Primitive hdr.ipv4.ttl = hdr.ipv4.ttl - 1
[22:32:09.553] [bmv2] [D] [thread 6423] [135.0] [cxt 0] Pipeline 'ingress': end
[22:32:09.553] [bmv2] [D] [thread 6423] [135.0] [cxt 0] Egress port is 2
[22:32:09.553] [bmv2] [D] [thread 6426] [135.0] [cxt 0] Pipeline 'egress': start
[22:32:09.553] [bmv2] [D] [thread 6426] [135.0] [cxt 0] Pipeline 'egress': end
[22:32:09.553] [bmv2] [D] [thread 6426] [135.0] [cxt 0] Deparser 'deparser': start
[22:32:09.553] [bmv2] [D] [thread 6426] [135.0] [cxt 0] Updating checksum 'cksum'
[22:32:09.553] [bmv2] [D] [thread 6426] [135.0] [cxt 0] Deparsing header 'ethernet'
[22:32:09.553] [bmv2] [D] [thread 6426] [135.0] [cxt 0] Deparsing header 'vlan'
[22:32:09.553] [bmv2] [D] [thread 6426] [135.0] [cxt 0] Deparsing header 'ipv4'
[22:32:09.553] [bmv2] [D] [thread 6426] [135.0] [cxt 0] Deparser 'deparser': end
[22:32:09.553] [bmv2] [D] [thread 6428] [135.0] [cxt 0] Transmitting packet of size 558 out of port 2
[22:32:09.679] [bmv2] [D] [thread 6423] [136.0] [cxt 0] Processing packet received on port 3
[22:32:09.679] [bmv2] [D] [thread 6423] [136.0] [cxt 0] Parser 'parser': start
[22:32:09.679] [bmv2] [D] [thread 6423] [136.0] [cxt 0] Parser 'parser' entering state 'start'
[22:32:09.679] [bmv2] [D] [thread 6423] [136.0] [cxt 0] Extracting header 'ethernet'
[22:32:09.679] [bmv2] [D] [thread 6423] [136.0] [cxt 0] Parser state 'start': key is 8100
[22:32:09.679] [bmv2] [T] [thread 6423] [136.0] [cxt 0] Bytes parsed: 14
[22:32:09.679] [bmv2] [D] [thread 6423] [136.0] [cxt 0] Parser 'parser' entering state 'parse_vlan'
[22:32:09.679] [bmv2] [D] [thread 6423] [136.0] [cxt 0] Extracting header 'vlan'
[22:32:09.679] [bmv2] [D] [thread 6423] [136.0] [cxt 0] Parser state 'parse_vlan': key is 0800
[22:32:09.679] [bmv2] [T] [thread 6423] [136.0] [cxt 0] Bytes parsed: 18
[22:32:09.679] [bmv2] [D] [thread 6423] [136.0] [cxt 0] Parser 'parser' entering state 'parse_ipv4'
[22:32:09.679] [bmv2] [D] [thread 6423] [136.0] [cxt 0] Extracting header 'ipv4'
[22:32:09.679] [bmv2] [D] [thread 6423] [136.0] [cxt 0] Parser set: setting field 'scalars.tmp' from expression, new value is 1
[22:32:09.679] [bmv2] [D] [thread 6423] [136.0] [cxt 0] Parser state 'parse_ipv4': key is 05
[22:32:09.679] [bmv2] [T] [thread 6423] [136.0] [cxt 0] Bytes parsed: 38
[22:32:09.679] [bmv2] [D] [thread 6423] [136.0] [cxt 0] Parser 'parser': end
[22:32:09.679] [bmv2] [D] [thread 6423] [136.0] [cxt 0] Pipeline 'ingress': start
[22:32:09.679] [bmv2] [T] [thread 6423] [136.0] [cxt 0] qos.p4(197) Condition "hdr.ipv4.isValid()" (node_2) is true
[22:32:09.679] [bmv2] [T] [thread 6423] [136.0] [cxt 0] qos.p4(198) Condition "hdr.ipv4_option.isValid()" (node_3) is false
[22:32:09.679] [bmv2] [T] [thread 6423] [136.0] [cxt 0] Applying table 'MyIngress.ipv4_lpm'
[22:32:09.679] [bmv2] [D] [thread 6423] [136.0] [cxt 0] Looking up key:
* hdr.ipv4.dstAddr    : 0a000202

[22:32:09.679] [bmv2] [D] [thread 6423] [136.0] [cxt 0] Table 'MyIngress.ipv4_lpm': hit with handle 0
[22:32:09.679] [bmv2] [D] [thread 6423] [136.0] [cxt 0] Dumping entry 0
Match key:
* hdr.ipv4.dstAddr    : LPM       0a000202/32
Action entry: MyIngress.ipv4_forward - 80000000202,2,

[22:32:09.679] [bmv2] [D] [thread 6423] [136.0] [cxt 0] Action entry is MyIngress.ipv4_forward - 80000000202,2,
[22:32:09.680] [bmv2] [T] [thread 6423] [136.0] [cxt 0] Action MyIngress.ipv4_forward
[22:32:09.680] [bmv2] [T] [thread 6423] [136.0] [cxt 0] qos.p4(175) Primitive standard_metadata.egress_spec = port
[22:32:09.680] [bmv2] [T] [thread 6423] [136.0] [cxt 0] qos.p4(176) Primitive hdr.ethernet.srcAddr = hdr.ethernet.dstAddr
[22:32:09.680] [bmv2] [T] [thread 6423] [136.0] [cxt 0] qos.p4(177) Primitive hdr.ethernet.dstAddr = dstAddr
[22:32:09.680] [bmv2] [T] [thread 6423] [136.0] [cxt 0] qos.p4(178) Primitive hdr.ipv4.ttl = hdr.ipv4.ttl - 1
[22:32:09.680] [bmv2] [D] [thread 6423] [136.0] [cxt 0] Pipeline 'ingress': end
[22:32:09.680] [bmv2] [D] [thread 6423] [136.0] [cxt 0] Egress port is 2
[22:32:09.680] [bmv2] [D] [thread 6426] [136.0] [cxt 0] Pipeline 'egress': start
[22:32:09.680] [bmv2] [D] [thread 6426] [136.0] [cxt 0] Pipeline 'egress': end
[22:32:09.680] [bmv2] [D] [thread 6426] [136.0] [cxt 0] Deparser 'deparser': start
[22:32:09.680] [bmv2] [D] [thread 6426] [136.0] [cxt 0] Updating checksum 'cksum'
[22:32:09.680] [bmv2] [D] [thread 6426] [136.0] [cxt 0] Deparsing header 'ethernet'
[22:32:09.680] [bmv2] [D] [thread 6426] [136.0] [cxt 0] Deparsing header 'vlan'
[22:32:09.680] [bmv2] [D] [thread 6426] [136.0] [cxt 0] Deparsing header 'ipv4'
[22:32:09.680] [bmv2] [D] [thread 6426] [136.0] [cxt 0] Deparser 'deparser': end
[22:32:09.680] [bmv2] [D] [thread 6428] [136.0] [cxt 0] Transmitting packet of size 558 out of port 2
[22:32:09.707] [bmv2] [D] [thread 6423] [137.0] [cxt 0] Processing packet received on port 3
[22:32:09.707] [bmv2] [D] [thread 6423] [137.0] [cxt 0] Parser 'parser': start
[22:32:09.707] [bmv2] [D] [thread 6423] [137.0] [cxt 0] Parser 'parser' entering state 'start'
[22:32:09.707] [bmv2] [D] [thread 6423] [137.0] [cxt 0] Extracting header 'ethernet'
[22:32:09.707] [bmv2] [D] [thread 6423] [137.0] [cxt 0] Parser state 'start': key is 8100
[22:32:09.707] [bmv2] [T] [thread 6423] [137.0] [cxt 0] Bytes parsed: 14
[22:32:09.707] [bmv2] [D] [thread 6423] [137.0] [cxt 0] Parser 'parser' entering state 'parse_vlan'
[22:32:09.707] [bmv2] [D] [thread 6423] [137.0] [cxt 0] Extracting header 'vlan'
[22:32:09.707] [bmv2] [D] [thread 6423] [137.0] [cxt 0] Parser state 'parse_vlan': key is 0800
[22:32:09.707] [bmv2] [T] [thread 6423] [137.0] [cxt 0] Bytes parsed: 18
[22:32:09.707] [bmv2] [D] [thread 6423] [137.0] [cxt 0] Parser 'parser' entering state 'parse_ipv4'
[22:32:09.707] [bmv2] [D] [thread 6423] [137.0] [cxt 0] Extracting header 'ipv4'
[22:32:09.707] [bmv2] [D] [thread 6423] [137.0] [cxt 0] Parser set: setting field 'scalars.tmp' from expression, new value is 1
[22:32:09.707] [bmv2] [D] [thread 6423] [137.0] [cxt 0] Parser state 'parse_ipv4': key is 06
[22:32:09.707] [bmv2] [T] [thread 6423] [137.0] [cxt 0] Bytes parsed: 38
[22:32:09.707] [bmv2] [D] [thread 6423] [137.0] [cxt 0] Parser 'parser' entering state 'parse_ipv4_option'
[22:32:09.707] [bmv2] [D] [thread 6423] [137.0] [cxt 0] Extracting header 'ipv4_option'
[22:32:09.707] [bmv2] [D] [thread 6423] [137.0] [cxt 0] Parser state 'parse_ipv4_option': key is 1f
[22:32:09.707] [bmv2] [T] [thread 6423] [137.0] [cxt 0] Bytes parsed: 40
[22:32:09.707] [bmv2] [D] [thread 6423] [137.0] [cxt 0] Parser 'parser' entering state 'parse_link_qos'
[22:32:09.707] [bmv2] [D] [thread 6423] [137.0] [cxt 0] Extracting header 'link_qos'
[22:32:09.707] [bmv2] [D] [thread 6423] [137.0] [cxt 0] Parser state 'parse_link_qos' has no switch, going to default next state
[22:32:09.707] [bmv2] [T] [thread 6423] [137.0] [cxt 0] Bytes parsed: 42
[22:32:09.707] [bmv2] [D] [thread 6423] [137.0] [cxt 0] Parser 'parser': end
[22:32:09.707] [bmv2] [D] [thread 6423] [137.0] [cxt 0] Pipeline 'ingress': start
[22:32:09.707] [bmv2] [T] [thread 6423] [137.0] [cxt 0] qos.p4(197) Condition "hdr.ipv4.isValid()" (node_2) is true
[22:32:09.707] [bmv2] [T] [thread 6423] [137.0] [cxt 0] qos.p4(198) Condition "hdr.ipv4_option.isValid()" (node_3) is true
[22:32:09.707] [bmv2] [T] [thread 6423] [137.0] [cxt 0] qos.p4(199) Condition "hdr.link_qos.link_qos == TARGET_LINK_QOS" (node_4) is true
[22:32:09.707] [bmv2] [T] [thread 6423] [137.0] [cxt 0] Applying table 'tbl_qos200'
[22:32:09.707] [bmv2] [D] [thread 6423] [137.0] [cxt 0] Looking up key:

[22:32:09.707] [bmv2] [D] [thread 6423] [137.0] [cxt 0] Table 'tbl_qos200': miss
[22:32:09.707] [bmv2] [D] [thread 6423] [137.0] [cxt 0] Action entry is qos200 - 
[22:32:09.707] [bmv2] [T] [thread 6423] [137.0] [cxt 0] Action qos200
[22:32:09.707] [bmv2] [T] [thread 6423] [137.0] [cxt 0] qos.p4(200) Primitive hdr.ipv4.diffserv = (TARGET_DSCP << 2
[22:32:09.707] [bmv2] [T] [thread 6423] [137.0] [cxt 0] qos.p4(28) Primitive 7; ...
[22:32:09.707] [bmv2] [T] [thread 6423] [137.0] [cxt 0] Applying table 'MyIngress.ipv4_lpm'
[22:32:09.707] [bmv2] [D] [thread 6423] [137.0] [cxt 0] Looking up key:
* hdr.ipv4.dstAddr    : 0a000202

[22:32:09.707] [bmv2] [D] [thread 6423] [137.0] [cxt 0] Table 'MyIngress.ipv4_lpm': hit with handle 0
[22:32:09.708] [bmv2] [D] [thread 6423] [137.0] [cxt 0] Dumping entry 0
Match key:
* hdr.ipv4.dstAddr    : LPM       0a000202/32
Action entry: MyIngress.ipv4_forward - 80000000202,2,

[22:32:09.708] [bmv2] [D] [thread 6423] [137.0] [cxt 0] Action entry is MyIngress.ipv4_forward - 80000000202,2,
[22:32:09.708] [bmv2] [T] [thread 6423] [137.0] [cxt 0] Action MyIngress.ipv4_forward
[22:32:09.708] [bmv2] [T] [thread 6423] [137.0] [cxt 0] qos.p4(175) Primitive standard_metadata.egress_spec = port
[22:32:09.708] [bmv2] [T] [thread 6423] [137.0] [cxt 0] qos.p4(176) Primitive hdr.ethernet.srcAddr = hdr.ethernet.dstAddr
[22:32:09.708] [bmv2] [T] [thread 6423] [137.0] [cxt 0] qos.p4(177) Primitive hdr.ethernet.dstAddr = dstAddr
[22:32:09.708] [bmv2] [T] [thread 6423] [137.0] [cxt 0] qos.p4(178) Primitive hdr.ipv4.ttl = hdr.ipv4.ttl - 1
[22:32:09.708] [bmv2] [D] [thread 6423] [137.0] [cxt 0] Pipeline 'ingress': end
[22:32:09.708] [bmv2] [D] [thread 6423] [137.0] [cxt 0] Egress port is 2
[22:32:09.708] [bmv2] [D] [thread 6426] [137.0] [cxt 0] Pipeline 'egress': start
[22:32:09.708] [bmv2] [D] [thread 6426] [137.0] [cxt 0] Pipeline 'egress': end
[22:32:09.708] [bmv2] [D] [thread 6426] [137.0] [cxt 0] Deparser 'deparser': start
[22:32:09.708] [bmv2] [D] [thread 6426] [137.0] [cxt 0] Updating checksum 'cksum'
[22:32:09.708] [bmv2] [D] [thread 6426] [137.0] [cxt 0] Deparsing header 'ethernet'
[22:32:09.708] [bmv2] [D] [thread 6426] [137.0] [cxt 0] Deparsing header 'vlan'
[22:32:09.708] [bmv2] [D] [thread 6426] [137.0] [cxt 0] Deparsing header 'ipv4'
[22:32:09.708] [bmv2] [D] [thread 6426] [137.0] [cxt 0] Deparsing header 'ipv4_option'
[22:32:09.708] [bmv2] [D] [thread 6426] [137.0] [cxt 0] Deparsing header 'link_qos'
[22:32:09.708] [bmv2] [D] [thread 6426] [137.0] [cxt 0] Deparser 'deparser': end
[22:32:09.708] [bmv2] [D] [thread 6428] [137.0] [cxt 0] Transmitting packet of size 562 out of port 2
[22:32:09.807] [bmv2] [D] [thread 6423] [138.0] [cxt 0] Processing packet received on port 3
[22:32:09.807] [bmv2] [D] [thread 6423] [138.0] [cxt 0] Parser 'parser': start
[22:32:09.807] [bmv2] [D] [thread 6423] [138.0] [cxt 0] Parser 'parser' entering state 'start'
[22:32:09.807] [bmv2] [D] [thread 6423] [138.0] [cxt 0] Extracting header 'ethernet'
[22:32:09.807] [bmv2] [D] [thread 6423] [138.0] [cxt 0] Parser state 'start': key is 8100
[22:32:09.807] [bmv2] [T] [thread 6423] [138.0] [cxt 0] Bytes parsed: 14
[22:32:09.807] [bmv2] [D] [thread 6423] [138.0] [cxt 0] Parser 'parser' entering state 'parse_vlan'
[22:32:09.807] [bmv2] [D] [thread 6423] [138.0] [cxt 0] Extracting header 'vlan'
[22:32:09.807] [bmv2] [D] [thread 6423] [138.0] [cxt 0] Parser state 'parse_vlan': key is 0800
[22:32:09.807] [bmv2] [T] [thread 6423] [138.0] [cxt 0] Bytes parsed: 18
[22:32:09.807] [bmv2] [D] [thread 6423] [138.0] [cxt 0] Parser 'parser' entering state 'parse_ipv4'
[22:32:09.807] [bmv2] [D] [thread 6423] [138.0] [cxt 0] Extracting header 'ipv4'
[22:32:09.807] [bmv2] [D] [thread 6423] [138.0] [cxt 0] Parser set: setting field 'scalars.tmp' from expression, new value is 1
[22:32:09.807] [bmv2] [D] [thread 6423] [138.0] [cxt 0] Parser state 'parse_ipv4': key is 05
[22:32:09.808] [bmv2] [T] [thread 6423] [138.0] [cxt 0] Bytes parsed: 38
[22:32:09.808] [bmv2] [D] [thread 6423] [138.0] [cxt 0] Parser 'parser': end
[22:32:09.808] [bmv2] [D] [thread 6423] [138.0] [cxt 0] Pipeline 'ingress': start
[22:32:09.808] [bmv2] [T] [thread 6423] [138.0] [cxt 0] qos.p4(197) Condition "hdr.ipv4.isValid()" (node_2) is true
[22:32:09.808] [bmv2] [T] [thread 6423] [138.0] [cxt 0] qos.p4(198) Condition "hdr.ipv4_option.isValid()" (node_3) is false
[22:32:09.808] [bmv2] [T] [thread 6423] [138.0] [cxt 0] Applying table 'MyIngress.ipv4_lpm'
[22:32:09.808] [bmv2] [D] [thread 6423] [138.0] [cxt 0] Looking up key:
* hdr.ipv4.dstAddr    : 0a000202

[22:32:09.808] [bmv2] [D] [thread 6423] [138.0] [cxt 0] Table 'MyIngress.ipv4_lpm': hit with handle 0
[22:32:09.808] [bmv2] [D] [thread 6423] [138.0] [cxt 0] Dumping entry 0
Match key:
* hdr.ipv4.dstAddr    : LPM       0a000202/32
Action entry: MyIngress.ipv4_forward - 80000000202,2,

[22:32:09.808] [bmv2] [D] [thread 6423] [138.0] [cxt 0] Action entry is MyIngress.ipv4_forward - 80000000202,2,
[22:32:09.808] [bmv2] [T] [thread 6423] [138.0] [cxt 0] Action MyIngress.ipv4_forward
[22:32:09.808] [bmv2] [T] [thread 6423] [138.0] [cxt 0] qos.p4(175) Primitive standard_metadata.egress_spec = port
[22:32:09.808] [bmv2] [T] [thread 6423] [138.0] [cxt 0] qos.p4(176) Primitive hdr.ethernet.srcAddr = hdr.ethernet.dstAddr
[22:32:09.808] [bmv2] [T] [thread 6423] [138.0] [cxt 0] qos.p4(177) Primitive hdr.ethernet.dstAddr = dstAddr
[22:32:09.808] [bmv2] [T] [thread 6423] [138.0] [cxt 0] qos.p4(178) Primitive hdr.ipv4.ttl = hdr.ipv4.ttl - 1
[22:32:09.808] [bmv2] [D] [thread 6423] [138.0] [cxt 0] Pipeline 'ingress': end
[22:32:09.808] [bmv2] [D] [thread 6423] [138.0] [cxt 0] Egress port is 2
[22:32:09.808] [bmv2] [D] [thread 6426] [138.0] [cxt 0] Pipeline 'egress': start
[22:32:09.808] [bmv2] [D] [thread 6426] [138.0] [cxt 0] Pipeline 'egress': end
[22:32:09.808] [bmv2] [D] [thread 6426] [138.0] [cxt 0] Deparser 'deparser': start
[22:32:09.808] [bmv2] [D] [thread 6426] [138.0] [cxt 0] Updating checksum 'cksum'
[22:32:09.808] [bmv2] [D] [thread 6426] [138.0] [cxt 0] Deparsing header 'ethernet'
[22:32:09.808] [bmv2] [D] [thread 6426] [138.0] [cxt 0] Deparsing header 'vlan'
[22:32:09.808] [bmv2] [D] [thread 6426] [138.0] [cxt 0] Deparsing header 'ipv4'
[22:32:09.808] [bmv2] [D] [thread 6426] [138.0] [cxt 0] Deparser 'deparser': end
[22:32:09.808] [bmv2] [D] [thread 6428] [138.0] [cxt 0] Transmitting packet of size 558 out of port 2
[22:32:09.933] [bmv2] [D] [thread 6423] [139.0] [cxt 0] Processing packet received on port 3
[22:32:09.933] [bmv2] [D] [thread 6423] [139.0] [cxt 0] Parser 'parser': start
[22:32:09.933] [bmv2] [D] [thread 6423] [139.0] [cxt 0] Parser 'parser' entering state 'start'
[22:32:09.933] [bmv2] [D] [thread 6423] [139.0] [cxt 0] Extracting header 'ethernet'
[22:32:09.933] [bmv2] [D] [thread 6423] [139.0] [cxt 0] Parser state 'start': key is 8100
[22:32:09.934] [bmv2] [T] [thread 6423] [139.0] [cxt 0] Bytes parsed: 14
[22:32:09.934] [bmv2] [D] [thread 6423] [139.0] [cxt 0] Parser 'parser' entering state 'parse_vlan'
[22:32:09.934] [bmv2] [D] [thread 6423] [139.0] [cxt 0] Extracting header 'vlan'
[22:32:09.934] [bmv2] [D] [thread 6423] [139.0] [cxt 0] Parser state 'parse_vlan': key is 0800
[22:32:09.934] [bmv2] [T] [thread 6423] [139.0] [cxt 0] Bytes parsed: 18
[22:32:09.934] [bmv2] [D] [thread 6423] [139.0] [cxt 0] Parser 'parser' entering state 'parse_ipv4'
[22:32:09.934] [bmv2] [D] [thread 6423] [139.0] [cxt 0] Extracting header 'ipv4'
[22:32:09.934] [bmv2] [D] [thread 6423] [139.0] [cxt 0] Parser set: setting field 'scalars.tmp' from expression, new value is 1
[22:32:09.934] [bmv2] [D] [thread 6423] [139.0] [cxt 0] Parser state 'parse_ipv4': key is 05
[22:32:09.934] [bmv2] [T] [thread 6423] [139.0] [cxt 0] Bytes parsed: 38
[22:32:09.934] [bmv2] [D] [thread 6423] [139.0] [cxt 0] Parser 'parser': end
[22:32:09.934] [bmv2] [D] [thread 6423] [139.0] [cxt 0] Pipeline 'ingress': start
[22:32:09.934] [bmv2] [T] [thread 6423] [139.0] [cxt 0] qos.p4(197) Condition "hdr.ipv4.isValid()" (node_2) is true
[22:32:09.934] [bmv2] [T] [thread 6423] [139.0] [cxt 0] qos.p4(198) Condition "hdr.ipv4_option.isValid()" (node_3) is false
[22:32:09.934] [bmv2] [T] [thread 6423] [139.0] [cxt 0] Applying table 'MyIngress.ipv4_lpm'
[22:32:09.934] [bmv2] [D] [thread 6423] [139.0] [cxt 0] Looking up key:
* hdr.ipv4.dstAddr    : 0a000202

[22:32:09.934] [bmv2] [D] [thread 6423] [139.0] [cxt 0] Table 'MyIngress.ipv4_lpm': hit with handle 0
[22:32:09.934] [bmv2] [D] [thread 6423] [139.0] [cxt 0] Dumping entry 0
Match key:
* hdr.ipv4.dstAddr    : LPM       0a000202/32
Action entry: MyIngress.ipv4_forward - 80000000202,2,

[22:32:09.934] [bmv2] [D] [thread 6423] [139.0] [cxt 0] Action entry is MyIngress.ipv4_forward - 80000000202,2,
[22:32:09.934] [bmv2] [T] [thread 6423] [139.0] [cxt 0] Action MyIngress.ipv4_forward
[22:32:09.934] [bmv2] [T] [thread 6423] [139.0] [cxt 0] qos.p4(175) Primitive standard_metadata.egress_spec = port
[22:32:09.934] [bmv2] [T] [thread 6423] [139.0] [cxt 0] qos.p4(176) Primitive hdr.ethernet.srcAddr = hdr.ethernet.dstAddr
[22:32:09.934] [bmv2] [T] [thread 6423] [139.0] [cxt 0] qos.p4(177) Primitive hdr.ethernet.dstAddr = dstAddr
[22:32:09.934] [bmv2] [T] [thread 6423] [139.0] [cxt 0] qos.p4(178) Primitive hdr.ipv4.ttl = hdr.ipv4.ttl - 1
[22:32:09.934] [bmv2] [D] [thread 6423] [139.0] [cxt 0] Pipeline 'ingress': end
[22:32:09.934] [bmv2] [D] [thread 6423] [139.0] [cxt 0] Egress port is 2
[22:32:09.934] [bmv2] [D] [thread 6426] [139.0] [cxt 0] Pipeline 'egress': start
[22:32:09.934] [bmv2] [D] [thread 6426] [139.0] [cxt 0] Pipeline 'egress': end
[22:32:09.935] [bmv2] [D] [thread 6426] [139.0] [cxt 0] Deparser 'deparser': start
[22:32:09.935] [bmv2] [D] [thread 6426] [139.0] [cxt 0] Updating checksum 'cksum'
[22:32:09.935] [bmv2] [D] [thread 6426] [139.0] [cxt 0] Deparsing header 'ethernet'
[22:32:09.935] [bmv2] [D] [thread 6426] [139.0] [cxt 0] Deparsing header 'vlan'
[22:32:09.935] [bmv2] [D] [thread 6426] [139.0] [cxt 0] Deparsing header 'ipv4'
[22:32:09.935] [bmv2] [D] [thread 6426] [139.0] [cxt 0] Deparser 'deparser': end
[22:32:09.935] [bmv2] [D] [thread 6428] [139.0] [cxt 0] Transmitting packet of size 558 out of port 2
[22:32:10.028] [bmv2] [D] [thread 6423] [140.0] [cxt 0] Processing packet received on port 3
[22:32:10.028] [bmv2] [D] [thread 6423] [140.0] [cxt 0] Parser 'parser': start
[22:32:10.028] [bmv2] [D] [thread 6423] [140.0] [cxt 0] Parser 'parser' entering state 'start'
[22:32:10.028] [bmv2] [D] [thread 6423] [140.0] [cxt 0] Extracting header 'ethernet'
[22:32:10.028] [bmv2] [D] [thread 6423] [140.0] [cxt 0] Parser state 'start': key is 8100
[22:32:10.028] [bmv2] [T] [thread 6423] [140.0] [cxt 0] Bytes parsed: 14
[22:32:10.028] [bmv2] [D] [thread 6423] [140.0] [cxt 0] Parser 'parser' entering state 'parse_vlan'
[22:32:10.028] [bmv2] [D] [thread 6423] [140.0] [cxt 0] Extracting header 'vlan'
[22:32:10.028] [bmv2] [D] [thread 6423] [140.0] [cxt 0] Parser state 'parse_vlan': key is 0800
[22:32:10.028] [bmv2] [T] [thread 6423] [140.0] [cxt 0] Bytes parsed: 18
[22:32:10.028] [bmv2] [D] [thread 6423] [140.0] [cxt 0] Parser 'parser' entering state 'parse_ipv4'
[22:32:10.028] [bmv2] [D] [thread 6423] [140.0] [cxt 0] Extracting header 'ipv4'
[22:32:10.028] [bmv2] [D] [thread 6423] [140.0] [cxt 0] Parser set: setting field 'scalars.tmp' from expression, new value is 1
[22:32:10.028] [bmv2] [D] [thread 6423] [140.0] [cxt 0] Parser state 'parse_ipv4': key is 05
[22:32:10.028] [bmv2] [T] [thread 6423] [140.0] [cxt 0] Bytes parsed: 38
[22:32:10.028] [bmv2] [D] [thread 6423] [140.0] [cxt 0] Parser 'parser': end
[22:32:10.028] [bmv2] [D] [thread 6423] [140.0] [cxt 0] Pipeline 'ingress': start
[22:32:10.028] [bmv2] [T] [thread 6423] [140.0] [cxt 0] qos.p4(197) Condition "hdr.ipv4.isValid()" (node_2) is true
[22:32:10.028] [bmv2] [T] [thread 6423] [140.0] [cxt 0] qos.p4(198) Condition "hdr.ipv4_option.isValid()" (node_3) is false
[22:32:10.028] [bmv2] [T] [thread 6423] [140.0] [cxt 0] Applying table 'MyIngress.ipv4_lpm'
[22:32:10.028] [bmv2] [D] [thread 6423] [140.0] [cxt 0] Looking up key:
* hdr.ipv4.dstAddr    : 0a000202

[22:32:10.029] [bmv2] [D] [thread 6423] [140.0] [cxt 0] Table 'MyIngress.ipv4_lpm': hit with handle 0
[22:32:10.029] [bmv2] [D] [thread 6423] [140.0] [cxt 0] Dumping entry 0
Match key:
* hdr.ipv4.dstAddr    : LPM       0a000202/32
Action entry: MyIngress.ipv4_forward - 80000000202,2,

[22:32:10.029] [bmv2] [D] [thread 6423] [140.0] [cxt 0] Action entry is MyIngress.ipv4_forward - 80000000202,2,
[22:32:10.029] [bmv2] [T] [thread 6423] [140.0] [cxt 0] Action MyIngress.ipv4_forward
[22:32:10.029] [bmv2] [T] [thread 6423] [140.0] [cxt 0] qos.p4(175) Primitive standard_metadata.egress_spec = port
[22:32:10.029] [bmv2] [T] [thread 6423] [140.0] [cxt 0] qos.p4(176) Primitive hdr.ethernet.srcAddr = hdr.ethernet.dstAddr
[22:32:10.029] [bmv2] [T] [thread 6423] [140.0] [cxt 0] qos.p4(177) Primitive hdr.ethernet.dstAddr = dstAddr
[22:32:10.029] [bmv2] [T] [thread 6423] [140.0] [cxt 0] qos.p4(178) Primitive hdr.ipv4.ttl = hdr.ipv4.ttl - 1
[22:32:10.029] [bmv2] [D] [thread 6423] [140.0] [cxt 0] Pipeline 'ingress': end
[22:32:10.029] [bmv2] [D] [thread 6423] [140.0] [cxt 0] Egress port is 2
[22:32:10.029] [bmv2] [D] [thread 6426] [140.0] [cxt 0] Pipeline 'egress': start
[22:32:10.029] [bmv2] [D] [thread 6426] [140.0] [cxt 0] Pipeline 'egress': end
[22:32:10.029] [bmv2] [D] [thread 6426] [140.0] [cxt 0] Deparser 'deparser': start
[22:32:10.029] [bmv2] [D] [thread 6426] [140.0] [cxt 0] Updating checksum 'cksum'
[22:32:10.029] [bmv2] [D] [thread 6426] [140.0] [cxt 0] Deparsing header 'ethernet'
[22:32:10.029] [bmv2] [D] [thread 6426] [140.0] [cxt 0] Deparsing header 'vlan'
[22:32:10.029] [bmv2] [D] [thread 6426] [140.0] [cxt 0] Deparsing header 'ipv4'
[22:32:10.029] [bmv2] [D] [thread 6426] [140.0] [cxt 0] Deparser 'deparser': end
[22:32:10.029] [bmv2] [D] [thread 6428] [140.0] [cxt 0] Transmitting packet of size 558 out of port 2
[22:32:10.066] [bmv2] [D] [thread 6423] [141.0] [cxt 0] Processing packet received on port 3
[22:32:10.066] [bmv2] [D] [thread 6423] [141.0] [cxt 0] Parser 'parser': start
[22:32:10.066] [bmv2] [D] [thread 6423] [141.0] [cxt 0] Parser 'parser' entering state 'start'
[22:32:10.066] [bmv2] [D] [thread 6423] [141.0] [cxt 0] Extracting header 'ethernet'
[22:32:10.066] [bmv2] [D] [thread 6423] [141.0] [cxt 0] Parser state 'start': key is 8100
[22:32:10.066] [bmv2] [T] [thread 6423] [141.0] [cxt 0] Bytes parsed: 14
[22:32:10.066] [bmv2] [D] [thread 6423] [141.0] [cxt 0] Parser 'parser' entering state 'parse_vlan'
[22:32:10.066] [bmv2] [D] [thread 6423] [141.0] [cxt 0] Extracting header 'vlan'
[22:32:10.066] [bmv2] [D] [thread 6423] [141.0] [cxt 0] Parser state 'parse_vlan': key is 0800
[22:32:10.066] [bmv2] [T] [thread 6423] [141.0] [cxt 0] Bytes parsed: 18
[22:32:10.066] [bmv2] [D] [thread 6423] [141.0] [cxt 0] Parser 'parser' entering state 'parse_ipv4'
[22:32:10.066] [bmv2] [D] [thread 6423] [141.0] [cxt 0] Extracting header 'ipv4'
[22:32:10.066] [bmv2] [D] [thread 6423] [141.0] [cxt 0] Parser set: setting field 'scalars.tmp' from expression, new value is 1
[22:32:10.066] [bmv2] [D] [thread 6423] [141.0] [cxt 0] Parser state 'parse_ipv4': key is 05
[22:32:10.066] [bmv2] [T] [thread 6423] [141.0] [cxt 0] Bytes parsed: 38
[22:32:10.066] [bmv2] [D] [thread 6423] [141.0] [cxt 0] Parser 'parser': end
[22:32:10.066] [bmv2] [D] [thread 6423] [141.0] [cxt 0] Pipeline 'ingress': start
[22:32:10.066] [bmv2] [T] [thread 6423] [141.0] [cxt 0] qos.p4(197) Condition "hdr.ipv4.isValid()" (node_2) is true
[22:32:10.066] [bmv2] [T] [thread 6423] [141.0] [cxt 0] qos.p4(198) Condition "hdr.ipv4_option.isValid()" (node_3) is false
[22:32:10.066] [bmv2] [T] [thread 6423] [141.0] [cxt 0] Applying table 'MyIngress.ipv4_lpm'
[22:32:10.066] [bmv2] [D] [thread 6423] [141.0] [cxt 0] Looking up key:
* hdr.ipv4.dstAddr    : 0a000202

[22:32:10.066] [bmv2] [D] [thread 6423] [141.0] [cxt 0] Table 'MyIngress.ipv4_lpm': hit with handle 0
[22:32:10.066] [bmv2] [D] [thread 6423] [141.0] [cxt 0] Dumping entry 0
Match key:
* hdr.ipv4.dstAddr    : LPM       0a000202/32
Action entry: MyIngress.ipv4_forward - 80000000202,2,

[22:32:10.067] [bmv2] [D] [thread 6423] [141.0] [cxt 0] Action entry is MyIngress.ipv4_forward - 80000000202,2,
[22:32:10.067] [bmv2] [T] [thread 6423] [141.0] [cxt 0] Action MyIngress.ipv4_forward
[22:32:10.067] [bmv2] [T] [thread 6423] [141.0] [cxt 0] qos.p4(175) Primitive standard_metadata.egress_spec = port
[22:32:10.067] [bmv2] [T] [thread 6423] [141.0] [cxt 0] qos.p4(176) Primitive hdr.ethernet.srcAddr = hdr.ethernet.dstAddr
[22:32:10.067] [bmv2] [T] [thread 6423] [141.0] [cxt 0] qos.p4(177) Primitive hdr.ethernet.dstAddr = dstAddr
[22:32:10.067] [bmv2] [T] [thread 6423] [141.0] [cxt 0] qos.p4(178) Primitive hdr.ipv4.ttl = hdr.ipv4.ttl - 1
[22:32:10.067] [bmv2] [D] [thread 6423] [141.0] [cxt 0] Pipeline 'ingress': end
[22:32:10.067] [bmv2] [D] [thread 6423] [141.0] [cxt 0] Egress port is 2
[22:32:10.067] [bmv2] [D] [thread 6426] [141.0] [cxt 0] Pipeline 'egress': start
[22:32:10.067] [bmv2] [D] [thread 6426] [141.0] [cxt 0] Pipeline 'egress': end
[22:32:10.067] [bmv2] [D] [thread 6426] [141.0] [cxt 0] Deparser 'deparser': start
[22:32:10.067] [bmv2] [D] [thread 6426] [141.0] [cxt 0] Updating checksum 'cksum'
[22:32:10.067] [bmv2] [D] [thread 6426] [141.0] [cxt 0] Deparsing header 'ethernet'
[22:32:10.067] [bmv2] [D] [thread 6426] [141.0] [cxt 0] Deparsing header 'vlan'
[22:32:10.067] [bmv2] [D] [thread 6426] [141.0] [cxt 0] Deparsing header 'ipv4'
[22:32:10.067] [bmv2] [D] [thread 6426] [141.0] [cxt 0] Deparser 'deparser': end
[22:32:10.067] [bmv2] [D] [thread 6428] [141.0] [cxt 0] Transmitting packet of size 558 out of port 2
[22:32:10.187] [bmv2] [D] [thread 6423] [142.0] [cxt 0] Processing packet received on port 3
[22:32:10.187] [bmv2] [D] [thread 6423] [142.0] [cxt 0] Parser 'parser': start
[22:32:10.187] [bmv2] [D] [thread 6423] [142.0] [cxt 0] Parser 'parser' entering state 'start'
[22:32:10.187] [bmv2] [D] [thread 6423] [142.0] [cxt 0] Extracting header 'ethernet'
[22:32:10.188] [bmv2] [D] [thread 6423] [142.0] [cxt 0] Parser state 'start': key is 8100
[22:32:10.188] [bmv2] [T] [thread 6423] [142.0] [cxt 0] Bytes parsed: 14
[22:32:10.188] [bmv2] [D] [thread 6423] [142.0] [cxt 0] Parser 'parser' entering state 'parse_vlan'
[22:32:10.188] [bmv2] [D] [thread 6423] [142.0] [cxt 0] Extracting header 'vlan'
[22:32:10.188] [bmv2] [D] [thread 6423] [142.0] [cxt 0] Parser state 'parse_vlan': key is 0800
[22:32:10.188] [bmv2] [T] [thread 6423] [142.0] [cxt 0] Bytes parsed: 18
[22:32:10.188] [bmv2] [D] [thread 6423] [142.0] [cxt 0] Parser 'parser' entering state 'parse_ipv4'
[22:32:10.188] [bmv2] [D] [thread 6423] [142.0] [cxt 0] Extracting header 'ipv4'
[22:32:10.188] [bmv2] [D] [thread 6423] [142.0] [cxt 0] Parser set: setting field 'scalars.tmp' from expression, new value is 1
[22:32:10.188] [bmv2] [D] [thread 6423] [142.0] [cxt 0] Parser state 'parse_ipv4': key is 05
[22:32:10.188] [bmv2] [T] [thread 6423] [142.0] [cxt 0] Bytes parsed: 38
[22:32:10.188] [bmv2] [D] [thread 6423] [142.0] [cxt 0] Parser 'parser': end
[22:32:10.188] [bmv2] [D] [thread 6423] [142.0] [cxt 0] Pipeline 'ingress': start
[22:32:10.188] [bmv2] [T] [thread 6423] [142.0] [cxt 0] qos.p4(197) Condition "hdr.ipv4.isValid()" (node_2) is true
[22:32:10.188] [bmv2] [T] [thread 6423] [142.0] [cxt 0] qos.p4(198) Condition "hdr.ipv4_option.isValid()" (node_3) is false
[22:32:10.188] [bmv2] [T] [thread 6423] [142.0] [cxt 0] Applying table 'MyIngress.ipv4_lpm'
[22:32:10.188] [bmv2] [D] [thread 6423] [142.0] [cxt 0] Looking up key:
* hdr.ipv4.dstAddr    : 0a000202

[22:32:10.188] [bmv2] [D] [thread 6423] [142.0] [cxt 0] Table 'MyIngress.ipv4_lpm': hit with handle 0
[22:32:10.188] [bmv2] [D] [thread 6423] [142.0] [cxt 0] Dumping entry 0
Match key:
* hdr.ipv4.dstAddr    : LPM       0a000202/32
Action entry: MyIngress.ipv4_forward - 80000000202,2,

[22:32:10.188] [bmv2] [D] [thread 6423] [142.0] [cxt 0] Action entry is MyIngress.ipv4_forward - 80000000202,2,
[22:32:10.188] [bmv2] [T] [thread 6423] [142.0] [cxt 0] Action MyIngress.ipv4_forward
[22:32:10.188] [bmv2] [T] [thread 6423] [142.0] [cxt 0] qos.p4(175) Primitive standard_metadata.egress_spec = port
[22:32:10.188] [bmv2] [T] [thread 6423] [142.0] [cxt 0] qos.p4(176) Primitive hdr.ethernet.srcAddr = hdr.ethernet.dstAddr
[22:32:10.189] [bmv2] [T] [thread 6423] [142.0] [cxt 0] qos.p4(177) Primitive hdr.ethernet.dstAddr = dstAddr
[22:32:10.189] [bmv2] [T] [thread 6423] [142.0] [cxt 0] qos.p4(178) Primitive hdr.ipv4.ttl = hdr.ipv4.ttl - 1
[22:32:10.189] [bmv2] [D] [thread 6423] [142.0] [cxt 0] Pipeline 'ingress': end
[22:32:10.189] [bmv2] [D] [thread 6423] [142.0] [cxt 0] Egress port is 2
[22:32:10.189] [bmv2] [D] [thread 6426] [142.0] [cxt 0] Pipeline 'egress': start
[22:32:10.189] [bmv2] [D] [thread 6426] [142.0] [cxt 0] Pipeline 'egress': end
[22:32:10.189] [bmv2] [D] [thread 6426] [142.0] [cxt 0] Deparser 'deparser': start
[22:32:10.189] [bmv2] [D] [thread 6426] [142.0] [cxt 0] Updating checksum 'cksum'
[22:32:10.189] [bmv2] [D] [thread 6426] [142.0] [cxt 0] Deparsing header 'ethernet'
[22:32:10.189] [bmv2] [D] [thread 6426] [142.0] [cxt 0] Deparsing header 'vlan'
[22:32:10.189] [bmv2] [D] [thread 6426] [142.0] [cxt 0] Deparsing header 'ipv4'
[22:32:10.189] [bmv2] [D] [thread 6426] [142.0] [cxt 0] Deparser 'deparser': end
[22:32:10.189] [bmv2] [D] [thread 6428] [142.0] [cxt 0] Transmitting packet of size 558 out of port 2
[22:32:10.310] [bmv2] [D] [thread 6423] [143.0] [cxt 0] Processing packet received on port 3
[22:32:10.310] [bmv2] [D] [thread 6423] [143.0] [cxt 0] Parser 'parser': start
[22:32:10.310] [bmv2] [D] [thread 6423] [143.0] [cxt 0] Parser 'parser' entering state 'start'
[22:32:10.310] [bmv2] [D] [thread 6423] [143.0] [cxt 0] Extracting header 'ethernet'
[22:32:10.311] [bmv2] [D] [thread 6423] [143.0] [cxt 0] Parser state 'start': key is 8100
[22:32:10.311] [bmv2] [T] [thread 6423] [143.0] [cxt 0] Bytes parsed: 14
[22:32:10.311] [bmv2] [D] [thread 6423] [143.0] [cxt 0] Parser 'parser' entering state 'parse_vlan'
[22:32:10.311] [bmv2] [D] [thread 6423] [143.0] [cxt 0] Extracting header 'vlan'
[22:32:10.311] [bmv2] [D] [thread 6423] [143.0] [cxt 0] Parser state 'parse_vlan': key is 0800
[22:32:10.311] [bmv2] [T] [thread 6423] [143.0] [cxt 0] Bytes parsed: 18
[22:32:10.311] [bmv2] [D] [thread 6423] [143.0] [cxt 0] Parser 'parser' entering state 'parse_ipv4'
[22:32:10.311] [bmv2] [D] [thread 6423] [143.0] [cxt 0] Extracting header 'ipv4'
[22:32:10.311] [bmv2] [D] [thread 6423] [143.0] [cxt 0] Parser set: setting field 'scalars.tmp' from expression, new value is 1
[22:32:10.311] [bmv2] [D] [thread 6423] [143.0] [cxt 0] Parser state 'parse_ipv4': key is 05
[22:32:10.311] [bmv2] [T] [thread 6423] [143.0] [cxt 0] Bytes parsed: 38
[22:32:10.311] [bmv2] [D] [thread 6423] [143.0] [cxt 0] Parser 'parser': end
[22:32:10.311] [bmv2] [D] [thread 6423] [143.0] [cxt 0] Pipeline 'ingress': start
[22:32:10.311] [bmv2] [T] [thread 6423] [143.0] [cxt 0] qos.p4(197) Condition "hdr.ipv4.isValid()" (node_2) is true
[22:32:10.311] [bmv2] [T] [thread 6423] [143.0] [cxt 0] qos.p4(198) Condition "hdr.ipv4_option.isValid()" (node_3) is false
[22:32:10.311] [bmv2] [T] [thread 6423] [143.0] [cxt 0] Applying table 'MyIngress.ipv4_lpm'
[22:32:10.311] [bmv2] [D] [thread 6423] [143.0] [cxt 0] Looking up key:
* hdr.ipv4.dstAddr    : 0a000202

[22:32:10.311] [bmv2] [D] [thread 6423] [143.0] [cxt 0] Table 'MyIngress.ipv4_lpm': hit with handle 0
[22:32:10.311] [bmv2] [D] [thread 6423] [143.0] [cxt 0] Dumping entry 0
Match key:
* hdr.ipv4.dstAddr    : LPM       0a000202/32
Action entry: MyIngress.ipv4_forward - 80000000202,2,

[22:32:10.311] [bmv2] [D] [thread 6423] [143.0] [cxt 0] Action entry is MyIngress.ipv4_forward - 80000000202,2,
[22:32:10.311] [bmv2] [T] [thread 6423] [143.0] [cxt 0] Action MyIngress.ipv4_forward
[22:32:10.311] [bmv2] [T] [thread 6423] [143.0] [cxt 0] qos.p4(175) Primitive standard_metadata.egress_spec = port
[22:32:10.311] [bmv2] [T] [thread 6423] [143.0] [cxt 0] qos.p4(176) Primitive hdr.ethernet.srcAddr = hdr.ethernet.dstAddr
[22:32:10.311] [bmv2] [T] [thread 6423] [143.0] [cxt 0] qos.p4(177) Primitive hdr.ethernet.dstAddr = dstAddr
[22:32:10.311] [bmv2] [T] [thread 6423] [143.0] [cxt 0] qos.p4(178) Primitive hdr.ipv4.ttl = hdr.ipv4.ttl - 1
[22:32:10.311] [bmv2] [D] [thread 6423] [143.0] [cxt 0] Pipeline 'ingress': end
[22:32:10.311] [bmv2] [D] [thread 6423] [143.0] [cxt 0] Egress port is 2
[22:32:10.312] [bmv2] [D] [thread 6426] [143.0] [cxt 0] Pipeline 'egress': start
[22:32:10.312] [bmv2] [D] [thread 6426] [143.0] [cxt 0] Pipeline 'egress': end
[22:32:10.312] [bmv2] [D] [thread 6426] [143.0] [cxt 0] Deparser 'deparser': start
[22:32:10.312] [bmv2] [D] [thread 6426] [143.0] [cxt 0] Updating checksum 'cksum'
[22:32:10.312] [bmv2] [D] [thread 6426] [143.0] [cxt 0] Deparsing header 'ethernet'
[22:32:10.312] [bmv2] [D] [thread 6426] [143.0] [cxt 0] Deparsing header 'vlan'
[22:32:10.312] [bmv2] [D] [thread 6426] [143.0] [cxt 0] Deparsing header 'ipv4'
[22:32:10.312] [bmv2] [D] [thread 6426] [143.0] [cxt 0] Deparser 'deparser': end
[22:32:10.312] [bmv2] [D] [thread 6428] [143.0] [cxt 0] Transmitting packet of size 558 out of port 2
[22:32:10.437] [bmv2] [D] [thread 6423] [144.0] [cxt 0] Processing packet received on port 3
[22:32:10.437] [bmv2] [D] [thread 6423] [144.0] [cxt 0] Parser 'parser': start
[22:32:10.437] [bmv2] [D] [thread 6423] [144.0] [cxt 0] Parser 'parser' entering state 'start'
[22:32:10.437] [bmv2] [D] [thread 6423] [144.0] [cxt 0] Extracting header 'ethernet'
[22:32:10.437] [bmv2] [D] [thread 6423] [144.0] [cxt 0] Parser state 'start': key is 8100
[22:32:10.437] [bmv2] [T] [thread 6423] [144.0] [cxt 0] Bytes parsed: 14
[22:32:10.437] [bmv2] [D] [thread 6423] [144.0] [cxt 0] Parser 'parser' entering state 'parse_vlan'
[22:32:10.437] [bmv2] [D] [thread 6423] [144.0] [cxt 0] Extracting header 'vlan'
[22:32:10.437] [bmv2] [D] [thread 6423] [144.0] [cxt 0] Parser state 'parse_vlan': key is 0800
[22:32:10.437] [bmv2] [T] [thread 6423] [144.0] [cxt 0] Bytes parsed: 18
[22:32:10.437] [bmv2] [D] [thread 6423] [144.0] [cxt 0] Parser 'parser' entering state 'parse_ipv4'
[22:32:10.437] [bmv2] [D] [thread 6423] [144.0] [cxt 0] Extracting header 'ipv4'
[22:32:10.438] [bmv2] [D] [thread 6423] [144.0] [cxt 0] Parser set: setting field 'scalars.tmp' from expression, new value is 1
[22:32:10.438] [bmv2] [D] [thread 6423] [144.0] [cxt 0] Parser state 'parse_ipv4': key is 05
[22:32:10.438] [bmv2] [T] [thread 6423] [144.0] [cxt 0] Bytes parsed: 38
[22:32:10.438] [bmv2] [D] [thread 6423] [144.0] [cxt 0] Parser 'parser': end
[22:32:10.438] [bmv2] [D] [thread 6423] [144.0] [cxt 0] Pipeline 'ingress': start
[22:32:10.438] [bmv2] [T] [thread 6423] [144.0] [cxt 0] qos.p4(197) Condition "hdr.ipv4.isValid()" (node_2) is true
[22:32:10.438] [bmv2] [T] [thread 6423] [144.0] [cxt 0] qos.p4(198) Condition "hdr.ipv4_option.isValid()" (node_3) is false
[22:32:10.438] [bmv2] [T] [thread 6423] [144.0] [cxt 0] Applying table 'MyIngress.ipv4_lpm'
[22:32:10.438] [bmv2] [D] [thread 6423] [144.0] [cxt 0] Looking up key:
* hdr.ipv4.dstAddr    : 0a000202

[22:32:10.438] [bmv2] [D] [thread 6423] [144.0] [cxt 0] Table 'MyIngress.ipv4_lpm': hit with handle 0
[22:32:10.438] [bmv2] [D] [thread 6423] [144.0] [cxt 0] Dumping entry 0
Match key:
* hdr.ipv4.dstAddr    : LPM       0a000202/32
Action entry: MyIngress.ipv4_forward - 80000000202,2,

[22:32:10.438] [bmv2] [D] [thread 6423] [144.0] [cxt 0] Action entry is MyIngress.ipv4_forward - 80000000202,2,
[22:32:10.438] [bmv2] [T] [thread 6423] [144.0] [cxt 0] Action MyIngress.ipv4_forward
[22:32:10.438] [bmv2] [T] [thread 6423] [144.0] [cxt 0] qos.p4(175) Primitive standard_metadata.egress_spec = port
[22:32:10.438] [bmv2] [T] [thread 6423] [144.0] [cxt 0] qos.p4(176) Primitive hdr.ethernet.srcAddr = hdr.ethernet.dstAddr
[22:32:10.438] [bmv2] [T] [thread 6423] [144.0] [cxt 0] qos.p4(177) Primitive hdr.ethernet.dstAddr = dstAddr
[22:32:10.438] [bmv2] [T] [thread 6423] [144.0] [cxt 0] qos.p4(178) Primitive hdr.ipv4.ttl = hdr.ipv4.ttl - 1
[22:32:10.438] [bmv2] [D] [thread 6423] [144.0] [cxt 0] Pipeline 'ingress': end
[22:32:10.438] [bmv2] [D] [thread 6423] [144.0] [cxt 0] Egress port is 2
[22:32:10.438] [bmv2] [D] [thread 6426] [144.0] [cxt 0] Pipeline 'egress': start
[22:32:10.438] [bmv2] [D] [thread 6426] [144.0] [cxt 0] Pipeline 'egress': end
[22:32:10.438] [bmv2] [D] [thread 6426] [144.0] [cxt 0] Deparser 'deparser': start
[22:32:10.438] [bmv2] [D] [thread 6426] [144.0] [cxt 0] Updating checksum 'cksum'
[22:32:10.438] [bmv2] [D] [thread 6426] [144.0] [cxt 0] Deparsing header 'ethernet'
[22:32:10.438] [bmv2] [D] [thread 6426] [144.0] [cxt 0] Deparsing header 'vlan'
[22:32:10.438] [bmv2] [D] [thread 6426] [144.0] [cxt 0] Deparsing header 'ipv4'
[22:32:10.438] [bmv2] [D] [thread 6426] [144.0] [cxt 0] Deparser 'deparser': end
[22:32:10.439] [bmv2] [D] [thread 6428] [144.0] [cxt 0] Transmitting packet of size 558 out of port 2
[22:32:10.566] [bmv2] [D] [thread 6423] [145.0] [cxt 0] Processing packet received on port 3
[22:32:10.566] [bmv2] [D] [thread 6423] [145.0] [cxt 0] Parser 'parser': start
[22:32:10.566] [bmv2] [D] [thread 6423] [145.0] [cxt 0] Parser 'parser' entering state 'start'
[22:32:10.566] [bmv2] [D] [thread 6423] [145.0] [cxt 0] Extracting header 'ethernet'
[22:32:10.566] [bmv2] [D] [thread 6423] [145.0] [cxt 0] Parser state 'start': key is 8100
[22:32:10.566] [bmv2] [T] [thread 6423] [145.0] [cxt 0] Bytes parsed: 14
[22:32:10.566] [bmv2] [D] [thread 6423] [145.0] [cxt 0] Parser 'parser' entering state 'parse_vlan'
[22:32:10.566] [bmv2] [D] [thread 6423] [145.0] [cxt 0] Extracting header 'vlan'
[22:32:10.566] [bmv2] [D] [thread 6423] [145.0] [cxt 0] Parser state 'parse_vlan': key is 0800
[22:32:10.566] [bmv2] [T] [thread 6423] [145.0] [cxt 0] Bytes parsed: 18
[22:32:10.566] [bmv2] [D] [thread 6423] [145.0] [cxt 0] Parser 'parser' entering state 'parse_ipv4'
[22:32:10.566] [bmv2] [D] [thread 6423] [145.0] [cxt 0] Extracting header 'ipv4'
[22:32:10.566] [bmv2] [D] [thread 6423] [145.0] [cxt 0] Parser set: setting field 'scalars.tmp' from expression, new value is 1
[22:32:10.566] [bmv2] [D] [thread 6423] [145.0] [cxt 0] Parser state 'parse_ipv4': key is 05
[22:32:10.566] [bmv2] [T] [thread 6423] [145.0] [cxt 0] Bytes parsed: 38
[22:32:10.566] [bmv2] [D] [thread 6423] [145.0] [cxt 0] Parser 'parser': end
[22:32:10.566] [bmv2] [D] [thread 6423] [145.0] [cxt 0] Pipeline 'ingress': start
[22:32:10.566] [bmv2] [T] [thread 6423] [145.0] [cxt 0] qos.p4(197) Condition "hdr.ipv4.isValid()" (node_2) is true
[22:32:10.566] [bmv2] [T] [thread 6423] [145.0] [cxt 0] qos.p4(198) Condition "hdr.ipv4_option.isValid()" (node_3) is false
[22:32:10.566] [bmv2] [T] [thread 6423] [145.0] [cxt 0] Applying table 'MyIngress.ipv4_lpm'
[22:32:10.566] [bmv2] [D] [thread 6423] [145.0] [cxt 0] Looking up key:
* hdr.ipv4.dstAddr    : 0a000202

[22:32:10.566] [bmv2] [D] [thread 6423] [145.0] [cxt 0] Table 'MyIngress.ipv4_lpm': hit with handle 0
[22:32:10.566] [bmv2] [D] [thread 6423] [145.0] [cxt 0] Dumping entry 0
Match key:
* hdr.ipv4.dstAddr    : LPM       0a000202/32
Action entry: MyIngress.ipv4_forward - 80000000202,2,

[22:32:10.567] [bmv2] [D] [thread 6423] [145.0] [cxt 0] Action entry is MyIngress.ipv4_forward - 80000000202,2,
[22:32:10.567] [bmv2] [T] [thread 6423] [145.0] [cxt 0] Action MyIngress.ipv4_forward
[22:32:10.567] [bmv2] [T] [thread 6423] [145.0] [cxt 0] qos.p4(175) Primitive standard_metadata.egress_spec = port
[22:32:10.567] [bmv2] [T] [thread 6423] [145.0] [cxt 0] qos.p4(176) Primitive hdr.ethernet.srcAddr = hdr.ethernet.dstAddr
[22:32:10.567] [bmv2] [T] [thread 6423] [145.0] [cxt 0] qos.p4(177) Primitive hdr.ethernet.dstAddr = dstAddr
[22:32:10.567] [bmv2] [T] [thread 6423] [145.0] [cxt 0] qos.p4(178) Primitive hdr.ipv4.ttl = hdr.ipv4.ttl - 1
[22:32:10.567] [bmv2] [D] [thread 6423] [145.0] [cxt 0] Pipeline 'ingress': end
[22:32:10.567] [bmv2] [D] [thread 6423] [145.0] [cxt 0] Egress port is 2
[22:32:10.567] [bmv2] [D] [thread 6426] [145.0] [cxt 0] Pipeline 'egress': start
[22:32:10.567] [bmv2] [D] [thread 6426] [145.0] [cxt 0] Pipeline 'egress': end
[22:32:10.567] [bmv2] [D] [thread 6426] [145.0] [cxt 0] Deparser 'deparser': start
[22:32:10.567] [bmv2] [D] [thread 6426] [145.0] [cxt 0] Updating checksum 'cksum'
[22:32:10.567] [bmv2] [D] [thread 6426] [145.0] [cxt 0] Deparsing header 'ethernet'
[22:32:10.567] [bmv2] [D] [thread 6426] [145.0] [cxt 0] Deparsing header 'vlan'
[22:32:10.567] [bmv2] [D] [thread 6426] [145.0] [cxt 0] Deparsing header 'ipv4'
[22:32:10.567] [bmv2] [D] [thread 6426] [145.0] [cxt 0] Deparser 'deparser': end
[22:32:10.567] [bmv2] [D] [thread 6428] [145.0] [cxt 0] Transmitting packet of size 558 out of port 2
[22:32:10.692] [bmv2] [D] [thread 6423] [146.0] [cxt 0] Processing packet received on port 3
[22:32:10.692] [bmv2] [D] [thread 6423] [146.0] [cxt 0] Parser 'parser': start
[22:32:10.692] [bmv2] [D] [thread 6423] [146.0] [cxt 0] Parser 'parser' entering state 'start'
[22:32:10.692] [bmv2] [D] [thread 6423] [146.0] [cxt 0] Extracting header 'ethernet'
[22:32:10.692] [bmv2] [D] [thread 6423] [146.0] [cxt 0] Parser state 'start': key is 8100
[22:32:10.692] [bmv2] [T] [thread 6423] [146.0] [cxt 0] Bytes parsed: 14
[22:32:10.692] [bmv2] [D] [thread 6423] [146.0] [cxt 0] Parser 'parser' entering state 'parse_vlan'
[22:32:10.692] [bmv2] [D] [thread 6423] [146.0] [cxt 0] Extracting header 'vlan'
[22:32:10.692] [bmv2] [D] [thread 6423] [146.0] [cxt 0] Parser state 'parse_vlan': key is 0800
[22:32:10.692] [bmv2] [T] [thread 6423] [146.0] [cxt 0] Bytes parsed: 18
[22:32:10.692] [bmv2] [D] [thread 6423] [146.0] [cxt 0] Parser 'parser' entering state 'parse_ipv4'
[22:32:10.692] [bmv2] [D] [thread 6423] [146.0] [cxt 0] Extracting header 'ipv4'
[22:32:10.692] [bmv2] [D] [thread 6423] [146.0] [cxt 0] Parser set: setting field 'scalars.tmp' from expression, new value is 1
[22:32:10.692] [bmv2] [D] [thread 6423] [146.0] [cxt 0] Parser state 'parse_ipv4': key is 05
[22:32:10.692] [bmv2] [T] [thread 6423] [146.0] [cxt 0] Bytes parsed: 38
[22:32:10.692] [bmv2] [D] [thread 6423] [146.0] [cxt 0] Parser 'parser': end
[22:32:10.692] [bmv2] [D] [thread 6423] [146.0] [cxt 0] Pipeline 'ingress': start
[22:32:10.692] [bmv2] [T] [thread 6423] [146.0] [cxt 0] qos.p4(197) Condition "hdr.ipv4.isValid()" (node_2) is true
[22:32:10.692] [bmv2] [T] [thread 6423] [146.0] [cxt 0] qos.p4(198) Condition "hdr.ipv4_option.isValid()" (node_3) is false
[22:32:10.693] [bmv2] [T] [thread 6423] [146.0] [cxt 0] Applying table 'MyIngress.ipv4_lpm'
[22:32:10.693] [bmv2] [D] [thread 6423] [146.0] [cxt 0] Looking up key:
* hdr.ipv4.dstAddr    : 0a000202

[22:32:10.693] [bmv2] [D] [thread 6423] [146.0] [cxt 0] Table 'MyIngress.ipv4_lpm': hit with handle 0
[22:32:10.693] [bmv2] [D] [thread 6423] [146.0] [cxt 0] Dumping entry 0
Match key:
* hdr.ipv4.dstAddr    : LPM       0a000202/32
Action entry: MyIngress.ipv4_forward - 80000000202,2,

[22:32:10.693] [bmv2] [D] [thread 6423] [146.0] [cxt 0] Action entry is MyIngress.ipv4_forward - 80000000202,2,
[22:32:10.693] [bmv2] [T] [thread 6423] [146.0] [cxt 0] Action MyIngress.ipv4_forward
[22:32:10.693] [bmv2] [T] [thread 6423] [146.0] [cxt 0] qos.p4(175) Primitive standard_metadata.egress_spec = port
[22:32:10.693] [bmv2] [T] [thread 6423] [146.0] [cxt 0] qos.p4(176) Primitive hdr.ethernet.srcAddr = hdr.ethernet.dstAddr
[22:32:10.693] [bmv2] [T] [thread 6423] [146.0] [cxt 0] qos.p4(177) Primitive hdr.ethernet.dstAddr = dstAddr
[22:32:10.693] [bmv2] [T] [thread 6423] [146.0] [cxt 0] qos.p4(178) Primitive hdr.ipv4.ttl = hdr.ipv4.ttl - 1
[22:32:10.693] [bmv2] [D] [thread 6423] [146.0] [cxt 0] Pipeline 'ingress': end
[22:32:10.693] [bmv2] [D] [thread 6423] [146.0] [cxt 0] Egress port is 2
[22:32:10.693] [bmv2] [D] [thread 6426] [146.0] [cxt 0] Pipeline 'egress': start
[22:32:10.693] [bmv2] [D] [thread 6426] [146.0] [cxt 0] Pipeline 'egress': end
[22:32:10.693] [bmv2] [D] [thread 6426] [146.0] [cxt 0] Deparser 'deparser': start
[22:32:10.693] [bmv2] [D] [thread 6426] [146.0] [cxt 0] Updating checksum 'cksum'
[22:32:10.693] [bmv2] [D] [thread 6426] [146.0] [cxt 0] Deparsing header 'ethernet'
[22:32:10.693] [bmv2] [D] [thread 6426] [146.0] [cxt 0] Deparsing header 'vlan'
[22:32:10.693] [bmv2] [D] [thread 6426] [146.0] [cxt 0] Deparsing header 'ipv4'
[22:32:10.693] [bmv2] [D] [thread 6426] [146.0] [cxt 0] Deparser 'deparser': end
[22:32:10.694] [bmv2] [D] [thread 6428] [146.0] [cxt 0] Transmitting packet of size 558 out of port 2
[22:32:10.735] [bmv2] [D] [thread 6423] [147.0] [cxt 0] Processing packet received on port 3
[22:32:10.735] [bmv2] [D] [thread 6423] [147.0] [cxt 0] Parser 'parser': start
[22:32:10.735] [bmv2] [D] [thread 6423] [147.0] [cxt 0] Parser 'parser' entering state 'start'
[22:32:10.735] [bmv2] [D] [thread 6423] [147.0] [cxt 0] Extracting header 'ethernet'
[22:32:10.735] [bmv2] [D] [thread 6423] [147.0] [cxt 0] Parser state 'start': key is 8100
[22:32:10.735] [bmv2] [T] [thread 6423] [147.0] [cxt 0] Bytes parsed: 14
[22:32:10.735] [bmv2] [D] [thread 6423] [147.0] [cxt 0] Parser 'parser' entering state 'parse_vlan'
[22:32:10.735] [bmv2] [D] [thread 6423] [147.0] [cxt 0] Extracting header 'vlan'
[22:32:10.735] [bmv2] [D] [thread 6423] [147.0] [cxt 0] Parser state 'parse_vlan': key is 0800
[22:32:10.735] [bmv2] [T] [thread 6423] [147.0] [cxt 0] Bytes parsed: 18
[22:32:10.735] [bmv2] [D] [thread 6423] [147.0] [cxt 0] Parser 'parser' entering state 'parse_ipv4'
[22:32:10.735] [bmv2] [D] [thread 6423] [147.0] [cxt 0] Extracting header 'ipv4'
[22:32:10.735] [bmv2] [D] [thread 6423] [147.0] [cxt 0] Parser set: setting field 'scalars.tmp' from expression, new value is 1
[22:32:10.735] [bmv2] [D] [thread 6423] [147.0] [cxt 0] Parser state 'parse_ipv4': key is 06
[22:32:10.735] [bmv2] [T] [thread 6423] [147.0] [cxt 0] Bytes parsed: 38
[22:32:10.735] [bmv2] [D] [thread 6423] [147.0] [cxt 0] Parser 'parser' entering state 'parse_ipv4_option'
[22:32:10.735] [bmv2] [D] [thread 6423] [147.0] [cxt 0] Extracting header 'ipv4_option'
[22:32:10.735] [bmv2] [D] [thread 6423] [147.0] [cxt 0] Parser state 'parse_ipv4_option': key is 1f
[22:32:10.735] [bmv2] [T] [thread 6423] [147.0] [cxt 0] Bytes parsed: 40
[22:32:10.735] [bmv2] [D] [thread 6423] [147.0] [cxt 0] Parser 'parser' entering state 'parse_link_qos'
[22:32:10.735] [bmv2] [D] [thread 6423] [147.0] [cxt 0] Extracting header 'link_qos'
[22:32:10.735] [bmv2] [D] [thread 6423] [147.0] [cxt 0] Parser state 'parse_link_qos' has no switch, going to default next state
[22:32:10.735] [bmv2] [T] [thread 6423] [147.0] [cxt 0] Bytes parsed: 42
[22:32:10.735] [bmv2] [D] [thread 6423] [147.0] [cxt 0] Parser 'parser': end
[22:32:10.735] [bmv2] [D] [thread 6423] [147.0] [cxt 0] Pipeline 'ingress': start
[22:32:10.735] [bmv2] [T] [thread 6423] [147.0] [cxt 0] qos.p4(197) Condition "hdr.ipv4.isValid()" (node_2) is true
[22:32:10.735] [bmv2] [T] [thread 6423] [147.0] [cxt 0] qos.p4(198) Condition "hdr.ipv4_option.isValid()" (node_3) is true
[22:32:10.735] [bmv2] [T] [thread 6423] [147.0] [cxt 0] qos.p4(199) Condition "hdr.link_qos.link_qos == TARGET_LINK_QOS" (node_4) is true
[22:32:10.735] [bmv2] [T] [thread 6423] [147.0] [cxt 0] Applying table 'tbl_qos200'
[22:32:10.735] [bmv2] [D] [thread 6423] [147.0] [cxt 0] Looking up key:

[22:32:10.735] [bmv2] [D] [thread 6423] [147.0] [cxt 0] Table 'tbl_qos200': miss
[22:32:10.735] [bmv2] [D] [thread 6423] [147.0] [cxt 0] Action entry is qos200 - 
[22:32:10.735] [bmv2] [T] [thread 6423] [147.0] [cxt 0] Action qos200
[22:32:10.736] [bmv2] [T] [thread 6423] [147.0] [cxt 0] qos.p4(200) Primitive hdr.ipv4.diffserv = (TARGET_DSCP << 2
[22:32:10.736] [bmv2] [T] [thread 6423] [147.0] [cxt 0] qos.p4(28) Primitive 7; ...
[22:32:10.736] [bmv2] [T] [thread 6423] [147.0] [cxt 0] Applying table 'MyIngress.ipv4_lpm'
[22:32:10.736] [bmv2] [D] [thread 6423] [147.0] [cxt 0] Looking up key:
* hdr.ipv4.dstAddr    : 0a000202

[22:32:10.736] [bmv2] [D] [thread 6423] [147.0] [cxt 0] Table 'MyIngress.ipv4_lpm': hit with handle 0
[22:32:10.736] [bmv2] [D] [thread 6423] [147.0] [cxt 0] Dumping entry 0
Match key:
* hdr.ipv4.dstAddr    : LPM       0a000202/32
Action entry: MyIngress.ipv4_forward - 80000000202,2,

[22:32:10.736] [bmv2] [D] [thread 6423] [147.0] [cxt 0] Action entry is MyIngress.ipv4_forward - 80000000202,2,
[22:32:10.736] [bmv2] [T] [thread 6423] [147.0] [cxt 0] Action MyIngress.ipv4_forward
[22:32:10.736] [bmv2] [T] [thread 6423] [147.0] [cxt 0] qos.p4(175) Primitive standard_metadata.egress_spec = port
[22:32:10.736] [bmv2] [T] [thread 6423] [147.0] [cxt 0] qos.p4(176) Primitive hdr.ethernet.srcAddr = hdr.ethernet.dstAddr
[22:32:10.736] [bmv2] [T] [thread 6423] [147.0] [cxt 0] qos.p4(177) Primitive hdr.ethernet.dstAddr = dstAddr
[22:32:10.736] [bmv2] [T] [thread 6423] [147.0] [cxt 0] qos.p4(178) Primitive hdr.ipv4.ttl = hdr.ipv4.ttl - 1
[22:32:10.736] [bmv2] [D] [thread 6423] [147.0] [cxt 0] Pipeline 'ingress': end
[22:32:10.736] [bmv2] [D] [thread 6423] [147.0] [cxt 0] Egress port is 2
[22:32:10.736] [bmv2] [D] [thread 6426] [147.0] [cxt 0] Pipeline 'egress': start
[22:32:10.736] [bmv2] [D] [thread 6426] [147.0] [cxt 0] Pipeline 'egress': end
[22:32:10.736] [bmv2] [D] [thread 6426] [147.0] [cxt 0] Deparser 'deparser': start
[22:32:10.736] [bmv2] [D] [thread 6426] [147.0] [cxt 0] Updating checksum 'cksum'
[22:32:10.736] [bmv2] [D] [thread 6426] [147.0] [cxt 0] Deparsing header 'ethernet'
[22:32:10.736] [bmv2] [D] [thread 6426] [147.0] [cxt 0] Deparsing header 'vlan'
[22:32:10.736] [bmv2] [D] [thread 6426] [147.0] [cxt 0] Deparsing header 'ipv4'
[22:32:10.736] [bmv2] [D] [thread 6426] [147.0] [cxt 0] Deparsing header 'ipv4_option'
[22:32:10.736] [bmv2] [D] [thread 6426] [147.0] [cxt 0] Deparsing header 'link_qos'
[22:32:10.736] [bmv2] [D] [thread 6426] [147.0] [cxt 0] Deparser 'deparser': end
[22:32:10.736] [bmv2] [D] [thread 6428] [147.0] [cxt 0] Transmitting packet of size 562 out of port 2
[22:32:10.815] [bmv2] [D] [thread 6423] [148.0] [cxt 0] Processing packet received on port 3
[22:32:10.815] [bmv2] [D] [thread 6423] [148.0] [cxt 0] Parser 'parser': start
[22:32:10.815] [bmv2] [D] [thread 6423] [148.0] [cxt 0] Parser 'parser' entering state 'start'
[22:32:10.815] [bmv2] [D] [thread 6423] [148.0] [cxt 0] Extracting header 'ethernet'
[22:32:10.815] [bmv2] [D] [thread 6423] [148.0] [cxt 0] Parser state 'start': key is 8100
[22:32:10.815] [bmv2] [T] [thread 6423] [148.0] [cxt 0] Bytes parsed: 14
[22:32:10.815] [bmv2] [D] [thread 6423] [148.0] [cxt 0] Parser 'parser' entering state 'parse_vlan'
[22:32:10.815] [bmv2] [D] [thread 6423] [148.0] [cxt 0] Extracting header 'vlan'
[22:32:10.815] [bmv2] [D] [thread 6423] [148.0] [cxt 0] Parser state 'parse_vlan': key is 0800
[22:32:10.815] [bmv2] [T] [thread 6423] [148.0] [cxt 0] Bytes parsed: 18
[22:32:10.815] [bmv2] [D] [thread 6423] [148.0] [cxt 0] Parser 'parser' entering state 'parse_ipv4'
[22:32:10.815] [bmv2] [D] [thread 6423] [148.0] [cxt 0] Extracting header 'ipv4'
[22:32:10.815] [bmv2] [D] [thread 6423] [148.0] [cxt 0] Parser set: setting field 'scalars.tmp' from expression, new value is 1
[22:32:10.815] [bmv2] [D] [thread 6423] [148.0] [cxt 0] Parser state 'parse_ipv4': key is 05
[22:32:10.815] [bmv2] [T] [thread 6423] [148.0] [cxt 0] Bytes parsed: 38
[22:32:10.815] [bmv2] [D] [thread 6423] [148.0] [cxt 0] Parser 'parser': end
[22:32:10.815] [bmv2] [D] [thread 6423] [148.0] [cxt 0] Pipeline 'ingress': start
[22:32:10.815] [bmv2] [T] [thread 6423] [148.0] [cxt 0] qos.p4(197) Condition "hdr.ipv4.isValid()" (node_2) is true
[22:32:10.815] [bmv2] [T] [thread 6423] [148.0] [cxt 0] qos.p4(198) Condition "hdr.ipv4_option.isValid()" (node_3) is false
[22:32:10.815] [bmv2] [T] [thread 6423] [148.0] [cxt 0] Applying table 'MyIngress.ipv4_lpm'
[22:32:10.816] [bmv2] [D] [thread 6423] [148.0] [cxt 0] Looking up key:
* hdr.ipv4.dstAddr    : 0a000202

[22:32:10.816] [bmv2] [D] [thread 6423] [148.0] [cxt 0] Table 'MyIngress.ipv4_lpm': hit with handle 0
[22:32:10.816] [bmv2] [D] [thread 6423] [148.0] [cxt 0] Dumping entry 0
Match key:
* hdr.ipv4.dstAddr    : LPM       0a000202/32
Action entry: MyIngress.ipv4_forward - 80000000202,2,

[22:32:10.816] [bmv2] [D] [thread 6423] [148.0] [cxt 0] Action entry is MyIngress.ipv4_forward - 80000000202,2,
[22:32:10.816] [bmv2] [T] [thread 6423] [148.0] [cxt 0] Action MyIngress.ipv4_forward
[22:32:10.816] [bmv2] [T] [thread 6423] [148.0] [cxt 0] qos.p4(175) Primitive standard_metadata.egress_spec = port
[22:32:10.816] [bmv2] [T] [thread 6423] [148.0] [cxt 0] qos.p4(176) Primitive hdr.ethernet.srcAddr = hdr.ethernet.dstAddr
[22:32:10.816] [bmv2] [T] [thread 6423] [148.0] [cxt 0] qos.p4(177) Primitive hdr.ethernet.dstAddr = dstAddr
[22:32:10.816] [bmv2] [T] [thread 6423] [148.0] [cxt 0] qos.p4(178) Primitive hdr.ipv4.ttl = hdr.ipv4.ttl - 1
[22:32:10.816] [bmv2] [D] [thread 6423] [148.0] [cxt 0] Pipeline 'ingress': end
[22:32:10.816] [bmv2] [D] [thread 6423] [148.0] [cxt 0] Egress port is 2
[22:32:10.816] [bmv2] [D] [thread 6426] [148.0] [cxt 0] Pipeline 'egress': start
[22:32:10.816] [bmv2] [D] [thread 6426] [148.0] [cxt 0] Pipeline 'egress': end
[22:32:10.816] [bmv2] [D] [thread 6426] [148.0] [cxt 0] Deparser 'deparser': start
[22:32:10.816] [bmv2] [D] [thread 6426] [148.0] [cxt 0] Updating checksum 'cksum'
[22:32:10.816] [bmv2] [D] [thread 6426] [148.0] [cxt 0] Deparsing header 'ethernet'
[22:32:10.816] [bmv2] [D] [thread 6426] [148.0] [cxt 0] Deparsing header 'vlan'
[22:32:10.816] [bmv2] [D] [thread 6426] [148.0] [cxt 0] Deparsing header 'ipv4'
[22:32:10.816] [bmv2] [D] [thread 6426] [148.0] [cxt 0] Deparser 'deparser': end
[22:32:10.816] [bmv2] [D] [thread 6428] [148.0] [cxt 0] Transmitting packet of size 558 out of port 2
[22:32:10.940] [bmv2] [D] [thread 6423] [149.0] [cxt 0] Processing packet received on port 3
[22:32:10.940] [bmv2] [D] [thread 6423] [149.0] [cxt 0] Parser 'parser': start
[22:32:10.940] [bmv2] [D] [thread 6423] [149.0] [cxt 0] Parser 'parser' entering state 'start'
[22:32:10.940] [bmv2] [D] [thread 6423] [149.0] [cxt 0] Extracting header 'ethernet'
[22:32:10.940] [bmv2] [D] [thread 6423] [149.0] [cxt 0] Parser state 'start': key is 8100
[22:32:10.940] [bmv2] [T] [thread 6423] [149.0] [cxt 0] Bytes parsed: 14
[22:32:10.940] [bmv2] [D] [thread 6423] [149.0] [cxt 0] Parser 'parser' entering state 'parse_vlan'
[22:32:10.940] [bmv2] [D] [thread 6423] [149.0] [cxt 0] Extracting header 'vlan'
[22:32:10.940] [bmv2] [D] [thread 6423] [149.0] [cxt 0] Parser state 'parse_vlan': key is 0800
[22:32:10.940] [bmv2] [T] [thread 6423] [149.0] [cxt 0] Bytes parsed: 18
[22:32:10.940] [bmv2] [D] [thread 6423] [149.0] [cxt 0] Parser 'parser' entering state 'parse_ipv4'
[22:32:10.940] [bmv2] [D] [thread 6423] [149.0] [cxt 0] Extracting header 'ipv4'
[22:32:10.940] [bmv2] [D] [thread 6423] [149.0] [cxt 0] Parser set: setting field 'scalars.tmp' from expression, new value is 1
[22:32:10.940] [bmv2] [D] [thread 6423] [149.0] [cxt 0] Parser state 'parse_ipv4': key is 05
[22:32:10.941] [bmv2] [T] [thread 6423] [149.0] [cxt 0] Bytes parsed: 38
[22:32:10.941] [bmv2] [D] [thread 6423] [149.0] [cxt 0] Parser 'parser': end
[22:32:10.941] [bmv2] [D] [thread 6423] [149.0] [cxt 0] Pipeline 'ingress': start
[22:32:10.941] [bmv2] [T] [thread 6423] [149.0] [cxt 0] qos.p4(197) Condition "hdr.ipv4.isValid()" (node_2) is true
[22:32:10.941] [bmv2] [T] [thread 6423] [149.0] [cxt 0] qos.p4(198) Condition "hdr.ipv4_option.isValid()" (node_3) is false
[22:32:10.941] [bmv2] [T] [thread 6423] [149.0] [cxt 0] Applying table 'MyIngress.ipv4_lpm'
[22:32:10.941] [bmv2] [D] [thread 6423] [149.0] [cxt 0] Looking up key:
* hdr.ipv4.dstAddr    : 0a000202

[22:32:10.941] [bmv2] [D] [thread 6423] [149.0] [cxt 0] Table 'MyIngress.ipv4_lpm': hit with handle 0
[22:32:10.941] [bmv2] [D] [thread 6423] [149.0] [cxt 0] Dumping entry 0
Match key:
* hdr.ipv4.dstAddr    : LPM       0a000202/32
Action entry: MyIngress.ipv4_forward - 80000000202,2,

[22:32:10.941] [bmv2] [D] [thread 6423] [149.0] [cxt 0] Action entry is MyIngress.ipv4_forward - 80000000202,2,
[22:32:10.941] [bmv2] [T] [thread 6423] [149.0] [cxt 0] Action MyIngress.ipv4_forward
[22:32:10.941] [bmv2] [T] [thread 6423] [149.0] [cxt 0] qos.p4(175) Primitive standard_metadata.egress_spec = port
[22:32:10.941] [bmv2] [T] [thread 6423] [149.0] [cxt 0] qos.p4(176) Primitive hdr.ethernet.srcAddr = hdr.ethernet.dstAddr
[22:32:10.941] [bmv2] [T] [thread 6423] [149.0] [cxt 0] qos.p4(177) Primitive hdr.ethernet.dstAddr = dstAddr
[22:32:10.941] [bmv2] [T] [thread 6423] [149.0] [cxt 0] qos.p4(178) Primitive hdr.ipv4.ttl = hdr.ipv4.ttl - 1
[22:32:10.941] [bmv2] [D] [thread 6423] [149.0] [cxt 0] Pipeline 'ingress': end
[22:32:10.941] [bmv2] [D] [thread 6423] [149.0] [cxt 0] Egress port is 2
[22:32:10.941] [bmv2] [D] [thread 6426] [149.0] [cxt 0] Pipeline 'egress': start
[22:32:10.941] [bmv2] [D] [thread 6426] [149.0] [cxt 0] Pipeline 'egress': end
[22:32:10.941] [bmv2] [D] [thread 6426] [149.0] [cxt 0] Deparser 'deparser': start
[22:32:10.941] [bmv2] [D] [thread 6426] [149.0] [cxt 0] Updating checksum 'cksum'
[22:32:10.941] [bmv2] [D] [thread 6426] [149.0] [cxt 0] Deparsing header 'ethernet'
[22:32:10.941] [bmv2] [D] [thread 6426] [149.0] [cxt 0] Deparsing header 'vlan'
[22:32:10.942] [bmv2] [D] [thread 6426] [149.0] [cxt 0] Deparsing header 'ipv4'
[22:32:10.942] [bmv2] [D] [thread 6426] [149.0] [cxt 0] Deparser 'deparser': end
[22:32:10.942] [bmv2] [D] [thread 6428] [149.0] [cxt 0] Transmitting packet of size 558 out of port 2
[22:32:11.066] [bmv2] [D] [thread 6423] [150.0] [cxt 0] Processing packet received on port 3
[22:32:11.066] [bmv2] [D] [thread 6423] [150.0] [cxt 0] Parser 'parser': start
[22:32:11.066] [bmv2] [D] [thread 6423] [150.0] [cxt 0] Parser 'parser' entering state 'start'
[22:32:11.066] [bmv2] [D] [thread 6423] [150.0] [cxt 0] Extracting header 'ethernet'
[22:32:11.066] [bmv2] [D] [thread 6423] [150.0] [cxt 0] Parser state 'start': key is 8100
[22:32:11.066] [bmv2] [T] [thread 6423] [150.0] [cxt 0] Bytes parsed: 14
[22:32:11.066] [bmv2] [D] [thread 6423] [150.0] [cxt 0] Parser 'parser' entering state 'parse_vlan'
[22:32:11.066] [bmv2] [D] [thread 6423] [150.0] [cxt 0] Extracting header 'vlan'
[22:32:11.066] [bmv2] [D] [thread 6423] [150.0] [cxt 0] Parser state 'parse_vlan': key is 0800
[22:32:11.066] [bmv2] [T] [thread 6423] [150.0] [cxt 0] Bytes parsed: 18
[22:32:11.066] [bmv2] [D] [thread 6423] [150.0] [cxt 0] Parser 'parser' entering state 'parse_ipv4'
[22:32:11.066] [bmv2] [D] [thread 6423] [150.0] [cxt 0] Extracting header 'ipv4'
[22:32:11.066] [bmv2] [D] [thread 6423] [150.0] [cxt 0] Parser set: setting field 'scalars.tmp' from expression, new value is 1
[22:32:11.066] [bmv2] [D] [thread 6423] [150.0] [cxt 0] Parser state 'parse_ipv4': key is 05
[22:32:11.066] [bmv2] [T] [thread 6423] [150.0] [cxt 0] Bytes parsed: 38
[22:32:11.066] [bmv2] [D] [thread 6423] [150.0] [cxt 0] Parser 'parser': end
[22:32:11.066] [bmv2] [D] [thread 6423] [150.0] [cxt 0] Pipeline 'ingress': start
[22:32:11.066] [bmv2] [T] [thread 6423] [150.0] [cxt 0] qos.p4(197) Condition "hdr.ipv4.isValid()" (node_2) is true
[22:32:11.066] [bmv2] [T] [thread 6423] [150.0] [cxt 0] qos.p4(198) Condition "hdr.ipv4_option.isValid()" (node_3) is false
[22:32:11.066] [bmv2] [T] [thread 6423] [150.0] [cxt 0] Applying table 'MyIngress.ipv4_lpm'
[22:32:11.066] [bmv2] [D] [thread 6423] [150.0] [cxt 0] Looking up key:
* hdr.ipv4.dstAddr    : 0a000202

[22:32:11.066] [bmv2] [D] [thread 6423] [150.0] [cxt 0] Table 'MyIngress.ipv4_lpm': hit with handle 0
[22:32:11.066] [bmv2] [D] [thread 6423] [150.0] [cxt 0] Dumping entry 0
Match key:
* hdr.ipv4.dstAddr    : LPM       0a000202/32
Action entry: MyIngress.ipv4_forward - 80000000202,2,

[22:32:11.066] [bmv2] [D] [thread 6423] [150.0] [cxt 0] Action entry is MyIngress.ipv4_forward - 80000000202,2,
[22:32:11.066] [bmv2] [T] [thread 6423] [150.0] [cxt 0] Action MyIngress.ipv4_forward
[22:32:11.066] [bmv2] [T] [thread 6423] [150.0] [cxt 0] qos.p4(175) Primitive standard_metadata.egress_spec = port
[22:32:11.066] [bmv2] [T] [thread 6423] [150.0] [cxt 0] qos.p4(176) Primitive hdr.ethernet.srcAddr = hdr.ethernet.dstAddr
[22:32:11.066] [bmv2] [T] [thread 6423] [150.0] [cxt 0] qos.p4(177) Primitive hdr.ethernet.dstAddr = dstAddr
[22:32:11.067] [bmv2] [T] [thread 6423] [150.0] [cxt 0] qos.p4(178) Primitive hdr.ipv4.ttl = hdr.ipv4.ttl - 1
[22:32:11.067] [bmv2] [D] [thread 6423] [150.0] [cxt 0] Pipeline 'ingress': end
[22:32:11.067] [bmv2] [D] [thread 6423] [150.0] [cxt 0] Egress port is 2
[22:32:11.067] [bmv2] [D] [thread 6426] [150.0] [cxt 0] Pipeline 'egress': start
[22:32:11.067] [bmv2] [D] [thread 6426] [150.0] [cxt 0] Pipeline 'egress': end
[22:32:11.067] [bmv2] [D] [thread 6426] [150.0] [cxt 0] Deparser 'deparser': start
[22:32:11.067] [bmv2] [D] [thread 6426] [150.0] [cxt 0] Updating checksum 'cksum'
[22:32:11.067] [bmv2] [D] [thread 6426] [150.0] [cxt 0] Deparsing header 'ethernet'
[22:32:11.067] [bmv2] [D] [thread 6426] [150.0] [cxt 0] Deparsing header 'vlan'
[22:32:11.067] [bmv2] [D] [thread 6426] [150.0] [cxt 0] Deparsing header 'ipv4'
[22:32:11.067] [bmv2] [D] [thread 6426] [150.0] [cxt 0] Deparser 'deparser': end
[22:32:11.067] [bmv2] [D] [thread 6428] [150.0] [cxt 0] Transmitting packet of size 558 out of port 2
[22:32:11.198] [bmv2] [D] [thread 6423] [151.0] [cxt 0] Processing packet received on port 3
[22:32:11.198] [bmv2] [D] [thread 6423] [151.0] [cxt 0] Parser 'parser': start
[22:32:11.198] [bmv2] [D] [thread 6423] [151.0] [cxt 0] Parser 'parser' entering state 'start'
[22:32:11.198] [bmv2] [D] [thread 6423] [151.0] [cxt 0] Extracting header 'ethernet'
[22:32:11.198] [bmv2] [D] [thread 6423] [151.0] [cxt 0] Parser state 'start': key is 8100
[22:32:11.198] [bmv2] [T] [thread 6423] [151.0] [cxt 0] Bytes parsed: 14
[22:32:11.198] [bmv2] [D] [thread 6423] [151.0] [cxt 0] Parser 'parser' entering state 'parse_vlan'
[22:32:11.198] [bmv2] [D] [thread 6423] [151.0] [cxt 0] Extracting header 'vlan'
[22:32:11.198] [bmv2] [D] [thread 6423] [151.0] [cxt 0] Parser state 'parse_vlan': key is 0800
[22:32:11.198] [bmv2] [T] [thread 6423] [151.0] [cxt 0] Bytes parsed: 18
[22:32:11.198] [bmv2] [D] [thread 6423] [151.0] [cxt 0] Parser 'parser' entering state 'parse_ipv4'
[22:32:11.198] [bmv2] [D] [thread 6423] [151.0] [cxt 0] Extracting header 'ipv4'
[22:32:11.198] [bmv2] [D] [thread 6423] [151.0] [cxt 0] Parser set: setting field 'scalars.tmp' from expression, new value is 1
[22:32:11.198] [bmv2] [D] [thread 6423] [151.0] [cxt 0] Parser state 'parse_ipv4': key is 05
[22:32:11.198] [bmv2] [T] [thread 6423] [151.0] [cxt 0] Bytes parsed: 38
[22:32:11.198] [bmv2] [D] [thread 6423] [151.0] [cxt 0] Parser 'parser': end
[22:32:11.199] [bmv2] [D] [thread 6423] [151.0] [cxt 0] Pipeline 'ingress': start
[22:32:11.199] [bmv2] [T] [thread 6423] [151.0] [cxt 0] qos.p4(197) Condition "hdr.ipv4.isValid()" (node_2) is true
[22:32:11.199] [bmv2] [T] [thread 6423] [151.0] [cxt 0] qos.p4(198) Condition "hdr.ipv4_option.isValid()" (node_3) is false
[22:32:11.199] [bmv2] [T] [thread 6423] [151.0] [cxt 0] Applying table 'MyIngress.ipv4_lpm'
[22:32:11.199] [bmv2] [D] [thread 6423] [151.0] [cxt 0] Looking up key:
* hdr.ipv4.dstAddr    : 0a000202

[22:32:11.199] [bmv2] [D] [thread 6423] [151.0] [cxt 0] Table 'MyIngress.ipv4_lpm': hit with handle 0
[22:32:11.199] [bmv2] [D] [thread 6423] [151.0] [cxt 0] Dumping entry 0
Match key:
* hdr.ipv4.dstAddr    : LPM       0a000202/32
Action entry: MyIngress.ipv4_forward - 80000000202,2,

[22:32:11.199] [bmv2] [D] [thread 6423] [151.0] [cxt 0] Action entry is MyIngress.ipv4_forward - 80000000202,2,
[22:32:11.199] [bmv2] [T] [thread 6423] [151.0] [cxt 0] Action MyIngress.ipv4_forward
[22:32:11.199] [bmv2] [T] [thread 6423] [151.0] [cxt 0] qos.p4(175) Primitive standard_metadata.egress_spec = port
[22:32:11.199] [bmv2] [T] [thread 6423] [151.0] [cxt 0] qos.p4(176) Primitive hdr.ethernet.srcAddr = hdr.ethernet.dstAddr
[22:32:11.199] [bmv2] [T] [thread 6423] [151.0] [cxt 0] qos.p4(177) Primitive hdr.ethernet.dstAddr = dstAddr
[22:32:11.199] [bmv2] [T] [thread 6423] [151.0] [cxt 0] qos.p4(178) Primitive hdr.ipv4.ttl = hdr.ipv4.ttl - 1
[22:32:11.199] [bmv2] [D] [thread 6423] [151.0] [cxt 0] Pipeline 'ingress': end
[22:32:11.199] [bmv2] [D] [thread 6423] [151.0] [cxt 0] Egress port is 2
[22:32:11.199] [bmv2] [D] [thread 6426] [151.0] [cxt 0] Pipeline 'egress': start
[22:32:11.199] [bmv2] [D] [thread 6426] [151.0] [cxt 0] Pipeline 'egress': end
[22:32:11.199] [bmv2] [D] [thread 6426] [151.0] [cxt 0] Deparser 'deparser': start
[22:32:11.199] [bmv2] [D] [thread 6426] [151.0] [cxt 0] Updating checksum 'cksum'
[22:32:11.199] [bmv2] [D] [thread 6426] [151.0] [cxt 0] Deparsing header 'ethernet'
[22:32:11.199] [bmv2] [D] [thread 6426] [151.0] [cxt 0] Deparsing header 'vlan'
[22:32:11.199] [bmv2] [D] [thread 6426] [151.0] [cxt 0] Deparsing header 'ipv4'
[22:32:11.199] [bmv2] [D] [thread 6426] [151.0] [cxt 0] Deparser 'deparser': end
[22:32:11.199] [bmv2] [D] [thread 6428] [151.0] [cxt 0] Transmitting packet of size 558 out of port 2
[22:32:11.323] [bmv2] [D] [thread 6423] [152.0] [cxt 0] Processing packet received on port 3
[22:32:11.323] [bmv2] [D] [thread 6423] [152.0] [cxt 0] Parser 'parser': start
[22:32:11.323] [bmv2] [D] [thread 6423] [152.0] [cxt 0] Parser 'parser' entering state 'start'
[22:32:11.323] [bmv2] [D] [thread 6423] [152.0] [cxt 0] Extracting header 'ethernet'
[22:32:11.323] [bmv2] [D] [thread 6423] [152.0] [cxt 0] Parser state 'start': key is 8100
[22:32:11.323] [bmv2] [T] [thread 6423] [152.0] [cxt 0] Bytes parsed: 14
[22:32:11.323] [bmv2] [D] [thread 6423] [152.0] [cxt 0] Parser 'parser' entering state 'parse_vlan'
[22:32:11.323] [bmv2] [D] [thread 6423] [152.0] [cxt 0] Extracting header 'vlan'
[22:32:11.323] [bmv2] [D] [thread 6423] [152.0] [cxt 0] Parser state 'parse_vlan': key is 0800
[22:32:11.323] [bmv2] [T] [thread 6423] [152.0] [cxt 0] Bytes parsed: 18
[22:32:11.323] [bmv2] [D] [thread 6423] [152.0] [cxt 0] Parser 'parser' entering state 'parse_ipv4'
[22:32:11.323] [bmv2] [D] [thread 6423] [152.0] [cxt 0] Extracting header 'ipv4'
[22:32:11.323] [bmv2] [D] [thread 6423] [152.0] [cxt 0] Parser set: setting field 'scalars.tmp' from expression, new value is 1
[22:32:11.323] [bmv2] [D] [thread 6423] [152.0] [cxt 0] Parser state 'parse_ipv4': key is 05
[22:32:11.323] [bmv2] [T] [thread 6423] [152.0] [cxt 0] Bytes parsed: 38
[22:32:11.323] [bmv2] [D] [thread 6423] [152.0] [cxt 0] Parser 'parser': end
[22:32:11.323] [bmv2] [D] [thread 6423] [152.0] [cxt 0] Pipeline 'ingress': start
[22:32:11.323] [bmv2] [T] [thread 6423] [152.0] [cxt 0] qos.p4(197) Condition "hdr.ipv4.isValid()" (node_2) is true
[22:32:11.323] [bmv2] [T] [thread 6423] [152.0] [cxt 0] qos.p4(198) Condition "hdr.ipv4_option.isValid()" (node_3) is false
[22:32:11.323] [bmv2] [T] [thread 6423] [152.0] [cxt 0] Applying table 'MyIngress.ipv4_lpm'
[22:32:11.323] [bmv2] [D] [thread 6423] [152.0] [cxt 0] Looking up key:
* hdr.ipv4.dstAddr    : 0a000202

[22:32:11.323] [bmv2] [D] [thread 6423] [152.0] [cxt 0] Table 'MyIngress.ipv4_lpm': hit with handle 0
[22:32:11.323] [bmv2] [D] [thread 6423] [152.0] [cxt 0] Dumping entry 0
Match key:
* hdr.ipv4.dstAddr    : LPM       0a000202/32
Action entry: MyIngress.ipv4_forward - 80000000202,2,

[22:32:11.323] [bmv2] [D] [thread 6423] [152.0] [cxt 0] Action entry is MyIngress.ipv4_forward - 80000000202,2,
[22:32:11.323] [bmv2] [T] [thread 6423] [152.0] [cxt 0] Action MyIngress.ipv4_forward
[22:32:11.323] [bmv2] [T] [thread 6423] [152.0] [cxt 0] qos.p4(175) Primitive standard_metadata.egress_spec = port
[22:32:11.323] [bmv2] [T] [thread 6423] [152.0] [cxt 0] qos.p4(176) Primitive hdr.ethernet.srcAddr = hdr.ethernet.dstAddr
[22:32:11.323] [bmv2] [T] [thread 6423] [152.0] [cxt 0] qos.p4(177) Primitive hdr.ethernet.dstAddr = dstAddr
[22:32:11.323] [bmv2] [T] [thread 6423] [152.0] [cxt 0] qos.p4(178) Primitive hdr.ipv4.ttl = hdr.ipv4.ttl - 1
[22:32:11.323] [bmv2] [D] [thread 6423] [152.0] [cxt 0] Pipeline 'ingress': end
[22:32:11.323] [bmv2] [D] [thread 6423] [152.0] [cxt 0] Egress port is 2
[22:32:11.323] [bmv2] [D] [thread 6426] [152.0] [cxt 0] Pipeline 'egress': start
[22:32:11.323] [bmv2] [D] [thread 6426] [152.0] [cxt 0] Pipeline 'egress': end
[22:32:11.323] [bmv2] [D] [thread 6426] [152.0] [cxt 0] Deparser 'deparser': start
[22:32:11.323] [bmv2] [D] [thread 6426] [152.0] [cxt 0] Updating checksum 'cksum'
[22:32:11.323] [bmv2] [D] [thread 6426] [152.0] [cxt 0] Deparsing header 'ethernet'
[22:32:11.323] [bmv2] [D] [thread 6426] [152.0] [cxt 0] Deparsing header 'vlan'
[22:32:11.323] [bmv2] [D] [thread 6426] [152.0] [cxt 0] Deparsing header 'ipv4'
[22:32:11.324] [bmv2] [D] [thread 6426] [152.0] [cxt 0] Deparser 'deparser': end
[22:32:11.324] [bmv2] [D] [thread 6428] [152.0] [cxt 0] Transmitting packet of size 558 out of port 2
[22:32:11.455] [bmv2] [D] [thread 6423] [153.0] [cxt 0] Processing packet received on port 3
[22:32:11.455] [bmv2] [D] [thread 6423] [153.0] [cxt 0] Parser 'parser': start
[22:32:11.455] [bmv2] [D] [thread 6423] [153.0] [cxt 0] Parser 'parser' entering state 'start'
[22:32:11.455] [bmv2] [D] [thread 6423] [153.0] [cxt 0] Extracting header 'ethernet'
[22:32:11.456] [bmv2] [D] [thread 6423] [153.0] [cxt 0] Parser state 'start': key is 8100
[22:32:11.456] [bmv2] [T] [thread 6423] [153.0] [cxt 0] Bytes parsed: 14
[22:32:11.456] [bmv2] [D] [thread 6423] [153.0] [cxt 0] Parser 'parser' entering state 'parse_vlan'
[22:32:11.456] [bmv2] [D] [thread 6423] [153.0] [cxt 0] Extracting header 'vlan'
[22:32:11.456] [bmv2] [D] [thread 6423] [153.0] [cxt 0] Parser state 'parse_vlan': key is 0800
[22:32:11.456] [bmv2] [T] [thread 6423] [153.0] [cxt 0] Bytes parsed: 18
[22:32:11.456] [bmv2] [D] [thread 6423] [153.0] [cxt 0] Parser 'parser' entering state 'parse_ipv4'
[22:32:11.456] [bmv2] [D] [thread 6423] [153.0] [cxt 0] Extracting header 'ipv4'
[22:32:11.456] [bmv2] [D] [thread 6423] [153.0] [cxt 0] Parser set: setting field 'scalars.tmp' from expression, new value is 1
[22:32:11.456] [bmv2] [D] [thread 6423] [153.0] [cxt 0] Parser state 'parse_ipv4': key is 05
[22:32:11.456] [bmv2] [T] [thread 6423] [153.0] [cxt 0] Bytes parsed: 38
[22:32:11.456] [bmv2] [D] [thread 6423] [153.0] [cxt 0] Parser 'parser': end
[22:32:11.456] [bmv2] [D] [thread 6423] [153.0] [cxt 0] Pipeline 'ingress': start
[22:32:11.456] [bmv2] [T] [thread 6423] [153.0] [cxt 0] qos.p4(197) Condition "hdr.ipv4.isValid()" (node_2) is true
[22:32:11.456] [bmv2] [T] [thread 6423] [153.0] [cxt 0] qos.p4(198) Condition "hdr.ipv4_option.isValid()" (node_3) is false
[22:32:11.456] [bmv2] [T] [thread 6423] [153.0] [cxt 0] Applying table 'MyIngress.ipv4_lpm'
[22:32:11.456] [bmv2] [D] [thread 6423] [153.0] [cxt 0] Looking up key:
* hdr.ipv4.dstAddr    : 0a000202

[22:32:11.456] [bmv2] [D] [thread 6423] [153.0] [cxt 0] Table 'MyIngress.ipv4_lpm': hit with handle 0
[22:32:11.456] [bmv2] [D] [thread 6423] [153.0] [cxt 0] Dumping entry 0
Match key:
* hdr.ipv4.dstAddr    : LPM       0a000202/32
Action entry: MyIngress.ipv4_forward - 80000000202,2,

[22:32:11.456] [bmv2] [D] [thread 6423] [153.0] [cxt 0] Action entry is MyIngress.ipv4_forward - 80000000202,2,
[22:32:11.456] [bmv2] [T] [thread 6423] [153.0] [cxt 0] Action MyIngress.ipv4_forward
[22:32:11.456] [bmv2] [T] [thread 6423] [153.0] [cxt 0] qos.p4(175) Primitive standard_metadata.egress_spec = port
[22:32:11.456] [bmv2] [T] [thread 6423] [153.0] [cxt 0] qos.p4(176) Primitive hdr.ethernet.srcAddr = hdr.ethernet.dstAddr
[22:32:11.456] [bmv2] [T] [thread 6423] [153.0] [cxt 0] qos.p4(177) Primitive hdr.ethernet.dstAddr = dstAddr
[22:32:11.456] [bmv2] [T] [thread 6423] [153.0] [cxt 0] qos.p4(178) Primitive hdr.ipv4.ttl = hdr.ipv4.ttl - 1
[22:32:11.457] [bmv2] [D] [thread 6423] [153.0] [cxt 0] Pipeline 'ingress': end
[22:32:11.457] [bmv2] [D] [thread 6423] [153.0] [cxt 0] Egress port is 2
[22:32:11.457] [bmv2] [D] [thread 6426] [153.0] [cxt 0] Pipeline 'egress': start
[22:32:11.457] [bmv2] [D] [thread 6426] [153.0] [cxt 0] Pipeline 'egress': end
[22:32:11.457] [bmv2] [D] [thread 6426] [153.0] [cxt 0] Deparser 'deparser': start
[22:32:11.457] [bmv2] [D] [thread 6426] [153.0] [cxt 0] Updating checksum 'cksum'
[22:32:11.457] [bmv2] [D] [thread 6426] [153.0] [cxt 0] Deparsing header 'ethernet'
[22:32:11.457] [bmv2] [D] [thread 6426] [153.0] [cxt 0] Deparsing header 'vlan'
[22:32:11.457] [bmv2] [D] [thread 6426] [153.0] [cxt 0] Deparsing header 'ipv4'
[22:32:11.457] [bmv2] [D] [thread 6426] [153.0] [cxt 0] Deparser 'deparser': end
[22:32:11.457] [bmv2] [D] [thread 6428] [153.0] [cxt 0] Transmitting packet of size 558 out of port 2
[22:32:11.581] [bmv2] [D] [thread 6423] [154.0] [cxt 0] Processing packet received on port 3
[22:32:11.581] [bmv2] [D] [thread 6423] [154.0] [cxt 0] Parser 'parser': start
[22:32:11.581] [bmv2] [D] [thread 6423] [154.0] [cxt 0] Parser 'parser' entering state 'start'
[22:32:11.581] [bmv2] [D] [thread 6423] [154.0] [cxt 0] Extracting header 'ethernet'
[22:32:11.582] [bmv2] [D] [thread 6423] [154.0] [cxt 0] Parser state 'start': key is 8100
[22:32:11.582] [bmv2] [T] [thread 6423] [154.0] [cxt 0] Bytes parsed: 14
[22:32:11.582] [bmv2] [D] [thread 6423] [154.0] [cxt 0] Parser 'parser' entering state 'parse_vlan'
[22:32:11.582] [bmv2] [D] [thread 6423] [154.0] [cxt 0] Extracting header 'vlan'
[22:32:11.582] [bmv2] [D] [thread 6423] [154.0] [cxt 0] Parser state 'parse_vlan': key is 0800
[22:32:11.582] [bmv2] [T] [thread 6423] [154.0] [cxt 0] Bytes parsed: 18
[22:32:11.582] [bmv2] [D] [thread 6423] [154.0] [cxt 0] Parser 'parser' entering state 'parse_ipv4'
[22:32:11.582] [bmv2] [D] [thread 6423] [154.0] [cxt 0] Extracting header 'ipv4'
[22:32:11.582] [bmv2] [D] [thread 6423] [154.0] [cxt 0] Parser set: setting field 'scalars.tmp' from expression, new value is 1
[22:32:11.582] [bmv2] [D] [thread 6423] [154.0] [cxt 0] Parser state 'parse_ipv4': key is 05
[22:32:11.582] [bmv2] [T] [thread 6423] [154.0] [cxt 0] Bytes parsed: 38
[22:32:11.582] [bmv2] [D] [thread 6423] [154.0] [cxt 0] Parser 'parser': end
[22:32:11.582] [bmv2] [D] [thread 6423] [154.0] [cxt 0] Pipeline 'ingress': start
[22:32:11.582] [bmv2] [T] [thread 6423] [154.0] [cxt 0] qos.p4(197) Condition "hdr.ipv4.isValid()" (node_2) is true
[22:32:11.582] [bmv2] [T] [thread 6423] [154.0] [cxt 0] qos.p4(198) Condition "hdr.ipv4_option.isValid()" (node_3) is false
[22:32:11.582] [bmv2] [T] [thread 6423] [154.0] [cxt 0] Applying table 'MyIngress.ipv4_lpm'
[22:32:11.582] [bmv2] [D] [thread 6423] [154.0] [cxt 0] Looking up key:
* hdr.ipv4.dstAddr    : 0a000202

[22:32:11.582] [bmv2] [D] [thread 6423] [154.0] [cxt 0] Table 'MyIngress.ipv4_lpm': hit with handle 0
[22:32:11.582] [bmv2] [D] [thread 6423] [154.0] [cxt 0] Dumping entry 0
Match key:
* hdr.ipv4.dstAddr    : LPM       0a000202/32
Action entry: MyIngress.ipv4_forward - 80000000202,2,

[22:32:11.582] [bmv2] [D] [thread 6423] [154.0] [cxt 0] Action entry is MyIngress.ipv4_forward - 80000000202,2,
[22:32:11.582] [bmv2] [T] [thread 6423] [154.0] [cxt 0] Action MyIngress.ipv4_forward
[22:32:11.582] [bmv2] [T] [thread 6423] [154.0] [cxt 0] qos.p4(175) Primitive standard_metadata.egress_spec = port
[22:32:11.582] [bmv2] [T] [thread 6423] [154.0] [cxt 0] qos.p4(176) Primitive hdr.ethernet.srcAddr = hdr.ethernet.dstAddr
[22:32:11.582] [bmv2] [T] [thread 6423] [154.0] [cxt 0] qos.p4(177) Primitive hdr.ethernet.dstAddr = dstAddr
[22:32:11.583] [bmv2] [T] [thread 6423] [154.0] [cxt 0] qos.p4(178) Primitive hdr.ipv4.ttl = hdr.ipv4.ttl - 1
[22:32:11.583] [bmv2] [D] [thread 6423] [154.0] [cxt 0] Pipeline 'ingress': end
[22:32:11.583] [bmv2] [D] [thread 6423] [154.0] [cxt 0] Egress port is 2
[22:32:11.583] [bmv2] [D] [thread 6426] [154.0] [cxt 0] Pipeline 'egress': start
[22:32:11.583] [bmv2] [D] [thread 6426] [154.0] [cxt 0] Pipeline 'egress': end
[22:32:11.583] [bmv2] [D] [thread 6426] [154.0] [cxt 0] Deparser 'deparser': start
[22:32:11.583] [bmv2] [D] [thread 6426] [154.0] [cxt 0] Updating checksum 'cksum'
[22:32:11.583] [bmv2] [D] [thread 6426] [154.0] [cxt 0] Deparsing header 'ethernet'
[22:32:11.583] [bmv2] [D] [thread 6426] [154.0] [cxt 0] Deparsing header 'vlan'
[22:32:11.583] [bmv2] [D] [thread 6426] [154.0] [cxt 0] Deparsing header 'ipv4'
[22:32:11.583] [bmv2] [D] [thread 6426] [154.0] [cxt 0] Deparser 'deparser': end
[22:32:11.583] [bmv2] [D] [thread 6428] [154.0] [cxt 0] Transmitting packet of size 558 out of port 2
[22:32:11.706] [bmv2] [D] [thread 6423] [155.0] [cxt 0] Processing packet received on port 3
[22:32:11.706] [bmv2] [D] [thread 6423] [155.0] [cxt 0] Parser 'parser': start
[22:32:11.706] [bmv2] [D] [thread 6423] [155.0] [cxt 0] Parser 'parser' entering state 'start'
[22:32:11.706] [bmv2] [D] [thread 6423] [155.0] [cxt 0] Extracting header 'ethernet'
[22:32:11.706] [bmv2] [D] [thread 6423] [155.0] [cxt 0] Parser state 'start': key is 8100
[22:32:11.706] [bmv2] [T] [thread 6423] [155.0] [cxt 0] Bytes parsed: 14
[22:32:11.706] [bmv2] [D] [thread 6423] [155.0] [cxt 0] Parser 'parser' entering state 'parse_vlan'
[22:32:11.706] [bmv2] [D] [thread 6423] [155.0] [cxt 0] Extracting header 'vlan'
[22:32:11.706] [bmv2] [D] [thread 6423] [155.0] [cxt 0] Parser state 'parse_vlan': key is 0800
[22:32:11.706] [bmv2] [T] [thread 6423] [155.0] [cxt 0] Bytes parsed: 18
[22:32:11.706] [bmv2] [D] [thread 6423] [155.0] [cxt 0] Parser 'parser' entering state 'parse_ipv4'
[22:32:11.706] [bmv2] [D] [thread 6423] [155.0] [cxt 0] Extracting header 'ipv4'
[22:32:11.706] [bmv2] [D] [thread 6423] [155.0] [cxt 0] Parser set: setting field 'scalars.tmp' from expression, new value is 1
[22:32:11.706] [bmv2] [D] [thread 6423] [155.0] [cxt 0] Parser state 'parse_ipv4': key is 05
[22:32:11.706] [bmv2] [T] [thread 6423] [155.0] [cxt 0] Bytes parsed: 38
[22:32:11.706] [bmv2] [D] [thread 6423] [155.0] [cxt 0] Parser 'parser': end
[22:32:11.706] [bmv2] [D] [thread 6423] [155.0] [cxt 0] Pipeline 'ingress': start
[22:32:11.706] [bmv2] [T] [thread 6423] [155.0] [cxt 0] qos.p4(197) Condition "hdr.ipv4.isValid()" (node_2) is true
[22:32:11.706] [bmv2] [T] [thread 6423] [155.0] [cxt 0] qos.p4(198) Condition "hdr.ipv4_option.isValid()" (node_3) is false
[22:32:11.706] [bmv2] [T] [thread 6423] [155.0] [cxt 0] Applying table 'MyIngress.ipv4_lpm'
[22:32:11.707] [bmv2] [D] [thread 6423] [155.0] [cxt 0] Looking up key:
* hdr.ipv4.dstAddr    : 0a000202

[22:32:11.707] [bmv2] [D] [thread 6423] [155.0] [cxt 0] Table 'MyIngress.ipv4_lpm': hit with handle 0
[22:32:11.707] [bmv2] [D] [thread 6423] [155.0] [cxt 0] Dumping entry 0
Match key:
* hdr.ipv4.dstAddr    : LPM       0a000202/32
Action entry: MyIngress.ipv4_forward - 80000000202,2,

[22:32:11.707] [bmv2] [D] [thread 6423] [155.0] [cxt 0] Action entry is MyIngress.ipv4_forward - 80000000202,2,
[22:32:11.707] [bmv2] [T] [thread 6423] [155.0] [cxt 0] Action MyIngress.ipv4_forward
[22:32:11.707] [bmv2] [T] [thread 6423] [155.0] [cxt 0] qos.p4(175) Primitive standard_metadata.egress_spec = port
[22:32:11.707] [bmv2] [T] [thread 6423] [155.0] [cxt 0] qos.p4(176) Primitive hdr.ethernet.srcAddr = hdr.ethernet.dstAddr
[22:32:11.707] [bmv2] [T] [thread 6423] [155.0] [cxt 0] qos.p4(177) Primitive hdr.ethernet.dstAddr = dstAddr
[22:32:11.707] [bmv2] [T] [thread 6423] [155.0] [cxt 0] qos.p4(178) Primitive hdr.ipv4.ttl = hdr.ipv4.ttl - 1
[22:32:11.707] [bmv2] [D] [thread 6423] [155.0] [cxt 0] Pipeline 'ingress': end
[22:32:11.707] [bmv2] [D] [thread 6423] [155.0] [cxt 0] Egress port is 2
[22:32:11.707] [bmv2] [D] [thread 6426] [155.0] [cxt 0] Pipeline 'egress': start
[22:32:11.707] [bmv2] [D] [thread 6426] [155.0] [cxt 0] Pipeline 'egress': end
[22:32:11.707] [bmv2] [D] [thread 6426] [155.0] [cxt 0] Deparser 'deparser': start
[22:32:11.707] [bmv2] [D] [thread 6426] [155.0] [cxt 0] Updating checksum 'cksum'
[22:32:11.707] [bmv2] [D] [thread 6426] [155.0] [cxt 0] Deparsing header 'ethernet'
[22:32:11.707] [bmv2] [D] [thread 6426] [155.0] [cxt 0] Deparsing header 'vlan'
[22:32:11.707] [bmv2] [D] [thread 6426] [155.0] [cxt 0] Deparsing header 'ipv4'
[22:32:11.707] [bmv2] [D] [thread 6426] [155.0] [cxt 0] Deparser 'deparser': end
[22:32:11.707] [bmv2] [D] [thread 6428] [155.0] [cxt 0] Transmitting packet of size 558 out of port 2
[22:32:11.831] [bmv2] [D] [thread 6423] [156.0] [cxt 0] Processing packet received on port 3
[22:32:11.831] [bmv2] [D] [thread 6423] [156.0] [cxt 0] Parser 'parser': start
[22:32:11.831] [bmv2] [D] [thread 6423] [156.0] [cxt 0] Parser 'parser' entering state 'start'
[22:32:11.831] [bmv2] [D] [thread 6423] [156.0] [cxt 0] Extracting header 'ethernet'
[22:32:11.831] [bmv2] [D] [thread 6423] [156.0] [cxt 0] Parser state 'start': key is 8100
[22:32:11.831] [bmv2] [T] [thread 6423] [156.0] [cxt 0] Bytes parsed: 14
[22:32:11.831] [bmv2] [D] [thread 6423] [156.0] [cxt 0] Parser 'parser' entering state 'parse_vlan'
[22:32:11.831] [bmv2] [D] [thread 6423] [156.0] [cxt 0] Extracting header 'vlan'
[22:32:11.831] [bmv2] [D] [thread 6423] [156.0] [cxt 0] Parser state 'parse_vlan': key is 0800
[22:32:11.831] [bmv2] [T] [thread 6423] [156.0] [cxt 0] Bytes parsed: 18
[22:32:11.831] [bmv2] [D] [thread 6423] [156.0] [cxt 0] Parser 'parser' entering state 'parse_ipv4'
[22:32:11.831] [bmv2] [D] [thread 6423] [156.0] [cxt 0] Extracting header 'ipv4'
[22:32:11.832] [bmv2] [D] [thread 6423] [156.0] [cxt 0] Parser set: setting field 'scalars.tmp' from expression, new value is 1
[22:32:11.832] [bmv2] [D] [thread 6423] [156.0] [cxt 0] Parser state 'parse_ipv4': key is 05
[22:32:11.832] [bmv2] [T] [thread 6423] [156.0] [cxt 0] Bytes parsed: 38
[22:32:11.832] [bmv2] [D] [thread 6423] [156.0] [cxt 0] Parser 'parser': end
[22:32:11.832] [bmv2] [D] [thread 6423] [156.0] [cxt 0] Pipeline 'ingress': start
[22:32:11.832] [bmv2] [T] [thread 6423] [156.0] [cxt 0] qos.p4(197) Condition "hdr.ipv4.isValid()" (node_2) is true
[22:32:11.832] [bmv2] [T] [thread 6423] [156.0] [cxt 0] qos.p4(198) Condition "hdr.ipv4_option.isValid()" (node_3) is false
[22:32:11.832] [bmv2] [T] [thread 6423] [156.0] [cxt 0] Applying table 'MyIngress.ipv4_lpm'
[22:32:11.832] [bmv2] [D] [thread 6423] [156.0] [cxt 0] Looking up key:
* hdr.ipv4.dstAddr    : 0a000202

[22:32:11.832] [bmv2] [D] [thread 6423] [156.0] [cxt 0] Table 'MyIngress.ipv4_lpm': hit with handle 0
[22:32:11.832] [bmv2] [D] [thread 6423] [156.0] [cxt 0] Dumping entry 0
Match key:
* hdr.ipv4.dstAddr    : LPM       0a000202/32
Action entry: MyIngress.ipv4_forward - 80000000202,2,

[22:32:11.832] [bmv2] [D] [thread 6423] [156.0] [cxt 0] Action entry is MyIngress.ipv4_forward - 80000000202,2,
[22:32:11.832] [bmv2] [T] [thread 6423] [156.0] [cxt 0] Action MyIngress.ipv4_forward
[22:32:11.832] [bmv2] [T] [thread 6423] [156.0] [cxt 0] qos.p4(175) Primitive standard_metadata.egress_spec = port
[22:32:11.832] [bmv2] [T] [thread 6423] [156.0] [cxt 0] qos.p4(176) Primitive hdr.ethernet.srcAddr = hdr.ethernet.dstAddr
[22:32:11.832] [bmv2] [T] [thread 6423] [156.0] [cxt 0] qos.p4(177) Primitive hdr.ethernet.dstAddr = dstAddr
[22:32:11.832] [bmv2] [T] [thread 6423] [156.0] [cxt 0] qos.p4(178) Primitive hdr.ipv4.ttl = hdr.ipv4.ttl - 1
[22:32:11.832] [bmv2] [D] [thread 6423] [156.0] [cxt 0] Pipeline 'ingress': end
[22:32:11.832] [bmv2] [D] [thread 6423] [156.0] [cxt 0] Egress port is 2
[22:32:11.832] [bmv2] [D] [thread 6426] [156.0] [cxt 0] Pipeline 'egress': start
[22:32:11.832] [bmv2] [D] [thread 6426] [156.0] [cxt 0] Pipeline 'egress': end
[22:32:11.832] [bmv2] [D] [thread 6426] [156.0] [cxt 0] Deparser 'deparser': start
[22:32:11.832] [bmv2] [D] [thread 6426] [156.0] [cxt 0] Updating checksum 'cksum'
[22:32:11.832] [bmv2] [D] [thread 6426] [156.0] [cxt 0] Deparsing header 'ethernet'
[22:32:11.832] [bmv2] [D] [thread 6426] [156.0] [cxt 0] Deparsing header 'vlan'
[22:32:11.832] [bmv2] [D] [thread 6426] [156.0] [cxt 0] Deparsing header 'ipv4'
[22:32:11.832] [bmv2] [D] [thread 6426] [156.0] [cxt 0] Deparser 'deparser': end
[22:32:11.832] [bmv2] [D] [thread 6428] [156.0] [cxt 0] Transmitting packet of size 558 out of port 2
[22:32:11.959] [bmv2] [D] [thread 6423] [157.0] [cxt 0] Processing packet received on port 3
[22:32:11.959] [bmv2] [D] [thread 6423] [157.0] [cxt 0] Parser 'parser': start
[22:32:11.959] [bmv2] [D] [thread 6423] [157.0] [cxt 0] Parser 'parser' entering state 'start'
[22:32:11.959] [bmv2] [D] [thread 6423] [157.0] [cxt 0] Extracting header 'ethernet'
[22:32:11.959] [bmv2] [D] [thread 6423] [157.0] [cxt 0] Parser state 'start': key is 8100
[22:32:11.959] [bmv2] [T] [thread 6423] [157.0] [cxt 0] Bytes parsed: 14
[22:32:11.959] [bmv2] [D] [thread 6423] [157.0] [cxt 0] Parser 'parser' entering state 'parse_vlan'
[22:32:11.959] [bmv2] [D] [thread 6423] [157.0] [cxt 0] Extracting header 'vlan'
[22:32:11.959] [bmv2] [D] [thread 6423] [157.0] [cxt 0] Parser state 'parse_vlan': key is 0800
[22:32:11.959] [bmv2] [T] [thread 6423] [157.0] [cxt 0] Bytes parsed: 18
[22:32:11.959] [bmv2] [D] [thread 6423] [157.0] [cxt 0] Parser 'parser' entering state 'parse_ipv4'
[22:32:11.959] [bmv2] [D] [thread 6423] [157.0] [cxt 0] Extracting header 'ipv4'
[22:32:11.959] [bmv2] [D] [thread 6423] [157.0] [cxt 0] Parser set: setting field 'scalars.tmp' from expression, new value is 1
[22:32:11.959] [bmv2] [D] [thread 6423] [157.0] [cxt 0] Parser state 'parse_ipv4': key is 05
[22:32:11.959] [bmv2] [T] [thread 6423] [157.0] [cxt 0] Bytes parsed: 38
[22:32:11.959] [bmv2] [D] [thread 6423] [157.0] [cxt 0] Parser 'parser': end
[22:32:11.959] [bmv2] [D] [thread 6423] [157.0] [cxt 0] Pipeline 'ingress': start
[22:32:11.959] [bmv2] [T] [thread 6423] [157.0] [cxt 0] qos.p4(197) Condition "hdr.ipv4.isValid()" (node_2) is true
[22:32:11.959] [bmv2] [T] [thread 6423] [157.0] [cxt 0] qos.p4(198) Condition "hdr.ipv4_option.isValid()" (node_3) is false
[22:32:11.959] [bmv2] [T] [thread 6423] [157.0] [cxt 0] Applying table 'MyIngress.ipv4_lpm'
[22:32:11.959] [bmv2] [D] [thread 6423] [157.0] [cxt 0] Looking up key:
* hdr.ipv4.dstAddr    : 0a000202

[22:32:11.959] [bmv2] [D] [thread 6423] [157.0] [cxt 0] Table 'MyIngress.ipv4_lpm': hit with handle 0
[22:32:11.959] [bmv2] [D] [thread 6423] [157.0] [cxt 0] Dumping entry 0
Match key:
* hdr.ipv4.dstAddr    : LPM       0a000202/32
Action entry: MyIngress.ipv4_forward - 80000000202,2,

[22:32:11.959] [bmv2] [D] [thread 6423] [157.0] [cxt 0] Action entry is MyIngress.ipv4_forward - 80000000202,2,
[22:32:11.959] [bmv2] [T] [thread 6423] [157.0] [cxt 0] Action MyIngress.ipv4_forward
[22:32:11.960] [bmv2] [T] [thread 6423] [157.0] [cxt 0] qos.p4(175) Primitive standard_metadata.egress_spec = port
[22:32:11.960] [bmv2] [T] [thread 6423] [157.0] [cxt 0] qos.p4(176) Primitive hdr.ethernet.srcAddr = hdr.ethernet.dstAddr
[22:32:11.960] [bmv2] [T] [thread 6423] [157.0] [cxt 0] qos.p4(177) Primitive hdr.ethernet.dstAddr = dstAddr
[22:32:11.960] [bmv2] [T] [thread 6423] [157.0] [cxt 0] qos.p4(178) Primitive hdr.ipv4.ttl = hdr.ipv4.ttl - 1
[22:32:11.960] [bmv2] [D] [thread 6423] [157.0] [cxt 0] Pipeline 'ingress': end
[22:32:11.960] [bmv2] [D] [thread 6423] [157.0] [cxt 0] Egress port is 2
[22:32:11.960] [bmv2] [D] [thread 6426] [157.0] [cxt 0] Pipeline 'egress': start
[22:32:11.960] [bmv2] [D] [thread 6426] [157.0] [cxt 0] Pipeline 'egress': end
[22:32:11.960] [bmv2] [D] [thread 6426] [157.0] [cxt 0] Deparser 'deparser': start
[22:32:11.960] [bmv2] [D] [thread 6426] [157.0] [cxt 0] Updating checksum 'cksum'
[22:32:11.960] [bmv2] [D] [thread 6426] [157.0] [cxt 0] Deparsing header 'ethernet'
[22:32:11.960] [bmv2] [D] [thread 6426] [157.0] [cxt 0] Deparsing header 'vlan'
[22:32:11.960] [bmv2] [D] [thread 6426] [157.0] [cxt 0] Deparsing header 'ipv4'
[22:32:11.960] [bmv2] [D] [thread 6426] [157.0] [cxt 0] Deparser 'deparser': end
[22:32:11.960] [bmv2] [D] [thread 6428] [157.0] [cxt 0] Transmitting packet of size 558 out of port 2
[22:32:12.093] [bmv2] [D] [thread 6423] [158.0] [cxt 0] Processing packet received on port 3
[22:32:12.093] [bmv2] [D] [thread 6423] [158.0] [cxt 0] Parser 'parser': start
[22:32:12.093] [bmv2] [D] [thread 6423] [158.0] [cxt 0] Parser 'parser' entering state 'start'
[22:32:12.093] [bmv2] [D] [thread 6423] [158.0] [cxt 0] Extracting header 'ethernet'
[22:32:12.093] [bmv2] [D] [thread 6423] [158.0] [cxt 0] Parser state 'start': key is 8100
[22:32:12.093] [bmv2] [T] [thread 6423] [158.0] [cxt 0] Bytes parsed: 14
[22:32:12.093] [bmv2] [D] [thread 6423] [158.0] [cxt 0] Parser 'parser' entering state 'parse_vlan'
[22:32:12.093] [bmv2] [D] [thread 6423] [158.0] [cxt 0] Extracting header 'vlan'
[22:32:12.093] [bmv2] [D] [thread 6423] [158.0] [cxt 0] Parser state 'parse_vlan': key is 0800
[22:32:12.093] [bmv2] [T] [thread 6423] [158.0] [cxt 0] Bytes parsed: 18
[22:32:12.093] [bmv2] [D] [thread 6423] [158.0] [cxt 0] Parser 'parser' entering state 'parse_ipv4'
[22:32:12.093] [bmv2] [D] [thread 6423] [158.0] [cxt 0] Extracting header 'ipv4'
[22:32:12.093] [bmv2] [D] [thread 6423] [158.0] [cxt 0] Parser set: setting field 'scalars.tmp' from expression, new value is 1
[22:32:12.093] [bmv2] [D] [thread 6423] [158.0] [cxt 0] Parser state 'parse_ipv4': key is 05
[22:32:12.093] [bmv2] [T] [thread 6423] [158.0] [cxt 0] Bytes parsed: 38
[22:32:12.093] [bmv2] [D] [thread 6423] [158.0] [cxt 0] Parser 'parser': end
[22:32:12.093] [bmv2] [D] [thread 6423] [158.0] [cxt 0] Pipeline 'ingress': start
[22:32:12.093] [bmv2] [T] [thread 6423] [158.0] [cxt 0] qos.p4(197) Condition "hdr.ipv4.isValid()" (node_2) is true
[22:32:12.093] [bmv2] [T] [thread 6423] [158.0] [cxt 0] qos.p4(198) Condition "hdr.ipv4_option.isValid()" (node_3) is false
[22:32:12.093] [bmv2] [T] [thread 6423] [158.0] [cxt 0] Applying table 'MyIngress.ipv4_lpm'
[22:32:12.093] [bmv2] [D] [thread 6423] [158.0] [cxt 0] Looking up key:
* hdr.ipv4.dstAddr    : 0a000202

[22:32:12.093] [bmv2] [D] [thread 6423] [158.0] [cxt 0] Table 'MyIngress.ipv4_lpm': hit with handle 0
[22:32:12.093] [bmv2] [D] [thread 6423] [158.0] [cxt 0] Dumping entry 0
Match key:
* hdr.ipv4.dstAddr    : LPM       0a000202/32
Action entry: MyIngress.ipv4_forward - 80000000202,2,

[22:32:12.093] [bmv2] [D] [thread 6423] [158.0] [cxt 0] Action entry is MyIngress.ipv4_forward - 80000000202,2,
[22:32:12.093] [bmv2] [T] [thread 6423] [158.0] [cxt 0] Action MyIngress.ipv4_forward
[22:32:12.094] [bmv2] [T] [thread 6423] [158.0] [cxt 0] qos.p4(175) Primitive standard_metadata.egress_spec = port
[22:32:12.094] [bmv2] [T] [thread 6423] [158.0] [cxt 0] qos.p4(176) Primitive hdr.ethernet.srcAddr = hdr.ethernet.dstAddr
[22:32:12.094] [bmv2] [T] [thread 6423] [158.0] [cxt 0] qos.p4(177) Primitive hdr.ethernet.dstAddr = dstAddr
[22:32:12.094] [bmv2] [T] [thread 6423] [158.0] [cxt 0] qos.p4(178) Primitive hdr.ipv4.ttl = hdr.ipv4.ttl - 1
[22:32:12.094] [bmv2] [D] [thread 6423] [158.0] [cxt 0] Pipeline 'ingress': end
[22:32:12.094] [bmv2] [D] [thread 6423] [158.0] [cxt 0] Egress port is 2
[22:32:12.094] [bmv2] [D] [thread 6426] [158.0] [cxt 0] Pipeline 'egress': start
[22:32:12.094] [bmv2] [D] [thread 6426] [158.0] [cxt 0] Pipeline 'egress': end
[22:32:12.094] [bmv2] [D] [thread 6426] [158.0] [cxt 0] Deparser 'deparser': start
[22:32:12.094] [bmv2] [D] [thread 6426] [158.0] [cxt 0] Updating checksum 'cksum'
[22:32:12.094] [bmv2] [D] [thread 6426] [158.0] [cxt 0] Deparsing header 'ethernet'
[22:32:12.094] [bmv2] [D] [thread 6426] [158.0] [cxt 0] Deparsing header 'vlan'
[22:32:12.094] [bmv2] [D] [thread 6426] [158.0] [cxt 0] Deparsing header 'ipv4'
[22:32:12.094] [bmv2] [D] [thread 6426] [158.0] [cxt 0] Deparser 'deparser': end
[22:32:12.094] [bmv2] [D] [thread 6428] [158.0] [cxt 0] Transmitting packet of size 558 out of port 2
[22:32:12.218] [bmv2] [D] [thread 6423] [159.0] [cxt 0] Processing packet received on port 3
[22:32:12.218] [bmv2] [D] [thread 6423] [159.0] [cxt 0] Parser 'parser': start
[22:32:12.218] [bmv2] [D] [thread 6423] [159.0] [cxt 0] Parser 'parser' entering state 'start'
[22:32:12.218] [bmv2] [D] [thread 6423] [159.0] [cxt 0] Extracting header 'ethernet'
[22:32:12.219] [bmv2] [D] [thread 6423] [159.0] [cxt 0] Parser state 'start': key is 8100
[22:32:12.219] [bmv2] [T] [thread 6423] [159.0] [cxt 0] Bytes parsed: 14
[22:32:12.219] [bmv2] [D] [thread 6423] [159.0] [cxt 0] Parser 'parser' entering state 'parse_vlan'
[22:32:12.219] [bmv2] [D] [thread 6423] [159.0] [cxt 0] Extracting header 'vlan'
[22:32:12.219] [bmv2] [D] [thread 6423] [159.0] [cxt 0] Parser state 'parse_vlan': key is 0800
[22:32:12.219] [bmv2] [T] [thread 6423] [159.0] [cxt 0] Bytes parsed: 18
[22:32:12.219] [bmv2] [D] [thread 6423] [159.0] [cxt 0] Parser 'parser' entering state 'parse_ipv4'
[22:32:12.219] [bmv2] [D] [thread 6423] [159.0] [cxt 0] Extracting header 'ipv4'
[22:32:12.219] [bmv2] [D] [thread 6423] [159.0] [cxt 0] Parser set: setting field 'scalars.tmp' from expression, new value is 1
[22:32:12.219] [bmv2] [D] [thread 6423] [159.0] [cxt 0] Parser state 'parse_ipv4': key is 05
[22:32:12.219] [bmv2] [T] [thread 6423] [159.0] [cxt 0] Bytes parsed: 38
[22:32:12.219] [bmv2] [D] [thread 6423] [159.0] [cxt 0] Parser 'parser': end
[22:32:12.219] [bmv2] [D] [thread 6423] [159.0] [cxt 0] Pipeline 'ingress': start
[22:32:12.219] [bmv2] [T] [thread 6423] [159.0] [cxt 0] qos.p4(197) Condition "hdr.ipv4.isValid()" (node_2) is true
[22:32:12.219] [bmv2] [T] [thread 6423] [159.0] [cxt 0] qos.p4(198) Condition "hdr.ipv4_option.isValid()" (node_3) is false
[22:32:12.219] [bmv2] [T] [thread 6423] [159.0] [cxt 0] Applying table 'MyIngress.ipv4_lpm'
[22:32:12.219] [bmv2] [D] [thread 6423] [159.0] [cxt 0] Looking up key:
* hdr.ipv4.dstAddr    : 0a000202

[22:32:12.219] [bmv2] [D] [thread 6423] [159.0] [cxt 0] Table 'MyIngress.ipv4_lpm': hit with handle 0
[22:32:12.219] [bmv2] [D] [thread 6423] [159.0] [cxt 0] Dumping entry 0
Match key:
* hdr.ipv4.dstAddr    : LPM       0a000202/32
Action entry: MyIngress.ipv4_forward - 80000000202,2,

[22:32:12.219] [bmv2] [D] [thread 6423] [159.0] [cxt 0] Action entry is MyIngress.ipv4_forward - 80000000202,2,
[22:32:12.219] [bmv2] [T] [thread 6423] [159.0] [cxt 0] Action MyIngress.ipv4_forward
[22:32:12.219] [bmv2] [T] [thread 6423] [159.0] [cxt 0] qos.p4(175) Primitive standard_metadata.egress_spec = port
[22:32:12.219] [bmv2] [T] [thread 6423] [159.0] [cxt 0] qos.p4(176) Primitive hdr.ethernet.srcAddr = hdr.ethernet.dstAddr
[22:32:12.219] [bmv2] [T] [thread 6423] [159.0] [cxt 0] qos.p4(177) Primitive hdr.ethernet.dstAddr = dstAddr
[22:32:12.219] [bmv2] [T] [thread 6423] [159.0] [cxt 0] qos.p4(178) Primitive hdr.ipv4.ttl = hdr.ipv4.ttl - 1
[22:32:12.219] [bmv2] [D] [thread 6423] [159.0] [cxt 0] Pipeline 'ingress': end
[22:32:12.219] [bmv2] [D] [thread 6423] [159.0] [cxt 0] Egress port is 2
[22:32:12.220] [bmv2] [D] [thread 6426] [159.0] [cxt 0] Pipeline 'egress': start
[22:32:12.220] [bmv2] [D] [thread 6426] [159.0] [cxt 0] Pipeline 'egress': end
[22:32:12.220] [bmv2] [D] [thread 6426] [159.0] [cxt 0] Deparser 'deparser': start
[22:32:12.220] [bmv2] [D] [thread 6426] [159.0] [cxt 0] Updating checksum 'cksum'
[22:32:12.220] [bmv2] [D] [thread 6426] [159.0] [cxt 0] Deparsing header 'ethernet'
[22:32:12.220] [bmv2] [D] [thread 6426] [159.0] [cxt 0] Deparsing header 'vlan'
[22:32:12.220] [bmv2] [D] [thread 6426] [159.0] [cxt 0] Deparsing header 'ipv4'
[22:32:12.220] [bmv2] [D] [thread 6426] [159.0] [cxt 0] Deparser 'deparser': end
[22:32:12.220] [bmv2] [D] [thread 6428] [159.0] [cxt 0] Transmitting packet of size 558 out of port 2
[22:32:12.346] [bmv2] [D] [thread 6423] [160.0] [cxt 0] Processing packet received on port 3
[22:32:12.346] [bmv2] [D] [thread 6423] [160.0] [cxt 0] Parser 'parser': start
[22:32:12.346] [bmv2] [D] [thread 6423] [160.0] [cxt 0] Parser 'parser' entering state 'start'
[22:32:12.346] [bmv2] [D] [thread 6423] [160.0] [cxt 0] Extracting header 'ethernet'
[22:32:12.346] [bmv2] [D] [thread 6423] [160.0] [cxt 0] Parser state 'start': key is 8100
[22:32:12.346] [bmv2] [T] [thread 6423] [160.0] [cxt 0] Bytes parsed: 14
[22:32:12.346] [bmv2] [D] [thread 6423] [160.0] [cxt 0] Parser 'parser' entering state 'parse_vlan'
[22:32:12.346] [bmv2] [D] [thread 6423] [160.0] [cxt 0] Extracting header 'vlan'
[22:32:12.346] [bmv2] [D] [thread 6423] [160.0] [cxt 0] Parser state 'parse_vlan': key is 0800
[22:32:12.346] [bmv2] [T] [thread 6423] [160.0] [cxt 0] Bytes parsed: 18
[22:32:12.346] [bmv2] [D] [thread 6423] [160.0] [cxt 0] Parser 'parser' entering state 'parse_ipv4'
[22:32:12.346] [bmv2] [D] [thread 6423] [160.0] [cxt 0] Extracting header 'ipv4'
[22:32:12.347] [bmv2] [D] [thread 6423] [160.0] [cxt 0] Parser set: setting field 'scalars.tmp' from expression, new value is 1
[22:32:12.347] [bmv2] [D] [thread 6423] [160.0] [cxt 0] Parser state 'parse_ipv4': key is 05
[22:32:12.347] [bmv2] [T] [thread 6423] [160.0] [cxt 0] Bytes parsed: 38
[22:32:12.347] [bmv2] [D] [thread 6423] [160.0] [cxt 0] Parser 'parser': end
[22:32:12.347] [bmv2] [D] [thread 6423] [160.0] [cxt 0] Pipeline 'ingress': start
[22:32:12.347] [bmv2] [T] [thread 6423] [160.0] [cxt 0] qos.p4(197) Condition "hdr.ipv4.isValid()" (node_2) is true
[22:32:12.347] [bmv2] [T] [thread 6423] [160.0] [cxt 0] qos.p4(198) Condition "hdr.ipv4_option.isValid()" (node_3) is false
[22:32:12.347] [bmv2] [T] [thread 6423] [160.0] [cxt 0] Applying table 'MyIngress.ipv4_lpm'
[22:32:12.347] [bmv2] [D] [thread 6423] [160.0] [cxt 0] Looking up key:
* hdr.ipv4.dstAddr    : 0a000202

[22:32:12.347] [bmv2] [D] [thread 6423] [160.0] [cxt 0] Table 'MyIngress.ipv4_lpm': hit with handle 0
[22:32:12.347] [bmv2] [D] [thread 6423] [160.0] [cxt 0] Dumping entry 0
Match key:
* hdr.ipv4.dstAddr    : LPM       0a000202/32
Action entry: MyIngress.ipv4_forward - 80000000202,2,

[22:32:12.347] [bmv2] [D] [thread 6423] [160.0] [cxt 0] Action entry is MyIngress.ipv4_forward - 80000000202,2,
[22:32:12.347] [bmv2] [T] [thread 6423] [160.0] [cxt 0] Action MyIngress.ipv4_forward
[22:32:12.347] [bmv2] [T] [thread 6423] [160.0] [cxt 0] qos.p4(175) Primitive standard_metadata.egress_spec = port
[22:32:12.347] [bmv2] [T] [thread 6423] [160.0] [cxt 0] qos.p4(176) Primitive hdr.ethernet.srcAddr = hdr.ethernet.dstAddr
[22:32:12.347] [bmv2] [T] [thread 6423] [160.0] [cxt 0] qos.p4(177) Primitive hdr.ethernet.dstAddr = dstAddr
[22:32:12.347] [bmv2] [T] [thread 6423] [160.0] [cxt 0] qos.p4(178) Primitive hdr.ipv4.ttl = hdr.ipv4.ttl - 1
[22:32:12.347] [bmv2] [D] [thread 6423] [160.0] [cxt 0] Pipeline 'ingress': end
[22:32:12.347] [bmv2] [D] [thread 6423] [160.0] [cxt 0] Egress port is 2
[22:32:12.347] [bmv2] [D] [thread 6426] [160.0] [cxt 0] Pipeline 'egress': start
[22:32:12.347] [bmv2] [D] [thread 6426] [160.0] [cxt 0] Pipeline 'egress': end
[22:32:12.347] [bmv2] [D] [thread 6426] [160.0] [cxt 0] Deparser 'deparser': start
[22:32:12.347] [bmv2] [D] [thread 6426] [160.0] [cxt 0] Updating checksum 'cksum'
[22:32:12.347] [bmv2] [D] [thread 6426] [160.0] [cxt 0] Deparsing header 'ethernet'
[22:32:12.347] [bmv2] [D] [thread 6426] [160.0] [cxt 0] Deparsing header 'vlan'
[22:32:12.347] [bmv2] [D] [thread 6426] [160.0] [cxt 0] Deparsing header 'ipv4'
[22:32:12.347] [bmv2] [D] [thread 6426] [160.0] [cxt 0] Deparser 'deparser': end
[22:32:12.348] [bmv2] [D] [thread 6428] [160.0] [cxt 0] Transmitting packet of size 558 out of port 2
[22:32:12.473] [bmv2] [D] [thread 6423] [161.0] [cxt 0] Processing packet received on port 3
[22:32:12.473] [bmv2] [D] [thread 6423] [161.0] [cxt 0] Parser 'parser': start
[22:32:12.473] [bmv2] [D] [thread 6423] [161.0] [cxt 0] Parser 'parser' entering state 'start'
[22:32:12.473] [bmv2] [D] [thread 6423] [161.0] [cxt 0] Extracting header 'ethernet'
[22:32:12.473] [bmv2] [D] [thread 6423] [161.0] [cxt 0] Parser state 'start': key is 8100
[22:32:12.473] [bmv2] [T] [thread 6423] [161.0] [cxt 0] Bytes parsed: 14
[22:32:12.473] [bmv2] [D] [thread 6423] [161.0] [cxt 0] Parser 'parser' entering state 'parse_vlan'
[22:32:12.473] [bmv2] [D] [thread 6423] [161.0] [cxt 0] Extracting header 'vlan'
[22:32:12.473] [bmv2] [D] [thread 6423] [161.0] [cxt 0] Parser state 'parse_vlan': key is 0800
[22:32:12.473] [bmv2] [T] [thread 6423] [161.0] [cxt 0] Bytes parsed: 18
[22:32:12.473] [bmv2] [D] [thread 6423] [161.0] [cxt 0] Parser 'parser' entering state 'parse_ipv4'
[22:32:12.473] [bmv2] [D] [thread 6423] [161.0] [cxt 0] Extracting header 'ipv4'
[22:32:12.473] [bmv2] [D] [thread 6423] [161.0] [cxt 0] Parser set: setting field 'scalars.tmp' from expression, new value is 1
[22:32:12.473] [bmv2] [D] [thread 6423] [161.0] [cxt 0] Parser state 'parse_ipv4': key is 05
[22:32:12.473] [bmv2] [T] [thread 6423] [161.0] [cxt 0] Bytes parsed: 38
[22:32:12.473] [bmv2] [D] [thread 6423] [161.0] [cxt 0] Parser 'parser': end
[22:32:12.473] [bmv2] [D] [thread 6423] [161.0] [cxt 0] Pipeline 'ingress': start
[22:32:12.473] [bmv2] [T] [thread 6423] [161.0] [cxt 0] qos.p4(197) Condition "hdr.ipv4.isValid()" (node_2) is true
[22:32:12.473] [bmv2] [T] [thread 6423] [161.0] [cxt 0] qos.p4(198) Condition "hdr.ipv4_option.isValid()" (node_3) is false
[22:32:12.473] [bmv2] [T] [thread 6423] [161.0] [cxt 0] Applying table 'MyIngress.ipv4_lpm'
[22:32:12.473] [bmv2] [D] [thread 6423] [161.0] [cxt 0] Looking up key:
* hdr.ipv4.dstAddr    : 0a000202

[22:32:12.473] [bmv2] [D] [thread 6423] [161.0] [cxt 0] Table 'MyIngress.ipv4_lpm': hit with handle 0
[22:32:12.474] [bmv2] [D] [thread 6423] [161.0] [cxt 0] Dumping entry 0
Match key:
* hdr.ipv4.dstAddr    : LPM       0a000202/32
Action entry: MyIngress.ipv4_forward - 80000000202,2,

[22:32:12.474] [bmv2] [D] [thread 6423] [161.0] [cxt 0] Action entry is MyIngress.ipv4_forward - 80000000202,2,
[22:32:12.474] [bmv2] [T] [thread 6423] [161.0] [cxt 0] Action MyIngress.ipv4_forward
[22:32:12.474] [bmv2] [T] [thread 6423] [161.0] [cxt 0] qos.p4(175) Primitive standard_metadata.egress_spec = port
[22:32:12.474] [bmv2] [T] [thread 6423] [161.0] [cxt 0] qos.p4(176) Primitive hdr.ethernet.srcAddr = hdr.ethernet.dstAddr
[22:32:12.474] [bmv2] [T] [thread 6423] [161.0] [cxt 0] qos.p4(177) Primitive hdr.ethernet.dstAddr = dstAddr
[22:32:12.474] [bmv2] [T] [thread 6423] [161.0] [cxt 0] qos.p4(178) Primitive hdr.ipv4.ttl = hdr.ipv4.ttl - 1
[22:32:12.474] [bmv2] [D] [thread 6423] [161.0] [cxt 0] Pipeline 'ingress': end
[22:32:12.474] [bmv2] [D] [thread 6423] [161.0] [cxt 0] Egress port is 2
[22:32:12.474] [bmv2] [D] [thread 6426] [161.0] [cxt 0] Pipeline 'egress': start
[22:32:12.474] [bmv2] [D] [thread 6426] [161.0] [cxt 0] Pipeline 'egress': end
[22:32:12.474] [bmv2] [D] [thread 6426] [161.0] [cxt 0] Deparser 'deparser': start
[22:32:12.474] [bmv2] [D] [thread 6426] [161.0] [cxt 0] Updating checksum 'cksum'
[22:32:12.474] [bmv2] [D] [thread 6426] [161.0] [cxt 0] Deparsing header 'ethernet'
[22:32:12.474] [bmv2] [D] [thread 6426] [161.0] [cxt 0] Deparsing header 'vlan'
[22:32:12.474] [bmv2] [D] [thread 6426] [161.0] [cxt 0] Deparsing header 'ipv4'
[22:32:12.474] [bmv2] [D] [thread 6426] [161.0] [cxt 0] Deparser 'deparser': end
[22:32:12.474] [bmv2] [D] [thread 6428] [161.0] [cxt 0] Transmitting packet of size 558 out of port 2
[22:32:12.601] [bmv2] [D] [thread 6423] [162.0] [cxt 0] Processing packet received on port 3
[22:32:12.601] [bmv2] [D] [thread 6423] [162.0] [cxt 0] Parser 'parser': start
[22:32:12.601] [bmv2] [D] [thread 6423] [162.0] [cxt 0] Parser 'parser' entering state 'start'
[22:32:12.601] [bmv2] [D] [thread 6423] [162.0] [cxt 0] Extracting header 'ethernet'
[22:32:12.601] [bmv2] [D] [thread 6423] [162.0] [cxt 0] Parser state 'start': key is 8100
[22:32:12.601] [bmv2] [T] [thread 6423] [162.0] [cxt 0] Bytes parsed: 14
[22:32:12.601] [bmv2] [D] [thread 6423] [162.0] [cxt 0] Parser 'parser' entering state 'parse_vlan'
[22:32:12.601] [bmv2] [D] [thread 6423] [162.0] [cxt 0] Extracting header 'vlan'
[22:32:12.601] [bmv2] [D] [thread 6423] [162.0] [cxt 0] Parser state 'parse_vlan': key is 0800
[22:32:12.601] [bmv2] [T] [thread 6423] [162.0] [cxt 0] Bytes parsed: 18
[22:32:12.601] [bmv2] [D] [thread 6423] [162.0] [cxt 0] Parser 'parser' entering state 'parse_ipv4'
[22:32:12.601] [bmv2] [D] [thread 6423] [162.0] [cxt 0] Extracting header 'ipv4'
[22:32:12.601] [bmv2] [D] [thread 6423] [162.0] [cxt 0] Parser set: setting field 'scalars.tmp' from expression, new value is 1
[22:32:12.601] [bmv2] [D] [thread 6423] [162.0] [cxt 0] Parser state 'parse_ipv4': key is 05
[22:32:12.601] [bmv2] [T] [thread 6423] [162.0] [cxt 0] Bytes parsed: 38
[22:32:12.601] [bmv2] [D] [thread 6423] [162.0] [cxt 0] Parser 'parser': end
[22:32:12.601] [bmv2] [D] [thread 6423] [162.0] [cxt 0] Pipeline 'ingress': start
[22:32:12.601] [bmv2] [T] [thread 6423] [162.0] [cxt 0] qos.p4(197) Condition "hdr.ipv4.isValid()" (node_2) is true
[22:32:12.601] [bmv2] [T] [thread 6423] [162.0] [cxt 0] qos.p4(198) Condition "hdr.ipv4_option.isValid()" (node_3) is false
[22:32:12.601] [bmv2] [T] [thread 6423] [162.0] [cxt 0] Applying table 'MyIngress.ipv4_lpm'
[22:32:12.601] [bmv2] [D] [thread 6423] [162.0] [cxt 0] Looking up key:
* hdr.ipv4.dstAddr    : 0a000202

[22:32:12.601] [bmv2] [D] [thread 6423] [162.0] [cxt 0] Table 'MyIngress.ipv4_lpm': hit with handle 0
[22:32:12.601] [bmv2] [D] [thread 6423] [162.0] [cxt 0] Dumping entry 0
Match key:
* hdr.ipv4.dstAddr    : LPM       0a000202/32
Action entry: MyIngress.ipv4_forward - 80000000202,2,

[22:32:12.601] [bmv2] [D] [thread 6423] [162.0] [cxt 0] Action entry is MyIngress.ipv4_forward - 80000000202,2,
[22:32:12.601] [bmv2] [T] [thread 6423] [162.0] [cxt 0] Action MyIngress.ipv4_forward
[22:32:12.601] [bmv2] [T] [thread 6423] [162.0] [cxt 0] qos.p4(175) Primitive standard_metadata.egress_spec = port
[22:32:12.601] [bmv2] [T] [thread 6423] [162.0] [cxt 0] qos.p4(176) Primitive hdr.ethernet.srcAddr = hdr.ethernet.dstAddr
[22:32:12.602] [bmv2] [T] [thread 6423] [162.0] [cxt 0] qos.p4(177) Primitive hdr.ethernet.dstAddr = dstAddr
[22:32:12.602] [bmv2] [T] [thread 6423] [162.0] [cxt 0] qos.p4(178) Primitive hdr.ipv4.ttl = hdr.ipv4.ttl - 1
[22:32:12.602] [bmv2] [D] [thread 6423] [162.0] [cxt 0] Pipeline 'ingress': end
[22:32:12.602] [bmv2] [D] [thread 6423] [162.0] [cxt 0] Egress port is 2
[22:32:12.602] [bmv2] [D] [thread 6426] [162.0] [cxt 0] Pipeline 'egress': start
[22:32:12.602] [bmv2] [D] [thread 6426] [162.0] [cxt 0] Pipeline 'egress': end
[22:32:12.602] [bmv2] [D] [thread 6426] [162.0] [cxt 0] Deparser 'deparser': start
[22:32:12.602] [bmv2] [D] [thread 6426] [162.0] [cxt 0] Updating checksum 'cksum'
[22:32:12.602] [bmv2] [D] [thread 6426] [162.0] [cxt 0] Deparsing header 'ethernet'
[22:32:12.602] [bmv2] [D] [thread 6426] [162.0] [cxt 0] Deparsing header 'vlan'
[22:32:12.602] [bmv2] [D] [thread 6426] [162.0] [cxt 0] Deparsing header 'ipv4'
[22:32:12.602] [bmv2] [D] [thread 6426] [162.0] [cxt 0] Deparser 'deparser': end
[22:32:12.602] [bmv2] [D] [thread 6428] [162.0] [cxt 0] Transmitting packet of size 558 out of port 2
[22:32:12.730] [bmv2] [D] [thread 6423] [163.0] [cxt 0] Processing packet received on port 3
[22:32:12.730] [bmv2] [D] [thread 6423] [163.0] [cxt 0] Parser 'parser': start
[22:32:12.730] [bmv2] [D] [thread 6423] [163.0] [cxt 0] Parser 'parser' entering state 'start'
[22:32:12.730] [bmv2] [D] [thread 6423] [163.0] [cxt 0] Extracting header 'ethernet'
[22:32:12.730] [bmv2] [D] [thread 6423] [163.0] [cxt 0] Parser state 'start': key is 8100
[22:32:12.730] [bmv2] [T] [thread 6423] [163.0] [cxt 0] Bytes parsed: 14
[22:32:12.730] [bmv2] [D] [thread 6423] [163.0] [cxt 0] Parser 'parser' entering state 'parse_vlan'
[22:32:12.730] [bmv2] [D] [thread 6423] [163.0] [cxt 0] Extracting header 'vlan'
[22:32:12.730] [bmv2] [D] [thread 6423] [163.0] [cxt 0] Parser state 'parse_vlan': key is 0800
[22:32:12.730] [bmv2] [T] [thread 6423] [163.0] [cxt 0] Bytes parsed: 18
[22:32:12.730] [bmv2] [D] [thread 6423] [163.0] [cxt 0] Parser 'parser' entering state 'parse_ipv4'
[22:32:12.730] [bmv2] [D] [thread 6423] [163.0] [cxt 0] Extracting header 'ipv4'
[22:32:12.730] [bmv2] [D] [thread 6423] [163.0] [cxt 0] Parser set: setting field 'scalars.tmp' from expression, new value is 1
[22:32:12.730] [bmv2] [D] [thread 6423] [163.0] [cxt 0] Parser state 'parse_ipv4': key is 05
[22:32:12.730] [bmv2] [T] [thread 6423] [163.0] [cxt 0] Bytes parsed: 38
[22:32:12.730] [bmv2] [D] [thread 6423] [163.0] [cxt 0] Parser 'parser': end
[22:32:12.730] [bmv2] [D] [thread 6423] [163.0] [cxt 0] Pipeline 'ingress': start
[22:32:12.730] [bmv2] [T] [thread 6423] [163.0] [cxt 0] qos.p4(197) Condition "hdr.ipv4.isValid()" (node_2) is true
[22:32:12.730] [bmv2] [T] [thread 6423] [163.0] [cxt 0] qos.p4(198) Condition "hdr.ipv4_option.isValid()" (node_3) is false
[22:32:12.730] [bmv2] [T] [thread 6423] [163.0] [cxt 0] Applying table 'MyIngress.ipv4_lpm'
[22:32:12.730] [bmv2] [D] [thread 6423] [163.0] [cxt 0] Looking up key:
* hdr.ipv4.dstAddr    : 0a000202

[22:32:12.730] [bmv2] [D] [thread 6423] [163.0] [cxt 0] Table 'MyIngress.ipv4_lpm': hit with handle 0
[22:32:12.730] [bmv2] [D] [thread 6423] [163.0] [cxt 0] Dumping entry 0
Match key:
* hdr.ipv4.dstAddr    : LPM       0a000202/32
Action entry: MyIngress.ipv4_forward - 80000000202,2,

[22:32:12.730] [bmv2] [D] [thread 6423] [163.0] [cxt 0] Action entry is MyIngress.ipv4_forward - 80000000202,2,
[22:32:12.731] [bmv2] [T] [thread 6423] [163.0] [cxt 0] Action MyIngress.ipv4_forward
[22:32:12.731] [bmv2] [T] [thread 6423] [163.0] [cxt 0] qos.p4(175) Primitive standard_metadata.egress_spec = port
[22:32:12.731] [bmv2] [T] [thread 6423] [163.0] [cxt 0] qos.p4(176) Primitive hdr.ethernet.srcAddr = hdr.ethernet.dstAddr
[22:32:12.731] [bmv2] [T] [thread 6423] [163.0] [cxt 0] qos.p4(177) Primitive hdr.ethernet.dstAddr = dstAddr
[22:32:12.731] [bmv2] [T] [thread 6423] [163.0] [cxt 0] qos.p4(178) Primitive hdr.ipv4.ttl = hdr.ipv4.ttl - 1
[22:32:12.731] [bmv2] [D] [thread 6423] [163.0] [cxt 0] Pipeline 'ingress': end
[22:32:12.731] [bmv2] [D] [thread 6423] [163.0] [cxt 0] Egress port is 2
[22:32:12.731] [bmv2] [D] [thread 6426] [163.0] [cxt 0] Pipeline 'egress': start
[22:32:12.731] [bmv2] [D] [thread 6426] [163.0] [cxt 0] Pipeline 'egress': end
[22:32:12.731] [bmv2] [D] [thread 6426] [163.0] [cxt 0] Deparser 'deparser': start
[22:32:12.731] [bmv2] [D] [thread 6426] [163.0] [cxt 0] Updating checksum 'cksum'
[22:32:12.731] [bmv2] [D] [thread 6426] [163.0] [cxt 0] Deparsing header 'ethernet'
[22:32:12.731] [bmv2] [D] [thread 6426] [163.0] [cxt 0] Deparsing header 'vlan'
[22:32:12.731] [bmv2] [D] [thread 6426] [163.0] [cxt 0] Deparsing header 'ipv4'
[22:32:12.731] [bmv2] [D] [thread 6426] [163.0] [cxt 0] Deparser 'deparser': end
[22:32:12.731] [bmv2] [D] [thread 6428] [163.0] [cxt 0] Transmitting packet of size 558 out of port 2
[22:32:12.852] [bmv2] [D] [thread 6423] [164.0] [cxt 0] Processing packet received on port 3
[22:32:12.852] [bmv2] [D] [thread 6423] [164.0] [cxt 0] Parser 'parser': start
[22:32:12.852] [bmv2] [D] [thread 6423] [164.0] [cxt 0] Parser 'parser' entering state 'start'
[22:32:12.852] [bmv2] [D] [thread 6423] [164.0] [cxt 0] Extracting header 'ethernet'
[22:32:12.852] [bmv2] [D] [thread 6423] [164.0] [cxt 0] Parser state 'start': key is 8100
[22:32:12.852] [bmv2] [T] [thread 6423] [164.0] [cxt 0] Bytes parsed: 14
[22:32:12.852] [bmv2] [D] [thread 6423] [164.0] [cxt 0] Parser 'parser' entering state 'parse_vlan'
[22:32:12.852] [bmv2] [D] [thread 6423] [164.0] [cxt 0] Extracting header 'vlan'
[22:32:12.852] [bmv2] [D] [thread 6423] [164.0] [cxt 0] Parser state 'parse_vlan': key is 0800
[22:32:12.853] [bmv2] [T] [thread 6423] [164.0] [cxt 0] Bytes parsed: 18
[22:32:12.853] [bmv2] [D] [thread 6423] [164.0] [cxt 0] Parser 'parser' entering state 'parse_ipv4'
[22:32:12.853] [bmv2] [D] [thread 6423] [164.0] [cxt 0] Extracting header 'ipv4'
[22:32:12.853] [bmv2] [D] [thread 6423] [164.0] [cxt 0] Parser set: setting field 'scalars.tmp' from expression, new value is 1
[22:32:12.853] [bmv2] [D] [thread 6423] [164.0] [cxt 0] Parser state 'parse_ipv4': key is 05
[22:32:12.853] [bmv2] [T] [thread 6423] [164.0] [cxt 0] Bytes parsed: 38
[22:32:12.853] [bmv2] [D] [thread 6423] [164.0] [cxt 0] Parser 'parser': end
[22:32:12.853] [bmv2] [D] [thread 6423] [164.0] [cxt 0] Pipeline 'ingress': start
[22:32:12.853] [bmv2] [T] [thread 6423] [164.0] [cxt 0] qos.p4(197) Condition "hdr.ipv4.isValid()" (node_2) is true
[22:32:12.853] [bmv2] [T] [thread 6423] [164.0] [cxt 0] qos.p4(198) Condition "hdr.ipv4_option.isValid()" (node_3) is false
[22:32:12.853] [bmv2] [T] [thread 6423] [164.0] [cxt 0] Applying table 'MyIngress.ipv4_lpm'
[22:32:12.853] [bmv2] [D] [thread 6423] [164.0] [cxt 0] Looking up key:
* hdr.ipv4.dstAddr    : 0a000202

[22:32:12.853] [bmv2] [D] [thread 6423] [164.0] [cxt 0] Table 'MyIngress.ipv4_lpm': hit with handle 0
[22:32:12.853] [bmv2] [D] [thread 6423] [164.0] [cxt 0] Dumping entry 0
Match key:
* hdr.ipv4.dstAddr    : LPM       0a000202/32
Action entry: MyIngress.ipv4_forward - 80000000202,2,

[22:32:12.853] [bmv2] [D] [thread 6423] [164.0] [cxt 0] Action entry is MyIngress.ipv4_forward - 80000000202,2,
[22:32:12.853] [bmv2] [T] [thread 6423] [164.0] [cxt 0] Action MyIngress.ipv4_forward
[22:32:12.853] [bmv2] [T] [thread 6423] [164.0] [cxt 0] qos.p4(175) Primitive standard_metadata.egress_spec = port
[22:32:12.853] [bmv2] [T] [thread 6423] [164.0] [cxt 0] qos.p4(176) Primitive hdr.ethernet.srcAddr = hdr.ethernet.dstAddr
[22:32:12.853] [bmv2] [T] [thread 6423] [164.0] [cxt 0] qos.p4(177) Primitive hdr.ethernet.dstAddr = dstAddr
[22:32:12.853] [bmv2] [T] [thread 6423] [164.0] [cxt 0] qos.p4(178) Primitive hdr.ipv4.ttl = hdr.ipv4.ttl - 1
[22:32:12.853] [bmv2] [D] [thread 6423] [164.0] [cxt 0] Pipeline 'ingress': end
[22:32:12.853] [bmv2] [D] [thread 6423] [164.0] [cxt 0] Egress port is 2
[22:32:12.853] [bmv2] [D] [thread 6426] [164.0] [cxt 0] Pipeline 'egress': start
[22:32:12.853] [bmv2] [D] [thread 6426] [164.0] [cxt 0] Pipeline 'egress': end
[22:32:12.853] [bmv2] [D] [thread 6426] [164.0] [cxt 0] Deparser 'deparser': start
[22:32:12.853] [bmv2] [D] [thread 6426] [164.0] [cxt 0] Updating checksum 'cksum'
[22:32:12.853] [bmv2] [D] [thread 6426] [164.0] [cxt 0] Deparsing header 'ethernet'
[22:32:12.853] [bmv2] [D] [thread 6426] [164.0] [cxt 0] Deparsing header 'vlan'
[22:32:12.853] [bmv2] [D] [thread 6426] [164.0] [cxt 0] Deparsing header 'ipv4'
[22:32:12.853] [bmv2] [D] [thread 6426] [164.0] [cxt 0] Deparser 'deparser': end
[22:32:12.854] [bmv2] [D] [thread 6428] [164.0] [cxt 0] Transmitting packet of size 558 out of port 2
[22:32:12.977] [bmv2] [D] [thread 6423] [165.0] [cxt 0] Processing packet received on port 3
[22:32:12.977] [bmv2] [D] [thread 6423] [165.0] [cxt 0] Parser 'parser': start
[22:32:12.977] [bmv2] [D] [thread 6423] [165.0] [cxt 0] Parser 'parser' entering state 'start'
[22:32:12.977] [bmv2] [D] [thread 6423] [165.0] [cxt 0] Extracting header 'ethernet'
[22:32:12.977] [bmv2] [D] [thread 6423] [165.0] [cxt 0] Parser state 'start': key is 8100
[22:32:12.977] [bmv2] [T] [thread 6423] [165.0] [cxt 0] Bytes parsed: 14
[22:32:12.977] [bmv2] [D] [thread 6423] [165.0] [cxt 0] Parser 'parser' entering state 'parse_vlan'
[22:32:12.977] [bmv2] [D] [thread 6423] [165.0] [cxt 0] Extracting header 'vlan'
[22:32:12.977] [bmv2] [D] [thread 6423] [165.0] [cxt 0] Parser state 'parse_vlan': key is 0800
[22:32:12.977] [bmv2] [T] [thread 6423] [165.0] [cxt 0] Bytes parsed: 18
[22:32:12.977] [bmv2] [D] [thread 6423] [165.0] [cxt 0] Parser 'parser' entering state 'parse_ipv4'
[22:32:12.977] [bmv2] [D] [thread 6423] [165.0] [cxt 0] Extracting header 'ipv4'
[22:32:12.977] [bmv2] [D] [thread 6423] [165.0] [cxt 0] Parser set: setting field 'scalars.tmp' from expression, new value is 1
[22:32:12.977] [bmv2] [D] [thread 6423] [165.0] [cxt 0] Parser state 'parse_ipv4': key is 05
[22:32:12.977] [bmv2] [T] [thread 6423] [165.0] [cxt 0] Bytes parsed: 38
[22:32:12.977] [bmv2] [D] [thread 6423] [165.0] [cxt 0] Parser 'parser': end
[22:32:12.977] [bmv2] [D] [thread 6423] [165.0] [cxt 0] Pipeline 'ingress': start
[22:32:12.977] [bmv2] [T] [thread 6423] [165.0] [cxt 0] qos.p4(197) Condition "hdr.ipv4.isValid()" (node_2) is true
[22:32:12.977] [bmv2] [T] [thread 6423] [165.0] [cxt 0] qos.p4(198) Condition "hdr.ipv4_option.isValid()" (node_3) is false
[22:32:12.977] [bmv2] [T] [thread 6423] [165.0] [cxt 0] Applying table 'MyIngress.ipv4_lpm'
[22:32:12.977] [bmv2] [D] [thread 6423] [165.0] [cxt 0] Looking up key:
* hdr.ipv4.dstAddr    : 0a000202

[22:32:12.977] [bmv2] [D] [thread 6423] [165.0] [cxt 0] Table 'MyIngress.ipv4_lpm': hit with handle 0
[22:32:12.977] [bmv2] [D] [thread 6423] [165.0] [cxt 0] Dumping entry 0
Match key:
* hdr.ipv4.dstAddr    : LPM       0a000202/32
Action entry: MyIngress.ipv4_forward - 80000000202,2,

[22:32:12.978] [bmv2] [D] [thread 6423] [165.0] [cxt 0] Action entry is MyIngress.ipv4_forward - 80000000202,2,
[22:32:12.978] [bmv2] [T] [thread 6423] [165.0] [cxt 0] Action MyIngress.ipv4_forward
[22:32:12.978] [bmv2] [T] [thread 6423] [165.0] [cxt 0] qos.p4(175) Primitive standard_metadata.egress_spec = port
[22:32:12.978] [bmv2] [T] [thread 6423] [165.0] [cxt 0] qos.p4(176) Primitive hdr.ethernet.srcAddr = hdr.ethernet.dstAddr
[22:32:12.978] [bmv2] [T] [thread 6423] [165.0] [cxt 0] qos.p4(177) Primitive hdr.ethernet.dstAddr = dstAddr
[22:32:12.978] [bmv2] [T] [thread 6423] [165.0] [cxt 0] qos.p4(178) Primitive hdr.ipv4.ttl = hdr.ipv4.ttl - 1
[22:32:12.978] [bmv2] [D] [thread 6423] [165.0] [cxt 0] Pipeline 'ingress': end
[22:32:12.978] [bmv2] [D] [thread 6423] [165.0] [cxt 0] Egress port is 2
[22:32:12.978] [bmv2] [D] [thread 6426] [165.0] [cxt 0] Pipeline 'egress': start
[22:32:12.978] [bmv2] [D] [thread 6426] [165.0] [cxt 0] Pipeline 'egress': end
[22:32:12.978] [bmv2] [D] [thread 6426] [165.0] [cxt 0] Deparser 'deparser': start
[22:32:12.978] [bmv2] [D] [thread 6426] [165.0] [cxt 0] Updating checksum 'cksum'
[22:32:12.978] [bmv2] [D] [thread 6426] [165.0] [cxt 0] Deparsing header 'ethernet'
[22:32:12.978] [bmv2] [D] [thread 6426] [165.0] [cxt 0] Deparsing header 'vlan'
[22:32:12.978] [bmv2] [D] [thread 6426] [165.0] [cxt 0] Deparsing header 'ipv4'
[22:32:12.978] [bmv2] [D] [thread 6426] [165.0] [cxt 0] Deparser 'deparser': end
[22:32:12.978] [bmv2] [D] [thread 6428] [165.0] [cxt 0] Transmitting packet of size 558 out of port 2
[22:32:13.102] [bmv2] [D] [thread 6423] [166.0] [cxt 0] Processing packet received on port 3
[22:32:13.102] [bmv2] [D] [thread 6423] [166.0] [cxt 0] Parser 'parser': start
[22:32:13.102] [bmv2] [D] [thread 6423] [166.0] [cxt 0] Parser 'parser' entering state 'start'
[22:32:13.102] [bmv2] [D] [thread 6423] [166.0] [cxt 0] Extracting header 'ethernet'
[22:32:13.102] [bmv2] [D] [thread 6423] [166.0] [cxt 0] Parser state 'start': key is 8100
[22:32:13.102] [bmv2] [T] [thread 6423] [166.0] [cxt 0] Bytes parsed: 14
[22:32:13.102] [bmv2] [D] [thread 6423] [166.0] [cxt 0] Parser 'parser' entering state 'parse_vlan'
[22:32:13.102] [bmv2] [D] [thread 6423] [166.0] [cxt 0] Extracting header 'vlan'
[22:32:13.102] [bmv2] [D] [thread 6423] [166.0] [cxt 0] Parser state 'parse_vlan': key is 0800
[22:32:13.102] [bmv2] [T] [thread 6423] [166.0] [cxt 0] Bytes parsed: 18
[22:32:13.102] [bmv2] [D] [thread 6423] [166.0] [cxt 0] Parser 'parser' entering state 'parse_ipv4'
[22:32:13.102] [bmv2] [D] [thread 6423] [166.0] [cxt 0] Extracting header 'ipv4'
[22:32:13.102] [bmv2] [D] [thread 6423] [166.0] [cxt 0] Parser set: setting field 'scalars.tmp' from expression, new value is 1
[22:32:13.102] [bmv2] [D] [thread 6423] [166.0] [cxt 0] Parser state 'parse_ipv4': key is 05
[22:32:13.102] [bmv2] [T] [thread 6423] [166.0] [cxt 0] Bytes parsed: 38
[22:32:13.102] [bmv2] [D] [thread 6423] [166.0] [cxt 0] Parser 'parser': end
[22:32:13.102] [bmv2] [D] [thread 6423] [166.0] [cxt 0] Pipeline 'ingress': start
[22:32:13.102] [bmv2] [T] [thread 6423] [166.0] [cxt 0] qos.p4(197) Condition "hdr.ipv4.isValid()" (node_2) is true
[22:32:13.102] [bmv2] [T] [thread 6423] [166.0] [cxt 0] qos.p4(198) Condition "hdr.ipv4_option.isValid()" (node_3) is false
[22:32:13.102] [bmv2] [T] [thread 6423] [166.0] [cxt 0] Applying table 'MyIngress.ipv4_lpm'
[22:32:13.102] [bmv2] [D] [thread 6423] [166.0] [cxt 0] Looking up key:
* hdr.ipv4.dstAddr    : 0a000202

[22:32:13.103] [bmv2] [D] [thread 6423] [166.0] [cxt 0] Table 'MyIngress.ipv4_lpm': hit with handle 0
[22:32:13.103] [bmv2] [D] [thread 6423] [166.0] [cxt 0] Dumping entry 0
Match key:
* hdr.ipv4.dstAddr    : LPM       0a000202/32
Action entry: MyIngress.ipv4_forward - 80000000202,2,

[22:32:13.103] [bmv2] [D] [thread 6423] [166.0] [cxt 0] Action entry is MyIngress.ipv4_forward - 80000000202,2,
[22:32:13.103] [bmv2] [T] [thread 6423] [166.0] [cxt 0] Action MyIngress.ipv4_forward
[22:32:13.103] [bmv2] [T] [thread 6423] [166.0] [cxt 0] qos.p4(175) Primitive standard_metadata.egress_spec = port
[22:32:13.103] [bmv2] [T] [thread 6423] [166.0] [cxt 0] qos.p4(176) Primitive hdr.ethernet.srcAddr = hdr.ethernet.dstAddr
[22:32:13.103] [bmv2] [T] [thread 6423] [166.0] [cxt 0] qos.p4(177) Primitive hdr.ethernet.dstAddr = dstAddr
[22:32:13.103] [bmv2] [T] [thread 6423] [166.0] [cxt 0] qos.p4(178) Primitive hdr.ipv4.ttl = hdr.ipv4.ttl - 1
[22:32:13.103] [bmv2] [D] [thread 6423] [166.0] [cxt 0] Pipeline 'ingress': end
[22:32:13.103] [bmv2] [D] [thread 6423] [166.0] [cxt 0] Egress port is 2
[22:32:13.103] [bmv2] [D] [thread 6426] [166.0] [cxt 0] Pipeline 'egress': start
[22:32:13.103] [bmv2] [D] [thread 6426] [166.0] [cxt 0] Pipeline 'egress': end
[22:32:13.103] [bmv2] [D] [thread 6426] [166.0] [cxt 0] Deparser 'deparser': start
[22:32:13.103] [bmv2] [D] [thread 6426] [166.0] [cxt 0] Updating checksum 'cksum'
[22:32:13.103] [bmv2] [D] [thread 6426] [166.0] [cxt 0] Deparsing header 'ethernet'
[22:32:13.103] [bmv2] [D] [thread 6426] [166.0] [cxt 0] Deparsing header 'vlan'
[22:32:13.103] [bmv2] [D] [thread 6426] [166.0] [cxt 0] Deparsing header 'ipv4'
[22:32:13.103] [bmv2] [D] [thread 6426] [166.0] [cxt 0] Deparser 'deparser': end
[22:32:13.103] [bmv2] [D] [thread 6428] [166.0] [cxt 0] Transmitting packet of size 558 out of port 2
[22:32:13.227] [bmv2] [D] [thread 6423] [167.0] [cxt 0] Processing packet received on port 3
[22:32:13.227] [bmv2] [D] [thread 6423] [167.0] [cxt 0] Parser 'parser': start
[22:32:13.227] [bmv2] [D] [thread 6423] [167.0] [cxt 0] Parser 'parser' entering state 'start'
[22:32:13.227] [bmv2] [D] [thread 6423] [167.0] [cxt 0] Extracting header 'ethernet'
[22:32:13.227] [bmv2] [D] [thread 6423] [167.0] [cxt 0] Parser state 'start': key is 8100
[22:32:13.227] [bmv2] [T] [thread 6423] [167.0] [cxt 0] Bytes parsed: 14
[22:32:13.227] [bmv2] [D] [thread 6423] [167.0] [cxt 0] Parser 'parser' entering state 'parse_vlan'
[22:32:13.227] [bmv2] [D] [thread 6423] [167.0] [cxt 0] Extracting header 'vlan'
[22:32:13.227] [bmv2] [D] [thread 6423] [167.0] [cxt 0] Parser state 'parse_vlan': key is 0800
[22:32:13.227] [bmv2] [T] [thread 6423] [167.0] [cxt 0] Bytes parsed: 18
[22:32:13.227] [bmv2] [D] [thread 6423] [167.0] [cxt 0] Parser 'parser' entering state 'parse_ipv4'
[22:32:13.227] [bmv2] [D] [thread 6423] [167.0] [cxt 0] Extracting header 'ipv4'
[22:32:13.227] [bmv2] [D] [thread 6423] [167.0] [cxt 0] Parser set: setting field 'scalars.tmp' from expression, new value is 1
[22:32:13.227] [bmv2] [D] [thread 6423] [167.0] [cxt 0] Parser state 'parse_ipv4': key is 05
[22:32:13.227] [bmv2] [T] [thread 6423] [167.0] [cxt 0] Bytes parsed: 38
[22:32:13.227] [bmv2] [D] [thread 6423] [167.0] [cxt 0] Parser 'parser': end
[22:32:13.227] [bmv2] [D] [thread 6423] [167.0] [cxt 0] Pipeline 'ingress': start
[22:32:13.227] [bmv2] [T] [thread 6423] [167.0] [cxt 0] qos.p4(197) Condition "hdr.ipv4.isValid()" (node_2) is true
[22:32:13.227] [bmv2] [T] [thread 6423] [167.0] [cxt 0] qos.p4(198) Condition "hdr.ipv4_option.isValid()" (node_3) is false
[22:32:13.227] [bmv2] [T] [thread 6423] [167.0] [cxt 0] Applying table 'MyIngress.ipv4_lpm'
[22:32:13.227] [bmv2] [D] [thread 6423] [167.0] [cxt 0] Looking up key:
* hdr.ipv4.dstAddr    : 0a000202

[22:32:13.227] [bmv2] [D] [thread 6423] [167.0] [cxt 0] Table 'MyIngress.ipv4_lpm': hit with handle 0
[22:32:13.227] [bmv2] [D] [thread 6423] [167.0] [cxt 0] Dumping entry 0
Match key:
* hdr.ipv4.dstAddr    : LPM       0a000202/32
Action entry: MyIngress.ipv4_forward - 80000000202,2,

[22:32:13.227] [bmv2] [D] [thread 6423] [167.0] [cxt 0] Action entry is MyIngress.ipv4_forward - 80000000202,2,
[22:32:13.227] [bmv2] [T] [thread 6423] [167.0] [cxt 0] Action MyIngress.ipv4_forward
[22:32:13.227] [bmv2] [T] [thread 6423] [167.0] [cxt 0] qos.p4(175) Primitive standard_metadata.egress_spec = port
[22:32:13.227] [bmv2] [T] [thread 6423] [167.0] [cxt 0] qos.p4(176) Primitive hdr.ethernet.srcAddr = hdr.ethernet.dstAddr
[22:32:13.227] [bmv2] [T] [thread 6423] [167.0] [cxt 0] qos.p4(177) Primitive hdr.ethernet.dstAddr = dstAddr
[22:32:13.227] [bmv2] [T] [thread 6423] [167.0] [cxt 0] qos.p4(178) Primitive hdr.ipv4.ttl = hdr.ipv4.ttl - 1
[22:32:13.228] [bmv2] [D] [thread 6423] [167.0] [cxt 0] Pipeline 'ingress': end
[22:32:13.228] [bmv2] [D] [thread 6423] [167.0] [cxt 0] Egress port is 2
[22:32:13.228] [bmv2] [D] [thread 6426] [167.0] [cxt 0] Pipeline 'egress': start
[22:32:13.228] [bmv2] [D] [thread 6426] [167.0] [cxt 0] Pipeline 'egress': end
[22:32:13.228] [bmv2] [D] [thread 6426] [167.0] [cxt 0] Deparser 'deparser': start
[22:32:13.228] [bmv2] [D] [thread 6426] [167.0] [cxt 0] Updating checksum 'cksum'
[22:32:13.228] [bmv2] [D] [thread 6426] [167.0] [cxt 0] Deparsing header 'ethernet'
[22:32:13.228] [bmv2] [D] [thread 6426] [167.0] [cxt 0] Deparsing header 'vlan'
[22:32:13.228] [bmv2] [D] [thread 6426] [167.0] [cxt 0] Deparsing header 'ipv4'
[22:32:13.228] [bmv2] [D] [thread 6426] [167.0] [cxt 0] Deparser 'deparser': end
[22:32:13.228] [bmv2] [D] [thread 6428] [167.0] [cxt 0] Transmitting packet of size 558 out of port 2
[22:32:13.352] [bmv2] [D] [thread 6423] [168.0] [cxt 0] Processing packet received on port 3
[22:32:13.353] [bmv2] [D] [thread 6423] [168.0] [cxt 0] Parser 'parser': start
[22:32:13.353] [bmv2] [D] [thread 6423] [168.0] [cxt 0] Parser 'parser' entering state 'start'
[22:32:13.353] [bmv2] [D] [thread 6423] [168.0] [cxt 0] Extracting header 'ethernet'
[22:32:13.353] [bmv2] [D] [thread 6423] [168.0] [cxt 0] Parser state 'start': key is 8100
[22:32:13.353] [bmv2] [T] [thread 6423] [168.0] [cxt 0] Bytes parsed: 14
[22:32:13.353] [bmv2] [D] [thread 6423] [168.0] [cxt 0] Parser 'parser' entering state 'parse_vlan'
[22:32:13.353] [bmv2] [D] [thread 6423] [168.0] [cxt 0] Extracting header 'vlan'
[22:32:13.353] [bmv2] [D] [thread 6423] [168.0] [cxt 0] Parser state 'parse_vlan': key is 0800
[22:32:13.353] [bmv2] [T] [thread 6423] [168.0] [cxt 0] Bytes parsed: 18
[22:32:13.353] [bmv2] [D] [thread 6423] [168.0] [cxt 0] Parser 'parser' entering state 'parse_ipv4'
[22:32:13.353] [bmv2] [D] [thread 6423] [168.0] [cxt 0] Extracting header 'ipv4'
[22:32:13.353] [bmv2] [D] [thread 6423] [168.0] [cxt 0] Parser set: setting field 'scalars.tmp' from expression, new value is 1
[22:32:13.353] [bmv2] [D] [thread 6423] [168.0] [cxt 0] Parser state 'parse_ipv4': key is 05
[22:32:13.353] [bmv2] [T] [thread 6423] [168.0] [cxt 0] Bytes parsed: 38
[22:32:13.353] [bmv2] [D] [thread 6423] [168.0] [cxt 0] Parser 'parser': end
[22:32:13.353] [bmv2] [D] [thread 6423] [168.0] [cxt 0] Pipeline 'ingress': start
[22:32:13.353] [bmv2] [T] [thread 6423] [168.0] [cxt 0] qos.p4(197) Condition "hdr.ipv4.isValid()" (node_2) is true
[22:32:13.353] [bmv2] [T] [thread 6423] [168.0] [cxt 0] qos.p4(198) Condition "hdr.ipv4_option.isValid()" (node_3) is false
[22:32:13.353] [bmv2] [T] [thread 6423] [168.0] [cxt 0] Applying table 'MyIngress.ipv4_lpm'
[22:32:13.353] [bmv2] [D] [thread 6423] [168.0] [cxt 0] Looking up key:
* hdr.ipv4.dstAddr    : 0a000202

[22:32:13.353] [bmv2] [D] [thread 6423] [168.0] [cxt 0] Table 'MyIngress.ipv4_lpm': hit with handle 0
[22:32:13.353] [bmv2] [D] [thread 6423] [168.0] [cxt 0] Dumping entry 0
Match key:
* hdr.ipv4.dstAddr    : LPM       0a000202/32
Action entry: MyIngress.ipv4_forward - 80000000202,2,

[22:32:13.353] [bmv2] [D] [thread 6423] [168.0] [cxt 0] Action entry is MyIngress.ipv4_forward - 80000000202,2,
[22:32:13.353] [bmv2] [T] [thread 6423] [168.0] [cxt 0] Action MyIngress.ipv4_forward
[22:32:13.353] [bmv2] [T] [thread 6423] [168.0] [cxt 0] qos.p4(175) Primitive standard_metadata.egress_spec = port
[22:32:13.353] [bmv2] [T] [thread 6423] [168.0] [cxt 0] qos.p4(176) Primitive hdr.ethernet.srcAddr = hdr.ethernet.dstAddr
[22:32:13.353] [bmv2] [T] [thread 6423] [168.0] [cxt 0] qos.p4(177) Primitive hdr.ethernet.dstAddr = dstAddr
[22:32:13.353] [bmv2] [T] [thread 6423] [168.0] [cxt 0] qos.p4(178) Primitive hdr.ipv4.ttl = hdr.ipv4.ttl - 1
[22:32:13.353] [bmv2] [D] [thread 6423] [168.0] [cxt 0] Pipeline 'ingress': end
[22:32:13.354] [bmv2] [D] [thread 6423] [168.0] [cxt 0] Egress port is 2
[22:32:13.354] [bmv2] [D] [thread 6426] [168.0] [cxt 0] Pipeline 'egress': start
[22:32:13.354] [bmv2] [D] [thread 6426] [168.0] [cxt 0] Pipeline 'egress': end
[22:32:13.354] [bmv2] [D] [thread 6426] [168.0] [cxt 0] Deparser 'deparser': start
[22:32:13.354] [bmv2] [D] [thread 6426] [168.0] [cxt 0] Updating checksum 'cksum'
[22:32:13.354] [bmv2] [D] [thread 6426] [168.0] [cxt 0] Deparsing header 'ethernet'
[22:32:13.354] [bmv2] [D] [thread 6426] [168.0] [cxt 0] Deparsing header 'vlan'
[22:32:13.354] [bmv2] [D] [thread 6426] [168.0] [cxt 0] Deparsing header 'ipv4'
[22:32:13.354] [bmv2] [D] [thread 6426] [168.0] [cxt 0] Deparser 'deparser': end
[22:32:13.354] [bmv2] [D] [thread 6428] [168.0] [cxt 0] Transmitting packet of size 558 out of port 2
[22:32:13.481] [bmv2] [D] [thread 6423] [169.0] [cxt 0] Processing packet received on port 3
[22:32:13.481] [bmv2] [D] [thread 6423] [169.0] [cxt 0] Parser 'parser': start
[22:32:13.481] [bmv2] [D] [thread 6423] [169.0] [cxt 0] Parser 'parser' entering state 'start'
[22:32:13.481] [bmv2] [D] [thread 6423] [169.0] [cxt 0] Extracting header 'ethernet'
[22:32:13.482] [bmv2] [D] [thread 6423] [169.0] [cxt 0] Parser state 'start': key is 8100
[22:32:13.482] [bmv2] [T] [thread 6423] [169.0] [cxt 0] Bytes parsed: 14
[22:32:13.482] [bmv2] [D] [thread 6423] [169.0] [cxt 0] Parser 'parser' entering state 'parse_vlan'
[22:32:13.482] [bmv2] [D] [thread 6423] [169.0] [cxt 0] Extracting header 'vlan'
[22:32:13.482] [bmv2] [D] [thread 6423] [169.0] [cxt 0] Parser state 'parse_vlan': key is 0800
[22:32:13.482] [bmv2] [T] [thread 6423] [169.0] [cxt 0] Bytes parsed: 18
[22:32:13.482] [bmv2] [D] [thread 6423] [169.0] [cxt 0] Parser 'parser' entering state 'parse_ipv4'
[22:32:13.482] [bmv2] [D] [thread 6423] [169.0] [cxt 0] Extracting header 'ipv4'
[22:32:13.482] [bmv2] [D] [thread 6423] [169.0] [cxt 0] Parser set: setting field 'scalars.tmp' from expression, new value is 1
[22:32:13.482] [bmv2] [D] [thread 6423] [169.0] [cxt 0] Parser state 'parse_ipv4': key is 05
[22:32:13.482] [bmv2] [T] [thread 6423] [169.0] [cxt 0] Bytes parsed: 38
[22:32:13.482] [bmv2] [D] [thread 6423] [169.0] [cxt 0] Parser 'parser': end
[22:32:13.482] [bmv2] [D] [thread 6423] [169.0] [cxt 0] Pipeline 'ingress': start
[22:32:13.482] [bmv2] [T] [thread 6423] [169.0] [cxt 0] qos.p4(197) Condition "hdr.ipv4.isValid()" (node_2) is true
[22:32:13.482] [bmv2] [T] [thread 6423] [169.0] [cxt 0] qos.p4(198) Condition "hdr.ipv4_option.isValid()" (node_3) is false
[22:32:13.482] [bmv2] [T] [thread 6423] [169.0] [cxt 0] Applying table 'MyIngress.ipv4_lpm'
[22:32:13.482] [bmv2] [D] [thread 6423] [169.0] [cxt 0] Looking up key:
* hdr.ipv4.dstAddr    : 0a000202

[22:32:13.482] [bmv2] [D] [thread 6423] [169.0] [cxt 0] Table 'MyIngress.ipv4_lpm': hit with handle 0
[22:32:13.482] [bmv2] [D] [thread 6423] [169.0] [cxt 0] Dumping entry 0
Match key:
* hdr.ipv4.dstAddr    : LPM       0a000202/32
Action entry: MyIngress.ipv4_forward - 80000000202,2,

[22:32:13.482] [bmv2] [D] [thread 6423] [169.0] [cxt 0] Action entry is MyIngress.ipv4_forward - 80000000202,2,
[22:32:13.482] [bmv2] [T] [thread 6423] [169.0] [cxt 0] Action MyIngress.ipv4_forward
[22:32:13.482] [bmv2] [T] [thread 6423] [169.0] [cxt 0] qos.p4(175) Primitive standard_metadata.egress_spec = port
[22:32:13.482] [bmv2] [T] [thread 6423] [169.0] [cxt 0] qos.p4(176) Primitive hdr.ethernet.srcAddr = hdr.ethernet.dstAddr
[22:32:13.482] [bmv2] [T] [thread 6423] [169.0] [cxt 0] qos.p4(177) Primitive hdr.ethernet.dstAddr = dstAddr
[22:32:13.482] [bmv2] [T] [thread 6423] [169.0] [cxt 0] qos.p4(178) Primitive hdr.ipv4.ttl = hdr.ipv4.ttl - 1
[22:32:13.482] [bmv2] [D] [thread 6423] [169.0] [cxt 0] Pipeline 'ingress': end
[22:32:13.482] [bmv2] [D] [thread 6423] [169.0] [cxt 0] Egress port is 2
[22:32:13.483] [bmv2] [D] [thread 6426] [169.0] [cxt 0] Pipeline 'egress': start
[22:32:13.483] [bmv2] [D] [thread 6426] [169.0] [cxt 0] Pipeline 'egress': end
[22:32:13.483] [bmv2] [D] [thread 6426] [169.0] [cxt 0] Deparser 'deparser': start
[22:32:13.483] [bmv2] [D] [thread 6426] [169.0] [cxt 0] Updating checksum 'cksum'
[22:32:13.483] [bmv2] [D] [thread 6426] [169.0] [cxt 0] Deparsing header 'ethernet'
[22:32:13.483] [bmv2] [D] [thread 6426] [169.0] [cxt 0] Deparsing header 'vlan'
[22:32:13.483] [bmv2] [D] [thread 6426] [169.0] [cxt 0] Deparsing header 'ipv4'
[22:32:13.483] [bmv2] [D] [thread 6426] [169.0] [cxt 0] Deparser 'deparser': end
[22:32:13.483] [bmv2] [D] [thread 6428] [169.0] [cxt 0] Transmitting packet of size 558 out of port 2
[22:32:13.605] [bmv2] [D] [thread 6423] [170.0] [cxt 0] Processing packet received on port 3
[22:32:13.605] [bmv2] [D] [thread 6423] [170.0] [cxt 0] Parser 'parser': start
[22:32:13.605] [bmv2] [D] [thread 6423] [170.0] [cxt 0] Parser 'parser' entering state 'start'
[22:32:13.605] [bmv2] [D] [thread 6423] [170.0] [cxt 0] Extracting header 'ethernet'
[22:32:13.605] [bmv2] [D] [thread 6423] [170.0] [cxt 0] Parser state 'start': key is 8100
[22:32:13.605] [bmv2] [T] [thread 6423] [170.0] [cxt 0] Bytes parsed: 14
[22:32:13.605] [bmv2] [D] [thread 6423] [170.0] [cxt 0] Parser 'parser' entering state 'parse_vlan'
[22:32:13.605] [bmv2] [D] [thread 6423] [170.0] [cxt 0] Extracting header 'vlan'
[22:32:13.605] [bmv2] [D] [thread 6423] [170.0] [cxt 0] Parser state 'parse_vlan': key is 0800
[22:32:13.605] [bmv2] [T] [thread 6423] [170.0] [cxt 0] Bytes parsed: 18
[22:32:13.605] [bmv2] [D] [thread 6423] [170.0] [cxt 0] Parser 'parser' entering state 'parse_ipv4'
[22:32:13.605] [bmv2] [D] [thread 6423] [170.0] [cxt 0] Extracting header 'ipv4'
[22:32:13.605] [bmv2] [D] [thread 6423] [170.0] [cxt 0] Parser set: setting field 'scalars.tmp' from expression, new value is 1
[22:32:13.605] [bmv2] [D] [thread 6423] [170.0] [cxt 0] Parser state 'parse_ipv4': key is 05
[22:32:13.605] [bmv2] [T] [thread 6423] [170.0] [cxt 0] Bytes parsed: 38
[22:32:13.605] [bmv2] [D] [thread 6423] [170.0] [cxt 0] Parser 'parser': end
[22:32:13.605] [bmv2] [D] [thread 6423] [170.0] [cxt 0] Pipeline 'ingress': start
[22:32:13.605] [bmv2] [T] [thread 6423] [170.0] [cxt 0] qos.p4(197) Condition "hdr.ipv4.isValid()" (node_2) is true
[22:32:13.605] [bmv2] [T] [thread 6423] [170.0] [cxt 0] qos.p4(198) Condition "hdr.ipv4_option.isValid()" (node_3) is false
[22:32:13.605] [bmv2] [T] [thread 6423] [170.0] [cxt 0] Applying table 'MyIngress.ipv4_lpm'
[22:32:13.605] [bmv2] [D] [thread 6423] [170.0] [cxt 0] Looking up key:
* hdr.ipv4.dstAddr    : 0a000202

[22:32:13.605] [bmv2] [D] [thread 6423] [170.0] [cxt 0] Table 'MyIngress.ipv4_lpm': hit with handle 0
[22:32:13.606] [bmv2] [D] [thread 6423] [170.0] [cxt 0] Dumping entry 0
Match key:
* hdr.ipv4.dstAddr    : LPM       0a000202/32
Action entry: MyIngress.ipv4_forward - 80000000202,2,

[22:32:13.606] [bmv2] [D] [thread 6423] [170.0] [cxt 0] Action entry is MyIngress.ipv4_forward - 80000000202,2,
[22:32:13.606] [bmv2] [T] [thread 6423] [170.0] [cxt 0] Action MyIngress.ipv4_forward
[22:32:13.606] [bmv2] [T] [thread 6423] [170.0] [cxt 0] qos.p4(175) Primitive standard_metadata.egress_spec = port
[22:32:13.606] [bmv2] [T] [thread 6423] [170.0] [cxt 0] qos.p4(176) Primitive hdr.ethernet.srcAddr = hdr.ethernet.dstAddr
[22:32:13.606] [bmv2] [T] [thread 6423] [170.0] [cxt 0] qos.p4(177) Primitive hdr.ethernet.dstAddr = dstAddr
[22:32:13.606] [bmv2] [T] [thread 6423] [170.0] [cxt 0] qos.p4(178) Primitive hdr.ipv4.ttl = hdr.ipv4.ttl - 1
[22:32:13.606] [bmv2] [D] [thread 6423] [170.0] [cxt 0] Pipeline 'ingress': end
[22:32:13.606] [bmv2] [D] [thread 6423] [170.0] [cxt 0] Egress port is 2
[22:32:13.606] [bmv2] [D] [thread 6426] [170.0] [cxt 0] Pipeline 'egress': start
[22:32:13.606] [bmv2] [D] [thread 6426] [170.0] [cxt 0] Pipeline 'egress': end
[22:32:13.606] [bmv2] [D] [thread 6426] [170.0] [cxt 0] Deparser 'deparser': start
[22:32:13.606] [bmv2] [D] [thread 6426] [170.0] [cxt 0] Updating checksum 'cksum'
[22:32:13.606] [bmv2] [D] [thread 6426] [170.0] [cxt 0] Deparsing header 'ethernet'
[22:32:13.606] [bmv2] [D] [thread 6426] [170.0] [cxt 0] Deparsing header 'vlan'
[22:32:13.606] [bmv2] [D] [thread 6426] [170.0] [cxt 0] Deparsing header 'ipv4'
[22:32:13.606] [bmv2] [D] [thread 6426] [170.0] [cxt 0] Deparser 'deparser': end
[22:32:13.606] [bmv2] [D] [thread 6428] [170.0] [cxt 0] Transmitting packet of size 558 out of port 2
[22:32:13.733] [bmv2] [D] [thread 6423] [171.0] [cxt 0] Processing packet received on port 3
[22:32:13.734] [bmv2] [D] [thread 6423] [171.0] [cxt 0] Parser 'parser': start
[22:32:13.734] [bmv2] [D] [thread 6423] [171.0] [cxt 0] Parser 'parser' entering state 'start'
[22:32:13.734] [bmv2] [D] [thread 6423] [171.0] [cxt 0] Extracting header 'ethernet'
[22:32:13.734] [bmv2] [D] [thread 6423] [171.0] [cxt 0] Parser state 'start': key is 8100
[22:32:13.734] [bmv2] [T] [thread 6423] [171.0] [cxt 0] Bytes parsed: 14
[22:32:13.734] [bmv2] [D] [thread 6423] [171.0] [cxt 0] Parser 'parser' entering state 'parse_vlan'
[22:32:13.734] [bmv2] [D] [thread 6423] [171.0] [cxt 0] Extracting header 'vlan'
[22:32:13.734] [bmv2] [D] [thread 6423] [171.0] [cxt 0] Parser state 'parse_vlan': key is 0800
[22:32:13.734] [bmv2] [T] [thread 6423] [171.0] [cxt 0] Bytes parsed: 18
[22:32:13.734] [bmv2] [D] [thread 6423] [171.0] [cxt 0] Parser 'parser' entering state 'parse_ipv4'
[22:32:13.734] [bmv2] [D] [thread 6423] [171.0] [cxt 0] Extracting header 'ipv4'
[22:32:13.734] [bmv2] [D] [thread 6423] [171.0] [cxt 0] Parser set: setting field 'scalars.tmp' from expression, new value is 1
[22:32:13.734] [bmv2] [D] [thread 6423] [171.0] [cxt 0] Parser state 'parse_ipv4': key is 05
[22:32:13.734] [bmv2] [T] [thread 6423] [171.0] [cxt 0] Bytes parsed: 38
[22:32:13.734] [bmv2] [D] [thread 6423] [171.0] [cxt 0] Parser 'parser': end
[22:32:13.734] [bmv2] [D] [thread 6423] [171.0] [cxt 0] Pipeline 'ingress': start
[22:32:13.734] [bmv2] [T] [thread 6423] [171.0] [cxt 0] qos.p4(197) Condition "hdr.ipv4.isValid()" (node_2) is true
[22:32:13.734] [bmv2] [T] [thread 6423] [171.0] [cxt 0] qos.p4(198) Condition "hdr.ipv4_option.isValid()" (node_3) is false
[22:32:13.734] [bmv2] [T] [thread 6423] [171.0] [cxt 0] Applying table 'MyIngress.ipv4_lpm'
[22:32:13.734] [bmv2] [D] [thread 6423] [171.0] [cxt 0] Looking up key:
* hdr.ipv4.dstAddr    : 0a000202

[22:32:13.734] [bmv2] [D] [thread 6423] [171.0] [cxt 0] Table 'MyIngress.ipv4_lpm': hit with handle 0
[22:32:13.734] [bmv2] [D] [thread 6423] [171.0] [cxt 0] Dumping entry 0
Match key:
* hdr.ipv4.dstAddr    : LPM       0a000202/32
Action entry: MyIngress.ipv4_forward - 80000000202,2,

[22:32:13.734] [bmv2] [D] [thread 6423] [171.0] [cxt 0] Action entry is MyIngress.ipv4_forward - 80000000202,2,
[22:32:13.734] [bmv2] [T] [thread 6423] [171.0] [cxt 0] Action MyIngress.ipv4_forward
[22:32:13.734] [bmv2] [T] [thread 6423] [171.0] [cxt 0] qos.p4(175) Primitive standard_metadata.egress_spec = port
[22:32:13.734] [bmv2] [T] [thread 6423] [171.0] [cxt 0] qos.p4(176) Primitive hdr.ethernet.srcAddr = hdr.ethernet.dstAddr
[22:32:13.734] [bmv2] [T] [thread 6423] [171.0] [cxt 0] qos.p4(177) Primitive hdr.ethernet.dstAddr = dstAddr
[22:32:13.734] [bmv2] [T] [thread 6423] [171.0] [cxt 0] qos.p4(178) Primitive hdr.ipv4.ttl = hdr.ipv4.ttl - 1
[22:32:13.734] [bmv2] [D] [thread 6423] [171.0] [cxt 0] Pipeline 'ingress': end
[22:32:13.734] [bmv2] [D] [thread 6423] [171.0] [cxt 0] Egress port is 2
[22:32:13.735] [bmv2] [D] [thread 6426] [171.0] [cxt 0] Pipeline 'egress': start
[22:32:13.735] [bmv2] [D] [thread 6426] [171.0] [cxt 0] Pipeline 'egress': end
[22:32:13.735] [bmv2] [D] [thread 6426] [171.0] [cxt 0] Deparser 'deparser': start
[22:32:13.735] [bmv2] [D] [thread 6426] [171.0] [cxt 0] Updating checksum 'cksum'
[22:32:13.735] [bmv2] [D] [thread 6426] [171.0] [cxt 0] Deparsing header 'ethernet'
[22:32:13.735] [bmv2] [D] [thread 6426] [171.0] [cxt 0] Deparsing header 'vlan'
[22:32:13.735] [bmv2] [D] [thread 6426] [171.0] [cxt 0] Deparsing header 'ipv4'
[22:32:13.735] [bmv2] [D] [thread 6426] [171.0] [cxt 0] Deparser 'deparser': end
[22:32:13.735] [bmv2] [D] [thread 6428] [171.0] [cxt 0] Transmitting packet of size 558 out of port 2
[22:32:13.859] [bmv2] [D] [thread 6423] [172.0] [cxt 0] Processing packet received on port 3
[22:32:13.859] [bmv2] [D] [thread 6423] [172.0] [cxt 0] Parser 'parser': start
[22:32:13.859] [bmv2] [D] [thread 6423] [172.0] [cxt 0] Parser 'parser' entering state 'start'
[22:32:13.859] [bmv2] [D] [thread 6423] [172.0] [cxt 0] Extracting header 'ethernet'
[22:32:13.859] [bmv2] [D] [thread 6423] [172.0] [cxt 0] Parser state 'start': key is 8100
[22:32:13.859] [bmv2] [T] [thread 6423] [172.0] [cxt 0] Bytes parsed: 14
[22:32:13.859] [bmv2] [D] [thread 6423] [172.0] [cxt 0] Parser 'parser' entering state 'parse_vlan'
[22:32:13.859] [bmv2] [D] [thread 6423] [172.0] [cxt 0] Extracting header 'vlan'
[22:32:13.859] [bmv2] [D] [thread 6423] [172.0] [cxt 0] Parser state 'parse_vlan': key is 0800
[22:32:13.859] [bmv2] [T] [thread 6423] [172.0] [cxt 0] Bytes parsed: 18
[22:32:13.859] [bmv2] [D] [thread 6423] [172.0] [cxt 0] Parser 'parser' entering state 'parse_ipv4'
[22:32:13.859] [bmv2] [D] [thread 6423] [172.0] [cxt 0] Extracting header 'ipv4'
[22:32:13.859] [bmv2] [D] [thread 6423] [172.0] [cxt 0] Parser set: setting field 'scalars.tmp' from expression, new value is 1
[22:32:13.859] [bmv2] [D] [thread 6423] [172.0] [cxt 0] Parser state 'parse_ipv4': key is 05
[22:32:13.859] [bmv2] [T] [thread 6423] [172.0] [cxt 0] Bytes parsed: 38
[22:32:13.859] [bmv2] [D] [thread 6423] [172.0] [cxt 0] Parser 'parser': end
[22:32:13.859] [bmv2] [D] [thread 6423] [172.0] [cxt 0] Pipeline 'ingress': start
[22:32:13.859] [bmv2] [T] [thread 6423] [172.0] [cxt 0] qos.p4(197) Condition "hdr.ipv4.isValid()" (node_2) is true
[22:32:13.860] [bmv2] [T] [thread 6423] [172.0] [cxt 0] qos.p4(198) Condition "hdr.ipv4_option.isValid()" (node_3) is false
[22:32:13.860] [bmv2] [T] [thread 6423] [172.0] [cxt 0] Applying table 'MyIngress.ipv4_lpm'
[22:32:13.860] [bmv2] [D] [thread 6423] [172.0] [cxt 0] Looking up key:
* hdr.ipv4.dstAddr    : 0a000202

[22:32:13.860] [bmv2] [D] [thread 6423] [172.0] [cxt 0] Table 'MyIngress.ipv4_lpm': hit with handle 0
[22:32:13.860] [bmv2] [D] [thread 6423] [172.0] [cxt 0] Dumping entry 0
Match key:
* hdr.ipv4.dstAddr    : LPM       0a000202/32
Action entry: MyIngress.ipv4_forward - 80000000202,2,

[22:32:13.860] [bmv2] [D] [thread 6423] [172.0] [cxt 0] Action entry is MyIngress.ipv4_forward - 80000000202,2,
[22:32:13.860] [bmv2] [T] [thread 6423] [172.0] [cxt 0] Action MyIngress.ipv4_forward
[22:32:13.860] [bmv2] [T] [thread 6423] [172.0] [cxt 0] qos.p4(175) Primitive standard_metadata.egress_spec = port
[22:32:13.860] [bmv2] [T] [thread 6423] [172.0] [cxt 0] qos.p4(176) Primitive hdr.ethernet.srcAddr = hdr.ethernet.dstAddr
[22:32:13.860] [bmv2] [T] [thread 6423] [172.0] [cxt 0] qos.p4(177) Primitive hdr.ethernet.dstAddr = dstAddr
[22:32:13.860] [bmv2] [T] [thread 6423] [172.0] [cxt 0] qos.p4(178) Primitive hdr.ipv4.ttl = hdr.ipv4.ttl - 1
[22:32:13.860] [bmv2] [D] [thread 6423] [172.0] [cxt 0] Pipeline 'ingress': end
[22:32:13.860] [bmv2] [D] [thread 6423] [172.0] [cxt 0] Egress port is 2
[22:32:13.860] [bmv2] [D] [thread 6426] [172.0] [cxt 0] Pipeline 'egress': start
[22:32:13.860] [bmv2] [D] [thread 6426] [172.0] [cxt 0] Pipeline 'egress': end
[22:32:13.860] [bmv2] [D] [thread 6426] [172.0] [cxt 0] Deparser 'deparser': start
[22:32:13.860] [bmv2] [D] [thread 6426] [172.0] [cxt 0] Updating checksum 'cksum'
[22:32:13.860] [bmv2] [D] [thread 6426] [172.0] [cxt 0] Deparsing header 'ethernet'
[22:32:13.860] [bmv2] [D] [thread 6426] [172.0] [cxt 0] Deparsing header 'vlan'
[22:32:13.860] [bmv2] [D] [thread 6426] [172.0] [cxt 0] Deparsing header 'ipv4'
[22:32:13.860] [bmv2] [D] [thread 6426] [172.0] [cxt 0] Deparser 'deparser': end
[22:32:13.860] [bmv2] [D] [thread 6428] [172.0] [cxt 0] Transmitting packet of size 558 out of port 2
[22:32:13.984] [bmv2] [D] [thread 6423] [173.0] [cxt 0] Processing packet received on port 3
[22:32:13.984] [bmv2] [D] [thread 6423] [173.0] [cxt 0] Parser 'parser': start
[22:32:13.984] [bmv2] [D] [thread 6423] [173.0] [cxt 0] Parser 'parser' entering state 'start'
[22:32:13.984] [bmv2] [D] [thread 6423] [173.0] [cxt 0] Extracting header 'ethernet'
[22:32:13.985] [bmv2] [D] [thread 6423] [173.0] [cxt 0] Parser state 'start': key is 8100
[22:32:13.985] [bmv2] [T] [thread 6423] [173.0] [cxt 0] Bytes parsed: 14
[22:32:13.985] [bmv2] [D] [thread 6423] [173.0] [cxt 0] Parser 'parser' entering state 'parse_vlan'
[22:32:13.985] [bmv2] [D] [thread 6423] [173.0] [cxt 0] Extracting header 'vlan'
[22:32:13.985] [bmv2] [D] [thread 6423] [173.0] [cxt 0] Parser state 'parse_vlan': key is 0800
[22:32:13.985] [bmv2] [T] [thread 6423] [173.0] [cxt 0] Bytes parsed: 18
[22:32:13.985] [bmv2] [D] [thread 6423] [173.0] [cxt 0] Parser 'parser' entering state 'parse_ipv4'
[22:32:13.985] [bmv2] [D] [thread 6423] [173.0] [cxt 0] Extracting header 'ipv4'
[22:32:13.985] [bmv2] [D] [thread 6423] [173.0] [cxt 0] Parser set: setting field 'scalars.tmp' from expression, new value is 1
[22:32:13.985] [bmv2] [D] [thread 6423] [173.0] [cxt 0] Parser state 'parse_ipv4': key is 05
[22:32:13.985] [bmv2] [T] [thread 6423] [173.0] [cxt 0] Bytes parsed: 38
[22:32:13.985] [bmv2] [D] [thread 6423] [173.0] [cxt 0] Parser 'parser': end
[22:32:13.985] [bmv2] [D] [thread 6423] [173.0] [cxt 0] Pipeline 'ingress': start
[22:32:13.985] [bmv2] [T] [thread 6423] [173.0] [cxt 0] qos.p4(197) Condition "hdr.ipv4.isValid()" (node_2) is true
[22:32:13.985] [bmv2] [T] [thread 6423] [173.0] [cxt 0] qos.p4(198) Condition "hdr.ipv4_option.isValid()" (node_3) is false
[22:32:13.985] [bmv2] [T] [thread 6423] [173.0] [cxt 0] Applying table 'MyIngress.ipv4_lpm'
[22:32:13.985] [bmv2] [D] [thread 6423] [173.0] [cxt 0] Looking up key:
* hdr.ipv4.dstAddr    : 0a000202

[22:32:13.985] [bmv2] [D] [thread 6423] [173.0] [cxt 0] Table 'MyIngress.ipv4_lpm': hit with handle 0
[22:32:13.985] [bmv2] [D] [thread 6423] [173.0] [cxt 0] Dumping entry 0
Match key:
* hdr.ipv4.dstAddr    : LPM       0a000202/32
Action entry: MyIngress.ipv4_forward - 80000000202,2,

[22:32:13.985] [bmv2] [D] [thread 6423] [173.0] [cxt 0] Action entry is MyIngress.ipv4_forward - 80000000202,2,
[22:32:13.985] [bmv2] [T] [thread 6423] [173.0] [cxt 0] Action MyIngress.ipv4_forward
[22:32:13.985] [bmv2] [T] [thread 6423] [173.0] [cxt 0] qos.p4(175) Primitive standard_metadata.egress_spec = port
[22:32:13.985] [bmv2] [T] [thread 6423] [173.0] [cxt 0] qos.p4(176) Primitive hdr.ethernet.srcAddr = hdr.ethernet.dstAddr
[22:32:13.985] [bmv2] [T] [thread 6423] [173.0] [cxt 0] qos.p4(177) Primitive hdr.ethernet.dstAddr = dstAddr
[22:32:13.985] [bmv2] [T] [thread 6423] [173.0] [cxt 0] qos.p4(178) Primitive hdr.ipv4.ttl = hdr.ipv4.ttl - 1
[22:32:13.985] [bmv2] [D] [thread 6423] [173.0] [cxt 0] Pipeline 'ingress': end
[22:32:13.985] [bmv2] [D] [thread 6423] [173.0] [cxt 0] Egress port is 2
[22:32:13.986] [bmv2] [D] [thread 6426] [173.0] [cxt 0] Pipeline 'egress': start
[22:32:13.986] [bmv2] [D] [thread 6426] [173.0] [cxt 0] Pipeline 'egress': end
[22:32:13.986] [bmv2] [D] [thread 6426] [173.0] [cxt 0] Deparser 'deparser': start
[22:32:13.986] [bmv2] [D] [thread 6426] [173.0] [cxt 0] Updating checksum 'cksum'
[22:32:13.986] [bmv2] [D] [thread 6426] [173.0] [cxt 0] Deparsing header 'ethernet'
[22:32:13.986] [bmv2] [D] [thread 6426] [173.0] [cxt 0] Deparsing header 'vlan'
[22:32:13.986] [bmv2] [D] [thread 6426] [173.0] [cxt 0] Deparsing header 'ipv4'
[22:32:13.986] [bmv2] [D] [thread 6426] [173.0] [cxt 0] Deparser 'deparser': end
[22:32:13.986] [bmv2] [D] [thread 6428] [173.0] [cxt 0] Transmitting packet of size 558 out of port 2
[22:32:14.111] [bmv2] [D] [thread 6423] [174.0] [cxt 0] Processing packet received on port 3
[22:32:14.111] [bmv2] [D] [thread 6423] [174.0] [cxt 0] Parser 'parser': start
[22:32:14.111] [bmv2] [D] [thread 6423] [174.0] [cxt 0] Parser 'parser' entering state 'start'
[22:32:14.111] [bmv2] [D] [thread 6423] [174.0] [cxt 0] Extracting header 'ethernet'
[22:32:14.111] [bmv2] [D] [thread 6423] [174.0] [cxt 0] Parser state 'start': key is 8100
[22:32:14.111] [bmv2] [T] [thread 6423] [174.0] [cxt 0] Bytes parsed: 14
[22:32:14.111] [bmv2] [D] [thread 6423] [174.0] [cxt 0] Parser 'parser' entering state 'parse_vlan'
[22:32:14.111] [bmv2] [D] [thread 6423] [174.0] [cxt 0] Extracting header 'vlan'
[22:32:14.112] [bmv2] [D] [thread 6423] [174.0] [cxt 0] Parser state 'parse_vlan': key is 0800
[22:32:14.112] [bmv2] [T] [thread 6423] [174.0] [cxt 0] Bytes parsed: 18
[22:32:14.112] [bmv2] [D] [thread 6423] [174.0] [cxt 0] Parser 'parser' entering state 'parse_ipv4'
[22:32:14.112] [bmv2] [D] [thread 6423] [174.0] [cxt 0] Extracting header 'ipv4'
[22:32:14.112] [bmv2] [D] [thread 6423] [174.0] [cxt 0] Parser set: setting field 'scalars.tmp' from expression, new value is 1
[22:32:14.112] [bmv2] [D] [thread 6423] [174.0] [cxt 0] Parser state 'parse_ipv4': key is 05
[22:32:14.112] [bmv2] [T] [thread 6423] [174.0] [cxt 0] Bytes parsed: 38
[22:32:14.112] [bmv2] [D] [thread 6423] [174.0] [cxt 0] Parser 'parser': end
[22:32:14.112] [bmv2] [D] [thread 6423] [174.0] [cxt 0] Pipeline 'ingress': start
[22:32:14.112] [bmv2] [T] [thread 6423] [174.0] [cxt 0] qos.p4(197) Condition "hdr.ipv4.isValid()" (node_2) is true
[22:32:14.112] [bmv2] [T] [thread 6423] [174.0] [cxt 0] qos.p4(198) Condition "hdr.ipv4_option.isValid()" (node_3) is false
[22:32:14.112] [bmv2] [T] [thread 6423] [174.0] [cxt 0] Applying table 'MyIngress.ipv4_lpm'
[22:32:14.112] [bmv2] [D] [thread 6423] [174.0] [cxt 0] Looking up key:
* hdr.ipv4.dstAddr    : 0a000202

[22:32:14.112] [bmv2] [D] [thread 6423] [174.0] [cxt 0] Table 'MyIngress.ipv4_lpm': hit with handle 0
[22:32:14.112] [bmv2] [D] [thread 6423] [174.0] [cxt 0] Dumping entry 0
Match key:
* hdr.ipv4.dstAddr    : LPM       0a000202/32
Action entry: MyIngress.ipv4_forward - 80000000202,2,

[22:32:14.112] [bmv2] [D] [thread 6423] [174.0] [cxt 0] Action entry is MyIngress.ipv4_forward - 80000000202,2,
[22:32:14.112] [bmv2] [T] [thread 6423] [174.0] [cxt 0] Action MyIngress.ipv4_forward
[22:32:14.112] [bmv2] [T] [thread 6423] [174.0] [cxt 0] qos.p4(175) Primitive standard_metadata.egress_spec = port
[22:32:14.112] [bmv2] [T] [thread 6423] [174.0] [cxt 0] qos.p4(176) Primitive hdr.ethernet.srcAddr = hdr.ethernet.dstAddr
[22:32:14.112] [bmv2] [T] [thread 6423] [174.0] [cxt 0] qos.p4(177) Primitive hdr.ethernet.dstAddr = dstAddr
[22:32:14.112] [bmv2] [T] [thread 6423] [174.0] [cxt 0] qos.p4(178) Primitive hdr.ipv4.ttl = hdr.ipv4.ttl - 1
[22:32:14.112] [bmv2] [D] [thread 6423] [174.0] [cxt 0] Pipeline 'ingress': end
[22:32:14.112] [bmv2] [D] [thread 6423] [174.0] [cxt 0] Egress port is 2
[22:32:14.113] [bmv2] [D] [thread 6426] [174.0] [cxt 0] Pipeline 'egress': start
[22:32:14.113] [bmv2] [D] [thread 6426] [174.0] [cxt 0] Pipeline 'egress': end
[22:32:14.113] [bmv2] [D] [thread 6426] [174.0] [cxt 0] Deparser 'deparser': start
[22:32:14.113] [bmv2] [D] [thread 6426] [174.0] [cxt 0] Updating checksum 'cksum'
[22:32:14.113] [bmv2] [D] [thread 6426] [174.0] [cxt 0] Deparsing header 'ethernet'
[22:32:14.113] [bmv2] [D] [thread 6426] [174.0] [cxt 0] Deparsing header 'vlan'
[22:32:14.113] [bmv2] [D] [thread 6426] [174.0] [cxt 0] Deparsing header 'ipv4'
[22:32:14.113] [bmv2] [D] [thread 6426] [174.0] [cxt 0] Deparser 'deparser': end
[22:32:14.113] [bmv2] [D] [thread 6428] [174.0] [cxt 0] Transmitting packet of size 558 out of port 2
[22:32:14.234] [bmv2] [D] [thread 6423] [175.0] [cxt 0] Processing packet received on port 3
[22:32:14.234] [bmv2] [D] [thread 6423] [175.0] [cxt 0] Parser 'parser': start
[22:32:14.234] [bmv2] [D] [thread 6423] [175.0] [cxt 0] Parser 'parser' entering state 'start'
[22:32:14.234] [bmv2] [D] [thread 6423] [175.0] [cxt 0] Extracting header 'ethernet'
[22:32:14.234] [bmv2] [D] [thread 6423] [175.0] [cxt 0] Parser state 'start': key is 8100
[22:32:14.234] [bmv2] [T] [thread 6423] [175.0] [cxt 0] Bytes parsed: 14
[22:32:14.234] [bmv2] [D] [thread 6423] [175.0] [cxt 0] Parser 'parser' entering state 'parse_vlan'
[22:32:14.234] [bmv2] [D] [thread 6423] [175.0] [cxt 0] Extracting header 'vlan'
[22:32:14.234] [bmv2] [D] [thread 6423] [175.0] [cxt 0] Parser state 'parse_vlan': key is 0800
[22:32:14.234] [bmv2] [T] [thread 6423] [175.0] [cxt 0] Bytes parsed: 18
[22:32:14.234] [bmv2] [D] [thread 6423] [175.0] [cxt 0] Parser 'parser' entering state 'parse_ipv4'
[22:32:14.234] [bmv2] [D] [thread 6423] [175.0] [cxt 0] Extracting header 'ipv4'
[22:32:14.234] [bmv2] [D] [thread 6423] [175.0] [cxt 0] Parser set: setting field 'scalars.tmp' from expression, new value is 1
[22:32:14.234] [bmv2] [D] [thread 6423] [175.0] [cxt 0] Parser state 'parse_ipv4': key is 05
[22:32:14.234] [bmv2] [T] [thread 6423] [175.0] [cxt 0] Bytes parsed: 38
[22:32:14.234] [bmv2] [D] [thread 6423] [175.0] [cxt 0] Parser 'parser': end
[22:32:14.234] [bmv2] [D] [thread 6423] [175.0] [cxt 0] Pipeline 'ingress': start
[22:32:14.234] [bmv2] [T] [thread 6423] [175.0] [cxt 0] qos.p4(197) Condition "hdr.ipv4.isValid()" (node_2) is true
[22:32:14.234] [bmv2] [T] [thread 6423] [175.0] [cxt 0] qos.p4(198) Condition "hdr.ipv4_option.isValid()" (node_3) is false
[22:32:14.234] [bmv2] [T] [thread 6423] [175.0] [cxt 0] Applying table 'MyIngress.ipv4_lpm'
[22:32:14.234] [bmv2] [D] [thread 6423] [175.0] [cxt 0] Looking up key:
* hdr.ipv4.dstAddr    : 0a000202

[22:32:14.234] [bmv2] [D] [thread 6423] [175.0] [cxt 0] Table 'MyIngress.ipv4_lpm': hit with handle 0
[22:32:14.235] [bmv2] [D] [thread 6423] [175.0] [cxt 0] Dumping entry 0
Match key:
* hdr.ipv4.dstAddr    : LPM       0a000202/32
Action entry: MyIngress.ipv4_forward - 80000000202,2,

[22:32:14.235] [bmv2] [D] [thread 6423] [175.0] [cxt 0] Action entry is MyIngress.ipv4_forward - 80000000202,2,
[22:32:14.235] [bmv2] [T] [thread 6423] [175.0] [cxt 0] Action MyIngress.ipv4_forward
[22:32:14.235] [bmv2] [T] [thread 6423] [175.0] [cxt 0] qos.p4(175) Primitive standard_metadata.egress_spec = port
[22:32:14.235] [bmv2] [T] [thread 6423] [175.0] [cxt 0] qos.p4(176) Primitive hdr.ethernet.srcAddr = hdr.ethernet.dstAddr
[22:32:14.235] [bmv2] [T] [thread 6423] [175.0] [cxt 0] qos.p4(177) Primitive hdr.ethernet.dstAddr = dstAddr
[22:32:14.235] [bmv2] [T] [thread 6423] [175.0] [cxt 0] qos.p4(178) Primitive hdr.ipv4.ttl = hdr.ipv4.ttl - 1
[22:32:14.235] [bmv2] [D] [thread 6423] [175.0] [cxt 0] Pipeline 'ingress': end
[22:32:14.235] [bmv2] [D] [thread 6423] [175.0] [cxt 0] Egress port is 2
[22:32:14.235] [bmv2] [D] [thread 6426] [175.0] [cxt 0] Pipeline 'egress': start
[22:32:14.235] [bmv2] [D] [thread 6426] [175.0] [cxt 0] Pipeline 'egress': end
[22:32:14.235] [bmv2] [D] [thread 6426] [175.0] [cxt 0] Deparser 'deparser': start
[22:32:14.235] [bmv2] [D] [thread 6426] [175.0] [cxt 0] Updating checksum 'cksum'
[22:32:14.235] [bmv2] [D] [thread 6426] [175.0] [cxt 0] Deparsing header 'ethernet'
[22:32:14.235] [bmv2] [D] [thread 6426] [175.0] [cxt 0] Deparsing header 'vlan'
[22:32:14.235] [bmv2] [D] [thread 6426] [175.0] [cxt 0] Deparsing header 'ipv4'
[22:32:14.235] [bmv2] [D] [thread 6426] [175.0] [cxt 0] Deparser 'deparser': end
[22:32:14.235] [bmv2] [D] [thread 6428] [175.0] [cxt 0] Transmitting packet of size 558 out of port 2
[22:32:14.358] [bmv2] [D] [thread 6423] [176.0] [cxt 0] Processing packet received on port 3
[22:32:14.358] [bmv2] [D] [thread 6423] [176.0] [cxt 0] Parser 'parser': start
[22:32:14.358] [bmv2] [D] [thread 6423] [176.0] [cxt 0] Parser 'parser' entering state 'start'
[22:32:14.358] [bmv2] [D] [thread 6423] [176.0] [cxt 0] Extracting header 'ethernet'
[22:32:14.358] [bmv2] [D] [thread 6423] [176.0] [cxt 0] Parser state 'start': key is 8100
[22:32:14.358] [bmv2] [T] [thread 6423] [176.0] [cxt 0] Bytes parsed: 14
[22:32:14.358] [bmv2] [D] [thread 6423] [176.0] [cxt 0] Parser 'parser' entering state 'parse_vlan'
[22:32:14.358] [bmv2] [D] [thread 6423] [176.0] [cxt 0] Extracting header 'vlan'
[22:32:14.359] [bmv2] [D] [thread 6423] [176.0] [cxt 0] Parser state 'parse_vlan': key is 0800
[22:32:14.359] [bmv2] [T] [thread 6423] [176.0] [cxt 0] Bytes parsed: 18
[22:32:14.359] [bmv2] [D] [thread 6423] [176.0] [cxt 0] Parser 'parser' entering state 'parse_ipv4'
[22:32:14.359] [bmv2] [D] [thread 6423] [176.0] [cxt 0] Extracting header 'ipv4'
[22:32:14.359] [bmv2] [D] [thread 6423] [176.0] [cxt 0] Parser set: setting field 'scalars.tmp' from expression, new value is 1
[22:32:14.359] [bmv2] [D] [thread 6423] [176.0] [cxt 0] Parser state 'parse_ipv4': key is 05
[22:32:14.359] [bmv2] [T] [thread 6423] [176.0] [cxt 0] Bytes parsed: 38
[22:32:14.359] [bmv2] [D] [thread 6423] [176.0] [cxt 0] Parser 'parser': end
[22:32:14.359] [bmv2] [D] [thread 6423] [176.0] [cxt 0] Pipeline 'ingress': start
[22:32:14.359] [bmv2] [T] [thread 6423] [176.0] [cxt 0] qos.p4(197) Condition "hdr.ipv4.isValid()" (node_2) is true
[22:32:14.359] [bmv2] [T] [thread 6423] [176.0] [cxt 0] qos.p4(198) Condition "hdr.ipv4_option.isValid()" (node_3) is false
[22:32:14.359] [bmv2] [T] [thread 6423] [176.0] [cxt 0] Applying table 'MyIngress.ipv4_lpm'
[22:32:14.359] [bmv2] [D] [thread 6423] [176.0] [cxt 0] Looking up key:
* hdr.ipv4.dstAddr    : 0a000202

[22:32:14.359] [bmv2] [D] [thread 6423] [176.0] [cxt 0] Table 'MyIngress.ipv4_lpm': hit with handle 0
[22:32:14.359] [bmv2] [D] [thread 6423] [176.0] [cxt 0] Dumping entry 0
Match key:
* hdr.ipv4.dstAddr    : LPM       0a000202/32
Action entry: MyIngress.ipv4_forward - 80000000202,2,

[22:32:14.359] [bmv2] [D] [thread 6423] [176.0] [cxt 0] Action entry is MyIngress.ipv4_forward - 80000000202,2,
[22:32:14.359] [bmv2] [T] [thread 6423] [176.0] [cxt 0] Action MyIngress.ipv4_forward
[22:32:14.359] [bmv2] [T] [thread 6423] [176.0] [cxt 0] qos.p4(175) Primitive standard_metadata.egress_spec = port
[22:32:14.359] [bmv2] [T] [thread 6423] [176.0] [cxt 0] qos.p4(176) Primitive hdr.ethernet.srcAddr = hdr.ethernet.dstAddr
[22:32:14.359] [bmv2] [T] [thread 6423] [176.0] [cxt 0] qos.p4(177) Primitive hdr.ethernet.dstAddr = dstAddr
[22:32:14.359] [bmv2] [T] [thread 6423] [176.0] [cxt 0] qos.p4(178) Primitive hdr.ipv4.ttl = hdr.ipv4.ttl - 1
[22:32:14.359] [bmv2] [D] [thread 6423] [176.0] [cxt 0] Pipeline 'ingress': end
[22:32:14.359] [bmv2] [D] [thread 6423] [176.0] [cxt 0] Egress port is 2
[22:32:14.359] [bmv2] [D] [thread 6426] [176.0] [cxt 0] Pipeline 'egress': start
[22:32:14.359] [bmv2] [D] [thread 6426] [176.0] [cxt 0] Pipeline 'egress': end
[22:32:14.360] [bmv2] [D] [thread 6426] [176.0] [cxt 0] Deparser 'deparser': start
[22:32:14.360] [bmv2] [D] [thread 6426] [176.0] [cxt 0] Updating checksum 'cksum'
[22:32:14.360] [bmv2] [D] [thread 6426] [176.0] [cxt 0] Deparsing header 'ethernet'
[22:32:14.360] [bmv2] [D] [thread 6426] [176.0] [cxt 0] Deparsing header 'vlan'
[22:32:14.360] [bmv2] [D] [thread 6426] [176.0] [cxt 0] Deparsing header 'ipv4'
[22:32:14.360] [bmv2] [D] [thread 6426] [176.0] [cxt 0] Deparser 'deparser': end
[22:32:14.360] [bmv2] [D] [thread 6428] [176.0] [cxt 0] Transmitting packet of size 558 out of port 2
[22:32:14.490] [bmv2] [D] [thread 6423] [177.0] [cxt 0] Processing packet received on port 3
[22:32:14.490] [bmv2] [D] [thread 6423] [177.0] [cxt 0] Parser 'parser': start
[22:32:14.490] [bmv2] [D] [thread 6423] [177.0] [cxt 0] Parser 'parser' entering state 'start'
[22:32:14.490] [bmv2] [D] [thread 6423] [177.0] [cxt 0] Extracting header 'ethernet'
[22:32:14.490] [bmv2] [D] [thread 6423] [177.0] [cxt 0] Parser state 'start': key is 8100
[22:32:14.490] [bmv2] [T] [thread 6423] [177.0] [cxt 0] Bytes parsed: 14
[22:32:14.490] [bmv2] [D] [thread 6423] [177.0] [cxt 0] Parser 'parser' entering state 'parse_vlan'
[22:32:14.490] [bmv2] [D] [thread 6423] [177.0] [cxt 0] Extracting header 'vlan'
[22:32:14.490] [bmv2] [D] [thread 6423] [177.0] [cxt 0] Parser state 'parse_vlan': key is 0800
[22:32:14.490] [bmv2] [T] [thread 6423] [177.0] [cxt 0] Bytes parsed: 18
[22:32:14.490] [bmv2] [D] [thread 6423] [177.0] [cxt 0] Parser 'parser' entering state 'parse_ipv4'
[22:32:14.490] [bmv2] [D] [thread 6423] [177.0] [cxt 0] Extracting header 'ipv4'
[22:32:14.490] [bmv2] [D] [thread 6423] [177.0] [cxt 0] Parser set: setting field 'scalars.tmp' from expression, new value is 1
[22:32:14.490] [bmv2] [D] [thread 6423] [177.0] [cxt 0] Parser state 'parse_ipv4': key is 05
[22:32:14.490] [bmv2] [T] [thread 6423] [177.0] [cxt 0] Bytes parsed: 38
[22:32:14.490] [bmv2] [D] [thread 6423] [177.0] [cxt 0] Parser 'parser': end
[22:32:14.490] [bmv2] [D] [thread 6423] [177.0] [cxt 0] Pipeline 'ingress': start
[22:32:14.490] [bmv2] [T] [thread 6423] [177.0] [cxt 0] qos.p4(197) Condition "hdr.ipv4.isValid()" (node_2) is true
[22:32:14.490] [bmv2] [T] [thread 6423] [177.0] [cxt 0] qos.p4(198) Condition "hdr.ipv4_option.isValid()" (node_3) is false
[22:32:14.491] [bmv2] [T] [thread 6423] [177.0] [cxt 0] Applying table 'MyIngress.ipv4_lpm'
[22:32:14.491] [bmv2] [D] [thread 6423] [177.0] [cxt 0] Looking up key:
* hdr.ipv4.dstAddr    : 0a000202

[22:32:14.491] [bmv2] [D] [thread 6423] [177.0] [cxt 0] Table 'MyIngress.ipv4_lpm': hit with handle 0
[22:32:14.491] [bmv2] [D] [thread 6423] [177.0] [cxt 0] Dumping entry 0
Match key:
* hdr.ipv4.dstAddr    : LPM       0a000202/32
Action entry: MyIngress.ipv4_forward - 80000000202,2,

[22:32:14.491] [bmv2] [D] [thread 6423] [177.0] [cxt 0] Action entry is MyIngress.ipv4_forward - 80000000202,2,
[22:32:14.491] [bmv2] [T] [thread 6423] [177.0] [cxt 0] Action MyIngress.ipv4_forward
[22:32:14.491] [bmv2] [T] [thread 6423] [177.0] [cxt 0] qos.p4(175) Primitive standard_metadata.egress_spec = port
[22:32:14.491] [bmv2] [T] [thread 6423] [177.0] [cxt 0] qos.p4(176) Primitive hdr.ethernet.srcAddr = hdr.ethernet.dstAddr
[22:32:14.491] [bmv2] [T] [thread 6423] [177.0] [cxt 0] qos.p4(177) Primitive hdr.ethernet.dstAddr = dstAddr
[22:32:14.491] [bmv2] [T] [thread 6423] [177.0] [cxt 0] qos.p4(178) Primitive hdr.ipv4.ttl = hdr.ipv4.ttl - 1
[22:32:14.491] [bmv2] [D] [thread 6423] [177.0] [cxt 0] Pipeline 'ingress': end
[22:32:14.491] [bmv2] [D] [thread 6423] [177.0] [cxt 0] Egress port is 2
[22:32:14.491] [bmv2] [D] [thread 6426] [177.0] [cxt 0] Pipeline 'egress': start
[22:32:14.491] [bmv2] [D] [thread 6426] [177.0] [cxt 0] Pipeline 'egress': end
[22:32:14.491] [bmv2] [D] [thread 6426] [177.0] [cxt 0] Deparser 'deparser': start
[22:32:14.491] [bmv2] [D] [thread 6426] [177.0] [cxt 0] Updating checksum 'cksum'
[22:32:14.491] [bmv2] [D] [thread 6426] [177.0] [cxt 0] Deparsing header 'ethernet'
[22:32:14.491] [bmv2] [D] [thread 6426] [177.0] [cxt 0] Deparsing header 'vlan'
[22:32:14.491] [bmv2] [D] [thread 6426] [177.0] [cxt 0] Deparsing header 'ipv4'
[22:32:14.491] [bmv2] [D] [thread 6426] [177.0] [cxt 0] Deparser 'deparser': end
[22:32:14.491] [bmv2] [D] [thread 6428] [177.0] [cxt 0] Transmitting packet of size 558 out of port 2
[22:32:14.619] [bmv2] [D] [thread 6423] [178.0] [cxt 0] Processing packet received on port 3
[22:32:14.619] [bmv2] [D] [thread 6423] [178.0] [cxt 0] Parser 'parser': start
[22:32:14.619] [bmv2] [D] [thread 6423] [178.0] [cxt 0] Parser 'parser' entering state 'start'
[22:32:14.619] [bmv2] [D] [thread 6423] [178.0] [cxt 0] Extracting header 'ethernet'
[22:32:14.619] [bmv2] [D] [thread 6423] [178.0] [cxt 0] Parser state 'start': key is 8100
[22:32:14.619] [bmv2] [T] [thread 6423] [178.0] [cxt 0] Bytes parsed: 14
[22:32:14.619] [bmv2] [D] [thread 6423] [178.0] [cxt 0] Parser 'parser' entering state 'parse_vlan'
[22:32:14.619] [bmv2] [D] [thread 6423] [178.0] [cxt 0] Extracting header 'vlan'
[22:32:14.619] [bmv2] [D] [thread 6423] [178.0] [cxt 0] Parser state 'parse_vlan': key is 0800
[22:32:14.619] [bmv2] [T] [thread 6423] [178.0] [cxt 0] Bytes parsed: 18
[22:32:14.619] [bmv2] [D] [thread 6423] [178.0] [cxt 0] Parser 'parser' entering state 'parse_ipv4'
[22:32:14.619] [bmv2] [D] [thread 6423] [178.0] [cxt 0] Extracting header 'ipv4'
[22:32:14.619] [bmv2] [D] [thread 6423] [178.0] [cxt 0] Parser set: setting field 'scalars.tmp' from expression, new value is 1
[22:32:14.619] [bmv2] [D] [thread 6423] [178.0] [cxt 0] Parser state 'parse_ipv4': key is 05
[22:32:14.619] [bmv2] [T] [thread 6423] [178.0] [cxt 0] Bytes parsed: 38
[22:32:14.619] [bmv2] [D] [thread 6423] [178.0] [cxt 0] Parser 'parser': end
[22:32:14.619] [bmv2] [D] [thread 6423] [178.0] [cxt 0] Pipeline 'ingress': start
[22:32:14.619] [bmv2] [T] [thread 6423] [178.0] [cxt 0] qos.p4(197) Condition "hdr.ipv4.isValid()" (node_2) is true
[22:32:14.619] [bmv2] [T] [thread 6423] [178.0] [cxt 0] qos.p4(198) Condition "hdr.ipv4_option.isValid()" (node_3) is false
[22:32:14.619] [bmv2] [T] [thread 6423] [178.0] [cxt 0] Applying table 'MyIngress.ipv4_lpm'
[22:32:14.619] [bmv2] [D] [thread 6423] [178.0] [cxt 0] Looking up key:
* hdr.ipv4.dstAddr    : 0a000202

[22:32:14.619] [bmv2] [D] [thread 6423] [178.0] [cxt 0] Table 'MyIngress.ipv4_lpm': hit with handle 0
[22:32:14.619] [bmv2] [D] [thread 6423] [178.0] [cxt 0] Dumping entry 0
Match key:
* hdr.ipv4.dstAddr    : LPM       0a000202/32
Action entry: MyIngress.ipv4_forward - 80000000202,2,

[22:32:14.619] [bmv2] [D] [thread 6423] [178.0] [cxt 0] Action entry is MyIngress.ipv4_forward - 80000000202,2,
[22:32:14.620] [bmv2] [T] [thread 6423] [178.0] [cxt 0] Action MyIngress.ipv4_forward
[22:32:14.620] [bmv2] [T] [thread 6423] [178.0] [cxt 0] qos.p4(175) Primitive standard_metadata.egress_spec = port
[22:32:14.620] [bmv2] [T] [thread 6423] [178.0] [cxt 0] qos.p4(176) Primitive hdr.ethernet.srcAddr = hdr.ethernet.dstAddr
[22:32:14.620] [bmv2] [T] [thread 6423] [178.0] [cxt 0] qos.p4(177) Primitive hdr.ethernet.dstAddr = dstAddr
[22:32:14.620] [bmv2] [T] [thread 6423] [178.0] [cxt 0] qos.p4(178) Primitive hdr.ipv4.ttl = hdr.ipv4.ttl - 1
[22:32:14.620] [bmv2] [D] [thread 6423] [178.0] [cxt 0] Pipeline 'ingress': end
[22:32:14.620] [bmv2] [D] [thread 6423] [178.0] [cxt 0] Egress port is 2
[22:32:14.620] [bmv2] [D] [thread 6426] [178.0] [cxt 0] Pipeline 'egress': start
[22:32:14.620] [bmv2] [D] [thread 6426] [178.0] [cxt 0] Pipeline 'egress': end
[22:32:14.620] [bmv2] [D] [thread 6426] [178.0] [cxt 0] Deparser 'deparser': start
[22:32:14.620] [bmv2] [D] [thread 6426] [178.0] [cxt 0] Updating checksum 'cksum'
[22:32:14.620] [bmv2] [D] [thread 6426] [178.0] [cxt 0] Deparsing header 'ethernet'
[22:32:14.620] [bmv2] [D] [thread 6426] [178.0] [cxt 0] Deparsing header 'vlan'
[22:32:14.620] [bmv2] [D] [thread 6426] [178.0] [cxt 0] Deparsing header 'ipv4'
[22:32:14.620] [bmv2] [D] [thread 6426] [178.0] [cxt 0] Deparser 'deparser': end
[22:32:14.620] [bmv2] [D] [thread 6428] [178.0] [cxt 0] Transmitting packet of size 558 out of port 2
[22:32:14.744] [bmv2] [D] [thread 6423] [179.0] [cxt 0] Processing packet received on port 3
[22:32:14.744] [bmv2] [D] [thread 6423] [179.0] [cxt 0] Parser 'parser': start
[22:32:14.744] [bmv2] [D] [thread 6423] [179.0] [cxt 0] Parser 'parser' entering state 'start'
[22:32:14.744] [bmv2] [D] [thread 6423] [179.0] [cxt 0] Extracting header 'ethernet'
[22:32:14.744] [bmv2] [D] [thread 6423] [179.0] [cxt 0] Parser state 'start': key is 8100
[22:32:14.744] [bmv2] [T] [thread 6423] [179.0] [cxt 0] Bytes parsed: 14
[22:32:14.744] [bmv2] [D] [thread 6423] [179.0] [cxt 0] Parser 'parser' entering state 'parse_vlan'
[22:32:14.744] [bmv2] [D] [thread 6423] [179.0] [cxt 0] Extracting header 'vlan'
[22:32:14.744] [bmv2] [D] [thread 6423] [179.0] [cxt 0] Parser state 'parse_vlan': key is 0800
[22:32:14.744] [bmv2] [T] [thread 6423] [179.0] [cxt 0] Bytes parsed: 18
[22:32:14.744] [bmv2] [D] [thread 6423] [179.0] [cxt 0] Parser 'parser' entering state 'parse_ipv4'
[22:32:14.744] [bmv2] [D] [thread 6423] [179.0] [cxt 0] Extracting header 'ipv4'
[22:32:14.744] [bmv2] [D] [thread 6423] [179.0] [cxt 0] Parser set: setting field 'scalars.tmp' from expression, new value is 1
[22:32:14.744] [bmv2] [D] [thread 6423] [179.0] [cxt 0] Parser state 'parse_ipv4': key is 05
[22:32:14.744] [bmv2] [T] [thread 6423] [179.0] [cxt 0] Bytes parsed: 38
[22:32:14.744] [bmv2] [D] [thread 6423] [179.0] [cxt 0] Parser 'parser': end
[22:32:14.744] [bmv2] [D] [thread 6423] [179.0] [cxt 0] Pipeline 'ingress': start
[22:32:14.744] [bmv2] [T] [thread 6423] [179.0] [cxt 0] qos.p4(197) Condition "hdr.ipv4.isValid()" (node_2) is true
[22:32:14.744] [bmv2] [T] [thread 6423] [179.0] [cxt 0] qos.p4(198) Condition "hdr.ipv4_option.isValid()" (node_3) is false
[22:32:14.744] [bmv2] [T] [thread 6423] [179.0] [cxt 0] Applying table 'MyIngress.ipv4_lpm'
[22:32:14.744] [bmv2] [D] [thread 6423] [179.0] [cxt 0] Looking up key:
* hdr.ipv4.dstAddr    : 0a000202

[22:32:14.744] [bmv2] [D] [thread 6423] [179.0] [cxt 0] Table 'MyIngress.ipv4_lpm': hit with handle 0
[22:32:14.744] [bmv2] [D] [thread 6423] [179.0] [cxt 0] Dumping entry 0
Match key:
* hdr.ipv4.dstAddr    : LPM       0a000202/32
Action entry: MyIngress.ipv4_forward - 80000000202,2,

[22:32:14.744] [bmv2] [D] [thread 6423] [179.0] [cxt 0] Action entry is MyIngress.ipv4_forward - 80000000202,2,
[22:32:14.744] [bmv2] [T] [thread 6423] [179.0] [cxt 0] Action MyIngress.ipv4_forward
[22:32:14.744] [bmv2] [T] [thread 6423] [179.0] [cxt 0] qos.p4(175) Primitive standard_metadata.egress_spec = port
[22:32:14.745] [bmv2] [T] [thread 6423] [179.0] [cxt 0] qos.p4(176) Primitive hdr.ethernet.srcAddr = hdr.ethernet.dstAddr
[22:32:14.745] [bmv2] [T] [thread 6423] [179.0] [cxt 0] qos.p4(177) Primitive hdr.ethernet.dstAddr = dstAddr
[22:32:14.745] [bmv2] [T] [thread 6423] [179.0] [cxt 0] qos.p4(178) Primitive hdr.ipv4.ttl = hdr.ipv4.ttl - 1
[22:32:14.745] [bmv2] [D] [thread 6423] [179.0] [cxt 0] Pipeline 'ingress': end
[22:32:14.745] [bmv2] [D] [thread 6423] [179.0] [cxt 0] Egress port is 2
[22:32:14.745] [bmv2] [D] [thread 6426] [179.0] [cxt 0] Pipeline 'egress': start
[22:32:14.745] [bmv2] [D] [thread 6426] [179.0] [cxt 0] Pipeline 'egress': end
[22:32:14.745] [bmv2] [D] [thread 6426] [179.0] [cxt 0] Deparser 'deparser': start
[22:32:14.745] [bmv2] [D] [thread 6426] [179.0] [cxt 0] Updating checksum 'cksum'
[22:32:14.745] [bmv2] [D] [thread 6426] [179.0] [cxt 0] Deparsing header 'ethernet'
[22:32:14.745] [bmv2] [D] [thread 6426] [179.0] [cxt 0] Deparsing header 'vlan'
[22:32:14.745] [bmv2] [D] [thread 6426] [179.0] [cxt 0] Deparsing header 'ipv4'
[22:32:14.745] [bmv2] [D] [thread 6426] [179.0] [cxt 0] Deparser 'deparser': end
[22:32:14.745] [bmv2] [D] [thread 6428] [179.0] [cxt 0] Transmitting packet of size 558 out of port 2
[22:32:14.868] [bmv2] [D] [thread 6423] [180.0] [cxt 0] Processing packet received on port 3
[22:32:14.868] [bmv2] [D] [thread 6423] [180.0] [cxt 0] Parser 'parser': start
[22:32:14.868] [bmv2] [D] [thread 6423] [180.0] [cxt 0] Parser 'parser' entering state 'start'
[22:32:14.868] [bmv2] [D] [thread 6423] [180.0] [cxt 0] Extracting header 'ethernet'
[22:32:14.868] [bmv2] [D] [thread 6423] [180.0] [cxt 0] Parser state 'start': key is 8100
[22:32:14.868] [bmv2] [T] [thread 6423] [180.0] [cxt 0] Bytes parsed: 14
[22:32:14.868] [bmv2] [D] [thread 6423] [180.0] [cxt 0] Parser 'parser' entering state 'parse_vlan'
[22:32:14.868] [bmv2] [D] [thread 6423] [180.0] [cxt 0] Extracting header 'vlan'
[22:32:14.868] [bmv2] [D] [thread 6423] [180.0] [cxt 0] Parser state 'parse_vlan': key is 0800
[22:32:14.868] [bmv2] [T] [thread 6423] [180.0] [cxt 0] Bytes parsed: 18
[22:32:14.868] [bmv2] [D] [thread 6423] [180.0] [cxt 0] Parser 'parser' entering state 'parse_ipv4'
[22:32:14.868] [bmv2] [D] [thread 6423] [180.0] [cxt 0] Extracting header 'ipv4'
[22:32:14.868] [bmv2] [D] [thread 6423] [180.0] [cxt 0] Parser set: setting field 'scalars.tmp' from expression, new value is 1
[22:32:14.868] [bmv2] [D] [thread 6423] [180.0] [cxt 0] Parser state 'parse_ipv4': key is 05
[22:32:14.869] [bmv2] [T] [thread 6423] [180.0] [cxt 0] Bytes parsed: 38
[22:32:14.869] [bmv2] [D] [thread 6423] [180.0] [cxt 0] Parser 'parser': end
[22:32:14.869] [bmv2] [D] [thread 6423] [180.0] [cxt 0] Pipeline 'ingress': start
[22:32:14.869] [bmv2] [T] [thread 6423] [180.0] [cxt 0] qos.p4(197) Condition "hdr.ipv4.isValid()" (node_2) is true
[22:32:14.869] [bmv2] [T] [thread 6423] [180.0] [cxt 0] qos.p4(198) Condition "hdr.ipv4_option.isValid()" (node_3) is false
[22:32:14.869] [bmv2] [T] [thread 6423] [180.0] [cxt 0] Applying table 'MyIngress.ipv4_lpm'
[22:32:14.869] [bmv2] [D] [thread 6423] [180.0] [cxt 0] Looking up key:
* hdr.ipv4.dstAddr    : 0a000202

[22:32:14.869] [bmv2] [D] [thread 6423] [180.0] [cxt 0] Table 'MyIngress.ipv4_lpm': hit with handle 0
[22:32:14.869] [bmv2] [D] [thread 6423] [180.0] [cxt 0] Dumping entry 0
Match key:
* hdr.ipv4.dstAddr    : LPM       0a000202/32
Action entry: MyIngress.ipv4_forward - 80000000202,2,

[22:32:14.869] [bmv2] [D] [thread 6423] [180.0] [cxt 0] Action entry is MyIngress.ipv4_forward - 80000000202,2,
[22:32:14.869] [bmv2] [T] [thread 6423] [180.0] [cxt 0] Action MyIngress.ipv4_forward
[22:32:14.869] [bmv2] [T] [thread 6423] [180.0] [cxt 0] qos.p4(175) Primitive standard_metadata.egress_spec = port
[22:32:14.869] [bmv2] [T] [thread 6423] [180.0] [cxt 0] qos.p4(176) Primitive hdr.ethernet.srcAddr = hdr.ethernet.dstAddr
[22:32:14.869] [bmv2] [T] [thread 6423] [180.0] [cxt 0] qos.p4(177) Primitive hdr.ethernet.dstAddr = dstAddr
[22:32:14.869] [bmv2] [T] [thread 6423] [180.0] [cxt 0] qos.p4(178) Primitive hdr.ipv4.ttl = hdr.ipv4.ttl - 1
[22:32:14.869] [bmv2] [D] [thread 6423] [180.0] [cxt 0] Pipeline 'ingress': end
[22:32:14.869] [bmv2] [D] [thread 6423] [180.0] [cxt 0] Egress port is 2
[22:32:14.869] [bmv2] [D] [thread 6426] [180.0] [cxt 0] Pipeline 'egress': start
[22:32:14.869] [bmv2] [D] [thread 6426] [180.0] [cxt 0] Pipeline 'egress': end
[22:32:14.869] [bmv2] [D] [thread 6426] [180.0] [cxt 0] Deparser 'deparser': start
[22:32:14.869] [bmv2] [D] [thread 6426] [180.0] [cxt 0] Updating checksum 'cksum'
[22:32:14.869] [bmv2] [D] [thread 6426] [180.0] [cxt 0] Deparsing header 'ethernet'
[22:32:14.869] [bmv2] [D] [thread 6426] [180.0] [cxt 0] Deparsing header 'vlan'
[22:32:14.869] [bmv2] [D] [thread 6426] [180.0] [cxt 0] Deparsing header 'ipv4'
[22:32:14.869] [bmv2] [D] [thread 6426] [180.0] [cxt 0] Deparser 'deparser': end
[22:32:14.869] [bmv2] [D] [thread 6428] [180.0] [cxt 0] Transmitting packet of size 558 out of port 2
[22:32:14.997] [bmv2] [D] [thread 6423] [181.0] [cxt 0] Processing packet received on port 3
[22:32:14.997] [bmv2] [D] [thread 6423] [181.0] [cxt 0] Parser 'parser': start
[22:32:14.997] [bmv2] [D] [thread 6423] [181.0] [cxt 0] Parser 'parser' entering state 'start'
[22:32:14.997] [bmv2] [D] [thread 6423] [181.0] [cxt 0] Extracting header 'ethernet'
[22:32:14.997] [bmv2] [D] [thread 6423] [181.0] [cxt 0] Parser state 'start': key is 8100
[22:32:14.997] [bmv2] [T] [thread 6423] [181.0] [cxt 0] Bytes parsed: 14
[22:32:14.997] [bmv2] [D] [thread 6423] [181.0] [cxt 0] Parser 'parser' entering state 'parse_vlan'
[22:32:14.997] [bmv2] [D] [thread 6423] [181.0] [cxt 0] Extracting header 'vlan'
[22:32:14.997] [bmv2] [D] [thread 6423] [181.0] [cxt 0] Parser state 'parse_vlan': key is 0800
[22:32:14.997] [bmv2] [T] [thread 6423] [181.0] [cxt 0] Bytes parsed: 18
[22:32:14.997] [bmv2] [D] [thread 6423] [181.0] [cxt 0] Parser 'parser' entering state 'parse_ipv4'
[22:32:14.997] [bmv2] [D] [thread 6423] [181.0] [cxt 0] Extracting header 'ipv4'
[22:32:14.997] [bmv2] [D] [thread 6423] [181.0] [cxt 0] Parser set: setting field 'scalars.tmp' from expression, new value is 1
[22:32:14.997] [bmv2] [D] [thread 6423] [181.0] [cxt 0] Parser state 'parse_ipv4': key is 05
[22:32:14.997] [bmv2] [T] [thread 6423] [181.0] [cxt 0] Bytes parsed: 38
[22:32:14.997] [bmv2] [D] [thread 6423] [181.0] [cxt 0] Parser 'parser': end
[22:32:14.997] [bmv2] [D] [thread 6423] [181.0] [cxt 0] Pipeline 'ingress': start
[22:32:14.997] [bmv2] [T] [thread 6423] [181.0] [cxt 0] qos.p4(197) Condition "hdr.ipv4.isValid()" (node_2) is true
[22:32:14.997] [bmv2] [T] [thread 6423] [181.0] [cxt 0] qos.p4(198) Condition "hdr.ipv4_option.isValid()" (node_3) is false
[22:32:14.997] [bmv2] [T] [thread 6423] [181.0] [cxt 0] Applying table 'MyIngress.ipv4_lpm'
[22:32:14.997] [bmv2] [D] [thread 6423] [181.0] [cxt 0] Looking up key:
* hdr.ipv4.dstAddr    : 0a000202

[22:32:14.997] [bmv2] [D] [thread 6423] [181.0] [cxt 0] Table 'MyIngress.ipv4_lpm': hit with handle 0
[22:32:14.997] [bmv2] [D] [thread 6423] [181.0] [cxt 0] Dumping entry 0
Match key:
* hdr.ipv4.dstAddr    : LPM       0a000202/32
Action entry: MyIngress.ipv4_forward - 80000000202,2,

[22:32:14.998] [bmv2] [D] [thread 6423] [181.0] [cxt 0] Action entry is MyIngress.ipv4_forward - 80000000202,2,
[22:32:14.998] [bmv2] [T] [thread 6423] [181.0] [cxt 0] Action MyIngress.ipv4_forward
[22:32:14.998] [bmv2] [T] [thread 6423] [181.0] [cxt 0] qos.p4(175) Primitive standard_metadata.egress_spec = port
[22:32:14.998] [bmv2] [T] [thread 6423] [181.0] [cxt 0] qos.p4(176) Primitive hdr.ethernet.srcAddr = hdr.ethernet.dstAddr
[22:32:14.998] [bmv2] [T] [thread 6423] [181.0] [cxt 0] qos.p4(177) Primitive hdr.ethernet.dstAddr = dstAddr
[22:32:14.998] [bmv2] [T] [thread 6423] [181.0] [cxt 0] qos.p4(178) Primitive hdr.ipv4.ttl = hdr.ipv4.ttl - 1
[22:32:14.998] [bmv2] [D] [thread 6423] [181.0] [cxt 0] Pipeline 'ingress': end
[22:32:14.998] [bmv2] [D] [thread 6423] [181.0] [cxt 0] Egress port is 2
[22:32:14.998] [bmv2] [D] [thread 6426] [181.0] [cxt 0] Pipeline 'egress': start
[22:32:14.998] [bmv2] [D] [thread 6426] [181.0] [cxt 0] Pipeline 'egress': end
[22:32:14.998] [bmv2] [D] [thread 6426] [181.0] [cxt 0] Deparser 'deparser': start
[22:32:14.998] [bmv2] [D] [thread 6426] [181.0] [cxt 0] Updating checksum 'cksum'
[22:32:14.998] [bmv2] [D] [thread 6426] [181.0] [cxt 0] Deparsing header 'ethernet'
[22:32:14.998] [bmv2] [D] [thread 6426] [181.0] [cxt 0] Deparsing header 'vlan'
[22:32:14.998] [bmv2] [D] [thread 6426] [181.0] [cxt 0] Deparsing header 'ipv4'
[22:32:14.998] [bmv2] [D] [thread 6426] [181.0] [cxt 0] Deparser 'deparser': end
[22:32:14.998] [bmv2] [D] [thread 6428] [181.0] [cxt 0] Transmitting packet of size 558 out of port 2
[22:32:15.124] [bmv2] [D] [thread 6423] [182.0] [cxt 0] Processing packet received on port 3
[22:32:15.124] [bmv2] [D] [thread 6423] [182.0] [cxt 0] Parser 'parser': start
[22:32:15.124] [bmv2] [D] [thread 6423] [182.0] [cxt 0] Parser 'parser' entering state 'start'
[22:32:15.125] [bmv2] [D] [thread 6423] [182.0] [cxt 0] Extracting header 'ethernet'
[22:32:15.125] [bmv2] [D] [thread 6423] [182.0] [cxt 0] Parser state 'start': key is 8100
[22:32:15.125] [bmv2] [T] [thread 6423] [182.0] [cxt 0] Bytes parsed: 14
[22:32:15.125] [bmv2] [D] [thread 6423] [182.0] [cxt 0] Parser 'parser' entering state 'parse_vlan'
[22:32:15.125] [bmv2] [D] [thread 6423] [182.0] [cxt 0] Extracting header 'vlan'
[22:32:15.125] [bmv2] [D] [thread 6423] [182.0] [cxt 0] Parser state 'parse_vlan': key is 0800
[22:32:15.125] [bmv2] [T] [thread 6423] [182.0] [cxt 0] Bytes parsed: 18
[22:32:15.125] [bmv2] [D] [thread 6423] [182.0] [cxt 0] Parser 'parser' entering state 'parse_ipv4'
[22:32:15.125] [bmv2] [D] [thread 6423] [182.0] [cxt 0] Extracting header 'ipv4'
[22:32:15.125] [bmv2] [D] [thread 6423] [182.0] [cxt 0] Parser set: setting field 'scalars.tmp' from expression, new value is 1
[22:32:15.125] [bmv2] [D] [thread 6423] [182.0] [cxt 0] Parser state 'parse_ipv4': key is 05
[22:32:15.125] [bmv2] [T] [thread 6423] [182.0] [cxt 0] Bytes parsed: 38
[22:32:15.125] [bmv2] [D] [thread 6423] [182.0] [cxt 0] Parser 'parser': end
[22:32:15.125] [bmv2] [D] [thread 6423] [182.0] [cxt 0] Pipeline 'ingress': start
[22:32:15.125] [bmv2] [T] [thread 6423] [182.0] [cxt 0] qos.p4(197) Condition "hdr.ipv4.isValid()" (node_2) is true
[22:32:15.125] [bmv2] [T] [thread 6423] [182.0] [cxt 0] qos.p4(198) Condition "hdr.ipv4_option.isValid()" (node_3) is false
[22:32:15.125] [bmv2] [T] [thread 6423] [182.0] [cxt 0] Applying table 'MyIngress.ipv4_lpm'
[22:32:15.125] [bmv2] [D] [thread 6423] [182.0] [cxt 0] Looking up key:
* hdr.ipv4.dstAddr    : 0a000202

[22:32:15.125] [bmv2] [D] [thread 6423] [182.0] [cxt 0] Table 'MyIngress.ipv4_lpm': hit with handle 0
[22:32:15.125] [bmv2] [D] [thread 6423] [182.0] [cxt 0] Dumping entry 0
Match key:
* hdr.ipv4.dstAddr    : LPM       0a000202/32
Action entry: MyIngress.ipv4_forward - 80000000202,2,

[22:32:15.125] [bmv2] [D] [thread 6423] [182.0] [cxt 0] Action entry is MyIngress.ipv4_forward - 80000000202,2,
[22:32:15.125] [bmv2] [T] [thread 6423] [182.0] [cxt 0] Action MyIngress.ipv4_forward
[22:32:15.125] [bmv2] [T] [thread 6423] [182.0] [cxt 0] qos.p4(175) Primitive standard_metadata.egress_spec = port
[22:32:15.125] [bmv2] [T] [thread 6423] [182.0] [cxt 0] qos.p4(176) Primitive hdr.ethernet.srcAddr = hdr.ethernet.dstAddr
[22:32:15.125] [bmv2] [T] [thread 6423] [182.0] [cxt 0] qos.p4(177) Primitive hdr.ethernet.dstAddr = dstAddr
[22:32:15.125] [bmv2] [T] [thread 6423] [182.0] [cxt 0] qos.p4(178) Primitive hdr.ipv4.ttl = hdr.ipv4.ttl - 1
[22:32:15.125] [bmv2] [D] [thread 6423] [182.0] [cxt 0] Pipeline 'ingress': end
[22:32:15.125] [bmv2] [D] [thread 6423] [182.0] [cxt 0] Egress port is 2
[22:32:15.126] [bmv2] [D] [thread 6426] [182.0] [cxt 0] Pipeline 'egress': start
[22:32:15.126] [bmv2] [D] [thread 6426] [182.0] [cxt 0] Pipeline 'egress': end
[22:32:15.126] [bmv2] [D] [thread 6426] [182.0] [cxt 0] Deparser 'deparser': start
[22:32:15.126] [bmv2] [D] [thread 6426] [182.0] [cxt 0] Updating checksum 'cksum'
[22:32:15.126] [bmv2] [D] [thread 6426] [182.0] [cxt 0] Deparsing header 'ethernet'
[22:32:15.126] [bmv2] [D] [thread 6426] [182.0] [cxt 0] Deparsing header 'vlan'
[22:32:15.126] [bmv2] [D] [thread 6426] [182.0] [cxt 0] Deparsing header 'ipv4'
[22:32:15.126] [bmv2] [D] [thread 6426] [182.0] [cxt 0] Deparser 'deparser': end
[22:32:15.126] [bmv2] [D] [thread 6428] [182.0] [cxt 0] Transmitting packet of size 558 out of port 2
[22:32:15.253] [bmv2] [D] [thread 6423] [183.0] [cxt 0] Processing packet received on port 3
[22:32:15.253] [bmv2] [D] [thread 6423] [183.0] [cxt 0] Parser 'parser': start
[22:32:15.253] [bmv2] [D] [thread 6423] [183.0] [cxt 0] Parser 'parser' entering state 'start'
[22:32:15.253] [bmv2] [D] [thread 6423] [183.0] [cxt 0] Extracting header 'ethernet'
[22:32:15.253] [bmv2] [D] [thread 6423] [183.0] [cxt 0] Parser state 'start': key is 8100
[22:32:15.253] [bmv2] [T] [thread 6423] [183.0] [cxt 0] Bytes parsed: 14
[22:32:15.253] [bmv2] [D] [thread 6423] [183.0] [cxt 0] Parser 'parser' entering state 'parse_vlan'
[22:32:15.253] [bmv2] [D] [thread 6423] [183.0] [cxt 0] Extracting header 'vlan'
[22:32:15.254] [bmv2] [D] [thread 6423] [183.0] [cxt 0] Parser state 'parse_vlan': key is 0800
[22:32:15.254] [bmv2] [T] [thread 6423] [183.0] [cxt 0] Bytes parsed: 18
[22:32:15.254] [bmv2] [D] [thread 6423] [183.0] [cxt 0] Parser 'parser' entering state 'parse_ipv4'
[22:32:15.254] [bmv2] [D] [thread 6423] [183.0] [cxt 0] Extracting header 'ipv4'
[22:32:15.254] [bmv2] [D] [thread 6423] [183.0] [cxt 0] Parser set: setting field 'scalars.tmp' from expression, new value is 1
[22:32:15.254] [bmv2] [D] [thread 6423] [183.0] [cxt 0] Parser state 'parse_ipv4': key is 05
[22:32:15.254] [bmv2] [T] [thread 6423] [183.0] [cxt 0] Bytes parsed: 38
[22:32:15.254] [bmv2] [D] [thread 6423] [183.0] [cxt 0] Parser 'parser': end
[22:32:15.254] [bmv2] [D] [thread 6423] [183.0] [cxt 0] Pipeline 'ingress': start
[22:32:15.254] [bmv2] [T] [thread 6423] [183.0] [cxt 0] qos.p4(197) Condition "hdr.ipv4.isValid()" (node_2) is true
[22:32:15.254] [bmv2] [T] [thread 6423] [183.0] [cxt 0] qos.p4(198) Condition "hdr.ipv4_option.isValid()" (node_3) is false
[22:32:15.254] [bmv2] [T] [thread 6423] [183.0] [cxt 0] Applying table 'MyIngress.ipv4_lpm'
[22:32:15.254] [bmv2] [D] [thread 6423] [183.0] [cxt 0] Looking up key:
* hdr.ipv4.dstAddr    : 0a000202

[22:32:15.254] [bmv2] [D] [thread 6423] [183.0] [cxt 0] Table 'MyIngress.ipv4_lpm': hit with handle 0
[22:32:15.254] [bmv2] [D] [thread 6423] [183.0] [cxt 0] Dumping entry 0
Match key:
* hdr.ipv4.dstAddr    : LPM       0a000202/32
Action entry: MyIngress.ipv4_forward - 80000000202,2,

[22:32:15.254] [bmv2] [D] [thread 6423] [183.0] [cxt 0] Action entry is MyIngress.ipv4_forward - 80000000202,2,
[22:32:15.254] [bmv2] [T] [thread 6423] [183.0] [cxt 0] Action MyIngress.ipv4_forward
[22:32:15.254] [bmv2] [T] [thread 6423] [183.0] [cxt 0] qos.p4(175) Primitive standard_metadata.egress_spec = port
[22:32:15.254] [bmv2] [T] [thread 6423] [183.0] [cxt 0] qos.p4(176) Primitive hdr.ethernet.srcAddr = hdr.ethernet.dstAddr
[22:32:15.254] [bmv2] [T] [thread 6423] [183.0] [cxt 0] qos.p4(177) Primitive hdr.ethernet.dstAddr = dstAddr
[22:32:15.254] [bmv2] [T] [thread 6423] [183.0] [cxt 0] qos.p4(178) Primitive hdr.ipv4.ttl = hdr.ipv4.ttl - 1
[22:32:15.254] [bmv2] [D] [thread 6423] [183.0] [cxt 0] Pipeline 'ingress': end
[22:32:15.254] [bmv2] [D] [thread 6423] [183.0] [cxt 0] Egress port is 2
[22:32:15.254] [bmv2] [D] [thread 6426] [183.0] [cxt 0] Pipeline 'egress': start
[22:32:15.254] [bmv2] [D] [thread 6426] [183.0] [cxt 0] Pipeline 'egress': end
[22:32:15.254] [bmv2] [D] [thread 6426] [183.0] [cxt 0] Deparser 'deparser': start
[22:32:15.254] [bmv2] [D] [thread 6426] [183.0] [cxt 0] Updating checksum 'cksum'
[22:32:15.254] [bmv2] [D] [thread 6426] [183.0] [cxt 0] Deparsing header 'ethernet'
[22:32:15.254] [bmv2] [D] [thread 6426] [183.0] [cxt 0] Deparsing header 'vlan'
[22:32:15.255] [bmv2] [D] [thread 6426] [183.0] [cxt 0] Deparsing header 'ipv4'
[22:32:15.255] [bmv2] [D] [thread 6426] [183.0] [cxt 0] Deparser 'deparser': end
[22:32:15.255] [bmv2] [D] [thread 6428] [183.0] [cxt 0] Transmitting packet of size 558 out of port 2
[22:32:15.379] [bmv2] [D] [thread 6423] [184.0] [cxt 0] Processing packet received on port 3
[22:32:15.379] [bmv2] [D] [thread 6423] [184.0] [cxt 0] Parser 'parser': start
[22:32:15.379] [bmv2] [D] [thread 6423] [184.0] [cxt 0] Parser 'parser' entering state 'start'
[22:32:15.379] [bmv2] [D] [thread 6423] [184.0] [cxt 0] Extracting header 'ethernet'
[22:32:15.379] [bmv2] [D] [thread 6423] [184.0] [cxt 0] Parser state 'start': key is 8100
[22:32:15.379] [bmv2] [T] [thread 6423] [184.0] [cxt 0] Bytes parsed: 14
[22:32:15.379] [bmv2] [D] [thread 6423] [184.0] [cxt 0] Parser 'parser' entering state 'parse_vlan'
[22:32:15.379] [bmv2] [D] [thread 6423] [184.0] [cxt 0] Extracting header 'vlan'
[22:32:15.379] [bmv2] [D] [thread 6423] [184.0] [cxt 0] Parser state 'parse_vlan': key is 0800
[22:32:15.379] [bmv2] [T] [thread 6423] [184.0] [cxt 0] Bytes parsed: 18
[22:32:15.379] [bmv2] [D] [thread 6423] [184.0] [cxt 0] Parser 'parser' entering state 'parse_ipv4'
[22:32:15.379] [bmv2] [D] [thread 6423] [184.0] [cxt 0] Extracting header 'ipv4'
[22:32:15.380] [bmv2] [D] [thread 6423] [184.0] [cxt 0] Parser set: setting field 'scalars.tmp' from expression, new value is 1
[22:32:15.380] [bmv2] [D] [thread 6423] [184.0] [cxt 0] Parser state 'parse_ipv4': key is 05
[22:32:15.380] [bmv2] [T] [thread 6423] [184.0] [cxt 0] Bytes parsed: 38
[22:32:15.380] [bmv2] [D] [thread 6423] [184.0] [cxt 0] Parser 'parser': end
[22:32:15.380] [bmv2] [D] [thread 6423] [184.0] [cxt 0] Pipeline 'ingress': start
[22:32:15.380] [bmv2] [T] [thread 6423] [184.0] [cxt 0] qos.p4(197) Condition "hdr.ipv4.isValid()" (node_2) is true
[22:32:15.380] [bmv2] [T] [thread 6423] [184.0] [cxt 0] qos.p4(198) Condition "hdr.ipv4_option.isValid()" (node_3) is false
[22:32:15.380] [bmv2] [T] [thread 6423] [184.0] [cxt 0] Applying table 'MyIngress.ipv4_lpm'
[22:32:15.380] [bmv2] [D] [thread 6423] [184.0] [cxt 0] Looking up key:
* hdr.ipv4.dstAddr    : 0a000202

[22:32:15.380] [bmv2] [D] [thread 6423] [184.0] [cxt 0] Table 'MyIngress.ipv4_lpm': hit with handle 0
[22:32:15.380] [bmv2] [D] [thread 6423] [184.0] [cxt 0] Dumping entry 0
Match key:
* hdr.ipv4.dstAddr    : LPM       0a000202/32
Action entry: MyIngress.ipv4_forward - 80000000202,2,

[22:32:15.380] [bmv2] [D] [thread 6423] [184.0] [cxt 0] Action entry is MyIngress.ipv4_forward - 80000000202,2,
[22:32:15.380] [bmv2] [T] [thread 6423] [184.0] [cxt 0] Action MyIngress.ipv4_forward
[22:32:15.380] [bmv2] [T] [thread 6423] [184.0] [cxt 0] qos.p4(175) Primitive standard_metadata.egress_spec = port
[22:32:15.380] [bmv2] [T] [thread 6423] [184.0] [cxt 0] qos.p4(176) Primitive hdr.ethernet.srcAddr = hdr.ethernet.dstAddr
[22:32:15.380] [bmv2] [T] [thread 6423] [184.0] [cxt 0] qos.p4(177) Primitive hdr.ethernet.dstAddr = dstAddr
[22:32:15.380] [bmv2] [T] [thread 6423] [184.0] [cxt 0] qos.p4(178) Primitive hdr.ipv4.ttl = hdr.ipv4.ttl - 1
[22:32:15.380] [bmv2] [D] [thread 6423] [184.0] [cxt 0] Pipeline 'ingress': end
[22:32:15.380] [bmv2] [D] [thread 6423] [184.0] [cxt 0] Egress port is 2
[22:32:15.381] [bmv2] [D] [thread 6426] [184.0] [cxt 0] Pipeline 'egress': start
[22:32:15.381] [bmv2] [D] [thread 6426] [184.0] [cxt 0] Pipeline 'egress': end
[22:32:15.381] [bmv2] [D] [thread 6426] [184.0] [cxt 0] Deparser 'deparser': start
[22:32:15.381] [bmv2] [D] [thread 6426] [184.0] [cxt 0] Updating checksum 'cksum'
[22:32:15.381] [bmv2] [D] [thread 6426] [184.0] [cxt 0] Deparsing header 'ethernet'
[22:32:15.381] [bmv2] [D] [thread 6426] [184.0] [cxt 0] Deparsing header 'vlan'
[22:32:15.381] [bmv2] [D] [thread 6426] [184.0] [cxt 0] Deparsing header 'ipv4'
[22:32:15.381] [bmv2] [D] [thread 6426] [184.0] [cxt 0] Deparser 'deparser': end
[22:32:15.381] [bmv2] [D] [thread 6428] [184.0] [cxt 0] Transmitting packet of size 558 out of port 2
[22:32:15.509] [bmv2] [D] [thread 6423] [185.0] [cxt 0] Processing packet received on port 3
[22:32:15.510] [bmv2] [D] [thread 6423] [185.0] [cxt 0] Parser 'parser': start
[22:32:15.510] [bmv2] [D] [thread 6423] [185.0] [cxt 0] Parser 'parser' entering state 'start'
[22:32:15.510] [bmv2] [D] [thread 6423] [185.0] [cxt 0] Extracting header 'ethernet'
[22:32:15.510] [bmv2] [D] [thread 6423] [185.0] [cxt 0] Parser state 'start': key is 8100
[22:32:15.510] [bmv2] [T] [thread 6423] [185.0] [cxt 0] Bytes parsed: 14
[22:32:15.510] [bmv2] [D] [thread 6423] [185.0] [cxt 0] Parser 'parser' entering state 'parse_vlan'
[22:32:15.510] [bmv2] [D] [thread 6423] [185.0] [cxt 0] Extracting header 'vlan'
[22:32:15.510] [bmv2] [D] [thread 6423] [185.0] [cxt 0] Parser state 'parse_vlan': key is 0800
[22:32:15.510] [bmv2] [T] [thread 6423] [185.0] [cxt 0] Bytes parsed: 18
[22:32:15.510] [bmv2] [D] [thread 6423] [185.0] [cxt 0] Parser 'parser' entering state 'parse_ipv4'
[22:32:15.510] [bmv2] [D] [thread 6423] [185.0] [cxt 0] Extracting header 'ipv4'
[22:32:15.510] [bmv2] [D] [thread 6423] [185.0] [cxt 0] Parser set: setting field 'scalars.tmp' from expression, new value is 1
[22:32:15.510] [bmv2] [D] [thread 6423] [185.0] [cxt 0] Parser state 'parse_ipv4': key is 05
[22:32:15.510] [bmv2] [T] [thread 6423] [185.0] [cxt 0] Bytes parsed: 38
[22:32:15.510] [bmv2] [D] [thread 6423] [185.0] [cxt 0] Parser 'parser': end
[22:32:15.510] [bmv2] [D] [thread 6423] [185.0] [cxt 0] Pipeline 'ingress': start
[22:32:15.510] [bmv2] [T] [thread 6423] [185.0] [cxt 0] qos.p4(197) Condition "hdr.ipv4.isValid()" (node_2) is true
[22:32:15.510] [bmv2] [T] [thread 6423] [185.0] [cxt 0] qos.p4(198) Condition "hdr.ipv4_option.isValid()" (node_3) is false
[22:32:15.510] [bmv2] [T] [thread 6423] [185.0] [cxt 0] Applying table 'MyIngress.ipv4_lpm'
[22:32:15.510] [bmv2] [D] [thread 6423] [185.0] [cxt 0] Looking up key:
* hdr.ipv4.dstAddr    : 0a000202

[22:32:15.510] [bmv2] [D] [thread 6423] [185.0] [cxt 0] Table 'MyIngress.ipv4_lpm': hit with handle 0
[22:32:15.511] [bmv2] [D] [thread 6423] [185.0] [cxt 0] Dumping entry 0
Match key:
* hdr.ipv4.dstAddr    : LPM       0a000202/32
Action entry: MyIngress.ipv4_forward - 80000000202,2,

[22:32:15.511] [bmv2] [D] [thread 6423] [185.0] [cxt 0] Action entry is MyIngress.ipv4_forward - 80000000202,2,
[22:32:15.511] [bmv2] [T] [thread 6423] [185.0] [cxt 0] Action MyIngress.ipv4_forward
[22:32:15.511] [bmv2] [T] [thread 6423] [185.0] [cxt 0] qos.p4(175) Primitive standard_metadata.egress_spec = port
[22:32:15.511] [bmv2] [T] [thread 6423] [185.0] [cxt 0] qos.p4(176) Primitive hdr.ethernet.srcAddr = hdr.ethernet.dstAddr
[22:32:15.511] [bmv2] [T] [thread 6423] [185.0] [cxt 0] qos.p4(177) Primitive hdr.ethernet.dstAddr = dstAddr
[22:32:15.511] [bmv2] [T] [thread 6423] [185.0] [cxt 0] qos.p4(178) Primitive hdr.ipv4.ttl = hdr.ipv4.ttl - 1
[22:32:15.511] [bmv2] [D] [thread 6423] [185.0] [cxt 0] Pipeline 'ingress': end
[22:32:15.511] [bmv2] [D] [thread 6423] [185.0] [cxt 0] Egress port is 2
[22:32:15.511] [bmv2] [D] [thread 6426] [185.0] [cxt 0] Pipeline 'egress': start
[22:32:15.511] [bmv2] [D] [thread 6426] [185.0] [cxt 0] Pipeline 'egress': end
[22:32:15.511] [bmv2] [D] [thread 6426] [185.0] [cxt 0] Deparser 'deparser': start
[22:32:15.511] [bmv2] [D] [thread 6426] [185.0] [cxt 0] Updating checksum 'cksum'
[22:32:15.511] [bmv2] [D] [thread 6426] [185.0] [cxt 0] Deparsing header 'ethernet'
[22:32:15.511] [bmv2] [D] [thread 6426] [185.0] [cxt 0] Deparsing header 'vlan'
[22:32:15.511] [bmv2] [D] [thread 6426] [185.0] [cxt 0] Deparsing header 'ipv4'
[22:32:15.511] [bmv2] [D] [thread 6426] [185.0] [cxt 0] Deparser 'deparser': end
[22:32:15.511] [bmv2] [D] [thread 6428] [185.0] [cxt 0] Transmitting packet of size 558 out of port 2
[22:32:15.635] [bmv2] [D] [thread 6423] [186.0] [cxt 0] Processing packet received on port 3
[22:32:15.635] [bmv2] [D] [thread 6423] [186.0] [cxt 0] Parser 'parser': start
[22:32:15.635] [bmv2] [D] [thread 6423] [186.0] [cxt 0] Parser 'parser' entering state 'start'
[22:32:15.635] [bmv2] [D] [thread 6423] [186.0] [cxt 0] Extracting header 'ethernet'
[22:32:15.635] [bmv2] [D] [thread 6423] [186.0] [cxt 0] Parser state 'start': key is 8100
[22:32:15.635] [bmv2] [T] [thread 6423] [186.0] [cxt 0] Bytes parsed: 14
[22:32:15.635] [bmv2] [D] [thread 6423] [186.0] [cxt 0] Parser 'parser' entering state 'parse_vlan'
[22:32:15.636] [bmv2] [D] [thread 6423] [186.0] [cxt 0] Extracting header 'vlan'
[22:32:15.636] [bmv2] [D] [thread 6423] [186.0] [cxt 0] Parser state 'parse_vlan': key is 0800
[22:32:15.636] [bmv2] [T] [thread 6423] [186.0] [cxt 0] Bytes parsed: 18
[22:32:15.636] [bmv2] [D] [thread 6423] [186.0] [cxt 0] Parser 'parser' entering state 'parse_ipv4'
[22:32:15.636] [bmv2] [D] [thread 6423] [186.0] [cxt 0] Extracting header 'ipv4'
[22:32:15.636] [bmv2] [D] [thread 6423] [186.0] [cxt 0] Parser set: setting field 'scalars.tmp' from expression, new value is 1
[22:32:15.636] [bmv2] [D] [thread 6423] [186.0] [cxt 0] Parser state 'parse_ipv4': key is 05
[22:32:15.636] [bmv2] [T] [thread 6423] [186.0] [cxt 0] Bytes parsed: 38
[22:32:15.636] [bmv2] [D] [thread 6423] [186.0] [cxt 0] Parser 'parser': end
[22:32:15.636] [bmv2] [D] [thread 6423] [186.0] [cxt 0] Pipeline 'ingress': start
[22:32:15.636] [bmv2] [T] [thread 6423] [186.0] [cxt 0] qos.p4(197) Condition "hdr.ipv4.isValid()" (node_2) is true
[22:32:15.636] [bmv2] [T] [thread 6423] [186.0] [cxt 0] qos.p4(198) Condition "hdr.ipv4_option.isValid()" (node_3) is false
[22:32:15.636] [bmv2] [T] [thread 6423] [186.0] [cxt 0] Applying table 'MyIngress.ipv4_lpm'
[22:32:15.636] [bmv2] [D] [thread 6423] [186.0] [cxt 0] Looking up key:
* hdr.ipv4.dstAddr    : 0a000202

[22:32:15.636] [bmv2] [D] [thread 6423] [186.0] [cxt 0] Table 'MyIngress.ipv4_lpm': hit with handle 0
[22:32:15.636] [bmv2] [D] [thread 6423] [186.0] [cxt 0] Dumping entry 0
Match key:
* hdr.ipv4.dstAddr    : LPM       0a000202/32
Action entry: MyIngress.ipv4_forward - 80000000202,2,

[22:32:15.636] [bmv2] [D] [thread 6423] [186.0] [cxt 0] Action entry is MyIngress.ipv4_forward - 80000000202,2,
[22:32:15.636] [bmv2] [T] [thread 6423] [186.0] [cxt 0] Action MyIngress.ipv4_forward
[22:32:15.636] [bmv2] [T] [thread 6423] [186.0] [cxt 0] qos.p4(175) Primitive standard_metadata.egress_spec = port
[22:32:15.636] [bmv2] [T] [thread 6423] [186.0] [cxt 0] qos.p4(176) Primitive hdr.ethernet.srcAddr = hdr.ethernet.dstAddr
[22:32:15.636] [bmv2] [T] [thread 6423] [186.0] [cxt 0] qos.p4(177) Primitive hdr.ethernet.dstAddr = dstAddr
[22:32:15.636] [bmv2] [T] [thread 6423] [186.0] [cxt 0] qos.p4(178) Primitive hdr.ipv4.ttl = hdr.ipv4.ttl - 1
[22:32:15.636] [bmv2] [D] [thread 6423] [186.0] [cxt 0] Pipeline 'ingress': end
[22:32:15.636] [bmv2] [D] [thread 6423] [186.0] [cxt 0] Egress port is 2
[22:32:15.636] [bmv2] [D] [thread 6426] [186.0] [cxt 0] Pipeline 'egress': start
[22:32:15.637] [bmv2] [D] [thread 6426] [186.0] [cxt 0] Pipeline 'egress': end
[22:32:15.637] [bmv2] [D] [thread 6426] [186.0] [cxt 0] Deparser 'deparser': start
[22:32:15.637] [bmv2] [D] [thread 6426] [186.0] [cxt 0] Updating checksum 'cksum'
[22:32:15.637] [bmv2] [D] [thread 6426] [186.0] [cxt 0] Deparsing header 'ethernet'
[22:32:15.637] [bmv2] [D] [thread 6426] [186.0] [cxt 0] Deparsing header 'vlan'
[22:32:15.637] [bmv2] [D] [thread 6426] [186.0] [cxt 0] Deparsing header 'ipv4'
[22:32:15.637] [bmv2] [D] [thread 6426] [186.0] [cxt 0] Deparser 'deparser': end
[22:32:15.637] [bmv2] [D] [thread 6428] [186.0] [cxt 0] Transmitting packet of size 558 out of port 2
[22:32:15.759] [bmv2] [D] [thread 6423] [187.0] [cxt 0] Processing packet received on port 3
[22:32:15.759] [bmv2] [D] [thread 6423] [187.0] [cxt 0] Parser 'parser': start
[22:32:15.759] [bmv2] [D] [thread 6423] [187.0] [cxt 0] Parser 'parser' entering state 'start'
[22:32:15.759] [bmv2] [D] [thread 6423] [187.0] [cxt 0] Extracting header 'ethernet'
[22:32:15.759] [bmv2] [D] [thread 6423] [187.0] [cxt 0] Parser state 'start': key is 8100
[22:32:15.759] [bmv2] [T] [thread 6423] [187.0] [cxt 0] Bytes parsed: 14
[22:32:15.759] [bmv2] [D] [thread 6423] [187.0] [cxt 0] Parser 'parser' entering state 'parse_vlan'
[22:32:15.759] [bmv2] [D] [thread 6423] [187.0] [cxt 0] Extracting header 'vlan'
[22:32:15.759] [bmv2] [D] [thread 6423] [187.0] [cxt 0] Parser state 'parse_vlan': key is 0800
[22:32:15.759] [bmv2] [T] [thread 6423] [187.0] [cxt 0] Bytes parsed: 18
[22:32:15.759] [bmv2] [D] [thread 6423] [187.0] [cxt 0] Parser 'parser' entering state 'parse_ipv4'
[22:32:15.759] [bmv2] [D] [thread 6423] [187.0] [cxt 0] Extracting header 'ipv4'
[22:32:15.759] [bmv2] [D] [thread 6423] [187.0] [cxt 0] Parser set: setting field 'scalars.tmp' from expression, new value is 1
[22:32:15.759] [bmv2] [D] [thread 6423] [187.0] [cxt 0] Parser state 'parse_ipv4': key is 05
[22:32:15.759] [bmv2] [T] [thread 6423] [187.0] [cxt 0] Bytes parsed: 38
[22:32:15.759] [bmv2] [D] [thread 6423] [187.0] [cxt 0] Parser 'parser': end
[22:32:15.759] [bmv2] [D] [thread 6423] [187.0] [cxt 0] Pipeline 'ingress': start
[22:32:15.759] [bmv2] [T] [thread 6423] [187.0] [cxt 0] qos.p4(197) Condition "hdr.ipv4.isValid()" (node_2) is true
[22:32:15.759] [bmv2] [T] [thread 6423] [187.0] [cxt 0] qos.p4(198) Condition "hdr.ipv4_option.isValid()" (node_3) is false
[22:32:15.759] [bmv2] [T] [thread 6423] [187.0] [cxt 0] Applying table 'MyIngress.ipv4_lpm'
[22:32:15.759] [bmv2] [D] [thread 6423] [187.0] [cxt 0] Looking up key:
* hdr.ipv4.dstAddr    : 0a000202

[22:32:15.759] [bmv2] [D] [thread 6423] [187.0] [cxt 0] Table 'MyIngress.ipv4_lpm': hit with handle 0
[22:32:15.760] [bmv2] [D] [thread 6423] [187.0] [cxt 0] Dumping entry 0
Match key:
* hdr.ipv4.dstAddr    : LPM       0a000202/32
Action entry: MyIngress.ipv4_forward - 80000000202,2,

[22:32:15.760] [bmv2] [D] [thread 6423] [187.0] [cxt 0] Action entry is MyIngress.ipv4_forward - 80000000202,2,
[22:32:15.760] [bmv2] [T] [thread 6423] [187.0] [cxt 0] Action MyIngress.ipv4_forward
[22:32:15.760] [bmv2] [T] [thread 6423] [187.0] [cxt 0] qos.p4(175) Primitive standard_metadata.egress_spec = port
[22:32:15.760] [bmv2] [T] [thread 6423] [187.0] [cxt 0] qos.p4(176) Primitive hdr.ethernet.srcAddr = hdr.ethernet.dstAddr
[22:32:15.760] [bmv2] [T] [thread 6423] [187.0] [cxt 0] qos.p4(177) Primitive hdr.ethernet.dstAddr = dstAddr
[22:32:15.760] [bmv2] [T] [thread 6423] [187.0] [cxt 0] qos.p4(178) Primitive hdr.ipv4.ttl = hdr.ipv4.ttl - 1
[22:32:15.760] [bmv2] [D] [thread 6423] [187.0] [cxt 0] Pipeline 'ingress': end
[22:32:15.760] [bmv2] [D] [thread 6423] [187.0] [cxt 0] Egress port is 2
[22:32:15.760] [bmv2] [D] [thread 6426] [187.0] [cxt 0] Pipeline 'egress': start
[22:32:15.760] [bmv2] [D] [thread 6426] [187.0] [cxt 0] Pipeline 'egress': end
[22:32:15.760] [bmv2] [D] [thread 6426] [187.0] [cxt 0] Deparser 'deparser': start
[22:32:15.760] [bmv2] [D] [thread 6426] [187.0] [cxt 0] Updating checksum 'cksum'
[22:32:15.760] [bmv2] [D] [thread 6426] [187.0] [cxt 0] Deparsing header 'ethernet'
[22:32:15.760] [bmv2] [D] [thread 6426] [187.0] [cxt 0] Deparsing header 'vlan'
[22:32:15.760] [bmv2] [D] [thread 6426] [187.0] [cxt 0] Deparsing header 'ipv4'
[22:32:15.760] [bmv2] [D] [thread 6426] [187.0] [cxt 0] Deparser 'deparser': end
[22:32:15.760] [bmv2] [D] [thread 6428] [187.0] [cxt 0] Transmitting packet of size 558 out of port 2
[22:32:15.885] [bmv2] [D] [thread 6423] [188.0] [cxt 0] Processing packet received on port 3
[22:32:15.885] [bmv2] [D] [thread 6423] [188.0] [cxt 0] Parser 'parser': start
[22:32:15.885] [bmv2] [D] [thread 6423] [188.0] [cxt 0] Parser 'parser' entering state 'start'
[22:32:15.885] [bmv2] [D] [thread 6423] [188.0] [cxt 0] Extracting header 'ethernet'
[22:32:15.885] [bmv2] [D] [thread 6423] [188.0] [cxt 0] Parser state 'start': key is 8100
[22:32:15.885] [bmv2] [T] [thread 6423] [188.0] [cxt 0] Bytes parsed: 14
[22:32:15.885] [bmv2] [D] [thread 6423] [188.0] [cxt 0] Parser 'parser' entering state 'parse_vlan'
[22:32:15.885] [bmv2] [D] [thread 6423] [188.0] [cxt 0] Extracting header 'vlan'
[22:32:15.885] [bmv2] [D] [thread 6423] [188.0] [cxt 0] Parser state 'parse_vlan': key is 0800
[22:32:15.885] [bmv2] [T] [thread 6423] [188.0] [cxt 0] Bytes parsed: 18
[22:32:15.886] [bmv2] [D] [thread 6423] [188.0] [cxt 0] Parser 'parser' entering state 'parse_ipv4'
[22:32:15.886] [bmv2] [D] [thread 6423] [188.0] [cxt 0] Extracting header 'ipv4'
[22:32:15.886] [bmv2] [D] [thread 6423] [188.0] [cxt 0] Parser set: setting field 'scalars.tmp' from expression, new value is 1
[22:32:15.886] [bmv2] [D] [thread 6423] [188.0] [cxt 0] Parser state 'parse_ipv4': key is 05
[22:32:15.886] [bmv2] [T] [thread 6423] [188.0] [cxt 0] Bytes parsed: 38
[22:32:15.886] [bmv2] [D] [thread 6423] [188.0] [cxt 0] Parser 'parser': end
[22:32:15.886] [bmv2] [D] [thread 6423] [188.0] [cxt 0] Pipeline 'ingress': start
[22:32:15.886] [bmv2] [T] [thread 6423] [188.0] [cxt 0] qos.p4(197) Condition "hdr.ipv4.isValid()" (node_2) is true
[22:32:15.886] [bmv2] [T] [thread 6423] [188.0] [cxt 0] qos.p4(198) Condition "hdr.ipv4_option.isValid()" (node_3) is false
[22:32:15.886] [bmv2] [T] [thread 6423] [188.0] [cxt 0] Applying table 'MyIngress.ipv4_lpm'
[22:32:15.886] [bmv2] [D] [thread 6423] [188.0] [cxt 0] Looking up key:
* hdr.ipv4.dstAddr    : 0a000202

[22:32:15.886] [bmv2] [D] [thread 6423] [188.0] [cxt 0] Table 'MyIngress.ipv4_lpm': hit with handle 0
[22:32:15.886] [bmv2] [D] [thread 6423] [188.0] [cxt 0] Dumping entry 0
Match key:
* hdr.ipv4.dstAddr    : LPM       0a000202/32
Action entry: MyIngress.ipv4_forward - 80000000202,2,

[22:32:15.886] [bmv2] [D] [thread 6423] [188.0] [cxt 0] Action entry is MyIngress.ipv4_forward - 80000000202,2,
[22:32:15.886] [bmv2] [T] [thread 6423] [188.0] [cxt 0] Action MyIngress.ipv4_forward
[22:32:15.886] [bmv2] [T] [thread 6423] [188.0] [cxt 0] qos.p4(175) Primitive standard_metadata.egress_spec = port
[22:32:15.886] [bmv2] [T] [thread 6423] [188.0] [cxt 0] qos.p4(176) Primitive hdr.ethernet.srcAddr = hdr.ethernet.dstAddr
[22:32:15.886] [bmv2] [T] [thread 6423] [188.0] [cxt 0] qos.p4(177) Primitive hdr.ethernet.dstAddr = dstAddr
[22:32:15.886] [bmv2] [T] [thread 6423] [188.0] [cxt 0] qos.p4(178) Primitive hdr.ipv4.ttl = hdr.ipv4.ttl - 1
[22:32:15.886] [bmv2] [D] [thread 6423] [188.0] [cxt 0] Pipeline 'ingress': end
[22:32:15.886] [bmv2] [D] [thread 6423] [188.0] [cxt 0] Egress port is 2
[22:32:15.886] [bmv2] [D] [thread 6426] [188.0] [cxt 0] Pipeline 'egress': start
[22:32:15.886] [bmv2] [D] [thread 6426] [188.0] [cxt 0] Pipeline 'egress': end
[22:32:15.886] [bmv2] [D] [thread 6426] [188.0] [cxt 0] Deparser 'deparser': start
[22:32:15.886] [bmv2] [D] [thread 6426] [188.0] [cxt 0] Updating checksum 'cksum'
[22:32:15.887] [bmv2] [D] [thread 6426] [188.0] [cxt 0] Deparsing header 'ethernet'
[22:32:15.887] [bmv2] [D] [thread 6426] [188.0] [cxt 0] Deparsing header 'vlan'
[22:32:15.887] [bmv2] [D] [thread 6426] [188.0] [cxt 0] Deparsing header 'ipv4'
[22:32:15.887] [bmv2] [D] [thread 6426] [188.0] [cxt 0] Deparser 'deparser': end
[22:32:15.887] [bmv2] [D] [thread 6428] [188.0] [cxt 0] Transmitting packet of size 558 out of port 2
[22:32:16.012] [bmv2] [D] [thread 6423] [189.0] [cxt 0] Processing packet received on port 3
[22:32:16.012] [bmv2] [D] [thread 6423] [189.0] [cxt 0] Parser 'parser': start
[22:32:16.012] [bmv2] [D] [thread 6423] [189.0] [cxt 0] Parser 'parser' entering state 'start'
[22:32:16.012] [bmv2] [D] [thread 6423] [189.0] [cxt 0] Extracting header 'ethernet'
[22:32:16.013] [bmv2] [D] [thread 6423] [189.0] [cxt 0] Parser state 'start': key is 8100
[22:32:16.013] [bmv2] [T] [thread 6423] [189.0] [cxt 0] Bytes parsed: 14
[22:32:16.013] [bmv2] [D] [thread 6423] [189.0] [cxt 0] Parser 'parser' entering state 'parse_vlan'
[22:32:16.013] [bmv2] [D] [thread 6423] [189.0] [cxt 0] Extracting header 'vlan'
[22:32:16.013] [bmv2] [D] [thread 6423] [189.0] [cxt 0] Parser state 'parse_vlan': key is 0800
[22:32:16.013] [bmv2] [T] [thread 6423] [189.0] [cxt 0] Bytes parsed: 18
[22:32:16.013] [bmv2] [D] [thread 6423] [189.0] [cxt 0] Parser 'parser' entering state 'parse_ipv4'
[22:32:16.013] [bmv2] [D] [thread 6423] [189.0] [cxt 0] Extracting header 'ipv4'
[22:32:16.013] [bmv2] [D] [thread 6423] [189.0] [cxt 0] Parser set: setting field 'scalars.tmp' from expression, new value is 1
[22:32:16.013] [bmv2] [D] [thread 6423] [189.0] [cxt 0] Parser state 'parse_ipv4': key is 05
[22:32:16.013] [bmv2] [T] [thread 6423] [189.0] [cxt 0] Bytes parsed: 38
[22:32:16.013] [bmv2] [D] [thread 6423] [189.0] [cxt 0] Parser 'parser': end
[22:32:16.013] [bmv2] [D] [thread 6423] [189.0] [cxt 0] Pipeline 'ingress': start
[22:32:16.013] [bmv2] [T] [thread 6423] [189.0] [cxt 0] qos.p4(197) Condition "hdr.ipv4.isValid()" (node_2) is true
[22:32:16.013] [bmv2] [T] [thread 6423] [189.0] [cxt 0] qos.p4(198) Condition "hdr.ipv4_option.isValid()" (node_3) is false
[22:32:16.013] [bmv2] [T] [thread 6423] [189.0] [cxt 0] Applying table 'MyIngress.ipv4_lpm'
[22:32:16.013] [bmv2] [D] [thread 6423] [189.0] [cxt 0] Looking up key:
* hdr.ipv4.dstAddr    : 0a000202

[22:32:16.013] [bmv2] [D] [thread 6423] [189.0] [cxt 0] Table 'MyIngress.ipv4_lpm': hit with handle 0
[22:32:16.013] [bmv2] [D] [thread 6423] [189.0] [cxt 0] Dumping entry 0
Match key:
* hdr.ipv4.dstAddr    : LPM       0a000202/32
Action entry: MyIngress.ipv4_forward - 80000000202,2,

[22:32:16.013] [bmv2] [D] [thread 6423] [189.0] [cxt 0] Action entry is MyIngress.ipv4_forward - 80000000202,2,
[22:32:16.013] [bmv2] [T] [thread 6423] [189.0] [cxt 0] Action MyIngress.ipv4_forward
[22:32:16.013] [bmv2] [T] [thread 6423] [189.0] [cxt 0] qos.p4(175) Primitive standard_metadata.egress_spec = port
[22:32:16.013] [bmv2] [T] [thread 6423] [189.0] [cxt 0] qos.p4(176) Primitive hdr.ethernet.srcAddr = hdr.ethernet.dstAddr
[22:32:16.014] [bmv2] [T] [thread 6423] [189.0] [cxt 0] qos.p4(177) Primitive hdr.ethernet.dstAddr = dstAddr
[22:32:16.014] [bmv2] [T] [thread 6423] [189.0] [cxt 0] qos.p4(178) Primitive hdr.ipv4.ttl = hdr.ipv4.ttl - 1
[22:32:16.014] [bmv2] [D] [thread 6423] [189.0] [cxt 0] Pipeline 'ingress': end
[22:32:16.014] [bmv2] [D] [thread 6423] [189.0] [cxt 0] Egress port is 2
[22:32:16.014] [bmv2] [D] [thread 6426] [189.0] [cxt 0] Pipeline 'egress': start
[22:32:16.014] [bmv2] [D] [thread 6426] [189.0] [cxt 0] Pipeline 'egress': end
[22:32:16.014] [bmv2] [D] [thread 6426] [189.0] [cxt 0] Deparser 'deparser': start
[22:32:16.014] [bmv2] [D] [thread 6426] [189.0] [cxt 0] Updating checksum 'cksum'
[22:32:16.014] [bmv2] [D] [thread 6426] [189.0] [cxt 0] Deparsing header 'ethernet'
[22:32:16.014] [bmv2] [D] [thread 6426] [189.0] [cxt 0] Deparsing header 'vlan'
[22:32:16.014] [bmv2] [D] [thread 6426] [189.0] [cxt 0] Deparsing header 'ipv4'
[22:32:16.014] [bmv2] [D] [thread 6426] [189.0] [cxt 0] Deparser 'deparser': end
[22:32:16.014] [bmv2] [D] [thread 6428] [189.0] [cxt 0] Transmitting packet of size 558 out of port 2
[22:32:16.139] [bmv2] [D] [thread 6423] [190.0] [cxt 0] Processing packet received on port 3
[22:32:16.139] [bmv2] [D] [thread 6423] [190.0] [cxt 0] Parser 'parser': start
[22:32:16.139] [bmv2] [D] [thread 6423] [190.0] [cxt 0] Parser 'parser' entering state 'start'
[22:32:16.139] [bmv2] [D] [thread 6423] [190.0] [cxt 0] Extracting header 'ethernet'
[22:32:16.139] [bmv2] [D] [thread 6423] [190.0] [cxt 0] Parser state 'start': key is 8100
[22:32:16.139] [bmv2] [T] [thread 6423] [190.0] [cxt 0] Bytes parsed: 14
[22:32:16.139] [bmv2] [D] [thread 6423] [190.0] [cxt 0] Parser 'parser' entering state 'parse_vlan'
[22:32:16.139] [bmv2] [D] [thread 6423] [190.0] [cxt 0] Extracting header 'vlan'
[22:32:16.139] [bmv2] [D] [thread 6423] [190.0] [cxt 0] Parser state 'parse_vlan': key is 0800
[22:32:16.139] [bmv2] [T] [thread 6423] [190.0] [cxt 0] Bytes parsed: 18
[22:32:16.139] [bmv2] [D] [thread 6423] [190.0] [cxt 0] Parser 'parser' entering state 'parse_ipv4'
[22:32:16.139] [bmv2] [D] [thread 6423] [190.0] [cxt 0] Extracting header 'ipv4'
[22:32:16.139] [bmv2] [D] [thread 6423] [190.0] [cxt 0] Parser set: setting field 'scalars.tmp' from expression, new value is 1
[22:32:16.139] [bmv2] [D] [thread 6423] [190.0] [cxt 0] Parser state 'parse_ipv4': key is 05
[22:32:16.139] [bmv2] [T] [thread 6423] [190.0] [cxt 0] Bytes parsed: 38
[22:32:16.139] [bmv2] [D] [thread 6423] [190.0] [cxt 0] Parser 'parser': end
[22:32:16.139] [bmv2] [D] [thread 6423] [190.0] [cxt 0] Pipeline 'ingress': start
[22:32:16.139] [bmv2] [T] [thread 6423] [190.0] [cxt 0] qos.p4(197) Condition "hdr.ipv4.isValid()" (node_2) is true
[22:32:16.139] [bmv2] [T] [thread 6423] [190.0] [cxt 0] qos.p4(198) Condition "hdr.ipv4_option.isValid()" (node_3) is false
[22:32:16.139] [bmv2] [T] [thread 6423] [190.0] [cxt 0] Applying table 'MyIngress.ipv4_lpm'
[22:32:16.139] [bmv2] [D] [thread 6423] [190.0] [cxt 0] Looking up key:
* hdr.ipv4.dstAddr    : 0a000202

[22:32:16.139] [bmv2] [D] [thread 6423] [190.0] [cxt 0] Table 'MyIngress.ipv4_lpm': hit with handle 0
[22:32:16.139] [bmv2] [D] [thread 6423] [190.0] [cxt 0] Dumping entry 0
Match key:
* hdr.ipv4.dstAddr    : LPM       0a000202/32
Action entry: MyIngress.ipv4_forward - 80000000202,2,

[22:32:16.139] [bmv2] [D] [thread 6423] [190.0] [cxt 0] Action entry is MyIngress.ipv4_forward - 80000000202,2,
[22:32:16.140] [bmv2] [T] [thread 6423] [190.0] [cxt 0] Action MyIngress.ipv4_forward
[22:32:16.140] [bmv2] [T] [thread 6423] [190.0] [cxt 0] qos.p4(175) Primitive standard_metadata.egress_spec = port
[22:32:16.140] [bmv2] [T] [thread 6423] [190.0] [cxt 0] qos.p4(176) Primitive hdr.ethernet.srcAddr = hdr.ethernet.dstAddr
[22:32:16.140] [bmv2] [T] [thread 6423] [190.0] [cxt 0] qos.p4(177) Primitive hdr.ethernet.dstAddr = dstAddr
[22:32:16.140] [bmv2] [T] [thread 6423] [190.0] [cxt 0] qos.p4(178) Primitive hdr.ipv4.ttl = hdr.ipv4.ttl - 1
[22:32:16.140] [bmv2] [D] [thread 6423] [190.0] [cxt 0] Pipeline 'ingress': end
[22:32:16.140] [bmv2] [D] [thread 6423] [190.0] [cxt 0] Egress port is 2
[22:32:16.140] [bmv2] [D] [thread 6426] [190.0] [cxt 0] Pipeline 'egress': start
[22:32:16.140] [bmv2] [D] [thread 6426] [190.0] [cxt 0] Pipeline 'egress': end
[22:32:16.140] [bmv2] [D] [thread 6426] [190.0] [cxt 0] Deparser 'deparser': start
[22:32:16.140] [bmv2] [D] [thread 6426] [190.0] [cxt 0] Updating checksum 'cksum'
[22:32:16.140] [bmv2] [D] [thread 6426] [190.0] [cxt 0] Deparsing header 'ethernet'
[22:32:16.140] [bmv2] [D] [thread 6426] [190.0] [cxt 0] Deparsing header 'vlan'
[22:32:16.140] [bmv2] [D] [thread 6426] [190.0] [cxt 0] Deparsing header 'ipv4'
[22:32:16.140] [bmv2] [D] [thread 6426] [190.0] [cxt 0] Deparser 'deparser': end
[22:32:16.140] [bmv2] [D] [thread 6428] [190.0] [cxt 0] Transmitting packet of size 558 out of port 2
[22:32:16.266] [bmv2] [D] [thread 6423] [191.0] [cxt 0] Processing packet received on port 3
[22:32:16.266] [bmv2] [D] [thread 6423] [191.0] [cxt 0] Parser 'parser': start
[22:32:16.266] [bmv2] [D] [thread 6423] [191.0] [cxt 0] Parser 'parser' entering state 'start'
[22:32:16.266] [bmv2] [D] [thread 6423] [191.0] [cxt 0] Extracting header 'ethernet'
[22:32:16.266] [bmv2] [D] [thread 6423] [191.0] [cxt 0] Parser state 'start': key is 8100
[22:32:16.266] [bmv2] [T] [thread 6423] [191.0] [cxt 0] Bytes parsed: 14
[22:32:16.266] [bmv2] [D] [thread 6423] [191.0] [cxt 0] Parser 'parser' entering state 'parse_vlan'
[22:32:16.266] [bmv2] [D] [thread 6423] [191.0] [cxt 0] Extracting header 'vlan'
[22:32:16.266] [bmv2] [D] [thread 6423] [191.0] [cxt 0] Parser state 'parse_vlan': key is 0800
[22:32:16.266] [bmv2] [T] [thread 6423] [191.0] [cxt 0] Bytes parsed: 18
[22:32:16.266] [bmv2] [D] [thread 6423] [191.0] [cxt 0] Parser 'parser' entering state 'parse_ipv4'
[22:32:16.266] [bmv2] [D] [thread 6423] [191.0] [cxt 0] Extracting header 'ipv4'
[22:32:16.266] [bmv2] [D] [thread 6423] [191.0] [cxt 0] Parser set: setting field 'scalars.tmp' from expression, new value is 1
[22:32:16.266] [bmv2] [D] [thread 6423] [191.0] [cxt 0] Parser state 'parse_ipv4': key is 05
[22:32:16.266] [bmv2] [T] [thread 6423] [191.0] [cxt 0] Bytes parsed: 38
[22:32:16.266] [bmv2] [D] [thread 6423] [191.0] [cxt 0] Parser 'parser': end
[22:32:16.266] [bmv2] [D] [thread 6423] [191.0] [cxt 0] Pipeline 'ingress': start
[22:32:16.266] [bmv2] [T] [thread 6423] [191.0] [cxt 0] qos.p4(197) Condition "hdr.ipv4.isValid()" (node_2) is true
[22:32:16.266] [bmv2] [T] [thread 6423] [191.0] [cxt 0] qos.p4(198) Condition "hdr.ipv4_option.isValid()" (node_3) is false
[22:32:16.266] [bmv2] [T] [thread 6423] [191.0] [cxt 0] Applying table 'MyIngress.ipv4_lpm'
[22:32:16.266] [bmv2] [D] [thread 6423] [191.0] [cxt 0] Looking up key:
* hdr.ipv4.dstAddr    : 0a000202

[22:32:16.266] [bmv2] [D] [thread 6423] [191.0] [cxt 0] Table 'MyIngress.ipv4_lpm': hit with handle 0
[22:32:16.266] [bmv2] [D] [thread 6423] [191.0] [cxt 0] Dumping entry 0
Match key:
* hdr.ipv4.dstAddr    : LPM       0a000202/32
Action entry: MyIngress.ipv4_forward - 80000000202,2,

[22:32:16.267] [bmv2] [D] [thread 6423] [191.0] [cxt 0] Action entry is MyIngress.ipv4_forward - 80000000202,2,
[22:32:16.267] [bmv2] [T] [thread 6423] [191.0] [cxt 0] Action MyIngress.ipv4_forward
[22:32:16.267] [bmv2] [T] [thread 6423] [191.0] [cxt 0] qos.p4(175) Primitive standard_metadata.egress_spec = port
[22:32:16.267] [bmv2] [T] [thread 6423] [191.0] [cxt 0] qos.p4(176) Primitive hdr.ethernet.srcAddr = hdr.ethernet.dstAddr
[22:32:16.267] [bmv2] [T] [thread 6423] [191.0] [cxt 0] qos.p4(177) Primitive hdr.ethernet.dstAddr = dstAddr
[22:32:16.267] [bmv2] [T] [thread 6423] [191.0] [cxt 0] qos.p4(178) Primitive hdr.ipv4.ttl = hdr.ipv4.ttl - 1
[22:32:16.267] [bmv2] [D] [thread 6423] [191.0] [cxt 0] Pipeline 'ingress': end
[22:32:16.267] [bmv2] [D] [thread 6423] [191.0] [cxt 0] Egress port is 2
[22:32:16.267] [bmv2] [D] [thread 6426] [191.0] [cxt 0] Pipeline 'egress': start
[22:32:16.267] [bmv2] [D] [thread 6426] [191.0] [cxt 0] Pipeline 'egress': end
[22:32:16.267] [bmv2] [D] [thread 6426] [191.0] [cxt 0] Deparser 'deparser': start
[22:32:16.267] [bmv2] [D] [thread 6426] [191.0] [cxt 0] Updating checksum 'cksum'
[22:32:16.267] [bmv2] [D] [thread 6426] [191.0] [cxt 0] Deparsing header 'ethernet'
[22:32:16.267] [bmv2] [D] [thread 6426] [191.0] [cxt 0] Deparsing header 'vlan'
[22:32:16.267] [bmv2] [D] [thread 6426] [191.0] [cxt 0] Deparsing header 'ipv4'
[22:32:16.267] [bmv2] [D] [thread 6426] [191.0] [cxt 0] Deparser 'deparser': end
[22:32:16.267] [bmv2] [D] [thread 6428] [191.0] [cxt 0] Transmitting packet of size 558 out of port 2
[22:32:16.390] [bmv2] [D] [thread 6423] [192.0] [cxt 0] Processing packet received on port 3
[22:32:16.390] [bmv2] [D] [thread 6423] [192.0] [cxt 0] Parser 'parser': start
[22:32:16.390] [bmv2] [D] [thread 6423] [192.0] [cxt 0] Parser 'parser' entering state 'start'
[22:32:16.390] [bmv2] [D] [thread 6423] [192.0] [cxt 0] Extracting header 'ethernet'
[22:32:16.390] [bmv2] [D] [thread 6423] [192.0] [cxt 0] Parser state 'start': key is 8100
[22:32:16.391] [bmv2] [T] [thread 6423] [192.0] [cxt 0] Bytes parsed: 14
[22:32:16.391] [bmv2] [D] [thread 6423] [192.0] [cxt 0] Parser 'parser' entering state 'parse_vlan'
[22:32:16.391] [bmv2] [D] [thread 6423] [192.0] [cxt 0] Extracting header 'vlan'
[22:32:16.391] [bmv2] [D] [thread 6423] [192.0] [cxt 0] Parser state 'parse_vlan': key is 0800
[22:32:16.391] [bmv2] [T] [thread 6423] [192.0] [cxt 0] Bytes parsed: 18
[22:32:16.391] [bmv2] [D] [thread 6423] [192.0] [cxt 0] Parser 'parser' entering state 'parse_ipv4'
[22:32:16.391] [bmv2] [D] [thread 6423] [192.0] [cxt 0] Extracting header 'ipv4'
[22:32:16.391] [bmv2] [D] [thread 6423] [192.0] [cxt 0] Parser set: setting field 'scalars.tmp' from expression, new value is 1
[22:32:16.391] [bmv2] [D] [thread 6423] [192.0] [cxt 0] Parser state 'parse_ipv4': key is 05
[22:32:16.391] [bmv2] [T] [thread 6423] [192.0] [cxt 0] Bytes parsed: 38
[22:32:16.391] [bmv2] [D] [thread 6423] [192.0] [cxt 0] Parser 'parser': end
[22:32:16.391] [bmv2] [D] [thread 6423] [192.0] [cxt 0] Pipeline 'ingress': start
[22:32:16.391] [bmv2] [T] [thread 6423] [192.0] [cxt 0] qos.p4(197) Condition "hdr.ipv4.isValid()" (node_2) is true
[22:32:16.391] [bmv2] [T] [thread 6423] [192.0] [cxt 0] qos.p4(198) Condition "hdr.ipv4_option.isValid()" (node_3) is false
[22:32:16.391] [bmv2] [T] [thread 6423] [192.0] [cxt 0] Applying table 'MyIngress.ipv4_lpm'
[22:32:16.391] [bmv2] [D] [thread 6423] [192.0] [cxt 0] Looking up key:
* hdr.ipv4.dstAddr    : 0a000202

[22:32:16.391] [bmv2] [D] [thread 6423] [192.0] [cxt 0] Table 'MyIngress.ipv4_lpm': hit with handle 0
[22:32:16.391] [bmv2] [D] [thread 6423] [192.0] [cxt 0] Dumping entry 0
Match key:
* hdr.ipv4.dstAddr    : LPM       0a000202/32
Action entry: MyIngress.ipv4_forward - 80000000202,2,

[22:32:16.391] [bmv2] [D] [thread 6423] [192.0] [cxt 0] Action entry is MyIngress.ipv4_forward - 80000000202,2,
[22:32:16.391] [bmv2] [T] [thread 6423] [192.0] [cxt 0] Action MyIngress.ipv4_forward
[22:32:16.391] [bmv2] [T] [thread 6423] [192.0] [cxt 0] qos.p4(175) Primitive standard_metadata.egress_spec = port
[22:32:16.391] [bmv2] [T] [thread 6423] [192.0] [cxt 0] qos.p4(176) Primitive hdr.ethernet.srcAddr = hdr.ethernet.dstAddr
[22:32:16.391] [bmv2] [T] [thread 6423] [192.0] [cxt 0] qos.p4(177) Primitive hdr.ethernet.dstAddr = dstAddr
[22:32:16.391] [bmv2] [T] [thread 6423] [192.0] [cxt 0] qos.p4(178) Primitive hdr.ipv4.ttl = hdr.ipv4.ttl - 1
[22:32:16.391] [bmv2] [D] [thread 6423] [192.0] [cxt 0] Pipeline 'ingress': end
[22:32:16.391] [bmv2] [D] [thread 6423] [192.0] [cxt 0] Egress port is 2
[22:32:16.391] [bmv2] [D] [thread 6426] [192.0] [cxt 0] Pipeline 'egress': start
[22:32:16.391] [bmv2] [D] [thread 6426] [192.0] [cxt 0] Pipeline 'egress': end
[22:32:16.391] [bmv2] [D] [thread 6426] [192.0] [cxt 0] Deparser 'deparser': start
[22:32:16.391] [bmv2] [D] [thread 6426] [192.0] [cxt 0] Updating checksum 'cksum'
[22:32:16.392] [bmv2] [D] [thread 6426] [192.0] [cxt 0] Deparsing header 'ethernet'
[22:32:16.392] [bmv2] [D] [thread 6426] [192.0] [cxt 0] Deparsing header 'vlan'
[22:32:16.392] [bmv2] [D] [thread 6426] [192.0] [cxt 0] Deparsing header 'ipv4'
[22:32:16.392] [bmv2] [D] [thread 6426] [192.0] [cxt 0] Deparser 'deparser': end
[22:32:16.392] [bmv2] [D] [thread 6428] [192.0] [cxt 0] Transmitting packet of size 558 out of port 2
[22:32:16.516] [bmv2] [D] [thread 6423] [193.0] [cxt 0] Processing packet received on port 3
[22:32:16.516] [bmv2] [D] [thread 6423] [193.0] [cxt 0] Parser 'parser': start
[22:32:16.516] [bmv2] [D] [thread 6423] [193.0] [cxt 0] Parser 'parser' entering state 'start'
[22:32:16.516] [bmv2] [D] [thread 6423] [193.0] [cxt 0] Extracting header 'ethernet'
[22:32:16.516] [bmv2] [D] [thread 6423] [193.0] [cxt 0] Parser state 'start': key is 8100
[22:32:16.516] [bmv2] [T] [thread 6423] [193.0] [cxt 0] Bytes parsed: 14
[22:32:16.516] [bmv2] [D] [thread 6423] [193.0] [cxt 0] Parser 'parser' entering state 'parse_vlan'
[22:32:16.516] [bmv2] [D] [thread 6423] [193.0] [cxt 0] Extracting header 'vlan'
[22:32:16.516] [bmv2] [D] [thread 6423] [193.0] [cxt 0] Parser state 'parse_vlan': key is 0800
[22:32:16.516] [bmv2] [T] [thread 6423] [193.0] [cxt 0] Bytes parsed: 18
[22:32:16.516] [bmv2] [D] [thread 6423] [193.0] [cxt 0] Parser 'parser' entering state 'parse_ipv4'
[22:32:16.516] [bmv2] [D] [thread 6423] [193.0] [cxt 0] Extracting header 'ipv4'
[22:32:16.516] [bmv2] [D] [thread 6423] [193.0] [cxt 0] Parser set: setting field 'scalars.tmp' from expression, new value is 1
[22:32:16.516] [bmv2] [D] [thread 6423] [193.0] [cxt 0] Parser state 'parse_ipv4': key is 05
[22:32:16.516] [bmv2] [T] [thread 6423] [193.0] [cxt 0] Bytes parsed: 38
[22:32:16.516] [bmv2] [D] [thread 6423] [193.0] [cxt 0] Parser 'parser': end
[22:32:16.516] [bmv2] [D] [thread 6423] [193.0] [cxt 0] Pipeline 'ingress': start
[22:32:16.516] [bmv2] [T] [thread 6423] [193.0] [cxt 0] qos.p4(197) Condition "hdr.ipv4.isValid()" (node_2) is true
[22:32:16.516] [bmv2] [T] [thread 6423] [193.0] [cxt 0] qos.p4(198) Condition "hdr.ipv4_option.isValid()" (node_3) is false
[22:32:16.516] [bmv2] [T] [thread 6423] [193.0] [cxt 0] Applying table 'MyIngress.ipv4_lpm'
[22:32:16.516] [bmv2] [D] [thread 6423] [193.0] [cxt 0] Looking up key:
* hdr.ipv4.dstAddr    : 0a000202

[22:32:16.516] [bmv2] [D] [thread 6423] [193.0] [cxt 0] Table 'MyIngress.ipv4_lpm': hit with handle 0
[22:32:16.516] [bmv2] [D] [thread 6423] [193.0] [cxt 0] Dumping entry 0
Match key:
* hdr.ipv4.dstAddr    : LPM       0a000202/32
Action entry: MyIngress.ipv4_forward - 80000000202,2,

[22:32:16.516] [bmv2] [D] [thread 6423] [193.0] [cxt 0] Action entry is MyIngress.ipv4_forward - 80000000202,2,
[22:32:16.516] [bmv2] [T] [thread 6423] [193.0] [cxt 0] Action MyIngress.ipv4_forward
[22:32:16.516] [bmv2] [T] [thread 6423] [193.0] [cxt 0] qos.p4(175) Primitive standard_metadata.egress_spec = port
[22:32:16.516] [bmv2] [T] [thread 6423] [193.0] [cxt 0] qos.p4(176) Primitive hdr.ethernet.srcAddr = hdr.ethernet.dstAddr
[22:32:16.516] [bmv2] [T] [thread 6423] [193.0] [cxt 0] qos.p4(177) Primitive hdr.ethernet.dstAddr = dstAddr
[22:32:16.517] [bmv2] [T] [thread 6423] [193.0] [cxt 0] qos.p4(178) Primitive hdr.ipv4.ttl = hdr.ipv4.ttl - 1
[22:32:16.517] [bmv2] [D] [thread 6423] [193.0] [cxt 0] Pipeline 'ingress': end
[22:32:16.517] [bmv2] [D] [thread 6423] [193.0] [cxt 0] Egress port is 2
[22:32:16.517] [bmv2] [D] [thread 6426] [193.0] [cxt 0] Pipeline 'egress': start
[22:32:16.517] [bmv2] [D] [thread 6426] [193.0] [cxt 0] Pipeline 'egress': end
[22:32:16.517] [bmv2] [D] [thread 6426] [193.0] [cxt 0] Deparser 'deparser': start
[22:32:16.517] [bmv2] [D] [thread 6426] [193.0] [cxt 0] Updating checksum 'cksum'
[22:32:16.517] [bmv2] [D] [thread 6426] [193.0] [cxt 0] Deparsing header 'ethernet'
[22:32:16.517] [bmv2] [D] [thread 6426] [193.0] [cxt 0] Deparsing header 'vlan'
[22:32:16.517] [bmv2] [D] [thread 6426] [193.0] [cxt 0] Deparsing header 'ipv4'
[22:32:16.517] [bmv2] [D] [thread 6426] [193.0] [cxt 0] Deparser 'deparser': end
[22:32:16.517] [bmv2] [D] [thread 6428] [193.0] [cxt 0] Transmitting packet of size 558 out of port 2
[22:32:16.635] [bmv2] [D] [thread 6423] [194.0] [cxt 0] Processing packet received on port 3
[22:32:16.635] [bmv2] [D] [thread 6423] [194.0] [cxt 0] Parser 'parser': start
[22:32:16.635] [bmv2] [D] [thread 6423] [194.0] [cxt 0] Parser 'parser' entering state 'start'
[22:32:16.635] [bmv2] [D] [thread 6423] [194.0] [cxt 0] Extracting header 'ethernet'
[22:32:16.635] [bmv2] [D] [thread 6423] [194.0] [cxt 0] Parser state 'start': key is 8100
[22:32:16.635] [bmv2] [T] [thread 6423] [194.0] [cxt 0] Bytes parsed: 14
[22:32:16.635] [bmv2] [D] [thread 6423] [194.0] [cxt 0] Parser 'parser' entering state 'parse_vlan'
[22:32:16.635] [bmv2] [D] [thread 6423] [194.0] [cxt 0] Extracting header 'vlan'
[22:32:16.635] [bmv2] [D] [thread 6423] [194.0] [cxt 0] Parser state 'parse_vlan': key is 0800
[22:32:16.635] [bmv2] [T] [thread 6423] [194.0] [cxt 0] Bytes parsed: 18
[22:32:16.635] [bmv2] [D] [thread 6423] [194.0] [cxt 0] Parser 'parser' entering state 'parse_ipv4'
[22:32:16.635] [bmv2] [D] [thread 6423] [194.0] [cxt 0] Extracting header 'ipv4'
[22:32:16.635] [bmv2] [D] [thread 6423] [194.0] [cxt 0] Parser set: setting field 'scalars.tmp' from expression, new value is 1
[22:32:16.635] [bmv2] [D] [thread 6423] [194.0] [cxt 0] Parser state 'parse_ipv4': key is 05
[22:32:16.635] [bmv2] [T] [thread 6423] [194.0] [cxt 0] Bytes parsed: 38
[22:32:16.635] [bmv2] [D] [thread 6423] [194.0] [cxt 0] Parser 'parser': end
[22:32:16.635] [bmv2] [D] [thread 6423] [194.0] [cxt 0] Pipeline 'ingress': start
[22:32:16.635] [bmv2] [T] [thread 6423] [194.0] [cxt 0] qos.p4(197) Condition "hdr.ipv4.isValid()" (node_2) is true
[22:32:16.635] [bmv2] [T] [thread 6423] [194.0] [cxt 0] qos.p4(198) Condition "hdr.ipv4_option.isValid()" (node_3) is false
[22:32:16.635] [bmv2] [T] [thread 6423] [194.0] [cxt 0] Applying table 'MyIngress.ipv4_lpm'
[22:32:16.635] [bmv2] [D] [thread 6423] [194.0] [cxt 0] Looking up key:
* hdr.ipv4.dstAddr    : 0a000202

[22:32:16.635] [bmv2] [D] [thread 6423] [194.0] [cxt 0] Table 'MyIngress.ipv4_lpm': hit with handle 0
[22:32:16.636] [bmv2] [D] [thread 6423] [194.0] [cxt 0] Dumping entry 0
Match key:
* hdr.ipv4.dstAddr    : LPM       0a000202/32
Action entry: MyIngress.ipv4_forward - 80000000202,2,

[22:32:16.636] [bmv2] [D] [thread 6423] [194.0] [cxt 0] Action entry is MyIngress.ipv4_forward - 80000000202,2,
[22:32:16.636] [bmv2] [T] [thread 6423] [194.0] [cxt 0] Action MyIngress.ipv4_forward
[22:32:16.636] [bmv2] [T] [thread 6423] [194.0] [cxt 0] qos.p4(175) Primitive standard_metadata.egress_spec = port
[22:32:16.636] [bmv2] [T] [thread 6423] [194.0] [cxt 0] qos.p4(176) Primitive hdr.ethernet.srcAddr = hdr.ethernet.dstAddr
[22:32:16.636] [bmv2] [T] [thread 6423] [194.0] [cxt 0] qos.p4(177) Primitive hdr.ethernet.dstAddr = dstAddr
[22:32:16.636] [bmv2] [T] [thread 6423] [194.0] [cxt 0] qos.p4(178) Primitive hdr.ipv4.ttl = hdr.ipv4.ttl - 1
[22:32:16.636] [bmv2] [D] [thread 6423] [194.0] [cxt 0] Pipeline 'ingress': end
[22:32:16.636] [bmv2] [D] [thread 6423] [194.0] [cxt 0] Egress port is 2
[22:32:16.636] [bmv2] [D] [thread 6426] [194.0] [cxt 0] Pipeline 'egress': start
[22:32:16.636] [bmv2] [D] [thread 6426] [194.0] [cxt 0] Pipeline 'egress': end
[22:32:16.636] [bmv2] [D] [thread 6426] [194.0] [cxt 0] Deparser 'deparser': start
[22:32:16.636] [bmv2] [D] [thread 6426] [194.0] [cxt 0] Updating checksum 'cksum'
[22:32:16.636] [bmv2] [D] [thread 6426] [194.0] [cxt 0] Deparsing header 'ethernet'
[22:32:16.636] [bmv2] [D] [thread 6426] [194.0] [cxt 0] Deparsing header 'vlan'
[22:32:16.636] [bmv2] [D] [thread 6426] [194.0] [cxt 0] Deparsing header 'ipv4'
[22:32:16.636] [bmv2] [D] [thread 6426] [194.0] [cxt 0] Deparser 'deparser': end
[22:32:16.636] [bmv2] [D] [thread 6428] [194.0] [cxt 0] Transmitting packet of size 558 out of port 2
[22:32:16.759] [bmv2] [D] [thread 6423] [195.0] [cxt 0] Processing packet received on port 3
[22:32:16.759] [bmv2] [D] [thread 6423] [195.0] [cxt 0] Parser 'parser': start
[22:32:16.759] [bmv2] [D] [thread 6423] [195.0] [cxt 0] Parser 'parser' entering state 'start'
[22:32:16.759] [bmv2] [D] [thread 6423] [195.0] [cxt 0] Extracting header 'ethernet'
[22:32:16.759] [bmv2] [D] [thread 6423] [195.0] [cxt 0] Parser state 'start': key is 8100
[22:32:16.759] [bmv2] [T] [thread 6423] [195.0] [cxt 0] Bytes parsed: 14
[22:32:16.759] [bmv2] [D] [thread 6423] [195.0] [cxt 0] Parser 'parser' entering state 'parse_vlan'
[22:32:16.759] [bmv2] [D] [thread 6423] [195.0] [cxt 0] Extracting header 'vlan'
[22:32:16.759] [bmv2] [D] [thread 6423] [195.0] [cxt 0] Parser state 'parse_vlan': key is 0800
[22:32:16.759] [bmv2] [T] [thread 6423] [195.0] [cxt 0] Bytes parsed: 18
[22:32:16.759] [bmv2] [D] [thread 6423] [195.0] [cxt 0] Parser 'parser' entering state 'parse_ipv4'
[22:32:16.759] [bmv2] [D] [thread 6423] [195.0] [cxt 0] Extracting header 'ipv4'
[22:32:16.759] [bmv2] [D] [thread 6423] [195.0] [cxt 0] Parser set: setting field 'scalars.tmp' from expression, new value is 1
[22:32:16.759] [bmv2] [D] [thread 6423] [195.0] [cxt 0] Parser state 'parse_ipv4': key is 05
[22:32:16.759] [bmv2] [T] [thread 6423] [195.0] [cxt 0] Bytes parsed: 38
[22:32:16.759] [bmv2] [D] [thread 6423] [195.0] [cxt 0] Parser 'parser': end
[22:32:16.759] [bmv2] [D] [thread 6423] [195.0] [cxt 0] Pipeline 'ingress': start
[22:32:16.759] [bmv2] [T] [thread 6423] [195.0] [cxt 0] qos.p4(197) Condition "hdr.ipv4.isValid()" (node_2) is true
[22:32:16.759] [bmv2] [T] [thread 6423] [195.0] [cxt 0] qos.p4(198) Condition "hdr.ipv4_option.isValid()" (node_3) is false
[22:32:16.759] [bmv2] [T] [thread 6423] [195.0] [cxt 0] Applying table 'MyIngress.ipv4_lpm'
[22:32:16.759] [bmv2] [D] [thread 6423] [195.0] [cxt 0] Looking up key:
* hdr.ipv4.dstAddr    : 0a000202

[22:32:16.759] [bmv2] [D] [thread 6423] [195.0] [cxt 0] Table 'MyIngress.ipv4_lpm': hit with handle 0
[22:32:16.759] [bmv2] [D] [thread 6423] [195.0] [cxt 0] Dumping entry 0
Match key:
* hdr.ipv4.dstAddr    : LPM       0a000202/32
Action entry: MyIngress.ipv4_forward - 80000000202,2,

[22:32:16.759] [bmv2] [D] [thread 6423] [195.0] [cxt 0] Action entry is MyIngress.ipv4_forward - 80000000202,2,
[22:32:16.760] [bmv2] [T] [thread 6423] [195.0] [cxt 0] Action MyIngress.ipv4_forward
[22:32:16.760] [bmv2] [T] [thread 6423] [195.0] [cxt 0] qos.p4(175) Primitive standard_metadata.egress_spec = port
[22:32:16.760] [bmv2] [T] [thread 6423] [195.0] [cxt 0] qos.p4(176) Primitive hdr.ethernet.srcAddr = hdr.ethernet.dstAddr
[22:32:16.760] [bmv2] [T] [thread 6423] [195.0] [cxt 0] qos.p4(177) Primitive hdr.ethernet.dstAddr = dstAddr
[22:32:16.760] [bmv2] [T] [thread 6423] [195.0] [cxt 0] qos.p4(178) Primitive hdr.ipv4.ttl = hdr.ipv4.ttl - 1
[22:32:16.760] [bmv2] [D] [thread 6423] [195.0] [cxt 0] Pipeline 'ingress': end
[22:32:16.760] [bmv2] [D] [thread 6423] [195.0] [cxt 0] Egress port is 2
[22:32:16.760] [bmv2] [D] [thread 6426] [195.0] [cxt 0] Pipeline 'egress': start
[22:32:16.760] [bmv2] [D] [thread 6426] [195.0] [cxt 0] Pipeline 'egress': end
[22:32:16.760] [bmv2] [D] [thread 6426] [195.0] [cxt 0] Deparser 'deparser': start
[22:32:16.760] [bmv2] [D] [thread 6426] [195.0] [cxt 0] Updating checksum 'cksum'
[22:32:16.760] [bmv2] [D] [thread 6426] [195.0] [cxt 0] Deparsing header 'ethernet'
[22:32:16.760] [bmv2] [D] [thread 6426] [195.0] [cxt 0] Deparsing header 'vlan'
[22:32:16.760] [bmv2] [D] [thread 6426] [195.0] [cxt 0] Deparsing header 'ipv4'
[22:32:16.760] [bmv2] [D] [thread 6426] [195.0] [cxt 0] Deparser 'deparser': end
[22:32:16.760] [bmv2] [D] [thread 6428] [195.0] [cxt 0] Transmitting packet of size 558 out of port 2
[22:32:16.890] [bmv2] [D] [thread 6423] [196.0] [cxt 0] Processing packet received on port 3
[22:32:16.890] [bmv2] [D] [thread 6423] [196.0] [cxt 0] Parser 'parser': start
[22:32:16.890] [bmv2] [D] [thread 6423] [196.0] [cxt 0] Parser 'parser' entering state 'start'
[22:32:16.890] [bmv2] [D] [thread 6423] [196.0] [cxt 0] Extracting header 'ethernet'
[22:32:16.890] [bmv2] [D] [thread 6423] [196.0] [cxt 0] Parser state 'start': key is 8100
[22:32:16.890] [bmv2] [T] [thread 6423] [196.0] [cxt 0] Bytes parsed: 14
[22:32:16.890] [bmv2] [D] [thread 6423] [196.0] [cxt 0] Parser 'parser' entering state 'parse_vlan'
[22:32:16.890] [bmv2] [D] [thread 6423] [196.0] [cxt 0] Extracting header 'vlan'
[22:32:16.890] [bmv2] [D] [thread 6423] [196.0] [cxt 0] Parser state 'parse_vlan': key is 0800
[22:32:16.890] [bmv2] [T] [thread 6423] [196.0] [cxt 0] Bytes parsed: 18
[22:32:16.890] [bmv2] [D] [thread 6423] [196.0] [cxt 0] Parser 'parser' entering state 'parse_ipv4'
[22:32:16.890] [bmv2] [D] [thread 6423] [196.0] [cxt 0] Extracting header 'ipv4'
[22:32:16.890] [bmv2] [D] [thread 6423] [196.0] [cxt 0] Parser set: setting field 'scalars.tmp' from expression, new value is 1
[22:32:16.890] [bmv2] [D] [thread 6423] [196.0] [cxt 0] Parser state 'parse_ipv4': key is 05
[22:32:16.890] [bmv2] [T] [thread 6423] [196.0] [cxt 0] Bytes parsed: 38
[22:32:16.890] [bmv2] [D] [thread 6423] [196.0] [cxt 0] Parser 'parser': end
[22:32:16.891] [bmv2] [D] [thread 6423] [196.0] [cxt 0] Pipeline 'ingress': start
[22:32:16.891] [bmv2] [T] [thread 6423] [196.0] [cxt 0] qos.p4(197) Condition "hdr.ipv4.isValid()" (node_2) is true
[22:32:16.891] [bmv2] [T] [thread 6423] [196.0] [cxt 0] qos.p4(198) Condition "hdr.ipv4_option.isValid()" (node_3) is false
[22:32:16.891] [bmv2] [T] [thread 6423] [196.0] [cxt 0] Applying table 'MyIngress.ipv4_lpm'
[22:32:16.891] [bmv2] [D] [thread 6423] [196.0] [cxt 0] Looking up key:
* hdr.ipv4.dstAddr    : 0a000202

[22:32:16.891] [bmv2] [D] [thread 6423] [196.0] [cxt 0] Table 'MyIngress.ipv4_lpm': hit with handle 0
[22:32:16.891] [bmv2] [D] [thread 6423] [196.0] [cxt 0] Dumping entry 0
Match key:
* hdr.ipv4.dstAddr    : LPM       0a000202/32
Action entry: MyIngress.ipv4_forward - 80000000202,2,

[22:32:16.891] [bmv2] [D] [thread 6423] [196.0] [cxt 0] Action entry is MyIngress.ipv4_forward - 80000000202,2,
[22:32:16.891] [bmv2] [T] [thread 6423] [196.0] [cxt 0] Action MyIngress.ipv4_forward
[22:32:16.891] [bmv2] [T] [thread 6423] [196.0] [cxt 0] qos.p4(175) Primitive standard_metadata.egress_spec = port
[22:32:16.891] [bmv2] [T] [thread 6423] [196.0] [cxt 0] qos.p4(176) Primitive hdr.ethernet.srcAddr = hdr.ethernet.dstAddr
[22:32:16.891] [bmv2] [T] [thread 6423] [196.0] [cxt 0] qos.p4(177) Primitive hdr.ethernet.dstAddr = dstAddr
[22:32:16.891] [bmv2] [T] [thread 6423] [196.0] [cxt 0] qos.p4(178) Primitive hdr.ipv4.ttl = hdr.ipv4.ttl - 1
[22:32:16.891] [bmv2] [D] [thread 6423] [196.0] [cxt 0] Pipeline 'ingress': end
[22:32:16.891] [bmv2] [D] [thread 6423] [196.0] [cxt 0] Egress port is 2
[22:32:16.891] [bmv2] [D] [thread 6426] [196.0] [cxt 0] Pipeline 'egress': start
[22:32:16.891] [bmv2] [D] [thread 6426] [196.0] [cxt 0] Pipeline 'egress': end
[22:32:16.891] [bmv2] [D] [thread 6426] [196.0] [cxt 0] Deparser 'deparser': start
[22:32:16.891] [bmv2] [D] [thread 6426] [196.0] [cxt 0] Updating checksum 'cksum'
[22:32:16.891] [bmv2] [D] [thread 6426] [196.0] [cxt 0] Deparsing header 'ethernet'
[22:32:16.891] [bmv2] [D] [thread 6426] [196.0] [cxt 0] Deparsing header 'vlan'
[22:32:16.891] [bmv2] [D] [thread 6426] [196.0] [cxt 0] Deparsing header 'ipv4'
[22:32:16.891] [bmv2] [D] [thread 6426] [196.0] [cxt 0] Deparser 'deparser': end
[22:32:16.891] [bmv2] [D] [thread 6428] [196.0] [cxt 0] Transmitting packet of size 558 out of port 2
[22:32:17.019] [bmv2] [D] [thread 6423] [197.0] [cxt 0] Processing packet received on port 3
[22:32:17.019] [bmv2] [D] [thread 6423] [197.0] [cxt 0] Parser 'parser': start
[22:32:17.019] [bmv2] [D] [thread 6423] [197.0] [cxt 0] Parser 'parser' entering state 'start'
[22:32:17.020] [bmv2] [D] [thread 6423] [197.0] [cxt 0] Extracting header 'ethernet'
[22:32:17.020] [bmv2] [D] [thread 6423] [197.0] [cxt 0] Parser state 'start': key is 8100
[22:32:17.020] [bmv2] [T] [thread 6423] [197.0] [cxt 0] Bytes parsed: 14
[22:32:17.020] [bmv2] [D] [thread 6423] [197.0] [cxt 0] Parser 'parser' entering state 'parse_vlan'
[22:32:17.020] [bmv2] [D] [thread 6423] [197.0] [cxt 0] Extracting header 'vlan'
[22:32:17.020] [bmv2] [D] [thread 6423] [197.0] [cxt 0] Parser state 'parse_vlan': key is 0800
[22:32:17.020] [bmv2] [T] [thread 6423] [197.0] [cxt 0] Bytes parsed: 18
[22:32:17.020] [bmv2] [D] [thread 6423] [197.0] [cxt 0] Parser 'parser' entering state 'parse_ipv4'
[22:32:17.020] [bmv2] [D] [thread 6423] [197.0] [cxt 0] Extracting header 'ipv4'
[22:32:17.020] [bmv2] [D] [thread 6423] [197.0] [cxt 0] Parser set: setting field 'scalars.tmp' from expression, new value is 1
[22:32:17.020] [bmv2] [D] [thread 6423] [197.0] [cxt 0] Parser state 'parse_ipv4': key is 05
[22:32:17.020] [bmv2] [T] [thread 6423] [197.0] [cxt 0] Bytes parsed: 38
[22:32:17.020] [bmv2] [D] [thread 6423] [197.0] [cxt 0] Parser 'parser': end
[22:32:17.020] [bmv2] [D] [thread 6423] [197.0] [cxt 0] Pipeline 'ingress': start
[22:32:17.020] [bmv2] [T] [thread 6423] [197.0] [cxt 0] qos.p4(197) Condition "hdr.ipv4.isValid()" (node_2) is true
[22:32:17.020] [bmv2] [T] [thread 6423] [197.0] [cxt 0] qos.p4(198) Condition "hdr.ipv4_option.isValid()" (node_3) is false
[22:32:17.020] [bmv2] [T] [thread 6423] [197.0] [cxt 0] Applying table 'MyIngress.ipv4_lpm'
[22:32:17.020] [bmv2] [D] [thread 6423] [197.0] [cxt 0] Looking up key:
* hdr.ipv4.dstAddr    : 0a000202

[22:32:17.020] [bmv2] [D] [thread 6423] [197.0] [cxt 0] Table 'MyIngress.ipv4_lpm': hit with handle 0
[22:32:17.020] [bmv2] [D] [thread 6423] [197.0] [cxt 0] Dumping entry 0
Match key:
* hdr.ipv4.dstAddr    : LPM       0a000202/32
Action entry: MyIngress.ipv4_forward - 80000000202,2,

[22:32:17.020] [bmv2] [D] [thread 6423] [197.0] [cxt 0] Action entry is MyIngress.ipv4_forward - 80000000202,2,
[22:32:17.020] [bmv2] [T] [thread 6423] [197.0] [cxt 0] Action MyIngress.ipv4_forward
[22:32:17.020] [bmv2] [T] [thread 6423] [197.0] [cxt 0] qos.p4(175) Primitive standard_metadata.egress_spec = port
[22:32:17.020] [bmv2] [T] [thread 6423] [197.0] [cxt 0] qos.p4(176) Primitive hdr.ethernet.srcAddr = hdr.ethernet.dstAddr
[22:32:17.020] [bmv2] [T] [thread 6423] [197.0] [cxt 0] qos.p4(177) Primitive hdr.ethernet.dstAddr = dstAddr
[22:32:17.020] [bmv2] [T] [thread 6423] [197.0] [cxt 0] qos.p4(178) Primitive hdr.ipv4.ttl = hdr.ipv4.ttl - 1
[22:32:17.021] [bmv2] [D] [thread 6423] [197.0] [cxt 0] Pipeline 'ingress': end
[22:32:17.021] [bmv2] [D] [thread 6423] [197.0] [cxt 0] Egress port is 2
[22:32:17.021] [bmv2] [D] [thread 6426] [197.0] [cxt 0] Pipeline 'egress': start
[22:32:17.021] [bmv2] [D] [thread 6426] [197.0] [cxt 0] Pipeline 'egress': end
[22:32:17.021] [bmv2] [D] [thread 6426] [197.0] [cxt 0] Deparser 'deparser': start
[22:32:17.021] [bmv2] [D] [thread 6426] [197.0] [cxt 0] Updating checksum 'cksum'
[22:32:17.021] [bmv2] [D] [thread 6426] [197.0] [cxt 0] Deparsing header 'ethernet'
[22:32:17.021] [bmv2] [D] [thread 6426] [197.0] [cxt 0] Deparsing header 'vlan'
[22:32:17.021] [bmv2] [D] [thread 6426] [197.0] [cxt 0] Deparsing header 'ipv4'
[22:32:17.021] [bmv2] [D] [thread 6426] [197.0] [cxt 0] Deparser 'deparser': end
[22:32:17.021] [bmv2] [D] [thread 6428] [197.0] [cxt 0] Transmitting packet of size 558 out of port 2
open: No such file or directory
open: No such file or directory
open: No such file or directory
open: No such file or directory
open: No such file or directory
